/* DATA DESCRIPTION:
Citation:	Rex, Markus (2021): Master tracks in different resolutions of POLARSTERN cruise PS122/5, Arctic Ocean - Bremerhaven, 2020-08-12 - 2020-10-12 [dataset]. Alfred Wegener Institute, Helmholtz Centre for Polar and Marine Research, Bremerhaven, PANGAEA, https://doi.org/10.1594/PANGAEA.926910
Abstract:	Raw data acquired by position sensors on board RV Polarstern during expedition PS122_5 was processed to receive a validated master track which can be used as reference of further expedition data. During PS122_5 two Trimble Marine SPS461 GPS receivers and the iXBlue HYDRINS hydrographic survey inertial navigation system were used as navigation sensors. Data were downloaded from DAVIS SHIP data base (https://dship.o2a-data.de) with a resolution of 1 sec. Processing and evaluation of the data is outlined in the data processing report found at EPIC repository hdl:10013/epic.c87f9f33-baed-46f7-9fac-5f31409719bc. Processed data are provided as a master track with 1 sec resolution derived from the position sensors' data selected by priority and a generalized track with a reduced set of the most significant positions of the master track.
Other version:	Rex, Markus (2021): Master track of POLARSTERN cruise PS122/5 in 1 sec resolution (zipped, 34 MB) [dataset]. Alfred Wegener Institute, Helmholtz Centre for Polar and Marine Research, Bremerhaven, PANGAEA, https://doi.org/10.1594/PANGAEA.926911
Further details:	Event list of POLARSTERN cruise PS122/5 (URI: https://www.pangaea.de/expeditions/events/PS122%2F5)
	Generalized master track of POLARSTERN cruise PS122/5 (URI: https://hs.pangaea.de/nav/mastertrack/ps/PS122_5_mastertrack_generalized.zip)
	Trackline map and processing report for navigation sensors from POLARSTERN cruise PS122/5 (URI: hdl:10013/epic.c87f9f33-baed-46f7-9fac-5f31409719bc)
Project(s):	Multidisciplinary drifting Observatory for the Study of Arctic Climate (MOSAiC) (URI: https://mosaic-expedition.org/)
Funding:	Alfred Wegener Institute, Helmholtz Centre for Polar and Marine Research, Bremerhaven (AWI) (URI: https://www.awi.de/), grant/award no. AFMOSAiC-1_00: Multidisciplinary drifting Observatory for the Study of Arctic Climate
	Alfred Wegener Institute, Helmholtz Centre for Polar and Marine Research, Bremerhaven (AWI) (URI: https://www.awi.de/), grant/award no. AWI_PS122_00: Multidisciplinary drifting Observatory for the Study of Arctic Climate / MOSAiC
Coverage:	MEDIAN LATITUDE: 84.192018 * MEDIAN LONGITUDE: 65.434340 * SOUTH-BOUND LATITUDE: 53.558496 * WEST-BOUND LONGITUDE: -176.208611 * NORTH-BOUND LATITUDE: 89.999797 * EAST-BOUND LONGITUDE: 147.669059
	DATE/TIME START: 2020-08-12T10:20:00 * DATE/TIME END: 2020-10-12T05:59:59
Event(s):	PS122/5-track * LATITUDE START: 80.062920 * LONGITUDE START: -6.126260 * LATITUDE END: 53.558500 * LONGITUDE END: 8.550040 * DATE/TIME START: 2020-08-12T10:00:00 * DATE/TIME END: 2020-10-12T06:00:00 * LOCATION: Arctic Ocean * CAMPAIGN: PS122/5 (MOSAiC20192020) * BASIS: Polarstern (URI: https://doi.org/10.17815/jlsrf-3-163) * METHOD/DEVICE: Underway cruise track measurements (CT) * COMMENT: Arctic Ocean - Bremerhaven
Comment:	This dataset contains the master track in 10 min resolution, for other resolutions please see "Further details" and Other version" references.
Parameter(s):	DATE/TIME (Date/Time) * GEOCODE
	LATITUDE (Latitude) * GEOCODE
	LONGITUDE (Longitude) * GEOCODE
	Speed [kn] (Speed) * METHOD/DEVICE: Calculated * COMMENT: 10-min average
	Course [deg] (Course) * METHOD/DEVICE: Calculated * COMMENT: 10-min average
License:	Creative Commons Attribution 4.0 International (CC-BY-4.0) (URI: https://creativecommons.org/licenses/by/4.0/)
Size:	17514 data points
*/
Date/Time	Latitude	Longitude	Speed [kn]	Course [deg]
2020-08-12T10:20	80.06511	-6.13451	0.465	327.5
2020-08-12T10:30	80.06639	-6.13772	0.501	336.5
2020-08-12T10:40	80.06798	-6.14122	0.612	339.2
2020-08-12T10:50	80.06960	-6.14414	0.612	342.7
2020-08-12T11:00	80.07119	-6.14593	0.584	349.0
2020-08-12T11:10	80.07238	-6.14713	0.435	350.2
2020-08-12T11:20	80.07344	-6.15037	0.431	332.2
2020-08-12T11:30	80.07455	-6.15391	0.457	331.3
2020-08-12T11:40	80.07580	-6.15705	0.489	336.5
2020-08-12T11:50	80.07732	-6.16005	0.578	341.2
2020-08-12T12:00	80.07895	-6.16269	0.609	344.4
2020-08-12T12:10	80.08031	-6.16559	0.523	339.9
2020-08-12T12:20	80.08168	-6.16799	0.515	343.2
2020-08-12T12:30	80.08317	-6.16973	0.547	348.6
2020-08-12T12:40	80.08483	-6.17111	0.604	351.9
2020-08-12T12:50	80.08628	-6.17129	0.521	358.8
2020-08-12T13:00	80.08755	-6.17209	0.463	353.8
2020-08-12T13:10	80.08858	-6.17335	0.377	348.1
2020-08-12T13:20	80.08964	-6.17516	0.400	343.7
2020-08-12T13:30	80.09081	-6.17677	0.432	346.6
2020-08-12T13:40	80.09198	-6.17778	0.427	351.6
2020-08-12T13:50	80.09315	-6.17857	0.423	353.3
2020-08-12T14:00	80.09435	-6.17969	0.438	350.9
2020-08-12T14:10	80.09547	-6.18148	0.420	344.6
2020-08-12T14:20	80.09663	-6.18459	0.458	335.2
2020-08-12T14:30	80.09773	-6.18830	0.457	329.8
2020-08-12T14:40	80.09912	-6.19203	0.552	335.2
2020-08-12T14:50	80.10061	-6.19485	0.566	342.1
2020-08-12T15:00	80.10200	-6.19748	0.525	341.9
2020-08-12T15:10	80.10339	-6.20036	0.531	340.4
2020-08-12T15:20	80.10478	-6.20307	0.528	341.4
2020-08-12T15:30	80.10628	-6.20559	0.564	344.0
2020-08-12T15:40	80.10775	-6.20820	0.552	342.9
2020-08-12T15:50	80.10916	-6.21117	0.539	340.1
2020-08-12T16:00	80.11066	-6.21465	0.584	338.3
2020-08-12T16:10	80.11233	-6.21755	0.628	343.4
2020-08-12T16:20	80.11414	-6.21946	0.662	349.7
2020-08-12T16:30	80.11590	-6.22080	0.636	352.6
2020-08-12T16:40	80.11758	-6.22278	0.619	348.6
2020-08-12T16:50	80.11920	-6.22514	0.601	346.0
2020-08-12T17:00	80.12083	-6.22717	0.599	347.9
2020-08-12T17:10	80.12253	-6.22876	0.621	350.8
2020-08-12T17:20	80.12419	-6.22963	0.600	354.9
2020-08-12T17:30	80.12591	-6.23014	0.621	357.1
2020-08-12T17:40	80.12771	-6.23090	0.649	355.8
2020-08-12T17:50	80.12969	-6.23175	0.715	355.8
2020-08-12T18:00	80.13170	-6.23225	0.724	357.6
2020-08-12T18:10	80.13388	-6.23218	0.784	0.3
2020-08-12T18:20	80.13610	-6.23133	0.802	3.7
2020-08-12T18:30	80.13831	-6.23087	0.797	2.0
2020-08-12T18:40	80.14069	-6.23068	0.855	0.8
2020-08-12T18:50	80.14312	-6.23058	0.876	0.4
2020-08-12T19:00	80.14558	-6.22959	0.889	3.9
2020-08-12T19:10	80.14788	-6.22907	0.829	2.2
2020-08-12T19:20	80.15006	-6.22909	0.783	359.9
2020-08-12T19:30	80.15230	-6.22899	0.808	0.4
2020-08-12T19:40	80.15468	-6.22800	0.858	4.1
2020-08-12T19:50	80.15698	-6.22710	0.829	3.8
2020-08-12T20:00	80.15919	-6.22681	0.797	1.3
2020-08-12T20:10	80.16108	-6.22711	0.681	358.4
2020-08-12T20:20	80.16279	-6.22766	0.615	356.8
2020-08-12T20:30	80.16431	-6.22753	0.549	0.8
2020-08-12T20:40	80.16574	-6.22684	0.516	4.7
2020-08-12T20:50	80.16718	-6.22606	0.520	5.3
2020-08-12T21:00	80.16864	-6.22547	0.527	4.0
2020-08-12T21:10	80.17011	-6.22425	0.535	8.0
2020-08-12T21:20	80.17153	-6.22257	0.521	11.4
2020-08-12T21:30	80.17290	-6.22053	0.510	14.2
2020-08-12T21:40	80.17408	-6.21893	0.435	13.1
2020-08-12T21:50	80.17521	-6.21781	0.412	9.6
2020-08-12T22:00	80.17653	-6.21637	0.485	10.6
2020-08-12T22:10	80.17812	-6.21483	0.580	9.4
2020-08-12T22:20	80.17978	-6.21152	0.631	18.8
2020-08-12T22:30	80.18150	-6.20615	0.701	28.0
2020-08-12T22:40	80.18294	-6.20149	0.591	28.9
2020-08-12T22:50	80.18451	-6.19605	0.657	30.6
2020-08-12T23:00	80.18604	-6.19001	0.664	33.9
2020-08-12T23:10	80.18758	-6.18494	0.636	29.3
2020-08-12T23:20	80.18942	-6.18226	0.682	14.0
2020-08-12T23:30	80.19067	-6.17862	0.505	26.3
2020-08-12T23:40	80.19215	-6.17297	0.634	33.1
2020-08-12T23:50	80.19376	-6.16907	0.628	22.4
2020-08-13T00:00	80.19465	-6.16608	0.371	29.6
2020-08-13T00:10	80.19565	-6.16382	0.384	21.1
2020-08-13T00:20	80.19684	-6.16328	0.429	4.4
2020-08-13T00:30	80.19759	-6.16049	0.321	32.3
2020-08-13T00:40	80.19839	-6.15761	0.338	31.6
2020-08-13T00:50	80.19921	-6.15408	0.367	36.1
2020-08-13T01:00	80.20003	-6.15083	0.357	33.9
2020-08-13T01:10	80.20085	-6.14786	0.347	31.7
2020-08-13T01:20	80.20171	-6.14518	0.349	28.1
2020-08-13T01:30	80.20261	-6.14288	0.353	23.5
2020-08-13T01:40	80.20357	-6.14086	0.367	19.8
2020-08-13T01:50	80.20455	-6.13914	0.368	16.6
2020-08-13T02:00	80.20561	-6.13747	0.395	15.0
2020-08-13T02:10	80.20673	-6.13590	0.414	13.4
2020-08-13T02:20	80.20792	-6.13437	0.442	12.2
2020-08-13T02:30	80.20914	-6.13287	0.448	11.9
2020-08-13T02:40	80.21044	-6.13152	0.474	10.0
2020-08-13T02:50	80.21182	-6.13025	0.503	8.9
2020-08-13T03:00	80.21329	-6.12910	0.533	7.6
2020-08-13T03:10	80.21491	-6.12794	0.589	6.9
2020-08-13T03:20	80.21660	-6.12659	0.613	7.7
2020-08-13T03:30	80.21839	-6.12512	0.650	8.0
2020-08-13T03:40	80.22026	-6.12335	0.684	9.1
2020-08-13T03:50	80.22221	-6.12118	0.716	10.7
2020-08-13T04:00	80.22423	-6.11862	0.741	12.2
2020-08-13T04:10	80.22632	-6.11559	0.776	13.8
2020-08-13T04:20	80.22851	-6.11206	0.817	15.3
2020-08-13T04:30	80.23081	-6.10809	0.864	16.3
2020-08-13T04:40	80.23322	-6.10358	0.909	17.7
2020-08-13T04:50	80.23571	-6.09869	0.948	18.4
2020-08-13T05:00	80.23819	-6.09296	0.957	21.4
2020-08-13T05:10	80.24066	-6.08618	0.983	24.9
2020-08-13T05:20	80.24319	-6.07888	1.012	26.1
2020-08-13T05:30	80.24578	-6.07087	1.054	27.6
2020-08-13T05:40	80.24846	-6.06224	1.099	28.6
2020-08-13T05:50	80.25122	-6.05308	1.140	29.3
2020-08-13T06:00	80.25398	-6.04295	1.171	31.8
2020-08-13T06:10	80.25677	-6.03189	1.210	33.9
2020-08-13T06:20	80.25962	-6.02004	1.253	35.2
2020-08-13T06:30	80.26244	-6.00744	1.273	37.1
2020-08-13T06:40	80.26518	-5.99437	1.268	38.9
2020-08-13T06:50	80.26785	-5.98112	1.256	39.9
2020-08-13T07:00	80.27052	-5.96713	1.282	41.6
2020-08-13T07:10	80.27313	-5.95235	1.302	43.7
2020-08-13T07:20	80.27549	-5.93769	1.232	46.4
2020-08-13T07:30	80.28608	-5.94182	3.819	356.2
2020-08-13T07:40	80.29635	-5.90985	4.179	27.7
2020-08-13T07:50	80.31478	-5.87992	6.877	15.3
2020-08-13T08:00	80.33164	-5.87393	6.082	3.4
2020-08-13T08:10	80.34912	-5.87315	6.295	0.4
2020-08-13T08:20	80.36584	-5.88062	6.037	355.7
2020-08-13T08:30	80.38364	-5.87392	6.421	3.6
2020-08-13T08:40	80.39875	-5.91521	5.979	335.5
2020-08-13T08:50	80.41558	-5.95614	6.538	338.0
2020-08-13T09:00	80.42034	-5.95097	1.742	10.2
2020-08-13T09:10	80.43764	-5.93980	6.264	6.1
2020-08-13T09:20	80.45600	-5.96364	6.762	347.9
2020-08-13T09:30	80.47063	-6.01849	6.200	328.2
2020-08-13T09:40	80.48655	-6.02466	5.747	356.3
2020-08-13T09:50	80.50382	-6.01644	6.235	4.5
2020-08-13T10:00	80.51960	-6.06508	6.373	333.1
2020-08-13T10:10	80.53564	-6.11595	6.516	332.5
2020-08-13T10:20	80.54935	-6.18288	6.326	321.3
2020-08-13T10:30	80.55645	-6.28758	6.696	292.5
2020-08-13T10:40	80.56622	-6.37911	6.448	303.1
2020-08-13T10:50	80.58343	-6.40295	6.353	347.2
2020-08-13T11:00	80.60269	-6.41334	6.962	355.0
2020-08-13T11:10	80.62133	-6.40207	6.745	5.6
2020-08-13T11:20	80.63964	-6.42937	6.784	346.4
2020-08-13T11:30	80.65397	-6.50080	6.639	321.0
2020-08-13T11:40	80.66197	-6.60052	6.501	296.4
2020-08-13T11:50	80.67768	-6.62255	5.801	347.2
2020-08-13T12:00	80.68746	-6.65826	4.089	329.4
2020-08-13T12:10	80.69610	-6.67077	3.194	346.8
2020-08-13T12:20	80.70853	-6.73740	5.921	319.1
2020-08-13T12:30	80.71523	-6.83082	5.940	294.0
2020-08-13T12:40	80.72073	-6.94210	6.759	287.1
2020-08-13T12:50	80.72936	-7.01748	5.367	305.4
2020-08-13T13:00	80.73822	-7.03074	3.282	346.5
2020-08-13T13:10	80.74700	-7.05188	3.389	338.8
2020-08-13T13:20	80.76382	-7.07611	6.217	347.0
2020-08-13T13:30	80.78192	-7.11125	6.824	342.7
2020-08-13T13:40	80.80103	-7.12031	6.902	355.7
2020-08-13T13:50	80.81958	-7.14910	6.880	346.1
2020-08-13T14:00	80.83746	-7.15420	6.444	357.4
2020-08-13T14:10	80.85534	-7.14879	6.447	2.8
2020-08-13T14:20	80.87435	-7.13683	6.877	5.7
2020-08-13T14:30	80.89443	-7.13344	7.232	1.5
2020-08-13T14:40	80.91291	-7.14386	6.681	354.9
2020-08-13T14:50	80.93192	-7.10879	7.127	16.2
2020-08-13T15:00	80.94916	-7.12285	6.261	352.7
2020-08-13T15:10	80.96173	-7.13342	4.563	352.5
2020-08-13T15:20	80.97915	-7.12081	6.313	6.5
2020-08-13T15:30	80.99373	-7.13869	5.344	349.1
2020-08-13T15:40	81.00539	-7.06942	5.732	42.9
2020-08-13T15:50	81.01764	-7.07288	4.417	357.5
2020-08-13T16:00	81.02894	-7.02425	4.898	33.9
2020-08-13T16:10	81.03449	-6.99125	2.727	42.8
2020-08-13T16:20	81.03977	-6.95100	2.950	49.9
2020-08-13T16:30	81.04975	-6.93921	3.656	10.4
2020-08-13T16:40	81.06088	-6.95420	4.091	348.2
2020-08-13T16:50	81.07303	-6.99039	4.819	335.2
2020-08-13T17:00	81.08708	-7.02993	5.519	336.4
2020-08-13T17:10	81.09010	-7.03231	1.097	353.1
2020-08-13T17:20	81.09956	-7.00909	3.644	20.8
2020-08-13T17:30	81.11111	-6.95826	5.030	34.2
2020-08-13T17:40	81.12096	-6.89167	5.127	46.2
2020-08-13T17:50	81.13473	-6.84814	5.516	26.0
2020-08-13T18:00	81.13427	-6.83396	0.804	101.8
2020-08-13T18:10	81.13529	-6.82193	0.761	61.3
2020-08-13T18:20	81.14051	-6.71152	6.406	72.9
2020-08-13T18:30	81.15605	-6.63667	6.965	36.5
2020-08-13T18:40	81.17300	-6.57722	6.931	28.3
2020-08-13T18:50	81.19016	-6.53827	6.543	19.2
2020-08-13T19:00	81.20865	-6.49550	7.062	19.5
2020-08-13T19:10	81.22725	-6.47636	6.777	8.9
2020-08-13T19:20	81.24607	-6.46395	6.812	5.7
2020-08-13T19:30	81.26266	-6.48348	6.069	349.9
2020-08-13T19:40	81.28067	-6.47248	6.511	5.3
2020-08-13T19:50	81.29754	-6.44170	6.300	15.4
2020-08-13T20:00	81.31651	-6.41348	7.003	12.7
2020-08-13T20:10	81.33433	-6.37724	6.711	17.0
2020-08-13T20:20	81.35187	-6.32441	6.933	24.4
2020-08-13T20:30	81.36824	-6.27078	6.568	26.2
2020-08-13T20:40	81.38603	-6.23396	6.707	17.2
2020-08-13T20:50	81.40410	-6.18552	7.012	21.8
2020-08-13T21:00	81.42277	-6.14378	7.087	18.4
2020-08-13T21:10	81.44216	-6.12646	7.041	7.6
2020-08-13T21:20	81.46048	-6.11528	6.625	5.2
2020-08-13T21:30	81.47934	-6.08626	6.963	12.8
2020-08-13T21:40	81.49821	-6.07658	6.816	4.3
2020-08-13T21:50	81.51698	-6.05965	6.816	7.6
2020-08-13T22:00	81.53609	-6.05592	6.884	1.6
2020-08-13T22:10	81.55432	-6.06677	6.588	355.0
2020-08-13T22:20	81.57335	-6.08758	6.940	350.9
2020-08-13T22:30	81.59205	-6.10877	6.826	350.6
2020-08-13T22:40	81.61056	-6.13432	6.799	348.6
2020-08-13T22:50	81.62952	-6.15098	6.880	352.7
2020-08-13T23:00	81.64786	-6.16534	6.647	353.5
2020-08-13T23:10	81.66654	-6.17864	6.763	354.1
2020-08-13T23:20	81.68822	-6.18967	7.825	355.8
2020-08-13T23:30	81.71121	-6.20097	8.301	355.9
2020-08-13T23:40	81.73398	-6.22106	8.264	352.8
2020-08-13T23:50	81.75417	-6.22965	7.284	356.5
2020-08-14T00:00	81.77588	-6.23357	7.816	358.5
2020-08-14T00:10	81.79771	-6.24586	7.886	355.4
2020-08-14T00:20	81.81977	-6.26453	8.002	353.1
2020-08-14T00:30	81.84233	-6.26870	8.124	358.5
2020-08-14T00:40	81.86478	-6.26640	8.085	0.8
2020-08-14T00:50	81.88705	-6.25795	8.029	3.1
2020-08-14T01:00	81.90582	-6.25805	6.757	360.0
2020-08-14T01:10	81.92626	-6.26186	7.365	358.5
2020-08-14T01:20	81.94902	-6.27822	8.235	354.3
2020-08-14T01:30	81.97236	-6.29788	8.463	353.3
2020-08-14T01:40	81.99545	-6.33184	8.486	348.4
2020-08-14T01:50	82.01449	-6.36463	7.049	346.5
2020-08-14T02:00	82.03341	-6.40430	7.093	343.8
2020-08-14T02:10	82.05290	-6.45011	7.379	342.0
2020-08-14T02:20	82.07574	-6.47603	8.326	351.1
2020-08-14T02:30	82.09959	-6.47330	8.589	0.9
2020-08-14T02:40	82.12382	-6.48693	8.748	355.6
2020-08-14T02:50	82.14781	-6.50590	8.690	353.8
2020-08-14T03:00	82.17149	-6.54081	8.696	348.6
2020-08-14T03:10	82.19548	-6.57448	8.793	349.2
2020-08-14T03:20	82.21979	-6.59889	8.833	352.3
2020-08-14T03:30	82.24442	-6.60680	8.876	357.5
2020-08-14T03:40	82.26877	-6.60920	8.769	359.2
2020-08-14T03:50	82.29290	-6.60327	8.693	1.9
2020-08-14T04:00	82.31753	-6.59827	8.872	1.6
2020-08-14T04:10	82.34249	-6.59474	8.988	1.1
2020-08-14T04:20	82.36703	-6.59097	8.838	1.2
2020-08-14T04:30	82.39149	-6.59022	8.804	0.2
2020-08-14T04:40	82.41593	-6.59031	8.803	360.0
2020-08-14T04:50	82.44040	-6.58152	8.820	2.7
2020-08-14T05:00	82.46484	-6.56864	8.820	4.0
2020-08-14T05:10	82.48923	-6.55586	8.800	3.9
2020-08-14T05:20	82.51375	-6.54283	8.851	4.0
2020-08-14T05:30	82.53846	-6.52816	8.923	4.4
2020-08-14T05:40	82.56381	-6.51289	9.155	4.5
2020-08-14T05:50	82.58774	-6.54292	8.730	350.8
2020-08-14T06:00	82.60586	-6.57712	6.714	346.3
2020-08-14T06:10	82.62090	-6.66190	6.689	324.1
2020-08-14T06:20	82.62352	-6.80378	6.627	278.2
2020-08-14T06:30	82.62443	-6.88852	3.931	274.8
2020-08-14T06:40	82.63403	-7.00740	6.488	302.2
2020-08-14T06:50	82.64974	-7.09907	7.061	323.3
2020-08-14T07:00	82.66610	-7.17023	6.741	331.0
2020-08-14T07:10	82.67761	-7.28084	6.554	309.2
2020-08-14T07:20	82.68493	-7.41051	6.506	294.0
2020-08-14T07:30	82.69916	-7.47509	5.914	330.0
2020-08-14T07:40	82.71162	-7.49447	4.573	348.8
2020-08-14T07:50	82.71093	-7.49472	0.248	182.7
2020-08-14T08:00	82.71009	-7.49252	0.319	161.6
2020-08-14T08:10	82.71196	-7.45989	1.637	65.6
2020-08-14T08:20	82.72174	-7.54032	5.086	313.8
2020-08-14T08:30	82.72637	-7.55686	1.830	335.7
2020-08-14T08:40	82.73432	-7.63613	4.608	308.4
2020-08-14T08:50	82.75037	-7.65445	5.840	351.8
2020-08-14T09:00	82.76307	-7.58192	5.635	35.7
2020-08-14T09:10	82.78072	-7.54893	6.527	13.2
2020-08-14T09:20	82.79668	-7.55685	5.758	356.4
2020-08-14T09:30	82.81293	-7.63014	6.719	330.6
2020-08-14T09:40	82.83016	-7.65107	6.275	351.4
2020-08-14T09:50	82.84799	-7.69835	6.764	341.7
2020-08-14T10:00	82.86242	-7.77367	6.194	327.0
2020-08-14T10:10	82.87995	-7.84447	7.058	333.4
2020-08-14T10:20	82.89807	-7.90521	7.065	337.5
2020-08-14T10:30	82.91740	-7.93221	7.063	350.2
2020-08-14T10:40	82.93629	-7.94265	6.817	356.1
2020-08-14T10:50	82.95289	-8.02571	7.016	328.5
2020-08-14T11:00	82.96631	-8.13032	6.683	316.4
2020-08-14T11:10	82.97561	-8.23571	5.724	305.8
2020-08-14T11:20	82.98451	-8.31534	4.748	312.5
2020-08-14T11:30	82.99254	-8.39191	4.436	310.7
2020-08-14T11:40	82.99765	-8.51338	5.643	289.1
2020-08-14T11:50	83.01865	-8.57020	7.960	341.8
2020-08-14T12:00	83.03559	-8.68069	7.781	321.7
2020-08-14T12:10	83.03734	-8.79593	5.069	277.2
2020-08-14T12:20	83.05173	-8.91081	7.207	316.0
2020-08-14T12:30	83.06933	-9.02407	8.027	322.2
2020-08-14T12:40	83.08381	-9.12777	6.887	319.2
2020-08-14T12:50	83.09749	-9.23627	6.806	316.4
2020-08-14T13:00	83.10799	-9.35234	6.284	307.1
2020-08-14T13:10	83.12335	-9.41082	6.079	335.5
2020-08-14T13:20	83.13711	-9.52928	7.111	314.2
2020-08-14T13:30	83.15126	-9.64227	7.038	316.4
2020-08-14T13:40	83.16315	-9.75548	6.476	311.5
2020-08-14T13:50	83.17794	-9.86068	6.973	319.8
2020-08-14T14:00	83.19296	-10.01758	8.613	309.0
2020-08-14T14:10	83.20600	-10.19562	8.926	301.8
2020-08-14T14:20	83.22471	-10.32446	8.684	320.9
2020-08-14T14:30	83.24358	-10.45820	8.851	320.2
2020-08-14T14:40	83.25860	-10.62132	8.770	308.2
2020-08-14T14:50	83.27273	-10.79367	8.878	305.0
2020-08-14T15:00	83.28629	-10.97067	8.914	303.3
2020-08-14T15:10	83.29011	-11.16171	8.156	279.8
2020-08-14T15:20	83.29246	-11.35842	8.317	276.0
2020-08-14T15:30	83.30434	-11.46244	6.113	314.4
2020-08-14T15:40	83.32177	-11.51004	6.588	342.4
2020-08-14T15:50	83.33511	-11.54661	5.040	342.3
2020-08-14T16:00	83.33900	-11.55136	1.415	351.9
2020-08-14T16:10	83.35272	-11.59199	5.222	341.1
2020-08-14T16:20	83.37078	-11.67822	7.427	331.1
2020-08-14T16:30	83.38793	-11.73461	6.602	339.3
2020-08-14T16:40	83.40614	-11.80016	7.096	337.5
2020-08-14T16:50	83.42424	-11.92831	8.395	321.0
2020-08-14T17:00	83.44032	-12.04308	7.475	320.8
2020-08-14T17:10	83.45580	-12.08425	5.822	343.1
2020-08-14T17:20	83.47410	-12.04249	6.809	14.5
2020-08-14T17:30	83.48760	-12.09488	5.312	336.2
2020-08-14T17:40	83.50144	-12.19327	6.399	321.2
2020-08-14T17:50	83.52151	-12.24240	7.496	344.6
2020-08-14T18:00	83.54194	-12.23692	7.358	1.7
2020-08-14T18:10	83.55420	-12.25110	4.452	352.6
2020-08-14T18:20	83.57156	-12.19168	6.695	21.0
2020-08-14T18:30	83.58757	-12.10419	6.757	31.4
2020-08-14T18:40	83.60090	-12.19681	6.072	322.3
2020-08-14T18:50	83.61754	-12.28378	6.930	329.8
2020-08-14T19:00	83.63495	-12.34787	6.772	337.8
2020-08-14T19:10	83.65310	-12.40850	6.967	339.7
2020-08-14T19:20	83.67040	-12.48796	6.984	333.2
2020-08-14T19:30	83.67972	-12.59209	5.323	309.2
2020-08-14T19:40	83.68095	-12.74788	6.190	274.2
2020-08-14T19:50	83.69273	-12.86649	6.329	312.2
2020-08-14T20:00	83.70755	-12.97049	6.735	322.5
2020-08-14T20:10	83.72500	-13.02257	6.609	341.9
2020-08-14T20:20	83.74356	-13.05707	6.820	348.5
2020-08-14T20:30	83.76283	-13.06725	6.948	356.7
2020-08-14T20:40	83.78193	-13.07882	6.893	356.2
2020-08-14T20:50	83.79883	-13.14230	6.568	337.9
2020-08-14T21:00	83.81220	-13.22968	5.888	324.8
2020-08-14T21:10	83.83022	-13.24205	6.508	355.8
2020-08-14T21:20	83.84268	-13.26628	4.584	348.2
2020-08-14T21:30	83.85458	-13.26523	4.285	0.5
2020-08-14T21:40	83.86913	-13.22615	5.447	16.0
2020-08-14T21:50	83.88678	-13.21302	6.375	4.5
2020-08-14T22:00	83.90217	-13.11574	6.679	33.9
2020-08-14T22:10	83.92238	-13.15065	7.396	349.6
2020-08-14T22:20	83.94343	-13.24659	8.413	334.3
2020-08-14T22:30	83.96295	-13.25985	7.045	355.9
2020-08-14T22:40	83.98139	-13.31551	6.965	342.4
2020-08-14T22:50	83.99650	-13.42464	6.823	323.0
2020-08-14T23:00	84.00750	-13.49180	4.697	327.5
2020-08-14T23:10	84.02426	-13.46463	6.120	9.6
2020-08-14T23:20	84.04147	-13.47814	6.216	355.3
2020-08-14T23:30	84.05877	-13.45839	6.272	6.7
2020-08-14T23:40	84.06790	-13.42416	3.526	21.2
2020-08-14T23:50	84.08601	-13.45457	6.620	350.2
2020-08-15T00:00	84.10359	-13.52168	6.800	338.6
2020-08-15T00:10	84.11958	-13.47575	6.001	16.4
2020-08-15T00:20	84.13727	-13.50650	6.470	349.9
2020-08-15T00:30	84.15272	-13.56896	6.017	337.6
2020-08-15T00:40	84.16342	-13.52652	4.154	22.0
2020-08-15T00:50	84.18074	-13.58689	6.613	340.5
2020-08-15T01:00	84.19715	-13.49096	6.866	30.6
2020-08-15T01:10	84.21609	-13.48441	6.826	2.0
2020-08-15T01:20	84.23335	-13.40825	6.797	23.9
2020-08-15T01:30	84.25194	-13.36102	6.908	14.3
2020-08-15T01:40	84.27008	-13.31080	6.777	15.4
2020-08-15T01:50	84.28835	-13.27052	6.735	12.4
2020-08-15T02:00	84.30486	-13.33691	6.402	338.3
2020-08-15T02:10	84.31996	-13.40287	5.923	336.6
2020-08-15T02:20	84.33815	-13.44821	6.747	346.2
2020-08-15T02:30	84.35727	-13.48833	7.029	348.3
2020-08-15T02:40	84.37405	-13.55963	6.547	337.4
2020-08-15T02:50	84.39068	-13.65228	6.819	331.4
2020-08-15T03:00	84.41064	-13.73185	7.712	338.8
2020-08-15T03:10	84.42740	-13.74821	6.059	354.6
2020-08-15T03:20	84.43816	-13.74992	3.878	359.1
2020-08-15T03:30	84.45545	-13.73812	6.238	3.8
2020-08-15T03:40	84.47386	-13.76970	6.718	350.6
2020-08-15T03:50	84.49330	-13.80035	7.078	351.4
2020-08-15T04:00	84.51187	-13.84956	6.899	345.8
2020-08-15T04:10	84.52730	-13.95174	6.573	327.7
2020-08-15T04:20	84.54231	-14.08024	6.972	320.9
2020-08-15T04:30	84.55439	-14.24222	7.045	308.2
2020-08-15T04:40	84.57081	-14.32957	6.622	333.3
2020-08-15T04:50	84.58693	-14.42255	6.610	331.5
2020-08-15T05:00	84.60422	-14.45624	6.328	349.6
2020-08-15T05:10	84.62050	-14.37504	6.472	25.1
2020-08-15T05:20	84.63783	-14.36019	6.260	4.6
2020-08-15T05:30	84.64899	-14.40505	4.291	339.5
2020-08-15T05:40	84.65895	-14.43145	3.696	346.2
2020-08-15T05:50	84.67615	-14.47423	6.357	347.0
2020-08-15T06:00	84.69067	-14.46406	5.238	3.7
2020-08-15T06:10	84.70278	-14.37619	5.250	33.8
2020-08-15T06:20	84.72017	-14.32526	6.485	15.1
2020-08-15T06:30	84.73150	-14.34220	4.118	352.2
2020-08-15T06:40	84.74744	-14.37293	5.829	350.0
2020-08-15T06:50	84.76463	-14.39844	6.246	352.3
2020-08-15T07:00	84.78302	-14.37829	6.654	5.7
2020-08-15T07:10	84.80238	-14.37788	6.970	0.1
2020-08-15T07:20	84.82022	-14.36584	6.435	3.5
2020-08-15T07:30	84.83761	-14.27148	6.971	26.0
2020-08-15T07:40	84.85431	-14.18778	6.594	24.2
2020-08-15T07:50	84.87318	-14.20034	6.804	356.6
2020-08-15T08:00	84.88538	-14.35953	6.743	310.7
2020-08-15T08:10	84.89725	-14.45714	5.298	323.8
2020-08-15T08:20	84.91523	-14.54793	7.095	335.9
2020-08-15T08:30	84.93133	-14.64755	6.607	331.3
2020-08-15T08:40	84.94514	-14.79149	6.756	317.5
2020-08-15T08:50	84.96116	-14.92462	7.145	323.9
2020-08-15T09:00	84.97824	-15.00398	6.641	337.9
2020-08-15T09:10	84.99134	-14.91672	5.458	30.2
2020-08-15T09:20	85.00666	-14.97547	5.814	341.5
2020-08-15T09:30	85.02490	-14.98698	6.577	356.9
2020-08-15T09:40	85.04221	-15.08505	6.943	333.9
2020-08-15T09:50	85.05990	-15.19192	7.183	332.5
2020-08-15T10:00	85.07469	-15.33111	6.850	321.1
2020-08-15T10:10	85.08435	-15.49206	6.066	305.1
2020-08-15T10:20	85.09707	-15.58147	5.346	329.0
2020-08-15T10:30	85.11095	-15.63098	5.222	343.1
2020-08-15T10:40	85.11574	-15.58477	2.233	39.4
2020-08-15T10:50	85.13000	-15.54483	5.278	13.4
2020-08-15T11:00	85.14391	-15.61003	5.389	338.4
2020-08-15T11:10	85.15848	-15.54333	5.625	21.1
2020-08-15T11:20	85.17595	-15.47472	6.626	18.3
2020-08-15T11:30	85.18785	-15.63217	6.405	312.1
2020-08-15T11:40	85.20058	-15.67767	4.784	343.4
2020-08-15T11:50	85.20116	-15.70897	0.965	282.5
2020-08-15T12:00	85.19999	-15.71677	0.481	209.2
2020-08-15T12:10	85.19754	-15.72788	0.944	200.8
2020-08-15T12:20	85.20914	-15.67937	4.425	19.3
2020-08-15T12:30	85.22869	-15.71302	7.109	351.8
2020-08-15T12:40	85.24613	-15.78704	6.657	340.6
2020-08-15T12:50	85.25843	-15.85805	4.909	334.5
2020-08-15T13:00	85.26337	-15.93119	2.810	309.3
2020-08-15T13:10	85.27955	-15.96214	5.899	351.1
2020-08-15T13:20	85.28992	-15.90141	4.142	25.7
2020-08-15T13:30	85.30464	-15.86558	5.406	11.3
2020-08-15T13:40	85.31899	-16.02090	6.899	318.6
2020-08-15T13:50	85.31855	-16.20447	5.396	268.4
2020-08-15T14:00	85.33173	-16.16305	4.899	14.3
2020-08-15T14:10	85.34162	-16.03539	5.163	46.3
2020-08-15T14:20	85.35928	-16.02535	6.365	2.6
2020-08-15T14:30	85.36948	-16.00021	3.744	11.3
2020-08-15T14:40	85.38527	-16.03998	5.801	348.5
2020-08-15T14:50	85.39851	-16.09454	5.022	341.7
2020-08-15T15:00	85.40991	-16.14147	4.320	341.8
2020-08-15T15:10	85.41178	-15.99308	4.327	81.0
2020-08-15T15:20	85.42508	-15.90442	5.428	28.0
2020-08-15T15:30	85.43787	-16.05314	6.276	317.3
2020-08-15T15:40	85.44893	-16.22800	6.392	308.6
2020-08-15T15:50	85.45588	-16.40226	5.570	296.8
2020-08-15T16:00	85.45852	-16.38790	1.036	23.3
2020-08-15T16:10	85.46931	-16.39240	3.886	358.1
2020-08-15T16:20	85.47585	-16.38132	2.374	7.6
2020-08-15T16:30	85.47808	-16.46481	2.503	288.8
2020-08-15T16:40	85.48177	-16.55742	2.945	296.9
2020-08-15T16:50	85.49281	-16.53768	4.011	8.0
2020-08-15T17:00	85.50062	-16.60505	3.397	325.9
2020-08-15T17:10	85.50976	-16.53927	3.779	29.4
2020-08-15T17:20	85.51553	-16.41058	4.178	60.1
2020-08-15T17:30	85.51776	-16.33208	2.350	70.0
2020-08-15T17:40	85.51955	-16.27974	1.609	66.3
2020-08-15T17:50	85.52925	-16.21498	3.938	27.5
2020-08-15T18:00	85.54122	-16.18047	4.416	12.6
2020-08-15T18:10	85.55256	-16.22309	4.253	343.8
2020-08-15T18:20	85.56641	-16.22482	4.987	359.4
2020-08-15T18:30	85.57594	-16.28238	3.784	335.0
2020-08-15T18:40	85.58129	-16.33343	2.392	323.7
2020-08-15T18:50	85.58873	-16.42577	3.706	316.4
2020-08-15T19:00	85.59518	-16.46765	2.594	333.5
2020-08-15T19:10	85.60002	-16.32431	4.329	66.2
2020-08-15T19:20	85.60952	-16.26397	3.803	25.9
2020-08-15T19:30	85.61973	-16.22041	3.866	18.0
2020-08-15T19:40	85.62318	-16.25891	1.631	319.6
2020-08-15T19:50	85.63000	-16.34041	3.324	317.7
2020-08-15T20:00	85.63983	-16.40223	3.924	334.5
2020-08-15T20:10	85.64590	-16.62318	6.426	290.0
2020-08-15T20:20	85.65849	-16.75677	5.817	321.3
2020-08-15T20:30	85.66843	-16.84821	4.361	325.2
2020-08-15T20:40	85.68195	-16.87211	4.912	352.4
2020-08-15T20:50	85.69897	-16.91694	6.246	348.8
2020-08-15T21:00	85.71591	-16.90785	6.104	2.3
2020-08-15T21:10	85.73035	-17.04432	6.359	324.9
2020-08-15T21:20	85.73667	-17.24227	5.770	293.3
2020-08-15T21:30	85.75226	-17.30877	5.890	342.5
2020-08-15T21:40	85.76453	-17.46045	5.986	317.6
2020-08-15T21:50	85.78054	-17.53946	6.133	340.0
2020-08-15T22:00	85.79484	-17.50782	5.214	9.2
2020-08-15T22:10	85.81031	-17.49008	5.590	4.8
2020-08-15T22:20	85.82718	-17.39916	6.528	21.4
2020-08-15T22:30	85.84149	-17.54889	6.471	322.8
2020-08-15T22:40	85.85820	-17.50412	6.128	11.0
2020-08-15T22:50	85.87273	-17.66457	6.687	321.6
2020-08-15T23:00	85.88909	-17.78187	6.628	332.8
2020-08-15T23:10	85.90469	-17.83584	5.784	346.1
2020-08-15T23:20	85.92349	-17.87443	6.843	351.7
2020-08-15T23:30	85.93473	-18.06028	6.238	310.5
2020-08-15T23:40	85.95884	-18.06829	8.684	358.7
2020-08-15T23:50	85.97955	-18.16371	7.838	342.1
2020-08-16T00:00	85.98796	-18.43979	7.592	293.6
2020-08-16T00:10	85.99391	-18.62866	5.215	294.4
2020-08-16T00:20	86.01034	-18.75944	6.766	331.0
2020-08-16T00:30	86.02745	-18.85884	6.641	338.1
2020-08-16T00:40	86.03409	-19.09201	6.285	292.5
2020-08-16T00:50	86.04330	-19.26052	5.343	308.4
2020-08-16T01:00	86.05782	-19.35317	5.712	336.3
2020-08-16T01:10	86.06583	-19.54706	5.595	301.1
2020-08-16T01:20	86.07873	-19.70251	6.020	320.5
2020-08-16T01:30	86.09513	-19.73644	5.965	352.0
2020-08-16T01:40	86.11072	-19.78261	5.724	348.6
2020-08-16T01:50	86.12131	-19.99546	6.442	306.4
2020-08-16T02:00	86.13791	-20.06918	6.239	343.4
2020-08-16T02:10	86.15373	-20.00905	5.878	14.3
2020-08-16T02:20	86.16965	-20.15464	6.721	328.6
2020-08-16T02:30	86.18729	-20.15845	6.351	359.2
2020-08-16T02:40	86.20073	-20.02011	5.861	34.3
2020-08-16T02:50	86.21584	-20.07061	5.571	347.6
2020-08-16T03:00	86.23128	-20.05527	5.573	3.7
2020-08-16T03:10	86.23361	-19.93682	2.925	73.3
2020-08-16T03:20	86.24403	-19.80516	4.872	39.6
2020-08-16T03:30	86.25440	-19.73242	4.110	24.6
2020-08-16T03:40	86.26719	-19.86088	5.505	326.8
2020-08-16T03:50	86.27180	-20.15087	6.993	283.9
2020-08-16T04:00	86.28622	-20.15161	5.195	359.8
2020-08-16T04:10	86.30041	-20.20258	5.242	346.9
2020-08-16T04:20	86.31759	-20.18133	6.206	4.5
2020-08-16T04:30	86.33117	-20.39273	6.908	315.2
2020-08-16T04:40	86.34488	-20.43181	5.019	349.7
2020-08-16T04:50	86.35921	-20.33661	5.601	22.9
2020-08-16T05:00	86.37598	-20.27422	6.205	13.2
2020-08-16T05:10	86.39197	-20.39340	6.359	334.9
2020-08-16T05:20	86.40207	-20.62691	6.414	304.7
2020-08-16T05:30	86.41710	-20.79466	6.604	325.1
2020-08-16T05:40	86.42744	-21.01990	6.282	306.4
2020-08-16T05:50	86.43020	-21.31735	6.745	278.6
2020-08-16T06:00	86.43882	-21.51232	5.356	305.5
2020-08-16T06:10	86.45520	-21.65996	6.752	330.9
2020-08-16T06:20	86.46959	-21.80651	6.121	327.9
2020-08-16T06:30	86.48699	-21.93419	6.871	335.8
2020-08-16T06:40	86.50330	-22.09974	6.911	328.3
2020-08-16T06:50	86.51957	-22.23726	6.589	332.9
2020-08-16T07:00	86.52649	-22.54027	7.070	290.8
2020-08-16T07:10	86.53100	-22.85699	7.093	283.4
2020-08-16T07:20	86.53594	-23.15836	6.797	285.3
2020-08-16T07:30	86.54582	-23.28060	4.439	323.3
2020-08-16T07:40	86.55678	-23.50677	6.291	309.0
2020-08-16T07:50	86.56972	-23.71801	6.519	315.7
2020-08-16T08:00	86.57953	-23.97036	6.476	303.2
2020-08-16T08:10	86.58590	-24.26986	6.825	289.8
2020-08-16T08:20	86.59845	-24.50406	6.748	312.1
2020-08-16T08:30	86.60120	-24.82109	6.842	278.5
2020-08-16T08:40	86.60296	-25.11124	6.224	276.0
2020-08-16T08:50	86.60769	-25.37506	5.877	287.0
2020-08-16T09:00	86.60066	-25.69310	7.241	249.7
2020-08-16T09:10	86.60386	-26.02073	7.086	279.5
2020-08-16T09:20	86.61255	-26.32205	7.141	296.1
2020-08-16T09:30	86.62889	-26.48391	6.811	329.8
2020-08-16T09:40	86.64742	-26.63140	7.364	335.1
2020-08-16T09:50	86.65526	-26.91442	6.588	295.5
2020-08-16T10:00	86.66169	-27.25225	7.458	288.3
2020-08-16T10:10	86.66421	-27.58636	7.061	277.6
2020-08-16T10:20	86.65644	-27.87377	6.647	245.2
2020-08-16T10:30	86.66273	-28.17982	6.809	289.6
2020-08-16T10:40	86.65832	-28.49586	6.816	256.7
2020-08-16T10:50	86.67183	-28.59080	5.255	337.8
2020-08-16T11:00	86.68199	-28.59208	3.661	359.6
2020-08-16T11:10	86.68446	-28.60814	0.948	339.4
2020-08-16T11:20	86.68453	-28.62264	0.303	274.8
2020-08-16T11:30	86.68450	-28.64276	0.419	268.5
2020-08-16T11:40	86.69322	-28.83633	5.106	308.1
2020-08-16T11:50	86.70264	-29.09335	6.318	302.6
2020-08-16T12:00	86.70256	-29.34884	5.291	269.8
2020-08-16T12:10	86.70804	-29.42613	2.540	321.0
2020-08-16T12:20	86.72094	-29.61483	6.061	320.1
2020-08-16T12:30	86.73081	-29.87782	6.470	303.4
2020-08-16T12:40	86.74565	-30.08907	6.875	321.1
2020-08-16T12:50	86.74818	-30.43489	7.124	277.5
2020-08-16T13:00	86.75603	-30.72798	6.615	295.5
2020-08-16T13:10	86.76654	-30.94120	5.756	311.2
2020-08-16T13:20	86.78283	-31.00341	5.998	347.9
2020-08-16T13:30	86.79580	-31.22075	6.404	316.9
2020-08-16T13:40	86.80025	-31.50968	6.028	285.6
2020-08-16T13:50	86.80783	-31.79027	6.258	296.0
2020-08-16T14:00	86.81648	-32.06667	6.350	299.5
2020-08-16T14:10	86.81794	-32.35849	5.857	275.3
2020-08-16T14:20	86.82759	-32.58822	5.752	307.3
2020-08-16T14:30	86.83917	-32.81077	6.081	313.4
2020-08-16T14:40	86.84714	-33.11836	6.739	295.3
2020-08-16T14:50	86.85752	-33.38094	6.398	305.9
2020-08-16T15:00	86.87278	-33.59395	6.912	322.8
2020-08-16T15:10	86.88828	-33.79628	6.844	324.7
2020-08-16T15:20	86.90464	-34.02838	7.427	322.6
2020-08-16T15:30	86.91539	-34.28410	6.295	308.1
2020-08-16T15:40	86.92154	-34.56888	5.940	292.0
2020-08-16T15:50	86.92291	-34.88481	6.127	274.8
2020-08-16T16:00	86.93877	-34.96488	5.917	344.9
2020-08-16T16:10	86.94282	-35.22341	5.177	286.5
2020-08-16T16:20	86.94607	-35.48207	5.101	283.4
2020-08-16T16:30	86.94201	-35.73778	5.121	253.5
2020-08-16T16:40	86.95210	-35.71556	3.659	6.7
2020-08-16T16:50	86.95888	-35.98642	5.725	295.4
2020-08-16T17:00	86.96608	-36.22577	5.252	299.7
2020-08-16T17:10	86.98169	-36.29370	5.767	347.1
2020-08-16T17:20	86.99755	-36.37293	5.904	345.3
2020-08-16T17:30	87.01480	-36.42183	6.279	351.6
2020-08-16T17:40	87.02976	-36.51353	5.652	342.4
2020-08-16T17:50	87.04643	-36.56225	6.070	351.4
2020-08-16T18:00	87.06435	-36.59104	6.472	355.3
2020-08-16T18:10	87.07582	-36.63626	4.215	348.6
2020-08-16T18:20	87.08991	-36.78274	5.739	332.2
2020-08-16T18:30	87.09960	-36.83442	3.614	344.9
2020-08-16T18:40	87.11231	-36.82808	4.575	1.4
2020-08-16T18:50	87.12609	-36.99498	5.809	328.8
2020-08-16T19:00	87.13335	-37.21617	4.768	303.4
2020-08-16T19:10	87.14688	-37.32835	5.273	337.6
2020-08-16T19:20	87.16165	-37.39914	5.465	346.6
2020-08-16T19:30	87.17808	-37.49477	6.156	344.0
2020-08-16T19:40	87.19444	-37.58424	6.097	345.0
2020-08-16T19:50	87.20766	-37.70951	5.245	335.2
2020-08-16T20:00	87.22138	-37.97025	6.724	317.4
2020-08-16T20:10	87.23492	-38.13021	5.617	330.4
2020-08-16T20:20	87.24630	-38.33586	5.431	319.1
2020-08-16T20:30	87.26438	-38.24966	6.677	12.8
2020-08-16T20:40	87.27986	-38.21328	5.605	6.4
2020-08-16T20:50	87.29335	-38.26587	4.942	349.6
2020-08-16T21:00	87.30776	-38.31615	5.256	350.7
2020-08-16T21:10	87.32326	-38.42425	5.872	342.0
2020-08-16T21:20	87.33883	-38.41427	5.609	1.7
2020-08-16T21:30	87.35670	-38.38619	6.450	4.1
2020-08-16T21:40	87.35828	-38.43566	0.999	304.7
2020-08-16T21:50	87.36974	-38.57594	4.736	330.7
2020-08-16T22:00	87.37974	-38.74934	4.598	321.6
2020-08-16T22:10	87.39603	-38.78699	5.896	354.0
2020-08-16T22:20	87.40919	-38.90943	5.142	337.2
2020-08-16T22:30	87.42387	-39.04156	5.706	338.0
2020-08-16T22:40	87.43837	-39.12947	5.409	344.8
2020-08-16T22:50	87.44777	-39.22745	3.732	335.1
2020-08-16T23:00	87.44722	-39.25663	0.508	247.1
2020-08-16T23:10	87.44939	-39.48461	3.737	282.2
2020-08-16T23:20	87.45061	-39.53560	0.928	298.3
2020-08-16T23:30	87.44981	-39.59736	1.031	253.7
2020-08-16T23:40	87.44206	-39.79433	4.215	228.7
2020-08-16T23:50	87.43990	-40.05322	4.234	259.6
2020-08-17T00:00	87.44639	-40.14004	2.719	329.2
2020-08-17T00:10	87.44607	-40.16748	0.455	255.3
2020-08-17T00:20	87.46116	-40.32820	6.014	334.8
2020-08-17T00:30	87.47262	-40.50783	5.017	325.4
2020-08-17T00:40	87.48517	-40.60874	4.793	340.6
2020-08-17T00:50	87.49738	-40.75908	4.996	331.8
2020-08-17T01:00	87.51250	-40.92459	6.030	334.6
2020-08-17T01:10	87.52513	-40.74639	5.329	31.3
2020-08-17T01:20	87.54226	-40.61854	6.475	17.7
2020-08-17T01:30	87.56039	-40.48063	6.865	17.9
2020-08-17T01:40	87.57644	-40.35511	6.087	18.3
2020-08-17T01:50	87.59010	-40.18535	5.553	27.6
2020-08-17T02:00	87.60078	-40.02779	4.522	31.7
2020-08-17T02:10	87.61468	-40.06512	5.037	353.6
2020-08-17T02:20	87.62861	-40.06050	5.017	0.8
2020-08-17T02:30	87.63461	-39.89127	3.316	49.3
2020-08-17T02:40	87.64158	-39.75985	3.179	37.8
2020-08-17T02:50	87.65205	-39.58010	4.611	35.1
2020-08-17T03:00	87.66896	-39.53734	6.124	5.9
2020-08-17T03:10	87.68065	-39.69457	4.794	331.5
2020-08-17T03:20	87.68908	-39.99388	5.306	305.0
2020-08-17T03:30	87.69913	-40.28405	5.547	310.9
2020-08-17T03:40	87.71272	-40.40461	5.192	340.5
2020-08-17T03:50	87.72220	-40.38986	3.420	3.5
2020-08-17T04:00	87.72717	-40.38564	1.792	1.9
2020-08-17T04:10	87.73501	-40.18512	4.015	45.3
2020-08-17T04:20	87.74928	-40.15559	5.155	4.6
2020-08-17T04:30	87.76613	-40.28051	6.317	343.9
2020-08-17T04:40	87.78284	-40.22697	6.064	7.1
2020-08-17T04:50	87.79897	-40.40061	6.287	337.5
2020-08-17T05:00	87.81364	-40.46947	5.366	349.8
2020-08-17T05:10	87.82567	-40.46286	4.334	1.2
2020-08-17T05:20	87.82794	-40.56905	1.664	299.4
2020-08-17T05:30	87.84478	-40.67143	6.223	347.1
2020-08-17T05:40	87.86162	-40.63860	6.079	4.2
2020-08-17T05:50	87.87885	-40.51388	6.424	15.0
2020-08-17T06:00	87.89025	-40.27027	5.228	38.1
2020-08-17T06:10	87.90093	-39.98006	5.431	44.8
2020-08-17T06:20	87.91668	-39.98695	5.672	359.1
2020-08-17T06:30	87.92537	-39.84547	3.633	30.5
2020-08-17T06:40	87.93560	-39.62082	4.702	38.3
2020-08-17T06:50	87.94932	-39.44426	5.441	24.7
2020-08-17T07:00	87.96525	-39.39969	5.763	5.7
2020-08-17T07:10	87.97887	-39.48363	5.020	347.7
2020-08-17T07:20	87.98213	-39.33648	2.207	57.7
2020-08-17T07:30	87.98204	-39.34217	0.080	244.4
2020-08-17T07:40	87.99355	-39.12939	4.941	32.9
2020-08-17T07:50	88.00457	-38.94361	4.604	30.4
2020-08-17T08:00	88.01407	-38.74838	4.204	35.4
2020-08-17T08:10	88.01938	-38.42522	4.458	64.4
2020-08-17T08:20	88.02632	-38.29137	3.000	33.6
2020-08-17T08:30	88.02747	-38.27309	0.472	28.7
2020-08-17T08:40	88.03519	-38.07575	3.699	41.2
2020-08-17T08:50	88.03819	-38.05559	1.110	12.9
2020-08-17T09:00	88.05055	-37.86959	5.003	27.1
2020-08-17T09:10	88.06227	-38.15308	5.457	320.8
2020-08-17T09:20	88.07367	-38.35252	4.766	329.6
2020-08-17T09:30	88.07688	-38.45095	1.659	314.2
2020-08-17T09:40	88.08543	-38.34715	3.323	22.1
2020-08-17T09:50	88.08457	-38.27939	0.872	110.8
2020-08-17T10:00	88.09208	-38.11113	3.376	36.7
2020-08-17T10:10	88.10748	-38.03997	5.611	8.7
2020-08-17T10:20	88.11596	-37.76846	4.437	46.4
2020-08-17T10:30	88.13061	-37.50037	6.149	30.8
2020-08-17T10:40	88.13180	-37.45793	0.657	49.3
2020-08-17T10:50	88.13183	-37.46169	0.046	285.8
2020-08-17T11:00	88.13337	-37.43813	0.619	26.5
2020-08-17T11:10	88.13556	-37.38018	1.041	40.7
2020-08-17T11:20	88.14029	-37.13325	3.352	59.4
2020-08-17T11:30	88.14914	-36.81892	4.858	48.8
2020-08-17T11:40	88.16301	-36.59161	5.643	27.7
2020-08-17T11:50	88.17283	-36.29332	4.930	44.0
2020-08-17T12:00	88.18223	-36.06028	4.309	38.1
2020-08-17T12:10	88.19452	-35.76694	5.543	36.9
2020-08-17T12:20	88.20213	-35.66875	2.959	22.0
2020-08-17T12:30	88.21767	-35.42507	6.229	26.0
2020-08-17T12:40	88.23202	-35.11619	6.210	33.5
2020-08-17T12:50	88.24376	-34.78041	5.630	41.2
2020-08-17T13:00	88.25707	-34.48223	5.804	34.2
2020-08-17T13:10	88.26435	-34.31187	3.218	35.3
2020-08-17T13:20	88.27318	-34.14726	3.647	29.3
2020-08-17T13:30	88.28498	-34.23713	4.360	347.2
2020-08-17T13:40	88.29708	-34.54680	5.481	322.8
2020-08-17T13:50	88.29660	-34.54508	0.174	173.9
2020-08-17T14:00	88.29853	-34.61348	1.009	313.6
2020-08-17T14:10	88.29932	-34.64162	0.414	313.5
2020-08-17T14:20	88.29913	-34.64826	0.100	225.0
2020-08-17T14:30	88.29896	-34.65410	0.087	225.9
2020-08-17T14:40	88.29875	-34.65847	0.089	211.5
2020-08-17T14:50	88.29853	-34.66287	0.091	211.1
2020-08-17T15:00	88.29831	-34.66743	0.095	210.8
2020-08-17T15:10	88.29807	-34.67231	0.099	211.9
2020-08-17T15:20	88.29784	-34.67730	0.100	212.4
2020-08-17T15:30	88.29759	-34.68256	0.104	212.6
2020-08-17T15:40	88.29735	-34.68789	0.105	212.9
2020-08-17T15:50	88.29710	-34.69326	0.106	212.8
2020-08-17T16:00	88.29685	-34.69906	0.109	214.9
2020-08-17T16:10	88.29660	-34.70504	0.111	215.1
2020-08-17T16:20	88.29635	-34.71130	0.112	217.0
2020-08-17T16:30	88.29611	-34.71768	0.113	217.4
2020-08-17T16:40	88.29585	-34.72410	0.114	217.1
2020-08-17T16:50	88.29560	-34.73074	0.115	218.3
2020-08-17T17:00	88.29536	-34.73739	0.113	219.1
2020-08-17T17:10	88.29511	-34.74452	0.117	220.7
2020-08-17T17:20	88.29486	-34.75209	0.121	222.1
2020-08-17T17:30	88.29461	-34.75990	0.124	222.3
2020-08-17T17:40	88.29436	-34.76755	0.120	222.9
2020-08-17T17:50	88.29411	-34.77568	0.126	223.8
2020-08-17T18:00	88.29386	-34.78387	0.125	224.7
2020-08-17T18:10	88.29361	-34.79244	0.129	225.3
2020-08-17T18:20	88.29337	-34.80066	0.123	225.6
2020-08-17T18:30	88.29314	-34.80924	0.125	227.4
2020-08-17T18:40	88.29848	-34.74238	2.052	20.4
2020-08-17T18:50	88.31033	-34.64684	4.386	13.4
2020-08-17T19:00	88.32139	-34.64561	3.981	0.2
2020-08-17T19:10	88.33816	-34.48968	6.257	15.1
2020-08-17T19:20	88.34928	-34.32223	4.367	23.4
2020-08-17T19:30	88.36058	-34.14613	4.457	24.0
2020-08-17T19:40	88.37116	-34.08550	3.861	9.2
2020-08-17T19:50	88.38146	-34.05099	3.726	5.4
2020-08-17T20:00	88.39686	-33.99409	5.574	5.9
2020-08-17T20:10	88.40595	-33.80533	3.781	30.0
2020-08-17T20:20	88.41221	-33.70886	2.452	23.1
2020-08-17T20:30	88.41804	-33.62875	2.245	20.8
2020-08-17T20:40	88.41675	-33.65239	0.522	206.8
2020-08-17T20:50	88.41775	-33.64739	0.365	7.8
2020-08-17T21:00	88.42240	-33.60323	1.730	14.7
2020-08-17T21:10	88.42675	-33.57286	1.595	10.8
2020-08-17T21:20	88.43280	-33.52063	2.239	13.3
2020-08-17T21:30	88.43719	-33.47096	1.655	17.1
2020-08-17T21:40	88.44764	-33.38761	3.848	12.2
2020-08-17T21:50	88.45325	-33.41238	2.034	353.2
2020-08-17T22:00	88.45908	-33.41067	2.099	0.5
2020-08-17T22:10	88.46756	-33.31229	3.200	17.2
2020-08-17T22:20	88.48005	-33.18802	4.652	14.8
2020-08-17T22:30	88.49626	-33.17288	5.838	1.4
2020-08-17T22:40	88.50041	-32.84118	3.468	64.3
2020-08-17T22:50	88.50051	-32.68934	1.431	88.5
2020-08-17T23:00	88.50482	-32.61034	1.723	25.5
2020-08-17T23:10	88.51166	-32.60269	2.464	1.7
2020-08-17T23:20	88.52339	-32.73144	4.389	344.2
2020-08-17T23:30	88.52974	-32.72925	2.285	0.5
2020-08-17T23:40	88.54236	-32.77598	4.567	354.6
2020-08-17T23:50	88.55565	-32.52781	5.293	25.2
2020-08-18T00:00	88.57095	-32.51847	5.510	0.9
2020-08-18T00:10	88.57114	-32.52001	0.068	348.3
2020-08-18T00:20	88.58104	-32.41460	3.687	14.8
2020-08-18T00:30	88.59006	-32.43210	3.250	357.3
2020-08-18T00:40	88.59769	-32.58653	3.069	333.7
2020-08-18T00:50	88.61316	-32.50327	5.619	7.4
2020-08-18T01:00	88.62886	-32.44470	5.676	5.1
2020-08-18T01:10	88.63618	-32.05586	4.254	51.6
2020-08-18T01:20	88.64822	-31.90024	4.534	16.9
2020-08-18T01:30	88.65721	-31.94219	3.259	353.8
2020-08-18T01:40	88.67463	-31.80534	6.375	10.3
2020-08-18T01:50	88.68960	-32.07450	5.832	337.7
2020-08-18T02:00	88.70091	-32.68520	6.454	309.4
2020-08-18T02:10	88.71541	-33.00490	5.829	333.7
2020-08-18T02:20	88.72926	-33.01392	4.987	359.2
2020-08-18T02:30	88.74407	-32.94011	5.364	6.2
2020-08-18T02:40	88.75699	-33.18741	5.043	337.5
2020-08-18T02:50	88.77093	-33.38581	5.249	343.0
2020-08-18T03:00	88.78350	-33.48994	4.596	350.0
2020-08-18T03:10	88.79741	-33.85699	5.733	331.1
2020-08-18T03:20	88.80423	-34.00376	2.694	335.8
2020-08-18T03:30	88.81519	-34.21326	4.246	338.4
2020-08-18T03:40	88.82811	-34.49506	5.099	336.0
2020-08-18T03:50	88.84350	-34.45296	5.549	3.2
2020-08-18T04:00	88.85487	-34.47137	4.095	358.1
2020-08-18T04:10	88.85916	-34.63359	1.935	323.1
2020-08-18T04:20	88.87251	-34.93473	5.262	336.1
2020-08-18T04:30	88.88242	-35.26922	4.280	326.7
2020-08-18T04:40	88.89442	-35.58900	4.864	332.8
2020-08-18T04:50	88.90821	-35.59909	4.962	359.2
2020-08-18T05:00	88.92059	-35.35585	4.759	20.3
2020-08-18T05:10	88.92710	-35.22112	2.514	21.2
2020-08-18T05:20	88.92795	-35.23908	0.328	338.4
2020-08-18T05:30	88.93425	-35.33422	2.357	344.3
2020-08-18T05:40	88.93546	-35.60944	1.893	283.4
2020-08-18T05:50	88.93874	-35.64835	1.211	347.6
2020-08-18T06:00	88.93896	-35.63440	0.121	50.0
2020-08-18T06:10	88.93815	-35.65636	0.325	206.7
2020-08-18T06:20	88.93765	-35.68759	0.274	229.4
2020-08-18T06:30	88.93754	-35.69594	0.068	234.5
2020-08-18T06:40	88.93741	-35.72176	0.179	254.8
2020-08-18T06:50	88.93746	-35.72986	0.057	287.8
2020-08-18T07:00	88.93731	-35.73345	0.059	204.0
2020-08-18T07:10	88.93718	-35.75475	0.150	251.9
2020-08-18T07:20	88.93704	-35.77290	0.131	247.3
2020-08-18T07:30	88.93676	-35.80544	0.240	244.8
2020-08-18T07:40	88.93637	-35.83283	0.230	232.6
2020-08-18T07:50	88.93631	-35.79715	0.239	95.3
2020-08-18T08:00	88.93633	-35.80506	0.053	278.6
2020-08-18T08:10	88.93625	-35.81808	0.091	252.6
2020-08-18T08:20	88.93614	-35.82319	0.053	220.6
2020-08-18T08:30	88.93596	-35.83727	0.115	235.0
2020-08-18T08:40	88.93582	-35.84786	0.086	235.0
2020-08-18T08:50	88.93569	-35.85725	0.078	233.9
2020-08-18T09:00	88.93552	-35.87179	0.116	237.3
2020-08-18T09:10	88.93530	-35.88859	0.137	235.0
2020-08-18T09:20	88.93529	-35.90031	0.078	266.9
2020-08-18T09:30	88.93520	-35.90792	0.061	237.0
2020-08-18T09:40	88.93513	-35.91378	0.047	237.0
2020-08-18T09:50	88.93497	-35.92979	0.121	242.2
2020-08-18T10:00	88.93483	-35.94423	0.110	241.6
2020-08-18T10:10	88.93473	-35.95412	0.075	242.7
2020-08-18T10:20	88.93463	-35.96369	0.074	240.3
2020-08-18T10:30	88.93453	-35.97267	0.069	240.1
2020-08-18T10:40	88.93449	-35.97447	0.020	218.0
2020-08-18T10:50	88.93445	-35.82052	1.031	90.8
2020-08-18T11:00	88.93647	-35.73241	0.936	39.0
2020-08-18T11:10	88.94375	-35.48808	3.086	31.7
2020-08-18T11:20	88.94944	-35.68969	2.444	327.0
2020-08-18T11:30	88.96182	-35.91002	4.689	342.1
2020-08-18T11:40	88.97676	-36.00209	5.411	353.7
2020-08-18T11:50	88.98767	-36.29774	4.361	334.5
2020-08-18T12:00	88.99798	-35.86339	4.618	36.3
2020-08-18T12:10	89.00749	-35.93009	3.449	353.1
2020-08-18T12:20	89.01888	-36.14566	4.313	342.1
2020-08-18T12:30	89.02723	-36.21408	3.037	352.1
2020-08-18T12:40	89.02914	-36.20361	0.690	5.3
2020-08-18T12:50	89.03824	-36.24372	3.286	355.8
2020-08-18T13:00	89.04352	-35.97959	2.478	39.8
2020-08-18T13:10	89.04438	-35.89688	0.587	57.9
2020-08-18T13:20	89.04807	-35.67343	1.885	45.2
2020-08-18T13:30	89.05293	-35.51226	1.999	28.7
2020-08-18T13:40	89.06307	-35.48114	3.656	2.9
2020-08-18T13:50	89.07378	-35.94621	4.719	325.0
2020-08-18T14:00	89.08591	-36.15031	4.523	345.0
2020-08-18T14:10	89.08455	-36.18148	0.520	200.2
2020-08-18T14:20	89.08774	-35.79439	2.502	62.5
2020-08-18T14:30	89.10045	-35.53770	4.805	17.6
2020-08-18T14:40	89.10065	-35.54591	0.085	326.8
2020-08-18T14:50	89.10053	-35.55756	0.079	236.2
2020-08-18T15:00	89.10041	-35.57069	0.085	241.0
2020-08-18T15:10	89.10031	-35.58361	0.082	242.9
2020-08-18T15:20	89.10021	-35.59497	0.074	240.1
2020-08-18T15:30	89.10010	-35.60653	0.076	239.6
2020-08-18T15:40	89.10193	-35.62473	0.667	351.1
2020-08-18T15:50	89.10516	-35.64673	1.170	353.9
2020-08-18T16:00	89.10534	-35.65436	0.077	326.2
2020-08-18T16:10	89.10736	-35.52002	1.047	46.0
2020-08-18T16:20	89.11278	-35.38231	2.100	21.4
2020-08-18T16:30	89.11377	-35.36796	0.365	12.6
2020-08-18T16:40	89.11370	-35.38434	0.095	253.6
2020-08-18T16:50	89.11360	-35.40850	0.139	255.9
2020-08-18T17:00	89.11732	-35.37911	1.347	7.0
2020-08-18T17:10	89.12125	-35.31382	1.461	14.3
2020-08-18T17:20	89.13202	-34.93767	4.393	27.8
2020-08-18T17:30	89.14433	-34.69705	4.621	16.3
2020-08-18T17:40	89.14871	-34.69346	1.576	0.7
2020-08-18T17:50	89.15478	-34.60975	2.231	11.5
2020-08-18T18:00	89.15798	-34.68736	1.223	340.4
2020-08-18T18:10	89.15817	-34.71744	0.174	293.8
2020-08-18T18:20	89.15869	-34.76522	0.314	306.5
2020-08-18T18:30	89.16590	-34.96839	2.808	337.7
2020-08-18T18:40	89.17457	-34.41396	4.254	42.5
2020-08-18T18:50	89.18255	-34.01184	3.546	35.6
2020-08-18T19:00	89.19550	-34.13420	4.704	352.4
2020-08-18T19:10	89.19975	-34.15197	1.532	356.7
2020-08-18T19:20	89.20666	-34.59446	3.331	318.5
2020-08-18T19:30	89.21496	-34.68988	3.026	351.1
2020-08-18T19:40	89.22189	-34.52809	2.619	17.6
2020-08-18T19:50	89.23411	-35.11412	5.239	327.4
2020-08-18T20:00	89.24710	-35.23893	4.712	352.8
2020-08-18T20:10	89.25773	-35.97693	5.166	318.2
2020-08-18T20:20	89.27021	-36.00932	4.495	358.1
2020-08-18T20:30	89.27926	-37.02184	5.650	305.7
2020-08-18T20:40	89.28963	-36.71913	3.974	19.9
2020-08-18T20:50	89.30304	-36.58557	4.864	6.9
2020-08-18T21:00	89.30318	-36.70663	0.532	275.4
2020-08-18T21:10	89.30496	-37.25866	2.497	285.1
2020-08-18T21:20	89.30675	-37.15420	0.788	35.3
2020-08-18T21:30	89.30762	-37.14580	0.318	6.6
2020-08-18T21:40	89.30940	-37.10604	0.662	15.1
2020-08-18T21:50	89.31820	-36.92758	3.260	13.6
2020-08-18T22:00	89.31909	-36.94675	0.332	345.7
2020-08-18T22:10	89.32214	-36.92021	1.103	5.9
2020-08-18T22:20	89.33386	-36.87426	4.226	2.6
2020-08-18T22:30	89.33916	-36.91345	1.915	355.1
2020-08-18T22:40	89.34689	-36.61460	3.043	23.8
2020-08-18T22:50	89.35905	-36.89497	4.523	345.5
2020-08-18T23:00	89.37033	-37.12678	4.168	347.3
2020-08-18T23:10	89.37185	-37.11662	0.549	4.2
2020-08-18T23:20	89.37439	-36.71418	1.830	59.8
2020-08-18T23:30	89.38004	-36.60440	2.079	11.9
2020-08-18T23:40	89.38787	-36.00160	3.658	39.3
2020-08-18T23:50	89.39837	-36.05094	3.785	357.2
2020-08-19T00:00	89.40234	-36.13938	1.467	346.9
2020-08-19T00:10	89.41442	-36.40825	4.463	347.2
2020-08-19T00:20	89.43125	-36.62368	6.112	352.8
2020-08-19T00:30	89.44635	-36.71101	5.444	356.8
2020-08-19T00:40	89.45977	-36.36390	4.975	13.7
2020-08-19T00:50	89.47666	-36.16560	6.117	6.1
2020-08-19T01:00	89.48657	-35.43619	4.289	33.3
2020-08-19T01:10	89.49609	-34.89491	3.838	26.5
2020-08-19T01:20	89.51127	-34.81301	5.472	2.6
2020-08-19T01:30	89.51759	-34.95800	2.317	349.1
2020-08-19T01:40	89.52775	-34.98777	3.661	358.6
2020-08-19T01:50	89.54324	-34.78545	5.607	5.9
2020-08-19T02:00	89.55741	-34.52924	5.152	8.0
2020-08-19T02:10	89.56545	-33.23446	4.596	50.3
2020-08-19T02:20	89.57423	-33.14959	3.169	4.1
2020-08-19T02:30	89.58063	-32.08056	3.657	50.4
2020-08-19T02:40	89.59367	-33.08191	5.367	331.6
2020-08-19T02:50	89.60513	-33.15422	4.128	357.5
2020-08-19T03:00	89.61818	-32.70102	4.827	13.0
2020-08-19T03:10	89.63229	-32.75222	5.084	358.7
2020-08-19T03:20	89.63599	-33.12566	1.583	327.3
2020-08-19T03:30	89.63755	-33.11565	0.562	2.3
2020-08-19T03:40	89.63681	-33.13170	0.269	187.8
2020-08-19T03:50	89.63791	-33.11054	0.401	6.9
2020-08-19T04:00	89.63934	-33.12191	0.515	357.1
2020-08-19T04:10	89.63806	-33.12882	0.462	181.9
2020-08-19T04:20	89.63898	-33.13847	0.331	356.2
2020-08-19T04:30	89.64169	-32.79173	1.254	38.5
2020-08-19T04:40	89.65063	-32.11485	3.551	24.7
2020-08-19T04:50	89.66370	-31.33591	4.995	19.2
2020-08-19T05:00	89.67602	-31.90452	4.591	345.4
2020-08-19T05:10	89.68084	-32.49421	2.105	325.8
2020-08-19T05:20	89.68447	-32.41085	1.316	7.2
2020-08-19T05:30	89.69602	-33.06754	4.351	343.2
2020-08-19T05:40	89.69662	-33.16274	0.285	320.4
2020-08-19T05:50	89.70175	-33.93486	2.352	322.0
2020-08-19T06:00	89.70893	-35.40755	3.758	314.2
2020-08-19T06:10	89.72362	-35.91999	5.367	350.5
2020-08-19T06:20	89.73798	-36.70028	5.337	346.1
2020-08-19T06:30	89.75478	-36.51316	6.056	2.7
2020-08-19T06:40	89.77053	-35.42302	5.900	15.5
2020-08-19T06:50	89.78655	-37.12056	6.229	338.6
2020-08-19T07:00	89.79988	-39.47377	5.691	328.7
2020-08-19T07:10	89.79970	-39.52113	0.088	222.4
2020-08-19T07:20	89.80111	-39.47410	0.510	6.6
2020-08-19T07:30	89.79973	-39.65536	0.545	204.7
2020-08-19T07:40	89.80150	-39.23117	0.829	39.6
2020-08-19T07:50	89.80867	-36.63651	4.095	49.6
2020-08-19T08:00	89.82510	-35.97203	5.964	7.0
2020-08-19T08:10	89.83742	-35.68487	4.447	3.8
2020-08-19T08:20	89.85204	-33.36564	5.728	22.1
2020-08-19T08:30	89.86926	-35.81026	6.556	342.2
2020-08-19T08:40	89.88672	-34.64584	6.352	7.5
2020-08-19T08:50	89.90502	-35.63042	6.620	354.9
2020-08-19T09:00	89.92307	-34.39013	6.531	5.3
2020-08-19T09:10	89.94082	-32.16720	6.461	7.3
2020-08-19T09:20	89.95698	-30.08321	5.856	5.5
2020-08-19T09:30	89.97350	-22.54009	6.160	11.7
2020-08-19T09:40	89.98370	-20.06866	3.687	3.9
2020-08-19T09:50	89.98382	-20.03899	0.042	4.1
2020-08-19T10:00	89.98396	-19.96954	0.052	7.8
2020-08-19T10:10	89.98411	-19.86266	0.055	11.3
2020-08-19T10:20	89.98425	-19.75169	0.053	12.0
2020-08-19T10:30	89.98440	-19.58893	0.055	16.8
2020-08-19T10:40	89.99626	-34.41108	4.327	355.4
2020-08-19T10:50	89.99972	60.94530	1.361	4.3
2020-08-19T11:00	89.99955	117.20800	0.135	84.9
2020-08-19T11:10	89.99980	87.31886	0.104	339.6
2020-08-19T11:20	89.99914	120.08524	0.250	138.1
2020-08-19T11:30	89.99877	115.91173	0.137	193.6
2020-08-19T11:40	89.99876	124.31325	0.065	87.4
2020-08-19T11:50	89.99708	137.20157	0.625	158.0
2020-08-19T12:00	89.99572	147.66906	0.543	148.9
2020-08-19T12:10	89.99556	146.69734	0.063	205.4
2020-08-19T12:20	89.99541	147.28948	0.055	161.9
2020-08-19T12:30	89.99523	145.74545	0.079	215.7
2020-08-19T12:40	89.99506	144.37592	0.076	214.0
2020-08-19T12:50	89.99488	143.00660	0.078	214.5
2020-08-19T13:00	89.99470	141.88928	0.073	210.8
2020-08-19T13:10	89.99452	140.78519	0.077	209.7
2020-08-19T13:20	89.99434	139.64961	0.074	213.2
2020-08-19T13:30	89.99417	138.55067	0.075	212.5
2020-08-19T13:40	89.99399	137.47807	0.075	212.7
2020-08-19T13:50	89.99382	136.51907	0.071	211.6
2020-08-19T14:00	89.99366	135.64076	0.067	211.5
2020-08-19T14:10	89.99351	134.81226	0.065	211.3
2020-08-19T14:20	89.99337	134.25254	0.053	206.0
2020-08-19T14:30	89.99325	133.72055	0.050	206.8
2020-08-19T14:40	89.99313	133.07086	0.053	212.1
2020-08-19T14:50	89.99302	132.57516	0.044	209.4
2020-08-19T15:00	89.99294	132.22633	0.034	207.4
2020-08-19T15:10	89.99285	131.83646	0.035	210.1
2020-08-19T15:20	89.99284	132.45636	0.028	100.6
2020-08-19T15:30	89.99281	132.51863	0.010	163.0
2020-08-19T15:40	89.99277	132.22938	0.020	220.5
2020-08-19T15:50	89.99270	131.90968	0.028	212.0
2020-08-19T16:00	89.99266	131.65339	0.020	216.7
2020-08-19T16:10	89.99262	131.43404	0.018	213.8
2020-08-19T16:20	89.99260	131.36670	0.006	210.4
2020-08-19T16:30	89.99259	131.32287	0.004	210.0
2020-08-19T16:40	89.99259	131.32074	0.001	185.1
2020-08-19T16:50	89.99259	131.37150	0.002	71.4
2020-08-19T17:00	89.99260	131.47064	0.005	57.6
2020-08-19T17:10	89.99262	131.76335	0.016	56.2
2020-08-19T17:20	89.99264	131.99085	0.012	58.7
2020-08-19T17:30	89.99266	132.34657	0.018	63.6
2020-08-19T17:40	89.99269	132.79064	0.022	66.5
2020-08-19T17:50	89.99272	133.35089	0.028	66.0
2020-08-19T18:00	89.99275	133.91103	0.028	65.7
2020-08-19T18:10	89.99280	134.51242	0.032	58.0
2020-08-19T18:20	89.99284	135.30195	0.039	67.2
2020-08-19T18:30	89.99288	136.22101	0.043	71.7
2020-08-19T18:40	89.99291	137.30274	0.050	76.7
2020-08-19T18:50	89.99295	138.26668	0.046	68.9
2020-08-19T19:00	89.99299	139.13145	0.041	69.3
2020-08-19T19:10	89.99309	139.90421	0.048	44.2
2020-08-19T19:20	89.99286	141.80200	0.116	132.6
2020-08-19T19:30	89.99287	142.96618	0.052	89.4
2020-08-19T19:40	89.99291	144.37135	0.065	75.7
2020-08-19T19:50	89.99182	-176.20861	1.892	81.6
2020-08-19T20:00	89.99462	-145.02182	1.634	37.8
2020-08-19T20:10	89.99553	58.60457	3.472	349.3
2020-08-19T20:20	89.98172	114.38321	5.831	111.0
2020-08-19T20:30	89.96630	109.98717	5.591	189.6
2020-08-19T20:40	89.95947	110.31176	2.462	178.1
2020-08-19T20:50	89.95028	107.46701	3.406	195.1
2020-08-19T21:00	89.93400	106.33888	5.873	184.6
2020-08-19T21:10	89.91922	109.15159	5.479	164.9
2020-08-19T21:20	89.90308	109.84967	5.824	175.8
2020-08-19T21:30	89.89036	106.53281	5.058	206.8
2020-08-19T21:40	89.88131	107.22378	3.296	171.0
2020-08-19T21:50	89.87227	108.18193	3.335	166.7
2020-08-19T22:00	89.86382	106.15672	3.477	209.9
2020-08-19T22:10	89.85298	105.84860	3.911	184.2
2020-08-19T22:20	89.83930	106.58292	4.977	171.4
2020-08-19T22:30	89.82976	105.22852	3.711	203.0
2020-08-19T22:40	89.82153	104.91003	2.985	186.9
2020-08-19T22:50	89.81889	104.99234	0.956	174.4
2020-08-19T23:00	89.81652	105.19058	0.882	165.0
2020-08-19T23:10	89.81176	105.87846	1.893	154.5
2020-08-19T23:20	89.81137	105.91932	0.149	161.0
2020-08-19T23:30	89.79923	107.05757	4.586	161.8
2020-08-19T23:40	89.78236	108.45143	6.347	162.5
2020-08-19T23:50	89.76792	108.94644	5.246	172.1
2020-08-20T00:00	89.75287	108.23938	5.522	191.5
2020-08-20T00:10	89.75039	107.81307	1.112	217.0
2020-08-20T00:20	89.73443	106.81492	5.969	196.2
2020-08-20T00:30	89.71620	107.14335	6.590	174.9
2020-08-20T00:40	89.70522	107.57597	4.028	168.5
2020-08-20T00:50	89.68892	108.61681	6.194	160.8
2020-08-20T01:00	89.67473	109.16864	5.228	167.5
2020-08-20T01:10	89.65928	109.87307	5.756	164.8
2020-08-20T01:20	89.64906	110.19421	3.745	169.1
2020-08-20T01:30	89.64825	110.20911	0.294	173.6
2020-08-20T01:40	89.63362	110.46528	5.296	173.6
2020-08-20T01:50	89.62109	110.55830	4.517	177.2
2020-08-20T02:00	89.60507	110.66510	5.776	177.4
2020-08-20T02:10	89.59716	111.05546	3.012	160.8
2020-08-20T02:20	89.58421	110.75038	4.728	189.7
2020-08-20T02:30	89.56876	110.14788	5.789	196.4
2020-08-20T02:40	89.55330	110.27454	5.577	176.3
2020-08-20T02:50	89.53938	108.99102	6.205	216.8
2020-08-20T03:00	89.52829	107.58608	5.734	226.6
2020-08-20T03:10	89.51532	106.86484	5.148	205.3
2020-08-20T03:20	89.51389	106.83985	0.518	188.5
2020-08-20T03:30	89.50393	106.27988	3.981	206.0
2020-08-20T03:40	89.49064	106.26349	4.786	180.6
2020-08-20T03:50	89.47555	107.03172	5.979	154.9
2020-08-20T04:00	89.45923	107.01628	5.877	180.5
2020-08-20T04:10	89.45210	106.87731	2.610	190.6
2020-08-20T04:20	89.45174	106.87035	0.133	190.4
2020-08-20T04:30	89.44922	106.51532	1.524	233.7
2020-08-20T04:40	89.44381	106.21469	2.211	208.4
2020-08-20T04:50	89.42863	106.16686	5.467	181.8
2020-08-20T05:00	89.41160	106.29234	6.151	175.7
2020-08-20T05:10	89.40185	106.35987	3.519	175.9
2020-08-20T05:20	89.38710	106.62179	5.404	169.2
2020-08-20T05:30	89.37653	106.54003	3.819	184.8
2020-08-20T05:40	89.37639	106.55652	0.082	127.9
2020-08-20T05:50	89.36944	107.07069	3.221	140.8
2020-08-20T06:00	89.35414	107.48897	5.757	162.8
2020-08-20T06:10	89.33771	107.41581	5.924	182.9
2020-08-20T06:20	89.31994	107.65722	6.478	170.8
2020-08-20T06:30	89.30182	107.48960	6.564	186.4
2020-08-20T06:40	89.28730	107.53614	5.232	177.7
2020-08-20T06:50	89.27135	107.72944	5.810	171.2
2020-08-20T07:00	89.25732	107.34372	5.356	199.6
2020-08-20T07:10	89.25148	106.99444	2.665	218.1
2020-08-20T07:20	89.23671	106.43846	5.937	206.7
2020-08-20T07:30	89.21893	106.50965	6.414	176.9
2020-08-20T07:40	89.20091	106.62855	6.512	174.7
2020-08-20T07:50	89.18790	106.32501	4.932	198.3
2020-08-20T08:00	89.17097	105.95765	6.382	197.4
2020-08-20T08:10	89.15353	105.71859	6.403	191.5
2020-08-20T08:20	89.13719	105.14203	6.650	208.0
2020-08-20T08:30	89.12304	105.04527	5.121	186.0
2020-08-20T08:40	89.10708	105.10662	5.756	176.6
2020-08-20T08:50	89.09282	105.13391	5.139	178.3
2020-08-20T09:00	89.07907	104.78821	5.333	202.0
2020-08-20T09:10	89.06520	104.11929	6.335	218.3
2020-08-20T09:20	89.04976	103.67790	6.144	205.4
2020-08-20T09:30	89.03392	103.60075	5.723	184.7
2020-08-20T09:40	89.02041	104.00453	5.455	152.9
2020-08-20T09:50	89.00561	104.00656	5.328	179.9
2020-08-20T10:00	89.00614	104.01192	0.194	9.9
2020-08-20T10:10	89.00494	103.93225	0.660	229.0
2020-08-20T10:20	89.00539	103.95116	0.201	35.9
2020-08-20T10:30	89.00453	103.76225	1.221	255.4
2020-08-20T10:40	88.99563	103.58545	3.389	199.2
2020-08-20T10:50	88.99340	103.66941	0.964	146.6
2020-08-20T11:00	88.98375	104.07738	4.335	143.1
2020-08-20T11:10	88.96912	104.44624	5.776	155.6
2020-08-20T11:20	88.95287	104.32939	5.901	187.5
2020-08-20T11:30	88.94533	104.40921	2.765	169.0
2020-08-20T11:40	88.93639	104.54276	3.340	164.5
2020-08-20T11:50	88.93097	104.55897	1.953	176.8
2020-08-20T12:00	88.91417	104.71355	6.138	170.1
2020-08-20T12:10	88.90001	104.72806	5.099	178.9
2020-08-20T12:20	88.88490	104.67015	5.457	184.3
2020-08-20T12:30	88.86835	104.84013	6.078	168.5
2020-08-20T12:40	88.85046	105.05192	6.618	166.6
2020-08-20T12:50	88.83580	105.28002	5.534	162.4
2020-08-20T13:00	88.81864	105.46206	6.321	167.7
2020-08-20T13:10	88.80837	105.63999	3.928	160.2
2020-08-20T13:20	88.79592	105.87717	4.826	158.2
2020-08-20T13:30	88.78657	105.99791	3.487	164.7
2020-08-20T13:40	88.77290	106.11002	4.996	170.0
2020-08-20T13:50	88.75678	106.24591	5.901	169.6
2020-08-20T14:00	88.74292	106.10006	5.118	193.0
2020-08-20T14:10	88.72813	105.81897	5.775	202.9
2020-08-20T14:20	88.71361	105.46015	5.971	209.1
2020-08-20T14:30	88.70109	105.24987	4.821	200.9
2020-08-20T14:40	88.69656	105.10965	1.993	215.2
2020-08-20T14:50	88.69467	105.03456	0.918	222.1
2020-08-20T15:00	88.69467	105.02059	0.115	271.3
2020-08-20T15:10	88.69016	104.88104	1.988	215.3
2020-08-20T15:20	88.67547	104.61884	5.719	202.4
2020-08-20T15:30	88.67454	104.61006	0.342	192.3
2020-08-20T15:40	88.66983	104.59688	1.699	183.7
2020-08-20T15:50	88.65243	104.56015	6.271	182.8
2020-08-20T16:00	88.63395	104.36623	6.856	194.1
2020-08-20T16:10	88.62425	104.08348	4.259	215.0
2020-08-20T16:20	88.62126	103.92772	1.724	231.5
2020-08-20T16:30	88.60776	103.71210	5.212	201.2
2020-08-20T16:40	88.59203	103.47951	6.023	200.0
2020-08-20T16:50	88.57792	103.32733	5.255	195.0
2020-08-20T17:00	88.56313	103.48568	5.514	165.0
2020-08-20T17:10	88.54729	103.63074	5.853	166.9
2020-08-20T17:20	88.53273	103.78424	5.426	164.9
2020-08-20T17:30	88.51822	103.63440	5.408	194.9
2020-08-20T17:40	88.51808	103.62884	0.071	226.5
2020-08-20T17:50	88.52078	103.63452	0.975	3.1
2020-08-20T18:00	88.51078	103.70420	3.661	169.7
2020-08-20T18:10	88.50237	104.00498	4.140	136.9
2020-08-20T18:20	88.48678	104.05075	5.628	175.6
2020-08-20T18:30	88.48110	103.92520	2.371	210.4
2020-08-20T18:40	88.47865	103.93742	0.890	172.5
2020-08-20T18:50	88.46503	104.06182	5.046	166.2
2020-08-20T19:00	88.45067	104.33910	5.827	152.4
2020-08-20T19:10	88.44498	104.30115	2.081	190.3
2020-08-20T19:20	88.44340	104.27450	0.625	204.6
2020-08-20T19:30	88.44213	104.25531	0.494	202.3
2020-08-20T19:40	88.42548	104.33037	6.040	172.9
2020-08-20T19:50	88.41160	104.72887	6.378	141.4
2020-08-20T20:00	88.39899	104.21821	6.840	228.7
2020-08-20T20:10	88.38192	104.17409	6.162	184.2
2020-08-20T20:20	88.36463	104.13177	6.242	184.0
2020-08-20T20:30	88.34986	104.15158	5.320	177.8
2020-08-20T20:40	88.33218	104.19637	6.383	175.8
2020-08-20T20:50	88.31472	104.12187	6.336	187.2
2020-08-20T21:00	88.29715	104.10440	6.329	181.7
2020-08-20T21:10	88.28205	103.91076	5.822	201.0
2020-08-20T21:20	88.26478	104.00276	6.297	170.8
2020-08-20T21:30	88.24649	103.93627	6.627	186.3
2020-08-20T21:40	88.22842	103.89601	6.520	183.9
2020-08-20T21:50	88.21106	103.88785	6.249	180.8
2020-08-20T22:00	88.19618	104.07525	5.763	158.4
2020-08-20T22:10	88.18144	104.07708	5.305	179.8
2020-08-20T22:20	88.16943	104.14239	4.388	170.1
2020-08-20T22:30	88.16213	104.19989	2.713	165.8
2020-08-20T22:40	88.14403	104.16047	6.532	184.0
2020-08-20T22:50	88.12849	104.22875	5.652	171.8
2020-08-20T23:00	88.11451	104.27330	5.059	174.0
2020-08-20T23:10	88.09695	104.33876	6.372	172.9
2020-08-20T23:20	88.08162	104.32450	5.521	181.8
2020-08-20T23:30	88.07461	104.43748	2.871	151.6
2020-08-20T23:40	88.06270	104.37909	4.344	189.4
2020-08-20T23:50	88.04413	104.28391	6.790	189.9
2020-08-21T00:00	88.02829	104.38250	5.831	167.9
2020-08-21T00:10	88.01798	104.47593	3.886	162.6
2020-08-21T00:20	88.00257	104.46339	5.553	181.6
2020-08-21T00:30	87.99749	104.39723	2.010	204.5
2020-08-21T00:40	87.99491	104.37569	0.968	196.3
2020-08-21T00:50	87.99454	104.36848	0.162	214.2
2020-08-21T01:00	87.99457	104.36098	0.095	278.1
2020-08-21T01:10	87.98710	104.32881	2.721	188.6
2020-08-21T01:20	87.97020	104.32303	6.085	180.7
2020-08-21T01:30	87.95601	104.34587	5.119	176.7
2020-08-21T01:40	87.94665	104.32087	3.384	185.5
2020-08-21T01:50	87.94727	104.30706	0.287	321.6
2020-08-21T02:00	87.94598	104.31048	0.467	174.6
2020-08-21T02:10	87.93578	104.33120	3.685	175.8
2020-08-21T02:20	87.92019	104.35825	5.622	176.4
2020-08-21T02:30	87.90817	104.27603	4.460	194.0
2020-08-21T02:40	87.89180	104.20005	5.981	189.7
2020-08-21T02:50	87.87788	104.23186	5.027	175.2
2020-08-21T03:00	87.86181	104.21474	5.791	182.3
2020-08-21T03:10	87.85139	104.20240	3.757	182.5
2020-08-21T03:20	87.84149	104.25357	3.630	169.0
2020-08-21T03:30	87.82736	104.45216	5.761	151.9
2020-08-21T03:40	87.81261	104.45675	5.312	179.3
2020-08-21T03:50	87.80206	104.45598	3.800	180.2
2020-08-21T04:00	87.78735	104.55026	5.454	166.1
2020-08-21T04:10	87.77456	104.57643	4.621	175.5
2020-08-21T04:20	87.76089	104.60170	4.934	175.9
2020-08-21T04:30	87.74579	104.60904	5.436	178.9
2020-08-21T04:40	87.73102	104.64115	5.338	175.1
2020-08-21T04:50	87.71944	104.71781	4.311	165.2
2020-08-21T05:00	87.71428	104.62207	2.310	216.5
2020-08-21T05:10	87.71361	104.60666	0.327	222.5
2020-08-21T05:20	87.71393	104.58276	0.362	288.6
2020-08-21T05:30	87.71398	104.54882	0.488	272.2
2020-08-21T05:40	87.71412	104.54364	0.089	303.2
2020-08-21T05:50	87.71426	104.53838	0.092	304.6
2020-08-21T06:00	87.71439	104.53392	0.080	306.8
2020-08-21T06:10	87.71454	104.52934	0.083	307.9
2020-08-21T06:20	87.71468	104.52484	0.084	309.3
2020-08-21T06:30	87.71483	104.52048	0.082	310.1
2020-08-21T06:40	87.71497	104.51651	0.077	312.0
2020-08-21T06:50	87.71513	104.51249	0.082	315.1
2020-08-21T07:00	87.71529	104.50879	0.078	317.0
2020-08-21T07:10	87.71545	104.50528	0.075	317.9
2020-08-21T07:20	87.71560	104.50190	0.074	319.1
2020-08-21T07:30	87.71576	104.49860	0.074	320.3
2020-08-21T07:40	87.71591	104.49528	0.073	319.2
2020-08-21T07:50	87.71607	104.49229	0.072	323.4
2020-08-21T08:00	87.71622	104.48926	0.068	320.4
2020-08-21T08:10	87.71637	104.48625	0.069	321.1
2020-08-21T08:20	87.71651	104.48352	0.063	321.9
2020-08-21T08:30	87.71665	104.48072	0.065	321.8
2020-08-21T08:40	87.71677	104.47807	0.059	319.6
2020-08-21T08:50	87.71689	104.47536	0.057	317.4
2020-08-21T09:00	87.71700	104.47285	0.054	318.1
2020-08-21T09:10	87.71710	104.47046	0.049	315.5
2020-08-21T09:20	87.71719	104.46795	0.049	312.2
2020-08-21T09:30	87.71728	104.46548	0.048	312.5
2020-08-21T09:40	87.71737	104.46297	0.048	310.7
2020-08-21T09:50	87.71746	104.46221	0.037	342.9
2020-08-21T10:00	87.71778	104.50178	0.579	78.6
2020-08-21T10:10	87.71786	104.50013	0.036	318.4
2020-08-21T10:20	87.71788	104.49910	0.017	301.7
2020-08-21T10:30	87.71797	104.48895	0.149	282.2
2020-08-21T10:40	87.71806	104.48209	0.103	287.9
2020-08-21T10:50	87.71798	104.48784	0.087	108.5
2020-08-21T11:00	87.71809	104.48188	0.094	294.2
2020-08-21T11:10	87.71808	104.47736	0.065	266.6
2020-08-21T11:20	87.71813	104.47397	0.052	290.8
2020-08-21T11:30	87.71811	104.47105	0.042	263.3
2020-08-21T11:40	87.72196	104.45503	1.404	350.6
2020-08-21T11:50	87.73353	104.62493	4.820	30.1
2020-08-21T12:00	87.73935	104.25656	5.642	292.0
2020-08-21T12:10	87.74069	103.88029	5.364	275.3
2020-08-21T12:20	87.72942	103.99116	4.353	158.7
2020-08-21T12:30	87.71789	104.26860	5.742	136.2
2020-08-21T12:40	87.71716	104.30865	0.632	114.6
2020-08-21T12:50	87.71711	104.31529	0.097	99.6
2020-08-21T13:00	87.71683	104.34066	0.378	105.7
2020-08-21T13:10	87.71680	104.33617	0.065	261.4
2020-08-21T13:20	87.71677	104.33191	0.062	260.3
2020-08-21T13:30	87.71675	104.32747	0.064	262.9
2020-08-21T13:40	87.71672	104.32295	0.066	260.4
2020-08-21T13:50	87.71670	104.31840	0.066	263.5
2020-08-21T14:00	87.71668	104.31379	0.067	263.2
2020-08-21T14:10	87.71666	104.30938	0.063	264.6
2020-08-21T14:20	87.71664	104.30481	0.066	264.5
2020-08-21T14:30	87.71663	104.30010	0.068	267.6
2020-08-21T14:40	87.71663	104.29561	0.064	268.3
2020-08-21T14:50	87.71663	104.29110	0.065	271.4
2020-08-21T15:00	87.71664	104.28666	0.064	272.8
2020-08-21T15:10	87.71666	104.28225	0.064	275.1
2020-08-21T15:20	87.71668	104.27785	0.064	278.8
2020-08-21T15:30	87.71672	104.27361	0.062	280.8
2020-08-21T15:40	87.71675	104.26944	0.061	281.9
2020-08-21T15:50	87.71680	104.26546	0.059	285.8
2020-08-21T16:00	87.71685	104.26151	0.060	288.4
2020-08-21T16:10	87.71691	104.25783	0.057	291.3
2020-08-21T16:20	87.71698	104.25421	0.058	295.9
2020-08-21T16:30	87.71705	104.25080	0.056	298.7
2020-08-21T16:40	87.71713	104.24750	0.056	302.2
2020-08-21T16:50	87.71723	104.24430	0.057	306.4
2020-08-21T17:00	87.71732	104.24164	0.051	312.1
2020-08-21T17:10	87.71743	104.23880	0.055	312.2
2020-08-21T17:20	87.71753	104.23627	0.054	317.3
2020-08-21T17:30	87.71765	104.23388	0.054	320.5
2020-08-21T17:40	87.71777	104.23168	0.053	323.3
2020-08-21T17:50	87.71789	104.22979	0.052	328.7
2020-08-21T18:00	87.71802	104.22775	0.055	328.2
2020-08-21T18:10	87.71816	104.22607	0.056	334.3
2020-08-21T18:20	87.71830	104.22459	0.054	336.9
2020-08-21T18:30	87.71844	104.22328	0.055	340.2
2020-08-21T18:40	87.71859	104.22220	0.054	343.5
2020-08-21T18:50	87.71874	104.22126	0.055	345.8
2020-08-21T19:00	87.71888	104.22049	0.054	348.1
2020-08-21T19:10	87.71903	104.21994	0.055	351.8
2020-08-21T19:20	87.71918	104.21956	0.053	354.0
2020-08-21T19:30	87.71934	104.21924	0.059	355.6
2020-08-21T19:40	87.71950	104.21911	0.057	358.1
2020-08-21T19:50	87.71964	104.21923	0.052	1.9
2020-08-21T20:00	87.71980	104.21949	0.056	3.8
2020-08-21T20:10	87.71995	104.21985	0.056	5.3
2020-08-21T20:20	87.72010	104.22039	0.055	8.2
2020-08-21T20:30	87.72026	104.22092	0.055	7.9
2020-08-21T20:40	87.72041	104.22171	0.058	11.3
2020-08-21T20:50	87.72055	104.22247	0.051	12.2
2020-08-21T21:00	87.72070	104.22319	0.054	11.0
2020-08-21T21:10	87.72084	104.22408	0.052	14.1
2020-08-21T21:20	87.72099	104.22498	0.054	14.0
2020-08-21T21:30	87.72113	104.22595	0.052	15.3
2020-08-21T21:40	87.72126	104.22677	0.051	13.5
2020-08-21T21:50	87.72139	104.22777	0.049	17.1
2020-08-21T22:00	87.72152	104.22865	0.048	15.0
2020-08-21T22:10	87.72165	104.22958	0.049	15.9
2020-08-21T22:20	87.72178	104.23040	0.047	14.3
2020-08-21T22:30	87.72190	104.23114	0.045	13.8
2020-08-21T22:40	87.72203	104.23181	0.047	11.8
2020-08-21T22:50	87.72215	104.23241	0.045	10.9
2020-08-21T23:00	87.72227	104.23306	0.045	12.0
2020-08-21T23:10	87.72239	104.23356	0.043	9.5
2020-08-21T23:20	87.72251	104.23401	0.045	8.4
2020-08-21T23:30	87.72264	104.23444	0.045	7.8
2020-08-21T23:40	87.72276	104.23501	0.047	9.9
2020-08-21T23:50	87.72288	104.23526	0.042	4.8
2020-08-22T00:00	87.72300	104.23549	0.043	4.4
2020-08-22T00:10	87.72312	104.23570	0.044	4.0
2020-08-22T00:20	87.72325	104.23599	0.046	5.2
2020-08-22T00:30	87.72337	104.23622	0.045	4.1
2020-08-22T00:40	87.72350	104.23643	0.045	3.8
2020-08-22T00:50	87.72363	104.23650	0.046	1.3
2020-08-22T01:00	87.72377	104.23658	0.050	1.3
2020-08-22T01:10	87.72391	104.23666	0.051	1.3
2020-08-22T01:20	87.72407	104.23678	0.057	1.7
2020-08-22T01:30	87.72421	104.23686	0.052	1.3
2020-08-22T01:40	87.72437	104.23695	0.056	1.3
2020-08-22T01:50	87.72454	104.23707	0.061	1.6
2020-08-22T02:00	87.72472	104.23731	0.065	3.0
2020-08-22T02:10	87.72490	104.23763	0.066	4.0
2020-08-22T02:20	87.72510	104.23804	0.072	4.7
2020-08-22T02:30	87.72530	104.23846	0.072	4.7
2020-08-22T02:40	87.72551	104.23902	0.076	6.0
2020-08-22T02:50	87.72574	104.23969	0.081	6.8
2020-08-22T03:00	87.72598	104.24044	0.086	7.1
2020-08-22T03:10	87.72622	104.24120	0.088	7.0
2020-08-22T03:20	87.72648	104.24212	0.093	8.1
2020-08-22T03:30	87.72674	104.24310	0.098	8.2
2020-08-22T03:40	87.72703	104.24438	0.105	10.0
2020-08-22T03:50	87.72733	104.24587	0.110	11.2
2020-08-22T04:00	87.72764	104.24758	0.115	12.3
2020-08-22T04:10	87.72796	104.24948	0.119	13.2
2020-08-22T04:20	87.72829	104.25176	0.122	15.5
2020-08-22T04:30	87.72863	104.25416	0.128	15.6
2020-08-22T04:40	87.72899	104.25692	0.134	17.1
2020-08-22T04:50	87.72936	104.25987	0.139	17.6
2020-08-22T05:00	87.72974	104.26321	0.147	18.9
2020-08-22T05:10	87.73015	104.26669	0.153	18.9
2020-08-22T05:20	87.73058	104.27036	0.164	18.6
2020-08-22T05:30	87.73103	104.27445	0.174	19.6
2020-08-22T05:40	87.73150	104.27872	0.180	19.7
2020-08-22T05:50	87.73198	104.28373	0.186	22.6
2020-08-22T06:00	87.73247	104.28820	0.188	19.8
2020-08-22T06:10	87.73297	104.29285	0.193	20.1
2020-08-22T06:20	87.73349	104.29761	0.197	20.1
2020-08-22T06:30	87.73402	104.30267	0.205	20.6
2020-08-22T06:40	87.73456	104.30803	0.209	21.4
2020-08-22T06:50	87.73513	104.31377	0.220	21.8
2020-08-22T07:00	87.73570	104.32006	0.225	23.4
2020-08-22T07:10	87.73627	104.32695	0.228	25.4
2020-08-22T07:20	87.73685	104.33437	0.234	26.9
2020-08-22T07:30	87.73742	104.34107	0.226	24.9
2020-08-22T07:40	87.73803	104.35007	0.252	30.4
2020-08-22T07:50	87.73866	104.35770	0.251	25.6
2020-08-22T08:00	87.73929	104.36555	0.253	26.1
2020-08-22T08:10	87.73991	104.37384	0.253	27.7
2020-08-22T08:20	87.74055	104.38201	0.256	26.9
2020-08-22T08:30	87.74122	104.38948	0.266	23.5
2020-08-22T08:40	87.74192	104.39712	0.273	23.4
2020-08-22T08:50	87.74261	104.40480	0.273	23.5
2020-08-22T09:00	87.74330	104.41269	0.271	24.4
2020-08-22T09:10	87.74397	104.42073	0.265	25.5
2020-08-22T09:20	87.74462	104.42898	0.262	26.5
2020-08-22T09:30	87.74526	104.43720	0.260	26.6
2020-08-22T09:40	87.74589	104.44554	0.256	27.5
2020-08-22T09:50	87.74651	104.45410	0.255	28.4
2020-08-22T10:00	87.74712	104.46279	0.249	29.5
2020-08-22T10:10	87.74770	104.47148	0.243	30.4
2020-08-22T10:20	87.74827	104.48010	0.238	30.8
2020-08-22T10:30	87.74883	104.48872	0.235	31.2
2020-08-22T10:40	87.74938	104.49754	0.235	32.1
2020-08-22T10:50	87.74992	104.50655	0.233	33.2
2020-08-22T11:00	87.75044	104.51586	0.229	35.1
2020-08-22T11:10	87.75094	104.52534	0.224	36.7
2020-08-22T11:20	87.75143	104.53501	0.225	37.4
2020-08-22T11:30	87.75192	104.54482	0.223	38.4
2020-08-22T11:40	87.75239	104.55484	0.222	39.6
2020-08-22T11:50	87.75284	104.56505	0.217	41.6
2020-08-22T12:00	87.75327	104.57537	0.211	43.7
2020-08-22T12:10	87.75366	104.58610	0.208	46.6
2020-08-22T12:20	87.75404	104.59680	0.202	48.3
2020-08-22T12:30	87.75439	104.60781	0.201	50.6
2020-08-22T12:40	87.75472	104.61885	0.196	52.7
2020-08-22T12:50	87.75503	104.63003	0.192	55.0
2020-08-22T13:00	87.75530	104.64143	0.189	58.2
2020-08-22T13:10	87.75556	104.65279	0.184	60.3
2020-08-22T13:20	87.75578	104.66451	0.183	64.2
2020-08-22T13:30	87.75597	104.67639	0.181	67.4
2020-08-22T13:40	87.75614	104.68827	0.178	70.3
2020-08-22T13:50	87.75628	104.70032	0.178	73.0
2020-08-22T14:00	87.75641	104.71242	0.176	75.6
2020-08-22T14:10	87.75650	104.72479	0.178	78.5
2020-08-22T14:20	87.75658	104.73716	0.177	80.8
2020-08-22T14:30	87.75665	104.74989	0.181	82.2
2020-08-22T14:40	87.75670	104.76202	0.172	83.6
2020-08-22T14:50	87.75674	104.77466	0.178	86.3
2020-08-22T15:00	87.75675	104.78729	0.178	88.3
2020-08-22T15:10	87.75673	104.79983	0.177	92.1
2020-08-22T15:20	87.75670	104.81230	0.176	94.0
2020-08-22T15:30	87.75665	104.82455	0.174	96.0
2020-08-22T15:40	87.75657	104.83707	0.179	98.9
2020-08-22T15:50	87.75648	104.84962	0.180	100.6
2020-08-22T16:00	87.75637	104.86239	0.184	101.8
2020-08-22T16:10	87.75626	104.87515	0.185	103.1
2020-08-22T16:20	87.75613	104.88800	0.187	104.8
2020-08-22T16:30	87.75597	104.90105	0.192	106.7
2020-08-22T16:40	87.75580	104.91382	0.190	108.6
2020-08-22T16:50	87.75563	104.92654	0.190	109.0
2020-08-22T17:00	87.75545	104.93904	0.188	110.3
2020-08-22T17:10	87.75526	104.95160	0.190	111.6
2020-08-22T17:20	87.75505	104.96395	0.189	112.7
2020-08-22T17:30	87.75484	104.97615	0.189	114.5
2020-08-22T17:40	87.75461	104.98860	0.194	115.0
2020-08-22T17:50	87.75438	105.00088	0.192	115.3
2020-08-22T18:00	87.75413	105.01316	0.195	117.3
2020-08-22T18:10	87.75388	105.02523	0.194	118.3
2020-08-22T18:20	87.75362	105.03720	0.193	119.1
2020-08-22T18:30	87.75335	105.04937	0.197	119.3
2020-08-22T18:40	87.75307	105.06151	0.199	120.6
2020-08-22T18:50	87.75277	105.07366	0.202	121.8
2020-08-22T19:00	87.75246	105.08589	0.205	122.8
2020-08-22T19:10	87.75214	105.09826	0.210	123.7
2020-08-22T19:20	87.75181	105.11081	0.214	124.0
2020-08-22T19:30	87.75148	105.12323	0.212	124.2
2020-08-22T19:40	87.75113	105.13553	0.215	126.0
2020-08-22T19:50	87.75077	105.14786	0.215	125.9
2020-08-22T20:00	87.75040	105.16003	0.218	128.0
2020-08-22T20:10	87.75001	105.17185	0.218	130.0
2020-08-22T20:20	87.74960	105.18349	0.222	132.1
2020-08-22T20:30	87.74917	105.19464	0.221	134.3
2020-08-22T20:40	87.74873	105.20571	0.224	135.6
2020-08-22T20:50	87.74829	105.21636	0.217	136.0
2020-08-22T21:00	87.74785	105.22707	0.220	136.5
2020-08-22T21:10	87.74741	105.23751	0.217	137.1
2020-08-22T21:20	87.74697	105.24778	0.216	137.6
2020-08-22T21:30	87.74653	105.25783	0.212	137.9
2020-08-22T21:40	87.74610	105.26757	0.207	138.1
2020-08-22T21:50	87.74568	105.27722	0.203	137.8
2020-08-22T22:00	87.74529	105.28654	0.195	137.3
2020-08-22T22:10	87.74490	105.29551	0.187	137.3
2020-08-22T22:20	87.74455	105.30428	0.178	135.8
2020-08-22T22:30	87.74423	105.31325	0.172	132.2
2020-08-22T22:40	87.74391	105.32213	0.169	131.9
2020-08-22T22:50	87.74364	105.33114	0.162	128.0
2020-08-22T23:00	87.74339	105.34005	0.154	124.7
2020-08-22T23:10	87.74317	105.34855	0.145	123.7
2020-08-22T23:20	87.74296	105.35698	0.141	122.0
2020-08-22T23:30	87.74277	105.36559	0.141	120.1
2020-08-22T23:40	87.74260	105.37385	0.132	117.9
2020-08-22T23:50	87.74244	105.38204	0.129	115.9
2020-08-23T00:00	87.74232	105.39077	0.132	109.7
2020-08-23T00:10	87.74222	105.39916	0.124	106.1
2020-08-23T00:20	87.74214	105.40632	0.105	105.0
2020-08-23T00:30	87.74208	105.41333	0.102	104.0
2020-08-23T00:40	87.74203	105.42013	0.098	99.5
2020-08-23T00:50	87.74200	105.42708	0.099	96.2
2020-08-23T01:00	87.74197	105.43390	0.097	95.9
2020-08-23T01:10	87.74196	105.44063	0.096	93.5
2020-08-23T01:20	87.74196	105.44679	0.087	89.8
2020-08-23T01:30	87.74196	105.45292	0.087	89.1
2020-08-23T01:40	87.74198	105.45879	0.084	85.7
2020-08-23T01:50	87.74202	105.46471	0.085	81.0
2020-08-23T02:00	87.74207	105.47041	0.083	77.5
2020-08-23T02:10	87.74213	105.47617	0.085	73.6
2020-08-23T02:20	87.74223	105.48222	0.092	68.6
2020-08-23T02:30	87.74233	105.48933	0.108	69.7
2020-08-23T02:40	87.74246	105.49656	0.113	65.4
2020-08-23T02:50	87.74261	105.50411	0.121	62.7
2020-08-23T03:00	87.74278	105.51206	0.128	62.0
2020-08-23T03:10	87.74295	105.51920	0.118	59.1
2020-08-23T03:20	87.74313	105.52661	0.124	58.2
2020-08-23T03:30	87.74332	105.53413	0.128	56.6
2020-08-23T03:40	87.74352	105.54164	0.129	55.8
2020-08-23T03:50	87.74373	105.54921	0.131	55.1
2020-08-23T04:00	87.74394	105.55685	0.133	54.8
2020-08-23T04:10	87.74417	105.56483	0.139	54.5
2020-08-23T04:20	87.74441	105.57314	0.147	53.3
2020-08-23T04:30	87.74466	105.58181	0.152	53.8
2020-08-23T04:40	87.74492	105.59061	0.156	53.1
2020-08-23T04:50	87.74518	105.59968	0.158	54.2
2020-08-23T05:00	87.74544	105.60890	0.161	54.2
2020-08-23T05:10	87.74571	105.61842	0.166	54.6
2020-08-23T05:20	87.74598	105.62816	0.169	54.8
2020-08-23T05:30	87.74624	105.63827	0.172	56.4
2020-08-23T05:40	87.74651	105.64841	0.174	55.5
2020-08-23T05:50	87.74680	105.65891	0.181	55.4
2020-08-23T06:00	87.74709	105.66954	0.183	55.2
2020-08-23T06:10	87.74738	105.68040	0.187	55.3
2020-08-23T06:20	87.74769	105.69152	0.193	54.7
2020-08-23T06:30	87.74801	105.70285	0.196	54.8
2020-08-23T06:40	87.74833	105.71404	0.197	53.4
2020-08-23T06:50	87.74868	105.72547	0.203	52.7
2020-08-23T07:00	87.74902	105.73699	0.205	52.7
2020-08-23T07:10	87.74937	105.74842	0.205	52.1
2020-08-23T07:20	87.74973	105.76011	0.209	52.2
2020-08-23T07:30	87.75008	105.77196	0.211	52.6
2020-08-23T07:40	87.75046	105.78380	0.215	51.1
2020-08-23T07:50	87.75083	105.79554	0.213	51.0
2020-08-23T08:00	87.75121	105.80702	0.212	50.0
2020-08-23T08:10	87.75160	105.81792	0.208	47.8
2020-08-23T08:20	87.75199	105.82857	0.206	46.8
2020-08-23T08:30	87.75239	105.83970	0.213	47.6
2020-08-23T08:40	87.75279	105.85109	0.217	47.7
2020-08-23T08:50	87.75320	105.86272	0.220	48.4
2020-08-23T09:00	87.75361	105.87410	0.218	47.6
2020-08-23T09:10	87.75402	105.88570	0.221	47.7
2020-08-23T09:20	87.75443	105.89734	0.221	48.0
2020-08-23T09:30	87.75484	105.90883	0.220	47.4
2020-08-23T09:40	87.75526	105.91997	0.216	46.6
2020-08-23T09:50	87.75566	105.93107	0.214	47.0
2020-08-23T10:00	87.75606	105.94238	0.214	48.2
2020-08-23T10:10	87.75646	105.95338	0.212	47.1
2020-08-23T10:20	87.75685	105.96427	0.208	47.4
2020-08-23T10:30	87.75725	105.97496	0.208	46.3
2020-08-23T10:40	87.75765	105.98516	0.203	44.9
2020-08-23T10:50	87.75805	105.99503	0.200	44.2
2020-08-23T11:00	87.75845	106.00468	0.200	42.9
2020-08-23T11:10	87.75884	106.01415	0.194	43.3
2020-08-23T11:20	87.75924	106.02359	0.194	43.2
2020-08-23T11:30	87.75962	106.03234	0.185	41.7
2020-08-23T11:40	87.76000	106.04066	0.181	40.3
2020-08-23T11:50	87.76039	106.04909	0.183	40.4
2020-08-23T12:00	87.76077	106.05751	0.181	40.9
2020-08-23T12:10	87.76115	106.06572	0.179	40.2
2020-08-23T12:20	87.76152	106.07374	0.176	40.0
2020-08-23T12:30	87.76190	106.08135	0.171	38.7
2020-08-23T12:40	87.76227	106.08859	0.169	37.2
2020-08-23T12:50	87.76264	106.09546	0.164	36.1
2020-08-23T13:00	87.76301	106.10215	0.164	35.0
2020-08-23T13:10	87.76339	106.10860	0.164	33.6
2020-08-23T13:20	87.76377	106.11480	0.163	32.4
2020-08-23T13:30	87.76416	106.12073	0.162	31.0
2020-08-23T13:40	87.76455	106.12634	0.162	29.2
2020-08-23T13:50	87.76494	106.13184	0.163	28.4
2020-08-23T14:00	87.76535	106.13709	0.163	26.8
2020-08-23T14:10	87.76576	106.14207	0.163	25.5
2020-08-23T14:20	87.76617	106.14709	0.166	25.2
2020-08-23T14:30	87.76658	106.15171	0.162	23.6
2020-08-23T14:40	87.76700	106.15590	0.162	21.3
2020-08-23T14:50	87.76742	106.15992	0.162	20.4
2020-08-23T15:00	87.76785	106.16372	0.161	19.3
2020-08-23T15:10	87.76827	106.16732	0.161	18.3
2020-08-23T15:20	87.76870	106.17069	0.162	17.0
2020-08-23T15:30	87.76913	106.17404	0.163	16.7
2020-08-23T15:40	87.76957	106.17719	0.163	15.7
2020-08-23T15:50	87.77001	106.18019	0.164	14.9
2020-08-23T16:00	87.77044	106.18308	0.163	14.4
2020-08-23T16:10	87.77088	106.18595	0.164	14.2
2020-08-23T16:20	87.77133	106.18865	0.166	13.2
2020-08-23T16:30	87.77178	106.19128	0.166	12.8
2020-08-23T16:40	87.77223	106.19388	0.166	12.7
2020-08-23T16:50	87.77268	106.19650	0.167	12.6
2020-08-23T17:00	87.77314	106.19901	0.167	12.2
2020-08-23T17:10	87.77359	106.20152	0.166	12.2
2020-08-23T17:20	87.77404	106.20397	0.166	11.9
2020-08-23T17:30	87.77449	106.20627	0.166	11.1
2020-08-23T17:40	87.77495	106.20874	0.167	12.0
2020-08-23T17:50	87.77540	106.21093	0.167	10.6
2020-08-23T18:00	87.77586	106.21323	0.169	10.9
2020-08-23T18:10	87.77633	106.21547	0.170	10.6
2020-08-23T18:20	87.77679	106.21758	0.170	10.0
2020-08-23T18:30	87.77726	106.21971	0.172	9.9
2020-08-23T18:40	87.77774	106.22180	0.174	9.7
2020-08-23T18:50	87.77823	106.22363	0.177	8.3
2020-08-23T19:00	87.77871	106.22544	0.178	8.2
2020-08-23T19:10	87.77921	106.22714	0.181	7.5
2020-08-23T19:20	87.77971	106.22868	0.182	6.8
2020-08-23T19:30	87.78022	106.23010	0.184	6.2
2020-08-23T19:40	87.78073	106.23140	0.185	5.6
2020-08-23T19:50	87.78125	106.23267	0.185	5.5
2020-08-23T20:00	87.78177	106.23382	0.188	4.9
2020-08-23T20:10	87.78229	106.23489	0.190	4.5
2020-08-23T20:20	87.78282	106.23593	0.192	4.3
2020-08-23T20:30	87.78336	106.23675	0.195	3.4
2020-08-23T20:40	87.78391	106.23734	0.199	2.4
2020-08-23T20:50	87.78447	106.23794	0.202	2.4
2020-08-23T21:00	87.78505	106.23837	0.206	1.7
2020-08-23T21:10	87.78563	106.23843	0.211	0.2
2020-08-23T21:20	87.78623	106.23890	0.214	1.7
2020-08-23T21:30	87.78683	106.23997	0.217	3.9
2020-08-23T21:40	87.78742	106.24077	0.214	3.0
2020-08-23T21:50	87.78803	106.24091	0.219	0.5
2020-08-23T22:00	87.78861	106.24131	0.209	1.5
2020-08-23T22:10	87.78922	106.24184	0.219	1.9
2020-08-23T22:20	87.78985	106.24197	0.227	0.4
2020-08-23T22:30	87.79048	106.24148	0.228	358.3
2020-08-23T22:40	87.79112	106.24041	0.231	356.3
2020-08-23T22:50	87.79177	106.23883	0.234	354.6
2020-08-23T23:00	87.79242	106.23625	0.236	351.3
2020-08-23T23:10	87.79313	106.23387	0.259	352.7
2020-08-23T23:20	87.79384	106.23103	0.257	351.2
2020-08-23T23:30	87.79453	106.22698	0.257	347.4
2020-08-23T23:40	87.79523	106.22175	0.260	343.8
2020-08-23T23:50	87.79591	106.21591	0.259	341.8
2020-08-24T00:00	87.79657	106.20966	0.251	339.9
2020-08-24T00:10	87.79719	106.20301	0.243	337.7
2020-08-24T00:20	87.79778	106.19598	0.234	335.4
2020-08-24T00:30	87.79833	106.18872	0.222	333.2
2020-08-24T00:40	87.79883	106.18144	0.207	330.9
2020-08-24T00:50	87.79928	106.17420	0.190	328.2
2020-08-24T01:00	87.79969	106.16698	0.177	325.6
2020-08-24T01:10	87.80005	106.15985	0.162	322.4
2020-08-24T01:20	87.80035	106.15293	0.147	319.3
2020-08-24T01:30	87.80061	106.14615	0.131	314.4
2020-08-24T01:40	87.80082	106.13964	0.118	310.6
2020-08-24T01:50	87.80099	106.13314	0.107	303.3
2020-08-24T02:00	87.80111	106.12670	0.099	296.5
2020-08-24T02:10	87.80119	106.12039	0.092	289.1
2020-08-24T02:20	87.80125	106.11393	0.091	282.4
2020-08-24T02:30	87.80127	106.10730	0.092	274.9
2020-08-24T02:40	87.80126	106.10053	0.094	267.5
2020-08-24T02:50	87.80121	106.09372	0.096	260.3
2020-08-24T03:00	87.80114	106.08687	0.098	253.9
2020-08-24T03:10	87.80102	106.08022	0.101	246.1
2020-08-24T03:20	87.80088	106.07361	0.105	240.4
2020-08-24T03:30	87.80068	106.06758	0.111	228.7
2020-08-24T03:40	87.80043	106.06130	0.123	224.6
2020-08-24T03:50	87.80014	106.05540	0.133	217.7
2020-08-24T04:00	87.79979	106.04905	0.153	215.1
2020-08-24T04:10	87.79938	106.04268	0.174	210.4
2020-08-24T04:20	87.79891	106.03623	0.191	207.8
2020-08-24T04:30	87.79842	106.02932	0.200	208.5
2020-08-24T04:40	87.79790	106.02218	0.211	207.9
2020-08-24T04:50	87.79738	106.01480	0.214	208.5
2020-08-24T05:00	87.79684	106.00732	0.221	208.0
2020-08-24T05:10	87.79628	105.99960	0.226	208.2
2020-08-24T05:20	87.79571	105.99186	0.232	207.5
2020-08-24T05:30	87.79512	105.98458	0.236	205.3
2020-08-24T05:40	87.79453	105.97687	0.237	206.8
2020-08-24T05:50	87.79393	105.96925	0.243	205.8
2020-08-24T06:00	87.79329	105.96203	0.251	203.5
2020-08-24T06:10	87.79263	105.95461	0.258	203.5
2020-08-24T06:20	87.79194	105.94720	0.269	202.5
2020-08-24T06:30	87.79123	105.93998	0.275	201.3
2020-08-24T06:40	87.79049	105.93288	0.282	200.4
2020-08-24T06:50	87.78974	105.92565	0.288	200.4
2020-08-24T07:00	87.78897	105.91847	0.295	199.8
2020-08-24T07:10	87.78817	105.91132	0.307	198.9
2020-08-24T07:20	87.78735	105.90349	0.313	200.3
2020-08-24T07:30	87.78654	105.89485	0.314	202.5
2020-08-24T07:40	87.78579	105.88512	0.303	206.6
2020-08-24T07:50	87.78507	105.87478	0.298	208.9
2020-08-24T08:00	87.78436	105.86420	0.293	210.2
2020-08-24T08:10	87.78366	105.85332	0.294	211.0
2020-08-24T08:20	87.78297	105.84238	0.292	211.4
2020-08-24T08:30	87.78231	105.83077	0.288	214.2
2020-08-24T08:40	87.78164	105.81886	0.292	214.6
2020-08-24T08:50	87.78094	105.80758	0.298	211.8
2020-08-24T09:00	87.78022	105.79718	0.296	209.3
2020-08-24T09:10	87.77950	105.78694	0.296	208.8
2020-08-24T09:20	87.77878	105.77669	0.296	208.9
2020-08-24T09:30	87.77807	105.76627	0.293	209.8
2020-08-24T09:40	87.77736	105.75649	0.291	208.0
2020-08-24T09:50	87.77666	105.74915	0.272	202.1
2020-08-24T10:00	87.77627	105.76231	0.231	127.3
2020-08-24T10:10	87.77567	105.75218	0.260	213.0
2020-08-24T10:20	87.77507	105.74261	0.253	212.0
2020-08-24T10:30	87.77451	105.73305	0.241	213.6
2020-08-24T10:40	87.77397	105.72283	0.242	216.2
2020-08-24T10:50	87.77347	105.71190	0.237	220.1
2020-08-24T11:00	87.77300	105.70024	0.233	224.4
2020-08-24T11:10	87.77252	105.68811	0.243	224.2
2020-08-24T11:20	87.77204	105.67742	0.230	220.7
2020-08-24T11:30	87.77158	105.66650	0.224	222.9
2020-08-24T11:40	87.77115	105.65539	0.219	225.3
2020-08-24T11:50	87.77075	105.64391	0.217	227.9
2020-08-24T12:00	87.77037	105.63362	0.198	226.8
2020-08-24T12:10	87.77001	105.62262	0.201	230.2
2020-08-24T12:20	87.76966	105.61126	0.203	231.7
2020-08-24T12:30	87.76928	105.59818	0.231	232.6
2020-08-24T12:40	87.76889	105.58502	0.230	233.3
2020-08-24T12:50	87.76852	105.57150	0.233	234.4
2020-08-24T13:00	87.76816	105.55861	0.222	234.4
2020-08-24T13:10	87.76780	105.54606	0.219	233.7
2020-08-24T13:20	87.76743	105.53292	0.226	234.5
2020-08-24T13:30	87.76709	105.52028	0.217	234.7
2020-08-24T13:40	87.76674	105.50878	0.203	232.7
2020-08-24T13:50	87.76640	105.49782	0.198	230.9
2020-08-24T14:00	87.76606	105.48685	0.195	232.0
2020-08-24T14:10	87.76574	105.47575	0.194	233.5
2020-08-24T14:20	87.76542	105.46429	0.197	234.7
2020-08-24T14:30	87.76514	105.45327	0.186	236.2
2020-08-24T14:40	87.76486	105.44140	0.194	239.2
2020-08-24T14:50	87.76460	105.42972	0.188	240.6
2020-08-24T15:00	87.76437	105.41810	0.184	242.3
2020-08-24T15:10	87.76415	105.40646	0.182	244.2
2020-08-24T15:20	87.76393	105.39482	0.181	244.7
2020-08-24T15:30	87.76373	105.38339	0.176	245.9
2020-08-24T15:40	87.76354	105.37195	0.175	246.7
2020-08-24T15:50	87.76336	105.36109	0.166	247.0
2020-08-24T16:00	87.76319	105.35052	0.160	248.0
2020-08-24T16:10	87.76304	105.34047	0.151	249.1
2020-08-24T16:20	87.76291	105.33084	0.144	250.0
2020-08-24T16:30	87.76278	105.32160	0.137	250.9
2020-08-24T16:40	87.76267	105.31330	0.124	250.5
2020-08-24T16:50	87.76258	105.30564	0.112	254.0
2020-08-24T17:00	87.76252	105.29826	0.106	258.9
2020-08-24T17:10	87.76248	105.29080	0.106	261.7
2020-08-24T17:20	87.76245	105.28388	0.098	263.4
2020-08-24T17:30	87.76244	105.27737	0.092	266.9
2020-08-24T17:40	87.76244	105.27037	0.099	270.6
2020-08-24T17:50	87.76246	105.26451	0.083	276.3
2020-08-24T18:00	87.76251	105.25832	0.089	281.0
2020-08-24T18:10	87.76258	105.25248	0.086	286.5
2020-08-24T18:20	87.76263	105.24638	0.088	282.2
2020-08-24T18:30	87.76271	105.24003	0.094	288.2
2020-08-24T18:40	87.76281	105.23485	0.081	296.3
2020-08-24T18:50	87.76293	105.22995	0.081	301.9
2020-08-24T19:00	87.76307	105.22524	0.082	306.3
2020-08-24T19:10	87.76321	105.22053	0.083	307.6
2020-08-24T19:20	87.76336	105.21534	0.090	306.1
2020-08-24T19:30	87.76352	105.21066	0.088	311.5
2020-08-24T19:40	87.76368	105.20659	0.083	316.3
2020-08-24T19:50	87.76386	105.20244	0.085	316.8
2020-08-24T20:00	87.76403	105.19859	0.083	319.5
2020-08-24T20:10	87.76421	105.19505	0.080	321.8
2020-08-24T20:20	87.76438	105.19161	0.080	322.7
2020-08-24T20:30	87.76457	105.18822	0.082	324.5
2020-08-24T20:40	87.76476	105.18484	0.084	325.5
2020-08-24T20:50	87.76495	105.18149	0.084	326.2
2020-08-24T21:00	87.76515	105.17822	0.083	326.5
2020-08-24T21:10	87.76534	105.17505	0.082	327.1
2020-08-24T21:20	87.76553	105.17196	0.081	327.7
2020-08-24T21:30	87.76571	105.16895	0.077	326.7
2020-08-24T21:40	87.76588	105.16587	0.077	325.7
2020-08-24T21:50	87.76606	105.16290	0.077	327.0
2020-08-24T22:00	87.76624	105.15991	0.078	327.5
2020-08-24T22:10	87.76644	105.15696	0.082	329.8
2020-08-24T22:20	87.76664	105.15399	0.082	329.3
2020-08-24T22:30	87.76684	105.15101	0.086	330.8
2020-08-24T22:40	87.76707	105.14821	0.091	334.4
2020-08-24T22:50	87.76732	105.14528	0.097	335.1
2020-08-24T23:00	87.76754	105.14210	0.091	330.7
2020-08-24T23:10	87.76777	105.13924	0.092	334.3
2020-08-24T23:20	87.76803	105.13663	0.101	338.9
2020-08-24T23:30	87.76831	105.13417	0.107	341.1
2020-08-24T23:40	87.76860	105.13161	0.109	340.9
2020-08-24T23:50	87.76889	105.12869	0.114	338.9
2020-08-25T00:00	87.76919	105.12548	0.117	337.3
2020-08-25T00:10	87.76950	105.12208	0.119	336.5
2020-08-25T00:20	87.76982	105.11883	0.126	338.7
2020-08-25T00:30	87.77015	105.11536	0.129	337.8
2020-08-25T00:40	87.77048	105.11160	0.128	335.8
2020-08-25T00:50	87.77081	105.10731	0.133	333.2
2020-08-25T01:00	87.77115	105.10247	0.139	330.7
2020-08-25T01:10	87.77144	105.09768	0.126	327.8
2020-08-25T01:20	87.77174	105.09226	0.132	324.8
2020-08-25T01:30	87.77204	105.08644	0.135	322.8
2020-08-25T01:40	87.77232	105.08048	0.131	320.3
2020-08-25T01:50	87.77259	105.07422	0.133	318.8
2020-08-25T02:00	87.77285	105.06774	0.130	315.8
2020-08-25T02:10	87.77311	105.06095	0.133	314.2
2020-08-25T02:20	87.77334	105.05386	0.130	310.2
2020-08-25T02:30	87.77357	105.04635	0.132	307.3
2020-08-25T02:40	87.77378	105.03811	0.138	303.4
2020-08-25T02:50	87.77397	105.02969	0.137	300.7
2020-08-25T03:00	87.77415	105.02090	0.138	297.4
2020-08-25T03:10	87.77432	105.01168	0.142	295.0
2020-08-25T03:20	87.77447	105.00223	0.143	292.5
2020-08-25T03:30	87.77462	104.99236	0.148	291.7
2020-08-25T03:40	87.77477	104.98195	0.155	289.9
2020-08-25T03:50	87.77492	104.97131	0.158	290.1
2020-08-25T04:00	87.77507	104.96042	0.162	290.2
2020-08-25T04:10	87.77522	104.94895	0.169	288.1
2020-08-25T04:20	87.77535	104.93709	0.173	286.3
2020-08-25T04:30	87.77550	104.92521	0.174	287.3
2020-08-25T04:40	87.77565	104.91323	0.176	288.0
2020-08-25T04:50	87.77580	104.90120	0.177	288.3
2020-08-25T05:00	87.77595	104.88909	0.178	287.7
2020-08-25T05:10	87.77610	104.87655	0.183	286.9
2020-08-25T05:20	87.77624	104.86383	0.185	285.7
2020-08-25T05:30	87.77637	104.85079	0.188	284.5
2020-08-25T05:40	87.77650	104.83784	0.187	284.4
2020-08-25T05:50	87.77661	104.82468	0.188	282.8
2020-08-25T06:00	87.77673	104.81144	0.190	283.0
2020-08-25T06:10	87.77685	104.79816	0.190	283.0
2020-08-25T06:20	87.77698	104.78509	0.188	283.9
2020-08-25T06:30	87.77711	104.77252	0.182	285.9
2020-08-25T06:40	87.77725	104.75992	0.183	286.0
2020-08-25T06:50	87.77740	104.74793	0.175	286.8
2020-08-25T07:00	87.77752	104.73676	0.162	286.0
2020-08-25T07:10	87.77764	104.72608	0.155	285.9
2020-08-25T07:20	87.77776	104.71586	0.150	287.6
2020-08-25T07:30	87.77790	104.70617	0.144	289.6
2020-08-25T07:40	87.77802	104.69684	0.138	288.9
2020-08-25T07:50	87.77813	104.68816	0.128	288.4
2020-08-25T08:00	87.77824	104.67940	0.128	287.7
2020-08-25T08:10	87.77834	104.67058	0.128	286.5
2020-08-25T08:20	87.77842	104.66200	0.123	283.4
2020-08-25T08:30	87.77849	104.65359	0.120	281.7
2020-08-25T08:40	87.77855	104.64549	0.115	281.6
2020-08-25T08:50	87.77862	104.63734	0.116	281.3
2020-08-25T09:00	87.77869	104.62944	0.113	283.5
2020-08-25T09:10	87.77878	104.62184	0.111	287.2
2020-08-25T09:20	87.77890	104.61432	0.113	291.3
2020-08-25T09:30	87.77902	104.60704	0.112	294.4
2020-08-25T09:40	87.77916	104.60000	0.110	296.5
2020-08-25T09:50	87.77931	104.59315	0.109	298.8
2020-08-25T10:00	87.77945	104.58611	0.111	298.2
2020-08-25T10:10	87.77960	104.57994	0.101	301.7
2020-08-25T10:20	87.77974	104.57351	0.104	300.2
2020-08-25T10:30	87.77990	104.56714	0.106	303.0
2020-08-25T10:40	87.78005	104.56090	0.102	301.3
2020-08-25T10:50	87.78023	104.55487	0.105	306.7
2020-08-25T11:00	87.78040	104.54900	0.104	307.9
2020-08-25T11:10	87.78056	104.54294	0.102	304.2
2020-08-25T11:20	87.78071	104.53682	0.102	302.8
2020-08-25T11:30	87.78087	104.53059	0.102	302.1
2020-08-25T11:40	87.78101	104.52431	0.102	300.4
2020-08-25T11:50	87.78114	104.51795	0.101	298.7
2020-08-25T12:00	87.78127	104.51128	0.103	295.7
2020-08-25T12:10	87.78139	104.50444	0.104	294.0
2020-08-25T12:20	87.78150	104.49752	0.104	292.3
2020-08-25T12:30	87.78160	104.49022	0.108	290.0
2020-08-25T12:40	87.78170	104.48287	0.108	289.0
2020-08-25T12:50	87.78180	104.47457	0.121	287.2
2020-08-25T13:00	87.78187	104.46716	0.107	285.4
2020-08-25T13:10	87.78195	104.45895	0.118	283.9
2020-08-25T13:20	87.78203	104.45071	0.118	283.2
2020-08-25T13:30	87.78210	104.44206	0.123	281.7
2020-08-25T13:40	87.78216	104.43322	0.125	280.8
2020-08-25T13:50	87.78223	104.42431	0.127	280.9
2020-08-25T14:00	87.78229	104.41521	0.129	280.4
2020-08-25T14:10	87.78236	104.40589	0.132	280.0
2020-08-25T14:20	87.78242	104.39637	0.135	279.7
2020-08-25T14:30	87.78249	104.38684	0.135	280.9
2020-08-25T14:40	87.78257	104.37733	0.135	281.4
2020-08-25T14:50	87.78265	104.36761	0.139	282.7
2020-08-25T15:00	87.78274	104.35799	0.138	283.7
2020-08-25T15:10	87.78284	104.34836	0.139	284.7
2020-08-25T15:20	87.78295	104.33866	0.140	286.0
2020-08-25T15:30	87.78306	104.32894	0.142	287.1
2020-08-25T15:40	87.78319	104.31924	0.143	288.8
2020-08-25T15:50	87.78333	104.30958	0.143	290.2
2020-08-25T16:00	87.78347	104.29991	0.145	291.5
2020-08-25T16:10	87.78364	104.29040	0.145	294.2
2020-08-25T16:20	87.78382	104.28105	0.145	296.1
2020-08-25T16:30	87.78400	104.27206	0.142	298.0
2020-08-25T16:40	87.78420	104.26330	0.142	300.6
2020-08-25T16:50	87.78441	104.25461	0.143	302.0
2020-08-25T17:00	87.78463	104.24643	0.139	305.2
2020-08-25T17:10	87.78487	104.23838	0.141	307.2
2020-08-25T17:20	87.78512	104.23064	0.140	309.8
2020-08-25T17:30	87.78538	104.22336	0.139	313.1
2020-08-25T17:40	87.78566	104.21604	0.142	314.1
2020-08-25T17:50	87.78594	104.20915	0.140	316.8
2020-08-25T18:00	87.78624	104.20259	0.140	319.3
2020-08-25T18:10	87.78655	104.19626	0.142	321.8
2020-08-25T18:20	87.78687	104.19031	0.143	324.6
2020-08-25T18:30	87.78721	104.18473	0.143	327.3
2020-08-25T18:40	87.78755	104.17930	0.144	328.3
2020-08-25T18:50	87.78790	104.17423	0.146	331.2
2020-08-25T19:00	87.78827	104.16960	0.148	334.3
2020-08-25T19:10	87.78867	104.16544	0.154	337.9
2020-08-25T19:20	87.78908	104.16139	0.158	339.2
2020-08-25T19:30	87.78951	104.15799	0.164	343.3
2020-08-25T19:40	87.78998	104.15539	0.172	347.9
2020-08-25T19:50	87.79045	104.15341	0.172	350.8
2020-08-25T20:00	87.79096	104.15213	0.182	354.4
2020-08-25T20:10	87.79149	104.15138	0.193	356.9
2020-08-25T20:20	87.79203	104.15104	0.195	358.6
2020-08-25T20:30	87.79260	104.15119	0.203	0.6
2020-08-25T20:40	87.79318	104.15141	0.209	0.8
2020-08-25T20:50	87.79377	104.15194	0.212	2.0
2020-08-25T21:00	87.79437	104.15261	0.216	2.5
2020-08-25T21:10	87.79497	104.15344	0.217	3.0
2020-08-25T21:20	87.79557	104.15424	0.219	2.9
2020-08-25T21:30	87.79620	104.15528	0.226	3.6
2020-08-25T21:40	87.79682	104.15635	0.224	3.8
2020-08-25T21:50	87.79746	104.15755	0.231	4.1
2020-08-25T22:00	87.79813	104.15937	0.243	6.0
2020-08-25T22:10	87.79881	104.16194	0.246	8.3
2020-08-25T22:20	87.79949	104.16495	0.250	9.6
2020-08-25T22:30	87.80019	104.16820	0.256	10.1
2020-08-25T22:40	87.80091	104.17159	0.262	10.3
2020-08-25T22:50	87.80163	104.17490	0.265	9.9
2020-08-25T23:00	87.80238	104.17831	0.274	9.9
2020-08-25T23:10	87.80317	104.18253	0.291	11.6
2020-08-25T23:20	87.80400	104.18881	0.311	16.2
2020-08-25T23:30	87.80484	104.19543	0.315	16.8
2020-08-25T23:40	87.80568	104.20228	0.315	17.4
2020-08-25T23:50	87.80651	104.20933	0.316	17.9
2020-08-26T00:00	87.80734	104.21651	0.316	18.2
2020-08-26T00:10	87.80818	104.22383	0.319	18.4
2020-08-26T00:20	87.80901	104.23163	0.317	19.8
2020-08-26T00:30	87.80983	104.23990	0.316	21.1
2020-08-26T00:40	87.81064	104.24894	0.316	23.2
2020-08-26T00:50	87.81144	104.25814	0.316	23.6
2020-08-26T01:00	87.81223	104.26777	0.312	25.1
2020-08-26T01:10	87.81300	104.27777	0.310	26.3
2020-08-26T01:20	87.81375	104.28780	0.305	26.8
2020-08-26T01:30	87.81451	104.29800	0.305	27.3
2020-08-26T01:40	87.81525	104.30861	0.304	28.6
2020-08-26T01:50	87.81600	104.31950	0.308	29.0
2020-08-26T02:00	87.81675	104.33086	0.313	29.9
2020-08-26T02:10	87.81751	104.34263	0.317	30.6
2020-08-26T02:20	87.81827	104.35487	0.321	31.5
2020-08-26T02:30	87.81902	104.36775	0.324	33.1
2020-08-26T02:40	87.81977	104.38144	0.328	34.9
2020-08-26T02:50	87.82049	104.39599	0.326	37.6
2020-08-26T03:00	87.82116	104.40961	0.306	37.5
2020-08-26T03:10	87.82183	104.42480	0.318	40.9
2020-08-26T03:20	87.82248	104.43993	0.314	41.2
2020-08-26T03:30	87.82314	104.45488	0.313	40.8
2020-08-26T03:40	87.82379	104.47045	0.315	42.5
2020-08-26T03:50	87.82441	104.48670	0.315	44.8
2020-08-26T04:00	87.82496	104.50162	0.284	45.8
2020-08-26T04:10	87.82554	104.51829	0.308	47.6
2020-08-26T04:20	87.82610	104.53457	0.301	47.5
2020-08-26T04:30	87.82666	104.55097	0.300	48.2
2020-08-26T04:40	87.82719	104.56779	0.300	50.0
2020-08-26T04:50	87.82772	104.58484	0.300	50.9
2020-08-26T05:00	87.82823	104.60220	0.300	52.1
2020-08-26T05:10	87.82872	104.61996	0.301	53.7
2020-08-26T05:20	87.82919	104.63791	0.298	55.3
2020-08-26T05:30	87.82962	104.65616	0.293	58.2
2020-08-26T05:40	87.83000	104.67444	0.285	61.2
2020-08-26T05:50	87.83037	104.69283	0.283	62.5
2020-08-26T06:00	87.83072	104.71109	0.279	63.1
2020-08-26T06:10	87.83106	104.72914	0.275	63.3
2020-08-26T06:20	87.83139	104.74705	0.271	64.3
2020-08-26T06:30	87.83168	104.76472	0.263	66.2
2020-08-26T06:40	87.83194	104.78270	0.262	69.2
2020-08-26T06:50	87.83215	104.80066	0.256	73.0
2020-08-26T07:00	87.83236	104.81836	0.253	72.4
2020-08-26T07:10	87.83258	104.83541	0.246	70.9
2020-08-26T07:20	87.83281	104.85145	0.233	69.5
2020-08-26T07:30	87.83307	104.86700	0.231	66.1
2020-08-26T07:40	87.83336	104.88164	0.226	62.1
2020-08-26T07:50	87.83369	104.89552	0.223	57.9
2020-08-26T08:00	87.83404	104.90909	0.223	55.8
2020-08-26T08:10	87.83439	104.92227	0.219	55.1
2020-08-26T08:20	87.83475	104.93457	0.211	52.3
2020-08-26T08:30	87.83514	104.94665	0.217	49.4
2020-08-26T08:40	87.83557	104.95855	0.224	46.3
2020-08-26T08:50	87.83603	104.96973	0.226	42.3
2020-08-26T09:00	87.83655	104.98086	0.240	39.1
2020-08-26T09:10	87.83711	104.99194	0.251	36.8
2020-08-26T09:20	87.83770	105.00265	0.258	34.2
2020-08-26T09:30	87.83833	105.01312	0.267	32.1
2020-08-26T09:40	87.83901	105.02323	0.280	29.4
2020-08-26T09:50	87.83972	105.03344	0.292	28.3
2020-08-26T10:00	87.84050	105.04262	0.306	24.0
2020-08-26T10:10	87.84130	105.05217	0.316	24.2
2020-08-26T10:20	87.84214	105.06230	0.332	24.4
2020-08-26T10:30	87.84302	105.07233	0.345	23.2
2020-08-26T10:40	87.84391	105.08230	0.349	22.7
2020-08-26T10:50	87.84481	105.09339	0.356	24.9
2020-08-26T11:00	87.84582	105.10452	0.393	22.6
2020-08-26T11:10	87.84686	105.11569	0.404	22.0
2020-08-26T11:20	87.84793	105.12748	0.418	22.4
2020-08-26T11:30	87.84903	105.14036	0.432	23.8
2020-08-26T11:40	87.85016	105.15374	0.444	24.0
2020-08-26T11:50	87.85129	105.16770	0.448	24.9
2020-08-26T12:00	87.85246	105.18268	0.468	25.6
2020-08-26T12:10	87.85369	105.19990	0.501	27.6
2020-08-26T12:20	87.85499	105.21955	0.537	29.6
2020-08-26T12:30	87.85626	105.23912	0.530	29.8
2020-08-26T12:40	87.85751	105.25784	0.515	29.3
2020-08-26T12:50	87.85879	105.27670	0.524	28.9
2020-08-26T13:00	87.86000	105.29549	0.506	29.9
2020-08-26T13:10	87.86124	105.31527	0.520	30.8
2020-08-26T13:20	87.86247	105.33536	0.518	31.4
2020-08-26T13:30	87.86368	105.35576	0.515	32.2
2020-08-26T13:40	87.86488	105.37660	0.513	33.0
2020-08-26T13:50	87.86605	105.39744	0.507	33.4
2020-08-26T14:00	87.86720	105.41821	0.499	33.9
2020-08-26T14:10	87.86833	105.43920	0.494	34.7
2020-08-26T14:20	87.86943	105.46029	0.486	35.5
2020-08-26T14:30	87.87050	105.48140	0.477	36.3
2020-08-26T14:40	87.87152	105.50273	0.467	37.6
2020-08-26T14:50	87.87251	105.52442	0.459	39.1
2020-08-26T15:00	87.87347	105.54623	0.450	40.4
2020-08-26T15:10	87.87439	105.56814	0.442	41.5
2020-08-26T15:20	87.87527	105.59000	0.431	42.6
2020-08-26T15:30	87.87610	105.61168	0.418	43.8
2020-08-26T15:40	87.87689	105.63329	0.405	45.3
2020-08-26T15:50	87.87766	105.65474	0.396	46.2
2020-08-26T16:00	87.87838	105.67620	0.387	47.7
2020-08-26T16:10	87.87908	105.69740	0.377	48.4
2020-08-26T16:20	87.87973	105.71861	0.369	50.1
2020-08-26T16:30	87.88028	105.73818	0.326	53.0
2020-08-26T16:40	87.88085	105.75941	0.350	54.0
2020-08-26T16:50	87.88138	105.77902	0.323	53.9
2020-08-26T17:00	87.88193	105.79911	0.333	53.5
2020-08-26T17:10	87.88250	105.81871	0.332	51.7
2020-08-26T17:20	87.88305	105.83736	0.318	51.3
2020-08-26T17:30	87.88362	105.85584	0.320	50.2
2020-08-26T17:40	87.88418	105.87414	0.316	50.3
2020-08-26T17:50	87.88476	105.89249	0.320	49.6
2020-08-26T18:00	87.88531	105.91015	0.308	49.6
2020-08-26T18:10	87.88587	105.92782	0.309	49.4
2020-08-26T18:20	87.88643	105.94495	0.305	48.2
2020-08-26T18:30	87.88699	105.96220	0.305	48.6
2020-08-26T18:40	87.88755	105.97878	0.297	47.8
2020-08-26T18:50	87.88810	105.99546	0.298	48.0
2020-08-26T19:00	87.88865	106.01235	0.299	48.6
2020-08-26T19:10	87.88921	106.02896	0.298	47.7
2020-08-26T19:20	87.88977	106.04579	0.302	47.6
2020-08-26T19:30	87.89034	106.06187	0.296	46.0
2020-08-26T19:40	87.89096	106.07827	0.310	44.5
2020-08-26T19:50	87.89160	106.09431	0.313	42.7
2020-08-26T20:00	87.89225	106.11047	0.319	42.2
2020-08-26T20:10	87.89292	106.12632	0.320	41.0
2020-08-26T20:20	87.89361	106.14220	0.325	40.2
2020-08-26T20:30	87.89432	106.15805	0.330	39.4
2020-08-26T20:40	87.89505	106.17412	0.338	38.9
2020-08-26T20:50	87.89580	106.19055	0.348	38.7
2020-08-26T21:00	87.89656	106.20700	0.348	38.7
2020-08-26T21:10	87.89732	106.22357	0.352	38.4
2020-08-26T21:20	87.89812	106.24013	0.361	37.3
2020-08-26T21:30	87.89894	106.25689	0.367	37.0
2020-08-26T21:40	87.89979	106.27362	0.378	35.7
2020-08-26T21:50	87.90068	106.29027	0.389	34.4
2020-08-26T22:00	87.90161	106.30700	0.400	33.5
2020-08-26T22:10	87.90256	106.32392	0.409	33.0
2020-08-26T22:20	87.90353	106.34062	0.414	32.1
2020-08-26T22:30	87.90453	106.35742	0.422	31.6
2020-08-26T22:40	87.90555	106.37433	0.428	31.3
2020-08-26T22:50	87.90657	106.39153	0.432	31.5
2020-08-26T23:00	87.90761	106.40842	0.437	30.5
2020-08-26T23:10	87.90867	106.42548	0.443	30.4
2020-08-26T23:20	87.90975	106.44251	0.446	30.1
2020-08-26T23:30	87.91082	106.45972	0.448	30.3
2020-08-26T23:40	87.91190	106.47713	0.451	30.5
2020-08-26T23:50	87.91299	106.49453	0.454	30.2
2020-08-27T00:00	87.91408	106.51198	0.455	30.2
2020-08-27T00:10	87.91517	106.52929	0.453	30.0
2020-08-27T00:20	87.91626	106.54659	0.452	30.1
2020-08-27T00:30	87.91734	106.56409	0.452	30.4
2020-08-27T00:40	87.91843	106.58142	0.452	30.1
2020-08-27T00:50	87.91950	106.59902	0.450	30.8
2020-08-27T01:00	87.92056	106.61659	0.447	30.9
2020-08-27T01:10	87.92161	106.63431	0.443	31.5
2020-08-27T01:20	87.92265	106.65187	0.440	31.4
2020-08-27T01:30	87.92369	106.66959	0.437	31.9
2020-08-27T01:40	87.92470	106.68745	0.432	32.6
2020-08-27T01:50	87.92569	106.70552	0.429	33.3
2020-08-27T02:00	87.92666	106.72385	0.424	34.3
2020-08-27T02:10	87.92762	106.74259	0.423	35.2
2020-08-27T02:20	87.92855	106.76152	0.414	36.5
2020-08-27T02:30	87.92945	106.78077	0.409	37.8
2020-08-27T02:40	87.93031	106.80072	0.406	39.7
2020-08-27T02:50	87.93115	106.82113	0.402	41.3
2020-08-27T03:00	87.93197	106.84184	0.398	42.6
2020-08-27T03:10	87.93275	106.86313	0.394	44.5
2020-08-27T03:20	87.93350	106.88472	0.390	45.9
2020-08-27T03:30	87.93422	106.90704	0.389	48.2
2020-08-27T03:40	87.93492	106.92927	0.383	48.8
2020-08-27T03:50	87.93560	106.95195	0.381	50.6
2020-08-27T04:00	87.93624	106.97487	0.378	51.9
2020-08-27T04:10	87.93686	106.99755	0.368	53.0
2020-08-27T04:20	87.93744	107.02020	0.361	54.4
2020-08-27T04:30	87.93800	107.04292	0.356	55.7
2020-08-27T04:40	87.93852	107.06580	0.351	57.6
2020-08-27T04:50	87.93902	107.08897	0.350	59.1
2020-08-27T05:00	87.93949	107.11186	0.342	60.2
2020-08-27T05:10	87.93993	107.13501	0.338	62.3
2020-08-27T05:20	87.94033	107.15748	0.325	63.4
2020-08-27T05:30	87.94070	107.17999	0.319	65.7
2020-08-27T05:40	87.94102	107.20134	0.300	67.1
2020-08-27T05:50	87.94134	107.22252	0.297	67.2
2020-08-27T06:00	87.94165	107.24333	0.291	67.7
2020-08-27T06:10	87.94194	107.26328	0.279	67.5
2020-08-27T06:20	87.94223	107.28340	0.280	68.6
2020-08-27T06:30	87.94250	107.30299	0.271	69.2
2020-08-27T06:40	87.94275	107.32213	0.264	69.5
2020-08-27T06:50	87.94298	107.34103	0.258	71.2
2020-08-27T07:00	87.94322	107.35898	0.247	69.9
2020-08-27T07:10	87.94344	107.37619	0.237	69.9
2020-08-27T07:20	87.94368	107.39287	0.232	68.5
2020-08-27T07:30	87.94392	107.40917	0.227	67.9
2020-08-27T07:40	87.94414	107.42498	0.219	68.6
2020-08-27T07:50	87.94435	107.43967	0.204	68.3
2020-08-27T08:00	87.94458	107.45414	0.204	66.3
2020-08-27T08:10	87.94480	107.46746	0.190	64.6
2020-08-27T08:20	87.94505	107.48016	0.187	61.3
2020-08-27T08:30	87.94532	107.49300	0.192	59.5
2020-08-27T08:40	87.94559	107.50524	0.186	58.4
2020-08-27T08:50	87.94587	107.51673	0.179	55.8
2020-08-27T09:00	87.94617	107.52780	0.178	53.3
2020-08-27T09:10	87.94650	107.53799	0.176	48.3
2020-08-27T09:20	87.94683	107.54789	0.175	46.9
2020-08-27T09:30	87.94718	107.55730	0.177	43.4
2020-08-27T09:40	87.94757	107.56659	0.184	40.7
2020-08-27T09:50	87.94797	107.57571	0.185	39.5
2020-08-27T10:00	87.94840	107.58523	0.197	38.5
2020-08-27T10:10	87.94888	107.59551	0.219	37.3
2020-08-27T10:20	87.94940	107.60577	0.230	35.1
2020-08-27T10:30	87.94996	107.61678	0.246	35.3
2020-08-27T10:40	87.95054	107.62731	0.251	32.7
2020-08-27T10:50	87.95117	107.63829	0.265	32.2
2020-08-27T11:00	87.95182	107.64903	0.273	30.4
2020-08-27T11:10	87.95253	107.65934	0.286	27.6
2020-08-27T11:20	87.95324	107.67048	0.296	29.0
2020-08-27T11:30	87.95399	107.68242	0.310	29.7
2020-08-27T11:40	87.95477	107.69450	0.322	28.9
2020-08-27T11:50	87.95557	107.70669	0.327	28.6
2020-08-27T12:00	87.95639	107.71856	0.333	27.2
2020-08-27T12:10	87.95724	107.73067	0.342	27.0
2020-08-27T12:20	87.95812	107.74305	0.354	26.7
2020-08-27T12:30	87.95902	107.75561	0.362	26.4
2020-08-27T12:40	87.95992	107.76871	0.365	27.4
2020-08-27T12:50	87.96083	107.78199	0.370	27.4
2020-08-27T13:00	87.96174	107.79551	0.372	27.7
2020-08-27T13:10	87.96266	107.80917	0.373	27.9
2020-08-27T13:20	87.96358	107.82287	0.374	28.0
2020-08-27T13:30	87.96449	107.83657	0.374	28.0
2020-08-27T13:40	87.96542	107.85053	0.379	28.1
2020-08-27T13:50	87.96635	107.86413	0.375	27.6
2020-08-27T14:00	87.96726	107.87785	0.373	28.0
2020-08-27T14:10	87.96819	107.89155	0.376	27.7
2020-08-27T14:20	87.96911	107.90511	0.374	27.5
2020-08-27T14:30	87.97003	107.91873	0.373	27.8
2020-08-27T14:40	87.97093	107.93284	0.373	28.8
2020-08-27T14:50	87.97183	107.94715	0.372	29.3
2020-08-27T15:00	87.97272	107.96217	0.372	30.9
2020-08-27T15:10	87.97360	107.97739	0.371	31.5
2020-08-27T15:20	87.97447	107.99295	0.370	32.4
2020-08-27T15:30	87.97531	108.00892	0.365	33.8
2020-08-27T15:40	87.97612	108.02549	0.361	35.7
2020-08-27T15:50	87.97691	108.04247	0.356	37.3
2020-08-27T16:00	87.97766	108.05990	0.351	39.2
2020-08-27T16:10	87.97839	108.07785	0.347	41.0
2020-08-27T16:20	87.97910	108.09669	0.350	43.2
2020-08-27T16:30	87.97977	108.11465	0.331	43.5
2020-08-27T16:40	87.98041	108.13284	0.327	44.9
2020-08-27T16:50	87.98102	108.15068	0.315	46.0
2020-08-27T17:00	87.98159	108.16864	0.306	48.1
2020-08-27T17:10	87.98212	108.18689	0.301	50.1
2020-08-27T17:20	87.98263	108.20558	0.300	52.3
2020-08-27T17:30	87.98310	108.22421	0.291	54.2
2020-08-27T17:40	87.98354	108.24201	0.274	55.4
2020-08-27T17:50	87.98394	108.25980	0.268	57.1
2020-08-27T18:00	87.98432	108.27661	0.252	57.6
2020-08-27T18:10	87.98466	108.29270	0.239	58.5
2020-08-27T18:20	87.98499	108.30758	0.221	58.3
2020-08-27T18:30	87.98529	108.32178	0.211	58.5
2020-08-27T18:40	87.98558	108.33472	0.194	57.7
2020-08-27T18:50	87.98586	108.34664	0.182	56.1
2020-08-27T19:00	87.98613	108.35731	0.167	54.0
2020-08-27T19:10	87.98640	108.36691	0.154	52.1
2020-08-27T19:20	87.98665	108.37536	0.142	49.0
2020-08-27T19:30	87.98690	108.38257	0.128	45.5
2020-08-27T19:40	87.98715	108.38834	0.114	39.7
2020-08-27T19:50	87.98740	108.39275	0.107	31.6
2020-08-27T20:00	87.98768	108.39629	0.110	24.1
2020-08-27T20:10	87.98797	108.39862	0.111	15.4
2020-08-27T20:20	87.98827	108.40029	0.108	11.2
2020-08-27T20:30	87.98858	108.40113	0.112	5.4
2020-08-27T20:40	87.98890	108.40100	0.117	359.2
2020-08-27T20:50	87.98926	108.40047	0.130	357.0
2020-08-27T21:00	87.98966	108.39978	0.144	356.6
2020-08-27T21:10	87.99011	108.39908	0.160	356.8
2020-08-27T21:20	87.99058	108.39879	0.170	358.8
2020-08-27T21:30	87.99111	108.39880	0.193	0.0
2020-08-27T21:40	87.99169	108.40048	0.207	5.9
2020-08-27T21:50	87.99229	108.40215	0.218	5.5
2020-08-27T22:00	87.99294	108.40387	0.233	5.3
2020-08-27T22:10	87.99362	108.40536	0.247	4.3
2020-08-27T22:20	87.99434	108.40676	0.258	3.9
2020-08-27T22:30	87.99509	108.40818	0.270	3.8
2020-08-27T22:40	87.99586	108.40987	0.279	4.4
2020-08-27T22:50	87.99665	108.41137	0.288	3.8
2020-08-27T23:00	87.99748	108.41306	0.297	4.1
2020-08-27T23:10	87.99833	108.41506	0.307	4.7
2020-08-27T23:20	87.99919	108.41735	0.313	5.3
2020-08-27T23:30	88.00008	108.42006	0.319	6.1
2020-08-27T23:40	88.00097	108.42310	0.324	6.8
2020-08-27T23:50	88.00187	108.42657	0.326	7.7
2020-08-28T00:00	88.00277	108.43034	0.328	8.3
2020-08-28T00:10	88.00367	108.43434	0.328	8.8
2020-08-28T00:20	88.00458	108.43849	0.331	9.0
2020-08-28T00:30	88.00549	108.44285	0.334	9.4
2020-08-28T00:40	88.00642	108.44761	0.337	10.2
2020-08-28T00:50	88.00733	108.45276	0.336	11.1
2020-08-28T01:00	88.00825	108.45842	0.339	12.0
2020-08-28T01:10	88.00917	108.46439	0.339	12.7
2020-08-28T01:20	88.01008	108.47075	0.338	13.6
2020-08-28T01:30	88.01099	108.47754	0.337	14.6
2020-08-28T01:40	88.01188	108.48478	0.334	15.7
2020-08-28T01:50	88.01276	108.49251	0.330	17.0
2020-08-28T02:00	88.01362	108.50061	0.327	18.0
2020-08-28T02:10	88.01448	108.50899	0.324	18.8
2020-08-28T02:20	88.01531	108.51763	0.321	19.7
2020-08-28T02:30	88.01614	108.52616	0.316	19.7
2020-08-28T02:40	88.01695	108.53507	0.312	20.8
2020-08-28T02:50	88.01774	108.54443	0.308	22.2
2020-08-28T03:00	88.01852	108.55444	0.306	24.0
2020-08-28T03:10	88.01927	108.56463	0.299	25.1
2020-08-28T03:20	88.02000	108.57524	0.295	26.6
2020-08-28T03:30	88.02070	108.58626	0.286	28.7
2020-08-28T03:40	88.02138	108.59749	0.281	29.8
2020-08-28T03:50	88.02203	108.60901	0.275	31.4
2020-08-28T04:00	88.02265	108.62065	0.266	33.0
2020-08-28T04:10	88.02324	108.63285	0.261	35.4
2020-08-28T04:20	88.02380	108.64497	0.252	36.7
2020-08-28T04:30	88.02433	108.65720	0.245	38.4
2020-08-28T04:40	88.02484	108.66977	0.239	40.7
2020-08-28T04:50	88.02533	108.68200	0.233	40.6
2020-08-28T05:00	88.02579	108.69431	0.227	42.3
2020-08-28T05:10	88.02625	108.70622	0.220	42.3
2020-08-28T05:20	88.02667	108.71789	0.211	43.3
2020-08-28T05:30	88.02708	108.72955	0.205	44.7
2020-08-28T05:40	88.02747	108.74072	0.197	44.5
2020-08-28T05:50	88.02784	108.75122	0.187	44.2
2020-08-28T06:00	88.02820	108.76134	0.181	43.8
2020-08-28T06:10	88.02856	108.77140	0.179	44.1
2020-08-28T06:20	88.02892	108.78047	0.170	41.3
2020-08-28T06:30	88.02925	108.78922	0.162	41.9
2020-08-28T06:40	88.02956	108.79761	0.153	42.7
2020-08-28T06:50	88.02986	108.80568	0.146	43.2
2020-08-28T07:00	88.03013	108.81344	0.138	44.2
2020-08-28T07:10	88.03039	108.82089	0.129	45.4
2020-08-28T07:20	88.03064	108.82770	0.125	42.6
2020-08-28T07:30	88.03088	108.83379	0.115	41.2
2020-08-28T07:40	88.03113	108.83963	0.114	39.1
2020-08-28T07:50	88.03138	108.84498	0.113	35.7
2020-08-28T08:00	88.03164	108.84995	0.111	33.7
2020-08-28T08:10	88.03191	108.85433	0.111	29.3
2020-08-28T08:20	88.03219	108.85822	0.111	25.6
2020-08-28T08:30	88.03248	108.86164	0.114	21.9
2020-08-28T08:40	88.03279	108.86478	0.117	19.3
2020-08-28T08:50	88.03312	108.86768	0.124	16.8
2020-08-28T09:00	88.03346	108.87015	0.129	13.6
2020-08-28T09:10	88.03383	108.87267	0.137	13.1
2020-08-28T09:20	88.03421	108.87515	0.138	12.8
2020-08-28T09:30	88.03461	108.87765	0.147	12.1
2020-08-28T09:40	88.03502	108.87974	0.150	9.9
2020-08-28T09:50	88.03545	108.88143	0.157	7.6
2020-08-28T10:00	88.03592	108.88288	0.169	6.1
2020-08-28T10:10	88.03638	108.88463	0.167	7.4
2020-08-28T10:20	88.03686	108.88635	0.176	6.9
2020-08-28T10:30	88.03735	108.88791	0.175	6.3
2020-08-28T10:40	88.03785	108.88970	0.181	7.0
2020-08-28T10:50	88.03836	108.89147	0.186	6.7
2020-08-28T11:00	88.03888	108.89316	0.188	6.4
2020-08-28T11:10	88.03940	108.89513	0.190	7.3
2020-08-28T11:20	88.03994	108.89722	0.195	7.6
2020-08-28T11:30	88.04048	108.89934	0.196	7.6
2020-08-28T11:40	88.04104	108.90170	0.205	8.1
2020-08-28T11:50	88.04162	108.90427	0.209	8.7
2020-08-28T12:00	88.04221	108.90667	0.216	7.9
2020-08-28T12:10	88.04283	108.90826	0.224	5.0
2020-08-28T12:20	88.04344	108.91068	0.224	7.7
2020-08-28T12:30	88.04407	108.91308	0.227	7.4
2020-08-28T12:40	88.04471	108.91559	0.233	7.6
2020-08-28T12:50	88.04536	108.91835	0.235	8.3
2020-08-28T13:00	88.04601	108.92121	0.237	8.5
2020-08-28T13:10	88.04666	108.92396	0.238	8.2
2020-08-28T13:20	88.04732	108.92690	0.239	8.7
2020-08-28T13:30	88.04797	108.93011	0.237	9.5
2020-08-28T13:40	88.04861	108.93327	0.235	9.5
2020-08-28T13:50	88.04925	108.93696	0.234	11.2
2020-08-28T14:00	88.04988	108.94109	0.231	12.6
2020-08-28T14:10	88.05050	108.94577	0.233	14.2
2020-08-28T14:20	88.05111	108.95126	0.230	17.0
2020-08-28T14:30	88.05172	108.95732	0.231	18.7
2020-08-28T14:40	88.05231	108.96345	0.224	19.6
2020-08-28T14:50	88.05287	108.96976	0.217	20.8
2020-08-28T15:00	88.05341	108.97627	0.209	22.4
2020-08-28T15:10	88.05393	108.98267	0.203	22.7
2020-08-28T15:20	88.05443	108.98912	0.196	23.7
2020-08-28T15:30	88.05490	108.99558	0.187	24.9
2020-08-28T15:40	88.05536	109.00213	0.183	25.9
2020-08-28T15:50	88.05580	109.00870	0.180	26.5
2020-08-28T16:00	88.05624	109.01538	0.176	27.6
2020-08-28T16:10	88.05665	109.02204	0.169	28.8
2020-08-28T16:20	88.05704	109.02881	0.165	30.1
2020-08-28T16:30	88.05742	109.03555	0.158	31.3
2020-08-28T16:40	88.05778	109.04222	0.153	32.1
2020-08-28T16:50	88.05812	109.04852	0.146	31.7
2020-08-28T17:00	88.05845	109.05478	0.139	33.2
2020-08-28T17:10	88.05875	109.06090	0.132	34.3
2020-08-28T17:20	88.05903	109.06652	0.123	33.9
2020-08-28T17:30	88.05930	109.07201	0.118	34.7
2020-08-28T17:40	88.05956	109.07736	0.112	35.6
2020-08-28T17:50	88.05979	109.08255	0.105	37.0
2020-08-28T18:00	88.06002	109.08746	0.103	35.4
2020-08-28T18:10	88.06026	109.09194	0.102	32.4
2020-08-28T18:20	88.06049	109.09604	0.097	31.0
2020-08-28T18:30	88.06072	109.09960	0.093	27.8
2020-08-28T18:40	88.06094	109.10296	0.090	27.1
2020-08-28T18:50	88.06116	109.10603	0.087	25.6
2020-08-28T19:00	88.06137	109.10856	0.081	22.4
2020-08-28T19:10	88.06157	109.11064	0.078	19.0
2020-08-28T19:20	88.06177	109.11239	0.074	16.8
2020-08-28T19:30	88.06195	109.11371	0.069	13.5
2020-08-28T19:40	88.06214	109.11475	0.069	10.6
2020-08-28T19:50	88.06232	109.11545	0.066	7.4
2020-08-28T20:00	88.06253	109.11577	0.075	3.0
2020-08-28T20:10	88.06277	109.11551	0.086	357.9
2020-08-28T20:20	88.06302	109.11534	0.090	358.6
2020-08-28T20:30	88.06329	109.11478	0.097	356.0
2020-08-28T20:40	88.06358	109.11403	0.105	355.0
2020-08-28T20:50	88.06388	109.11344	0.109	356.2
2020-08-28T21:00	88.06420	109.11288	0.113	356.6
2020-08-28T21:10	88.06452	109.11225	0.118	356.3
2020-08-28T21:20	88.06486	109.11164	0.121	356.4
2020-08-28T21:30	88.06521	109.11097	0.128	356.4
2020-08-28T21:40	88.06559	109.11021	0.137	356.1
2020-08-28T21:50	88.06600	109.10939	0.146	356.1
2020-08-28T22:00	88.06643	109.10849	0.154	355.9
2020-08-28T22:10	88.06688	109.10745	0.163	355.5
2020-08-28T22:20	88.06735	109.10669	0.170	356.9
2020-08-28T22:30	88.06784	109.10581	0.178	356.5
2020-08-28T22:40	88.06835	109.10480	0.183	356.2
2020-08-28T22:50	88.06888	109.10394	0.191	356.9
2020-08-28T23:00	88.06944	109.10323	0.202	357.5
2020-08-28T23:10	88.07000	109.10260	0.205	357.9
2020-08-28T23:20	88.07060	109.10204	0.216	358.2
2020-08-28T23:30	88.07122	109.10156	0.223	358.5
2020-08-28T23:40	88.07186	109.10132	0.230	359.3
2020-08-28T23:50	88.07251	109.10143	0.235	0.3
2020-08-29T00:00	88.07319	109.10164	0.244	0.6
2020-08-29T00:10	88.07388	109.10124	0.248	358.9
2020-08-29T00:20	88.07457	109.10138	0.249	0.4
2020-08-29T00:30	88.07529	109.10192	0.258	1.5
2020-08-29T00:40	88.07602	109.10293	0.265	2.6
2020-08-29T00:50	88.07677	109.10422	0.270	3.3
2020-08-29T01:00	88.07750	109.10591	0.263	4.5
2020-08-29T01:10	88.07824	109.10789	0.268	5.1
2020-08-29T01:20	88.07899	109.11017	0.271	5.8
2020-08-29T01:30	88.07975	109.11275	0.275	6.5
2020-08-29T01:40	88.08050	109.11587	0.274	7.9
2020-08-29T01:50	88.08125	109.11929	0.274	8.7
2020-08-29T02:00	88.08200	109.12329	0.273	10.2
2020-08-29T02:10	88.08274	109.12779	0.273	11.5
2020-08-29T02:20	88.08348	109.13279	0.273	12.7
2020-08-29T02:30	88.08422	109.13834	0.273	14.1
2020-08-29T02:40	88.08495	109.14440	0.272	15.5
2020-08-29T02:50	88.08567	109.15092	0.273	16.7
2020-08-29T03:00	88.08639	109.15795	0.271	18.2
2020-08-29T03:10	88.08710	109.16530	0.270	19.1
2020-08-29T03:20	88.08779	109.17323	0.268	20.8
2020-08-29T03:30	88.08848	109.18142	0.264	21.9
2020-08-29T03:40	88.08914	109.19025	0.262	23.8
2020-08-29T03:50	88.08979	109.19956	0.260	25.5
2020-08-29T04:00	88.09043	109.20919	0.257	26.8
2020-08-29T04:10	88.09105	109.21912	0.253	28.1
2020-08-29T04:20	88.09165	109.22921	0.248	29.2
2020-08-29T04:30	88.09224	109.23946	0.245	30.1
2020-08-29T04:40	88.09281	109.24971	0.240	30.7
2020-08-29T04:50	88.09338	109.26060	0.243	32.4
2020-08-29T05:00	88.09394	109.27092	0.234	31.8
2020-08-29T05:10	88.09448	109.28147	0.232	33.0
2020-08-29T05:20	88.09501	109.29191	0.230	32.8
2020-08-29T05:30	88.09554	109.30252	0.229	33.7
2020-08-29T05:40	88.09606	109.31255	0.222	32.7
2020-08-29T05:50	88.09657	109.32256	0.218	33.3
2020-08-29T06:00	88.09706	109.33259	0.214	34.0
2020-08-29T06:10	88.09755	109.34216	0.210	33.0
2020-08-29T06:20	88.09803	109.35170	0.206	33.5
2020-08-29T06:30	88.09850	109.36117	0.205	33.6
2020-08-29T06:40	88.09897	109.37053	0.202	33.7
2020-08-29T06:50	88.09943	109.37984	0.198	34.1
2020-08-29T07:00	88.09989	109.38855	0.196	32.1
2020-08-29T07:10	88.10035	109.39717	0.196	31.6
2020-08-29T07:20	88.10082	109.40525	0.194	29.8
2020-08-29T07:30	88.10128	109.41306	0.192	29.1
2020-08-29T07:40	88.10175	109.42040	0.190	27.5
2020-08-29T07:50	88.10223	109.42710	0.190	24.9
2020-08-29T08:00	88.10270	109.43344	0.187	23.8
2020-08-29T08:10	88.10318	109.43949	0.188	22.6
2020-08-29T08:20	88.10367	109.44500	0.185	20.7
2020-08-29T08:30	88.10416	109.45005	0.187	18.8
2020-08-29T08:40	88.10466	109.45490	0.189	17.8
2020-08-29T08:50	88.10516	109.45916	0.190	15.5
2020-08-29T09:00	88.10570	109.46426	0.202	17.5
2020-08-29T09:10	88.10624	109.46869	0.203	15.1
2020-08-29T09:20	88.10681	109.47274	0.211	13.2
2020-08-29T09:30	88.10739	109.47629	0.213	11.4
2020-08-29T09:40	88.10801	109.47942	0.224	9.6
2020-08-29T09:50	88.10864	109.48245	0.229	9.1
2020-08-29T10:00	88.10929	109.48537	0.239	8.3
2020-08-29T10:10	88.10997	109.48782	0.248	6.8
2020-08-29T10:20	88.11069	109.48994	0.260	5.5
2020-08-29T10:30	88.11141	109.49215	0.260	5.8
2020-08-29T10:40	88.11217	109.49383	0.272	4.2
2020-08-29T10:50	88.11295	109.49576	0.282	4.7
2020-08-29T11:00	88.11375	109.49771	0.291	4.6
2020-08-29T11:10	88.11457	109.49981	0.297	4.8
2020-08-29T11:20	88.11542	109.50199	0.305	4.9
2020-08-29T11:30	88.11629	109.50426	0.315	4.9
2020-08-29T11:40	88.11717	109.50636	0.318	4.5
2020-08-29T11:50	88.11809	109.50860	0.330	4.6
2020-08-29T12:00	88.11901	109.51107	0.336	5.0
2020-08-29T12:10	88.11995	109.51408	0.340	6.0
2020-08-29T12:20	88.12091	109.51735	0.345	6.4
2020-08-29T12:30	88.12187	109.52138	0.350	7.8
2020-08-29T12:40	88.12284	109.52532	0.354	7.5
2020-08-29T12:50	88.12383	109.52973	0.359	8.3
2020-08-29T13:00	88.12482	109.53479	0.361	9.5
2020-08-29T13:10	88.12581	109.54019	0.363	10.1
2020-08-29T13:20	88.12682	109.54637	0.368	11.4
2020-08-29T13:30	88.12782	109.55334	0.370	12.8
2020-08-29T13:40	88.12883	109.56082	0.374	13.6
2020-08-29T13:50	88.12983	109.56903	0.373	15.0
2020-08-29T14:00	88.13083	109.57788	0.376	16.1
2020-08-29T14:10	88.13183	109.58747	0.378	17.3
2020-08-29T14:20	88.13284	109.59768	0.380	18.4
2020-08-29T14:30	88.13383	109.60875	0.382	19.9
2020-08-29T14:40	88.13482	109.62049	0.382	21.1
2020-08-29T14:50	88.13581	109.63291	0.384	22.3
2020-08-29T15:00	88.13679	109.64625	0.384	24.0
2020-08-29T15:10	88.13776	109.66033	0.387	25.2
2020-08-29T15:20	88.13872	109.67514	0.387	26.6
2020-08-29T15:30	88.13967	109.69067	0.387	28.0
2020-08-29T15:40	88.14060	109.70686	0.386	29.3
2020-08-29T15:50	88.14151	109.72382	0.383	31.1
2020-08-29T16:00	88.14241	109.74134	0.381	32.5
2020-08-29T16:10	88.14327	109.75929	0.375	33.9
2020-08-29T16:20	88.14410	109.77799	0.371	36.0
2020-08-29T16:30	88.14491	109.79724	0.367	37.7
2020-08-29T16:40	88.14568	109.81689	0.360	39.4
2020-08-29T16:50	88.14642	109.83677	0.352	41.2
2020-08-29T17:00	88.14713	109.85660	0.346	41.9
2020-08-29T17:10	88.14781	109.87644	0.337	43.3
2020-08-29T17:20	88.14846	109.89644	0.330	44.8
2020-08-29T17:30	88.14910	109.91637	0.325	45.5
2020-08-29T17:40	88.14972	109.93609	0.322	45.5
2020-08-29T17:50	88.15033	109.95549	0.314	45.8
2020-08-29T18:00	88.15093	109.97504	0.314	46.3
2020-08-29T18:10	88.15152	109.99455	0.310	46.9
2020-08-29T18:20	88.15210	110.01401	0.306	47.5
2020-08-29T18:30	88.15266	110.03347	0.304	48.1
2020-08-29T18:40	88.15321	110.05299	0.300	49.0
2020-08-29T18:50	88.15374	110.07253	0.297	49.8
2020-08-29T19:00	88.15426	110.09175	0.291	50.1
2020-08-29T19:10	88.15477	110.11066	0.286	50.0
2020-08-29T19:20	88.15528	110.12966	0.287	50.1
2020-08-29T19:30	88.15580	110.14820	0.285	48.8
2020-08-29T19:40	88.15632	110.16637	0.282	48.3
2020-08-29T19:50	88.15684	110.18435	0.280	48.1
2020-08-29T20:00	88.15737	110.20184	0.277	46.9
2020-08-29T20:10	88.15790	110.21900	0.276	45.9
2020-08-29T20:20	88.15844	110.23561	0.274	44.6
2020-08-29T20:30	88.15899	110.25194	0.274	43.6
2020-08-29T20:40	88.15955	110.26726	0.267	41.6
2020-08-29T20:50	88.16011	110.28250	0.267	41.2
2020-08-29T21:00	88.16067	110.29751	0.266	40.7
2020-08-29T21:10	88.16123	110.31245	0.266	40.5
2020-08-29T21:20	88.16180	110.32735	0.270	39.7
2020-08-29T21:30	88.16240	110.34200	0.274	38.1
2020-08-29T21:40	88.16302	110.35632	0.277	36.6
2020-08-29T21:50	88.16365	110.37068	0.282	36.0
2020-08-29T22:00	88.16430	110.38495	0.285	35.3
2020-08-29T22:10	88.16497	110.39905	0.291	34.0
2020-08-29T22:20	88.16565	110.41297	0.294	33.0
2020-08-29T22:30	88.16637	110.42706	0.304	32.3
2020-08-29T22:40	88.16710	110.44159	0.312	32.5
2020-08-29T22:50	88.16786	110.45679	0.326	32.4
2020-08-29T23:00	88.16866	110.47196	0.335	31.4
2020-08-29T23:10	88.16947	110.48728	0.343	30.9
2020-08-29T23:20	88.17031	110.50330	0.352	31.5
2020-08-29T23:30	88.17116	110.51997	0.361	32.0
2020-08-29T23:40	88.17201	110.53696	0.365	32.3
2020-08-29T23:50	88.17289	110.55414	0.372	32.0
2020-08-30T00:00	88.17377	110.57110	0.370	31.7
2020-08-30T00:10	88.17468	110.58858	0.387	31.2
2020-08-30T00:20	88.17563	110.60653	0.399	31.0
2020-08-30T00:30	88.17660	110.62457	0.405	30.7
2020-08-30T00:40	88.17760	110.64282	0.414	30.3
2020-08-30T00:50	88.17862	110.66073	0.421	29.1
2020-08-30T01:00	88.17966	110.67855	0.427	28.5
2020-08-30T01:10	88.18071	110.69670	0.433	28.6
2020-08-30T01:20	88.18177	110.71512	0.437	28.8
2020-08-30T01:30	88.18287	110.73361	0.446	28.3
2020-08-30T01:40	88.18397	110.75238	0.452	28.3
2020-08-30T01:50	88.18509	110.77140	0.457	28.4
2020-08-30T02:00	88.18622	110.79084	0.465	28.5
2020-08-30T02:10	88.18736	110.81041	0.468	28.5
2020-08-30T02:20	88.18851	110.83015	0.472	28.5
2020-08-30T02:30	88.18967	110.85038	0.476	28.9
2020-08-30T02:40	88.19083	110.87103	0.479	29.3
2020-08-30T02:50	88.19199	110.89236	0.483	30.1
2020-08-30T03:00	88.19315	110.91447	0.486	31.1
2020-08-30T03:10	88.19430	110.93761	0.491	32.3
2020-08-30T03:20	88.19544	110.96154	0.491	33.5
2020-08-30T03:30	88.19656	110.98647	0.493	34.9
2020-08-30T03:40	88.19767	111.01231	0.496	36.2
2020-08-30T03:50	88.19877	111.03893	0.499	37.2
2020-08-30T04:00	88.19986	111.06642	0.500	38.4
2020-08-30T04:10	88.20093	111.09450	0.500	39.4
2020-08-30T04:20	88.20199	111.12346	0.502	40.7
2020-08-30T04:30	88.20304	111.15322	0.505	41.8
2020-08-30T04:40	88.20407	111.18387	0.509	42.8
2020-08-30T04:50	88.20509	111.21523	0.510	43.9
2020-08-30T05:00	88.20609	111.24723	0.509	45.1
2020-08-30T05:10	88.20707	111.27999	0.509	46.4
2020-08-30T05:20	88.20802	111.31305	0.505	47.5
2020-08-30T05:30	88.20893	111.34606	0.498	48.3
2020-08-30T05:40	88.20984	111.37942	0.497	49.1
2020-08-30T05:50	88.21071	111.41344	0.495	50.6
2020-08-30T06:00	88.21156	111.44779	0.492	51.7
2020-08-30T06:10	88.21237	111.48211	0.483	52.9
2020-08-30T06:20	88.21316	111.51585	0.474	53.1
2020-08-30T06:30	88.21391	111.54956	0.465	54.5
2020-08-30T06:40	88.21463	111.58328	0.458	55.6
2020-08-30T06:50	88.21532	111.61661	0.450	56.1
2020-08-30T07:00	88.21599	111.64940	0.440	56.7
2020-08-30T07:10	88.21666	111.68150	0.432	56.3
2020-08-30T07:20	88.21731	111.71263	0.420	56.2
2020-08-30T07:30	88.21794	111.74278	0.407	56.1
2020-08-30T07:40	88.21856	111.77245	0.400	56.1
2020-08-30T07:50	88.21914	111.80195	0.392	57.4
2020-08-30T08:00	88.21972	111.83120	0.388	57.5
2020-08-30T08:10	88.22030	111.86002	0.384	57.2
2020-08-30T08:20	88.22086	111.88804	0.373	57.0
2020-08-30T08:30	88.22142	111.91528	0.364	56.8
2020-08-30T08:40	88.22197	111.94199	0.359	56.2
2020-08-30T08:50	88.22253	111.96828	0.355	55.8
2020-08-30T09:00	88.22307	111.99433	0.352	55.8
2020-08-30T09:10	88.22362	112.01993	0.346	55.7
2020-08-30T09:20	88.22416	112.04460	0.337	54.8
2020-08-30T09:30	88.22468	112.06759	0.320	53.4
2020-08-30T09:40	88.22520	112.08979	0.310	53.0
2020-08-30T09:50	88.22572	112.11161	0.306	52.7
2020-08-30T10:00	88.22624	112.13256	0.300	51.2
2020-08-30T10:10	88.22677	112.15265	0.295	49.2
2020-08-30T10:20	88.22730	112.17149	0.283	47.8
2020-08-30T10:30	88.22782	112.19018	0.280	48.0
2020-08-30T10:40	88.22835	112.20809	0.276	46.2
2020-08-30T10:50	88.22892	112.22549	0.281	43.5
2020-08-30T11:00	88.22946	112.24233	0.272	43.6
2020-08-30T11:10	88.23004	112.25977	0.283	43.3
2020-08-30T11:20	88.23061	112.27775	0.288	43.9
2020-08-30T11:30	88.23122	112.29597	0.298	42.7
2020-08-30T11:40	88.23185	112.31432	0.304	42.1
2020-08-30T11:50	88.23246	112.33198	0.296	41.5
2020-08-30T12:00	88.23308	112.34963	0.297	41.2
2020-08-30T12:10	88.23371	112.36743	0.300	41.1
2020-08-30T12:20	88.23435	112.38577	0.307	41.5
2020-08-30T12:30	88.23502	112.40419	0.315	40.4
2020-08-30T12:40	88.23571	112.42274	0.322	39.8
2020-08-30T12:50	88.23643	112.44171	0.334	39.0
2020-08-30T13:00	88.23716	112.46068	0.336	38.7
2020-08-30T13:10	88.23788	112.47980	0.337	39.0
2020-08-30T13:20	88.23861	112.49873	0.334	38.8
2020-08-30T13:30	88.23932	112.51775	0.333	39.1
2020-08-30T13:40	88.24003	112.53679	0.329	39.8
2020-08-30T13:50	88.24073	112.55580	0.330	39.6
2020-08-30T14:00	88.24148	112.57406	0.337	36.8
2020-08-30T14:10	88.24222	112.59184	0.329	36.6
2020-08-30T14:20	88.24297	112.60932	0.332	35.5
2020-08-30T14:30	88.24374	112.62620	0.335	33.8
2020-08-30T14:40	88.24452	112.64318	0.337	33.8
2020-08-30T14:50	88.24530	112.66030	0.339	33.9
2020-08-30T15:00	88.24608	112.67758	0.339	34.2
2020-08-30T15:10	88.24684	112.69526	0.338	35.2
2020-08-30T15:20	88.24760	112.71329	0.338	36.0
2020-08-30T15:30	88.24835	112.73210	0.338	37.7
2020-08-30T15:40	88.24908	112.75150	0.338	39.1
2020-08-30T15:50	88.24978	112.77172	0.338	41.1
2020-08-30T16:00	88.25047	112.79266	0.339	42.8
2020-08-30T16:10	88.25115	112.81385	0.336	43.8
2020-08-30T16:20	88.25179	112.83581	0.336	46.0
2020-08-30T16:30	88.25242	112.85792	0.332	46.9
2020-08-30T16:40	88.25304	112.88045	0.332	48.2
2020-08-30T16:50	88.25363	112.90328	0.330	49.5
2020-08-30T17:00	88.25421	112.92645	0.329	50.7
2020-08-30T17:10	88.25477	112.94998	0.327	52.2
2020-08-30T17:20	88.25530	112.97383	0.325	53.7
2020-08-30T17:30	88.25582	112.99769	0.322	54.4
2020-08-30T17:40	88.25633	113.02138	0.317	54.9
2020-08-30T17:50	88.25682	113.04497	0.314	55.4
2020-08-30T18:00	88.25730	113.06860	0.311	56.4
2020-08-30T18:10	88.25776	113.09222	0.307	57.3
2020-08-30T18:20	88.25821	113.11549	0.301	57.7
2020-08-30T18:30	88.25864	113.13853	0.297	58.1
2020-08-30T18:40	88.25906	113.16088	0.288	58.2
2020-08-30T18:50	88.25948	113.18284	0.283	58.2
2020-08-30T19:00	88.25988	113.20401	0.272	58.2
2020-08-30T19:10	88.26026	113.22510	0.269	58.9
2020-08-30T19:20	88.26061	113.24472	0.249	59.3
2020-08-30T19:30	88.26099	113.26357	0.246	56.7
2020-08-30T19:40	88.26135	113.28232	0.241	58.0
2020-08-30T19:50	88.26169	113.30016	0.231	57.6
2020-08-30T20:00	88.26202	113.31734	0.223	57.4
2020-08-30T20:10	88.26234	113.33417	0.217	57.9
2020-08-30T20:20	88.26265	113.35048	0.209	58.2
2020-08-30T20:30	88.26294	113.36621	0.202	58.2
2020-08-30T20:40	88.26323	113.38149	0.195	58.6
2020-08-30T20:50	88.26350	113.39628	0.189	58.7
2020-08-30T21:00	88.26376	113.41051	0.182	58.5
2020-08-30T21:10	88.26402	113.42405	0.174	58.2
2020-08-30T21:20	88.26427	113.43717	0.169	57.7
2020-08-30T21:30	88.26452	113.44895	0.157	54.7
2020-08-30T21:40	88.26478	113.46006	0.152	52.8
2020-08-30T21:50	88.26504	113.47044	0.147	50.5
2020-08-30T22:00	88.26529	113.48004	0.140	48.4
2020-08-30T22:10	88.26556	113.48891	0.136	45.4
2020-08-30T22:20	88.26583	113.49675	0.129	41.3
2020-08-30T22:30	88.26612	113.50411	0.132	37.4
2020-08-30T22:40	88.26641	113.51072	0.128	34.3
2020-08-30T22:50	88.26673	113.51730	0.134	32.3
2020-08-30T23:00	88.26705	113.52333	0.132	29.7
2020-08-30T23:10	88.26737	113.52861	0.129	26.5
2020-08-30T23:20	88.26769	113.53373	0.129	25.6
2020-08-30T23:30	88.26803	113.53857	0.133	23.2
2020-08-30T23:40	88.26838	113.54329	0.136	22.2
2020-08-30T23:50	88.26875	113.54737	0.139	18.5
2020-08-31T00:00	88.26913	113.55122	0.143	17.0
2020-08-31T00:10	88.26952	113.55499	0.148	16.1
2020-08-31T00:20	88.26994	113.55842	0.154	14.0
2020-08-31T00:30	88.27038	113.56153	0.163	12.0
2020-08-31T00:40	88.27083	113.56478	0.167	12.2
2020-08-31T00:50	88.27133	113.56807	0.182	11.3
2020-08-31T01:00	88.27186	113.57120	0.193	10.1
2020-08-31T01:10	88.27242	113.57430	0.204	9.5
2020-08-31T01:20	88.27298	113.57789	0.207	10.8
2020-08-31T01:30	88.27354	113.58183	0.207	11.9
2020-08-31T01:40	88.27412	113.58600	0.212	12.3
2020-08-31T01:50	88.27469	113.59099	0.213	14.7
2020-08-31T02:00	88.27526	113.59677	0.215	16.9
2020-08-31T02:10	88.27584	113.60267	0.219	17.0
2020-08-31T02:20	88.27643	113.60887	0.221	17.7
2020-08-31T02:30	88.27702	113.61539	0.224	18.4
2020-08-31T02:40	88.27760	113.62242	0.224	19.8
2020-08-31T02:50	88.27818	113.63012	0.224	21.9
2020-08-31T03:00	88.27876	113.63807	0.225	22.4
2020-08-31T03:10	88.27933	113.64692	0.226	25.1
2020-08-31T03:20	88.27989	113.65645	0.228	26.9
2020-08-31T03:30	88.28045	113.66650	0.228	28.4
2020-08-31T03:40	88.28100	113.67717	0.228	30.4
2020-08-31T03:50	88.28153	113.68820	0.227	31.6
2020-08-31T04:00	88.28206	113.69969	0.226	33.3
2020-08-31T04:10	88.28257	113.71146	0.223	34.8
2020-08-31T04:20	88.28306	113.72376	0.222	36.8
2020-08-31T04:30	88.28354	113.73647	0.220	38.4
2020-08-31T04:40	88.28400	113.74986	0.220	40.9
2020-08-31T04:50	88.28445	113.76361	0.220	42.4
2020-08-31T05:00	88.28489	113.77751	0.216	43.8
2020-08-31T05:10	88.28531	113.79183	0.217	45.5
2020-08-31T05:20	88.28571	113.80653	0.214	47.6
2020-08-31T05:30	88.28610	113.82157	0.214	49.0
2020-08-31T05:40	88.28647	113.83649	0.209	50.1
2020-08-31T05:50	88.28683	113.85162	0.207	51.7
2020-08-31T06:00	88.28717	113.86685	0.204	53.4
2020-08-31T06:10	88.28749	113.88181	0.198	54.3
2020-08-31T06:20	88.28779	113.89677	0.195	55.5
2020-08-31T06:30	88.28808	113.91124	0.186	56.8
2020-08-31T06:40	88.28835	113.92522	0.179	57.2
2020-08-31T06:50	88.28860	113.93872	0.172	57.7
2020-08-31T07:00	88.28885	113.95202	0.168	58.2
2020-08-31T07:10	88.28909	113.96475	0.163	57.0
2020-08-31T07:20	88.28932	113.97715	0.157	58.3
2020-08-31T07:30	88.28954	113.98936	0.153	58.8
2020-08-31T07:40	88.28976	114.00124	0.150	58.2
2020-08-31T07:50	88.28998	114.01279	0.146	58.1
2020-08-31T08:00	88.29019	114.02375	0.140	57.2
2020-08-31T08:10	88.29040	114.03464	0.139	57.1
2020-08-31T08:20	88.29060	114.04435	0.128	54.6
2020-08-31T08:30	88.29081	114.05397	0.127	54.5
2020-08-31T08:40	88.29102	114.06306	0.123	52.4
2020-08-31T08:50	88.29123	114.07144	0.118	49.9
2020-08-31T09:00	88.29145	114.07919	0.114	46.7
2020-08-31T09:10	88.29166	114.08627	0.110	43.9
2020-08-31T09:20	88.29191	114.09290	0.112	39.4
2020-08-31T09:30	88.29213	114.09852	0.100	37.0
2020-08-31T09:40	88.29236	114.10390	0.103	34.1
2020-08-31T09:50	88.29260	114.10876	0.100	31.4
2020-08-31T10:00	88.29284	114.11330	0.099	29.6
2020-08-31T10:10	88.29308	114.11708	0.096	25.0
2020-08-31T10:20	88.29334	114.12040	0.098	21.2
2020-08-31T10:30	88.29360	114.12330	0.099	18.2
2020-08-31T10:40	88.29386	114.12590	0.098	16.5
2020-08-31T10:50	88.29414	114.12816	0.104	13.4
2020-08-31T11:00	88.29445	114.12998	0.111	10.1
2020-08-31T11:10	88.29476	114.13146	0.114	8.0
2020-08-31T11:20	88.29508	114.13314	0.119	8.7
2020-08-31T11:30	88.29543	114.13509	0.127	9.4
2020-08-31T11:40	88.29582	114.13681	0.139	7.6
2020-08-31T11:50	88.29623	114.13791	0.150	4.5
2020-08-31T12:00	88.29667	114.13886	0.157	3.7
2020-08-31T12:10	88.29710	114.14015	0.157	5.1
2020-08-31T12:20	88.29754	114.14204	0.158	7.3
2020-08-31T12:30	88.29800	114.14336	0.168	4.8
2020-08-31T12:40	88.29850	114.14484	0.179	5.1
2020-08-31T12:50	88.29900	114.14648	0.180	5.6
2020-08-31T13:00	88.29953	114.14805	0.193	5.0
2020-08-31T13:10	88.30008	114.14950	0.201	4.4
2020-08-31T13:20	88.30064	114.15124	0.200	5.3
2020-08-31T13:30	88.30120	114.15304	0.205	5.4
2020-08-31T13:40	88.30178	114.15523	0.209	6.4
2020-08-31T13:50	88.30239	114.15745	0.220	6.2
2020-08-31T14:00	88.30297	114.15993	0.212	7.2
2020-08-31T14:10	88.30356	114.16316	0.216	9.2
2020-08-31T14:20	88.30419	114.16671	0.229	9.5
2020-08-31T14:30	88.30482	114.17064	0.231	10.5
2020-08-31T14:40	88.30546	114.17516	0.234	11.9
2020-08-31T14:50	88.30609	114.18030	0.234	13.5
2020-08-31T15:00	88.30672	114.18606	0.235	15.1
2020-08-31T15:10	88.30734	114.19228	0.232	16.6
2020-08-31T15:20	88.30795	114.19924	0.232	18.6
2020-08-31T15:30	88.30855	114.20684	0.233	20.3
2020-08-31T15:40	88.30915	114.21495	0.233	21.7
2020-08-31T15:50	88.30974	114.22383	0.232	24.0
2020-08-31T16:00	88.31032	114.23280	0.227	24.8
2020-08-31T16:10	88.31088	114.24266	0.228	27.3
2020-08-31T16:20	88.31144	114.25269	0.227	27.9
2020-08-31T16:30	88.31198	114.26292	0.226	28.7
2020-08-31T16:40	88.31252	114.27363	0.225	30.3
2020-08-31T16:50	88.31305	114.28462	0.224	31.4
2020-08-31T17:00	88.31358	114.29579	0.222	32.2
2020-08-31T17:10	88.31408	114.30729	0.220	33.6
2020-08-31T17:20	88.31458	114.31893	0.218	34.4
2020-08-31T17:30	88.31508	114.33086	0.218	35.5
2020-08-31T17:40	88.31555	114.34278	0.213	36.3
2020-08-31T17:50	88.31601	114.35507	0.211	38.0
2020-08-31T18:00	88.31646	114.36745	0.208	39.1
2020-08-31T18:10	88.31689	114.37984	0.203	40.2
2020-08-31T18:20	88.31731	114.39227	0.199	41.2
2020-08-31T18:30	88.31771	114.40467	0.195	42.2
2020-08-31T18:40	88.31810	114.41663	0.190	41.6
2020-08-31T18:50	88.31848	114.42853	0.186	42.6
2020-08-31T19:00	88.31886	114.44049	0.185	43.1
2020-08-31T19:10	88.31922	114.45205	0.177	43.5
2020-08-31T19:20	88.31957	114.46342	0.175	43.2
2020-08-31T19:30	88.31991	114.47443	0.170	43.3
2020-08-31T19:40	88.32025	114.48505	0.166	42.5
2020-08-31T19:50	88.32059	114.49535	0.162	42.0
2020-08-31T20:00	88.32091	114.50565	0.160	42.7
2020-08-31T20:10	88.32124	114.51583	0.159	42.6
2020-08-31T20:20	88.32156	114.52585	0.155	42.8
2020-08-31T20:30	88.32187	114.53548	0.152	41.9
2020-08-31T20:40	88.32219	114.54460	0.149	40.1
2020-08-31T20:50	88.32250	114.55342	0.146	39.6
2020-08-31T21:00	88.32281	114.56180	0.144	37.9
2020-08-31T21:10	88.32312	114.57016	0.141	38.6
2020-08-31T21:20	88.32342	114.57822	0.138	38.0
2020-08-31T21:30	88.32373	114.58614	0.138	37.3
2020-08-31T21:40	88.32403	114.59388	0.136	36.7
2020-08-31T21:50	88.32433	114.60139	0.134	36.0
2020-08-31T22:00	88.32465	114.60871	0.137	34.3
2020-08-31T22:10	88.32497	114.61603	0.139	33.5
2020-08-31T22:20	88.32530	114.62288	0.139	31.2
2020-08-31T22:30	88.32563	114.62936	0.137	29.7
2020-08-31T22:40	88.32597	114.63581	0.139	29.1
2020-08-31T22:50	88.32630	114.64216	0.136	29.5
2020-08-31T23:00	88.32663	114.64803	0.133	27.6
2020-08-31T23:10	88.32695	114.65335	0.128	25.9
2020-08-31T23:20	88.32728	114.65848	0.133	24.0
2020-08-31T23:30	88.32763	114.66336	0.135	22.2
2020-08-31T23:40	88.32800	114.66788	0.140	19.9
2020-08-31T23:50	88.32837	114.67266	0.142	20.6
2020-09-01T00:00	88.32875	114.67739	0.146	19.9
2020-09-01T00:10	88.32916	114.68217	0.157	18.6
2020-09-01T00:20	88.32959	114.68721	0.165	18.7
2020-09-01T00:30	88.33004	114.69292	0.171	20.5
2020-09-01T00:40	88.33049	114.69882	0.174	20.8
2020-09-01T00:50	88.33093	114.70546	0.172	23.9
2020-09-01T01:00	88.33132	114.71228	0.159	26.7
2020-09-01T01:10	88.33172	114.72014	0.164	30.2
2020-09-01T01:20	88.33211	114.72803	0.164	30.3
2020-09-01T01:30	88.33249	114.73641	0.163	32.5
2020-09-01T01:40	88.33289	114.74543	0.171	33.5
2020-09-01T01:50	88.33329	114.75496	0.175	34.9
2020-09-01T02:00	88.33369	114.76437	0.175	34.3
2020-09-01T02:10	88.33410	114.77391	0.178	34.0
2020-09-01T02:20	88.33451	114.78320	0.178	33.0
2020-09-01T02:30	88.33493	114.79249	0.178	33.0
2020-09-01T02:40	88.33535	114.80165	0.180	32.1
2020-09-01T02:50	88.33578	114.81109	0.182	32.8
2020-09-01T03:00	88.33619	114.82050	0.179	33.3
2020-09-01T03:10	88.33661	114.83051	0.183	34.9
2020-09-01T03:20	88.33703	114.84110	0.186	36.5
2020-09-01T03:30	88.33744	114.85166	0.186	36.3
2020-09-01T03:40	88.33785	114.86237	0.185	37.3
2020-09-01T03:50	88.33826	114.87351	0.188	38.2
2020-09-01T04:00	88.33868	114.88522	0.193	39.3
2020-09-01T04:10	88.33909	114.89707	0.192	40.0
2020-09-01T04:20	88.33950	114.90954	0.197	41.4
2020-09-01T04:30	88.33990	114.92212	0.196	42.1
2020-09-01T04:40	88.34030	114.93489	0.196	42.8
2020-09-01T04:50	88.34069	114.94799	0.197	44.0
2020-09-01T05:00	88.34108	114.96253	0.207	47.2
2020-09-01T05:10	88.34149	114.97848	0.221	48.7
2020-09-01T05:20	88.34189	114.99452	0.223	48.6
2020-09-01T05:30	88.34230	115.01051	0.222	48.7
2020-09-01T05:40	88.34269	115.02635	0.216	49.7
2020-09-01T05:50	88.34307	115.04309	0.222	51.8
2020-09-01T06:00	88.34345	115.06080	0.229	53.5
2020-09-01T06:10	88.34385	115.08112	0.255	55.9
2020-09-01T06:20	88.34425	115.10227	0.263	56.7
2020-09-01T06:30	88.34466	115.12470	0.276	57.7
2020-09-01T06:40	88.34504	115.14736	0.273	59.7
2020-09-01T06:50	88.34541	115.16974	0.268	60.1
2020-09-01T07:00	88.34582	115.19272	0.281	58.1
2020-09-01T07:10	88.34623	115.21567	0.280	58.3
2020-09-01T07:20	88.34664	115.23818	0.276	58.1
2020-09-01T07:30	88.34702	115.26013	0.266	59.0
2020-09-01T07:40	88.34741	115.28252	0.271	59.0
2020-09-01T07:50	88.34779	115.30623	0.283	60.4
2020-09-01T08:00	88.34819	115.32962	0.282	59.4
2020-09-01T08:10	88.34858	115.35282	0.277	60.2
2020-09-01T08:20	88.34895	115.37639	0.279	61.2
2020-09-01T08:30	88.34933	115.39888	0.270	59.7
2020-09-01T08:40	88.34970	115.42137	0.268	60.2
2020-09-01T08:50	88.35004	115.44421	0.267	62.4
2020-09-01T09:00	88.35039	115.46622	0.261	60.8
2020-09-01T09:10	88.35074	115.48783	0.257	60.6
2020-09-01T09:20	88.35110	115.50892	0.254	59.4
2020-09-01T09:30	88.35146	115.52905	0.245	58.3
2020-09-01T09:40	88.35182	115.54816	0.237	56.5
2020-09-01T09:50	88.35219	115.56669	0.233	55.3
2020-09-01T10:00	88.35257	115.58419	0.227	53.0
2020-09-01T10:10	88.35297	115.60073	0.224	49.9
2020-09-01T10:20	88.35338	115.61685	0.224	48.2
2020-09-01T10:30	88.35385	115.63482	0.250	48.0
2020-09-01T10:40	88.35433	115.65434	0.265	49.7
2020-09-01T10:50	88.35481	115.67457	0.272	50.3
2020-09-01T11:00	88.35530	115.69460	0.272	49.6
2020-09-01T11:10	88.35578	115.71444	0.269	49.7
2020-09-01T11:20	88.35627	115.73403	0.267	49.2
2020-09-01T11:30	88.35675	115.75352	0.267	49.0
2020-09-01T11:40	88.35725	115.77281	0.268	48.0
2020-09-01T11:50	88.35775	115.79186	0.268	47.3
2020-09-01T12:00	88.35826	115.81083	0.268	46.9
2020-09-01T12:10	88.35879	115.82957	0.271	45.5
2020-09-01T12:20	88.35933	115.84845	0.275	45.1
2020-09-01T12:30	88.35988	115.86589	0.270	41.7
2020-09-01T12:40	88.36044	115.88344	0.270	42.1
2020-09-01T12:50	88.36099	115.89957	0.260	39.8
2020-09-01T13:00	88.36155	115.91666	0.267	41.3
2020-09-01T13:10	88.36213	115.93425	0.275	41.2
2020-09-01T13:20	88.36268	115.94956	0.255	38.2
2020-09-01T13:30	88.36324	115.96473	0.255	37.7
2020-09-01T13:40	88.36381	115.98023	0.259	38.0
2020-09-01T13:50	88.36439	115.99595	0.264	37.7
2020-09-01T14:00	88.36497	116.01164	0.265	37.5
2020-09-01T14:10	88.36556	116.02773	0.270	37.8
2020-09-01T14:24	88.36642	116.05078	0.270	37.6
2020-09-01T14:34	88.36702	116.06713	0.274	37.7
2020-09-01T14:44	88.36763	116.08363	0.277	37.7
2020-09-01T14:54	88.36825	116.10005	0.281	36.8
2020-09-01T15:04	88.36887	116.11686	0.283	37.5
2020-09-01T15:14	88.36950	116.13347	0.282	37.1
2020-09-01T15:24	88.37013	116.15029	0.285	37.2
2020-09-01T15:34	88.37077	116.16763	0.290	37.7
2020-09-01T15:44	88.37142	116.18561	0.300	37.9
2020-09-01T15:56	88.37221	116.20879	0.315	40.0
2020-09-01T16:06	88.37286	116.22734	0.303	38.7
2020-09-01T16:16	88.37352	116.24635	0.307	39.3
2020-09-01T16:26	88.37418	116.26580	0.308	40.2
2020-09-01T16:36	88.37482	116.28593	0.310	41.6
2020-09-01T16:46	88.37546	116.30678	0.313	42.8
2020-09-01T16:56	88.37608	116.32826	0.314	44.2
2020-09-01T17:06	88.37669	116.35044	0.315	45.9
2020-09-01T17:16	88.37729	116.37281	0.313	46.7
2020-09-01T17:26	88.37787	116.39560	0.313	48.0
2020-09-01T17:36	88.37844	116.41832	0.309	48.5
2020-09-01T17:46	88.37900	116.44129	0.308	49.4
2020-09-01T17:56	88.37955	116.46383	0.303	49.1
2020-09-01T18:06	88.38008	116.48655	0.300	50.3
2020-09-01T18:16	88.38059	116.50913	0.295	51.1
2020-09-01T18:26	88.38110	116.53120	0.289	50.9
2020-09-01T18:36	88.38160	116.55295	0.286	50.7
2020-09-01T18:46	88.38210	116.57442	0.282	50.7
2020-09-01T18:56	88.38260	116.59547	0.279	50.1
2020-09-01T19:06	88.38307	116.61584	0.269	50.3
2020-09-01T19:18	88.38367	116.64160	0.261	50.7
2020-09-01T19:32	88.38428	116.66824	0.250	50.9
2020-09-01T19:46	88.38485	116.69326	0.242	51.1
2020-09-01T19:56	88.38525	116.71100	0.230	50.9
2020-09-01T20:11	88.38582	116.73573	0.221	50.7
2020-09-01T20:21	88.38620	116.75205	0.215	50.4
2020-09-01T20:31	88.38658	116.76786	0.209	50.0
2020-09-01T20:41	88.38694	116.78298	0.203	49.0
2020-09-01T20:51	88.38731	116.79725	0.197	47.4
2020-09-01T21:01	88.38768	116.81100	0.192	46.4
2020-09-01T21:11	88.38808	116.82490	0.200	44.8
2020-09-01T21:21	88.38844	116.83728	0.182	43.4
2020-09-01T21:31	88.38884	116.84944	0.189	40.7
2020-09-01T21:41	88.38925	116.86110	0.188	38.9
2020-09-01T21:51	88.38966	116.87208	0.186	36.6
2020-09-01T22:01	88.39010	116.88243	0.188	33.9
2020-09-01T22:11	88.39053	116.89238	0.187	32.5
2020-09-01T22:21	88.39098	116.90180	0.186	30.8
2020-09-01T22:31	88.39143	116.91085	0.187	29.3
2020-09-01T22:41	88.39190	116.91948	0.190	27.3
2020-09-01T22:51	88.39238	116.92764	0.192	25.5
2020-09-01T23:01	88.39286	116.93543	0.188	24.7
2020-09-01T23:11	88.39334	116.94306	0.191	23.8
2020-09-01T23:21	88.39384	116.95010	0.191	21.8
2020-09-01T23:31	88.39433	116.95713	0.193	21.6
2020-09-01T23:41	88.39485	116.96315	0.195	18.1
2020-09-01T23:51	88.39537	116.96915	0.198	17.8
2020-09-02T00:01	88.39591	116.97491	0.201	16.8
2020-09-02T00:11	88.39646	116.98064	0.208	16.1
2020-09-02T00:21	88.39704	116.98593	0.215	14.3
2020-09-02T00:31	88.39762	116.99115	0.215	14.1
2020-09-02T00:41	88.39823	116.99646	0.224	13.8
2020-09-02T00:51	88.39883	117.00182	0.225	13.9
2020-09-02T01:01	88.39946	117.00685	0.233	12.6
2020-09-02T01:11	88.40011	117.01199	0.238	12.5
2020-09-02T01:21	88.40076	117.01722	0.242	12.5
2020-09-02T01:31	88.40143	117.02264	0.246	12.8
2020-09-02T01:41	88.40212	117.02832	0.254	13.0
2020-09-02T01:51	88.40282	117.03389	0.257	12.6
2020-09-02T02:01	88.40353	117.03976	0.263	12.9
2020-09-02T02:11	88.40425	117.04584	0.266	13.2
2020-09-02T02:21	88.40499	117.05214	0.273	13.3
2020-09-02T02:31	88.40574	117.05902	0.280	14.2
2020-09-02T02:41	88.40651	117.06628	0.286	14.7
2020-09-02T02:51	88.40729	117.07406	0.292	15.5
2020-09-02T03:01	88.40808	117.08235	0.298	16.1
2020-09-02T03:11	88.40888	117.09107	0.299	17.0
2020-09-02T03:21	88.40969	117.10024	0.305	17.5
2020-09-02T03:31	88.41050	117.10989	0.309	18.2
2020-09-02T03:41	88.41132	117.12035	0.314	19.4
2020-09-02T03:51	88.41214	117.13123	0.314	20.2
2020-09-02T04:01	88.41296	117.14284	0.318	21.4
2020-09-02T04:11	88.41378	117.15493	0.319	22.2
2020-09-02T04:21	88.41460	117.16766	0.321	23.3
2020-09-02T04:31	88.41543	117.18075	0.324	23.8
2020-09-02T04:41	88.41624	117.19330	0.318	23.1
2020-09-02T04:51	88.41705	117.20717	0.323	25.3
2020-09-02T05:01	88.41786	117.22146	0.324	26.0
2020-09-02T05:11	88.41866	117.23623	0.323	27.0
2020-09-02T05:21	88.41945	117.25112	0.322	27.3
2020-09-02T05:31	88.42024	117.26640	0.322	28.1
2020-09-02T05:41	88.42102	117.28200	0.320	28.9
2020-09-02T05:51	88.42180	117.29750	0.319	28.8
2020-09-02T06:01	88.42256	117.31323	0.317	29.5
2020-09-02T06:11	88.42332	117.32920	0.316	30.1
2020-09-02T06:21	88.42407	117.34520	0.314	30.3
2020-09-02T06:31	88.42481	117.36114	0.309	30.7
2020-09-02T06:41	88.42554	117.37702	0.306	30.8
2020-09-02T06:51	88.42626	117.39305	0.302	31.6
2020-09-02T07:01	88.42696	117.40929	0.301	32.2
2020-09-02T07:11	88.42766	117.42519	0.295	32.2
2020-09-02T07:21	88.42834	117.44111	0.293	32.5
2020-09-02T07:31	88.42903	117.45694	0.293	32.2
2020-09-02T07:41	88.42972	117.47271	0.294	32.0
2020-09-02T07:51	88.43041	117.48836	0.290	32.2
2020-09-02T08:01	88.43108	117.50359	0.286	31.6
2020-09-02T08:11	88.43176	117.51891	0.287	31.7
2020-09-02T08:21	88.43243	117.53456	0.285	32.7
2020-09-02T08:31	88.43308	117.54993	0.280	32.7
2020-09-02T08:41	88.43373	117.56454	0.274	31.6
2020-09-02T08:51	88.43437	117.57896	0.271	31.6
2020-09-02T09:01	88.43502	117.59306	0.270	30.9
2020-09-02T09:11	88.43566	117.60693	0.268	30.6
2020-09-02T09:21	88.43629	117.62035	0.263	30.1
2020-09-02T09:31	88.43692	117.63359	0.263	29.6
2020-09-02T09:41	88.43756	117.64653	0.263	28.9
2020-09-02T09:51	88.43821	117.65912	0.264	27.9
2020-09-02T10:01	88.43886	117.67143	0.264	27.3
2020-09-02T10:11	88.43951	117.68342	0.263	26.6
2020-09-02T10:21	88.44018	117.69519	0.265	25.8
2020-09-02T10:31	88.44084	117.70666	0.265	25.0
2020-09-02T10:41	88.44152	117.71799	0.268	24.4
2020-09-02T10:51	88.44222	117.72900	0.272	23.3
2020-09-02T11:01	88.44293	117.73969	0.277	22.1
2020-09-02T11:11	88.44366	117.75033	0.282	21.6
2020-09-02T11:21	88.44440	117.76061	0.286	20.6
2020-09-02T11:31	88.44516	117.77073	0.291	19.9
2020-09-02T11:41	88.44593	117.78065	0.293	19.3
2020-09-02T11:51	88.44672	117.79073	0.300	19.2
2020-09-02T12:01	88.44752	117.80080	0.307	18.6
2020-09-02T12:11	88.44834	117.81102	0.311	18.7
2020-09-02T12:21	88.44921	117.82213	0.329	19.2
2020-09-02T12:31	88.45005	117.83186	0.317	17.4
2020-09-02T12:41	88.45092	117.84264	0.333	18.4
2020-09-02T12:51	88.45183	117.85374	0.343	18.4
2020-09-02T13:01	88.45275	117.86522	0.350	18.6
2020-09-02T13:11	88.45369	117.87726	0.358	19.1
2020-09-02T13:21	88.45464	117.88970	0.366	19.3
2020-09-02T13:31	88.45561	117.90257	0.371	19.7
2020-09-02T13:41	88.45660	117.91588	0.376	20.1
2020-09-02T13:51	88.45759	117.92982	0.382	20.7
2020-09-02T14:01	88.45858	117.94428	0.385	21.3
2020-09-02T14:11	88.45958	117.95958	0.390	22.3
2020-09-02T14:21	88.46059	117.97557	0.393	23.1
2020-09-02T14:31	88.46160	117.99228	0.398	24.0
2020-09-02T14:41	88.46262	118.00951	0.403	24.4
2020-09-02T14:51	88.46364	118.02749	0.408	25.2
2020-09-02T15:01	88.46467	118.04605	0.412	25.7
2020-09-02T15:11	88.46571	118.06525	0.417	26.4
2020-09-02T15:21	88.46675	118.08536	0.420	27.5
2020-09-02T15:31	88.46777	118.10640	0.422	28.7
2020-09-02T15:41	88.46880	118.12782	0.423	29.1
2020-09-02T15:51	88.46982	118.14992	0.423	30.1
2020-09-02T16:01	88.47083	118.17295	0.428	31.2
2020-09-02T16:11	88.47182	118.19536	0.416	31.1
2020-09-02T16:21	88.47280	118.21823	0.414	32.0
2020-09-02T16:31	88.47377	118.24177	0.417	32.7
2020-09-02T16:41	88.47474	118.26548	0.416	33.1
2020-09-02T16:51	88.47570	118.28959	0.416	33.7
2020-09-02T17:01	88.47666	118.31385	0.416	33.9
2020-09-02T17:11	88.47763	118.33809	0.417	33.8
2020-09-02T17:21	88.47859	118.36244	0.419	33.8
2020-09-02T17:31	88.47957	118.38708	0.423	33.8
2020-09-02T17:41	88.48054	118.41112	0.420	33.2
2020-09-02T17:51	88.48151	118.43499	0.417	33.1
2020-09-02T18:01	88.48246	118.45893	0.411	33.8
2020-09-02T18:11	88.48340	118.48291	0.407	34.2
2020-09-02T18:21	88.48433	118.50651	0.405	33.7
2020-09-02T18:31	88.48526	118.52970	0.400	33.5
2020-09-02T18:41	88.48619	118.55254	0.400	32.9
2020-09-02T18:51	88.48710	118.57458	0.389	32.6
2020-09-02T19:01	88.48800	118.59595	0.382	32.1
2020-09-02T19:11	88.48892	118.61644	0.384	30.4
2020-09-02T19:21	88.48985	118.63655	0.383	29.9
2020-09-02T19:31	88.49077	118.65585	0.379	28.9
2020-09-02T19:41	88.49168	118.67420	0.372	27.9
2020-09-02T19:51	88.49260	118.69179	0.371	26.7
2020-09-02T20:01	88.49352	118.70782	0.364	24.6
2020-09-02T20:11	88.49443	118.72283	0.357	23.4
2020-09-02T20:21	88.49535	118.73685	0.355	21.9
2020-09-02T20:31	88.49627	118.75051	0.356	21.3
2020-09-02T20:41	88.49719	118.76324	0.353	19.9
2020-09-02T20:51	88.49813	118.77549	0.358	18.8
2020-09-02T21:01	88.49910	118.78836	0.372	19.1
2020-09-02T21:11	88.50009	118.80014	0.373	17.3
2020-09-02T21:21	88.50109	118.81069	0.373	15.4
2020-09-02T21:31	88.50211	118.82086	0.377	14.7
2020-09-02T21:41	88.50313	118.83067	0.379	14.1
2020-09-02T21:51	88.50417	118.84031	0.385	13.6
2020-09-02T22:01	88.50524	118.85040	0.398	13.8
2020-09-02T22:11	88.50633	118.86101	0.403	14.3
2020-09-02T22:21	88.50741	118.87122	0.403	13.7
2020-09-02T22:31	88.50851	118.88103	0.404	13.1
2020-09-02T22:41	88.50961	118.89099	0.407	13.3
2020-09-02T22:51	88.51071	118.90092	0.408	13.2
2020-09-02T23:01	88.51183	118.91047	0.412	12.5
2020-09-02T23:11	88.51295	118.91998	0.414	12.4
2020-09-02T23:21	88.51408	118.92943	0.416	12.2
2020-09-02T23:31	88.51522	118.93876	0.420	12.0
2020-09-02T23:41	88.51637	118.94803	0.422	11.8
2020-09-02T23:51	88.51753	118.95747	0.427	11.9
2020-09-03T00:01	88.51871	118.96694	0.433	11.7
2020-09-03T00:11	88.51989	118.97705	0.435	12.5
2020-09-03T00:21	88.52110	118.98743	0.447	12.5
2020-09-03T00:31	88.52229	118.99813	0.441	13.0
2020-09-03T00:41	88.52350	119.00913	0.447	13.2
2020-09-03T00:51	88.52471	119.02085	0.449	14.0
2020-09-03T01:01	88.52593	119.03267	0.454	14.0
2020-09-03T01:11	88.52715	119.04523	0.454	14.8
2020-09-03T01:21	88.52837	119.05837	0.457	15.4
2020-09-03T01:31	88.52960	119.07212	0.460	16.0
2020-09-03T01:41	88.53084	119.08667	0.463	16.8
2020-09-03T01:51	88.53207	119.10194	0.466	17.6
2020-09-03T02:01	88.53332	119.11743	0.471	17.6
2020-09-03T02:11	88.53457	119.13348	0.474	18.2
2020-09-03T02:21	88.53582	119.14969	0.476	18.3
2020-09-03T02:31	88.53709	119.16652	0.480	18.8
2020-09-03T02:41	88.53834	119.18390	0.480	19.4
2020-09-03T02:51	88.53959	119.20216	0.481	20.4
2020-09-03T03:01	88.54084	119.22133	0.481	21.4
2020-09-03T03:11	88.54208	119.24092	0.481	21.9
2020-09-03T03:21	88.54332	119.26165	0.486	23.0
2020-09-03T03:31	88.54456	119.28305	0.489	23.6
2020-09-03T03:41	88.54580	119.30511	0.490	24.3
2020-09-03T03:51	88.54704	119.32768	0.491	24.8
2020-09-03T04:01	88.54827	119.35072	0.492	25.3
2020-09-03T04:11	88.54950	119.37431	0.491	26.0
2020-09-03T04:21	88.55072	119.39847	0.491	26.6
2020-09-03T04:31	88.55192	119.42282	0.488	27.0
2020-09-03T04:41	88.55312	119.44710	0.483	27.2
2020-09-03T04:51	88.55429	119.47145	0.478	27.6
2020-09-03T05:01	88.55549	119.49654	0.486	27.9
2020-09-03T05:11	88.55662	119.52044	0.461	28.0
2020-09-03T05:21	88.55776	119.54478	0.469	28.1
2020-09-03T05:31	88.55891	119.56900	0.466	28.1
2020-09-03T05:41	88.56004	119.59311	0.463	28.1
2020-09-03T05:51	88.56118	119.61679	0.462	27.6
2020-09-03T06:01	88.56230	119.64078	0.459	28.2
2020-09-03T06:11	88.56343	119.66473	0.458	28.2
2020-09-03T06:21	88.56453	119.68829	0.452	28.1
2020-09-03T06:31	88.56563	119.71141	0.446	27.9
2020-09-03T06:41	88.56671	119.73378	0.440	27.3
2020-09-03T06:51	88.56780	119.75577	0.438	26.9
2020-09-03T07:01	88.56887	119.77715	0.432	26.4
2020-09-03T07:11	88.56993	119.79807	0.426	26.2
2020-09-03T07:21	88.57098	119.81842	0.419	25.8
2020-09-03T07:31	88.57202	119.83795	0.413	25.1
2020-09-03T07:41	88.57305	119.85644	0.408	23.9
2020-09-03T07:51	88.57408	119.87433	0.402	23.5
2020-09-03T08:01	88.57510	119.89148	0.399	22.7
2020-09-03T08:11	88.57611	119.90796	0.394	22.0
2020-09-03T08:21	88.57711	119.92419	0.388	22.0
2020-09-03T08:31	88.57809	119.93970	0.381	21.3
2020-09-03T08:41	88.57907	119.95436	0.376	20.4
2020-09-03T08:51	88.58005	119.96824	0.372	19.4
2020-09-03T09:01	88.58102	119.98114	0.370	18.1
2020-09-03T09:11	88.58201	119.99305	0.371	16.6
2020-09-03T09:21	88.58302	120.00410	0.375	15.2
2020-09-03T09:31	88.58403	120.01419	0.375	13.9
2020-09-03T09:41	88.58504	120.02316	0.374	12.3
2020-09-03T09:51	88.58606	120.03150	0.376	11.4
2020-09-03T10:01	88.58709	120.03913	0.377	10.3
2020-09-03T10:11	88.58814	120.04589	0.380	9.1
2020-09-03T10:21	88.58917	120.05263	0.379	9.1
2020-09-03T10:31	88.59022	120.05850	0.380	7.9
2020-09-03T10:41	88.59128	120.06367	0.383	6.9
2020-09-03T10:51	88.59234	120.06840	0.387	6.2
2020-09-03T11:01	88.59342	120.07267	0.391	5.5
2020-09-03T11:11	88.59451	120.07693	0.392	5.5
2020-09-03T11:21	88.59561	120.08098	0.399	5.1
2020-09-03T11:31	88.59673	120.08505	0.405	5.1
2020-09-03T11:41	88.59787	120.08914	0.410	5.0
2020-09-03T11:51	88.59900	120.09306	0.411	4.8
2020-09-03T12:01	88.60015	120.09706	0.416	4.8
2020-09-03T12:11	88.60132	120.10136	0.420	5.2
2020-09-03T12:21	88.60249	120.10548	0.425	4.9
2020-09-03T12:31	88.60366	120.10963	0.422	4.9
2020-09-03T12:41	88.60484	120.11453	0.426	5.8
2020-09-03T12:51	88.60602	120.11924	0.429	5.5
2020-09-03T13:01	88.60721	120.12365	0.431	5.1
2020-09-03T13:11	88.60843	120.12762	0.438	4.5
2020-09-03T13:21	88.60964	120.13099	0.439	3.9
2020-09-03T13:31	88.61086	120.13413	0.440	3.6
2020-09-03T13:41	88.61209	120.13729	0.442	3.6
2020-09-03T13:51	88.61331	120.14084	0.441	4.0
2020-09-03T14:01	88.61453	120.14478	0.441	4.5
2020-09-03T14:11	88.61575	120.14894	0.442	4.7
2020-09-03T14:21	88.61698	120.15346	0.443	5.1
2020-09-03T14:31	88.61820	120.15845	0.443	5.6
2020-09-03T14:41	88.61943	120.16383	0.443	6.0
2020-09-03T14:51	88.62065	120.16953	0.445	6.4
2020-09-03T15:01	88.62188	120.17533	0.445	6.5
2020-09-03T15:11	88.62312	120.18155	0.448	6.9
2020-09-03T15:21	88.62436	120.18819	0.451	7.3
2020-09-03T15:31	88.62561	120.19588	0.453	8.4
2020-09-03T15:41	88.62685	120.20439	0.454	9.3
2020-09-03T15:51	88.62810	120.21341	0.456	9.8
2020-09-03T16:01	88.62937	120.22248	0.464	9.7
2020-09-03T16:11	88.63064	120.23261	0.467	10.8
2020-09-03T16:21	88.63191	120.24370	0.467	11.8
2020-09-03T16:31	88.63319	120.25591	0.473	12.8
2020-09-03T16:41	88.63448	120.26946	0.479	14.1
2020-09-03T16:51	88.63577	120.28331	0.478	14.4
2020-09-03T17:01	88.63706	120.29779	0.481	14.9
2020-09-03T17:11	88.63832	120.31304	0.473	16.0
2020-09-03T17:21	88.63958	120.32918	0.475	16.9
2020-09-03T17:31	88.64083	120.34579	0.471	17.5
2020-09-03T17:41	88.64207	120.36290	0.470	18.1
2020-09-03T17:51	88.64330	120.38030	0.468	18.5
2020-09-03T18:01	88.64451	120.39776	0.460	18.9
2020-09-03T18:11	88.64570	120.41487	0.453	18.8
2020-09-03T18:21	88.64687	120.43199	0.443	19.2
2020-09-03T18:31	88.64801	120.44892	0.435	19.3
2020-09-03T18:41	88.64912	120.46551	0.426	19.3
2020-09-03T18:51	88.65022	120.48193	0.418	19.4
2020-09-03T19:01	88.65130	120.49760	0.410	18.9
2020-09-03T19:11	88.65236	120.51283	0.403	18.7
2020-09-03T19:21	88.65339	120.52750	0.394	18.4
2020-09-03T19:31	88.65441	120.54182	0.385	18.3
2020-09-03T19:41	88.65540	120.55572	0.376	18.2
2020-09-03T19:51	88.65637	120.56884	0.368	17.5
2020-09-03T20:01	88.65734	120.58100	0.362	16.5
2020-09-03T20:11	88.65828	120.59246	0.353	15.9
2020-09-03T20:21	88.65921	120.60341	0.346	15.5
2020-09-03T20:31	88.66012	120.61342	0.338	14.4
2020-09-03T20:41	88.66100	120.62249	0.329	13.4
2020-09-03T20:51	88.66187	120.63092	0.321	12.8
2020-09-03T21:01	88.66272	120.63866	0.313	12.0
2020-09-03T21:11	88.66356	120.64579	0.307	11.2
2020-09-03T21:21	88.66438	120.65246	0.299	10.8
2020-09-03T21:31	88.66518	120.65866	0.293	10.2
2020-09-03T21:41	88.66597	120.66397	0.287	8.9
2020-09-03T21:51	88.66673	120.66862	0.278	8.1
2020-09-03T22:01	88.66749	120.67202	0.274	6.0
2020-09-03T22:11	88.66823	120.67370	0.267	3.0
2020-09-03T22:21	88.66894	120.67449	0.258	1.5
2020-09-03T22:31	88.66965	120.67460	0.254	0.2
2020-09-03T22:41	88.67034	120.67362	0.249	358.1
2020-09-03T22:51	88.67104	120.67235	0.254	357.6
2020-09-03T23:01	88.67175	120.66916	0.257	354.1
2020-09-03T23:11	88.67247	120.66472	0.261	351.8
2020-09-03T23:21	88.67319	120.65989	0.262	351.2
2020-09-03T23:31	88.67392	120.65406	0.270	349.6
2020-09-03T23:41	88.67465	120.64754	0.268	348.3
2020-09-03T23:51	88.67538	120.64061	0.266	347.5
2020-09-04T00:01	88.67609	120.63290	0.265	346.0
2020-09-04T00:11	88.67682	120.62526	0.270	346.4
2020-09-04T00:21	88.67756	120.61769	0.273	346.7
2020-09-04T00:31	88.67831	120.61069	0.276	347.8
2020-09-04T00:41	88.67907	120.60414	0.279	348.8
2020-09-04T00:51	88.67985	120.59788	0.287	349.6
2020-09-04T01:01	88.68066	120.59244	0.293	351.2
2020-09-04T01:11	88.68147	120.58756	0.296	352.2
2020-09-04T01:21	88.68228	120.58307	0.293	352.7
2020-09-04T01:31	88.68307	120.57914	0.288	353.5
2020-09-04T01:41	88.68387	120.57576	0.289	354.4
2020-09-04T01:51	88.68467	120.57335	0.289	356.1
2020-09-04T02:01	88.68549	120.57174	0.294	357.4
2020-09-04T02:11	88.68637	120.57101	0.316	358.9
2020-09-04T02:21	88.68728	120.57157	0.328	0.8
2020-09-04T02:31	88.68819	120.57304	0.328	2.1
2020-09-04T02:41	88.68909	120.57576	0.325	4.0
2020-09-04T02:51	88.68997	120.57932	0.320	5.3
2020-09-04T03:01	88.69084	120.58388	0.313	6.9
2020-09-04T03:11	88.69170	120.58911	0.314	7.9
2020-09-04T03:21	88.69257	120.59520	0.317	9.1
2020-09-04T03:31	88.69345	120.60231	0.321	10.5
2020-09-04T03:41	88.69432	120.61014	0.322	11.5
2020-09-04T03:51	88.69519	120.61934	0.322	13.5
2020-09-04T04:01	88.69605	120.62946	0.321	15.0
2020-09-04T04:11	88.69690	120.64033	0.317	16.3
2020-09-04T04:21	88.69773	120.65172	0.312	17.4
2020-09-04T04:31	88.69853	120.66368	0.306	18.7
2020-09-04T04:41	88.69931	120.67605	0.298	19.8
2020-09-04T04:51	88.70007	120.68883	0.293	20.8
2020-09-04T05:01	88.70080	120.70137	0.281	21.4
2020-09-04T05:11	88.70149	120.71424	0.272	22.7
2020-09-04T05:21	88.70217	120.72703	0.264	23.3
2020-09-04T05:31	88.70279	120.73922	0.244	24.0
2020-09-04T05:41	88.70337	120.75037	0.230	23.2
2020-09-04T05:51	88.70394	120.76086	0.222	22.7
2020-09-04T06:01	88.70449	120.77078	0.214	22.1
2020-09-04T06:11	88.70504	120.78028	0.213	21.2
2020-09-04T06:21	88.70559	120.78905	0.210	19.9
2020-09-04T06:31	88.70616	120.79791	0.217	19.4
2020-09-04T06:41	88.70673	120.80654	0.218	18.8
2020-09-04T06:51	88.70731	120.81445	0.217	17.2
2020-09-04T07:01	88.70789	120.82083	0.214	14.0
2020-09-04T07:11	88.70848	120.82559	0.215	10.4
2020-09-04T07:21	88.70906	120.82886	0.211	7.2
2020-09-04T07:31	88.70963	120.83134	0.206	5.6
2020-09-04T07:41	88.71019	120.83355	0.204	5.0
2020-09-04T07:51	88.71075	120.83509	0.200	3.6
2020-09-04T08:01	88.71130	120.83583	0.199	1.7
2020-09-04T08:11	88.71185	120.83567	0.197	359.6
2020-09-04T08:21	88.71239	120.83503	0.194	358.5
2020-09-04T08:31	88.71292	120.83420	0.193	358.0
2020-09-04T08:41	88.71345	120.83245	0.192	355.8
2020-09-04T08:51	88.71399	120.82996	0.194	354.1
2020-09-04T09:01	88.71454	120.82608	0.201	351.0
2020-09-04T09:11	88.71510	120.82086	0.208	348.3
2020-09-04T09:21	88.71567	120.81423	0.212	345.4
2020-09-04T09:31	88.71625	120.80675	0.216	343.8
2020-09-04T09:41	88.71683	120.79815	0.221	341.7
2020-09-04T09:51	88.71744	120.78858	0.232	340.6
2020-09-04T10:01	88.71806	120.77854	0.237	340.1
2020-09-04T10:11	88.71867	120.76749	0.238	338.0
2020-09-04T10:21	88.71927	120.75621	0.234	337.2
2020-09-04T10:31	88.71985	120.74438	0.229	335.4
2020-09-04T10:41	88.72043	120.73165	0.234	334.1
2020-09-04T10:51	88.72100	120.71857	0.230	332.8
2020-09-04T11:01	88.72157	120.70589	0.229	333.5
2020-09-04T11:11	88.72213	120.69345	0.226	333.7
2020-09-04T11:21	88.72269	120.68010	0.228	331.9
2020-09-04T11:31	88.72324	120.66612	0.228	330.5
2020-09-04T11:41	88.72382	120.65144	0.238	330.4
2020-09-04T11:51	88.72440	120.63649	0.240	330.1
2020-09-04T12:01	88.72504	120.62056	0.264	331.1
2020-09-04T12:11	88.72564	120.60506	0.250	330.2
2020-09-04T12:21	88.72625	120.58831	0.256	328.4
2020-09-04T12:31	88.72686	120.57165	0.256	328.7
2020-09-04T12:41	88.72747	120.55490	0.258	328.7
2020-09-04T12:51	88.72810	120.53876	0.261	330.4
2020-09-04T13:01	88.72873	120.52317	0.259	331.2
2020-09-04T13:11	88.72937	120.50824	0.260	332.7
2020-09-04T13:21	88.73001	120.49256	0.262	331.5
2020-09-04T13:31	88.73066	120.47702	0.265	332.2
2020-09-04T13:41	88.73132	120.46171	0.267	332.8
2020-09-04T13:51	88.73198	120.44674	0.264	333.2
2020-09-04T14:01	88.73262	120.43176	0.260	332.7
2020-09-04T14:11	88.73326	120.41712	0.258	333.1
2020-09-04T14:21	88.73391	120.40308	0.258	334.3
2020-09-04T14:31	88.73457	120.39109	0.258	338.3
2020-09-04T14:41	88.73522	120.37877	0.254	337.3
2020-09-04T14:51	88.73587	120.36712	0.252	338.5
2020-09-04T15:01	88.73651	120.35542	0.247	338.0
2020-09-04T15:11	88.73714	120.34330	0.245	336.9
2020-09-04T15:21	88.73775	120.33121	0.243	336.7
2020-09-04T15:31	88.73837	120.31900	0.240	336.2
2020-09-04T15:41	88.73901	120.30636	0.252	336.6
2020-09-04T15:51	88.73959	120.29517	0.227	337.0
2020-09-04T16:01	88.74022	120.28360	0.245	338.0
2020-09-04T16:11	88.74083	120.27183	0.239	337.1
2020-09-04T16:21	88.74141	120.26060	0.228	337.1
2020-09-04T16:31	88.74198	120.25003	0.219	337.5
2020-09-04T16:41	88.74252	120.23992	0.212	337.9
2020-09-04T16:51	88.74304	120.23041	0.200	337.9
2020-09-04T17:01	88.74353	120.22092	0.193	337.1
2020-09-04T17:11	88.74400	120.21210	0.183	337.7
2020-09-04T17:21	88.74446	120.20338	0.178	337.3
2020-09-04T17:31	88.74490	120.19458	0.175	336.6
2020-09-04T17:41	88.74532	120.18598	0.165	335.7
2020-09-04T17:51	88.74570	120.17754	0.152	334.1
2020-09-04T18:01	88.74603	120.16865	0.138	329.6
2020-09-04T18:11	88.74635	120.15771	0.142	322.7
2020-09-04T18:21	88.74664	120.14726	0.133	321.8
2020-09-04T18:31	88.74691	120.13640	0.130	318.8
2020-09-04T18:41	88.74716	120.12540	0.126	316.7
2020-09-04T18:51	88.74741	120.11395	0.127	314.8
2020-09-04T19:01	88.74761	120.10281	0.113	309.2
2020-09-04T19:11	88.74781	120.09071	0.120	307.6
2020-09-04T19:21	88.74799	120.07809	0.117	302.3
2020-09-04T19:31	88.74815	120.06508	0.118	299.7
2020-09-04T19:41	88.74829	120.05155	0.118	295.8
2020-09-04T19:51	88.74842	120.03795	0.116	292.7
2020-09-04T20:01	88.74853	120.02408	0.116	289.7
2020-09-04T20:11	88.74862	120.01027	0.114	287.3
2020-09-04T20:21	88.74869	119.99628	0.113	283.8
2020-09-04T20:31	88.74876	119.98147	0.119	281.9
2020-09-04T20:41	88.74882	119.96639	0.120	279.3
2020-09-04T20:51	88.74886	119.95120	0.120	277.6
2020-09-04T21:01	88.74891	119.93581	0.122	277.7
2020-09-04T21:11	88.74894	119.92016	0.123	274.9
2020-09-04T21:21	88.74895	119.90558	0.115	273.4
2020-09-04T21:31	88.74898	119.88966	0.126	274.6
2020-09-04T21:41	88.74900	119.87427	0.121	272.8
2020-09-04T21:51	88.74900	119.85851	0.124	271.1
2020-09-04T22:01	88.74901	119.84273	0.124	270.8
2020-09-04T22:11	88.74901	119.82620	0.130	270.6
2020-09-04T22:21	88.74902	119.80949	0.131	270.4
2020-09-04T22:31	88.74901	119.79255	0.133	269.0
2020-09-04T22:41	88.74900	119.77585	0.131	269.2
2020-09-04T22:51	88.74900	119.75929	0.130	269.0
2020-09-04T23:01	88.74899	119.74271	0.130	268.5
2020-09-04T23:11	88.74898	119.72590	0.132	269.2
2020-09-04T23:21	88.74898	119.70931	0.130	269.8
2020-09-04T23:31	88.74898	119.69323	0.126	269.6
2020-09-04T23:41	88.74899	119.67753	0.123	271.2
2020-09-04T23:51	88.74900	119.66203	0.122	272.3
2020-09-05T00:01	88.74902	119.64677	0.120	273.5
2020-09-05T00:11	88.74905	119.63177	0.118	275.4
2020-09-05T00:21	88.74908	119.61733	0.114	274.5
2020-09-05T00:31	88.74911	119.60343	0.110	276.0
2020-09-05T00:41	88.74915	119.58986	0.108	277.4
2020-09-05T00:51	88.74920	119.57719	0.101	280.0
2020-09-05T01:01	88.74925	119.56513	0.097	281.5
2020-09-05T01:11	88.74930	119.55352	0.093	282.1
2020-09-05T01:21	88.74936	119.54283	0.087	284.1
2020-09-05T01:31	88.74942	119.53318	0.079	286.1
2020-09-05T01:41	88.74949	119.52382	0.077	287.5
2020-09-05T01:51	88.74955	119.51541	0.070	289.3
2020-09-05T02:01	88.74962	119.50722	0.069	291.6
2020-09-05T02:11	88.74969	119.49981	0.063	292.3
2020-09-05T02:21	88.74975	119.49296	0.058	292.6
2020-09-05T02:31	88.74982	119.48650	0.056	295.1
2020-09-05T02:41	88.74988	119.48057	0.052	295.6
2020-09-05T02:51	88.74994	119.47514	0.048	296.3
2020-09-05T03:01	88.75000	119.47029	0.044	299.4
2020-09-05T03:11	88.75005	119.46621	0.037	299.5
2020-09-05T03:21	88.75010	119.46259	0.034	302.9
2020-09-05T03:31	88.75015	119.45979	0.029	309.5
2020-09-05T03:41	88.75019	119.45781	0.021	312.9
2020-09-05T03:51	88.75023	119.45670	0.016	326.8
2020-09-05T04:01	88.75025	119.45657	0.011	354.3
2020-09-05T04:11	88.75028	119.45733	0.012	30.3
2020-09-05T04:21	88.75031	119.45888	0.015	52.3
2020-09-05T04:31	88.75032	119.46099	0.017	74.1
2020-09-05T04:41	88.75032	119.46348	0.020	88.3
2020-09-05T04:51	88.75031	119.46646	0.024	101.0
2020-09-05T05:01	88.75029	119.46868	0.019	116.2
2020-09-05T05:11	88.75025	119.47138	0.025	122.6
2020-09-05T05:21	88.75020	119.47418	0.028	129.0
2020-09-05T05:31	88.75014	119.47712	0.031	132.0
2020-09-05T05:41	88.75007	119.48070	0.039	133.6
2020-09-05T05:51	88.74999	119.48390	0.038	138.8
2020-09-05T06:01	88.74989	119.48719	0.043	143.0
2020-09-05T06:11	88.74979	119.49054	0.044	143.5
2020-09-05T06:21	88.74968	119.49369	0.049	149.6
2020-09-05T06:31	88.74955	119.49666	0.052	153.5
2020-09-05T06:41	88.74941	119.49940	0.053	156.1
2020-09-05T06:51	88.74927	119.50185	0.056	159.7
2020-09-05T07:01	88.74913	119.50341	0.052	166.3
2020-09-05T07:11	88.74897	119.50444	0.056	171.8
2020-09-05T07:21	88.74882	119.50473	0.056	177.6
2020-09-05T07:31	88.74866	119.50427	0.059	183.6
2020-09-05T07:41	88.74849	119.50306	0.060	189.0
2020-09-05T07:51	88.74830	119.50070	0.070	195.5
2020-09-05T08:01	88.74815	119.49793	0.060	201.1
2020-09-05T08:11	88.74798	119.49402	0.066	208.0
2020-09-05T08:21	88.74782	119.48941	0.069	211.8
2020-09-05T08:31	88.74766	119.48373	0.074	216.9
2020-09-05T08:41	88.74749	119.47709	0.079	221.4
2020-09-05T08:51	88.74734	119.46964	0.081	226.6
2020-09-05T09:01	88.74719	119.46129	0.085	230.4
2020-09-05T09:11	88.74705	119.45281	0.083	233.9
2020-09-05T09:21	88.74693	119.44381	0.083	238.7
2020-09-05T09:31	88.74682	119.43458	0.083	241.6
2020-09-05T09:41	88.74673	119.42487	0.084	245.1
2020-09-05T09:51	88.74664	119.41444	0.087	249.9
2020-09-05T10:01	88.74657	119.40391	0.086	253.8
2020-09-05T10:11	88.74652	119.39371	0.083	256.4
2020-09-05T10:21	88.74648	119.38306	0.085	259.1
2020-09-05T10:31	88.74644	119.37299	0.081	259.9
2020-09-05T10:41	88.74642	119.36140	0.092	265.7
2020-09-05T10:51	88.74640	119.34967	0.093	265.3
2020-09-05T11:01	88.74638	119.33691	0.101	266.4
2020-09-05T11:11	88.74635	119.32381	0.104	265.2
2020-09-05T11:21	88.74634	119.31036	0.106	266.6
2020-09-05T11:31	88.74633	119.29831	0.095	268.3
2020-09-05T11:41	88.74631	119.28753	0.085	265.9
2020-09-05T11:51	88.74630	119.27939	0.064	266.6
2020-09-05T12:01	88.74630	119.27234	0.056	267.8
2020-09-05T12:11	88.74627	119.26772	0.038	254.6
2020-09-05T12:21	88.74622	119.26478	0.028	235.9
2020-09-05T12:31	88.74618	119.26243	0.023	232.9
2020-09-05T12:41	88.74612	119.26123	0.026	201.1
2020-09-05T12:51	88.74604	119.26068	0.028	188.8
2020-09-05T13:01	88.74596	119.26028	0.027	186.5
2020-09-05T13:11	88.74587	119.26080	0.035	173.3
2020-09-05T13:21	88.74576	119.26109	0.037	176.5
2020-09-05T13:31	88.74563	119.26018	0.050	188.3
2020-09-05T13:41	88.74549	119.25888	0.051	191.6
2020-09-05T13:51	88.74534	119.25803	0.054	187.1
2020-09-05T14:01	88.74518	119.25742	0.059	184.7
2020-09-05T14:11	88.74501	119.25727	0.061	181.1
2020-09-05T14:21	88.74484	119.25734	0.061	179.5
2020-09-05T14:31	88.74465	119.25785	0.067	176.6
2020-09-05T14:41	88.74445	119.25830	0.070	177.1
2020-09-05T14:51	88.74425	119.25921	0.074	174.4
2020-09-05T15:01	88.74404	119.26058	0.076	171.9
2020-09-05T15:11	88.74381	119.26210	0.082	171.6
2020-09-05T15:21	88.74359	119.26342	0.080	172.5
2020-09-05T15:31	88.74337	119.26486	0.083	172.1
2020-09-05T15:41	88.74313	119.26658	0.085	170.8
2020-09-05T15:51	88.74290	119.26902	0.085	167.0
2020-09-05T16:01	88.74267	119.27168	0.087	166.0
2020-09-05T16:11	88.74244	119.27434	0.085	165.8
2020-09-05T16:21	88.74220	119.27717	0.089	165.4
2020-09-05T16:31	88.74196	119.27940	0.090	168.7
2020-09-05T16:41	88.74170	119.28104	0.094	172.1
2020-09-05T16:51	88.74144	119.28273	0.095	171.9
2020-09-05T17:01	88.74117	119.28336	0.096	177.1
2020-09-05T17:11	88.74089	119.28322	0.099	180.6
2020-09-05T17:21	88.74062	119.28278	0.099	182.0
2020-09-05T17:31	88.74034	119.28216	0.099	182.8
2020-09-05T17:41	88.74006	119.28152	0.101	182.9
2020-09-05T17:51	88.73977	119.28072	0.104	183.5
2020-09-05T18:01	88.73948	119.27926	0.106	186.3
2020-09-05T18:11	88.73919	119.27775	0.106	186.4
2020-09-05T18:21	88.73890	119.27593	0.105	187.9
2020-09-05T18:31	88.73862	119.27383	0.101	189.5
2020-09-05T18:41	88.73835	119.27116	0.101	192.1
2020-09-05T18:51	88.73807	119.26792	0.102	194.5
2020-09-05T19:01	88.73780	119.26445	0.101	195.7
2020-09-05T19:11	88.73752	119.25981	0.108	200.0
2020-09-05T19:21	88.73724	119.25499	0.107	200.8
2020-09-05T19:31	88.73696	119.25017	0.108	200.7
2020-09-05T19:41	88.73666	119.24479	0.116	201.6
2020-09-05T19:51	88.73635	119.23932	0.120	201.3
2020-09-05T20:01	88.73605	119.23378	0.118	201.8
2020-09-05T20:11	88.73574	119.22839	0.118	201.2
2020-09-05T20:21	88.73544	119.22247	0.117	203.7
2020-09-05T20:31	88.73515	119.21589	0.118	206.2
2020-09-05T20:41	88.73487	119.20883	0.115	209.3
2020-09-05T20:51	88.73459	119.20191	0.113	209.1
2020-09-05T21:01	88.73433	119.19589	0.106	206.7
2020-09-05T21:11	88.73407	119.19048	0.104	204.3
2020-09-05T21:21	88.73383	119.18470	0.098	208.1
2020-09-05T21:31	88.73361	119.17973	0.087	207.1
2020-09-05T21:41	88.73341	119.17501	0.082	207.4
2020-09-05T21:51	88.73324	119.17057	0.071	209.7
2020-09-05T22:01	88.73309	119.16578	0.067	214.8
2020-09-05T22:11	88.73296	119.16042	0.064	222.1
2020-09-05T22:21	88.73283	119.15439	0.065	227.7
2020-09-05T22:31	88.73272	119.14821	0.063	231.1
2020-09-05T22:41	88.73264	119.14130	0.063	240.2
2020-09-05T22:51	88.73258	119.13266	0.072	253.0
2020-09-05T23:01	88.73256	119.12278	0.079	264.1
2020-09-05T23:11	88.73254	119.11238	0.083	265.0
2020-09-05T23:21	88.73254	119.10199	0.083	270.2
2020-09-05T23:31	88.73255	119.09090	0.089	274.2
2020-09-05T23:41	88.73259	119.07943	0.092	277.5
2020-09-05T23:51	88.73264	119.06788	0.094	280.8
2020-09-06T00:01	88.73269	119.05578	0.098	280.6
2020-09-06T00:11	88.73276	119.04330	0.103	284.4
2020-09-06T00:21	88.73284	119.03084	0.103	286.1
2020-09-06T00:31	88.73293	119.01814	0.107	288.9
2020-09-06T00:41	88.73304	119.00508	0.111	290.4
2020-09-06T00:51	88.73317	118.99152	0.117	293.0
2020-09-06T01:01	88.73330	118.97789	0.119	294.2
2020-09-06T01:11	88.73345	118.96428	0.121	296.2
2020-09-06T01:21	88.73362	118.94998	0.128	297.4
2020-09-06T01:31	88.73379	118.93661	0.123	300.3
2020-09-06T01:41	88.73397	118.92227	0.131	299.5
2020-09-06T01:51	88.73415	118.90844	0.129	301.3
2020-09-06T02:01	88.73434	118.89522	0.125	302.4
2020-09-06T02:11	88.73453	118.88231	0.124	303.9
2020-09-06T02:21	88.73472	118.86960	0.123	304.7
2020-09-06T02:31	88.73491	118.85753	0.118	305.5
2020-09-06T02:41	88.73511	118.84580	0.118	307.8
2020-09-06T02:51	88.73532	118.83495	0.114	310.9
2020-09-06T03:01	88.73552	118.82457	0.110	311.3
2020-09-06T03:11	88.73572	118.81525	0.103	314.3
2020-09-06T03:21	88.73592	118.80737	0.094	318.2
2020-09-06T03:31	88.73611	118.80026	0.089	320.6
2020-09-06T03:41	88.73631	118.79394	0.089	325.6
2020-09-06T03:51	88.73652	118.78694	0.095	324.1
2020-09-06T04:01	88.73677	118.77955	0.106	326.3
2020-09-06T04:11	88.73697	118.77296	0.090	324.7
2020-09-06T04:21	88.73716	118.76742	0.080	326.8
2020-09-06T04:31	88.73738	118.76132	0.091	327.9
2020-09-06T04:41	88.73760	118.75443	0.098	326.2
2020-09-06T04:51	88.73784	118.74619	0.108	322.6
2020-09-06T05:01	88.73807	118.73795	0.106	321.8
2020-09-06T05:11	88.73828	118.72984	0.100	319.9
2020-09-06T05:21	88.73847	118.72214	0.092	318.3
2020-09-06T05:31	88.73865	118.71429	0.089	315.4
2020-09-06T05:41	88.73883	118.70624	0.091	315.3
2020-09-06T05:51	88.73900	118.69809	0.090	314.2
2020-09-06T06:01	88.73917	118.68923	0.093	310.9
2020-09-06T06:11	88.73933	118.67977	0.095	307.6
2020-09-06T06:21	88.73948	118.66979	0.096	304.9
2020-09-06T06:31	88.73962	118.65917	0.098	301.2
2020-09-06T06:41	88.73975	118.64751	0.103	296.1
2020-09-06T06:51	88.73987	118.63467	0.111	293.3
2020-09-06T07:01	88.73999	118.62058	0.119	290.4
2020-09-06T07:11	88.74009	118.60494	0.130	287.4
2020-09-06T07:21	88.74019	118.58800	0.138	284.3
2020-09-06T07:31	88.74027	118.56937	0.150	280.5
2020-09-06T07:41	88.74033	118.54941	0.160	278.7
2020-09-06T07:51	88.74039	118.52804	0.170	277.1
2020-09-06T08:01	88.74044	118.50526	0.181	276.1
2020-09-06T08:11	88.74050	118.48146	0.189	276.0
2020-09-06T08:21	88.74057	118.45701	0.195	277.2
2020-09-06T08:31	88.74065	118.43170	0.202	278.4
2020-09-06T08:41	88.74074	118.40519	0.212	278.6
2020-09-06T08:51	88.74086	118.37722	0.225	281.0
2020-09-06T09:01	88.74100	118.34837	0.234	282.6
2020-09-06T09:11	88.74119	118.31797	0.250	286.2
2020-09-06T09:21	88.74138	118.28595	0.262	285.3
2020-09-06T09:31	88.74158	118.25216	0.276	284.7
2020-09-06T09:41	88.74178	118.21686	0.289	285.0
2020-09-06T09:51	88.74198	118.17937	0.305	283.4
2020-09-06T10:01	88.74219	118.14116	0.312	284.2
2020-09-06T10:11	88.74242	118.10196	0.320	284.9
2020-09-06T10:21	88.74268	118.06202	0.330	286.8
2020-09-06T10:31	88.74296	118.02162	0.334	287.3
2020-09-06T10:41	88.74325	117.97994	0.345	287.3
2020-09-06T10:51	88.74355	117.93712	0.355	288.0
2020-09-06T11:01	88.74386	117.89388	0.359	288.1
2020-09-06T11:11	88.74419	117.84984	0.367	288.8
2020-09-06T11:21	88.74454	117.80521	0.375	290.0
2020-09-06T11:31	88.74494	117.75973	0.386	291.8
2020-09-06T11:41	88.74536	117.71479	0.384	292.8
2020-09-06T11:51	88.74580	117.66973	0.389	294.0
2020-09-06T12:01	88.74627	117.62440	0.396	295.5
2020-09-06T12:11	88.74677	117.57930	0.398	296.8
2020-09-06T12:21	88.74730	117.53408	0.404	298.2
2020-09-06T12:31	88.74786	117.48830	0.414	299.4
2020-09-06T12:41	88.74845	117.44133	0.426	299.9
2020-09-06T12:51	88.74905	117.39281	0.439	299.7
2020-09-06T13:01	88.74967	117.34253	0.453	299.2
2020-09-06T13:11	88.75028	117.29050	0.464	298.3
2020-09-06T13:21	88.75088	117.23589	0.481	297.0
2020-09-06T13:31	88.75148	117.18009	0.487	296.1
2020-09-06T13:41	88.75208	117.12217	0.503	295.4
2020-09-06T13:51	88.75268	117.06289	0.513	295.1
2020-09-06T14:01	88.75328	117.00406	0.509	295.1
2020-09-06T14:11	88.75386	116.94449	0.511	294.0
2020-09-06T14:21	88.75440	116.88376	0.514	292.3
2020-09-06T14:31	88.75494	116.82215	0.520	291.9
2020-09-06T14:41	88.75547	116.76034	0.521	291.9
2020-09-06T14:51	88.75601	116.69822	0.523	291.7
2020-09-06T15:01	88.75654	116.63591	0.524	291.6
2020-09-06T15:11	88.75705	116.57345	0.522	290.7
2020-09-06T15:21	88.75754	116.51085	0.519	289.8
2020-09-06T15:31	88.75802	116.44816	0.519	289.4
2020-09-06T15:41	88.75848	116.38526	0.518	288.7
2020-09-06T15:51	88.75892	116.32188	0.519	287.9
2020-09-06T16:01	88.75933	116.25876	0.513	286.6
2020-09-06T16:11	88.75973	116.19570	0.512	286.4
2020-09-06T16:21	88.76012	116.13320	0.507	286.0
2020-09-06T16:31	88.76048	116.06999	0.509	284.9
2020-09-06T16:41	88.76078	116.00986	0.481	283.1
2020-09-06T16:51	88.76105	115.94868	0.486	281.6
2020-09-06T17:01	88.76127	115.88828	0.477	279.6
2020-09-06T17:11	88.76144	115.82810	0.472	277.3
2020-09-06T17:21	88.76157	115.76804	0.470	275.9
2020-09-06T17:31	88.76165	115.70802	0.468	273.7
2020-09-06T17:41	88.76168	115.64834	0.464	271.3
2020-09-06T17:51	88.76166	115.58852	0.466	269.0
2020-09-06T18:01	88.76159	115.52844	0.468	267.1
2020-09-06T18:11	88.76147	115.46810	0.472	264.8
2020-09-06T18:21	88.76131	115.40748	0.475	262.9
2020-09-06T18:31	88.76110	115.34608	0.484	261.1
2020-09-06T18:41	88.76085	115.28396	0.492	259.3
2020-09-06T18:51	88.76054	115.22123	0.501	257.3
2020-09-06T19:01	88.76019	115.15807	0.507	255.8
2020-09-06T19:11	88.75981	115.09402	0.518	254.4
2020-09-06T19:21	88.75937	115.02944	0.528	252.5
2020-09-06T19:31	88.75891	114.96610	0.521	251.6
2020-09-06T19:41	88.75840	114.90089	0.541	250.2
2020-09-06T19:51	88.75789	114.83734	0.529	249.8
2020-09-06T20:01	88.75734	114.77110	0.554	248.9
2020-09-06T20:11	88.75676	114.70568	0.551	248.0
2020-09-06T20:21	88.75617	114.63934	0.561	247.6
2020-09-06T20:31	88.75554	114.57249	0.569	246.7
2020-09-06T20:41	88.75489	114.50504	0.578	245.9
2020-09-06T20:51	88.75422	114.43713	0.584	245.6
2020-09-06T21:01	88.75351	114.36811	0.598	244.7
2020-09-06T21:11	88.75278	114.29810	0.608	244.5
2020-09-06T21:21	88.75203	114.22719	0.618	244.1
2020-09-06T21:31	88.75126	114.15572	0.624	243.9
2020-09-06T21:41	88.75048	114.08366	0.632	243.6
2020-09-06T21:51	88.74969	114.01097	0.638	243.6
2020-09-06T22:01	88.74891	113.93772	0.640	244.0
2020-09-06T22:11	88.74815	113.86467	0.637	244.5
2020-09-06T22:21	88.74740	113.79157	0.635	244.9
2020-09-06T22:31	88.74666	113.71940	0.628	244.8
2020-09-06T22:41	88.74592	113.64778	0.624	244.7
2020-09-06T22:51	88.74517	113.57629	0.624	244.6
2020-09-06T23:01	88.74443	113.50512	0.621	244.7
2020-09-06T23:11	88.74373	113.43627	0.599	245.1
2020-09-06T23:21	88.74308	113.37068	0.569	245.6
2020-09-06T23:31	88.74247	113.30909	0.533	245.9
2020-09-06T23:41	88.74184	113.24551	0.551	245.8
2020-09-06T23:51	88.74121	113.18243	0.549	245.4
2020-09-07T00:01	88.74055	113.11873	0.556	245.0
2020-09-07T00:11	88.73989	113.05554	0.554	244.6
2020-09-07T00:21	88.73926	112.99444	0.535	244.8
2020-09-07T00:31	88.73859	112.93233	0.547	244.2
2020-09-07T00:41	88.73796	112.87337	0.521	243.9
2020-09-07T00:51	88.73732	112.81503	0.516	243.7
2020-09-07T01:01	88.73669	112.75893	0.499	243.1
2020-09-07T01:11	88.73609	112.70518	0.479	242.9
2020-09-07T01:21	88.73552	112.65392	0.456	243.4
2020-09-07T01:31	88.73500	112.60468	0.434	244.4
2020-09-07T01:41	88.73453	112.55766	0.411	245.6
2020-09-07T01:51	88.73409	112.51602	0.367	244.4
2020-09-07T02:01	88.73367	112.47755	0.341	243.7
2020-09-07T02:11	88.73325	112.44157	0.324	242.2
2020-09-07T02:21	88.73282	112.40773	0.309	240.5
2020-09-07T02:31	88.73240	112.37604	0.295	238.8
2020-09-07T02:41	88.73197	112.34601	0.285	237.2
2020-09-07T02:51	88.73153	112.31783	0.275	234.7
2020-09-07T03:01	88.73107	112.29072	0.272	232.6
2020-09-07T03:11	88.73059	112.26501	0.268	229.8
2020-09-07T03:21	88.73010	112.24038	0.264	228.1
2020-09-07T03:31	88.72958	112.21721	0.262	224.8
2020-09-07T03:41	88.72907	112.19589	0.252	222.6
2020-09-07T03:51	88.72855	112.17643	0.242	220.0
2020-09-07T04:01	88.72803	112.15908	0.234	216.4
2020-09-07T04:11	88.72750	112.14322	0.228	213.8
2020-09-07T04:21	88.72697	112.12886	0.224	210.8
2020-09-07T04:31	88.72642	112.11657	0.219	206.7
2020-09-07T04:41	88.72586	112.10569	0.221	203.3
2020-09-07T04:51	88.72527	112.09563	0.226	200.9
2020-09-07T05:01	88.72466	112.08622	0.232	198.9
2020-09-07T05:11	88.72403	112.07760	0.239	196.8
2020-09-07T05:21	88.72337	112.06973	0.244	195.0
2020-09-07T05:31	88.72269	112.06196	0.254	194.2
2020-09-07T05:41	88.72198	112.05506	0.260	192.3
2020-09-07T05:51	88.72125	112.04908	0.267	190.4
2020-09-07T06:01	88.72049	112.04368	0.278	189.0
2020-09-07T06:11	88.71970	112.03883	0.286	187.8
2020-09-07T06:21	88.71890	112.03405	0.290	187.6
2020-09-07T06:31	88.71810	112.03026	0.293	186.0
2020-09-07T06:41	88.71729	112.02735	0.291	184.6
2020-09-07T06:51	88.71648	112.02495	0.293	183.8
2020-09-07T07:01	88.71564	112.02270	0.301	183.5
2020-09-07T07:11	88.71478	112.02066	0.311	183.0
2020-09-07T07:21	88.71387	112.01761	0.329	184.3
2020-09-07T07:31	88.71294	112.01433	0.334	184.6
2020-09-07T07:41	88.71202	112.01095	0.334	184.7
2020-09-07T07:51	88.71109	112.00762	0.335	184.6
2020-09-07T08:01	88.71015	112.00424	0.339	184.6
2020-09-07T08:11	88.70921	112.00047	0.341	185.1
2020-09-07T08:21	88.70825	111.99619	0.345	185.8
2020-09-07T08:31	88.70730	111.99116	0.347	186.8
2020-09-07T08:41	88.70634	111.98521	0.347	188.0
2020-09-07T08:51	88.70538	111.97817	0.352	189.3
2020-09-07T09:01	88.70444	111.97048	0.345	190.5
2020-09-07T09:11	88.70350	111.96177	0.346	191.8
2020-09-07T09:21	88.70256	111.95210	0.346	193.2
2020-09-07T09:31	88.70164	111.94136	0.342	194.8
2020-09-07T09:41	88.70073	111.92985	0.340	196.0
2020-09-07T09:51	88.69986	111.91764	0.332	197.5
2020-09-07T10:01	88.69899	111.90466	0.330	198.7
2020-09-07T10:11	88.69815	111.89072	0.322	200.7
2020-09-07T10:21	88.69734	111.87614	0.317	202.2
2020-09-07T10:31	88.69655	111.86121	0.309	203.3
2020-09-07T10:41	88.69579	111.84539	0.302	205.4
2020-09-07T10:51	88.69506	111.82921	0.294	206.9
2020-09-07T11:01	88.69437	111.81226	0.285	209.2
2020-09-07T11:11	88.69372	111.79485	0.275	211.3
2020-09-07T11:21	88.69310	111.77714	0.267	213.0
2020-09-07T11:31	88.69252	111.75935	0.255	215.0
2020-09-07T11:41	88.69198	111.74143	0.244	217.1
2020-09-07T11:51	88.69147	111.72376	0.233	218.6
2020-09-07T12:01	88.69100	111.70620	0.224	220.2
2020-09-07T12:11	88.69057	111.68856	0.211	223.5
2020-09-07T12:21	88.69017	111.67126	0.204	224.3
2020-09-07T12:31	88.68980	111.65408	0.194	226.7
2020-09-07T12:41	88.68945	111.63708	0.188	228.1
2020-09-07T12:51	88.68912	111.62049	0.181	229.1
2020-09-07T13:01	88.68883	111.60471	0.167	231.2
2020-09-07T13:11	88.68857	111.58980	0.154	233.0
2020-09-07T13:21	88.68833	111.57596	0.144	232.2
2020-09-07T13:31	88.68810	111.56374	0.130	230.9
2020-09-07T13:41	88.68789	111.55293	0.118	229.0
2020-09-07T13:51	88.68769	111.54338	0.105	228.4
2020-09-07T14:01	88.68749	111.53545	0.097	222.4
2020-09-07T14:11	88.68731	111.52972	0.082	215.4
2020-09-07T14:21	88.68713	111.52605	0.071	205.3
2020-09-07T14:31	88.68698	111.52471	0.055	191.6
2020-09-07T14:41	88.68683	111.52527	0.053	175.1
2020-09-07T14:51	88.68670	111.52778	0.051	155.9
2020-09-07T15:01	88.68659	111.53209	0.055	139.6
2020-09-07T15:11	88.68649	111.53772	0.058	126.7
2020-09-07T15:21	88.68639	111.54418	0.065	125.4
2020-09-07T15:31	88.68628	111.55159	0.072	121.9
2020-09-07T15:41	88.68617	111.55892	0.072	123.3
2020-09-07T15:51	88.68604	111.56655	0.077	125.6
2020-09-07T16:01	88.68591	111.57506	0.085	124.5
2020-09-07T16:11	88.68578	111.58441	0.091	121.5
2020-09-07T16:21	88.68563	111.59359	0.093	125.7
2020-09-07T16:31	88.68547	111.60321	0.098	125.9
2020-09-07T16:41	88.68529	111.61359	0.106	126.1
2020-09-07T16:51	88.68512	111.62480	0.111	123.6
2020-09-07T17:01	88.68494	111.63708	0.121	123.3
2020-09-07T17:11	88.68476	111.64980	0.122	120.6
2020-09-07T17:21	88.68461	111.66266	0.120	117.6
2020-09-07T17:31	88.68445	111.67581	0.123	118.0
2020-09-07T17:41	88.68427	111.69040	0.137	118.5
2020-09-07T17:51	88.68406	111.70627	0.151	119.7
2020-09-07T18:01	88.68384	111.72309	0.159	119.1
2020-09-07T18:11	88.68361	111.74027	0.165	120.6
2020-09-07T18:21	88.68338	111.75743	0.165	120.6
2020-09-07T18:31	88.68313	111.77436	0.166	122.7
2020-09-07T18:41	88.68287	111.79151	0.170	123.4
2020-09-07T18:51	88.68260	111.80855	0.170	123.9
2020-09-07T19:01	88.68232	111.82541	0.173	126.1
2020-09-07T19:11	88.68202	111.84226	0.176	127.5
2020-09-07T19:21	88.68171	111.85910	0.180	129.1
2020-09-07T19:31	88.68138	111.87559	0.181	130.8
2020-09-07T19:41	88.68104	111.89215	0.185	132.0
2020-09-07T19:51	88.68069	111.90785	0.180	133.6
2020-09-07T20:01	88.68034	111.92329	0.181	134.9
2020-09-07T20:11	88.67997	111.93803	0.180	137.2
2020-09-07T20:21	88.67960	111.95224	0.178	138.6
2020-09-07T20:31	88.67923	111.96562	0.175	140.6
2020-09-07T20:41	88.67885	111.97846	0.173	142.0
2020-09-07T20:51	88.67847	111.99073	0.170	143.2
2020-09-07T21:01	88.67809	112.00188	0.164	145.6
2020-09-07T21:11	88.67772	112.01243	0.160	146.8
2020-09-07T21:21	88.67735	112.02221	0.157	148.8
2020-09-07T21:31	88.67698	112.03123	0.153	150.7
2020-09-07T21:41	88.67661	112.03925	0.148	153.2
2020-09-07T21:51	88.67625	112.04606	0.142	156.6
2020-09-07T22:01	88.67589	112.05184	0.136	159.2
2020-09-07T22:11	88.67555	112.05686	0.130	161.2
2020-09-07T22:21	88.67523	112.06095	0.121	163.6
2020-09-07T22:31	88.67492	112.06465	0.117	164.7
2020-09-07T22:41	88.67462	112.06695	0.108	169.7
2020-09-07T22:51	88.67434	112.06878	0.104	171.6
2020-09-07T23:01	88.67407	112.06982	0.097	174.8
2020-09-07T23:11	88.67382	112.07047	0.089	176.5
2020-09-07T23:21	88.67360	112.07092	0.079	177.3
2020-09-07T23:31	88.67342	112.07107	0.067	179.0
2020-09-07T23:41	88.67326	112.07110	0.057	179.7
2020-09-07T23:51	88.67313	112.07115	0.046	179.5
2020-09-08T00:01	88.67302	112.07157	0.040	175.1
2020-09-08T00:11	88.67294	112.07256	0.031	164.5
2020-09-08T00:21	88.67286	112.07428	0.032	153.3
2020-09-08T00:31	88.67279	112.07667	0.031	140.3
2020-09-08T00:41	88.67275	112.07867	0.022	129.3
2020-09-08T00:51	88.67273	112.08050	0.017	114.1
2020-09-08T01:01	88.67273	112.08260	0.018	99.3
2020-09-08T01:11	88.67273	112.08490	0.019	81.1
2020-09-08T01:21	88.67276	112.08731	0.023	62.6
2020-09-08T01:31	88.67283	112.09134	0.041	55.7
2020-09-08T01:41	88.67293	112.09625	0.055	48.1
2020-09-08T01:51	88.67307	112.10251	0.072	46.2
2020-09-08T02:01	88.67322	112.11006	0.084	48.2
2020-09-08T02:11	88.67338	112.11856	0.089	52.3
2020-09-08T02:21	88.67353	112.12801	0.097	54.5
2020-09-08T02:31	88.67368	112.13749	0.094	56.8
2020-09-08T02:41	88.67381	112.14720	0.095	58.5
2020-09-08T02:51	88.67396	112.15675	0.096	55.8
2020-09-08T03:01	88.67413	112.16665	0.102	53.6
2020-09-08T03:11	88.67432	112.17722	0.111	52.5
2020-09-08T03:21	88.67450	112.18778	0.110	52.8
2020-09-08T03:31	88.67469	112.19906	0.115	54.6
2020-09-08T03:41	88.67487	112.21206	0.127	58.5
2020-09-08T03:51	88.67504	112.22555	0.128	61.5
2020-09-08T04:01	88.67520	112.23914	0.127	63.2
2020-09-08T04:11	88.67537	112.25319	0.132	62.1
2020-09-08T04:21	88.67556	112.26924	0.149	63.6
2020-09-08T04:31	88.67573	112.28711	0.161	67.5
2020-09-08T04:41	88.67588	112.30656	0.170	71.7
2020-09-08T04:51	88.67601	112.32708	0.177	74.4
2020-09-08T05:01	88.67612	112.34950	0.191	77.5
2020-09-08T05:11	88.67622	112.37298	0.199	79.7
2020-09-08T05:21	88.67630	112.39711	0.202	82.5
2020-09-08T05:31	88.67634	112.42202	0.208	85.3
2020-09-08T05:41	88.67635	112.44725	0.210	89.0
2020-09-08T05:51	88.67635	112.47208	0.207	90.2
2020-09-08T06:01	88.67634	112.49680	0.206	90.8
2020-09-08T06:11	88.67631	112.52131	0.204	93.2
2020-09-08T06:21	88.67628	112.54640	0.209	93.1
2020-09-08T06:31	88.67624	112.57191	0.213	94.2
2020-09-08T06:41	88.67619	112.59718	0.211	94.8
2020-09-08T06:51	88.67614	112.62159	0.204	94.5
2020-09-08T07:01	88.67612	112.64551	0.199	92.8
2020-09-08T07:11	88.67611	112.66871	0.193	91.2
2020-09-08T07:21	88.67606	112.69144	0.190	95.0
2020-09-08T07:31	88.67599	112.71346	0.185	98.2
2020-09-08T07:41	88.67589	112.73516	0.184	100.8
2020-09-08T07:51	88.67579	112.75604	0.177	101.7
2020-09-08T08:01	88.67570	112.77586	0.168	101.2
2020-09-08T08:11	88.67561	112.79447	0.158	102.0
2020-09-08T08:21	88.67552	112.81191	0.148	101.7
2020-09-08T08:31	88.67546	112.82844	0.139	99.1
2020-09-08T08:41	88.67541	112.84376	0.129	98.3
2020-09-08T08:51	88.67537	112.85775	0.117	97.3
2020-09-08T09:01	88.67533	112.87063	0.108	97.1
2020-09-08T09:11	88.67532	112.88246	0.099	93.7
2020-09-08T09:21	88.67532	112.89295	0.087	89.7
2020-09-08T09:31	88.67535	112.90255	0.081	80.8
2020-09-08T09:41	88.67543	112.91051	0.073	65.9
2020-09-08T09:51	88.67557	112.91697	0.074	46.9
2020-09-08T10:01	88.67574	112.92287	0.076	40.2
2020-09-08T10:11	88.67593	112.92823	0.082	32.7
2020-09-08T10:21	88.67615	112.93315	0.090	27.1
2020-09-08T10:31	88.67641	112.93781	0.100	22.8
2020-09-08T10:41	88.67669	112.94171	0.106	17.7
2020-09-08T10:51	88.67700	112.94506	0.115	14.0
2020-09-08T11:01	88.67734	112.94780	0.124	10.6
2020-09-08T11:11	88.67769	112.95014	0.129	8.7
2020-09-08T11:21	88.67804	112.95191	0.128	6.6
2020-09-08T11:31	88.67842	112.95339	0.135	5.2
2020-09-08T11:41	88.67881	112.95439	0.143	3.3
2020-09-08T11:51	88.67924	112.95530	0.153	2.8
2020-09-08T12:01	88.67969	112.95565	0.162	1.0
2020-09-08T12:11	88.68016	112.95576	0.171	0.3
2020-09-08T12:21	88.68067	112.95589	0.183	0.3
2020-09-08T12:31	88.68120	112.95599	0.191	0.2
2020-09-08T12:41	88.68177	112.95685	0.203	2.0
2020-09-08T12:51	88.68235	112.95819	0.212	3.0
2020-09-08T13:01	88.68296	112.96013	0.218	4.2
2020-09-08T13:11	88.68357	112.96268	0.220	5.5
2020-09-08T13:21	88.68419	112.96628	0.227	7.5
2020-09-08T13:31	88.68482	112.97047	0.230	8.6
2020-09-08T13:41	88.68545	112.97565	0.230	10.7
2020-09-08T13:51	88.68608	112.98166	0.232	12.3
2020-09-08T14:01	88.68671	112.98876	0.235	14.4
2020-09-08T14:11	88.68739	112.99593	0.252	13.6
2020-09-08T14:21	88.68809	113.00473	0.262	16.1
2020-09-08T14:31	88.68882	113.01523	0.274	18.4
2020-09-08T14:41	88.68956	113.02654	0.284	19.1
2020-09-08T14:51	88.69030	113.03990	0.287	22.5
2020-09-08T15:01	88.69101	113.05469	0.283	25.5
2020-09-08T15:11	88.69169	113.07026	0.277	27.5
2020-09-08T15:21	88.69238	113.08758	0.285	30.0
2020-09-08T15:31	88.69307	113.10655	0.293	32.1
2020-09-08T15:41	88.69375	113.12687	0.297	34.2
2020-09-08T15:51	88.69443	113.14841	0.303	35.7
2020-09-08T16:01	88.69511	113.17103	0.307	37.2
2020-09-08T16:11	88.69580	113.19386	0.311	37.0
2020-09-08T16:21	88.69650	113.21769	0.319	37.7
2020-09-08T16:31	88.69719	113.24219	0.320	38.8
2020-09-08T16:41	88.69784	113.26759	0.312	41.8
2020-09-08T16:51	88.69845	113.29359	0.308	43.7
2020-09-08T17:01	88.69908	113.32008	0.312	43.9
2020-09-08T17:11	88.69968	113.34708	0.310	45.4
2020-09-08T17:21	88.70026	113.37405	0.304	46.5
2020-09-08T17:31	88.70083	113.40143	0.303	47.5
2020-09-08T17:41	88.70138	113.42839	0.295	48.2
2020-09-08T17:51	88.70184	113.45533	0.275	53.0
2020-09-08T18:01	88.70228	113.48199	0.270	53.8
2020-09-08T18:11	88.70268	113.50791	0.256	55.7
2020-09-08T18:21	88.70306	113.53321	0.248	56.4
2020-09-08T18:31	88.70342	113.55730	0.236	56.3
2020-09-08T18:41	88.70380	113.57969	0.227	53.4
2020-09-08T18:51	88.70415	113.60030	0.211	52.6
2020-09-08T19:01	88.70449	113.61931	0.197	51.8
2020-09-08T19:11	88.70482	113.63713	0.187	50.9
2020-09-08T19:21	88.70513	113.65253	0.168	48.1
2020-09-08T19:31	88.70543	113.66649	0.156	46.5
2020-09-08T19:41	88.70572	113.67858	0.143	43.4
2020-09-08T19:51	88.70600	113.68899	0.131	40.3
2020-09-08T20:01	88.70627	113.69824	0.123	37.7
2020-09-08T20:11	88.70653	113.70611	0.113	34.6
2020-09-08T20:21	88.70678	113.71240	0.104	29.4
2020-09-08T20:31	88.70703	113.71717	0.098	23.2
2020-09-08T20:41	88.70727	113.72005	0.090	15.0
2020-09-08T20:51	88.70750	113.72140	0.084	7.5
2020-09-08T21:01	88.70775	113.72104	0.088	358.1
2020-09-08T21:11	88.70799	113.71914	0.088	349.9
2020-09-08T21:21	88.70823	113.71601	0.090	343.6
2020-09-08T21:31	88.70847	113.71140	0.094	336.6
2020-09-08T21:41	88.70871	113.70543	0.101	331.3
2020-09-08T21:51	88.70897	113.69777	0.111	325.9
2020-09-08T22:01	88.70922	113.68813	0.120	319.5
2020-09-08T22:11	88.70948	113.67704	0.129	315.7
2020-09-08T22:21	88.70975	113.66444	0.142	314.0
2020-09-08T22:31	88.71004	113.65050	0.154	312.9
2020-09-08T22:41	88.71035	113.63506	0.167	311.3
2020-09-08T22:51	88.71068	113.61802	0.183	311.1
2020-09-08T23:01	88.71103	113.59981	0.194	310.4
2020-09-08T23:11	88.71138	113.58079	0.199	309.4
2020-09-08T23:21	88.71175	113.56058	0.210	308.8
2020-09-08T23:31	88.71214	113.53963	0.220	309.6
2020-09-08T23:41	88.71256	113.51775	0.233	310.5
2020-09-08T23:51	88.71299	113.49545	0.238	310.7
2020-09-09T00:01	88.71345	113.47244	0.249	311.7
2020-09-09T00:11	88.71395	113.44864	0.263	313.0
2020-09-09T00:21	88.71447	113.42541	0.266	315.2
2020-09-09T00:31	88.71501	113.40212	0.271	316.1
2020-09-09T00:41	88.71557	113.37872	0.276	316.9
2020-09-09T00:51	88.71615	113.35512	0.281	317.4
2020-09-09T01:01	88.71675	113.33165	0.287	318.7
2020-09-09T01:11	88.71737	113.30809	0.294	319.7
2020-09-09T01:21	88.71801	113.28491	0.297	321.1
2020-09-09T01:31	88.71866	113.26131	0.302	321.0
2020-09-09T01:41	88.71932	113.23795	0.303	321.7
2020-09-09T01:51	88.72000	113.21491	0.305	322.6
2020-09-09T02:01	88.72067	113.19247	0.303	323.5
2020-09-09T02:11	88.72136	113.16982	0.306	323.5
2020-09-09T02:21	88.72203	113.14742	0.302	323.4
2020-09-09T02:31	88.72269	113.12516	0.297	323.1
2020-09-09T02:41	88.72334	113.10301	0.295	322.9
2020-09-09T02:51	88.72397	113.08120	0.287	322.5
2020-09-09T03:01	88.72460	113.05960	0.285	322.6
2020-09-09T03:11	88.72520	113.03831	0.276	321.8
2020-09-09T03:21	88.72578	113.01698	0.268	320.4
2020-09-09T03:31	88.72632	112.99604	0.259	319.6
2020-09-09T03:41	88.72684	112.97508	0.250	318.0
2020-09-09T03:51	88.72734	112.95425	0.246	317.5
2020-09-09T04:01	88.72783	112.93329	0.241	315.9
2020-09-09T04:11	88.72831	112.91265	0.239	316.4
2020-09-09T04:21	88.72877	112.89265	0.231	316.2
2020-09-09T04:31	88.72921	112.87269	0.226	315.2
2020-09-09T04:41	88.72963	112.85305	0.217	313.7
2020-09-09T04:51	88.73000	112.83315	0.208	310.1
2020-09-09T05:01	88.73034	112.81268	0.203	306.6
2020-09-09T05:11	88.73063	112.79199	0.195	302.1
2020-09-09T05:21	88.73087	112.77059	0.192	297.1
2020-09-09T05:31	88.73106	112.74855	0.189	291.8
2020-09-09T05:41	88.73121	112.72547	0.192	286.5
2020-09-09T05:51	88.73132	112.70165	0.194	281.8
2020-09-09T06:01	88.73140	112.67699	0.198	277.7
2020-09-09T06:11	88.73143	112.65175	0.202	273.7
2020-09-09T06:21	88.73142	112.62543	0.210	268.9
2020-09-09T06:31	88.73137	112.59828	0.217	265.0
2020-09-09T06:41	88.73128	112.56997	0.228	262.3
2020-09-09T06:51	88.73116	112.54055	0.239	259.2
2020-09-09T07:01	88.73100	112.50993	0.251	257.0
2020-09-09T07:11	88.73081	112.47783	0.265	255.1
2020-09-09T07:21	88.73060	112.44450	0.277	253.6
2020-09-09T07:31	88.73036	112.40987	0.289	252.8
2020-09-09T07:41	88.73010	112.37421	0.300	251.5
2020-09-09T07:51	88.72981	112.33729	0.312	250.7
2020-09-09T08:01	88.72950	112.29922	0.323	250.0
2020-09-09T08:11	88.72919	112.26014	0.332	250.1
2020-09-09T08:21	88.72887	112.22041	0.337	250.4
2020-09-09T08:31	88.72855	112.17966	0.345	250.6
2020-09-09T08:41	88.72823	112.13703	0.360	251.3
2020-09-09T08:51	88.72791	112.09274	0.373	251.8
2020-09-09T09:01	88.72759	112.04675	0.386	252.4
2020-09-09T09:11	88.72726	111.99911	0.399	252.8
2020-09-09T09:21	88.72694	111.94976	0.411	253.9
2020-09-09T09:31	88.72664	111.89882	0.422	255.0
2020-09-09T09:41	88.72635	111.84716	0.426	256.0
2020-09-09T09:51	88.72609	111.79351	0.440	257.6
2020-09-09T10:01	88.72582	111.73779	0.456	257.8
2020-09-09T10:11	88.72556	111.68009	0.471	258.7
2020-09-09T10:21	88.72531	111.62092	0.483	259.2
2020-09-09T10:31	88.72507	111.56109	0.487	259.8
2020-09-09T10:41	88.72484	111.50088	0.490	260.1
2020-09-09T10:51	88.72461	111.44023	0.493	260.7
2020-09-09T11:01	88.72439	111.37977	0.491	260.8
2020-09-09T11:11	88.72419	111.31956	0.488	261.5
2020-09-09T11:21	88.72401	111.25920	0.488	262.3
2020-09-09T11:31	88.72385	111.19793	0.495	263.2
2020-09-09T11:41	88.72371	111.13614	0.498	264.2
2020-09-09T11:51	88.72359	111.07423	0.498	265.2
2020-09-09T12:01	88.72351	111.01222	0.498	266.6
2020-09-09T12:11	88.72345	110.95012	0.499	267.7
2020-09-09T12:21	88.72341	110.88927	0.488	268.5
2020-09-09T12:31	88.72340	110.82948	0.480	269.6
2020-09-09T12:41	88.72341	110.77073	0.471	270.3
2020-09-09T12:51	88.72343	110.71261	0.466	270.8
2020-09-09T13:01	88.72346	110.65504	0.462	271.4
2020-09-09T13:11	88.72350	110.59865	0.453	272.0
2020-09-09T13:21	88.72356	110.54463	0.434	272.8
2020-09-09T13:31	88.72362	110.49266	0.417	273.1
2020-09-09T13:41	88.72370	110.44243	0.404	274.2
2020-09-09T13:51	88.72379	110.39478	0.383	274.8
2020-09-09T14:01	88.72389	110.34943	0.365	275.5
2020-09-09T14:11	88.72399	110.30599	0.350	276.1
2020-09-09T14:21	88.72409	110.26479	0.332	276.0
2020-09-09T14:31	88.72419	110.22515	0.320	276.5
2020-09-09T14:41	88.72426	110.18747	0.303	275.3
2020-09-09T14:51	88.72432	110.15244	0.281	273.8
2020-09-09T15:01	88.72434	110.12111	0.251	271.9
2020-09-09T15:11	88.72434	110.09225	0.231	269.7
2020-09-09T15:21	88.72432	110.06533	0.216	268.5
2020-09-09T15:31	88.72429	110.04030	0.201	266.6
2020-09-09T15:41	88.72423	110.01742	0.184	264.0
2020-09-09T15:51	88.72416	109.99697	0.166	261.3
2020-09-09T16:01	88.72407	109.98035	0.137	255.8
2020-09-09T16:11	88.72395	109.96743	0.113	246.6
2020-09-09T16:21	88.72379	109.95775	0.095	235.0
2020-09-09T16:31	88.72363	109.95226	0.074	216.7
2020-09-09T16:41	88.72346	109.94880	0.068	203.9
2020-09-09T16:51	88.72325	109.94533	0.080	200.4
2020-09-09T17:01	88.72303	109.94130	0.086	202.2
2020-09-09T17:11	88.72278	109.93695	0.095	201.5
2020-09-09T17:21	88.72253	109.93193	0.098	204.2
2020-09-09T17:31	88.72227	109.92639	0.105	205.1
2020-09-09T17:41	88.72200	109.91999	0.111	207.5
2020-09-09T17:51	88.72170	109.91273	0.120	209.2
2020-09-09T18:01	88.72139	109.90426	0.132	210.9
2020-09-09T18:11	88.72106	109.89495	0.140	212.3
2020-09-09T18:21	88.72071	109.88412	0.155	214.3
2020-09-09T18:31	88.72033	109.87159	0.168	216.9
2020-09-09T18:41	88.71995	109.85780	0.178	218.5
2020-09-09T18:51	88.71954	109.84255	0.190	220.3
2020-09-09T19:01	88.71913	109.82590	0.200	222.0
2020-09-09T19:11	88.71870	109.80790	0.212	223.1
2020-09-09T19:21	88.71826	109.78830	0.224	224.8
2020-09-09T19:31	88.71781	109.76701	0.236	226.6
2020-09-09T19:41	88.71735	109.74398	0.248	228.3
2020-09-09T19:51	88.71688	109.71930	0.260	229.9
2020-09-09T20:01	88.71642	109.69260	0.273	232.1
2020-09-09T20:11	88.71595	109.66372	0.288	234.1
2020-09-09T20:21	88.71548	109.63244	0.304	236.2
2020-09-09T20:31	88.71502	109.59869	0.319	238.6
2020-09-09T20:41	88.71456	109.56293	0.332	240.4
2020-09-09T20:51	88.71412	109.52590	0.338	242.2
2020-09-09T21:01	88.71370	109.48770	0.344	243.9
2020-09-09T21:11	88.71331	109.44865	0.346	245.7
2020-09-09T21:21	88.71293	109.40837	0.352	247.6
2020-09-09T21:31	88.71257	109.36664	0.361	249.2
2020-09-09T21:41	88.71222	109.32299	0.375	250.2
2020-09-09T21:51	88.71188	109.27763	0.388	251.3
2020-09-09T22:01	88.71155	109.23125	0.394	252.5
2020-09-09T22:11	88.71124	109.18407	0.397	254.0
2020-09-09T22:21	88.71097	109.13598	0.401	256.1
2020-09-09T22:31	88.71073	109.08718	0.405	257.5
2020-09-09T22:41	88.71050	109.03768	0.409	258.6
2020-09-09T22:51	88.71031	108.98730	0.414	260.5
2020-09-09T23:01	88.71015	108.93592	0.421	262.0
2020-09-09T23:11	88.71001	108.88361	0.427	263.2
2020-09-09T23:21	88.70989	108.83001	0.437	264.4
2020-09-09T23:31	88.70979	108.77560	0.442	265.4
2020-09-09T23:41	88.70972	108.72094	0.444	266.7
2020-09-09T23:51	88.70968	108.66649	0.442	267.9
2020-09-10T00:01	88.70964	108.61244	0.438	268.6
2020-09-10T00:11	88.70963	108.55879	0.435	269.2
2020-09-10T00:21	88.70962	108.50596	0.428	269.7
2020-09-10T00:31	88.70963	108.45375	0.423	270.5
2020-09-10T00:41	88.70966	108.40235	0.417	271.5
2020-09-10T00:51	88.70970	108.35261	0.404	272.0
2020-09-10T01:01	88.70975	108.30488	0.387	272.8
2020-09-10T01:11	88.70982	108.25986	0.366	274.3
2020-09-10T01:21	88.70991	108.21617	0.356	275.0
2020-09-10T01:31	88.71001	108.17463	0.339	276.4
2020-09-10T01:41	88.71013	108.13443	0.328	277.0
2020-09-10T01:51	88.71025	108.09527	0.320	278.0
2020-09-10T02:01	88.71039	108.05728	0.312	279.7
2020-09-10T02:11	88.71056	108.02056	0.303	281.4
2020-09-10T02:21	88.71075	107.98607	0.287	283.4
2020-09-10T02:31	88.71094	107.95301	0.277	284.7
2020-09-10T02:41	88.71113	107.92188	0.261	284.9
2020-09-10T02:51	88.71131	107.89239	0.248	285.8
2020-09-10T03:01	88.71149	107.86434	0.236	285.8
2020-09-10T03:11	88.71168	107.83687	0.233	287.1
2020-09-10T03:21	88.71191	107.80971	0.234	290.3
2020-09-10T03:31	88.71213	107.78346	0.226	290.3
2020-09-10T03:41	88.71231	107.75890	0.209	288.4
2020-09-10T03:51	88.71246	107.73640	0.190	286.6
2020-09-10T04:01	88.71258	107.71668	0.166	285.7
2020-09-10T04:11	88.71270	107.69804	0.156	284.9
2020-09-10T04:21	88.71280	107.68069	0.146	285.7
2020-09-10T04:31	88.71291	107.66388	0.141	285.6
2020-09-10T04:41	88.71300	107.64782	0.134	283.6
2020-09-10T04:51	88.71305	107.63178	0.131	278.5
2020-09-10T05:01	88.71309	107.61624	0.126	275.9
2020-09-10T05:11	88.71310	107.60116	0.122	272.0
2020-09-10T05:21	88.71310	107.58629	0.120	270.4
2020-09-10T05:31	88.71310	107.57094	0.124	269.7
2020-09-10T05:41	88.71307	107.55663	0.116	265.1
2020-09-10T05:51	88.71302	107.54360	0.107	259.1
2020-09-10T06:01	88.71294	107.52933	0.119	256.8
2020-09-10T06:11	88.71284	107.51439	0.126	253.4
2020-09-10T06:21	88.71273	107.49929	0.129	251.6
2020-09-10T06:31	88.71260	107.48451	0.128	248.5
2020-09-10T06:41	88.71243	107.46971	0.133	243.9
2020-09-10T06:51	88.71227	107.45523	0.130	244.0
2020-09-10T07:01	88.71210	107.44038	0.135	242.8
2020-09-10T07:11	88.71192	107.42559	0.137	240.8
2020-09-10T07:21	88.71172	107.41031	0.143	239.7
2020-09-10T07:31	88.71150	107.39450	0.150	238.4
2020-09-10T07:41	88.71127	107.37833	0.154	238.0
2020-09-10T07:51	88.71103	107.36173	0.159	237.7
2020-09-10T08:01	88.71078	107.34488	0.164	236.4
2020-09-10T08:11	88.71053	107.32751	0.168	237.0
2020-09-10T08:21	88.71027	107.30985	0.171	236.8
2020-09-10T08:31	88.71001	107.29190	0.173	237.2
2020-09-10T08:41	88.70975	107.27319	0.178	238.4
2020-09-10T08:51	88.70948	107.25387	0.184	238.5
2020-09-10T09:01	88.70923	107.23430	0.183	240.1
2020-09-10T09:11	88.70898	107.21417	0.185	241.8
2020-09-10T09:21	88.70875	107.19343	0.189	243.0
2020-09-10T09:31	88.70852	107.17202	0.192	244.8
2020-09-10T09:41	88.70831	107.15032	0.191	246.9
2020-09-10T09:51	88.70812	107.12843	0.190	249.1
2020-09-10T10:01	88.70795	107.10585	0.193	251.6
2020-09-10T10:11	88.70779	107.08266	0.197	252.5
2020-09-10T10:21	88.70765	107.05903	0.198	255.2
2020-09-10T10:31	88.70751	107.03537	0.198	255.8
2020-09-10T10:41	88.70740	107.01119	0.200	258.5
2020-09-10T10:51	88.70731	106.98669	0.202	260.3
2020-09-10T11:01	88.70723	106.96179	0.204	262.1
2020-09-10T11:11	88.70717	106.93661	0.206	264.1
2020-09-10T11:21	88.70714	106.91125	0.206	266.7
2020-09-10T11:31	88.70713	106.88602	0.205	269.1
2020-09-10T11:41	88.70714	106.86076	0.205	271.3
2020-09-10T11:51	88.70718	106.83535	0.207	273.5
2020-09-10T12:01	88.70723	106.81034	0.204	275.2
2020-09-10T12:11	88.70730	106.78533	0.205	277.1
2020-09-10T12:21	88.70738	106.76084	0.201	278.8
2020-09-10T12:31	88.70749	106.73684	0.198	280.9
2020-09-10T12:41	88.70760	106.71325	0.196	282.6
2020-09-10T12:51	88.70774	106.68950	0.199	283.8
2020-09-10T13:01	88.70788	106.66580	0.199	284.6
2020-09-10T13:11	88.70804	106.64173	0.204	287.1
2020-09-10T13:21	88.70823	106.61706	0.211	288.3
2020-09-10T13:31	88.70843	106.59209	0.215	289.6
2020-09-10T13:41	88.70863	106.56821	0.208	291.0
2020-09-10T13:51	88.70885	106.54569	0.199	293.3
2020-09-10T14:01	88.70910	106.52423	0.196	297.1
2020-09-10T14:11	88.70936	106.50330	0.194	299.2
2020-09-10T14:21	88.70963	106.48402	0.184	301.8
2020-09-10T14:31	88.70990	106.46677	0.170	304.7
2020-09-10T14:41	88.71018	106.45122	0.161	308.4
2020-09-10T14:51	88.71047	106.43680	0.157	312.1
2020-09-10T15:01	88.71075	106.42290	0.152	312.2
2020-09-10T15:11	88.71105	106.40954	0.152	314.7
2020-09-10T15:21	88.71135	106.39679	0.150	316.4
2020-09-10T15:31	88.71166	106.38316	0.157	315.4
2020-09-10T15:41	88.71198	106.36972	0.157	316.0
2020-09-10T15:51	88.71227	106.35798	0.141	317.8
2020-09-10T16:01	88.71253	106.34717	0.130	317.8
2020-09-10T16:11	88.71281	106.33616	0.133	317.9
2020-09-10T16:21	88.71307	106.32564	0.127	318.1
2020-09-10T16:31	88.71334	106.31571	0.125	320.0
2020-09-10T16:41	88.71358	106.30700	0.112	320.9
2020-09-10T16:51	88.71380	106.29839	0.107	319.4
2020-09-10T17:01	88.71402	106.28994	0.103	318.6
2020-09-10T17:11	88.71423	106.28176	0.102	319.6
2020-09-10T17:21	88.71444	106.27354	0.100	318.4
2020-09-10T17:31	88.71465	106.26440	0.104	314.7
2020-09-10T17:41	88.71483	106.25532	0.099	312.2
2020-09-10T17:51	88.71498	106.24607	0.093	306.4
2020-09-10T18:01	88.71511	106.23702	0.087	302.4
2020-09-10T18:11	88.71521	106.22749	0.085	294.7
2020-09-10T18:21	88.71529	106.21758	0.085	289.8
2020-09-10T18:31	88.71536	106.20757	0.084	286.7
2020-09-10T18:41	88.71540	106.19719	0.086	281.4
2020-09-10T18:51	88.71544	106.18643	0.088	278.2
2020-09-10T19:01	88.71546	106.17486	0.094	274.0
2020-09-10T19:11	88.71545	106.16284	0.097	269.0
2020-09-10T19:21	88.71544	106.15004	0.103	268.4
2020-09-10T19:31	88.71543	106.13624	0.111	267.7
2020-09-10T19:41	88.71542	106.12171	0.117	268.0
2020-09-10T19:51	88.71540	106.10654	0.123	267.6
2020-09-10T20:01	88.71539	106.09058	0.129	267.7
2020-09-10T20:11	88.71538	106.07341	0.139	267.9
2020-09-10T20:21	88.71536	106.05520	0.147	267.6
2020-09-10T20:31	88.71535	106.03563	0.158	268.3
2020-09-10T20:41	88.71534	106.01564	0.161	269.0
2020-09-10T20:51	88.71533	105.99395	0.175	269.1
2020-09-10T21:01	88.71534	105.97042	0.190	271.0
2020-09-10T21:11	88.71536	105.94617	0.196	272.3
2020-09-10T21:21	88.71539	105.92024	0.210	273.3
2020-09-10T21:31	88.71543	105.89313	0.219	273.8
2020-09-10T21:41	88.71550	105.86447	0.232	275.6
2020-09-10T21:51	88.71558	105.83455	0.243	276.6
2020-09-10T22:01	88.71567	105.80368	0.251	277.8
2020-09-10T22:11	88.71578	105.77230	0.257	279.3
2020-09-10T22:21	88.71592	105.74040	0.262	281.0
2020-09-10T22:31	88.71609	105.70756	0.271	282.5
2020-09-10T22:41	88.71627	105.67435	0.276	283.8
2020-09-10T22:51	88.71646	105.64088	0.279	284.7
2020-09-10T23:01	88.71669	105.60726	0.283	286.5
2020-09-10T23:11	88.71693	105.57350	0.286	287.8
2020-09-10T23:21	88.71719	105.53959	0.289	289.1
2020-09-10T23:31	88.71748	105.50532	0.295	290.7
2020-09-10T23:41	88.71780	105.47080	0.301	292.4
2020-09-10T23:51	88.71815	105.43609	0.307	294.5
2020-09-11T00:01	88.71853	105.40096	0.314	295.6
2020-09-11T00:11	88.71894	105.36608	0.318	298.0
2020-09-11T00:21	88.71938	105.33164	0.319	299.6
2020-09-11T00:31	88.71984	105.29683	0.326	300.7
2020-09-11T00:41	88.72033	105.26194	0.331	302.0
2020-09-11T00:51	88.72084	105.22757	0.333	303.8
2020-09-11T01:01	88.72141	105.19276	0.346	306.0
2020-09-11T01:11	88.72198	105.15994	0.335	308.2
2020-09-11T01:21	88.72259	105.12668	0.345	309.2
2020-09-11T01:31	88.72321	105.09434	0.342	310.6
2020-09-11T01:41	88.72384	105.06269	0.342	312.2
2020-09-11T01:51	88.72450	105.03182	0.342	313.7
2020-09-11T02:01	88.72516	105.00156	0.341	314.7
2020-09-11T02:11	88.72584	104.97250	0.337	316.3
2020-09-11T02:21	88.72651	104.94483	0.328	317.6
2020-09-11T02:31	88.72719	104.91886	0.320	319.5
2020-09-11T02:41	88.72788	104.89349	0.319	320.6
2020-09-11T02:51	88.72854	104.86974	0.306	321.7
2020-09-11T03:01	88.72919	104.84871	0.288	324.4
2020-09-11T03:11	88.72983	104.82978	0.275	326.7
2020-09-11T03:21	88.73046	104.81172	0.269	327.6
2020-09-11T03:31	88.73108	104.79479	0.260	328.8
2020-09-11T03:41	88.73169	104.77892	0.254	330.1
2020-09-11T03:51	88.73229	104.76358	0.248	330.5
2020-09-11T04:01	88.73287	104.74905	0.237	330.7
2020-09-11T04:11	88.73343	104.73537	0.230	331.8
2020-09-11T04:21	88.73397	104.72285	0.220	333.0
2020-09-11T04:31	88.73450	104.71051	0.213	332.6
2020-09-11T04:41	88.73500	104.69866	0.204	332.5
2020-09-11T04:51	88.73548	104.68724	0.194	332.2
2020-09-11T05:01	88.73594	104.67634	0.188	332.6
2020-09-11T05:11	88.73639	104.66570	0.181	332.2
2020-09-11T05:21	88.73681	104.65518	0.173	331.1
2020-09-11T05:31	88.73721	104.64505	0.164	330.7
2020-09-11T05:41	88.73758	104.63524	0.156	330.0
2020-09-11T05:51	88.73795	104.62490	0.155	328.0
2020-09-11T06:01	88.73829	104.61446	0.147	325.9
2020-09-11T06:11	88.73860	104.60400	0.141	323.9
2020-09-11T06:21	88.73891	104.59349	0.140	323.6
2020-09-11T06:31	88.73918	104.58266	0.129	318.5
2020-09-11T06:41	88.73944	104.57133	0.129	315.7
2020-09-11T06:51	88.73968	104.55964	0.126	312.5
2020-09-11T07:01	88.73990	104.54722	0.127	309.4
2020-09-11T07:11	88.74010	104.53410	0.126	304.3
2020-09-11T07:21	88.74028	104.52024	0.128	301.1
2020-09-11T07:31	88.74044	104.50588	0.127	296.8
2020-09-11T07:41	88.74058	104.48987	0.137	292.4
2020-09-11T07:51	88.74071	104.47316	0.140	289.6
2020-09-11T08:01	88.74083	104.45552	0.146	287.2
2020-09-11T08:11	88.74095	104.43649	0.156	285.3
2020-09-11T08:21	88.74105	104.41615	0.165	283.1
2020-09-11T08:31	88.74115	104.39472	0.173	282.2
2020-09-11T08:41	88.74126	104.37202	0.183	281.5
2020-09-11T08:51	88.74135	104.34827	0.191	280.7
2020-09-11T09:01	88.74146	104.32339	0.201	281.2
2020-09-11T09:11	88.74157	104.29750	0.208	280.6
2020-09-11T09:21	88.74170	104.27018	0.221	282.2
2020-09-11T09:31	88.74184	104.24184	0.230	282.5
2020-09-11T09:41	88.74199	104.21234	0.240	283.5
2020-09-11T09:51	88.74216	104.18192	0.248	284.2
2020-09-11T10:01	88.74235	104.15060	0.256	285.2
2020-09-11T10:11	88.74255	104.11842	0.265	286.4
2020-09-11T10:21	88.74278	104.08587	0.270	287.6
2020-09-11T10:31	88.74303	104.05305	0.274	289.0
2020-09-11T10:41	88.74330	104.01982	0.280	290.3
2020-09-11T10:51	88.74359	103.98644	0.284	291.7
2020-09-11T11:01	88.74389	103.95269	0.288	292.6
2020-09-11T11:11	88.74423	103.91864	0.295	294.2
2020-09-11T11:21	88.74459	103.88472	0.297	295.6
2020-09-11T11:31	88.74497	103.85117	0.298	297.4
2020-09-11T11:41	88.74537	103.81768	0.301	298.7
2020-09-11T11:51	88.74579	103.78436	0.304	300.2
2020-09-11T12:01	88.74623	103.75139	0.304	301.2
2020-09-11T12:11	88.74668	103.71878	0.304	302.3
2020-09-11T12:21	88.74715	103.68688	0.303	304.1
2020-09-11T12:31	88.74764	103.65554	0.303	305.5
2020-09-11T12:41	88.74815	103.62482	0.304	307.3
2020-09-11T12:51	88.74867	103.59495	0.301	308.6
2020-09-11T13:01	88.74920	103.56566	0.300	309.9
2020-09-11T13:11	88.74974	103.53707	0.295	310.5
2020-09-11T13:21	88.75028	103.50890	0.295	311.4
2020-09-11T13:31	88.75084	103.48234	0.291	314.2
2020-09-11T13:41	88.75141	103.45630	0.288	314.9
2020-09-11T13:51	88.75197	103.43139	0.282	316.1
2020-09-11T14:01	88.75253	103.40709	0.278	316.7
2020-09-11T14:11	88.75310	103.38372	0.274	318.0
2020-09-11T14:21	88.75367	103.36130	0.271	319.5
2020-09-11T14:31	88.75423	103.33988	0.263	320.3
2020-09-11T14:41	88.75479	103.31994	0.254	322.2
2020-09-11T14:51	88.75534	103.30100	0.247	323.2
2020-09-11T15:01	88.75588	103.28276	0.242	323.9
2020-09-11T15:11	88.75641	103.26591	0.232	325.4
2020-09-11T15:21	88.75692	103.25018	0.222	326.3
2020-09-11T15:31	88.75742	103.23564	0.213	327.8
2020-09-11T15:41	88.75790	103.22191	0.203	328.2
2020-09-11T15:51	88.75836	103.20918	0.192	328.8
2020-09-11T16:01	88.75879	103.19739	0.181	329.4
2020-09-11T16:11	88.75919	103.18639	0.168	329.4
2020-09-11T16:21	88.75957	103.17628	0.159	330.2
2020-09-11T16:31	88.75992	103.16639	0.147	328.5
2020-09-11T16:41	88.76025	103.15746	0.136	329.2
2020-09-11T16:51	88.76054	103.14910	0.125	328.6
2020-09-11T17:01	88.76080	103.14131	0.112	327.1
2020-09-11T17:11	88.76104	103.13370	0.103	324.9
2020-09-11T17:21	88.76124	103.12637	0.093	322.3
2020-09-11T17:31	88.76141	103.11925	0.082	317.2
2020-09-11T17:41	88.76156	103.11195	0.078	313.0
2020-09-11T17:51	88.76167	103.10473	0.070	306.4
2020-09-11T18:01	88.76177	103.09708	0.069	299.6
2020-09-11T18:11	88.76183	103.08979	0.061	291.9
2020-09-11T18:21	88.76187	103.08192	0.063	284.8
2020-09-11T18:31	88.76189	103.07351	0.066	275.9
2020-09-11T18:41	88.76189	103.06468	0.069	269.3
2020-09-11T18:51	88.76186	103.05508	0.075	262.9
2020-09-11T19:01	88.76182	103.04480	0.082	258.3
2020-09-11T19:11	88.76175	103.03371	0.090	254.2
2020-09-11T19:21	88.76166	103.02164	0.099	251.7
2020-09-11T19:31	88.76156	103.00880	0.106	250.0
2020-09-11T19:41	88.76145	102.99523	0.113	248.7
2020-09-11T19:51	88.76132	102.98059	0.123	248.3
2020-09-11T20:01	88.76119	102.96488	0.131	249.3
2020-09-11T20:11	88.76106	102.94824	0.139	249.0
2020-09-11T20:21	88.76092	102.93063	0.146	249.8
2020-09-11T20:31	88.76078	102.91158	0.156	251.9
2020-09-11T20:41	88.76064	102.89092	0.169	252.6
2020-09-11T20:51	88.76051	102.86942	0.174	253.7
2020-09-11T21:01	88.76037	102.84685	0.183	254.3
2020-09-11T21:11	88.76024	102.82302	0.191	256.1
2020-09-11T21:21	88.76011	102.79796	0.200	256.8
2020-09-11T21:31	88.76001	102.77209	0.205	259.5
2020-09-11T21:41	88.75992	102.74531	0.211	261.2
2020-09-11T21:51	88.75984	102.71772	0.217	262.5
2020-09-11T22:01	88.75978	102.68910	0.224	264.1
2020-09-11T22:11	88.75973	102.65938	0.232	265.8
2020-09-11T22:21	88.75971	102.62914	0.236	267.7
2020-09-11T22:31	88.75971	102.59776	0.245	270.3
2020-09-11T22:41	88.75974	102.56587	0.249	272.3
2020-09-11T22:51	88.75978	102.53351	0.253	273.9
2020-09-11T23:01	88.75986	102.50027	0.260	275.9
2020-09-11T23:11	88.75995	102.46665	0.264	277.6
2020-09-11T23:21	88.76007	102.43267	0.268	279.1
2020-09-11T23:31	88.76021	102.39834	0.272	280.8
2020-09-11T23:41	88.76038	102.36370	0.276	282.4
2020-09-11T23:51	88.76057	102.32889	0.280	284.4
2020-09-12T00:01	88.76078	102.29439	0.280	286.1
2020-09-12T00:11	88.76102	102.26038	0.278	287.5
2020-09-12T00:21	88.76127	102.22648	0.280	289.5
2020-09-12T00:31	88.76155	102.19244	0.283	290.8
2020-09-12T00:41	88.76186	102.15862	0.285	292.6
2020-09-12T00:51	88.76218	102.12543	0.283	294.1
2020-09-12T01:01	88.76253	102.09272	0.284	296.3
2020-09-12T01:11	88.76288	102.06080	0.279	297.3
2020-09-12T01:21	88.76324	102.03004	0.272	298.5
2020-09-12T01:31	88.76362	102.00007	0.269	300.2
2020-09-12T01:41	88.76399	101.97099	0.263	300.9
2020-09-12T01:51	88.76438	101.94271	0.260	302.4
2020-09-12T02:01	88.76477	101.91553	0.253	303.6
2020-09-12T02:11	88.76516	101.88961	0.244	304.6
2020-09-12T02:21	88.76554	101.86540	0.234	306.7
2020-09-12T02:31	88.76592	101.84238	0.224	307.2
2020-09-12T02:41	88.76630	101.82046	0.217	308.6
2020-09-12T02:51	88.76667	101.79985	0.209	310.1
2020-09-12T03:01	88.76704	101.78005	0.203	311.0
2020-09-12T03:11	88.76742	101.76179	0.196	313.8
2020-09-12T03:21	88.76780	101.74512	0.188	316.7
2020-09-12T03:31	88.76817	101.72945	0.181	318.0
2020-09-12T03:41	88.76854	101.71480	0.174	319.3
2020-09-12T03:51	88.76889	101.70101	0.165	319.7
2020-09-12T04:01	88.76922	101.68830	0.156	320.8
2020-09-12T04:11	88.76954	101.67672	0.147	322.4
2020-09-12T04:21	88.76985	101.66567	0.139	322.0
2020-09-12T04:31	88.77013	101.65518	0.131	321.7
2020-09-12T04:41	88.77040	101.64534	0.124	322.0
2020-09-12T04:51	88.77065	101.63605	0.115	321.5
2020-09-12T05:01	88.77089	101.62719	0.108	320.8
2020-09-12T05:11	88.77110	101.61866	0.101	319.5
2020-09-12T05:21	88.77129	101.61061	0.093	318.1
2020-09-12T05:31	88.77147	101.60265	0.089	316.2
2020-09-12T05:41	88.77163	101.59506	0.083	314.8
2020-09-12T05:51	88.77177	101.58725	0.078	309.3
2020-09-12T06:01	88.77188	101.57952	0.072	304.4
2020-09-12T06:11	88.77197	101.57159	0.070	298.4
2020-09-12T06:21	88.77207	101.56361	0.070	298.1
2020-09-12T06:31	88.77212	101.55510	0.068	286.4
2020-09-12T06:41	88.77216	101.54611	0.071	280.9
2020-09-12T06:51	88.77218	101.53646	0.075	275.4
2020-09-12T07:01	88.77218	101.52655	0.076	271.5
2020-09-12T07:11	88.77217	101.51621	0.080	267.1
2020-09-12T07:21	88.77215	101.50507	0.086	264.5
2020-09-12T07:31	88.77212	101.49313	0.093	262.8
2020-09-12T07:41	88.77207	101.48033	0.100	260.9
2020-09-12T07:51	88.77202	101.46659	0.108	260.2
2020-09-12T08:01	88.77196	101.45219	0.113	259.3
2020-09-12T08:11	88.77190	101.43674	0.121	259.3
2020-09-12T08:21	88.77183	101.42059	0.127	258.4
2020-09-12T08:31	88.77176	101.40350	0.134	259.3
2020-09-12T08:41	88.77168	101.38554	0.142	257.9
2020-09-12T08:51	88.77161	101.36645	0.149	260.6
2020-09-12T09:01	88.77154	101.34653	0.156	261.0
2020-09-12T09:11	88.77148	101.32589	0.161	261.9
2020-09-12T09:21	88.77143	101.30378	0.172	264.2
2020-09-12T09:31	88.77139	101.28122	0.175	265.2
2020-09-12T09:41	88.77136	101.25767	0.182	267.3
2020-09-12T09:51	88.77136	101.23326	0.188	269.1
2020-09-12T10:01	88.77137	101.20772	0.197	271.4
2020-09-12T10:11	88.77140	101.18217	0.198	272.8
2020-09-12T10:21	88.77144	101.15606	0.202	274.0
2020-09-12T10:31	88.77151	101.12856	0.214	276.9
2020-09-12T10:41	88.77159	101.10072	0.217	278.4
2020-09-12T10:51	88.77170	101.07202	0.225	280.1
2020-09-12T11:01	88.77184	101.04306	0.229	282.6
2020-09-12T11:11	88.77200	101.01334	0.237	284.2
2020-09-12T11:21	88.77220	100.98324	0.242	286.6
2020-09-12T11:31	88.77241	100.95282	0.247	288.5
2020-09-12T11:41	88.77266	100.92230	0.252	290.8
2020-09-12T11:51	88.77294	100.89174	0.256	292.9
2020-09-12T12:01	88.77324	100.86107	0.260	294.7
2020-09-12T12:11	88.77357	100.83046	0.263	296.4
2020-09-12T12:21	88.77391	100.80006	0.265	297.8
2020-09-12T12:31	88.77428	100.77005	0.267	300.0
2020-09-12T12:41	88.77467	100.74025	0.270	301.6
2020-09-12T12:51	88.77508	100.71087	0.270	303.2
2020-09-12T13:01	88.77550	100.68210	0.268	304.4
2020-09-12T13:11	88.77595	100.65394	0.271	306.8
2020-09-12T13:21	88.77643	100.62733	0.266	309.7
2020-09-12T13:31	88.77692	100.60196	0.264	312.4
2020-09-12T13:41	88.77744	100.57795	0.263	315.4
2020-09-12T13:51	88.77798	100.55512	0.262	317.9
2020-09-12T14:01	88.77852	100.53281	0.260	318.8
2020-09-12T14:11	88.77907	100.51155	0.255	320.2
2020-09-12T14:21	88.77962	100.49124	0.253	322.0
2020-09-12T14:31	88.78017	100.47234	0.246	324.0
2020-09-12T14:41	88.78073	100.45479	0.240	325.9
2020-09-12T14:51	88.78129	100.43775	0.241	327.3
2020-09-12T15:01	88.78185	100.42182	0.236	328.8
2020-09-12T15:11	88.78241	100.40731	0.230	331.1
2020-09-12T15:21	88.78295	100.39405	0.220	332.6
2020-09-12T15:31	88.78350	100.38200	0.218	335.0
2020-09-12T15:41	88.78404	100.37103	0.212	336.7
2020-09-12T15:51	88.78457	100.36128	0.205	338.7
2020-09-12T16:01	88.78509	100.35253	0.199	340.4
2020-09-12T16:11	88.78561	100.34491	0.194	342.5
2020-09-12T16:21	88.78611	100.33781	0.188	343.3
2020-09-12T16:31	88.78659	100.33147	0.181	344.6
2020-09-12T16:41	88.78707	100.32609	0.176	346.5
2020-09-12T16:51	88.78752	100.32179	0.168	348.8
2020-09-12T17:01	88.78797	100.31785	0.164	349.5
2020-09-12T17:11	88.78840	100.31444	0.157	350.5
2020-09-12T17:21	88.78881	100.31143	0.149	351.2
2020-09-12T17:31	88.78921	100.30871	0.144	351.7
2020-09-12T17:41	88.78958	100.30640	0.134	352.5
2020-09-12T17:51	88.78993	100.30392	0.131	351.7
2020-09-12T18:01	88.79028	100.30129	0.125	350.8
2020-09-12T18:11	88.79060	100.29836	0.118	349.1
2020-09-12T18:21	88.79090	100.29506	0.112	347.1
2020-09-12T18:31	88.79119	100.29151	0.106	345.2
2020-09-12T18:41	88.79145	100.28710	0.102	340.9
2020-09-12T18:51	88.79171	100.28192	0.100	336.8
2020-09-12T19:01	88.79195	100.27600	0.097	332.5
2020-09-12T19:11	88.79218	100.26930	0.098	328.9
2020-09-12T19:21	88.79240	100.26172	0.097	323.5
2020-09-12T19:31	88.79260	100.25270	0.101	317.6
2020-09-12T19:41	88.79280	100.24264	0.104	312.7
2020-09-12T19:51	88.79299	100.23129	0.110	308.4
2020-09-12T20:01	88.79318	100.21870	0.117	305.5
2020-09-12T20:11	88.79337	100.20478	0.125	302.5
2020-09-12T20:21	88.79355	100.18962	0.133	300.0
2020-09-12T20:31	88.79374	100.17300	0.143	298.0
2020-09-12T20:41	88.79394	100.15497	0.154	297.8
2020-09-12T20:51	88.79413	100.13537	0.165	295.6
2020-09-12T21:01	88.79434	100.11427	0.177	295.4
2020-09-12T21:11	88.79456	100.09206	0.186	295.1
2020-09-12T21:21	88.79479	100.06854	0.196	294.3
2020-09-12T21:31	88.79504	100.04330	0.212	295.4
2020-09-12T21:41	88.79530	100.01657	0.223	294.8
2020-09-12T21:51	88.79558	99.98887	0.232	295.5
2020-09-12T22:01	88.79588	99.95938	0.248	296.0
2020-09-12T22:11	88.79620	99.92846	0.262	296.7
2020-09-12T22:21	88.79655	99.89680	0.270	297.6
2020-09-12T22:31	88.79692	99.86393	0.282	298.2
2020-09-12T22:41	88.79733	99.83020	0.294	299.8
2020-09-12T22:51	88.79777	99.79531	0.308	301.1
2020-09-12T23:01	88.79823	99.75913	0.321	301.5
2020-09-12T23:11	88.79872	99.72187	0.332	302.1
2020-09-12T23:21	88.79925	99.68340	0.346	302.9
2020-09-12T23:31	88.79981	99.64397	0.359	304.2
2020-09-12T23:41	88.80041	99.60366	0.373	305.4
2020-09-12T23:51	88.80105	99.56270	0.385	306.8
2020-09-13T00:01	88.80173	99.52110	0.398	308.1
2020-09-13T00:11	88.80246	99.47904	0.411	309.6
2020-09-13T00:21	88.80322	99.43654	0.422	310.7
2020-09-13T00:31	88.80403	99.39387	0.434	312.4
2020-09-13T00:41	88.80489	99.35136	0.443	313.9
2020-09-13T00:51	88.80578	99.30935	0.451	315.7
2020-09-13T01:01	88.80672	99.26782	0.460	317.4
2020-09-13T01:11	88.80769	99.22694	0.464	318.7
2020-09-13T01:21	88.80869	99.18641	0.471	319.9
2020-09-13T01:31	88.80971	99.14630	0.475	320.8
2020-09-13T01:41	88.81076	99.10608	0.481	321.3
2020-09-13T01:51	88.81182	99.06587	0.487	322.0
2020-09-13T02:01	88.81291	99.02661	0.490	323.3
2020-09-13T02:11	88.81402	98.98773	0.494	324.1
2020-09-13T02:21	88.81515	98.94991	0.494	325.3
2020-09-13T02:31	88.81629	98.91234	0.496	325.7
2020-09-13T02:41	88.81747	98.87479	0.508	326.7
2020-09-13T02:51	88.81859	98.83954	0.481	327.0
2020-09-13T03:01	88.81976	98.80440	0.495	328.3
2020-09-13T03:11	88.82093	98.77067	0.491	329.4
2020-09-13T03:21	88.82211	98.73749	0.492	330.1
2020-09-13T03:31	88.82329	98.70495	0.488	330.5
2020-09-13T03:41	88.82448	98.67253	0.490	330.7
2020-09-13T03:51	88.82566	98.64037	0.487	330.8
2020-09-13T04:01	88.82684	98.60823	0.486	330.8
2020-09-13T04:11	88.82801	98.57586	0.486	330.6
2020-09-13T04:21	88.82920	98.54380	0.487	331.0
2020-09-13T04:31	88.83038	98.51187	0.486	331.2
2020-09-13T04:41	88.83157	98.48057	0.485	331.7
2020-09-13T04:51	88.83276	98.44936	0.487	332.0
2020-09-13T05:01	88.83396	98.41833	0.487	332.2
2020-09-13T05:11	88.83515	98.38732	0.484	332.1
2020-09-13T05:21	88.83634	98.35573	0.487	331.7
2020-09-13T05:31	88.83752	98.32405	0.485	331.5
2020-09-13T05:41	88.83870	98.29260	0.483	331.6
2020-09-13T05:51	88.83986	98.26007	0.482	330.5
2020-09-13T06:01	88.84101	98.22692	0.479	329.7
2020-09-13T06:11	88.84216	98.19279	0.481	328.9
2020-09-13T06:21	88.84328	98.15709	0.480	327.3
2020-09-13T06:31	88.84437	98.11968	0.478	325.4
2020-09-13T06:41	88.84546	98.08118	0.480	324.4
2020-09-13T06:51	88.84652	98.04069	0.483	322.6
2020-09-13T07:01	88.84757	97.99830	0.487	320.9
2020-09-13T07:11	88.84858	97.95384	0.484	318.4
2020-09-13T07:21	88.84957	97.90804	0.487	317.2
2020-09-13T07:31	88.85058	97.86043	0.501	316.6
2020-09-13T07:41	88.85160	97.81121	0.510	315.9
2020-09-13T07:51	88.85261	97.76053	0.516	314.9
2020-09-13T08:01	88.85362	97.70772	0.526	313.7
2020-09-13T08:11	88.85464	97.65111	0.549	312.1
2020-09-13T08:21	88.85563	97.59275	0.552	310.5
2020-09-13T08:31	88.85661	97.53198	0.562	309.0
2020-09-13T08:41	88.85761	97.46876	0.578	308.2
2020-09-13T08:51	88.85860	97.40279	0.594	307.2
2020-09-13T09:01	88.85959	97.33596	0.597	306.6
2020-09-13T09:11	88.86060	97.26722	0.613	306.6
2020-09-13T09:21	88.86162	97.19501	0.632	305.2
2020-09-13T09:31	88.86265	97.12016	0.653	305.0
2020-09-13T09:41	88.86372	97.04518	0.660	305.8
2020-09-13T09:51	88.86483	96.96842	0.677	306.0
2020-09-13T10:01	88.86600	96.88977	0.701	306.9
2020-09-13T10:11	88.86723	96.80977	0.721	307.9
2020-09-13T10:21	88.86854	96.72962	0.742	309.8
2020-09-13T10:31	88.86998	96.65041	0.765	312.7
2020-09-13T10:41	88.87151	96.57294	0.778	315.1
2020-09-13T10:51	88.87322	96.49774	0.814	319.1
2020-09-13T11:01	88.87504	96.42631	0.829	322.5
2020-09-13T11:11	88.87692	96.35918	0.826	325.0
2020-09-13T11:21	88.87883	96.29363	0.827	326.1
2020-09-13T11:31	88.88078	96.23009	0.833	327.6
2020-09-13T11:41	88.88280	96.17216	0.833	330.8
2020-09-13T11:51	88.88485	96.11750	0.830	332.5
2020-09-13T12:01	88.88692	96.06688	0.826	334.6
2020-09-13T12:11	88.88898	96.01760	0.817	335.1
2020-09-13T12:21	88.89106	95.97302	0.811	337.5
2020-09-13T12:31	88.89316	95.93368	0.804	340.1
2020-09-13T12:41	88.89526	95.89936	0.794	342.5
2020-09-13T12:51	88.89733	95.86797	0.777	343.7
2020-09-13T13:01	88.89938	95.84024	0.763	345.5
2020-09-13T13:11	88.90143	95.81668	0.756	347.6
2020-09-13T13:21	88.90347	95.79718	0.745	349.6
2020-09-13T13:31	88.90548	95.78132	0.732	351.4
2020-09-13T13:41	88.90747	95.76908	0.720	353.3
2020-09-13T13:51	88.90943	95.76024	0.709	355.1
2020-09-13T14:01	88.91137	95.75514	0.699	357.1
2020-09-13T14:11	88.91329	95.75373	0.691	359.2
2020-09-13T14:21	88.91516	95.75585	0.674	1.2
2020-09-13T14:31	88.91698	95.76175	0.657	3.5
2020-09-13T14:41	88.91876	95.77111	0.643	5.7
2020-09-13T14:51	88.92046	95.78376	0.619	8.0
2020-09-13T15:01	88.92211	95.80021	0.605	10.6
2020-09-13T15:11	88.92371	95.82033	0.591	13.3
2020-09-13T15:21	88.92527	95.84352	0.582	15.6
2020-09-13T15:31	88.92676	95.86962	0.564	18.2
2020-09-13T15:41	88.92815	95.89665	0.532	20.0
2020-09-13T15:51	88.92950	95.92671	0.528	22.5
2020-09-13T16:01	88.93080	95.95861	0.515	24.6
2020-09-13T16:11	88.93203	95.99193	0.495	26.9
2020-09-13T16:21	88.93319	96.02650	0.478	29.0
2020-09-13T16:31	88.93426	96.06195	0.454	31.5
2020-09-13T16:41	88.93526	96.09790	0.433	33.7
2020-09-13T16:51	88.93619	96.13438	0.414	36.1
2020-09-13T17:01	88.93702	96.17052	0.384	38.9
2020-09-13T17:11	88.93777	96.20585	0.356	41.4
2020-09-13T17:21	88.93843	96.23959	0.328	43.4
2020-09-13T17:31	88.93901	96.27121	0.297	45.2
2020-09-13T17:41	88.93952	96.30048	0.268	46.7
2020-09-13T17:51	88.93999	96.32731	0.245	46.8
2020-09-13T18:01	88.94043	96.35085	0.224	44.5
2020-09-13T18:11	88.94085	96.37200	0.207	42.9
2020-09-13T18:21	88.94124	96.39063	0.188	41.1
2020-09-13T18:31	88.94163	96.40682	0.175	37.9
2020-09-13T18:41	88.94199	96.42088	0.162	35.3
2020-09-13T18:51	88.94236	96.43247	0.151	30.6
2020-09-13T19:01	88.94273	96.44147	0.148	23.8
2020-09-13T19:11	88.94314	96.44819	0.151	17.1
2020-09-13T19:21	88.94358	96.45320	0.164	11.7
2020-09-13T19:31	88.94407	96.45735	0.179	8.9
2020-09-13T19:41	88.94460	96.46000	0.190	5.3
2020-09-13T19:51	88.94515	96.46108	0.200	2.0
2020-09-13T20:01	88.94574	96.45959	0.211	357.3
2020-09-13T20:11	88.94637	96.45640	0.226	354.7
2020-09-13T20:21	88.94705	96.45181	0.249	353.0
2020-09-13T20:31	88.94778	96.44602	0.264	351.7
2020-09-13T20:41	88.94853	96.43805	0.277	349.0
2020-09-13T20:51	88.94930	96.42814	0.284	346.7
2020-09-13T21:01	88.95009	96.41731	0.294	345.9
2020-09-13T21:11	88.95089	96.40478	0.299	344.0
2020-09-13T21:21	88.95172	96.39143	0.311	343.6
2020-09-13T21:31	88.95262	96.37770	0.337	344.4
2020-09-13T21:41	88.95351	96.36339	0.333	343.6
2020-09-13T21:51	88.95451	96.34772	0.377	344.2
2020-09-13T22:01	88.95559	96.33338	0.400	346.4
2020-09-13T22:11	88.95672	96.32179	0.413	349.4
2020-09-13T22:21	88.95791	96.31305	0.431	352.4
2020-09-13T22:31	88.95918	96.30935	0.459	357.0
2020-09-13T22:41	88.96053	96.31057	0.485	0.9
2020-09-13T22:51	88.96192	96.31621	0.500	4.2
2020-09-13T23:01	88.96334	96.32614	0.517	7.2
2020-09-13T23:11	88.96479	96.33886	0.529	9.0
2020-09-13T23:21	88.96631	96.35638	0.559	11.8
2020-09-13T23:31	88.96783	96.37785	0.562	14.3
2020-09-13T23:41	88.96934	96.40551	0.574	18.2
2020-09-13T23:51	88.97086	96.43886	0.588	21.5
2020-09-14T00:01	88.97240	96.47865	0.610	24.9
2020-09-14T00:11	88.97395	96.52246	0.626	26.8
2020-09-14T00:21	88.97550	96.56978	0.638	28.5
2020-09-14T00:31	88.97704	96.61962	0.639	30.1
2020-09-14T00:41	88.97855	96.67319	0.646	32.1
2020-09-14T00:51	88.98005	96.73075	0.653	34.4
2020-09-14T01:01	88.98152	96.79434	0.668	37.5
2020-09-14T01:11	88.98297	96.86135	0.676	39.3
2020-09-14T01:21	88.98441	96.93314	0.692	41.4
2020-09-14T01:31	88.98585	97.00861	0.706	42.9
2020-09-14T01:41	88.98728	97.08865	0.724	44.7
2020-09-14T01:51	88.98868	97.17390	0.742	46.9
2020-09-14T02:01	88.99006	97.26415	0.757	49.1
2020-09-14T02:11	88.99140	97.36103	0.781	51.8
2020-09-14T02:21	88.99270	97.46207	0.794	53.7
2020-09-14T02:31	88.99398	97.57002	0.822	56.1
2020-09-14T02:41	88.99521	97.67973	0.822	57.4
2020-09-14T02:51	88.99638	97.79476	0.841	59.6
2020-09-14T03:01	88.99751	97.91457	0.857	61.7
2020-09-14T03:11	88.99854	98.03300	0.832	63.5
2020-09-14T03:21	88.99948	98.15590	0.845	66.1
2020-09-14T03:31	89.00036	98.28058	0.845	68.0
2020-09-14T03:41	89.00118	98.40712	0.847	69.7
2020-09-14T03:51	89.00190	98.53635	0.851	72.2
2020-09-14T04:01	89.00255	98.66583	0.845	73.8
2020-09-14T04:11	89.00314	98.79757	0.852	75.5
2020-09-14T04:21	89.00368	98.93001	0.852	76.7
2020-09-14T04:31	89.00418	99.06171	0.843	77.8
2020-09-14T04:41	89.00463	99.19337	0.840	78.6
2020-09-14T04:51	89.00503	99.32349	0.826	80.1
2020-09-14T05:01	89.00534	99.45212	0.812	82.0
2020-09-14T05:11	89.00556	99.57925	0.799	84.1
2020-09-14T05:21	89.00570	99.70485	0.786	86.3
2020-09-14T05:31	89.00574	99.82774	0.768	88.9
2020-09-14T05:41	89.00572	99.94942	0.760	90.5
2020-09-14T05:51	89.00566	100.06932	0.749	91.7
2020-09-14T06:01	89.00555	100.18651	0.733	93.0
2020-09-14T06:11	89.00540	100.30015	0.712	94.1
2020-09-14T06:21	89.00521	100.40799	0.678	95.8
2020-09-14T06:31	89.00502	100.51175	0.652	96.0
2020-09-14T06:41	89.00480	100.61069	0.624	97.2
2020-09-14T06:51	89.00456	100.70403	0.590	98.4
2020-09-14T07:01	89.00431	100.79286	0.563	99.1
2020-09-14T07:11	89.00407	100.87534	0.524	99.7
2020-09-14T07:21	89.00383	100.95456	0.503	99.6
2020-09-14T07:31	89.00359	101.02786	0.467	100.8
2020-09-14T07:41	89.00336	101.09693	0.441	101.0
2020-09-14T07:51	89.00313	101.16242	0.418	101.3
2020-09-14T08:01	89.00294	101.22255	0.383	100.3
2020-09-14T08:11	89.00279	101.27663	0.343	99.0
2020-09-14T08:21	89.00271	101.32658	0.314	95.1
2020-09-14T08:31	89.00269	101.37154	0.282	91.3
2020-09-14T08:41	89.00276	101.41377	0.266	84.9
2020-09-14T08:51	89.00294	101.45184	0.247	74.5
2020-09-14T09:01	89.00318	101.48762	0.240	68.9
2020-09-14T09:11	89.00351	101.51961	0.233	59.4
2020-09-14T09:21	89.00389	101.54942	0.231	54.0
2020-09-14T09:31	89.00435	101.57746	0.241	46.7
2020-09-14T09:41	89.00487	101.60263	0.246	39.8
2020-09-14T09:51	89.00546	101.62719	0.262	35.8
2020-09-14T10:01	89.00615	101.65150	0.290	31.6
2020-09-14T10:11	89.00691	101.67488	0.312	27.9
2020-09-14T10:21	89.00779	101.69736	0.347	23.9
2020-09-14T10:31	89.00879	101.72337	0.394	24.3
2020-09-14T10:41	89.00989	101.75410	0.441	25.7
2020-09-14T10:51	89.01112	101.79216	0.500	28.2
2020-09-14T11:01	89.01243	101.83733	0.549	30.7
2020-09-14T11:11	89.01370	101.88533	0.546	33.0
2020-09-14T11:21	89.01505	101.93828	0.587	33.9
2020-09-14T11:31	89.01642	101.99188	0.595	33.9
2020-09-14T11:41	89.01783	102.04714	0.610	34.0
2020-09-14T11:51	89.01925	102.10600	0.626	35.4
2020-09-14T12:01	89.02068	102.16748	0.639	36.3
2020-09-14T12:11	89.02211	102.23051	0.646	36.8
2020-09-14T12:21	89.02355	102.29423	0.650	37.0
2020-09-14T12:31	89.02502	102.35938	0.661	37.1
2020-09-14T12:41	89.02649	102.42656	0.672	37.7
2020-09-14T12:51	89.02797	102.49700	0.685	38.9
2020-09-14T13:01	89.02945	102.57005	0.694	40.0
2020-09-14T13:11	89.03092	102.64588	0.702	41.2
2020-09-14T13:21	89.03237	102.72388	0.706	42.2
2020-09-14T13:31	89.03381	102.80460	0.713	43.4
2020-09-14T13:41	89.03521	102.88661	0.708	44.6
2020-09-14T13:51	89.03658	102.97203	0.717	46.2
2020-09-14T14:01	89.03792	103.06150	0.724	48.3
2020-09-14T14:11	89.03924	103.15564	0.740	50.1
2020-09-14T14:21	89.04055	103.25360	0.756	51.4
2020-09-14T14:31	89.04185	103.35588	0.774	52.7
2020-09-14T14:41	89.04310	103.45945	0.769	54.1
2020-09-14T14:51	89.04431	103.56566	0.772	55.7
2020-09-14T15:01	89.04548	103.67451	0.778	57.0
2020-09-14T15:11	89.04663	103.78498	0.780	58.1
2020-09-14T15:21	89.04774	103.89845	0.790	59.3
2020-09-14T15:31	89.04883	104.01315	0.790	60.2
2020-09-14T15:41	89.04989	104.13119	0.801	61.6
2020-09-14T15:51	89.05090	104.24983	0.796	62.7
2020-09-14T16:01	89.05189	104.36915	0.795	63.4
2020-09-14T16:11	89.05282	104.48879	0.788	64.6
2020-09-14T16:21	89.05371	104.60716	0.773	65.6
2020-09-14T16:31	89.05451	104.72393	0.752	67.3
2020-09-14T16:41	89.05526	104.83896	0.733	68.6
2020-09-14T16:51	89.05594	104.95339	0.723	69.9
2020-09-14T17:01	89.05660	105.06567	0.706	70.5
2020-09-14T17:11	89.05719	105.18138	0.718	72.6
2020-09-14T17:21	89.05758	105.29307	0.676	78.0
2020-09-14T17:31	89.05773	105.40569	0.669	85.3
2020-09-14T17:41	89.05771	105.52098	0.683	90.6
2020-09-14T17:51	89.05762	105.63705	0.688	92.5
2020-09-14T18:01	89.05751	105.75226	0.683	93.4
2020-09-14T18:11	89.05736	105.86663	0.680	94.5
2020-09-14T18:21	89.05720	105.97909	0.669	95.0
2020-09-14T18:31	89.05694	106.08994	0.663	98.0
2020-09-14T18:41	89.05659	106.19757	0.650	101.1
2020-09-14T18:51	89.05616	106.30069	0.630	104.0
2020-09-14T19:01	89.05569	106.39853	0.605	106.3
2020-09-14T19:11	89.05516	106.49188	0.586	108.9
2020-09-14T19:21	89.05459	106.57828	0.552	111.7
2020-09-14T19:31	89.05400	106.65601	0.510	115.0
2020-09-14T19:41	89.05337	106.72929	0.490	117.2
2020-09-14T19:51	89.05275	106.79848	0.469	118.5
2020-09-14T20:01	89.05217	106.86114	0.428	119.3
2020-09-14T20:11	89.05160	106.91486	0.380	122.5
2020-09-14T20:21	89.05101	106.95901	0.339	129.0
2020-09-14T20:31	89.05041	106.99831	0.317	132.3
2020-09-14T20:41	89.04987	107.03180	0.281	134.6
2020-09-14T20:51	89.04937	107.06339	0.261	133.7
2020-09-14T21:01	89.04892	107.08962	0.224	135.5
2020-09-14T21:11	89.04856	107.10705	0.168	141.7
2020-09-14T21:21	89.04826	107.11887	0.129	146.7
2020-09-14T21:31	89.04798	107.12735	0.113	153.3
2020-09-14T21:41	89.04776	107.13022	0.080	167.6
2020-09-14T21:51	89.04757	107.13319	0.069	165.1
2020-09-14T22:01	89.04744	107.13264	0.048	183.9
2020-09-14T22:11	89.04736	107.13045	0.032	204.2
2020-09-14T22:21	89.04734	107.12467	0.036	255.5
2020-09-14T22:31	89.04739	107.11719	0.049	294.3
2020-09-14T22:41	89.04751	107.10631	0.078	303.3
2020-09-14T22:51	89.04770	107.09238	0.108	309.3
2020-09-14T23:01	89.04796	107.07814	0.127	317.8
2020-09-14T23:11	89.04829	107.06216	0.151	320.9
2020-09-14T23:21	89.04868	107.04475	0.175	323.6
2020-09-14T23:31	89.04915	107.02714	0.200	328.2
2020-09-14T23:41	89.04969	107.00817	0.226	329.9
2020-09-14T23:51	89.05031	106.98880	0.249	332.4
2020-09-15T00:01	89.05099	106.97116	0.267	336.8
2020-09-15T00:11	89.05171	106.95596	0.275	340.8
2020-09-15T00:21	89.05247	106.94195	0.287	343.1
2020-09-15T00:31	89.05329	106.92696	0.308	343.2
2020-09-15T00:41	89.05409	106.92001	0.292	351.9
2020-09-15T00:51	89.05495	106.91184	0.312	351.1
2020-09-15T01:01	89.05582	106.90627	0.315	354.0
2020-09-15T01:11	89.05672	106.90337	0.322	356.9
2020-09-15T01:21	89.05763	106.90353	0.328	0.2
2020-09-15T01:31	89.05856	106.90673	0.337	3.2
2020-09-15T01:41	89.05948	106.91154	0.331	4.9
2020-09-15T01:51	89.06043	106.92306	0.350	11.2
2020-09-15T02:01	89.06138	106.93662	0.350	13.2
2020-09-15T02:11	89.06232	106.95308	0.353	15.9
2020-09-15T02:21	89.06324	106.97076	0.349	17.4
2020-09-15T02:31	89.06416	106.99078	0.349	19.7
2020-09-15T02:41	89.06504	107.01318	0.345	22.4
2020-09-15T02:51	89.06589	107.03868	0.341	26.0
2020-09-15T03:01	89.06671	107.06698	0.339	29.3
2020-09-15T03:11	89.06751	107.09817	0.340	32.5
2020-09-15T03:21	89.06827	107.13139	0.337	35.3
2020-09-15T03:31	89.06899	107.16728	0.333	39.1
2020-09-15T03:41	89.06966	107.20521	0.328	42.6
2020-09-15T03:51	89.07028	107.24443	0.320	45.7
2020-09-15T04:01	89.07084	107.28468	0.310	49.3
2020-09-15T04:11	89.07134	107.32574	0.300	53.1
2020-09-15T04:21	89.07177	107.36813	0.292	57.8
2020-09-15T04:31	89.07216	107.41010	0.281	60.7
2020-09-15T04:41	89.07249	107.45148	0.269	63.7
2020-09-15T04:51	89.07276	107.49237	0.258	67.7
2020-09-15T05:01	89.07297	107.53284	0.248	72.1
2020-09-15T05:11	89.07312	107.57291	0.240	76.6
2020-09-15T05:21	89.07322	107.61183	0.229	81.2
2020-09-15T05:31	89.07325	107.64949	0.220	87.1
2020-09-15T05:41	89.07322	107.68572	0.211	92.7
2020-09-15T05:51	89.07314	107.71969	0.200	98.7
2020-09-15T06:01	89.07299	107.75267	0.200	105.9
2020-09-15T06:11	89.07279	107.78336	0.193	111.8
2020-09-15T06:21	89.07253	107.81161	0.188	119.0
2020-09-15T06:31	89.07224	107.83816	0.188	124.4
2020-09-15T06:41	89.07191	107.86188	0.182	130.4
2020-09-15T06:51	89.07154	107.88206	0.177	138.3
2020-09-15T07:01	89.07114	107.89903	0.176	145.8
2020-09-15T07:11	89.07069	107.91202	0.179	154.9
2020-09-15T07:21	89.07021	107.92132	0.180	162.5
2020-09-15T07:31	89.06971	107.92673	0.185	170.1
2020-09-15T07:41	89.06919	107.92830	0.187	177.2
2020-09-15T07:51	89.06866	107.92650	0.191	183.2
2020-09-15T08:01	89.06813	107.92068	0.194	190.1
2020-09-15T08:11	89.06760	107.91152	0.196	195.9
2020-09-15T08:21	89.06708	107.89850	0.203	202.0
2020-09-15T08:31	89.06658	107.88199	0.205	208.2
2020-09-15T08:41	89.06609	107.86209	0.212	213.4
2020-09-15T08:51	89.06561	107.83875	0.220	218.5
2020-09-15T09:01	89.06515	107.81188	0.227	224.0
2020-09-15T09:11	89.06471	107.78163	0.240	227.9
2020-09-15T09:21	89.06432	107.74891	0.238	234.0
2020-09-15T09:31	89.06395	107.71369	0.247	237.1
2020-09-15T09:41	89.06362	107.67601	0.251	242.0
2020-09-15T09:51	89.06332	107.63638	0.256	245.5
2020-09-15T10:01	89.06308	107.59532	0.257	249.9
2020-09-15T10:11	89.06288	107.55300	0.260	253.7
2020-09-15T10:21	89.06273	107.51052	0.256	257.9
2020-09-15T10:31	89.06263	107.46714	0.258	262.6
2020-09-15T10:41	89.06260	107.42391	0.255	267.1
2020-09-15T10:51	89.06261	107.38093	0.253	271.1
2020-09-15T11:01	89.06267	107.33904	0.248	275.3
2020-09-15T11:11	89.06280	107.29734	0.250	280.4
2020-09-15T11:21	89.06298	107.25779	0.242	285.7
2020-09-15T11:31	89.06323	107.21969	0.241	291.5
2020-09-15T11:41	89.06354	107.18386	0.239	298.0
2020-09-15T11:51	89.06391	107.15091	0.235	304.4
2020-09-15T12:01	89.06432	107.12005	0.235	309.5
2020-09-15T12:11	89.06479	107.09143	0.237	314.8
2020-09-15T12:21	89.06530	107.06575	0.238	320.7
2020-09-15T12:31	89.06585	107.04345	0.237	326.4
2020-09-15T12:41	89.06643	107.02440	0.238	332.1
2020-09-15T12:51	89.06705	107.00868	0.241	337.5
2020-09-15T13:01	89.06769	106.99593	0.241	342.0
2020-09-15T13:11	89.06834	106.98680	0.241	347.2
2020-09-15T13:21	89.06901	106.98176	0.243	353.0
2020-09-15T13:31	89.06969	106.98087	0.245	358.8
2020-09-15T13:41	89.07037	106.98410	0.247	4.4
2020-09-15T13:51	89.07107	106.99112	0.252	9.4
2020-09-15T14:01	89.07174	107.00165	0.251	14.2
2020-09-15T14:11	89.07241	107.01555	0.254	18.6
2020-09-15T14:21	89.07307	107.03294	0.258	23.1
2020-09-15T14:31	89.07372	107.05334	0.261	27.0
2020-09-15T14:41	89.07433	107.07678	0.261	31.5
2020-09-15T14:51	89.07493	107.10339	0.263	36.0
2020-09-15T15:01	89.07550	107.13330	0.270	40.0
2020-09-15T15:11	89.07604	107.16516	0.268	43.8
2020-09-15T15:21	89.07654	107.19985	0.271	47.9
2020-09-15T15:31	89.07701	107.23708	0.274	52.0
2020-09-15T15:41	89.07744	107.27660	0.276	56.1
2020-09-15T15:51	89.07782	107.31787	0.276	60.0
2020-09-15T16:01	89.07816	107.36083	0.278	63.7
2020-09-15T16:11	89.07845	107.40527	0.278	67.9
2020-09-15T16:21	89.07869	107.45086	0.278	71.9
2020-09-15T16:31	89.07888	107.49753	0.279	75.8
2020-09-15T16:41	89.07902	107.54493	0.279	79.8
2020-09-15T16:51	89.07910	107.59296	0.280	83.6
2020-09-15T17:01	89.07914	107.64130	0.280	87.1
2020-09-15T17:11	89.07914	107.68924	0.277	90.5
2020-09-15T17:21	89.07908	107.73694	0.277	93.8
2020-09-15T17:31	89.07898	107.78392	0.274	97.7
2020-09-15T17:41	89.07883	107.82998	0.272	101.3
2020-09-15T17:51	89.07866	107.87444	0.265	103.9
2020-09-15T18:01	89.07843	107.91816	0.266	107.8
2020-09-15T18:11	89.07817	107.96069	0.263	110.5
2020-09-15T18:21	89.07788	108.00198	0.262	114.0
2020-09-15T18:31	89.07755	108.04144	0.257	117.1
2020-09-15T18:41	89.07720	108.07857	0.250	120.7
2020-09-15T18:51	89.07682	108.11240	0.239	124.8
2020-09-15T19:01	89.07641	108.14311	0.231	129.6
2020-09-15T19:11	89.07597	108.17084	0.225	134.3
2020-09-15T19:21	89.07552	108.19561	0.219	138.9
2020-09-15T19:31	89.07504	108.21631	0.210	145.0
2020-09-15T19:41	89.07455	108.23323	0.201	150.6
2020-09-15T19:51	89.07406	108.24682	0.194	155.9
2020-09-15T20:01	89.07357	108.25660	0.186	162.2
2020-09-15T20:11	89.07308	108.26298	0.179	168.0
2020-09-15T20:21	89.07261	108.26506	0.172	176.0
2020-09-15T20:31	89.07215	108.26365	0.166	182.8
2020-09-15T20:41	89.07171	108.25849	0.159	190.9
2020-09-15T20:51	89.07131	108.25032	0.152	198.2
2020-09-15T21:01	89.07095	108.23931	0.144	206.6
2020-09-15T21:11	89.07065	108.22636	0.134	214.5
2020-09-15T21:21	89.07038	108.21160	0.129	222.1
2020-09-15T21:31	89.07017	108.19493	0.125	231.3
2020-09-15T21:41	89.06998	108.17754	0.121	236.9
2020-09-15T21:51	89.06983	108.15823	0.125	244.5
2020-09-15T22:01	89.06974	108.13716	0.128	254.5
2020-09-15T22:11	89.06968	108.11712	0.119	260.8
2020-09-15T22:21	89.06967	108.09484	0.130	268.2
2020-09-15T22:31	89.06970	108.07127	0.138	274.4
2020-09-15T22:41	89.06977	108.04673	0.146	280.1
2020-09-15T22:51	89.06989	108.02253	0.147	286.0
2020-09-15T23:01	89.07005	107.99899	0.150	293.6
2020-09-15T23:11	89.07027	107.97669	0.151	300.6
2020-09-15T23:21	89.07053	107.95506	0.159	307.2
2020-09-15T23:31	89.07085	107.93455	0.164	313.3
2020-09-15T23:41	89.07122	107.91529	0.175	320.1
2020-09-15T23:51	89.07165	107.89758	0.186	326.2
2020-09-16T00:01	89.07214	107.88219	0.198	333.0
2020-09-16T00:11	89.07267	107.86892	0.208	338.1
2020-09-16T00:21	89.07326	107.85805	0.219	343.2
2020-09-16T00:31	89.07389	107.85053	0.232	349.1
2020-09-16T00:41	89.07457	107.84810	0.243	356.7
2020-09-16T00:51	89.07527	107.84915	0.254	1.4
2020-09-16T01:01	89.07601	107.85372	0.267	5.7
2020-09-16T01:11	89.07678	107.86190	0.280	9.8
2020-09-16T01:21	89.07757	107.87357	0.295	13.2
2020-09-16T01:31	89.07839	107.88949	0.307	17.5
2020-09-16T01:41	89.07921	107.90867	0.317	20.5
2020-09-16T01:51	89.08003	107.93154	0.322	24.2
2020-09-16T02:01	89.08083	107.95723	0.324	27.3
2020-09-16T02:11	89.08161	107.98579	0.327	30.3
2020-09-16T02:21	89.08236	108.01692	0.325	33.5
2020-09-16T02:31	89.08309	108.05041	0.326	36.3
2020-09-16T02:41	89.08379	108.08605	0.326	39.1
2020-09-16T02:51	89.08447	108.12408	0.328	41.9
2020-09-16T03:01	89.08512	108.16446	0.329	44.8
2020-09-16T03:11	89.08575	108.20832	0.338	48.1
2020-09-16T03:21	89.08636	108.25437	0.345	50.1
2020-09-16T03:31	89.08695	108.30290	0.350	52.8
2020-09-16T03:41	89.08750	108.35370	0.353	55.5
2020-09-16T03:51	89.08803	108.40785	0.363	58.7
2020-09-16T04:01	89.08851	108.46526	0.373	61.9
2020-09-16T04:11	89.08895	108.52456	0.374	65.2
2020-09-16T04:21	89.08934	108.58406	0.369	67.3
2020-09-16T04:31	89.08970	108.64592	0.376	70.2
2020-09-16T04:41	89.09002	108.70879	0.378	72.0
2020-09-16T04:51	89.09029	108.77312	0.380	75.3
2020-09-16T05:01	89.09052	108.83742	0.377	77.2
2020-09-16T05:11	89.09072	108.90168	0.375	78.5
2020-09-16T05:21	89.09085	108.96442	0.361	82.8
2020-09-16T05:31	89.09092	109.02562	0.350	85.9
2020-09-16T05:41	89.09093	109.08519	0.340	89.2
2020-09-16T05:51	89.09091	109.14304	0.331	91.2
2020-09-16T06:01	89.09087	109.19826	0.316	92.9
2020-09-16T06:11	89.09078	109.25046	0.300	95.8
2020-09-16T06:21	89.09066	109.29970	0.285	98.9
2020-09-16T06:31	89.09050	109.34563	0.269	102.7
2020-09-16T06:41	89.09029	109.38761	0.251	107.4
2020-09-16T06:51	89.09002	109.42456	0.232	114.6
2020-09-16T07:01	89.08971	109.45598	0.212	121.8
2020-09-16T07:11	89.08934	109.48234	0.201	131.3
2020-09-16T07:21	89.08889	109.50027	0.190	147.4
2020-09-16T07:31	89.08837	109.51180	0.199	160.6
2020-09-16T07:41	89.08781	109.51839	0.206	169.4
2020-09-16T07:51	89.08720	109.52157	0.219	175.2
2020-09-16T08:01	89.08655	109.52189	0.236	179.6
2020-09-16T08:11	89.08587	109.51796	0.246	185.3
2020-09-16T08:21	89.08516	109.51076	0.259	189.2
2020-09-16T08:31	89.08444	109.50035	0.265	193.1
2020-09-16T08:41	89.08373	109.48645	0.270	197.3
2020-09-16T08:51	89.08300	109.46871	0.280	201.4
2020-09-16T09:01	89.08229	109.44732	0.286	205.5
2020-09-16T09:11	89.08158	109.42193	0.294	209.9
2020-09-16T09:21	89.08088	109.39327	0.301	213.4
2020-09-16T09:31	89.08020	109.36091	0.308	217.4
2020-09-16T09:41	89.07953	109.32608	0.314	219.9
2020-09-16T09:51	89.07888	109.28909	0.318	222.3
2020-09-16T10:01	89.07825	109.25009	0.319	225.0
2020-09-16T10:11	89.07765	109.20928	0.321	227.5
2020-09-16T10:21	89.07708	109.16795	0.315	229.6
2020-09-16T10:31	89.07656	109.12749	0.300	231.4
2020-09-16T10:41	89.07608	109.08770	0.289	233.0
2020-09-16T10:51	89.07564	109.04774	0.282	235.5
2020-09-16T11:01	89.07523	109.00739	0.276	238.2
2020-09-16T11:11	89.07487	108.96697	0.269	241.0
2020-09-16T11:21	89.07455	108.92604	0.265	243.8
2020-09-16T11:31	89.07426	108.88524	0.258	247.0
2020-09-16T11:41	89.07403	108.84441	0.252	250.5
2020-09-16T11:51	89.07383	108.80436	0.244	252.7
2020-09-16T12:01	89.07366	108.76655	0.228	254.8
2020-09-16T12:11	89.07353	108.73182	0.208	256.4
2020-09-16T12:21	89.07341	108.70117	0.183	256.6
2020-09-16T12:31	89.07331	108.67437	0.160	257.4
2020-09-16T12:41	89.07325	108.65136	0.136	259.7
2020-09-16T12:51	89.07321	108.63159	0.116	263.4
2020-09-16T13:01	89.07319	108.61545	0.094	266.7
2020-09-16T13:11	89.07320	108.60410	0.066	272.0
2020-09-16T13:21	89.07322	108.59632	0.046	279.1
2020-09-16T13:31	89.07324	108.59273	0.022	289.6
2020-09-16T13:41	89.07326	108.59235	0.007	342.6
2020-09-16T13:51	89.07329	108.59607	0.024	66.5
2020-09-16T14:01	89.07331	108.60373	0.046	78.0
2020-09-16T14:11	89.07333	108.61475	0.065	83.5
2020-09-16T14:21	89.07335	108.62932	0.085	84.9
2020-09-16T14:31	89.07336	108.64730	0.105	88.2
2020-09-16T14:41	89.07336	108.66900	0.126	90.7
2020-09-16T14:51	89.07334	108.69489	0.151	93.3
2020-09-16T15:01	89.07328	108.72334	0.167	96.6
2020-09-16T15:11	89.07319	108.75541	0.189	99.5
2020-09-16T15:21	89.07307	108.78993	0.206	102.4
2020-09-16T15:31	89.07292	108.82743	0.225	103.6
2020-09-16T15:41	89.07272	108.86744	0.244	107.4
2020-09-16T15:51	89.07246	108.91065	0.269	110.6
2020-09-16T16:01	89.07211	108.95693	0.298	115.0
2020-09-16T16:11	89.07171	109.00503	0.316	117.2
2020-09-16T16:21	89.07125	109.05429	0.332	120.0
2020-09-16T16:31	89.07073	109.10437	0.346	122.3
2020-09-16T16:41	89.07017	109.15618	0.364	123.8
2020-09-16T16:51	89.06955	109.20786	0.375	126.3
2020-09-16T17:01	89.06888	109.25858	0.384	129.3
2020-09-16T17:11	89.06814	109.30743	0.389	132.7
2020-09-16T17:21	89.06734	109.35419	0.397	136.4
2020-09-16T17:31	89.06650	109.39843	0.401	139.6
2020-09-16T17:41	89.06560	109.44121	0.410	142.2
2020-09-16T17:51	89.06465	109.48193	0.416	144.9
2020-09-16T18:01	89.06365	109.52013	0.425	148.1
2020-09-16T18:11	89.06262	109.55404	0.422	151.8
2020-09-16T18:21	89.06154	109.58747	0.434	153.0
2020-09-16T18:31	89.06043	109.61822	0.439	155.5
2020-09-16T18:41	89.05929	109.64611	0.442	158.1
2020-09-16T18:51	89.05813	109.67049	0.442	160.9
2020-09-16T19:01	89.05696	109.69038	0.438	164.4
2020-09-16T19:11	89.05579	109.70558	0.433	168.0
2020-09-16T19:21	89.05460	109.71596	0.431	171.8
2020-09-16T19:31	89.05342	109.72192	0.427	175.2
2020-09-16T19:41	89.05223	109.72318	0.431	179.0
2020-09-16T19:51	89.05101	109.71958	0.437	182.8
2020-09-16T20:01	89.04979	109.71130	0.443	186.4
2020-09-16T20:11	89.04855	109.69834	0.451	189.9
2020-09-16T20:21	89.04732	109.68197	0.455	192.4
2020-09-16T20:31	89.04609	109.66221	0.458	195.0
2020-09-16T20:41	89.04488	109.63813	0.460	198.3
2020-09-16T20:51	89.04368	109.60986	0.463	201.5
2020-09-16T21:01	89.04251	109.57759	0.466	204.6
2020-09-16T21:11	89.04137	109.54179	0.463	207.8
2020-09-16T21:21	89.04028	109.50351	0.455	210.5
2020-09-16T21:31	89.03924	109.46295	0.447	213.2
2020-09-16T21:41	89.03825	109.41832	0.447	217.1
2020-09-16T21:51	89.03731	109.37163	0.442	219.8
2020-09-16T22:01	89.03643	109.32337	0.430	222.8
2020-09-16T22:11	89.03561	109.27414	0.419	225.4
2020-09-16T22:21	89.03485	109.22505	0.404	227.5
2020-09-16T22:31	89.03414	109.17580	0.393	229.6
2020-09-16T22:41	89.03349	109.12634	0.382	231.8
2020-09-16T22:51	89.03288	109.07721	0.370	233.8
2020-09-16T23:01	89.03231	109.02828	0.360	235.6
2020-09-16T23:11	89.03180	108.97968	0.349	237.9
2020-09-16T23:21	89.03131	108.93141	0.341	239.4
2020-09-16T23:31	89.03087	108.88319	0.335	241.3
2020-09-16T23:41	89.03047	108.83517	0.326	243.7
2020-09-16T23:51	89.03012	108.78789	0.314	246.7
2020-09-17T00:01	89.02982	108.74123	0.304	249.5
2020-09-17T00:11	89.02957	108.69580	0.291	252.0
2020-09-17T00:21	89.02936	108.65201	0.278	254.2
2020-09-17T00:31	89.02918	108.60836	0.274	256.4
2020-09-17T00:41	89.02902	108.56711	0.258	257.1
2020-09-17T00:51	89.02890	108.52645	0.252	259.4
2020-09-17T01:01	89.02880	108.48766	0.239	261.4
2020-09-17T01:11	89.02872	108.45082	0.226	263.2
2020-09-17T01:21	89.02867	108.41622	0.212	265.0
2020-09-17T01:31	89.02865	108.38423	0.195	267.6
2020-09-17T01:41	89.02864	108.35503	0.178	269.7
2020-09-17T01:51	89.02865	108.32818	0.164	271.1
2020-09-17T02:01	89.02868	108.30532	0.140	273.9
2020-09-17T02:11	89.02872	108.28428	0.129	276.5
2020-09-17T02:21	89.02876	108.26581	0.114	277.8
2020-09-17T02:31	89.02880	108.24990	0.098	278.7
2020-09-17T02:41	89.02885	108.23571	0.088	280.4
2020-09-17T02:51	89.02889	108.22388	0.074	282.7
2020-09-17T03:01	89.02893	108.21367	0.064	283.2
2020-09-17T03:11	89.02897	108.20443	0.058	281.7
2020-09-17T03:21	89.02897	108.19644	0.049	273.2
2020-09-17T03:31	89.02895	108.19026	0.038	259.5
2020-09-17T03:41	89.02893	108.18424	0.038	255.2
2020-09-17T03:51	89.02887	108.17882	0.038	239.5
2020-09-17T04:01	89.02880	108.17491	0.035	223.5
2020-09-17T04:11	89.02871	108.17145	0.041	211.2
2020-09-17T04:21	89.02859	108.16896	0.046	199.2
2020-09-17T04:31	89.02842	108.16724	0.059	190.2
2020-09-17T04:41	89.02824	108.16654	0.067	183.7
2020-09-17T04:51	89.02802	108.16646	0.077	180.3
2020-09-17T05:01	89.02781	108.16709	0.079	177.2
2020-09-17T05:11	89.02756	108.16878	0.089	173.4
2020-09-17T05:21	89.02729	108.17082	0.099	172.8
2020-09-17T05:31	89.02698	108.17256	0.110	174.5
2020-09-17T05:41	89.02664	108.17373	0.125	176.7
2020-09-17T05:51	89.02627	108.17368	0.133	180.1
2020-09-17T06:01	89.02589	108.17309	0.135	181.5
2020-09-17T06:11	89.02549	108.17068	0.145	185.8
2020-09-17T06:21	89.02508	108.16784	0.150	186.7
2020-09-17T06:31	89.02464	108.16371	0.158	189.2
2020-09-17T06:41	89.02419	108.15791	0.167	192.3
2020-09-17T06:51	89.02373	108.14934	0.174	197.6
2020-09-17T07:01	89.02325	108.13869	0.184	200.9
2020-09-17T07:11	89.02273	108.12614	0.203	202.3
2020-09-17T07:21	89.02225	108.11015	0.200	209.4
2020-09-17T07:31	89.02178	108.09248	0.200	212.9
2020-09-17T07:41	89.02133	108.07339	0.202	215.6
2020-09-17T07:51	89.02088	108.05229	0.208	218.7
2020-09-17T08:01	89.02041	108.02946	0.219	219.9
2020-09-17T08:11	89.01994	108.00343	0.234	223.3
2020-09-17T08:21	89.01948	107.97483	0.240	227.1
2020-09-17T08:31	89.01907	107.94262	0.247	233.4
2020-09-17T08:41	89.01867	107.90878	0.254	235.3
2020-09-17T08:51	89.01828	107.87307	0.261	237.5
2020-09-17T09:01	89.01791	107.83607	0.264	239.7
2020-09-17T09:11	89.01756	107.79702	0.271	242.7
2020-09-17T09:21	89.01723	107.75691	0.275	244.0
2020-09-17T09:31	89.01691	107.71606	0.276	246.0
2020-09-17T09:41	89.01665	107.67446	0.274	249.7
2020-09-17T09:51	89.01644	107.63036	0.283	254.4
2020-09-17T10:01	89.01626	107.58604	0.281	257.1
2020-09-17T10:11	89.01610	107.54298	0.273	257.5
2020-09-17T10:21	89.01599	107.49883	0.276	261.5
2020-09-17T10:31	89.01592	107.45525	0.270	265.1
2020-09-17T10:41	89.01590	107.41218	0.266	268.2
2020-09-17T10:51	89.01591	107.37013	0.260	271.0
2020-09-17T11:01	89.01596	107.32925	0.253	273.9
2020-09-17T11:11	89.01605	107.29035	0.243	277.8
2020-09-17T11:21	89.01619	107.25183	0.243	281.6
2020-09-17T11:31	89.01637	107.21629	0.229	286.3
2020-09-17T11:41	89.01658	107.18198	0.226	290.1
2020-09-17T11:51	89.01682	107.14890	0.222	293.0
2020-09-17T12:01	89.01709	107.11769	0.215	296.3
2020-09-17T12:11	89.01739	107.08849	0.211	301.3
2020-09-17T12:21	89.01773	107.06196	0.205	306.9
2020-09-17T12:31	89.01811	107.03771	0.202	312.1
2020-09-17T12:41	89.01852	107.01612	0.201	318.4
2020-09-17T12:51	89.01897	106.99721	0.198	323.9
2020-09-17T13:01	89.01946	106.98071	0.204	330.1
2020-09-17T13:11	89.01997	106.96710	0.202	335.5
2020-09-17T13:21	89.02051	106.95640	0.205	341.2
2020-09-17T13:31	89.02107	106.94809	0.208	345.8
2020-09-17T13:41	89.02163	106.94147	0.208	348.7
2020-09-17T13:51	89.02221	106.93609	0.211	351.0
2020-09-17T14:01	89.02280	106.93295	0.212	354.8
2020-09-17T14:11	89.02339	106.93129	0.214	357.3
2020-09-17T14:21	89.02400	106.93227	0.217	1.6
2020-09-17T14:31	89.02459	106.93567	0.213	5.6
2020-09-17T14:41	89.02518	106.94230	0.217	10.8
2020-09-17T14:51	89.02576	106.95050	0.214	13.6
2020-09-17T15:01	89.02633	106.96093	0.217	17.1
2020-09-17T15:11	89.02691	106.97320	0.221	19.9
2020-09-17T15:21	89.02748	106.98793	0.225	23.6
2020-09-17T15:31	89.02804	107.00470	0.228	26.8
2020-09-17T15:41	89.02859	107.02295	0.227	29.4
2020-09-17T15:51	89.02913	107.04306	0.228	32.6
2020-09-17T16:01	89.02964	107.06427	0.226	34.9
2020-09-17T16:11	89.03014	107.08697	0.226	37.7
2020-09-17T16:21	89.03063	107.11091	0.230	39.4
2020-09-17T16:31	89.03110	107.13556	0.226	41.7
2020-09-17T16:41	89.03155	107.16070	0.222	43.5
2020-09-17T16:51	89.03198	107.18668	0.221	45.5
2020-09-17T17:01	89.03238	107.21261	0.213	47.7
2020-09-17T17:11	89.03275	107.23810	0.206	48.9
2020-09-17T17:21	89.03309	107.26450	0.202	52.7
2020-09-17T17:31	89.03342	107.29180	0.203	54.9
2020-09-17T17:41	89.03371	107.31944	0.198	57.9
2020-09-17T17:51	89.03398	107.34574	0.187	58.8
2020-09-17T18:01	89.03423	107.36880	0.166	57.3
2020-09-17T18:11	89.03446	107.39084	0.159	57.5
2020-09-17T18:21	89.03468	107.41113	0.146	57.3
2020-09-17T18:31	89.03489	107.43067	0.139	58.2
2020-09-17T18:41	89.03508	107.44918	0.132	58.2
2020-09-17T18:51	89.03525	107.46564	0.116	59.3
2020-09-17T19:01	89.03541	107.48009	0.106	56.1
2020-09-17T19:11	89.03555	107.49252	0.091	55.8
2020-09-17T19:21	89.03568	107.50327	0.080	54.8
2020-09-17T19:31	89.03579	107.51248	0.069	53.5
2020-09-17T19:41	89.03589	107.52063	0.060	56.0
2020-09-17T19:51	89.03597	107.52686	0.048	52.3
2020-09-17T20:01	89.03605	107.53061	0.038	36.8
2020-09-17T20:11	89.03614	107.53227	0.033	17.8
2020-09-17T20:21	89.03623	107.53128	0.033	349.5
2020-09-17T20:31	89.03634	107.52762	0.045	330.4
2020-09-17T20:41	89.03646	107.52224	0.056	324.1
2020-09-17T20:51	89.03660	107.51479	0.068	318.4
2020-09-17T21:01	89.03676	107.50547	0.079	314.7
2020-09-17T21:11	89.03693	107.49440	0.092	313.6
2020-09-17T21:21	89.03713	107.48188	0.103	312.5
2020-09-17T21:31	89.03735	107.46748	0.118	312.2
2020-09-17T21:41	89.03759	107.45142	0.130	311.6
2020-09-17T21:51	89.03785	107.43452	0.140	313.0
2020-09-17T22:01	89.03815	107.41688	0.151	315.1
2020-09-17T22:11	89.03847	107.39811	0.162	315.6
2020-09-17T22:21	89.03882	107.37821	0.174	316.3
2020-09-17T22:31	89.03920	107.35738	0.185	317.2
2020-09-17T22:41	89.03960	107.33551	0.197	317.9
2020-09-17T22:51	89.04003	107.31368	0.202	319.4
2020-09-17T23:01	89.04049	107.29121	0.214	320.7
2020-09-17T23:11	89.04097	107.26859	0.221	322.0
2020-09-17T23:21	89.04149	107.24615	0.230	324.0
2020-09-17T23:31	89.04204	107.22384	0.240	326.0
2020-09-17T23:41	89.04261	107.20179	0.246	327.3
2020-09-17T23:51	89.04322	107.18045	0.253	329.5
2020-09-18T00:01	89.04386	107.15948	0.263	331.3
2020-09-18T00:11	89.04452	107.13949	0.267	333.3
2020-09-18T00:21	89.04522	107.12087	0.275	336.1
2020-09-18T00:31	89.04595	107.10385	0.280	338.7
2020-09-18T00:41	89.04670	107.08848	0.285	341.1
2020-09-18T00:51	89.04747	107.07453	0.289	343.2
2020-09-18T01:01	89.04825	107.06200	0.291	345.1
2020-09-18T01:11	89.04904	107.05108	0.293	347.1
2020-09-18T01:21	89.04984	107.04231	0.293	349.7
2020-09-18T01:31	89.05064	107.03541	0.291	351.9
2020-09-18T01:41	89.05144	107.03043	0.290	354.1
2020-09-18T01:51	89.05225	107.02758	0.291	356.7
2020-09-18T02:01	89.05306	107.02649	0.293	358.7
2020-09-18T02:11	89.05387	107.02706	0.291	0.7
2020-09-18T02:21	89.05467	107.02900	0.289	2.3
2020-09-18T02:31	89.05547	107.03251	0.290	4.1
2020-09-18T02:41	89.05628	107.03715	0.291	5.4
2020-09-18T02:51	89.05706	107.04352	0.286	7.6
2020-09-18T03:01	89.05784	107.05113	0.283	9.2
2020-09-18T03:11	89.05860	107.05996	0.279	10.8
2020-09-18T03:21	89.05935	107.06952	0.277	11.8
2020-09-18T03:31	89.06009	107.08010	0.273	13.2
2020-09-18T03:41	89.06081	107.09267	0.271	15.9
2020-09-18T03:51	89.06151	107.10676	0.266	18.2
2020-09-18T04:01	89.06219	107.12212	0.261	20.3
2020-09-18T04:11	89.06285	107.13799	0.254	21.6
2020-09-18T04:21	89.06348	107.15461	0.246	23.4
2020-09-18T04:31	89.06407	107.17206	0.238	25.6
2020-09-18T04:41	89.06463	107.19032	0.229	28.0
2020-09-18T04:51	89.06515	107.20917	0.216	30.8
2020-09-18T05:01	89.06563	107.22816	0.206	32.8
2020-09-18T05:11	89.06608	107.24695	0.196	34.2
2020-09-18T05:21	89.06650	107.26518	0.184	35.4
2020-09-18T05:31	89.06688	107.28305	0.173	37.3
2020-09-18T05:41	89.06723	107.29948	0.158	37.6
2020-09-18T05:51	89.06755	107.31518	0.149	38.1
2020-09-18T06:01	89.06787	107.32989	0.143	37.1
2020-09-18T06:11	89.06816	107.34300	0.130	36.3
2020-09-18T06:21	89.06843	107.35546	0.122	36.6
2020-09-18T06:31	89.06869	107.36654	0.113	35.1
2020-09-18T06:41	89.06892	107.37576	0.101	32.4
2020-09-18T06:51	89.06914	107.38326	0.089	29.5
2020-09-18T07:01	89.06934	107.38903	0.079	25.2
2020-09-18T07:11	89.06952	107.39241	0.070	16.4
2020-09-18T07:21	89.06970	107.39358	0.062	6.3
2020-09-18T07:31	89.06985	107.39245	0.056	353.3
2020-09-18T07:41	89.06999	107.38892	0.055	338.1
2020-09-18T07:51	89.07013	107.38295	0.060	324.2
2020-09-18T08:01	89.07025	107.37454	0.066	312.1
2020-09-18T08:11	89.07038	107.36303	0.082	304.5
2020-09-18T08:21	89.07050	107.34968	0.089	298.9
2020-09-18T08:31	89.07063	107.33366	0.105	296.6
2020-09-18T08:41	89.07077	107.31552	0.118	295.6
2020-09-18T08:51	89.07094	107.29552	0.132	297.4
2020-09-18T09:01	89.07113	107.27391	0.143	298.1
2020-09-18T09:11	89.07135	107.25094	0.156	300.7
2020-09-18T09:21	89.07159	107.22610	0.170	301.7
2020-09-18T09:31	89.07188	107.19985	0.186	304.4
2020-09-18T09:41	89.07221	107.17228	0.200	306.4
2020-09-18T09:51	89.07258	107.14437	0.209	308.8
2020-09-18T10:01	89.07299	107.11553	0.224	311.3
2020-09-18T10:11	89.07343	107.08627	0.234	313.2
2020-09-18T10:21	89.07390	107.05749	0.239	315.4
2020-09-18T10:31	89.07440	107.02830	0.246	316.3
2020-09-18T10:41	89.07492	106.99968	0.250	318.3
2020-09-18T10:51	89.07546	106.97046	0.259	319.0
2020-09-18T11:01	89.07603	106.94184	0.265	321.1
2020-09-18T11:11	89.07663	106.91385	0.271	323.1
2020-09-18T11:21	89.07727	106.88744	0.275	326.2
2020-09-18T11:31	89.07794	106.86211	0.282	328.7
2020-09-18T11:41	89.07865	106.83875	0.290	332.2
2020-09-18T11:51	89.07938	106.81715	0.291	334.6
2020-09-18T12:01	89.08012	106.79696	0.293	336.5
2020-09-18T12:11	89.08090	106.77884	0.297	339.3
2020-09-18T12:21	89.08169	106.76245	0.303	341.8
2020-09-18T12:31	89.08251	106.74806	0.304	344.2
2020-09-18T12:41	89.08332	106.73548	0.302	346.1
2020-09-18T12:51	89.08413	106.72363	0.298	346.8
2020-09-18T13:01	89.08498	106.71439	0.310	350.1
2020-09-18T13:11	89.08587	106.70893	0.324	354.4
2020-09-18T13:21	89.08679	106.70598	0.330	357.1
2020-09-18T13:31	89.08771	106.70710	0.332	1.1
2020-09-18T13:41	89.08862	106.71085	0.329	3.7
2020-09-18T13:51	89.08952	106.71668	0.326	5.9
2020-09-18T14:01	89.09042	106.72577	0.327	9.1
2020-09-18T14:11	89.09131	106.73731	0.326	11.6
2020-09-18T14:21	89.09219	106.75047	0.327	13.3
2020-09-18T14:31	89.09307	106.76557	0.328	15.2
2020-09-18T14:41	89.09394	106.78371	0.332	18.1
2020-09-18T14:51	89.09482	106.80431	0.335	20.4
2020-09-18T15:01	89.09567	106.82712	0.334	22.8
2020-09-18T15:11	89.09651	106.85225	0.334	25.2
2020-09-18T15:21	89.09732	106.87859	0.325	27.4
2020-09-18T15:31	89.09809	106.90659	0.321	29.6
2020-09-18T15:41	89.09884	106.93486	0.313	30.7
2020-09-18T15:51	89.09956	106.96453	0.309	32.9
2020-09-18T16:01	89.10025	106.99435	0.301	34.0
2020-09-18T16:11	89.10091	107.02515	0.295	36.2
2020-09-18T16:21	89.10153	107.05630	0.285	38.2
2020-09-18T16:31	89.10211	107.08773	0.274	40.4
2020-09-18T16:41	89.10264	107.11909	0.260	42.8
2020-09-18T16:51	89.10312	107.15082	0.248	46.1
2020-09-18T17:01	89.10356	107.18214	0.237	48.2
2020-09-18T17:11	89.10395	107.21328	0.224	51.6
2020-09-18T17:21	89.10428	107.24387	0.210	55.2
2020-09-18T17:31	89.10458	107.27298	0.196	56.7
2020-09-18T17:41	89.10483	107.30184	0.186	60.6
2020-09-18T17:51	89.10506	107.32993	0.178	62.5
2020-09-18T18:01	89.10527	107.35716	0.170	64.0
2020-09-18T18:11	89.10547	107.38350	0.164	64.2
2020-09-18T18:21	89.10566	107.40889	0.159	64.1
2020-09-18T18:31	89.10585	107.43456	0.160	64.5
2020-09-18T18:41	89.10604	107.45796	0.148	62.4
2020-09-18T18:51	89.10624	107.48126	0.150	60.6
2020-09-18T19:01	89.10646	107.50348	0.147	58.0
2020-09-18T19:11	89.10670	107.52355	0.141	53.0
2020-09-18T19:21	89.10696	107.54089	0.135	46.2
2020-09-18T19:31	89.10724	107.55470	0.129	37.0
2020-09-18T19:41	89.10754	107.56648	0.127	31.3
2020-09-18T19:51	89.10787	107.57654	0.130	25.7
2020-09-18T20:01	89.10821	107.58473	0.132	20.3
2020-09-18T20:11	89.10854	107.59037	0.123	14.9
2020-09-18T20:21	89.10888	107.59405	0.124	9.5
2020-09-18T20:31	89.10926	107.59651	0.136	5.8
2020-09-18T20:41	89.10964	107.59756	0.138	2.4
2020-09-18T20:51	89.11006	107.59521	0.150	355.0
2020-09-18T21:01	89.11050	107.59417	0.160	357.9
2020-09-18T21:11	89.11101	107.59120	0.182	354.7
2020-09-18T21:21	89.11156	107.58690	0.200	353.1
2020-09-18T21:31	89.11219	107.58057	0.229	351.1
2020-09-18T21:41	89.11283	107.57443	0.236	351.7
2020-09-18T21:51	89.11352	107.56705	0.251	350.6
2020-09-18T22:01	89.11428	107.55889	0.278	350.6
2020-09-18T22:11	89.11510	107.55289	0.297	353.6
2020-09-18T22:21	89.11595	107.54893	0.304	355.9
2020-09-18T22:31	89.11681	107.54533	0.310	356.3
2020-09-18T22:41	89.11767	107.54375	0.312	358.4
2020-09-18T22:51	89.11858	107.54545	0.326	1.7
2020-09-18T23:01	89.11955	107.54921	0.350	3.4
2020-09-18T23:11	89.12057	107.55784	0.371	7.4
2020-09-18T23:21	89.12161	107.56711	0.377	7.8
2020-09-18T23:31	89.12267	107.58189	0.390	12.0
2020-09-18T23:41	89.12373	107.59758	0.391	12.8
2020-09-18T23:51	89.12480	107.61610	0.400	14.7
2020-09-19T00:01	89.12594	107.63435	0.423	13.7
2020-09-19T00:11	89.12708	107.65641	0.427	16.4
2020-09-19T00:21	89.12822	107.68162	0.434	18.6
2020-09-19T00:31	89.12938	107.70680	0.438	18.3
2020-09-19T00:41	89.13054	107.73445	0.446	19.8
2020-09-19T00:51	89.13176	107.76247	0.464	19.2
2020-09-19T01:01	89.13300	107.79152	0.473	19.5
2020-09-19T01:11	89.13424	107.82348	0.480	21.3
2020-09-19T01:21	89.13546	107.85954	0.481	24.1
2020-09-19T01:31	89.13666	107.90036	0.488	27.0
2020-09-19T01:41	89.13785	107.94318	0.487	28.4
2020-09-19T01:51	89.13901	107.98787	0.483	30.1
2020-09-19T02:01	89.14017	108.03533	0.488	31.7
2020-09-19T02:11	89.14128	108.08777	0.492	35.1
2020-09-19T02:21	89.14236	108.14355	0.490	37.9
2020-09-19T02:31	89.14339	108.20166	0.486	40.1
2020-09-19T02:41	89.14438	108.26267	0.485	42.5
2020-09-19T02:51	89.14536	108.32682	0.493	44.4
2020-09-19T03:01	89.14633	108.39347	0.500	45.6
2020-09-19T03:11	89.14729	108.46513	0.516	48.1
2020-09-19T03:21	89.14816	108.54047	0.511	52.1
2020-09-19T03:31	89.14901	108.61924	0.521	53.9
2020-09-19T03:41	89.14978	108.69681	0.499	56.1
2020-09-19T03:51	89.15051	108.78051	0.518	59.6
2020-09-19T04:01	89.15117	108.86779	0.523	62.9
2020-09-19T04:11	89.15176	108.95571	0.515	65.5
2020-09-19T04:21	89.15229	109.04379	0.507	67.8
2020-09-19T04:31	89.15277	109.13210	0.500	70.1
2020-09-19T04:41	89.15316	109.22117	0.495	73.2
2020-09-19T04:51	89.15350	109.31118	0.494	75.9
2020-09-19T05:01	89.15377	109.40205	0.493	78.5
2020-09-19T05:11	89.15400	109.49371	0.494	80.3
2020-09-19T05:21	89.15418	109.58619	0.496	82.5
2020-09-19T05:31	89.15432	109.67891	0.495	83.9
2020-09-19T05:41	89.15442	109.76966	0.484	85.6
2020-09-19T05:51	89.15449	109.85949	0.478	87.1
2020-09-19T06:01	89.15449	109.94785	0.469	90.0
2020-09-19T06:11	89.15441	110.03346	0.456	93.7
2020-09-19T06:21	89.15428	110.11362	0.428	96.1
2020-09-19T06:31	89.15394	110.19171	0.432	106.2
2020-09-19T06:41	89.15353	110.26778	0.431	110.2
2020-09-19T06:51	89.15305	110.34177	0.429	113.5
2020-09-19T07:01	89.15253	110.41430	0.430	115.9
2020-09-19T07:11	89.15196	110.48316	0.420	119.2
2020-09-19T07:21	89.15138	110.54595	0.394	121.8
2020-09-19T07:31	89.15070	110.60651	0.406	127.2
2020-09-19T07:41	89.15000	110.65980	0.381	131.6
2020-09-19T07:51	89.14925	110.70754	0.370	136.4
2020-09-19T08:01	89.14847	110.74805	0.354	142.2
2020-09-19T08:11	89.14772	110.77910	0.318	148.4
2020-09-19T08:21	89.14693	110.80391	0.314	154.9
2020-09-19T08:31	89.14616	110.82015	0.291	162.6
2020-09-19T08:41	89.14538	110.82885	0.286	170.6
2020-09-19T08:51	89.14461	110.83135	0.278	177.2
2020-09-19T09:01	89.14387	110.82846	0.266	183.4
2020-09-19T09:11	89.14316	110.82057	0.257	189.5
2020-09-19T09:21	89.14249	110.80786	0.251	195.8
2020-09-19T09:31	89.14187	110.79008	0.244	203.1
2020-09-19T09:41	89.14128	110.76742	0.244	210.1
2020-09-19T09:51	89.14075	110.73982	0.243	217.8
2020-09-19T10:01	89.14027	110.70747	0.246	225.3
2020-09-19T10:11	89.13986	110.67106	0.246	233.1
2020-09-19T10:21	89.13951	110.63181	0.246	239.4
2020-09-19T10:31	89.13924	110.59106	0.242	245.9
2020-09-19T10:41	89.13904	110.54866	0.240	252.9
2020-09-19T10:51	89.13892	110.50585	0.236	259.1
2020-09-19T11:01	89.13887	110.46305	0.232	265.5
2020-09-19T11:11	89.13887	110.41970	0.235	270.7
2020-09-19T11:21	89.13896	110.37529	0.242	277.2
2020-09-19T11:31	89.13910	110.33091	0.245	281.9
2020-09-19T11:41	89.13929	110.28585	0.254	286.0
2020-09-19T11:51	89.13954	110.24067	0.260	290.2
2020-09-19T12:01	89.13984	110.19687	0.260	294.7
2020-09-19T12:11	89.14020	110.15495	0.260	299.4
2020-09-19T12:21	89.14061	110.11498	0.262	304.5
2020-09-19T12:31	89.14108	110.07772	0.263	310.0
2020-09-19T12:41	89.14161	110.04413	0.263	316.4
2020-09-19T12:51	89.14218	110.01533	0.259	323.2
2020-09-19T13:01	89.14281	109.99063	0.262	329.5
2020-09-19T13:11	89.14348	109.97255	0.260	338.1
2020-09-19T13:21	89.14420	109.96334	0.264	349.2
2020-09-19T13:31	89.14494	109.96343	0.265	0.1
2020-09-19T13:41	89.14568	109.97180	0.273	9.5
2020-09-19T13:51	89.14643	109.98712	0.280	17.1
2020-09-19T14:01	89.14716	110.00908	0.290	24.0
2020-09-19T14:11	89.14789	110.03836	0.305	31.0
2020-09-19T14:21	89.14860	110.07445	0.320	37.1
2020-09-19T14:31	89.14929	110.11719	0.337	42.6
2020-09-19T14:41	89.14995	110.16747	0.359	48.4
2020-09-19T14:51	89.15057	110.22565	0.382	54.3
2020-09-19T15:01	89.15113	110.28766	0.389	58.4
2020-09-19T15:11	89.15163	110.35330	0.394	62.7
2020-09-19T15:21	89.15208	110.42085	0.394	65.9
2020-09-19T15:31	89.15244	110.49034	0.392	70.7
2020-09-19T15:41	89.15273	110.56233	0.398	74.6
2020-09-19T15:51	89.15296	110.63592	0.400	78.1
2020-09-19T16:01	89.15312	110.71043	0.401	81.6
2020-09-19T16:11	89.15322	110.78638	0.406	85.2
2020-09-19T16:21	89.15324	110.86276	0.406	88.8
2020-09-19T16:31	89.15320	110.93862	0.404	92.0
2020-09-19T16:41	89.15310	111.01472	0.407	95.1
2020-09-19T16:51	89.15292	111.09039	0.407	98.7
2020-09-19T17:01	89.15271	111.16568	0.408	101.0
2020-09-19T17:11	89.15243	111.24071	0.412	104.1
2020-09-19T17:21	89.15209	111.31454	0.412	107.2
2020-09-19T17:31	89.15169	111.38667	0.410	110.3
2020-09-19T17:41	89.15128	111.45396	0.389	112.6
2020-09-19T17:51	89.15084	111.51503	0.361	115.6
2020-09-19T18:01	89.15042	111.56818	0.322	118.1
2020-09-19T18:11	89.14998	111.61704	0.305	121.1
2020-09-19T18:21	89.14949	111.66395	0.307	125.3
2020-09-19T18:31	89.14894	111.70857	0.310	129.7
2020-09-19T18:41	89.14834	111.75245	0.319	132.6
2020-09-19T18:51	89.14771	111.79411	0.319	135.6
2020-09-19T19:01	89.14706	111.83195	0.309	139.0
2020-09-19T19:11	89.14639	111.86319	0.294	145.2
2020-09-19T19:21	89.14571	111.89113	0.287	148.5
2020-09-19T19:31	89.14501	111.91430	0.281	153.7
2020-09-19T19:41	89.14429	111.93391	0.279	157.7
2020-09-19T19:51	89.14357	111.94969	0.275	162.0
2020-09-19T20:01	89.14283	111.96122	0.273	166.8
2020-09-19T20:11	89.14209	111.96805	0.268	172.1
2020-09-19T20:21	89.14137	111.97050	0.260	177.1
2020-09-19T20:31	89.14066	111.96898	0.257	181.8
2020-09-19T20:41	89.13998	111.96149	0.249	189.4
2020-09-19T20:51	89.13932	111.94908	0.247	195.8
2020-09-19T21:01	89.13866	111.93147	0.255	201.9
2020-09-19T21:11	89.13805	111.90663	0.258	211.5
2020-09-19T21:21	89.13747	111.87607	0.265	218.7
2020-09-19T21:31	89.13695	111.84093	0.269	225.1
2020-09-19T21:41	89.13646	111.80335	0.268	229.5
2020-09-19T21:51	89.13605	111.76221	0.268	236.6
2020-09-19T22:01	89.13570	111.71789	0.271	242.5
2020-09-19T22:11	89.13541	111.67136	0.274	247.4
2020-09-19T22:21	89.13518	111.62237	0.279	252.5
2020-09-19T22:31	89.13502	111.57244	0.277	258.4
2020-09-19T22:41	89.13495	111.52224	0.274	264.4
2020-09-19T22:51	89.13496	111.47196	0.273	270.7
2020-09-19T23:01	89.13503	111.42208	0.272	275.6
2020-09-19T23:11	89.13517	111.37238	0.274	280.1
2020-09-19T23:21	89.13535	111.32495	0.266	284.7
2020-09-19T23:31	89.13559	111.27855	0.266	288.5
2020-09-19T23:41	89.13589	111.23407	0.266	294.6
2020-09-19T23:51	89.13625	111.18963	0.273	298.1
2020-09-20T00:01	89.13663	111.14424	0.281	298.8
2020-09-20T00:11	89.13703	111.09829	0.289	300.3
2020-09-20T00:21	89.13750	111.05865	0.274	308.3
2020-09-20T00:31	89.13800	111.02144	0.270	311.8
2020-09-20T00:41	89.13850	110.98512	0.267	312.5
2020-09-20T00:51	89.13901	110.95280	0.254	316.5
2020-09-20T01:01	89.13954	110.92422	0.244	320.7
2020-09-20T01:11	89.14007	110.89782	0.239	323.4
2020-09-20T01:21	89.14058	110.87491	0.220	325.8
2020-09-20T01:31	89.14109	110.85561	0.211	330.4
2020-09-20T01:41	89.14160	110.84030	0.203	336.0
2020-09-20T01:51	89.14212	110.82932	0.195	342.3
2020-09-20T02:01	89.14262	110.82211	0.186	347.9
2020-09-20T02:11	89.14309	110.82035	0.167	356.8
2020-09-20T02:21	89.14351	110.82202	0.153	3.4
2020-09-20T02:31	89.14390	110.82605	0.143	8.7
2020-09-20T02:41	89.14427	110.83730	0.145	24.7
2020-09-20T02:51	89.14460	110.85338	0.147	36.1
2020-09-20T03:01	89.14490	110.87451	0.157	46.2
2020-09-20T03:11	89.14513	110.89951	0.157	58.7
2020-09-20T03:21	89.14533	110.92671	0.163	63.9
2020-09-20T03:31	89.14549	110.95459	0.161	68.4
2020-09-20T03:41	89.14560	110.98366	0.161	75.8
2020-09-20T03:51	89.14570	111.01098	0.151	76.5
2020-09-20T04:01	89.14573	111.03986	0.155	85.8
2020-09-20T04:11	89.14571	111.07015	0.163	92.6
2020-09-20T04:21	89.14566	111.10078	0.165	95.8
2020-09-20T04:31	89.14558	111.13170	0.169	99.9
2020-09-20T04:41	89.14547	111.16069	0.161	104.2
2020-09-20T04:51	89.14532	111.18950	0.163	108.7
2020-09-20T05:01	89.14513	111.21933	0.175	113.4
2020-09-20T05:11	89.14491	111.24809	0.174	117.1
2020-09-20T05:21	89.14465	111.27478	0.171	123.1
2020-09-20T05:31	89.14436	111.29997	0.171	127.7
2020-09-20T05:41	89.14403	111.32420	0.176	132.3
2020-09-20T05:51	89.14368	111.34574	0.172	137.7
2020-09-20T06:01	89.14329	111.36477	0.174	143.8
2020-09-20T06:11	89.14286	111.38154	0.177	149.3
2020-09-20T06:21	89.14241	111.39441	0.178	157.1
2020-09-20T06:31	89.14192	111.40336	0.182	164.6
2020-09-20T06:41	89.14143	111.41010	0.180	168.3
2020-09-20T06:51	89.14092	111.41399	0.185	173.5
2020-09-20T07:01	89.14040	111.41454	0.189	179.1
2020-09-20T07:11	89.13986	111.41124	0.192	185.3
2020-09-20T07:21	89.13932	111.40533	0.200	189.2
2020-09-20T07:31	89.13877	111.39646	0.204	193.6
2020-09-20T07:41	89.13822	111.38359	0.209	199.5
2020-09-20T07:51	89.13768	111.36745	0.214	204.1
2020-09-20T08:01	89.13713	111.34807	0.223	208.1
2020-09-20T08:11	89.13661	111.32512	0.226	213.5
2020-09-20T08:21	89.13609	111.29974	0.233	216.3
2020-09-20T08:31	89.13559	111.27101	0.238	221.0
2020-09-20T08:41	89.13511	111.23928	0.243	225.3
2020-09-20T08:51	89.13466	111.20475	0.249	228.8
2020-09-20T09:01	89.13424	111.16757	0.252	233.4
2020-09-20T09:11	89.13385	111.12818	0.256	236.9
2020-09-20T09:21	89.13350	111.08628	0.260	241.4
2020-09-20T09:31	89.13320	111.04242	0.263	245.3
2020-09-20T09:41	89.13293	110.99755	0.263	248.6
2020-09-20T09:51	89.13272	110.95175	0.261	252.9
2020-09-20T10:01	89.13256	110.90522	0.260	257.1
2020-09-20T10:11	89.13244	110.85726	0.265	260.9
2020-09-20T10:21	89.13237	110.80908	0.264	264.5
2020-09-20T10:31	89.13233	110.76061	0.265	267.1
2020-09-20T10:41	89.13233	110.71261	0.262	269.7
2020-09-20T10:51	89.13235	110.66513	0.259	271.8
2020-09-20T11:01	89.13241	110.61870	0.254	274.8
2020-09-20T11:11	89.13250	110.57274	0.253	277.4
2020-09-20T11:21	89.13263	110.52838	0.247	281.2
2020-09-20T11:31	89.13280	110.48533	0.243	284.7
2020-09-20T11:41	89.13301	110.44377	0.238	288.1
2020-09-20T11:51	89.13325	110.40365	0.235	291.7
2020-09-20T12:01	89.13353	110.36550	0.231	296.1
2020-09-20T12:11	89.13384	110.32951	0.225	299.3
2020-09-20T12:21	89.13416	110.29554	0.219	302.4
2020-09-20T12:31	89.13450	110.26308	0.214	304.6
2020-09-20T12:41	89.13486	110.23233	0.212	308.0
2020-09-20T12:51	89.13526	110.20448	0.208	313.3
2020-09-20T13:01	89.13567	110.17871	0.204	316.7
2020-09-20T13:11	89.13610	110.15528	0.198	320.1
2020-09-20T13:21	89.13838	110.59915	2.543	70.9
2020-09-20T13:31	89.13554	111.31949	4.038	104.3
2020-09-20T13:41	89.12814	111.06386	3.008	207.7
2020-09-20T13:51	89.12551	110.57158	2.862	250.9
2020-09-20T14:01	89.12059	110.27725	2.400	222.7
2020-09-20T14:11	89.11185	110.52362	3.432	156.4
2020-09-20T14:21	89.10341	110.62928	3.096	168.9
2020-09-20T14:31	89.09510	110.62939	2.992	180.0
2020-09-20T14:41	89.08623	110.54722	3.229	188.4
2020-09-20T14:51	89.07878	110.56301	2.682	178.0
2020-09-20T15:01	89.07125	110.48419	2.751	189.6
2020-09-20T15:11	89.05995	110.39205	4.104	187.6
2020-09-20T15:21	89.05219	110.42730	2.803	175.7
2020-09-20T15:31	89.04364	110.31066	3.156	192.8
2020-09-20T15:41	89.03694	110.27836	2.419	184.6
2020-09-20T15:51	89.02827	110.36873	3.171	170.0
2020-09-20T16:01	89.02149	110.27442	2.507	193.4
2020-09-20T16:11	89.01639	109.79814	3.464	238.2
2020-09-20T16:21	89.01184	109.42834	2.816	234.6
2020-09-20T16:31	89.00803	108.99044	3.051	243.5
2020-09-20T16:41	88.99885	109.02960	3.312	175.7
2020-09-20T16:51	88.98996	109.18132	3.343	163.3
2020-09-20T17:01	88.98359	109.34683	2.525	155.2
2020-09-20T17:11	88.97466	109.39670	3.229	174.3
2020-09-20T17:21	88.96492	109.28013	3.589	192.2
2020-09-20T17:31	88.95692	109.11214	3.082	200.9
2020-09-20T17:41	88.94896	108.80965	3.490	214.9
2020-09-20T17:51	88.94226	108.38244	3.718	229.8
2020-09-20T18:01	88.93382	108.11759	3.516	210.3
2020-09-20T18:11	88.92685	107.84941	3.090	215.8
2020-09-20T18:21	88.91989	107.47200	3.579	225.7
2020-09-20T18:31	88.91908	107.02458	3.052	264.8
2020-09-20T18:41	88.91908	106.73115	1.993	270.1
2020-09-20T18:51	88.91832	106.57643	1.086	255.5
2020-09-20T19:01	88.91739	106.38520	1.343	255.6
2020-09-20T19:11	88.91639	106.13626	1.732	258.2
2020-09-20T19:21	88.91034	105.58156	4.369	240.4
2020-09-20T19:31	88.90161	105.61887	3.153	175.3
2020-09-20T19:41	88.89195	105.74724	3.589	165.6
2020-09-20T19:51	88.88498	105.61238	2.681	200.6
2020-09-20T20:01	88.88122	105.65677	1.390	167.0
2020-09-20T20:11	88.87583	105.74746	2.043	161.7
2020-09-20T20:21	88.86699	105.93839	3.459	156.9
2020-09-20T20:31	88.86646	106.42417	3.464	92.9
2020-09-20T20:41	88.86378	106.76706	2.629	111.4
2020-09-20T20:51	88.85431	107.10608	4.187	144.3
2020-09-20T21:01	88.85027	107.11188	1.456	178.3
2020-09-20T21:11	88.84501	106.98872	2.093	205.3
2020-09-20T21:21	88.83305	106.67022	4.894	208.5
2020-09-20T21:31	88.82576	107.03390	3.748	134.3
2020-09-20T21:41	88.81747	107.54724	4.832	127.9
2020-09-20T21:51	88.80547	107.84999	4.875	152.2
2020-09-20T22:01	88.80195	107.88124	1.290	169.5
2020-09-20T22:11	88.80229	107.85428	0.236	300.9
2020-09-20T22:21	88.79626	107.96447	2.322	159.0
2020-09-20T22:31	88.78642	108.08268	3.655	165.7
2020-09-20T22:41	88.77815	108.39359	3.811	141.2
2020-09-20T22:51	88.76985	108.54732	3.217	158.3
2020-09-20T23:01	88.76466	108.87096	3.127	126.5
2020-09-20T23:11	88.75357	108.67854	4.264	200.7
2020-09-20T23:21	88.75162	108.64241	0.756	202.0
2020-09-20T23:31	88.75177	108.61854	0.194	285.7
2020-09-20T23:41	88.74931	108.57131	0.960	202.8
2020-09-20T23:51	88.74667	108.51322	1.055	205.7
2020-09-21T00:01	88.73682	108.48449	3.552	183.7
2020-09-21T00:11	88.72757	108.29899	3.645	204.0
2020-09-21T00:21	88.71730	108.20051	3.781	192.1
2020-09-21T00:31	88.71514	108.07807	1.258	231.8
2020-09-21T00:41	88.70765	108.08152	2.697	179.4
2020-09-21T00:51	88.69759	108.08775	3.623	179.2
2020-09-21T01:01	88.69126	107.97454	2.460	202.2
2020-09-21T01:11	88.68578	107.88308	2.112	201.0
2020-09-21T01:21	88.68416	107.91230	0.630	157.4
2020-09-21T01:31	88.68195	107.93974	0.830	164.1
2020-09-21T01:41	88.67191	107.75659	3.921	202.9
2020-09-21T01:51	88.66329	107.35967	4.546	227.2
2020-09-21T02:01	88.65455	107.67322	4.111	139.8
2020-09-21T02:11	88.64521	107.84554	3.665	156.4
2020-09-21T02:21	88.63871	107.36228	4.743	240.6
2020-09-21T02:31	88.63636	107.14016	2.081	246.1
2020-09-21T02:41	88.62854	106.81387	3.971	225.1
2020-09-21T02:51	88.62964	106.82374	0.405	12.1
2020-09-21T03:01	88.62175	106.98223	3.153	154.2
2020-09-21T03:11	88.61307	107.07931	3.237	164.8
2020-09-21T03:21	88.60866	106.77991	3.059	238.8
2020-09-21T03:31	88.60356	106.46559	3.308	236.5
2020-09-21T03:41	88.60133	106.42843	0.867	202.1
2020-09-21T03:51	88.60175	106.43255	0.156	13.4
2020-09-21T04:01	88.60214	106.43738	0.146	16.8
2020-09-21T04:11	88.59999	106.40330	0.831	201.2
2020-09-21T04:21	88.59765	106.32931	1.065	217.7
2020-09-21T04:31	88.59584	106.02412	2.769	256.5
2020-09-21T04:41	88.59557	105.96858	0.499	258.9
2020-09-21T04:51	88.59668	105.70384	2.369	279.9
2020-09-21T05:01	88.59385	105.33416	3.419	252.8
2020-09-21T05:11	88.58537	105.10895	3.647	213.3
2020-09-21T05:21	88.57994	105.06303	1.997	191.8
2020-09-21T05:31	88.57499	105.06536	1.782	179.3
2020-09-21T05:41	88.56822	105.18725	2.673	155.8
2020-09-21T05:51	88.56825	105.19608	0.080	82.4
2020-09-21T06:01	88.56667	105.25106	0.753	138.9
2020-09-21T06:11	88.56201	105.56625	3.302	120.4
2020-09-21T06:21	88.56195	105.57522	0.083	103.5
2020-09-21T06:31	88.56179	105.59241	0.166	110.5
2020-09-21T06:41	88.56063	105.73091	1.320	108.4
2020-09-21T06:51	88.55678	105.97375	2.600	122.1
2020-09-21T07:01	88.54618	106.39726	5.424	134.5
2020-09-21T07:11	88.53937	106.61865	3.181	140.3
2020-09-21T07:21	88.53449	106.96626	3.648	118.7
2020-09-21T07:31	88.52747	106.82214	2.854	207.9
2020-09-21T07:41	88.52734	106.82597	0.060	143.7
2020-09-21T07:51	88.52605	106.66773	1.537	252.4
2020-09-21T08:01	88.51987	106.34344	3.741	233.7
2020-09-21T08:11	88.51545	106.19982	2.079	220.1
2020-09-21T08:21	88.51523	106.19767	0.083	194.0
2020-09-21T08:31	88.51502	106.19492	0.079	198.9
2020-09-21T08:41	88.51481	106.19072	0.084	207.6
2020-09-21T08:51	88.51462	106.18557	0.086	213.9
2020-09-21T09:01	88.51442	106.17870	0.095	222.4
2020-09-21T09:11	88.51048	105.89960	2.970	241.6
2020-09-21T09:21	88.51029	105.87892	0.205	251.0
2020-09-21T09:31	88.51020	105.74523	1.252	268.5
2020-09-21T09:41	88.50994	105.72130	0.242	247.6
2020-09-21T09:51	88.50985	105.70952	0.114	254.4
2020-09-21T10:01	88.50953	105.64998	0.569	258.3
2020-09-21T10:11	88.50932	105.62210	0.273	253.4
2020-09-21T10:21	88.50914	105.59307	0.279	257.0
2020-09-21T10:31	88.50920	105.58621	0.067	287.7
2020-09-21T10:41	88.50897	105.54462	0.398	258.3
2020-09-21T10:51	88.50914	105.53666	0.096	309.3
2020-09-21T11:01	88.50783	105.41725	1.216	247.1
2020-09-21T11:11	88.50818	105.41290	0.133	342.1
2020-09-21T11:21	88.50576	105.23783	1.859	242.2
2020-09-21T11:31	88.50640	105.25215	0.269	30.0
2020-09-21T11:41	88.50592	105.17243	0.769	256.8
2020-09-21T11:51	88.50633	105.18396	0.185	35.7
2020-09-21T12:01	88.50642	105.15669	0.258	277.3
2020-09-21T12:11	88.50744	105.05468	1.025	291.0
2020-09-21T12:21	88.50635	104.83634	2.086	259.3
2020-09-21T12:31	88.49935	104.81364	2.529	184.9
2020-09-21T12:41	88.49533	104.81510	1.450	179.5
2020-09-21T12:51	88.48052	104.79678	5.333	181.9
2020-09-21T13:01	88.46770	104.88879	4.701	169.1
2020-09-21T13:11	88.45743	104.85440	3.711	185.2
2020-09-21T13:21	88.45019	104.45033	4.712	236.6
2020-09-21T13:31	88.44020	104.42778	3.602	183.5
2020-09-21T13:41	88.43439	104.78491	4.084	120.7
2020-09-21T13:51	88.42840	105.00383	3.051	134.9
2020-09-21T14:01	88.42636	104.99161	0.744	189.3
2020-09-21T14:11	88.42534	104.98782	0.371	185.8
2020-09-21T14:21	88.41666	105.07560	3.243	164.4
2020-09-21T14:31	88.40518	105.19466	4.301	163.9
2020-09-21T14:41	88.39362	105.47093	5.005	146.1
2020-09-21T14:51	88.38601	105.63336	3.195	149.0
2020-09-21T15:01	88.37673	106.01165	5.095	130.8
2020-09-21T15:11	88.36558	106.23766	4.634	149.9
2020-09-21T15:21	88.35402	106.31222	4.234	169.5
2020-09-21T15:31	88.34301	106.23700	4.040	191.2
2020-09-21T15:41	88.34082	106.17338	1.030	220.1
2020-09-21T15:51	88.33204	105.94666	3.950	217.0
2020-09-21T16:01	88.32754	105.58401	4.137	247.1
2020-09-21T16:11	88.31882	105.39962	3.691	211.8
2020-09-21T16:21	88.31762	105.35607	0.632	226.7
2020-09-21T16:31	88.31608	105.26011	1.156	241.5
2020-09-21T16:41	88.31150	104.75700	5.580	253.1
2020-09-21T16:51	88.30645	104.22929	5.894	252.3
2020-09-21T17:01	88.29927	103.76973	5.541	242.4
2020-09-21T17:11	88.29789	103.69910	0.903	236.8
2020-09-21T17:21	88.28957	103.47702	3.827	218.6
2020-09-21T17:31	88.28450	103.43840	1.873	192.8
2020-09-21T17:41	88.27760	103.42774	2.486	182.7
2020-09-21T17:51	88.27372	103.35554	1.600	209.3
2020-09-21T18:01	88.26351	103.07888	4.751	219.4
2020-09-21T18:11	88.24765	103.04183	5.725	184.1
2020-09-21T18:21	88.23839	102.81331	4.182	217.2
2020-09-21T18:31	88.23190	102.73630	2.486	200.1
2020-09-21T18:41	88.22752	102.59714	2.210	224.5
2020-09-21T18:51	88.22697	102.46965	1.434	262.1
2020-09-21T19:01	88.22024	102.24813	3.460	225.7
2020-09-21T19:11	88.20903	101.86918	5.863	226.7
2020-09-21T19:21	88.20178	101.37167	6.187	245.3
2020-09-21T19:31	88.19527	101.05926	4.242	236.6
2020-09-21T19:41	88.18654	100.81273	4.213	221.8
2020-09-21T19:51	88.16973	100.72553	6.131	189.4
2020-09-21T20:01	88.16077	100.57247	3.678	208.7
2020-09-21T20:11	88.15049	100.49969	3.796	192.9
2020-09-21T20:21	88.13680	100.60058	5.069	166.5
2020-09-21T20:31	88.11837	100.56778	6.647	183.3
2020-09-21T20:41	88.10175	100.61759	6.012	174.3
2020-09-21T20:51	88.09448	100.62363	2.619	178.4
2020-09-21T21:01	88.07798	100.87482	6.663	152.9
2020-09-21T21:11	88.06096	100.91454	6.147	175.5
2020-09-21T21:21	88.04522	100.92006	5.666	179.3
2020-09-21T21:31	88.02690	100.87776	6.620	184.5
2020-09-21T21:41	88.00952	100.67878	6.729	201.7
2020-09-21T21:51	87.99392	100.47303	6.182	204.8
2020-09-21T22:01	87.97815	100.31822	6.007	199.1
2020-09-21T22:11	87.95890	100.34143	6.936	177.5
2020-09-21T22:21	87.94650	100.02942	6.004	222.1
2020-09-21T22:31	87.93498	99.77732	5.277	218.3
2020-09-21T22:41	87.92116	99.73588	5.005	186.2
2020-09-21T22:51	87.90386	99.70684	6.240	183.5
2020-09-21T23:01	87.88672	99.55190	6.501	198.4
2020-09-21T23:11	87.87238	99.49577	5.219	188.3
2020-09-21T23:21	87.85558	99.47512	6.053	182.6
2020-09-21T23:31	87.84020	99.55464	5.642	169.0
2020-09-21T23:41	87.82491	99.66765	5.718	164.3
2020-09-21T23:51	87.81178	99.86473	5.444	150.2
2020-09-22T00:01	87.79964	100.16151	5.987	136.7
2020-09-22T00:11	87.78440	100.27248	5.699	164.3
2020-09-22T00:21	87.77570	100.18964	3.338	200.3
2020-09-22T00:31	87.76101	100.21101	5.298	176.7
2020-09-22T00:41	87.74913	100.27884	4.382	167.4
2020-09-22T00:51	87.74882	100.47680	2.802	92.2
2020-09-22T01:01	87.73535	100.63743	5.358	154.8
2020-09-22T01:11	87.72162	100.75878	5.238	160.6
2020-09-22T01:21	87.70597	100.81836	5.701	171.3
2020-09-22T01:31	87.69142	100.66527	5.686	203.0
2020-09-22T01:41	87.68504	100.74792	2.591	152.4
2020-09-22T01:51	87.67108	100.88937	5.434	157.6
2020-09-22T02:01	87.65940	100.76663	4.575	203.2
2020-09-22T02:11	87.64376	100.73784	5.647	184.3
2020-09-22T02:21	87.62984	100.66904	5.116	191.6
2020-09-22T02:31	87.61602	100.77601	5.227	162.2
2020-09-22T02:41	87.59951	100.79836	5.954	176.8
2020-09-22T02:51	87.58465	100.76831	5.367	184.9
2020-09-22T03:01	87.57780	100.77141	2.468	178.9
2020-09-22T03:11	87.56400	100.64377	5.339	201.5
2020-09-22T03:21	87.54890	100.44017	6.269	210.0
2020-09-22T03:31	87.54018	100.06950	6.523	241.4
2020-09-22T03:41	87.52887	99.75787	6.315	230.0
2020-09-22T03:51	87.51360	99.58541	6.118	206.1
2020-09-22T04:01	87.50031	99.66707	4.954	165.0
2020-09-22T04:11	87.50077	99.66781	0.166	4.0
2020-09-22T04:21	87.50130	99.67316	0.208	23.9
2020-09-22T04:31	87.50184	99.80624	2.098	84.5
2020-09-22T04:41	87.50152	99.86130	0.872	97.7
2020-09-22T04:51	87.50937	99.75216	3.303	328.9
2020-09-22T05:01	87.49806	99.43468	6.432	230.9
2020-09-22T05:11	87.48556	99.16410	6.199	223.6
2020-09-22T05:21	87.47199	98.99414	5.577	208.9
2020-09-22T05:31	87.46479	98.89645	3.022	211.0
2020-09-22T05:41	87.46332	98.85993	0.788	227.6
2020-09-22T05:51	87.45027	98.73655	5.094	202.8
2020-09-22T06:01	87.44544	98.71884	1.763	189.3
2020-09-22T06:11	87.42726	98.68844	6.565	184.3
2020-09-22T06:21	87.41039	98.78593	6.274	165.4
2020-09-22T06:31	87.39797	98.74264	4.526	189.0
2020-09-22T06:41	87.38248	98.77039	5.599	175.3
2020-09-22T06:51	87.36552	98.73454	6.134	185.6
2020-09-22T07:01	87.34878	98.76220	6.043	175.6
2020-09-22T07:11	87.33075	98.75709	6.495	180.8
2020-09-22T07:21	87.31241	98.78778	6.622	175.5
2020-09-22T07:31	87.29631	98.83913	5.863	171.4
2020-09-22T07:41	87.28064	98.91669	5.794	166.8
2020-09-22T07:51	87.26474	98.64611	7.367	219.1
2020-09-22T08:01	87.25034	98.36661	7.074	223.0
2020-09-22T08:11	87.23223	98.40920	6.565	173.5
2020-09-22T08:21	87.21444	98.50188	6.604	165.8
2020-09-22T08:31	87.19890	98.65222	6.188	154.7
2020-09-22T08:41	87.18136	98.68100	6.333	175.4
2020-09-22T08:51	87.16314	98.70969	6.580	175.5
2020-09-22T09:01	87.14660	98.71112	5.955	179.8
2020-09-22T09:11	87.12820	98.67083	6.665	186.3
2020-09-22T09:21	87.11321	98.59627	5.566	194.1
2020-09-22T09:31	87.09625	98.55223	6.157	187.5
2020-09-22T09:41	87.07858	98.45610	6.602	195.5
2020-09-22T09:51	87.06336	98.20497	7.168	220.3
2020-09-22T10:01	87.05001	98.08135	5.320	205.5
2020-09-22T10:11	87.03981	98.06554	3.685	184.6
2020-09-22T10:21	87.02403	98.04105	5.702	184.6
2020-09-22T10:31	87.01098	98.08355	4.765	170.4
2020-09-22T10:41	86.99728	98.11386	4.966	173.4
2020-09-22T10:51	86.98322	98.03507	5.278	196.4
2020-09-22T11:01	86.97877	97.97024	2.019	217.5
2020-09-22T11:11	86.96773	97.87607	4.359	204.3
2020-09-22T11:21	86.96025	97.88411	2.697	176.7
2020-09-22T11:31	86.94915	97.90718	4.021	173.7
2020-09-22T11:41	86.93375	97.86119	5.616	189.1
2020-09-22T11:51	86.91675	97.83634	6.138	184.5
2020-09-22T12:01	86.90510	97.99204	5.170	144.2
2020-09-22T12:11	86.88963	98.03915	5.643	170.6
2020-09-22T12:21	86.87670	98.07527	4.710	171.3
2020-09-22T12:31	86.87700	98.04401	0.623	280.1
2020-09-22T12:41	86.87346	98.01862	1.369	201.4
2020-09-22T12:51	86.86694	98.14715	3.449	132.8
2020-09-22T13:01	86.85070	98.31072	6.677	151.0
2020-09-22T13:11	86.83701	98.19251	5.460	205.5
2020-09-22T13:21	86.81895	98.25028	6.603	169.9
2020-09-22T13:31	86.79997	98.24366	6.832	181.1
2020-09-22T13:41	86.78884	98.14390	4.485	206.7
2020-09-22T13:51	86.78122	97.84134	6.696	246.0
2020-09-22T14:01	86.77097	97.59732	6.167	233.4
2020-09-22T14:11	86.76743	97.50590	2.251	235.5
2020-09-22T14:21	86.76151	97.23726	5.861	248.8
2020-09-22T14:31	86.74540	97.07098	6.721	210.4
2020-09-22T14:41	86.73133	96.90424	6.110	214.1
2020-09-22T14:51	86.71458	96.91003	6.033	178.9
2020-09-22T15:01	86.70312	97.12981	6.135	132.1
2020-09-22T15:11	86.68710	97.01767	6.222	202.0
2020-09-22T15:21	86.66904	96.91496	6.847	198.3
2020-09-22T15:31	86.66347	96.64286	6.039	250.8
2020-09-22T15:41	86.64838	96.52797	5.948	204.0
2020-09-22T15:51	86.62866	96.57765	7.175	171.6
2020-09-22T16:01	86.60989	96.58098	6.760	179.4
2020-09-22T16:11	86.59375	96.69011	6.260	158.1
2020-09-22T16:21	86.57711	96.82018	6.610	155.0
2020-09-22T16:31	86.56688	96.55315	6.826	237.5
2020-09-22T16:41	86.56320	96.24262	6.829	259.0
2020-09-22T16:51	86.55914	95.93863	6.727	257.6
2020-09-22T17:01	86.54811	95.69523	6.597	233.1
2020-09-22T17:11	86.53609	95.48247	6.331	227.0
2020-09-22T17:21	86.52646	95.21071	6.860	239.8
2020-09-22T17:31	86.51489	94.99282	6.325	228.9
2020-09-22T17:41	86.49810	94.86686	6.649	204.6
2020-09-22T17:51	86.48356	94.73369	6.002	209.3
2020-09-22T18:01	86.46938	94.64171	5.494	201.8
2020-09-22T18:11	86.45500	94.44809	6.734	219.8
2020-09-22T18:21	86.44179	94.25839	6.365	221.8
2020-09-22T18:31	86.42740	94.05155	6.948	221.9
2020-09-22T18:41	86.41286	93.89752	6.280	213.5
2020-09-22T18:51	86.39931	93.70414	6.545	221.9
2020-09-22T19:01	86.38705	93.51894	6.089	223.6
2020-09-22T19:11	86.37519	93.30065	6.546	229.4
2020-09-22T19:21	86.37119	93.04735	5.946	256.1
2020-09-22T19:31	86.35561	92.86884	6.934	216.1
2020-09-22T19:41	86.34741	92.61995	6.421	242.8
2020-09-22T19:51	86.34032	92.35872	6.519	247.1
2020-09-22T20:01	86.32822	92.16416	6.247	225.9
2020-09-22T20:11	86.31553	91.95572	6.639	226.6
2020-09-22T20:21	86.30773	91.73804	5.770	241.0
2020-09-22T20:31	86.29661	91.51367	6.572	232.6
2020-09-22T20:41	86.28713	91.29762	6.078	236.0
2020-09-22T20:51	86.27531	91.16433	5.274	216.2
2020-09-22T21:01	86.26919	90.95765	5.315	245.6
2020-09-22T21:11	86.26221	90.71285	6.267	246.5
2020-09-22T21:21	86.25641	90.46937	6.089	250.1
2020-09-22T21:31	86.25633	90.19163	6.529	269.9
2020-09-22T21:41	86.24257	90.00378	6.644	221.8
2020-09-22T21:51	86.22794	89.84482	6.471	215.6
2020-09-22T22:01	86.22048	89.61195	6.140	244.2
2020-09-22T22:11	86.20483	89.54580	5.849	195.6
2020-09-22T22:21	86.19801	89.27780	6.848	249.1
2020-09-22T22:31	86.19422	89.01138	6.509	258.0
2020-09-22T22:41	86.18367	88.77368	6.840	236.4
2020-09-22T22:51	86.17498	88.60899	5.041	231.7
2020-09-22T23:01	86.17662	88.57600	0.989	306.8
2020-09-22T23:11	86.17291	88.48776	2.506	237.8
2020-09-22T23:21	86.16088	88.39799	4.840	206.6
2020-09-22T23:31	86.14964	88.30380	4.641	209.4
2020-09-22T23:41	86.13448	88.19882	6.025	205.0
2020-09-22T23:51	86.12024	88.07508	5.942	210.5
2020-09-23T00:01	86.10976	87.96728	4.601	214.9
2020-09-23T00:11	86.10025	87.82456	4.890	225.6
2020-09-23T00:21	86.09074	87.67688	4.984	226.7
2020-09-23T00:31	86.07594	87.62536	5.476	193.4
2020-09-23T00:41	86.06083	87.52533	5.976	204.5
2020-09-23T00:51	86.04656	87.39358	6.088	212.5
2020-09-23T01:01	86.03062	87.32284	6.001	197.1
2020-09-23T01:11	86.01716	87.41669	5.384	154.2
2020-09-23T01:21	86.00691	87.34911	4.060	204.7
2020-09-23T01:31	86.00589	87.05092	7.486	267.3
2020-09-23T01:41	86.00614	86.81531	5.909	271.0
2020-09-23T01:51	86.01802	86.58629	7.154	306.8
2020-09-23T02:01	86.02788	86.53520	3.769	340.2
2020-09-23T02:11	86.03418	86.39208	4.228	302.5
2020-09-23T02:21	86.03031	86.13242	6.617	258.0
2020-09-23T02:31	86.03007	86.00097	3.278	268.6
2020-09-23T02:41	86.03225	85.96179	1.252	308.8
2020-09-23T02:51	86.02989	85.83289	3.323	255.2
2020-09-23T03:01	86.03128	85.78347	1.329	292.1
2020-09-23T03:11	86.03339	85.75627	1.020	318.4
2020-09-23T03:21	86.03117	85.59427	4.115	258.9
2020-09-23T03:31	86.03094	85.50494	2.228	268.0
2020-09-23T03:41	86.03290	85.47252	1.071	311.0
2020-09-23T03:51	86.03426	85.40081	1.853	285.4
2020-09-23T04:01	86.03631	85.33768	1.736	295.1
2020-09-23T04:11	86.03754	85.28205	1.454	287.8
2020-09-23T04:21	86.03874	85.24206	1.085	293.5
2020-09-23T04:31	86.03680	85.13150	2.838	255.8
2020-09-23T04:41	86.03524	85.02218	2.778	258.4
2020-09-23T04:51	86.03452	84.93865	2.096	263.0
2020-09-23T05:01	86.03153	84.83020	2.908	248.3
2020-09-23T05:11	86.03390	84.85460	1.048	35.5
2020-09-23T05:21	86.03531	84.86486	0.569	26.7
2020-09-23T05:31	86.03657	84.87614	0.534	31.7
2020-09-23T05:41	86.03517	84.83972	1.039	240.8
2020-09-23T05:51	86.03249	84.74884	2.459	247.0
2020-09-23T06:01	86.03187	84.71191	0.947	256.4
2020-09-23T06:11	86.03169	84.68773	0.606	263.7
2020-09-23T06:21	86.03133	84.64010	1.194	263.8
2020-09-23T06:31	86.03424	84.50316	3.569	287.2
2020-09-23T06:41	86.03086	84.23787	6.720	259.7
2020-09-23T06:51	86.02432	83.98192	6.805	249.9
2020-09-23T07:01	86.01558	83.75114	6.572	241.5
2020-09-23T07:11	86.00609	83.52208	6.677	239.3
2020-09-23T07:21	85.98954	83.47273	6.086	191.8
2020-09-23T07:31	85.97788	83.32456	5.619	221.7
2020-09-23T07:41	85.97385	83.05834	6.882	257.9
2020-09-23T07:51	85.97233	82.78707	6.881	265.6
2020-09-23T08:01	85.97393	82.54322	6.192	275.5
2020-09-23T08:11	85.96882	82.32035	5.929	252.1
2020-09-23T08:21	85.96653	82.07807	6.190	262.5
2020-09-23T08:31	85.96024	81.85241	6.151	248.5
2020-09-23T08:41	85.95480	81.63039	5.967	250.9
2020-09-23T08:51	85.95039	81.39427	6.207	255.3
2020-09-23T09:01	85.94982	81.13411	6.619	268.4
2020-09-23T09:11	85.94871	80.89114	6.192	266.4
2020-09-23T09:21	85.94808	80.62738	6.714	268.2
2020-09-23T09:31	85.94996	80.37748	6.392	276.2
2020-09-23T09:41	85.95038	80.10467	6.939	271.4
2020-09-23T09:51	85.95288	79.86650	6.121	278.6
2020-09-23T10:01	85.95040	79.64091	5.803	261.3
2020-09-23T10:11	85.95191	79.39966	6.157	275.2
2020-09-23T10:21	85.95467	79.18763	5.478	280.5
2020-09-23T10:31	85.95956	79.03939	4.156	295.2
2020-09-23T10:41	85.96008	78.99344	1.180	279.0
2020-09-23T10:51	85.96036	78.96859	0.638	279.3
2020-09-23T11:01	85.95831	78.87255	2.546	253.2
2020-09-23T11:11	85.95917	78.83086	1.102	286.4
2020-09-23T11:21	85.95972	78.76091	1.785	276.4
2020-09-23T11:31	85.96605	78.53683	6.121	292.0
2020-09-23T11:41	85.96099	78.28625	6.607	254.1
2020-09-23T11:51	85.95601	78.03468	6.631	254.4
2020-09-23T12:01	85.95299	77.78241	6.499	260.5
2020-09-23T12:11	85.95756	77.53176	6.574	284.6
2020-09-23T12:21	85.96372	77.31190	6.001	291.8
2020-09-23T12:31	85.96275	77.03494	7.029	267.3
2020-09-23T12:41	85.96344	76.80849	5.745	272.6
2020-09-23T12:51	85.96226	76.56107	6.286	266.3
2020-09-23T13:01	85.95521	76.31876	6.651	247.7
2020-09-23T13:11	85.94964	76.06697	6.706	252.7
2020-09-23T13:21	85.95027	75.83696	5.853	272.3
2020-09-23T13:31	85.95499	75.61115	5.985	286.6
2020-09-23T13:41	85.96121	75.36476	6.642	289.8
2020-09-23T13:51	85.96097	75.09956	6.726	269.4
2020-09-23T14:01	85.96096	74.86013	6.072	270.1
2020-09-23T14:11	85.96152	74.59585	6.705	271.8
2020-09-23T14:21	85.97152	74.36180	6.936	301.4
2020-09-23T14:31	85.98254	74.22564	5.249	319.1
2020-09-23T14:41	85.99156	74.08594	4.789	312.8
2020-09-23T14:51	85.99099	73.92685	4.009	267.1
2020-09-23T15:01	85.99005	73.76153	4.176	265.5
2020-09-23T15:11	85.98857	73.63667	3.190	260.4
2020-09-23T15:21	85.98513	73.53370	2.874	244.6
2020-09-23T15:31	85.97768	73.40232	4.265	231.1
2020-09-23T15:41	85.97008	73.23116	5.120	237.8
2020-09-23T15:51	85.96533	73.03183	5.329	251.4
2020-09-23T16:01	85.95857	72.82884	5.692	244.8
2020-09-23T16:11	85.96998	72.67640	5.638	316.8
2020-09-23T16:21	85.97521	72.45728	5.852	288.9
2020-09-23T16:31	85.97906	72.23426	5.801	283.9
2020-09-23T16:41	85.98041	72.14601	2.280	282.3
2020-09-23T16:51	85.97974	71.94358	5.115	267.4
2020-09-23T17:01	85.97606	71.73101	5.529	256.3
2020-09-23T17:11	85.97681	71.49952	5.854	272.8
2020-09-23T17:21	85.98386	71.29705	5.706	296.5
2020-09-23T17:31	85.98598	71.08274	5.456	278.1
2020-09-23T17:41	85.98692	70.84186	6.080	273.3
2020-09-23T17:51	85.98870	70.61471	5.758	276.5
2020-09-23T18:01	85.98927	70.38185	5.868	272.1
2020-09-23T18:11	85.99056	70.21202	4.301	276.2
2020-09-23T18:21	85.98643	70.03794	4.629	251.4
2020-09-23T18:31	85.98566	69.96200	1.934	261.8
2020-09-23T18:41	85.98485	69.80242	4.033	265.9
2020-09-23T18:51	85.98286	69.60709	4.978	261.8
2020-09-23T19:01	85.98025	69.38811	5.605	260.4
2020-09-23T19:11	85.98064	69.16025	5.753	271.5
2020-09-23T19:21	85.98294	69.13081	1.113	318.1
2020-09-23T19:31	85.98355	69.12351	0.286	319.9
2020-09-23T19:41	85.98416	69.11030	0.399	303.5
2020-09-23T19:51	85.98537	68.99869	2.848	278.9
2020-09-23T20:01	85.98253	68.78821	5.405	259.2
2020-09-23T20:11	85.98009	68.62282	4.265	258.2
2020-09-23T20:21	85.97817	68.47215	3.866	259.8
2020-09-23T20:31	85.98256	68.29654	4.706	289.7
2020-09-23T20:41	85.97669	68.10305	5.323	246.7
2020-09-23T20:51	85.97692	67.87128	5.855	270.9
2020-09-23T21:01	85.97922	67.65103	5.623	278.6
2020-09-23T21:11	85.97344	67.48703	4.637	243.4
2020-09-23T21:21	85.95892	67.39052	5.771	205.1
2020-09-23T21:31	85.95509	67.18100	5.495	255.5
2020-09-23T21:41	85.95560	66.96221	5.560	272.0
2020-09-23T21:51	85.95797	66.75652	5.291	279.4
2020-09-23T22:01	85.95822	66.73992	0.431	282.0
2020-09-23T22:11	85.95993	66.53062	5.346	276.7
2020-09-23T22:21	85.96159	66.43764	2.433	284.3
2020-09-23T22:31	85.96407	66.33398	2.775	288.8
2020-09-23T22:41	85.96232	66.07938	6.484	264.6
2020-09-23T22:51	85.96134	65.84302	6.003	266.8
2020-09-23T23:01	85.96284	65.65375	4.829	276.5
2020-09-23T23:11	85.95969	65.45141	5.255	257.6
2020-09-23T23:21	85.96284	65.21814	6.023	281.0
2020-09-23T23:31	85.96219	64.97815	6.088	267.9
2020-09-23T23:41	85.96560	64.75746	5.726	282.5
2020-09-23T23:51	85.96386	64.51831	6.091	264.2
2020-09-24T00:01	85.96535	64.26808	6.363	274.9
2020-09-24T00:11	85.96976	64.03404	6.135	285.1
2020-09-24T00:21	85.97504	63.80057	6.202	288.0
2020-09-24T00:31	85.98417	63.57387	6.598	300.0
2020-09-24T00:41	85.98349	63.28852	7.200	268.2
2020-09-24T00:51	85.98293	63.01309	6.949	268.5
2020-09-24T01:01	85.98227	62.73541	7.009	268.2
2020-09-24T01:11	85.98465	62.46767	6.806	277.4
2020-09-24T01:21	85.98951	62.22287	6.412	286.0
2020-09-24T01:31	85.98881	61.95964	6.634	268.0
2020-09-24T01:41	85.98753	61.69357	6.718	266.2
2020-09-24T01:51	85.98384	61.46501	5.913	257.1
2020-09-24T02:01	85.98703	61.41462	1.712	312.1
2020-09-24T02:11	85.98669	61.37765	0.939	262.7
2020-09-24T02:21	85.99283	61.23620	4.191	301.9
2020-09-24T02:31	85.99097	60.97443	6.622	264.3
2020-09-24T02:41	85.98598	60.72324	6.576	254.3
2020-09-24T02:51	85.98431	60.45971	6.670	265.0
2020-09-24T03:01	85.98383	60.20820	6.344	268.6
2020-09-24T03:11	85.98845	59.97504	6.107	285.9
2020-09-24T03:21	85.99024	59.71745	6.519	275.8
2020-09-24T03:31	85.98750	59.61649	2.728	248.8
2020-09-24T03:41	85.98879	59.57471	1.151	293.9
2020-09-24T03:51	85.99013	59.56114	0.591	324.7
2020-09-24T04:01	85.99262	59.52948	1.201	318.4
2020-09-24T04:11	85.99382	59.52130	0.479	334.6
2020-09-24T04:21	85.99501	59.51400	0.465	336.8
2020-09-24T04:31	85.99618	59.50788	0.448	339.9
2020-09-24T04:41	85.99734	59.50254	0.437	342.1
2020-09-24T04:51	85.99843	59.49836	0.409	345.1
2020-09-24T05:01	85.99950	59.49495	0.394	347.4
2020-09-24T05:11	86.00051	59.49250	0.370	350.5
2020-09-24T05:21	86.00149	59.49091	0.355	353.5
2020-09-24T05:31	86.00243	59.48990	0.337	355.7
2020-09-24T05:41	86.00331	59.48936	0.318	357.5
2020-09-24T05:51	86.00415	59.48914	0.301	359.0
2020-09-24T06:01	86.00492	59.48935	0.279	1.1
2020-09-24T06:11	86.00565	59.48991	0.263	3.1
2020-09-24T06:21	86.00633	59.49080	0.245	5.2
2020-09-24T06:31	86.00694	59.49180	0.223	6.5
2020-09-24T06:41	86.00751	59.49299	0.206	8.3
2020-09-24T06:51	86.00802	59.49440	0.189	10.8
2020-09-24T07:01	86.00848	59.49577	0.167	11.9
2020-09-24T07:11	86.00888	59.49696	0.148	11.5
2020-09-24T07:21	86.00924	59.49812	0.133	12.6
2020-09-24T07:31	86.00956	59.49910	0.117	12.2
2020-09-24T07:41	86.00982	59.49996	0.097	12.7
2020-09-24T07:51	86.01004	59.50062	0.081	11.8
2020-09-24T08:01	86.01021	59.50099	0.063	8.5
2020-09-24T08:11	86.01036	59.50090	0.054	357.5
2020-09-24T08:21	86.01048	59.50030	0.045	340.6
2020-09-24T08:31	86.01058	59.49920	0.044	320.9
2020-09-24T08:41	86.01065	59.49763	0.046	302.4
2020-09-24T08:51	86.01069	59.49552	0.055	286.7
2020-09-24T09:01	86.01072	59.49276	0.070	280.0
2020-09-24T09:11	86.01075	59.48952	0.082	276.9
2020-09-24T09:21	86.01078	59.48568	0.097	276.6
2020-09-24T09:31	86.01081	59.48106	0.116	275.7
2020-09-24T09:41	86.01086	59.47613	0.125	278.3
2020-09-24T09:51	86.01094	59.47101	0.131	281.9
2020-09-24T10:01	86.01104	59.46605	0.130	286.9
2020-09-24T10:11	86.01118	59.46103	0.135	291.1
2020-09-24T10:21	86.01133	59.45596	0.138	292.9
2020-09-24T10:31	86.01148	59.45080	0.141	293.6
2020-09-24T10:41	86.01166	59.44548	0.147	294.7
2020-09-24T10:51	86.01185	59.43992	0.156	297.2
2020-09-24T11:01	86.01208	59.43400	0.170	299.1
2020-09-24T11:11	86.01234	59.42788	0.179	301.3
2020-09-24T11:21	86.01263	59.42158	0.188	302.9
2020-09-24T11:31	86.01294	59.41496	0.201	304.6
2020-09-24T11:41	86.01329	59.40808	0.213	306.0
2020-09-24T11:51	86.01366	59.40104	0.221	307.1
2020-09-24T12:01	86.01407	59.39386	0.232	309.1
2020-09-24T12:11	86.01408	59.39366	0.007	314.4
2020-09-24T12:21	86.01265	59.43083	1.063	118.9
2020-09-24T12:31	86.01479	59.41110	0.915	327.3
2020-09-24T12:41	86.02738	59.54675	5.660	36.7
2020-09-24T12:51	86.03122	59.59489	1.831	40.9
2020-09-24T13:01	86.03129	59.58462	0.257	275.7
2020-09-24T13:11	86.03098	59.57786	0.203	236.1
2020-09-24T13:21	86.03107	59.57124	0.169	282.0
2020-09-24T13:31	86.03144	59.56385	0.227	305.7
2020-09-24T13:41	86.03191	59.55577	0.264	310.2
2020-09-24T13:51	86.03249	59.54652	0.311	312.2
2020-09-24T14:01	86.03278	59.54149	0.163	309.9
2020-09-24T14:11	86.03296	59.54034	0.070	335.8
2020-09-24T14:21	86.03422	59.54593	0.473	17.1
2020-09-24T14:31	86.03492	59.55269	0.303	33.7
2020-09-24T14:41	86.03547	59.56845	0.440	63.0
2020-09-24T14:51	86.03571	59.57646	0.217	66.7
2020-09-24T15:01	86.03620	59.57734	0.179	7.0
2020-09-24T15:11	86.03678	59.57788	0.209	3.7
2020-09-24T15:21	86.03734	59.58022	0.209	16.2
2020-09-24T15:31	86.03803	59.58346	0.263	17.9
2020-09-24T15:41	86.03892	59.58653	0.328	13.5
2020-09-24T15:51	86.03997	59.58924	0.386	10.1
2020-09-24T16:01	86.04139	59.59975	0.574	27.1
2020-09-24T16:11	86.04300	59.59818	0.578	356.1
2020-09-24T16:21	86.04446	59.60236	0.538	11.1
2020-09-24T16:31	86.04530	59.61156	0.378	37.2
2020-09-24T16:41	86.04611	59.62506	0.445	48.9
2020-09-24T16:51	86.04723	59.63969	0.542	42.1
2020-09-24T17:01	86.04835	59.65192	0.505	36.9
2020-09-24T17:11	86.04893	59.66476	0.381	56.6
2020-09-24T17:21	86.05008	59.68078	0.574	43.8
2020-09-24T17:31	86.05096	59.69601	0.493	49.9
2020-09-24T17:41	86.05208	59.71155	0.557	43.8
2020-09-24T17:51	86.05317	59.72806	0.566	46.3
2020-09-24T18:01	86.05423	59.74369	0.545	45.3
2020-09-24T18:11	86.05533	59.75608	0.501	37.8
2020-09-24T18:21	86.05608	59.76602	0.367	42.2
2020-09-24T18:31	86.05727	59.77822	0.524	35.2
2020-09-24T18:41	86.05845	59.78965	0.510	33.6
2020-09-24T18:51	86.05917	59.80705	0.502	59.1
2020-09-24T19:01	86.04779	59.65430	5.578	222.8
2020-09-24T19:11	86.03311	59.48871	6.698	218.0
2020-09-24T19:21	86.01905	59.33021	6.425	218.1
2020-09-24T19:31	86.00001	59.31483	6.867	183.2
2020-09-24T19:41	85.98403	59.25164	5.970	195.5
2020-09-24T19:51	85.97765	59.10868	4.277	237.6
2020-09-24T20:01	85.97115	58.86953	6.482	249.0
2020-09-24T20:11	85.97648	58.69343	4.848	293.4
2020-09-24T20:21	85.98241	58.49883	5.357	293.6
2020-09-24T20:31	85.97811	58.29702	5.323	253.2
2020-09-24T20:41	85.97709	58.05204	6.199	266.7
2020-09-24T20:51	85.97660	57.80959	6.127	268.5
2020-09-24T21:01	85.97350	57.56206	6.355	260.0
2020-09-24T21:11	85.97115	57.34384	5.583	261.4
2020-09-24T21:21	85.97162	57.34963	0.225	40.6
2020-09-24T21:31	85.97202	57.35834	0.263	56.9
2020-09-24T21:41	85.97201	57.30714	1.295	269.8
2020-09-24T21:51	85.97141	57.25790	1.264	260.2
2020-09-24T22:01	85.96916	57.04442	5.462	261.6
2020-09-24T22:11	85.96154	56.84751	5.693	241.3
2020-09-24T22:21	85.96312	56.60943	6.062	275.5
2020-09-24T22:31	85.95785	56.38166	6.081	251.9
2020-09-24T22:41	85.95044	56.20395	5.244	239.5
2020-09-24T22:51	85.94651	55.98715	5.694	255.7
2020-09-24T23:01	85.94654	55.73292	6.470	270.2
2020-09-24T23:11	85.93561	55.54946	6.112	230.0
2020-09-24T23:21	85.92824	55.35340	5.667	242.2
2020-09-24T23:31	85.92992	55.18733	4.287	278.2
2020-09-24T23:41	85.93120	54.96154	5.788	274.7
2020-09-24T23:51	85.93136	54.75423	5.296	270.7
2020-09-25T00:01	85.93867	54.61288	4.465	306.2
2020-09-25T00:11	85.93990	54.41606	5.038	275.1
2020-09-25T00:21	85.93536	54.17072	6.467	255.5
2020-09-25T00:31	85.93540	53.99217	4.557	270.3
2020-09-25T00:41	85.94292	53.84916	4.543	306.7
2020-09-25T00:51	85.95080	53.65887	5.612	300.4
2020-09-25T01:01	85.95736	53.42388	6.419	291.7
2020-09-25T01:11	85.97040	53.23270	6.748	314.2
2020-09-25T01:21	85.98496	53.06843	6.684	321.7
2020-09-25T01:31	85.98875	53.03233	1.640	326.3
2020-09-25T01:41	86.00121	52.91885	5.316	327.6
2020-09-25T01:51	85.99229	52.74658	5.391	233.5
2020-09-25T02:01	85.99446	52.55398	4.908	279.2
2020-09-25T02:11	85.99103	52.32535	5.884	258.0
2020-09-25T02:21	85.99928	52.15841	5.143	305.4
2020-09-25T02:31	86.00202	51.90750	6.378	279.0
2020-09-25T02:41	85.99367	51.70322	5.950	239.7
2020-09-25T02:51	85.98580	51.48599	6.159	242.7
2020-09-25T03:01	85.98563	51.27199	5.394	269.4
2020-09-25T03:11	85.99547	51.15617	4.588	320.6
2020-09-25T03:21	85.99963	51.01331	3.890	292.7
2020-09-25T03:31	86.00138	51.00102	0.703	334.0
2020-09-25T03:41	86.00616	50.87118	3.684	297.9
2020-09-25T03:51	86.00523	50.67236	4.997	266.3
2020-09-25T04:01	85.99761	50.44500	6.333	244.4
2020-09-25T04:11	86.00169	50.28861	4.194	290.6
2020-09-25T04:21	85.99859	50.17099	3.158	249.3
2020-09-25T04:31	86.00084	50.19287	0.980	34.1
2020-09-25T04:41	86.00192	50.19439	0.388	5.6
2020-09-25T04:51	86.00133	50.16422	0.786	254.5
2020-09-25T05:01	86.00236	50.16612	0.375	7.3
2020-09-25T05:11	86.00250	50.15153	0.369	277.7
2020-09-25T05:21	85.99466	49.96868	5.392	238.5
2020-09-25T05:31	85.99410	49.78129	4.717	267.7
2020-09-25T05:41	85.99813	49.70704	2.364	307.9
2020-09-25T05:51	85.99833	49.72793	0.529	82.4
2020-09-25T06:01	86.00460	49.62674	3.400	311.7
2020-09-25T06:11	86.00678	49.51524	2.904	285.7
2020-09-25T06:21	86.00671	49.50359	0.293	264.9
2020-09-25T06:31	85.99992	49.43057	3.055	216.9
2020-09-25T06:41	85.99536	49.26884	4.383	248.1
2020-09-25T06:51	85.99600	49.27341	0.257	26.5
2020-09-25T07:01	85.99379	49.16533	2.832	253.7
2020-09-25T07:11	85.98090	49.01930	5.923	218.5
2020-09-25T07:21	85.97538	48.80786	5.697	249.7
2020-09-25T07:31	85.97516	48.74017	1.712	267.4
2020-09-25T07:41	85.97604	48.77859	1.021	71.9
2020-09-25T07:51	85.97612	48.74558	0.834	271.9
2020-09-25T08:01	85.97592	48.69207	1.354	267.1
2020-09-25T08:11	85.96977	48.49022	5.564	246.6
2020-09-25T08:21	85.96166	48.42440	3.363	209.8
2020-09-25T08:31	85.96107	48.43221	0.290	137.0
2020-09-25T08:41	85.96097	48.43691	0.124	106.6
2020-09-25T08:51	85.96027	48.44651	0.352	136.2
2020-09-25T09:01	85.96007	48.45284	0.175	113.5
2020-09-25T09:11	85.95992	48.45513	0.081	134.0
2020-09-25T09:21	85.95994	48.45358	0.040	283.1
2020-09-25T09:31	85.95972	48.45681	0.116	134.8
2020-09-25T09:41	85.95961	48.45564	0.050	216.7
2020-09-25T09:51	85.95919	48.45868	0.169	152.8
2020-09-25T10:01	85.95903	48.45737	0.067	209.7
2020-09-25T10:11	85.95892	48.45312	0.115	250.1
2020-09-25T10:21	85.95818	48.45739	0.289	158.0
2020-09-25T10:31	85.95762	48.45837	0.200	172.8
2020-09-25T10:41	85.95728	48.45660	0.133	199.7
2020-09-25T10:51	85.95708	48.45189	0.138	239.9
2020-09-25T11:01	85.95700	48.44759	0.113	254.2
2020-09-25T11:11	85.95691	48.44244	0.134	256.7
2020-09-25T11:21	85.95685	48.43563	0.174	262.4
2020-09-25T11:31	85.95658	48.43006	0.171	235.8
2020-09-25T11:41	85.95596	48.43079	0.224	175.2
2020-09-25T11:51	85.95590	48.42707	0.097	256.8
2020-09-25T12:01	85.95607	48.41550	0.300	282.2
2020-09-25T12:11	85.95595	48.40694	0.222	258.5
2020-09-25T12:21	85.95546	48.40580	0.179	189.3
2020-09-25T12:31	85.95510	48.40006	0.195	228.4
2020-09-25T12:41	85.95522	48.39107	0.232	280.7
2020-09-25T12:51	85.95524	48.38333	0.197	271.9
2020-09-25T13:01	85.95516	48.37722	0.157	260.1
2020-09-25T13:11	85.95497	48.37447	0.098	225.2
2020-09-25T13:21	85.95471	48.37127	0.124	221.0
2020-09-25T13:31	85.95507	48.36226	0.264	299.7
2020-09-25T13:41	85.95514	48.35646	0.149	278.5
2020-09-25T13:51	85.95508	48.35147	0.128	261.6
2020-09-25T14:01	85.95526	48.34779	0.114	304.7
2020-09-25T14:11	85.95561	48.34292	0.175	315.0
2020-09-25T14:21	85.95580	48.33827	0.137	300.9
2020-09-25T14:31	85.95507	48.34242	0.284	158.2
2020-09-25T14:41	85.95483	48.34555	0.117	137.1
2020-09-25T14:51	85.95533	48.34305	0.192	340.6
2020-09-25T15:01	85.95600	48.34013	0.249	342.7
2020-09-25T15:11	85.95647	48.34010	0.170	359.7
2020-09-25T15:21	85.95650	48.34070	0.019	53.5
2020-09-25T15:31	85.95661	48.34168	0.046	32.5
2020-09-25T15:41	85.95958	48.32633	1.139	340.0
2020-09-25T15:51	85.96102	48.14093	4.731	276.4
2020-09-25T16:01	85.95828	47.90941	5.956	260.6
2020-09-25T16:11	85.95211	47.72113	5.273	245.2
2020-09-25T16:21	85.95708	47.49326	6.059	287.3
2020-09-25T16:31	85.95526	47.27951	5.467	263.2
2020-09-25T16:41	85.95477	47.11576	4.163	267.7
2020-09-25T16:51	85.96109	46.90517	5.808	293.2
2020-09-25T17:01	85.96278	46.67923	5.761	276.2
2020-09-25T17:11	85.96803	46.45231	6.051	288.3
2020-09-25T17:21	85.97181	46.20509	6.402	282.4
2020-09-25T17:31	85.98397	46.11099	4.980	331.5
2020-09-25T17:41	85.99553	45.95142	5.786	316.1
2020-09-25T17:51	85.99417	45.75105	5.062	264.6
2020-09-25T18:01	85.99146	45.53052	5.634	260.1
2020-09-25T18:11	85.98556	45.28319	6.582	251.3
2020-09-25T18:21	85.98120	45.04561	6.194	255.4
2020-09-25T18:31	85.97758	44.87863	4.412	252.9
2020-09-25T18:41	85.96290	44.73293	6.443	215.0
2020-09-25T18:51	85.95254	44.59617	5.095	223.0
2020-09-25T19:01	85.95692	44.38156	5.675	286.2
2020-09-25T19:11	85.96587	44.13943	6.934	297.8
2020-09-25T19:21	85.97249	43.92395	5.953	293.7
2020-09-25T19:31	85.98350	43.76261	5.684	314.3
2020-09-25T19:41	85.98359	43.74370	0.478	274.1
2020-09-25T19:51	85.98342	43.73023	0.345	259.6
2020-09-25T20:01	85.98303	43.67738	1.341	263.9
2020-09-25T20:11	85.98499	43.51852	4.068	280.1
2020-09-25T20:21	85.98826	43.31172	5.343	282.9
2020-09-25T20:31	85.99303	43.13162	4.848	290.8
2020-09-25T20:41	85.98459	42.93402	5.830	238.7
2020-09-25T20:51	85.98162	42.68278	6.426	260.5
2020-09-25T21:01	85.97907	42.44055	6.182	261.6
2020-09-25T21:11	85.98039	42.19575	6.198	274.5
2020-09-25T21:21	85.98404	41.96433	5.984	282.8
2020-09-25T21:31	85.99343	41.75474	6.268	302.7
2020-09-25T21:41	85.99142	41.53396	5.603	262.7
2020-09-25T21:51	85.98612	41.35452	4.906	247.2
2020-09-25T22:01	85.98890	41.14773	5.305	281.0
2020-09-25T22:11	85.98661	40.92796	5.597	261.7
2020-09-25T22:21	85.98493	40.75762	4.336	262.0
2020-09-25T22:31	85.98393	40.58794	4.293	265.3
2020-09-25T22:41	85.97706	40.51313	3.113	217.4
2020-09-25T22:51	85.97166	40.35960	4.339	243.5
2020-09-25T23:01	85.98109	40.17228	5.823	305.7
2020-09-25T23:11	85.98132	39.96527	5.224	271.0
2020-09-25T23:21	85.98244	39.85586	2.790	278.4
2020-09-25T23:31	85.97767	39.67993	4.761	249.0
2020-09-25T23:41	85.97447	39.47372	5.336	257.6
2020-09-25T23:51	85.97697	39.21266	6.658	277.9
2020-09-26T00:01	85.98410	39.03126	5.248	299.4
2020-09-26T00:11	85.99646	38.82799	6.784	311.1
2020-09-26T00:21	85.99513	38.64850	4.538	264.0
2020-09-26T00:31	85.99384	38.44143	5.229	265.0
2020-09-26T00:41	85.98041	38.30611	5.914	215.3
2020-09-26T00:51	85.96173	38.19668	7.274	202.4
2020-09-26T01:01	85.94821	38.02389	6.555	222.1
2020-09-26T01:11	85.95123	37.79953	5.808	280.9
2020-09-26T01:21	85.96174	37.65649	5.247	316.3
2020-09-26T01:31	85.96239	37.42656	5.834	272.4
2020-09-26T01:41	85.96244	37.26568	4.078	270.3
2020-09-26T01:51	85.96223	37.14276	3.117	268.6
2020-09-26T02:01	85.96467	36.92244	5.653	279.1
2020-09-26T02:11	85.97316	36.73130	5.723	302.4
2020-09-26T02:21	85.98388	36.60409	5.020	320.3
2020-09-26T02:31	85.99897	36.44126	6.807	323.1
2020-09-26T02:41	86.00145	36.19305	6.297	278.2
2020-09-26T02:51	85.98629	36.11633	5.789	199.5
2020-09-26T03:01	85.99211	35.93459	5.035	294.7
2020-09-26T03:11	86.00104	35.72746	6.119	301.8
2020-09-26T03:21	86.01064	35.64859	3.984	330.3
2020-09-26T03:31	86.01341	35.67547	1.203	34.0
2020-09-26T03:41	86.02527	35.74865	4.646	23.1
2020-09-26T03:51	86.02911	35.76695	1.454	18.3
2020-09-26T04:01	86.02902	35.68884	1.948	269.1
2020-09-26T04:11	86.02845	35.69819	0.311	131.4
2020-09-26T04:21	86.03105	35.60086	2.600	291.1
2020-09-26T04:31	86.03084	35.59951	0.082	204.1
2020-09-26T04:41	86.03058	35.59875	0.094	191.7
2020-09-26T04:51	86.03035	35.59787	0.087	194.7
2020-09-26T05:01	86.03011	35.59651	0.092	201.7
2020-09-26T05:11	86.02988	35.59411	0.104	215.1
2020-09-26T05:21	86.02961	35.58912	0.156	232.7
2020-09-26T05:31	86.02940	35.58291	0.172	244.0
2020-09-26T05:41	86.02926	35.57664	0.165	251.5
2020-09-26T05:51	86.02917	35.57030	0.161	259.0
2020-09-26T06:01	86.02914	35.56370	0.165	265.7
2020-09-26T06:11	86.02914	35.55683	0.171	270.4
2020-09-26T06:21	86.02917	35.55024	0.165	273.9
2020-09-26T06:31	86.02924	35.54428	0.151	279.6
2020-09-26T06:41	86.02935	35.53852	0.149	285.1
2020-09-26T06:51	86.02950	35.53288	0.150	290.4
2020-09-26T07:01	86.02967	35.52706	0.157	292.9
2020-09-26T07:11	86.02986	35.52159	0.153	296.9
2020-09-26T07:21	86.03008	35.51674	0.145	303.3
2020-09-26T07:31	86.03031	35.51238	0.137	307.5
2020-09-26T07:41	86.03056	35.50853	0.131	313.1
2020-09-26T07:51	86.03082	35.50512	0.127	317.8
2020-09-26T08:01	86.03108	35.50243	0.114	324.0
2020-09-26T08:11	86.03133	35.49979	0.112	324.0
2020-09-26T08:21	86.03155	35.49764	0.097	326.4
2020-09-26T08:31	86.03174	35.49600	0.080	329.4
2020-09-26T08:41	86.03193	35.49479	0.073	335.5
2020-09-26T08:51	86.03209	35.49391	0.063	339.5
2020-09-26T09:01	86.03225	35.49335	0.058	346.0
2020-09-26T09:11	86.03239	35.49315	0.052	354.5
2020-09-26T09:21	86.03251	35.49331	0.043	5.2
2020-09-26T09:31	86.03260	35.49371	0.034	17.1
2020-09-26T09:41	86.03265	35.49439	0.024	44.6
2020-09-26T09:51	86.03268	35.49553	0.031	67.8
2020-09-26T10:01	86.03269	35.49686	0.033	84.6
2020-09-26T10:11	86.03266	35.49846	0.042	105.5
2020-09-26T10:21	86.03259	35.50040	0.054	117.1
2020-09-26T10:31	86.03250	35.50259	0.064	120.9
2020-09-26T10:41	86.03239	35.50478	0.067	125.2
2020-09-26T10:51	86.03224	35.50727	0.082	130.8
2020-09-26T11:01	86.03203	35.51013	0.104	136.9
2020-09-26T11:11	86.03178	35.51327	0.119	138.6
2020-09-26T11:21	86.03150	35.51665	0.131	140.2
2020-09-26T11:31	86.03120	35.52042	0.145	139.7
2020-09-26T11:41	86.03085	35.52427	0.158	142.7
2020-09-26T11:51	86.03045	35.52864	0.179	142.5
2020-09-26T12:01	86.03001	35.53323	0.196	144.3
2020-09-26T12:11	86.02991	35.51907	0.355	264.2
2020-09-26T12:21	86.01924	35.39487	4.937	219.0
2020-09-26T12:31	86.00256	35.51649	6.734	153.0
2020-09-26T12:41	85.99942	35.31762	5.120	257.3
2020-09-26T12:51	85.99775	35.13847	4.541	262.5
2020-09-26T13:01	85.99790	35.09339	1.134	272.8
2020-09-26T13:11	85.99824	35.04187	1.300	275.4
2020-09-26T13:21	85.99738	35.05298	0.417	138.0
2020-09-26T13:31	85.99650	35.02136	0.856	248.2
2020-09-26T13:41	85.99592	35.03395	0.379	123.3
2020-09-26T13:51	85.99461	35.02615	0.512	202.6
2020-09-26T14:01	85.99141	35.00158	1.308	208.2
2020-09-26T14:11	85.98995	34.99555	0.546	196.2
2020-09-26T14:21	85.98414	34.84801	4.265	240.7
2020-09-26T14:31	85.99547	34.62410	6.960	306.0
2020-09-26T14:41	86.00290	34.43265	5.503	299.2
2020-09-26T14:51	86.01092	34.20987	6.288	297.5
2020-09-26T15:01	86.01796	33.97301	6.446	293.3
2020-09-26T15:11	86.02607	33.75326	6.217	298.1
2020-09-26T15:21	86.02741	33.49425	6.480	274.4
2020-09-26T15:31	86.02265	33.28250	5.555	252.2
2020-09-26T15:41	86.01977	33.02335	6.557	261.0
2020-09-26T15:51	86.01073	32.81487	6.147	238.2
2020-09-26T16:01	86.00334	32.59428	6.139	244.4
2020-09-26T16:11	86.00227	32.32652	6.731	266.9
2020-09-26T16:21	85.98734	32.17283	6.621	215.8
2020-09-26T16:31	85.97410	31.99282	6.586	223.7
2020-09-26T16:41	85.95796	31.93139	6.014	195.0
2020-09-26T16:51	85.94556	31.94303	4.473	176.2
2020-09-26T17:01	85.93035	31.97351	5.533	171.9
2020-09-26T17:11	85.91669	31.94069	4.988	189.7
2020-09-26T17:21	85.90143	32.05855	6.274	151.1
2020-09-26T17:31	85.88916	31.87523	6.468	227.0
2020-09-26T17:41	85.87339	31.86064	5.690	183.8
2020-09-26T17:51	85.86050	31.68089	6.581	225.2
2020-09-26T18:01	85.84904	31.47921	6.677	231.9
2020-09-26T18:11	85.83207	31.48028	6.111	179.7
2020-09-26T18:21	85.81413	31.53289	6.603	167.9
2020-09-26T18:31	85.79683	31.60973	6.549	162.0
2020-09-26T18:41	85.78059	31.67809	6.120	162.8
2020-09-26T18:51	85.76893	31.72628	4.390	163.0
2020-09-26T19:01	85.75142	31.70800	6.322	184.4
2020-09-26T19:11	85.73442	31.79966	6.595	158.1
2020-09-26T19:21	85.72378	31.81199	3.845	175.1
2020-09-26T19:31	85.70601	31.83843	6.436	173.6
2020-09-26T19:41	85.69144	31.94612	5.997	150.9
2020-09-26T19:51	85.67424	31.99018	6.308	169.1
2020-09-26T20:01	85.65564	32.03405	6.803	169.9
2020-09-26T20:11	85.63936	32.05098	5.880	175.5
2020-09-26T20:21	85.62516	31.97527	5.516	202.1
2020-09-26T20:31	85.61073	31.82029	6.723	219.4
2020-09-26T20:41	85.59273	31.78458	6.554	188.7
2020-09-26T20:51	85.57837	31.90878	6.212	146.3
2020-09-26T21:01	85.56730	32.08091	6.226	129.7
2020-09-26T21:11	85.55198	32.08431	5.517	179.0
2020-09-26T21:21	85.54532	31.87173	6.407	248.1
2020-09-26T21:31	85.53268	31.76934	5.377	212.3
2020-09-26T21:41	85.51430	31.85659	7.059	159.6
2020-09-26T21:51	85.49778	31.81270	6.075	191.8
2020-09-26T22:01	85.48224	31.66046	7.062	217.7
2020-09-26T22:11	85.46269	31.63721	7.071	185.4
2020-09-26T22:21	85.44262	31.64131	7.225	179.1
2020-09-26T22:31	85.42370	31.63664	6.814	181.1
2020-09-26T22:41	85.40542	31.69616	6.800	165.4
2020-09-26T22:51	85.38855	31.80705	6.869	152.1
2020-09-26T23:01	85.36969	31.88227	7.133	162.2
2020-09-26T23:11	85.34872	31.93775	7.720	167.9
2020-09-26T23:21	85.32765	31.93902	7.587	179.7
2020-09-26T23:31	85.30826	31.87243	7.252	195.7
2020-09-26T23:41	85.29012	31.85849	6.545	183.6
2020-09-26T23:51	85.27172	31.92119	6.879	164.3
2020-09-27T00:01	85.25568	32.05170	6.958	146.0
2020-09-27T00:11	85.23553	32.09414	7.364	170.1
2020-09-27T00:21	85.21544	32.14922	7.418	167.1
2020-09-27T00:31	85.19791	32.06339	6.821	202.3
2020-09-27T00:41	85.18005	31.96404	7.094	205.1
2020-09-27T00:51	85.15975	31.93946	7.348	185.8
2020-09-27T01:01	85.14628	31.78787	6.691	223.6
2020-09-27T01:11	85.12651	31.73949	7.272	191.7
2020-09-27T01:21	85.10648	31.70539	7.285	188.3
2020-09-27T01:31	85.08914	31.67965	6.294	187.2
2020-09-27T01:41	85.07001	31.66596	6.901	183.5
2020-09-27T01:51	85.04980	31.60850	7.494	193.8
2020-09-27T02:01	85.02981	31.62099	7.205	176.9
2020-09-27T02:11	85.01086	31.67166	7.007	166.9
2020-09-27T02:21	84.99138	31.68459	7.024	176.7
2020-09-27T02:31	84.97258	31.70342	6.795	175.0
2020-09-27T02:41	84.95561	31.63326	6.501	200.0
2020-09-27T02:51	84.93847	31.53252	6.949	207.4
2020-09-27T03:01	84.92023	31.48525	6.735	192.9
2020-09-27T03:11	84.90057	31.54280	7.315	165.4
2020-09-27T03:21	84.88136	31.60092	7.161	164.9
2020-09-27T03:31	84.86293	31.65089	6.829	166.4
2020-09-27T03:41	84.84492	31.66688	6.507	175.4
2020-09-27T03:51	84.82976	31.65530	5.468	183.9
2020-09-27T04:01	84.81413	31.67625	5.671	173.1
2020-09-27T04:11	84.80029	31.68421	4.989	177.0
2020-09-27T04:21	84.78548	31.71652	5.437	168.8
2020-09-27T04:31	84.76623	31.75709	7.057	169.1
2020-09-27T04:41	84.75076	31.71886	5.710	192.7
2020-09-27T04:51	84.73347	31.68995	6.298	188.7
2020-09-27T05:01	84.71987	31.69491	4.897	178.1
2020-09-27T05:11	84.70204	31.68781	6.427	182.1
2020-09-27T05:21	84.68322	31.69923	6.786	176.8
2020-09-27T05:31	84.66476	31.67678	6.688	186.5
2020-09-27T05:41	84.64996	31.62931	5.561	196.7
2020-09-27T05:51	84.63267	31.61503	6.245	184.4
2020-09-27T06:01	84.61484	31.62275	6.423	177.7
2020-09-27T06:11	84.60270	31.68948	4.921	152.7
2020-09-27T06:21	84.60181	31.71850	1.034	108.1
2020-09-27T06:31	84.60136	31.73653	0.632	104.7
2020-09-27T06:41	84.60097	31.75206	0.545	105.1
2020-09-27T06:51	84.60097	31.75714	0.172	89.6
2020-09-27T07:01	84.59832	31.78726	1.397	133.1
2020-09-27T07:11	84.58010	31.81667	6.636	171.3
2020-09-27T07:21	84.56077	31.83452	6.985	175.0
2020-09-27T07:31	84.54132	31.83612	7.003	179.6
2020-09-27T07:41	84.52200	31.80851	7.020	187.8
2020-09-27T07:51	84.50294	31.76271	7.044	193.0
2020-09-27T08:01	84.48344	31.73919	7.066	186.6
2020-09-27T08:11	84.46375	31.75730	7.116	174.9
2020-09-27T08:21	84.44619	31.76941	6.336	176.2
2020-09-27T08:31	84.42907	31.78845	6.202	173.8
2020-09-27T08:41	84.41161	31.81878	6.375	170.4
2020-09-27T08:51	84.39793	31.85234	5.062	166.5
2020-09-27T09:01	84.38045	31.91442	6.663	160.8
2020-09-27T09:11	84.36429	31.98650	6.349	156.3
2020-09-27T09:21	84.34582	32.03542	6.872	165.4
2020-09-27T09:31	84.32721	32.06992	6.814	169.6
2020-09-27T09:41	84.30813	32.10226	6.966	170.5
2020-09-27T09:51	84.28882	32.12102	6.984	174.5
2020-09-27T10:01	84.26976	32.16104	7.013	168.2
2020-09-27T10:11	84.25101	32.18930	6.825	171.4
2020-09-27T10:21	84.23187	32.19938	6.904	177.0
2020-09-27T10:31	84.21329	32.20369	6.692	178.7
2020-09-27T10:41	84.19328	32.20571	7.202	179.4
2020-09-27T10:51	84.17423	32.20548	6.860	180.1
2020-09-27T11:01	84.15483	32.20783	6.986	179.3
2020-09-27T11:11	84.13532	32.20891	7.022	179.7
2020-09-27T11:21	84.11609	32.20967	6.925	179.8
2020-09-27T11:31	84.09673	32.20992	6.972	179.9
2020-09-27T11:41	84.07735	32.20887	6.976	180.3
2020-09-27T11:51	84.05802	32.20811	6.960	180.2
2020-09-27T12:01	84.03889	32.20683	6.891	180.4
2020-09-27T12:11	84.01994	32.20502	6.823	180.6
2020-09-27T12:21	84.00058	32.20177	6.970	181.0
2020-09-27T12:31	83.98132	32.19621	6.937	181.7
2020-09-27T12:41	83.96231	32.18931	6.852	182.2
2020-09-27T12:51	83.94344	32.18288	6.798	182.1
2020-09-27T13:01	83.92419	32.17698	6.934	181.9
2020-09-27T13:11	83.90456	32.17066	7.072	182.0
2020-09-27T13:21	83.88474	32.16395	7.139	182.1
2020-09-27T13:31	83.86505	32.15770	7.093	181.9
2020-09-27T13:41	83.84594	32.15172	6.885	181.9
2020-09-27T13:51	83.82732	32.14676	6.708	181.6
2020-09-27T14:01	83.80862	32.14149	6.735	181.7
2020-09-27T14:11	83.78988	32.13701	6.748	181.5
2020-09-27T14:21	83.76956	32.13094	7.320	181.9
2020-09-27T14:31	83.74990	32.12016	7.093	183.4
2020-09-27T14:41	83.73060	32.11522	6.951	181.6
2020-09-27T14:51	83.71180	32.11146	6.771	181.3
2020-09-27T15:01	83.69156	32.10270	7.293	182.7
2020-09-27T15:11	83.67280	32.09416	6.765	182.9
2020-09-27T15:21	83.65308	32.08407	7.110	183.2
2020-09-27T15:31	83.63267	32.07371	7.361	183.2
2020-09-27T15:41	83.61275	32.06755	7.177	182.0
2020-09-27T15:51	83.59252	32.06275	7.285	181.5
2020-09-27T16:01	83.57245	32.06180	7.228	180.3
2020-09-27T16:11	83.55244	32.06289	7.203	179.7
2020-09-27T16:21	83.53255	32.06392	7.163	179.7
2020-09-27T16:31	83.51259	32.06627	7.187	179.2
2020-09-27T16:41	83.49235	32.06959	7.286	178.9
2020-09-27T16:51	83.47219	32.07237	7.261	179.1
2020-09-27T17:01	83.45186	32.07210	7.321	180.1
2020-09-27T17:11	83.43194	32.07365	7.172	179.5
2020-09-27T17:21	83.41235	32.07366	7.053	180.0
2020-09-27T17:31	83.39281	32.07320	7.034	180.2
2020-09-27T17:41	83.37293	32.07206	7.157	180.4
2020-09-27T17:51	83.35298	32.07222	7.183	179.9
2020-09-27T18:01	83.33290	32.07209	7.232	180.0
2020-09-27T18:11	83.31297	32.06957	7.177	180.8
2020-09-27T18:21	83.29331	32.06442	7.081	181.8
2020-09-27T18:31	83.27358	32.06516	7.104	179.7
2020-09-27T18:41	83.25395	32.06677	7.069	179.4
2020-09-27T18:51	83.23407	32.06859	7.157	179.4
2020-09-27T19:01	83.21415	32.07029	7.173	179.4
2020-09-27T19:11	83.21331	32.02889	1.787	260.3
2020-09-27T19:21	83.23205	32.00963	6.797	353.1
2020-09-27T19:31	83.24945	31.96271	6.571	342.4
2020-09-27T19:41	83.24983	31.94963	0.571	284.0
2020-09-27T19:51	83.25053	31.95894	0.466	57.7
2020-09-27T20:01	83.25137	31.97580	0.776	66.9
2020-09-27T20:11	83.25187	31.99166	0.694	75.0
2020-09-27T20:21	83.25232	32.00285	0.501	71.0
2020-09-27T20:31	83.25272	32.01310	0.457	71.6
2020-09-27T20:41	83.25296	32.03087	0.757	83.5
2020-09-27T20:51	83.25312	32.04477	0.591	84.5
2020-09-27T21:01	83.25309	32.05017	0.228	92.1
2020-09-27T21:11	83.25316	32.05451	0.185	82.6
2020-09-27T21:21	83.25323	32.06189	0.313	85.6
2020-09-27T21:31	83.25342	32.07580	0.592	83.3
2020-09-27T21:41	83.25366	32.08898	0.564	81.2
2020-09-27T21:51	83.25409	32.09411	0.268	54.1
2020-09-27T22:01	83.25453	32.09766	0.217	43.7
2020-09-27T22:11	83.25495	32.10077	0.201	41.0
2020-09-27T22:21	83.25520	32.10210	0.107	31.9
2020-09-27T22:31	83.25527	32.10375	0.074	69.8
2020-09-27T22:41	83.25530	32.11148	0.327	88.5
2020-09-27T22:51	83.25520	32.12079	0.395	95.3
2020-09-27T23:01	83.25513	32.13446	0.579	92.2
2020-09-27T23:11	83.25499	32.15136	0.717	94.2
2020-09-27T23:21	83.25513	32.11293	1.626	271.8
2020-09-27T23:31	83.26573	31.97543	6.951	303.4
2020-09-27T23:41	83.27631	31.84031	6.856	303.8
2020-09-27T23:51	83.28686	31.70216	6.950	303.2
2020-09-28T00:01	83.29717	31.56564	6.836	302.9
2020-09-28T00:11	83.30739	31.42949	6.800	302.8
2020-09-28T00:21	83.31751	31.29362	6.762	302.7
2020-09-28T00:31	83.32773	31.15472	6.882	302.4
2020-09-28T00:41	83.33843	31.01098	7.136	302.7
2020-09-28T00:51	83.34914	30.86851	7.087	303.0
2020-09-28T01:01	83.35894	30.72486	6.950	300.6
2020-09-28T01:11	83.36859	30.57441	7.159	299.1
2020-09-28T01:21	83.37604	30.41160	7.278	291.7
2020-09-28T01:31	83.37698	30.22805	7.630	272.6
2020-09-28T01:41	83.37427	30.04550	7.645	262.8
2020-09-28T01:51	83.37192	29.86501	7.547	263.7
2020-09-28T02:01	83.36961	29.68241	7.635	263.8
2020-09-28T02:11	83.36797	29.49631	7.760	265.7
2020-09-28T02:21	83.36648	29.30811	7.845	266.2
2020-09-28T02:31	83.36579	29.11670	7.965	268.3
2020-09-28T02:41	83.36514	28.92244	8.084	268.4
2020-09-28T02:51	83.36171	28.73746	7.796	261.0
2020-09-28T03:01	83.35726	28.55652	7.702	258.1
2020-09-28T03:11	83.35228	28.37933	7.597	256.4
2020-09-28T03:21	83.34736	28.20601	7.441	256.3
2020-09-28T03:31	83.34242	28.03459	7.370	256.1
2020-09-28T03:41	83.33708	27.85945	7.562	255.3
2020-09-28T03:51	83.33149	27.68604	7.521	254.6
2020-09-28T04:01	83.32556	27.51639	7.410	253.3
2020-09-28T04:11	83.32000	27.34843	7.311	254.2
2020-09-28T04:21	83.31453	27.17992	7.331	254.5
2020-09-28T04:31	83.30917	27.01146	7.323	254.8
2020-09-28T04:41	83.30395	26.85011	7.027	254.6
2020-09-28T04:51	83.29857	26.68482	7.207	254.5
2020-09-28T05:01	83.29306	26.51504	7.407	254.5
2020-09-28T05:11	83.28780	26.34848	7.258	254.9
2020-09-28T05:21	83.28210	26.19047	6.961	252.9
2020-09-28T05:31	83.27022	26.04600	7.444	235.0
2020-09-28T05:41	83.25561	25.91984	7.486	225.4
2020-09-28T05:51	83.24167	25.79106	7.410	227.4
2020-09-28T06:01	83.22846	25.65508	7.475	230.6
2020-09-28T06:11	83.21548	25.52321	7.299	230.2
2020-09-28T06:21	83.20239	25.39035	7.361	230.3
2020-09-28T06:31	83.18926	25.25661	7.411	230.4
2020-09-28T06:41	83.17585	25.12189	7.513	230.1
2020-09-28T06:51	83.16343	24.99677	6.980	230.2
2020-09-28T07:01	83.16182	24.98196	0.859	227.7
2020-09-28T07:11	83.16177	24.98700	0.217	94.2
2020-09-28T07:21	83.16197	24.99238	0.241	72.9
2020-09-28T07:31	83.16213	24.99797	0.246	76.7
2020-09-28T07:41	83.16230	25.00499	0.307	78.4
2020-09-28T07:51	83.16246	25.01177	0.296	78.9
2020-09-28T08:01	83.16253	25.01859	0.294	84.9
2020-09-28T08:11	83.16224	25.02619	0.342	107.7
2020-09-28T08:21	83.16217	25.03285	0.287	95.2
2020-09-28T08:31	83.16207	25.04014	0.315	96.5
2020-09-28T08:41	83.16198	25.04703	0.297	96.4
2020-09-28T08:51	83.16180	25.05471	0.335	100.8
2020-09-28T09:01	83.16154	25.06352	0.390	104.3
2020-09-28T09:11	83.16128	25.07241	0.392	103.5
2020-09-28T09:21	83.16091	25.08092	0.388	109.9
2020-09-28T09:31	83.16050	25.08930	0.389	112.5
2020-09-28T09:41	83.16005	25.09791	0.403	113.6
2020-09-28T09:51	83.15960	25.10663	0.408	113.7
2020-09-28T10:01	83.15906	25.11497	0.406	118.2
2020-09-28T10:11	83.15846	25.12314	0.412	121.6
2020-09-28T10:21	83.15787	25.13130	0.410	121.4
2020-09-28T10:31	83.15725	25.13968	0.423	121.8
2020-09-28T10:41	83.15658	25.14841	0.446	122.8
2020-09-28T10:51	83.15578	25.15722	0.474	127.2
2020-09-28T11:01	83.15484	25.16578	0.500	132.6
2020-09-28T11:11	83.15399	25.17315	0.442	134.3
2020-09-28T11:21	83.15312	25.17928	0.409	140.0
2020-09-28T11:31	83.15217	25.18653	0.461	137.5
2020-09-28T11:41	83.15125	25.19570	0.514	130.0
2020-09-28T11:51	83.15034	25.20276	0.446	137.2
2020-09-28T12:01	83.14943	25.20966	0.444	138.1
2020-09-28T12:11	83.14846	25.21615	0.446	141.3
2020-09-28T12:21	83.14745	25.22196	0.440	145.5
2020-09-28T12:31	83.14650	25.22420	0.354	164.3
2020-09-28T12:41	83.14556	25.22893	0.396	149.1
2020-09-28T12:51	83.14462	25.23533	0.435	140.8
2020-09-28T13:01	83.14364	25.24284	0.479	137.6
2020-09-28T13:11	83.14266	25.24769	0.408	149.3
2020-09-28T13:21	83.14174	25.24735	0.331	182.5
2020-09-28T13:31	83.13892	25.17085	3.444	252.8
2020-09-28T13:41	83.13188	24.99801	7.857	251.3
2020-09-28T13:51	83.12523	24.83727	7.327	251.0
2020-09-28T14:01	83.11875	24.68030	7.159	251.1
2020-09-28T14:11	83.11134	24.53504	6.814	247.0
2020-09-28T14:21	83.10114	24.40782	6.612	236.3
2020-09-28T14:31	83.09212	24.26284	7.063	242.7
2020-09-28T14:41	83.08431	24.13448	6.232	243.2
2020-09-28T14:51	83.07589	24.00352	6.440	242.0
2020-09-28T15:01	83.06690	23.87863	6.318	239.2
2020-09-28T15:11	83.05726	23.73958	6.973	240.2
2020-09-28T15:21	83.04747	23.59993	7.029	240.0
2020-09-28T15:31	83.03760	23.45774	7.148	240.2
2020-09-28T15:41	83.02777	23.31676	7.102	240.2
2020-09-28T15:51	83.01888	23.19295	6.288	239.5
2020-09-28T16:01	83.01116	23.09265	5.197	237.7
2020-09-28T16:11	83.00299	23.03482	3.885	220.8
2020-09-28T16:21	82.99043	23.01915	4.574	188.7
2020-09-28T16:31	82.97965	23.00054	3.965	191.9
2020-09-28T16:41	82.96849	22.99633	4.023	182.6
2020-09-28T16:51	82.95888	22.98726	3.482	186.6
2020-09-28T17:01	82.95463	22.97019	1.706	206.2
2020-09-28T17:11	82.95223	22.95985	0.978	207.8
2020-09-28T17:21	82.94595	22.91955	2.879	218.2
2020-09-28T17:31	82.93572	22.85214	4.738	219.0
2020-09-28T17:41	82.92236	22.77943	5.792	213.8
2020-09-28T17:51	82.90824	22.70148	6.149	214.3
2020-09-28T18:01	82.89393	22.62170	6.257	214.6
2020-09-28T18:11	82.87881	22.53803	6.600	214.5
2020-09-28T18:21	82.86403	22.45543	6.476	214.8
2020-09-28T18:31	82.84893	22.37252	6.584	214.4
2020-09-28T18:41	82.83413	22.29210	6.436	214.1
2020-09-28T18:51	82.81846	22.20584	6.844	214.6
2020-09-28T19:01	82.80261	22.11874	6.928	214.6
2020-09-28T19:11	82.78688	22.02412	7.094	217.1
2020-09-28T19:21	82.77523	21.89643	7.139	234.1
2020-09-28T19:31	82.76389	21.77254	6.941	234.0
2020-09-28T19:41	82.75218	21.64662	7.103	233.6
2020-09-28T19:51	82.74079	21.51964	7.080	234.7
2020-09-28T20:01	82.72978	21.39959	6.752	234.1
2020-09-28T20:11	82.71866	21.27878	6.811	234.0
2020-09-28T20:21	82.70743	21.15691	6.879	234.1
2020-09-28T20:31	82.69619	21.03578	6.860	233.9
2020-09-28T20:41	82.68476	20.91262	6.984	233.9
2020-09-28T20:51	82.67377	20.79317	6.760	234.2
2020-09-28T21:01	82.66382	20.68842	5.998	233.4
2020-09-28T21:11	82.65287	20.57223	6.644	233.6
2020-09-28T21:21	82.64188	20.45376	6.741	234.1
2020-09-28T21:31	82.63096	20.33593	6.711	234.2
2020-09-28T21:41	82.61971	20.21469	6.914	234.2
2020-09-28T21:51	82.60840	20.09472	6.886	233.8
2020-09-28T22:01	82.59712	19.97732	6.791	233.3
2020-09-28T22:11	82.58565	19.85989	6.839	232.9
2020-09-28T22:21	82.57429	19.74441	6.751	232.8
2020-09-28T22:31	82.56265	19.62304	7.035	233.5
2020-09-28T22:41	82.55177	19.50973	6.578	233.5
2020-09-28T22:51	82.54367	19.37932	6.753	244.5
2020-09-28T23:01	82.53605	19.25007	6.635	245.7
2020-09-28T23:11	82.52794	19.12209	6.664	244.1
2020-09-28T23:21	82.51823	19.00624	6.456	237.3
2020-09-28T23:31	82.50414	18.90245	7.032	223.9
2020-09-28T23:41	82.49198	18.79285	6.761	229.7
2020-09-28T23:51	82.48020	18.68135	6.749	231.1
2020-09-29T00:01	82.46974	18.57286	6.351	233.7
2020-09-29T00:11	82.46068	18.44968	6.668	240.8
2020-09-29T00:21	82.45309	18.33087	6.246	244.1
2020-09-29T00:31	82.44536	18.21164	6.291	243.8
2020-09-29T00:41	82.43757	18.09379	6.247	243.4
2020-09-29T00:51	82.42973	17.97556	6.275	243.3
2020-09-29T01:01	82.42139	17.84976	6.684	243.4
2020-09-29T01:11	82.41272	17.71601	7.079	243.9
2020-09-29T01:21	82.40399	17.58256	7.083	243.7
2020-09-29T01:31	82.39489	17.44831	7.184	242.9
2020-09-29T01:41	82.38588	17.31764	7.025	242.5
2020-09-29T01:51	82.37689	17.18719	7.017	242.6
2020-09-29T02:01	82.36790	17.05145	7.250	243.6
2020-09-29T02:11	82.36244	16.89985	7.514	254.9
2020-09-29T02:21	82.35822	16.75509	7.094	257.7
2020-09-29T02:31	82.35395	16.60669	7.272	257.9
2020-09-29T02:41	82.34962	16.45613	7.381	257.9
2020-09-29T02:51	82.34505	16.30478	7.441	257.3
2020-09-29T03:01	82.34037	16.15542	7.361	256.8
2020-09-29T03:11	82.33639	16.00666	7.283	258.7
2020-09-29T03:21	82.33273	15.86248	7.049	259.3
2020-09-29T03:31	82.32389	15.74896	6.317	239.8
2020-09-29T03:41	82.31029	15.69581	5.525	207.6
2020-09-29T03:51	82.29420	15.67883	5.852	188.0
2020-09-29T04:01	82.27803	15.64373	6.063	196.3
2020-09-29T04:11	82.26101	15.60600	6.397	196.6
2020-09-29T04:21	82.24852	15.50700	6.579	227.0
2020-09-29T04:31	82.23833	15.39395	6.608	236.3
2020-09-29T04:41	82.22761	15.27761	6.851	235.8
2020-09-29T04:51	82.21620	15.15625	7.199	235.3
2020-09-29T05:01	82.20596	15.04723	6.473	235.3
2020-09-29T05:11	82.19493	14.93372	6.822	234.4
2020-09-29T05:21	82.18326	14.82190	6.899	232.5
2020-09-29T05:31	82.17009	14.72717	6.636	224.4
2020-09-29T05:41	82.15312	14.66296	6.875	207.3
2020-09-29T05:51	82.13639	14.58139	7.239	213.7
2020-09-29T06:01	82.12130	14.50583	6.589	214.5
2020-09-29T06:11	82.10588	14.42735	6.770	215.0
2020-09-29T06:21	82.09071	14.33863	7.010	218.8
2020-09-29T06:31	82.07458	14.25643	7.095	215.1
2020-09-29T06:41	82.05881	14.17443	6.988	215.7
2020-09-29T06:51	82.04212	14.08671	7.430	216.1
2020-09-29T07:01	82.02607	14.00145	7.177	216.4
2020-09-29T07:11	82.01194	13.92322	6.416	217.6
2020-09-29T07:21	81.99623	13.84128	6.989	216.0
2020-09-29T07:31	81.98097	13.76203	6.783	215.9
2020-09-29T07:41	81.96640	13.68533	6.510	216.4
2020-09-29T07:51	81.95168	13.60973	6.526	215.7
2020-09-29T08:01	81.93578	13.52489	7.149	216.8
2020-09-29T08:11	81.91952	13.43871	7.298	216.7
2020-09-29T08:21	81.90381	13.35526	7.060	216.8
2020-09-29T08:31	81.88806	13.26889	7.170	217.7
2020-09-29T08:41	81.87215	13.18160	7.244	217.8
2020-09-29T08:51	81.85630	13.09563	7.195	217.5
2020-09-29T09:01	81.83968	13.00556	7.546	217.6
2020-09-29T09:11	81.82359	12.92001	7.262	217.1
2020-09-29T09:21	81.80780	12.83707	7.098	216.8
2020-09-29T09:31	81.79146	12.75317	7.292	216.3
2020-09-29T09:41	81.77488	12.66793	7.407	216.4
2020-09-29T09:51	81.75830	12.58175	7.441	216.7
2020-09-29T10:01	81.74193	12.49404	7.437	217.6
2020-09-29T10:11	81.72570	12.40807	7.344	217.3
2020-09-29T10:21	81.71008	12.32549	7.071	217.3
2020-09-29T10:31	81.69429	12.24053	7.197	217.9
2020-09-29T10:41	81.67838	12.15596	7.225	217.6
2020-09-29T10:51	81.66256	12.07080	7.222	218.0
2020-09-29T11:01	81.64609	11.99012	7.277	215.4
2020-09-29T11:11	81.62852	11.92285	7.241	209.1
2020-09-29T11:21	81.61090	11.85705	7.221	208.6
2020-09-29T11:31	81.60409	11.82632	2.937	213.4
2020-09-29T11:41	81.60380	11.81447	0.631	260.7
2020-09-29T11:51	81.60313	11.79615	0.993	255.9
2020-09-29T12:01	81.60249	11.77698	1.034	257.1
2020-09-29T12:11	81.60169	11.75647	1.116	255.0
2020-09-29T12:21	81.60107	11.73646	1.076	258.0
2020-09-29T12:31	81.60051	11.71658	1.066	259.0
2020-09-29T12:41	81.60005	11.69655	1.066	261.2
2020-09-29T12:51	81.59974	11.67609	1.082	264.1
2020-09-29T13:01	81.59933	11.65351	1.197	263.0
2020-09-29T13:11	81.59897	11.62880	1.306	264.3
2020-09-29T13:21	81.59845	11.60331	1.354	262.1
2020-09-29T13:31	81.59788	11.57785	1.356	261.2
2020-09-29T13:41	81.58725	11.58198	3.832	176.7
2020-09-29T13:51	81.56623	11.57807	7.570	181.6
2020-09-29T14:01	81.55981	11.59125	2.416	163.2
2020-09-29T14:11	81.56588	11.56562	2.572	328.3
2020-09-29T14:21	81.56940	11.42646	7.456	279.8
2020-09-29T14:31	81.57243	11.29860	6.836	279.2
2020-09-29T14:41	81.57530	11.17253	6.731	278.9
2020-09-29T14:51	81.57718	11.04330	6.850	275.7
2020-09-29T15:01	81.57888	10.91324	6.886	275.2
2020-09-29T15:11	81.58098	10.78153	6.985	276.3
2020-09-29T15:21	81.58167	10.64790	7.048	272.1
2020-09-29T15:31	81.58224	10.51106	7.216	271.7
2020-09-29T15:41	81.58629	10.39265	6.408	283.2
2020-09-29T15:51	81.58969	10.25983	7.102	280.0
2020-09-29T16:01	81.59029	10.11885	7.427	271.7
2020-09-29T16:11	81.58990	9.98311	7.149	268.9
2020-09-29T16:21	81.58973	9.87699	5.589	269.4
2020-09-29T16:31	81.58954	9.73258	7.605	269.6
2020-09-29T16:41	81.58924	9.59502	7.245	269.2
2020-09-29T16:51	81.58882	9.46288	6.961	268.8
2020-09-29T17:01	81.59069	9.33188	6.931	275.6
2020-09-29T17:11	81.59902	9.25894	4.872	308.1
2020-09-29T17:21	81.59957	9.11677	7.481	271.6
2020-09-29T17:31	81.59997	8.97968	7.212	271.2
2020-09-29T17:41	81.60064	8.86844	5.856	272.4
2020-09-29T17:51	81.60063	8.74390	6.550	270.1
2020-09-29T18:01	81.60092	8.62128	6.450	271.0
2020-09-29T18:11	81.60163	8.47873	7.501	272.0
2020-09-29T18:21	81.60210	8.33887	7.357	271.4
2020-09-29T18:31	81.60231	8.20319	7.135	270.6
2020-09-29T18:41	81.60321	8.07490	6.753	272.8
2020-09-29T18:51	81.60355	7.93986	7.101	271.0
2020-09-29T19:01	81.60390	7.79974	7.368	271.1
2020-09-29T19:11	81.60427	7.66094	7.298	271.1
2020-09-29T19:21	81.60563	7.52780	7.016	274.1
2020-09-29T19:31	81.60661	7.42195	5.575	273.7
2020-09-29T19:41	81.60816	7.29420	6.736	274.8
2020-09-29T19:51	81.60969	7.15969	7.089	274.5
2020-09-29T20:01	81.61104	7.02593	7.043	274.0
2020-09-29T20:11	81.61223	6.88838	7.237	273.5
2020-09-29T20:21	81.61377	6.75028	7.274	274.4
2020-09-29T20:31	81.61518	6.61549	7.095	274.2
2020-09-29T20:41	81.61652	6.47925	7.169	273.9
2020-09-29T20:51	81.61808	6.34412	7.115	274.6
2020-09-29T21:01	81.61922	6.21206	6.943	273.5
2020-09-29T21:11	81.62027	6.09093	6.367	273.4
2020-09-29T21:21	81.62026	5.96377	6.672	270.0
2020-09-29T21:31	81.62037	5.84174	6.403	270.4
2020-09-29T21:41	81.62127	5.71681	6.563	272.9
2020-09-29T21:51	81.62143	5.59174	6.562	270.6
2020-09-29T22:01	81.62221	5.46592	6.607	272.5
2020-09-29T22:11	81.62338	5.33712	6.769	273.6
2020-09-29T22:21	81.62389	5.23921	5.139	272.1
2020-09-29T22:31	81.62451	5.13423	5.510	272.4
2020-09-29T22:41	81.62542	5.01154	6.443	273.0
2020-09-29T22:51	81.62633	4.91479	5.084	273.8
2020-09-29T23:01	81.62981	4.82147	5.050	284.4
2020-09-29T23:11	81.63017	4.70341	6.189	271.2
2020-09-29T23:21	81.62798	4.58455	6.280	262.9
2020-09-29T23:31	81.63023	4.51374	3.799	282.4
2020-09-29T23:41	81.63213	4.48549	1.630	294.8
2020-09-29T23:51	81.64277	4.38446	6.532	306.0
2020-09-30T00:01	81.64866	4.26445	6.626	288.7
2020-09-30T00:11	81.65088	4.15234	5.917	277.9
2020-09-30T00:21	81.65075	4.11522	1.941	268.6
2020-09-30T00:31	81.64946	4.09318	1.244	247.9
2020-09-30T00:41	81.64430	4.02379	4.077	242.9
2020-09-30T00:51	81.63984	3.90914	6.211	255.1
2020-09-30T01:01	81.65570	3.85199	6.445	332.4
2020-09-30T01:11	81.66946	3.84458	4.969	355.5
2020-09-30T01:21	81.68467	3.77457	6.583	326.4
2020-09-30T01:31	81.70040	3.68712	7.262	321.3
2020-09-30T01:41	81.71234	3.56529	7.650	304.3
2020-09-30T01:51	81.73035	3.50202	7.269	333.2
2020-09-30T02:01	81.74340	3.40372	6.925	312.8
2020-09-30T02:11	81.74906	3.27304	7.054	286.8
2020-09-30T02:21	81.76207	3.16886	7.134	311.1
2020-09-30T02:31	81.76920	3.04785	6.746	292.4
2020-09-30T02:41	81.77070	2.93994	5.588	275.6
2020-09-30T02:51	81.77828	2.85637	5.097	302.4
2020-09-30T03:01	81.78301	2.85796	1.704	2.8
2020-09-30T03:11	81.78828	2.77325	4.753	293.6
2020-09-30T03:21	81.78558	2.67446	5.173	259.2
2020-09-30T03:31	81.78684	2.56903	5.442	274.8
2020-09-30T03:41	81.78045	2.49034	4.657	240.4
2020-09-30T03:51	81.77931	2.48306	0.554	222.6
2020-09-30T04:01	81.77783	2.45896	1.352	246.6
2020-09-30T04:11	81.77668	2.45709	0.423	193.2
2020-09-30T04:21	81.77545	2.44530	0.751	233.9
2020-09-30T04:31	81.77426	2.44394	0.434	189.2
2020-09-30T04:41	81.77526	2.38493	3.061	276.7
2020-09-30T04:51	81.77470	2.36740	0.925	257.4
2020-09-30T05:01	81.77481	2.33021	1.916	271.3
2020-09-30T05:11	81.75910	2.29671	5.915	197.0
2020-09-30T05:21	81.75091	2.23436	4.365	227.6
2020-09-30T05:31	81.74978	2.21780	0.947	244.6
2020-09-30T05:41	81.74881	2.20343	0.822	244.6
2020-09-30T05:51	81.74829	2.18242	1.102	260.2
2020-09-30T06:01	81.74858	2.15563	1.389	274.4
2020-09-30T06:11	81.74794	2.13577	1.052	257.3
2020-09-30T06:21	81.74776	2.08117	2.822	268.7
2020-09-30T06:31	81.74655	2.05760	1.295	250.3
2020-09-30T06:41	81.74365	1.97313	4.489	256.6
2020-09-30T06:51	81.73185	1.87270	6.712	230.8
2020-09-30T07:01	81.73418	1.74690	6.567	277.4
2020-09-30T07:11	81.73673	1.67768	3.698	284.4
2020-09-30T07:21	81.73555	1.66735	0.683	231.4
2020-09-30T07:31	81.73441	1.65614	0.710	234.9
2020-09-30T07:41	81.73304	1.64708	0.682	223.5
2020-09-30T07:51	81.73137	1.64271	0.642	200.6
2020-09-30T08:01	81.73037	1.63676	0.473	220.7
2020-09-30T08:11	81.72900	1.62795	0.672	222.8
2020-09-30T08:21	81.72763	1.61964	0.656	221.0
2020-09-30T08:31	81.72623	1.61128	0.664	220.7
2020-09-30T08:41	81.72482	1.60273	0.673	221.2
2020-09-30T08:51	81.72344	1.59432	0.662	221.2
2020-09-30T09:01	81.72207	1.58573	0.664	222.0
2020-09-30T09:11	81.72069	1.57708	0.668	222.2
2020-09-30T09:21	81.71931	1.56878	0.658	220.9
2020-09-30T09:31	81.71791	1.56036	0.667	220.9
2020-09-30T09:41	81.71651	1.55181	0.669	221.5
2020-09-30T09:51	81.71514	1.54312	0.670	222.2
2020-09-30T10:01	81.71377	1.53462	0.661	221.8
2020-09-30T10:11	81.71241	1.52608	0.659	222.3
2020-09-30T10:21	81.71110	1.51732	0.655	223.9
2020-09-30T10:31	81.70979	1.50893	0.643	222.6
2020-09-30T10:41	81.70848	1.50051	0.642	223.0
2020-09-30T10:51	81.70718	1.49224	0.635	222.5
2020-09-30T11:01	81.70591	1.48398	0.628	223.2
2020-09-30T11:11	81.70464	1.47571	0.628	223.2
2020-09-30T11:21	81.70336	1.46792	0.613	221.3
2020-09-30T11:31	81.70214	1.45972	0.613	224.0
2020-09-30T11:41	81.70093	1.45139	0.613	224.9
2020-09-30T11:51	81.69972	1.44364	0.594	222.7
2020-09-30T12:01	81.69852	1.43582	0.593	223.3
2020-09-30T12:11	81.69733	1.42787	0.596	223.9
2020-09-30T12:21	81.69617	1.42012	0.580	224.0
2020-09-30T12:31	81.69502	1.41192	0.593	225.9
2020-09-30T12:41	81.69384	1.40404	0.591	223.9
2020-09-30T12:51	81.69265	1.39652	0.580	222.4
2020-09-30T13:01	81.69148	1.38899	0.576	222.9
2020-09-30T13:11	81.69032	1.38156	0.571	222.7
2020-09-30T13:21	81.68918	1.37401	0.566	223.9
2020-09-30T13:31	81.68806	1.36676	0.555	222.9
2020-09-30T13:41	81.68690	1.35980	0.552	221.0
2020-09-30T13:51	81.68571	1.35311	0.552	219.1
2020-09-30T14:01	81.68449	1.34635	0.563	218.7
2020-09-30T14:11	81.68328	1.33954	0.561	219.2
2020-09-30T14:21	81.68203	1.33286	0.570	217.7
2020-09-30T14:31	81.68079	1.32680	0.546	215.3
2020-09-30T14:41	81.67961	1.32117	0.518	214.5
2020-09-30T14:51	81.67843	1.31562	0.512	214.4
2020-09-30T15:01	81.67722	1.31036	0.516	212.1
2020-09-30T15:11	81.67487	1.30959	0.846	182.7
2020-09-30T15:21	81.66129	1.42279	7.668	129.6
2020-09-30T15:31	81.63918	1.49519	8.813	154.5
2020-09-30T15:41	81.61963	1.55393	7.684	156.3
2020-09-30T15:51	81.60033	1.61453	7.644	155.4
2020-09-30T16:01	81.58226	1.67679	7.286	153.2
2020-09-30T16:11	81.56582	1.70048	6.051	168.1
2020-09-30T16:21	81.54791	1.75617	7.088	155.4
2020-09-30T16:31	81.53861	1.84863	5.930	124.3
2020-09-30T16:41	81.52572	1.92759	6.252	137.9
2020-09-30T16:51	81.50933	2.00717	7.257	144.3
2020-09-30T17:01	81.49097	1.96684	6.950	198.0
2020-09-30T17:11	81.47555	2.03996	6.785	144.9
2020-09-30T17:21	81.46209	2.13018	6.834	135.1
2020-09-30T17:31	81.44935	2.22236	6.735	132.9
2020-09-30T17:41	81.43310	2.29525	7.032	146.2
2020-09-30T17:51	81.41729	2.36441	6.797	146.9
2020-09-30T18:01	81.40000	2.42016	6.911	154.3
2020-09-30T18:11	81.38549	2.47121	5.905	152.2
2020-09-30T18:21	81.36816	2.53389	7.096	151.5
2020-09-30T18:31	81.35131	2.59712	6.967	150.6
2020-09-30T18:41	81.33471	2.65757	6.815	151.2
2020-09-30T18:51	81.31698	2.72639	7.397	149.6
2020-09-30T19:01	81.29934	2.79354	7.327	150.1
2020-09-30T19:11	81.28287	2.85795	6.890	149.3
2020-09-30T19:21	81.26635	2.92180	6.897	149.6
2020-09-30T19:31	81.24898	2.98802	7.226	149.9
2020-09-30T19:41	81.23290	3.04841	6.672	150.2
2020-09-30T19:51	81.21704	3.10368	6.467	152.0
2020-09-30T20:01	81.19986	3.16939	7.165	149.7
2020-09-30T20:11	81.18353	3.23172	6.811	149.7
2020-09-30T20:21	81.16646	3.30341	7.312	147.2
2020-09-30T20:31	81.14866	3.38050	7.700	146.3
2020-09-30T20:41	81.13254	3.45131	7.006	145.9
2020-09-30T20:51	81.11588	3.52236	7.182	146.6
2020-09-30T21:01	81.10111	3.58414	6.331	147.1
2020-09-30T21:11	81.08569	3.65852	6.931	143.2
2020-09-30T21:21	81.06973	3.73640	7.206	142.8
2020-09-30T21:31	81.05363	3.80019	6.807	148.4
2020-09-30T21:41	81.03731	3.86042	6.776	150.1
2020-09-30T21:51	81.02198	3.91829	6.406	149.5
2020-09-30T22:01	81.00594	3.97842	6.692	149.6
2020-09-30T22:11	80.98959	4.03868	6.796	150.0
2020-09-30T22:21	80.97367	4.09822	6.644	149.6
2020-09-30T22:31	80.96392	4.15617	4.802	137.0
2020-09-30T22:41	80.96529	4.16159	0.580	31.9
2020-09-30T22:51	80.96479	4.16194	0.180	173.6
2020-09-30T23:01	80.96369	4.16076	0.400	189.6
2020-09-30T23:11	80.96257	4.15969	0.410	188.5
2020-09-30T23:21	80.96144	4.15833	0.415	190.7
2020-09-30T23:31	80.96057	4.15840	0.312	179.2
2020-09-30T23:41	80.95960	4.15890	0.351	175.4
2020-09-30T23:51	80.95843	4.16028	0.428	169.5
2020-10-01T00:01	80.95677	4.16675	0.701	148.5
2020-10-01T00:11	80.95477	4.17539	0.870	145.8
2020-10-01T00:21	80.95275	4.18452	0.894	144.6
2020-10-01T00:31	80.95049	4.19427	0.984	145.9
2020-10-01T00:41	80.94443	4.25088	3.877	124.2
2020-10-01T00:51	80.92764	4.30135	6.690	154.6
2020-10-01T01:01	80.91202	4.34001	6.036	158.6
2020-10-01T01:11	80.89685	4.39642	6.337	149.5
2020-10-01T01:21	80.88786	4.47715	5.625	125.1
2020-10-01T01:31	80.86895	4.53007	7.448	156.0
2020-10-01T01:41	80.85082	4.58668	7.288	153.6
2020-10-01T01:51	80.83386	4.63724	6.758	154.6
2020-10-01T02:01	80.81709	4.68428	6.614	155.9
2020-10-01T02:11	80.80141	4.74123	6.526	149.8
2020-10-01T02:21	80.78579	4.79860	6.524	149.5
2020-10-01T02:31	80.77007	4.85641	6.569	149.5
2020-10-01T02:41	80.75433	4.91396	6.571	149.6
2020-10-01T02:51	80.73848	4.97321	6.661	149.0
2020-10-01T03:01	80.72261	5.03041	6.606	149.8
2020-10-01T03:11	80.70700	5.08810	6.544	149.2
2020-10-01T03:21	80.69130	5.14539	6.560	149.4
2020-10-01T03:31	80.67606	5.20171	6.395	149.1
2020-10-01T03:41	80.66044	5.25882	6.540	149.3
2020-10-01T03:51	80.64463	5.31605	6.601	149.5
2020-10-01T04:01	80.62880	5.37267	6.594	149.8
2020-10-01T04:11	80.61327	5.42981	6.521	149.0
2020-10-01T04:21	80.59776	5.48556	6.474	149.6
2020-10-01T04:31	80.58184	5.54364	6.675	149.2
2020-10-01T04:41	80.56646	5.59900	6.429	149.5
2020-10-01T04:51	80.55120	5.65462	6.400	149.1
2020-10-01T05:01	80.53562	5.71015	6.500	149.6
2020-10-01T05:11	80.52016	5.76604	6.478	149.2
2020-10-01T05:21	80.50483	5.82154	6.427	149.1
2020-10-01T05:31	80.48935	5.87646	6.462	149.6
2020-10-01T05:41	80.47406	5.93125	6.398	149.3
2020-10-01T05:51	80.45868	5.98663	6.446	149.2
2020-10-01T06:01	80.44368	6.03959	6.261	149.6
2020-10-01T06:11	80.42782	6.09602	6.632	149.4
2020-10-01T06:21	80.42376	6.12976	2.494	125.9
2020-10-01T06:31	80.42260	6.12550	0.490	211.3
2020-10-01T06:41	80.42036	6.11873	0.903	206.7
2020-10-01T06:51	80.41786	6.11175	0.991	205.0
2020-10-01T07:01	80.41493	6.10535	1.124	200.0
2020-10-01T07:11	80.41210	6.09898	1.088	200.5
2020-10-01T07:21	80.40911	6.09194	1.155	201.5
2020-10-01T07:31	80.40633	6.08446	1.100	204.1
2020-10-01T07:41	80.40383	6.07667	1.012	207.6
2020-10-01T07:51	80.40109	6.06889	1.093	205.3
2020-10-01T08:01	80.39877	6.06043	0.979	211.2
2020-10-01T08:11	80.39659	6.05138	0.955	214.7
2020-10-01T08:21	80.39453	6.04197	0.932	217.3
2020-10-01T08:31	80.39227	6.03254	0.991	214.9
2020-10-01T08:41	80.38495	6.07669	3.741	134.8
2020-10-01T08:51	80.36338	6.13128	8.431	157.0
2020-10-01T09:01	80.34530	6.17703	7.073	157.0
2020-10-01T09:11	80.32708	6.22299	7.123	157.0
2020-10-01T09:21	80.30955	6.26680	6.845	157.2
2020-10-01T09:31	80.29194	6.31160	6.900	156.8
2020-10-01T09:41	80.27400	6.35712	7.026	156.8
2020-10-01T09:51	80.25587	6.40248	7.088	157.0
2020-10-01T10:01	80.23780	6.44822	7.079	156.8
2020-10-01T10:11	80.21987	6.49327	7.019	156.9
2020-10-01T10:21	80.20196	6.53773	6.998	157.1
2020-10-01T10:31	80.18476	6.58683	6.886	154.0
2020-10-01T10:41	80.16842	6.64254	6.807	149.8
2020-10-01T10:51	80.15089	6.68435	6.816	157.8
2020-10-01T11:01	80.13365	6.72128	6.613	159.8
2020-10-01T11:11	80.11619	6.75747	6.672	160.4
2020-10-01T11:21	80.09798	6.79472	6.948	160.6
2020-10-01T11:31	80.07985	6.83249	6.936	160.3
2020-10-01T11:41	80.06176	6.86958	6.905	160.5
2020-10-01T11:51	80.04383	6.90669	6.858	160.3
2020-10-01T12:01	80.02585	6.94380	6.875	160.3
2020-10-01T12:11	80.00792	6.98055	6.849	160.4
2020-10-01T12:21	79.99039	7.01661	6.704	160.3
2020-10-01T12:31	79.97249	7.05348	6.845	160.3
2020-10-01T12:41	79.95442	7.08978	6.892	160.7
2020-10-01T12:51	79.93617	7.12760	6.990	160.1
2020-10-01T13:01	79.91780	7.16478	7.014	160.5
2020-10-01T13:11	79.89963	7.20156	6.944	160.5
2020-10-01T13:21	79.88134	7.23894	6.994	160.2
2020-10-01T13:31	79.86274	7.27656	7.109	160.4
2020-10-01T13:41	79.84365	7.31498	7.294	160.5
2020-10-01T13:51	79.82529	7.35251	7.027	160.1
2020-10-01T14:01	79.80747	7.38799	6.803	160.6
2020-10-01T14:11	79.78952	7.42431	6.865	160.3
2020-10-01T14:21	79.77178	7.45961	6.774	160.5
2020-10-01T14:31	79.75447	7.49477	6.625	160.1
2020-10-01T14:41	79.73704	7.52929	6.653	160.6
2020-10-01T14:51	79.71932	7.56470	6.772	160.4
2020-10-01T15:01	79.70199	7.59936	6.627	160.3
2020-10-01T15:11	79.68454	7.63393	6.667	160.5
2020-10-01T15:21	79.66701	7.66896	6.704	160.3
2020-10-01T15:31	79.64966	7.70340	6.629	160.4
2020-10-01T15:41	79.63230	7.73771	6.635	160.4
2020-10-01T15:51	79.61399	7.77367	6.994	160.5
2020-10-01T16:01	79.59233	7.81680	8.287	160.2
2020-10-01T16:11	79.57026	7.86017	8.432	160.4
2020-10-01T16:21	79.54818	7.90344	8.436	160.4
2020-10-01T16:31	79.52631	7.94623	8.357	160.4
2020-10-01T16:41	79.50447	7.98946	8.358	160.2
2020-10-01T16:51	79.48259	8.03273	8.373	160.1
2020-10-01T17:01	79.46082	8.07428	8.301	160.8
2020-10-01T17:11	79.43940	8.11591	8.185	160.4
2020-10-01T17:21	79.41775	8.15820	8.283	160.3
2020-10-01T17:31	79.39556	8.20171	8.491	160.2
2020-10-01T17:41	79.37314	8.24402	8.548	160.8
2020-10-01T17:51	79.35030	8.28847	8.737	160.2
2020-10-01T18:01	79.32717	8.33335	8.850	160.2
2020-10-01T18:11	79.30386	8.37757	8.896	160.6
2020-10-01T18:21	79.28067	8.42229	8.869	160.3
2020-10-01T18:31	79.25712	8.46756	9.006	160.3
2020-10-01T18:41	79.23700	8.50538	7.677	160.7
2020-10-01T18:51	79.21712	8.54273	7.585	160.6
2020-10-01T19:01	79.19519	8.58480	8.392	160.2
2020-10-01T19:11	79.17312	8.62598	8.419	160.7
2020-10-01T19:21	79.15129	8.66719	8.340	160.4
2020-10-01T19:31	79.12923	8.70841	8.420	160.6
2020-10-01T19:41	79.10750	8.74929	8.304	160.4
2020-10-01T19:51	79.08567	8.79011	8.336	160.5
2020-10-01T20:01	79.06389	8.83061	8.315	160.6
2020-10-01T20:11	79.04234	8.87084	8.230	160.5
2020-10-01T20:21	79.01945	8.91684	8.827	159.1
2020-10-01T20:31	78.99580	8.96102	9.037	160.4
2020-10-01T20:41	78.97380	9.00147	8.397	160.6
2020-10-01T20:51	78.95186	9.04233	8.385	160.3
2020-10-01T21:01	78.93016	9.08286	8.299	160.3
2020-10-01T21:11	78.90788	9.12389	8.508	160.5
2020-10-01T21:21	78.88630	9.16389	8.250	160.3
2020-10-01T21:31	78.86433	9.20467	8.402	160.3
2020-10-01T21:41	78.84244	9.24344	8.331	161.1
2020-10-01T21:51	78.82025	9.27804	8.347	163.2
2020-10-01T22:01	78.79823	9.31827	8.414	160.5
2020-10-01T22:11	78.77594	9.35891	8.515	160.5
2020-10-01T22:21	78.75370	9.39931	8.493	160.5
2020-10-01T22:31	78.73144	9.43981	8.504	160.4
2020-10-01T22:41	78.70922	9.48016	8.492	160.4
2020-10-01T22:51	78.68722	9.52013	8.408	160.4
2020-10-01T23:01	78.66527	9.55981	8.384	160.4
2020-10-01T23:11	78.64325	9.59968	8.416	160.4
2020-10-01T23:21	78.62089	9.64010	8.548	160.4
2020-10-01T23:31	78.59860	9.67970	8.505	160.6
2020-10-01T23:41	78.57650	9.71976	8.453	160.2
2020-10-01T23:51	78.55444	9.75899	8.422	160.6
2020-10-02T00:01	78.53251	9.79785	8.372	160.6
2020-10-02T00:11	78.51053	9.83809	8.421	160.0
2020-10-02T00:21	78.48822	9.87720	8.510	160.7
2020-10-02T00:31	78.46642	9.91604	8.333	160.4
2020-10-02T00:41	78.44819	9.94822	6.959	160.5
2020-10-02T00:51	78.42856	9.98336	7.511	160.3
2020-10-02T01:01	78.40841	10.01894	7.695	160.5
2020-10-02T01:11	78.38874	10.05361	7.515	160.5
2020-10-02T01:21	78.36945	10.08787	7.375	160.3
2020-10-02T01:31	78.34812	10.12519	8.146	160.5
2020-10-02T01:41	78.32536	10.16537	8.700	160.3
2020-10-02T01:51	78.30176	10.20672	9.016	160.4
2020-10-02T02:01	78.27766	10.24906	9.212	160.4
2020-10-02T02:11	78.25323	10.29147	9.330	160.5
2020-10-02T02:21	78.22850	10.33432	9.441	160.5
2020-10-02T02:31	78.20372	10.37807	9.485	160.2
2020-10-02T02:41	78.17836	10.42133	9.670	160.7
2020-10-02T02:51	78.15270	10.46648	9.824	160.1
2020-10-02T03:01	78.13305	10.53191	8.573	145.6
2020-10-02T03:11	78.13257	10.60939	5.739	91.7
2020-10-02T03:21	78.13200	10.68169	5.357	92.2
2020-10-02T03:31	78.13134	10.77790	7.129	91.9
2020-10-02T03:41	78.13081	10.84790	5.187	92.0
2020-10-02T03:51	78.13036	10.92829	5.956	91.5
2020-10-02T04:01	78.12984	11.00645	5.791	91.8
2020-10-02T04:11	78.12876	11.13230	9.329	92.3
2020-10-02T04:21	78.12774	11.26449	9.798	92.1
2020-10-02T04:31	78.12669	11.39825	9.916	92.1
2020-10-02T04:41	78.12562	11.53194	9.912	92.2
2020-10-02T04:51	78.12460	11.66453	9.830	92.1
2020-10-02T05:01	78.12354	11.79261	9.498	92.2
2020-10-02T05:11	78.12256	11.91919	9.387	92.1
2020-10-02T05:21	78.12165	12.04486	9.318	92.0
2020-10-02T05:31	78.12060	12.17047	9.317	92.3
2020-10-02T05:41	78.11959	12.29659	9.355	92.2
2020-10-02T05:51	78.11865	12.43015	9.906	91.9
2020-10-02T06:01	78.11744	12.56706	10.159	92.4
2020-10-02T06:11	78.11647	12.69408	9.424	92.1
2020-10-02T06:21	78.11564	12.79860	7.755	92.1
2020-10-02T06:31	78.11463	12.93556	10.162	92.0
2020-10-02T06:41	78.11337	13.07237	10.155	92.5
2020-10-02T06:51	78.11243	13.20533	9.867	91.9
2020-10-02T07:01	78.11241	13.32736	9.050	90.0
2020-10-02T07:11	78.12263	13.45710	10.298	69.0
2020-10-02T07:21	78.13338	13.59347	10.818	69.0
2020-10-02T07:31	78.14400	13.72991	10.797	69.2
2020-10-02T07:41	78.15392	13.86022	10.276	69.6
2020-10-02T07:51	78.16411	13.99089	10.327	69.1
2020-10-02T08:01	78.17432	14.12339	10.449	69.3
2020-10-02T08:11	78.18463	14.25640	10.489	69.2
2020-10-02T08:21	78.19489	14.39092	10.579	69.5
2020-10-02T08:31	78.20499	14.52190	10.307	69.3
2020-10-02T08:41	78.21558	14.65606	10.580	68.8
2020-10-02T08:51	78.22571	14.78651	10.259	69.1
2020-10-02T09:01	78.23276	14.86226	6.115	65.5
2020-10-02T09:11	78.23906	14.93483	5.790	66.9
2020-10-02T09:21	78.24551	15.01613	6.400	68.7
2020-10-02T09:31	78.25196	15.09933	6.528	69.1
2020-10-02T09:41	78.25847	15.18277	6.549	69.0
2020-10-02T09:51	78.26398	15.24962	5.284	67.9
2020-10-02T10:01	78.26488	15.25361	0.435	42.2
2020-10-02T10:11	78.26477	15.25473	0.090	114.8
2020-10-02T10:21	78.26522	15.25500	0.163	7.2
2020-10-02T10:31	78.26525	15.25475	0.021	298.1
2020-10-02T10:41	78.26504	15.25551	0.094	143.7
2020-10-02T10:51	78.26503	15.25563	0.010	116.2
2020-10-02T11:01	78.26523	15.25473	0.097	317.2
2020-10-02T11:11	78.26558	15.25409	0.135	339.8
2020-10-02T11:21	78.26538	15.25332	0.091	218.4
2020-10-02T11:31	78.26538	15.25390	0.043	90.0
2020-10-02T11:41	78.26511	15.25430	0.102	163.3
2020-10-02T11:51	78.26493	15.25418	0.063	188.0
2020-10-02T12:01	78.26464	15.25362	0.112	201.6
2020-10-02T12:11	78.26462	15.25354	0.012	209.3
2020-10-02T12:21	78.26496	15.25303	0.129	343.2
2020-10-02T12:31	78.26546	15.25206	0.194	338.6
2020-10-02T12:41	78.26577	15.25123	0.126	331.0
2020-10-02T12:51	78.26595	15.25170	0.075	27.3
2020-10-02T13:01	78.26600	15.25263	0.070	75.9
2020-10-02T13:11	78.26611	15.25288	0.044	24.6
2020-10-02T13:21	78.26572	15.25112	0.190	222.5
2020-10-02T13:31	78.26523	15.25190	0.185	162.2
2020-10-02T13:41	78.26518	15.25406	0.160	96.9
2020-10-02T13:51	78.26505	15.25604	0.152	107.3
2020-10-02T14:01	78.25954	15.23299	2.607	220.4
2020-10-02T14:11	78.25025	15.10701	9.820	250.1
2020-10-02T14:21	78.24030	14.97637	10.231	249.6
2020-10-02T14:31	78.23027	14.84642	10.199	249.3
2020-10-02T14:41	78.22016	14.71608	10.245	249.2
2020-10-02T14:51	78.21025	14.58622	10.194	249.6
2020-10-02T15:01	78.19991	14.45324	10.471	249.2
2020-10-02T15:11	78.19057	14.33132	9.590	249.5
2020-10-02T15:21	78.18198	14.22275	8.580	248.9
2020-10-02T15:31	78.17373	14.11375	8.571	249.8
2020-10-02T15:41	78.16564	14.00836	8.306	249.5
2020-10-02T15:51	78.15745	13.90434	8.230	249.1
2020-10-02T16:01	78.14967	13.80466	7.883	249.2
2020-10-02T16:11	78.14305	13.71815	6.827	249.6
2020-10-02T16:21	78.13594	13.62659	7.244	249.3
2020-10-02T16:31	78.12899	13.53697	7.091	249.4
2020-10-02T16:41	78.12234	13.45200	6.735	249.2
2020-10-02T16:51	78.11635	13.37543	6.072	249.2
2020-10-02T17:01	78.11185	13.29168	6.418	255.4
2020-10-02T17:11	78.11296	13.15678	10.013	272.4
2020-10-02T17:21	78.11410	13.01774	10.319	272.3
2020-10-02T17:31	78.11524	12.87810	10.363	272.3
2020-10-02T17:41	78.11611	12.74357	9.980	271.9
2020-10-02T17:51	78.11719	12.60590	10.214	272.2
2020-10-02T18:01	78.11843	12.46567	10.405	272.5
2020-10-02T18:11	78.11949	12.32587	10.370	272.2
2020-10-02T18:21	78.12077	12.18336	10.573	272.6
2020-10-02T18:31	78.12210	12.03777	10.800	272.6
2020-10-02T18:41	78.12331	11.89083	10.898	272.4
2020-10-02T18:51	78.12473	11.74296	10.969	272.7
2020-10-02T19:01	78.12596	11.60573	10.176	272.6
2020-10-02T19:11	78.12687	11.49939	7.884	272.4
2020-10-02T19:21	78.12777	11.39355	7.847	272.4
2020-10-02T19:31	78.12878	11.28939	7.724	272.7
2020-10-02T19:41	78.12952	11.18415	7.799	272.0
2020-10-02T19:51	78.13029	11.08223	7.553	272.1
2020-10-02T20:01	78.13102	10.97809	7.717	272.0
2020-10-02T20:11	78.13113	10.84084	10.164	270.3
2020-10-02T20:21	78.13208	10.69810	10.575	271.9
2020-10-02T20:31	78.13305	10.55978	10.248	272.0
2020-10-02T20:41	78.14914	10.47275	8.661	312.0
2020-10-02T20:51	78.17784	10.42452	10.932	341.0
2020-10-02T21:01	78.20738	10.37488	11.245	341.0
2020-10-02T21:11	78.23807	10.32332	11.684	341.1
2020-10-02T21:21	78.26625	10.27632	10.712	341.3
2020-10-02T21:31	78.28799	10.23370	8.426	338.3
2020-10-02T21:41	78.31167	10.19223	9.050	340.5
2020-10-02T21:51	78.33650	10.14896	9.477	340.6
2020-10-02T22:01	78.36096	10.10639	9.335	340.7
2020-10-02T22:11	78.38251	10.06825	8.240	340.4
2020-10-02T22:21	78.40255	10.03367	7.636	340.9
2020-10-02T22:31	78.42364	9.99639	8.058	340.5
2020-10-02T22:41	78.44509	9.95833	8.198	340.4
2020-10-02T22:51	78.46684	9.92032	8.295	340.7
2020-10-02T23:01	78.48853	9.88198	8.284	340.6
2020-10-02T23:11	78.51004	9.84338	8.223	340.3
2020-10-02T23:21	78.53101	9.80671	7.996	340.8
2020-10-02T23:31	78.55165	9.76987	7.882	340.5
2020-10-02T23:41	78.57193	9.73352	7.751	340.5
2020-10-02T23:51	78.59221	9.69831	7.721	341.1
2020-10-03T00:01	78.61188	9.66273	7.521	340.3
2020-10-03T00:11	78.63236	9.62629	7.815	340.7
2020-10-03T00:21	78.65323	9.58916	7.964	340.7
2020-10-03T00:31	78.67433	9.55066	8.069	340.3
2020-10-03T00:41	78.69584	9.51229	8.206	340.7
2020-10-03T00:51	78.71727	9.47364	8.183	340.6
2020-10-03T01:01	78.73883	9.43439	8.238	340.4
2020-10-03T01:11	78.76085	9.39491	8.399	340.7
2020-10-03T01:21	78.78245	9.37298	7.929	348.8
2020-10-03T01:31	78.80427	9.36990	7.857	358.4
2020-10-03T01:41	78.82627	9.36697	7.924	358.5
2020-10-03T01:51	78.84771	9.36443	7.721	358.7
2020-10-03T02:01	78.86876	9.36251	7.583	359.0
2020-10-03T02:11	78.88975	9.35965	7.558	358.5
2020-10-03T02:21	78.91085	9.35681	7.601	358.5
2020-10-03T02:31	78.93161	9.35453	7.475	358.8
2020-10-03T02:41	78.95005	9.38179	6.901	15.8
2020-10-03T02:51	78.96648	9.44446	7.327	36.1
2020-10-03T03:01	78.98290	9.50773	7.342	36.4
2020-10-03T03:11	78.99689	9.56102	6.231	36.0
2020-10-03T03:21	79.00336	9.66041	7.215	71.1
2020-10-03T03:31	79.00769	9.79601	9.441	80.4
2020-10-03T03:41	79.01187	9.93346	9.553	80.9
2020-10-03T03:51	79.01640	10.07537	9.873	80.4
2020-10-03T04:01	79.02097	10.22150	10.156	80.6
2020-10-03T04:11	79.02569	10.37212	10.465	80.6
2020-10-03T04:21	79.03044	10.52526	10.633	80.7
2020-10-03T04:31	79.03528	10.67885	10.664	80.5
2020-10-03T04:41	79.04006	10.83170	10.606	80.6
2020-10-03T04:51	79.03952	10.97939	10.112	91.0
2020-10-03T05:01	79.03251	11.11964	9.930	104.7
2020-10-03T05:11	79.02556	11.26000	9.937	104.5
2020-10-03T05:21	79.01842	11.40205	10.074	104.7
2020-10-03T05:31	79.01115	11.54986	10.474	104.4
2020-10-03T05:41	79.00432	11.68316	9.476	105.0
2020-10-03T05:51	78.97985	11.81226	12.505	134.7
2020-10-03T06:01	78.94971	11.91913	13.117	145.8
2020-10-03T06:11	78.93561	11.93548	5.199	167.5
2020-10-03T06:21	78.93529	11.93588	0.119	166.5
2020-10-03T06:31	78.93557	11.93604	0.102	5.9
2020-10-03T06:41	78.93584	11.93501	0.119	323.4
2020-10-03T06:51	78.93551	11.93666	0.163	135.8
2020-10-03T07:01	78.93584	11.93440	0.197	307.6
2020-10-03T07:11	78.93568	11.93438	0.061	181.4
2020-10-03T07:21	78.93574	11.93391	0.039	304.0
2020-10-03T07:31	78.93592	11.93260	0.112	305.7
2020-10-03T07:41	78.93583	11.93601	0.238	97.4
2020-10-03T07:51	78.93577	11.93586	0.025	204.3
2020-10-03T08:01	78.93574	11.93269	0.219	267.3
2020-10-03T08:11	78.93582	11.93362	0.070	66.0
2020-10-03T08:21	78.93597	11.93398	0.058	25.0
2020-10-03T08:31	78.93601	11.93529	0.092	80.7
2020-10-03T08:41	78.93585	11.93906	0.267	102.2
2020-10-03T08:51	78.93585	11.93731	0.121	269.2
2020-10-03T09:01	78.93602	11.93789	0.073	33.0
2020-10-03T09:11	78.93592	11.94080	0.204	99.4
2020-10-03T09:21	78.93578	11.94279	0.147	110.5
2020-10-03T09:31	78.93562	11.94272	0.060	184.6
2020-10-03T09:41	78.93566	11.94056	0.151	276.7
2020-10-03T09:51	78.93574	11.94064	0.028	12.4
2020-10-03T10:01	78.93589	11.93860	0.151	290.6
2020-10-03T10:11	78.93587	11.93688	0.119	267.5
2020-10-03T10:21	78.93558	11.93742	0.112	160.3
2020-10-03T10:31	78.93550	11.93647	0.072	246.2
2020-10-03T10:41	78.93590	11.93561	0.155	337.4
2020-10-03T10:51	78.93621	11.93665	0.135	32.3
2020-10-03T11:01	78.93611	11.93436	0.163	257.2
2020-10-03T11:11	78.93575	11.93673	0.209	128.4
2020-10-03T11:21	78.93626	11.93720	0.185	10.2
2020-10-03T11:31	78.93618	11.93863	0.103	106.7
2020-10-03T11:41	78.93595	11.93799	0.091	209.3
2020-10-03T11:51	78.93589	11.93859	0.048	119.7
2020-10-03T12:01	78.93617	11.93781	0.115	332.3
2020-10-03T12:11	78.93642	11.93601	0.152	305.3
2020-10-03T12:21	78.93572	11.93890	0.321	141.6
2020-10-03T12:31	78.93563	11.93942	0.047	130.1
2020-10-03T12:41	78.93593	11.93917	0.108	350.6
2020-10-03T12:51	78.93628	11.93995	0.138	23.1
2020-10-03T13:01	78.93593	11.94219	0.199	129.2
2020-10-03T13:11	78.93587	11.94114	0.077	251.6
2020-10-03T13:21	78.93627	11.93865	0.225	310.1
2020-10-03T13:31	78.93607	11.93971	0.104	134.7
2020-10-03T13:41	78.93592	11.94026	0.064	143.8
2020-10-03T13:51	78.93597	11.93866	0.112	279.2
2020-10-03T14:01	78.93550	11.93891	0.171	174.2
2020-10-03T14:11	78.93515	11.93924	0.128	169.8
2020-10-03T14:21	78.93578	11.93660	0.290	321.0
2020-10-03T14:31	78.93545	11.93538	0.145	215.5
2020-10-03T14:41	78.93580	11.93862	0.257	60.5
2020-10-03T14:51	78.93607	11.93687	0.155	308.8
2020-10-03T15:01	78.93549	11.93640	0.210	189.0
2020-10-03T15:11	78.93551	11.93780	0.097	85.8
2020-10-03T15:21	78.93617	11.93435	0.335	314.7
2020-10-03T15:31	78.93499	11.94184	0.669	129.3
2020-10-03T15:41	78.93563	11.93905	0.299	319.9
2020-10-03T15:51	78.93561	11.93874	0.022	254.9
2020-10-03T16:01	78.93596	11.93583	0.237	301.9
2020-10-03T16:11	78.93563	11.93618	0.120	168.2
2020-10-03T16:21	78.93555	11.93729	0.082	110.9
2020-10-03T16:31	78.93613	11.93549	0.240	329.0
2020-10-03T16:41	78.93652	11.93777	0.212	48.0
2020-10-03T16:51	78.93609	11.93665	0.172	206.6
2020-10-03T17:01	78.93610	11.93397	0.185	271.2
2020-10-03T17:11	78.93589	11.93665	0.200	112.7
2020-10-03T17:21	78.93551	11.93927	0.226	126.9
2020-10-03T17:31	78.93592	11.93595	0.273	302.9
2020-10-03T17:41	78.93627	11.93176	0.316	293.6
2020-10-03T17:51	78.93583	11.93685	0.385	114.3
2020-10-03T18:01	78.93576	11.93853	0.119	102.1
2020-10-03T18:11	78.93570	11.93907	0.044	122.6
2020-10-03T18:21	78.93584	11.93745	0.123	294.4
2020-10-03T18:31	78.93600	11.93660	0.084	315.4
2020-10-03T18:41	78.93585	11.93474	0.139	247.0
2020-10-03T18:51	78.93585	11.93361	0.078	270.1
2020-10-03T19:01	78.93565	11.93492	0.115	128.3
2020-10-03T19:11	78.93553	11.93583	0.077	125.4
2020-10-03T19:21	78.93562	11.93804	0.156	78.3
2020-10-03T19:31	78.93586	11.93847	0.092	18.9
2020-10-03T19:41	78.93622	11.93736	0.151	329.5
2020-10-03T19:51	78.93639	11.93671	0.074	323.0
2020-10-03T20:01	78.93623	11.93820	0.116	118.3
2020-10-03T20:11	78.93614	11.93812	0.035	188.7
2020-10-03T20:21	78.93635	11.93765	0.083	337.0
2020-10-03T20:31	78.93658	11.93790	0.085	11.3
2020-10-03T20:41	78.93664	11.93837	0.038	59.0
2020-10-03T20:51	78.93645	11.93934	0.094	134.8
2020-10-03T21:01	78.93638	11.93918	0.028	202.7
2020-10-03T21:11	78.93640	11.93846	0.050	279.0
2020-10-03T21:21	78.93659	11.93756	0.093	317.7
2020-10-03T21:31	78.93646	11.93775	0.050	164.3
2020-10-03T21:41	78.93628	11.93880	0.097	131.9
2020-10-03T21:51	78.93636	11.93814	0.054	302.4
2020-10-03T22:01	78.93649	11.93722	0.079	307.0
2020-10-03T22:11	78.93639	11.93823	0.079	117.6
2020-10-03T22:21	78.93623	11.93918	0.087	130.4
2020-10-03T22:31	78.93647	11.93700	0.173	299.3
2020-10-03T22:41	78.93650	11.93603	0.068	279.1
2020-10-03T22:51	78.93631	11.93758	0.126	122.0
2020-10-03T23:01	78.93633	11.93921	0.112	86.8
2020-10-03T23:11	78.93640	11.93921	0.026	1.5
2020-10-03T23:21	78.93649	11.93719	0.144	283.2
2020-10-03T23:31	78.93644	11.93634	0.062	250.7
2020-10-03T23:41	78.93632	11.93766	0.101	115.4
2020-10-03T23:51	78.93608	11.94060	0.220	112.9
2020-10-04T00:01	78.93591	11.94299	0.176	109.9
2020-10-04T00:11	78.93602	11.94228	0.062	307.4
2020-10-04T00:21	78.93649	11.93891	0.287	306.0
2020-10-04T00:31	78.93658	11.93792	0.076	295.6
2020-10-04T00:41	78.93643	11.93867	0.073	134.9
2020-10-04T00:51	78.93627	11.94014	0.118	120.6
2020-10-04T01:01	78.93603	11.94146	0.123	132.6
2020-10-04T01:11	78.93605	11.93973	0.120	273.3
2020-10-04T01:21	78.93603	11.93941	0.023	249.7
2020-10-04T01:31	78.93580	11.94128	0.154	122.7
2020-10-04T01:41	78.93565	11.94264	0.109	120.4
2020-10-04T01:51	78.93549	11.94246	0.058	192.3
2020-10-04T02:01	78.93559	11.94068	0.127	285.5
2020-10-04T02:11	78.93588	11.94462	0.292	68.9
2020-10-04T02:21	78.93579	11.94584	0.090	111.2
2020-10-04T02:31	78.93585	11.94324	0.181	277.0
2020-10-04T02:41	78.93602	11.94345	0.065	13.1
2020-10-04T02:51	78.93569	11.94547	0.183	130.5
2020-10-04T03:01	78.93557	11.94591	0.054	145.7
2020-10-04T03:11	78.93586	11.94384	0.177	306.4
2020-10-04T03:21	78.93581	11.94601	0.151	97.0
2020-10-04T03:31	78.93563	11.94696	0.092	134.4
2020-10-04T03:41	78.93565	11.94529	0.116	273.0
2020-10-04T03:51	78.93576	11.94198	0.232	280.4
2020-10-04T04:01	78.93564	11.94180	0.048	195.5
2020-10-04T04:11	78.93562	11.94214	0.024	104.1
2020-10-04T04:21	78.93573	11.94142	0.065	310.0
2020-10-04T04:31	78.93600	11.93969	0.154	309.1
2020-10-04T04:41	78.93625	11.93855	0.118	318.1
2020-10-04T04:51	78.93621	11.93976	0.085	99.5
2020-10-04T05:01	78.93590	11.94198	0.190	126.2
2020-10-04T05:11	78.93608	11.94004	0.150	296.3
2020-10-04T05:21	78.93638	11.93664	0.257	294.3
2020-10-04T05:31	78.93603	11.93920	0.217	125.7
2020-10-04T05:41	78.93589	11.94048	0.101	118.8
2020-10-04T05:51	78.93616	11.93935	0.126	321.7
2020-10-04T06:01	78.93623	11.93734	0.141	280.1
2020-10-04T06:11	78.93621	11.93708	0.020	246.6
2020-10-04T06:21	78.93587	11.94014	0.245	120.5
2020-10-04T06:31	78.93563	11.94065	0.091	157.3
2020-10-04T06:41	78.93577	11.93980	0.076	309.6
2020-10-04T06:51	78.93584	11.93922	0.048	303.5
2020-10-04T07:01	78.93581	11.93909	0.014	216.5
2020-10-04T07:11	78.93574	11.93958	0.042	127.8
2020-10-04T07:21	78.93560	11.94114	0.119	114.2
2020-10-04T07:31	78.93557	11.94070	0.033	248.7
2020-10-04T07:41	78.93556	11.93991	0.054	268.1
2020-10-04T07:51	78.93568	11.93955	0.048	328.4
2020-10-04T08:01	78.93566	11.94012	0.040	101.2
2020-10-04T08:11	78.93583	11.93994	0.066	349.5
2020-10-04T08:21	78.93585	11.93933	0.043	279.1
2020-10-04T08:31	78.93550	11.94059	0.154	145.5
2020-10-04T08:41	78.93512	11.94180	0.159	148.4
2020-10-04T08:51	78.93556	11.94138	0.160	349.3
2020-10-04T09:01	78.93557	11.94024	0.078	273.2
2020-10-04T09:11	78.93557	11.93832	0.133	270.0
2020-10-04T09:21	78.93539	11.93951	0.106	128.7
2020-10-04T09:31	78.93538	11.94005	0.037	93.0
2020-10-04T09:41	78.93548	11.94012	0.035	7.8
2020-10-04T09:51	78.93547	11.93944	0.047	266.4
2020-10-04T10:01	78.93538	11.93964	0.036	157.7
2020-10-04T10:11	78.93532	11.94039	0.056	113.5
2020-10-04T10:21	78.93554	11.93842	0.157	300.5
2020-10-04T10:31	78.93545	11.93826	0.033	199.6
2020-10-04T10:41	78.93546	11.93821	0.004	295.0
2020-10-04T10:51	78.93543	11.93835	0.013	131.8
2020-10-04T11:01	78.93537	11.93876	0.035	126.8
2020-10-04T11:11	78.93541	11.93849	0.023	308.3
2020-10-04T11:21	78.93544	11.93806	0.032	288.6
2020-10-04T11:31	78.93548	11.93701	0.073	281.2
2020-10-04T11:41	78.93548	11.93608	0.064	268.4
2020-10-04T11:51	78.93521	11.93708	0.118	144.2
2020-10-04T12:01	78.93493	11.93834	0.132	139.0
2020-10-04T12:11	78.93489	11.93779	0.041	246.7
2020-10-04T12:21	78.93492	11.93806	0.021	60.4
2020-10-04T12:31	78.93514	11.93910	0.108	42.0
2020-10-04T12:41	78.93543	11.93957	0.110	17.0
2020-10-04T12:51	78.93576	11.93891	0.126	338.8
2020-10-04T13:01	78.93576	11.93721	0.117	270.1
2020-10-04T13:11	78.93558	11.93748	0.067	163.5
2020-10-04T13:21	78.93575	11.94035	0.207	73.0
2020-10-04T13:31	78.93624	11.93990	0.181	350.2
2020-10-04T13:41	78.93675	11.93600	0.325	304.0
2020-10-04T13:51	78.93624	11.93980	0.319	124.7
2020-10-04T14:01	78.93614	11.93964	0.039	196.8
2020-10-04T14:11	78.94971	11.91950	5.079	344.1
2020-10-04T14:21	78.97367	11.84295	10.114	328.6
2020-10-04T14:31	78.99503	11.74117	10.401	317.7
2020-10-04T14:41	79.00794	11.61559	9.799	298.4
2020-10-04T14:51	79.01466	11.48391	9.355	285.0
2020-10-04T15:01	79.02252	11.32087	11.535	284.3
2020-10-04T15:11	79.02936	11.18392	9.704	284.8
2020-10-04T15:21	79.03641	11.04192	10.052	284.7
2020-10-04T15:31	79.04230	10.89737	10.120	282.2
2020-10-04T15:41	79.03772	10.74919	10.277	260.8
2020-10-04T15:51	79.03312	10.60212	10.206	260.8
2020-10-04T16:01	79.02848	10.45285	10.362	260.8
2020-10-04T16:11	79.02394	10.30276	10.416	261.0
2020-10-04T16:21	79.01925	10.15245	10.444	260.8
2020-10-04T16:31	79.01444	9.99665	10.827	260.9
2020-10-04T16:41	79.00957	9.83914	10.950	260.9
2020-10-04T16:51	79.00467	9.68180	10.946	260.8
2020-10-04T17:01	78.99672	9.55754	9.003	251.5
2020-10-04T17:11	78.97377	9.47053	10.205	216.0
2020-10-04T17:21	78.95009	9.38097	10.526	216.0
2020-10-04T17:31	78.92301	9.33676	10.220	197.4
2020-10-04T17:41	78.89439	9.31495	10.412	188.4
2020-10-04T17:51	78.86584	9.29317	10.392	188.4
2020-10-04T18:01	78.83692	9.27085	10.528	188.5
2020-10-04T18:11	78.80824	9.24933	10.436	188.3
2020-10-04T18:21	78.78013	9.22862	10.223	188.2
2020-10-04T18:31	78.75128	9.20542	10.514	188.9
2020-10-04T18:41	78.72276	9.18462	10.373	188.1
2020-10-04T18:51	78.69470	9.16282	10.217	188.7
2020-10-04T19:01	78.66659	9.14146	10.233	188.5
2020-10-04T19:11	78.63866	9.12054	10.168	188.4
2020-10-04T19:21	78.61113	9.10020	10.014	188.3
2020-10-04T19:31	78.58408	9.07967	9.851	188.5
2020-10-04T19:41	78.55736	9.06022	9.719	188.2
2020-10-04T19:51	78.53072	9.03993	9.701	188.6
2020-10-04T20:01	78.50401	9.02021	9.720	188.4
2020-10-04T20:11	78.47769	9.00055	9.582	188.5
2020-10-04T20:21	78.45090	8.98083	9.748	188.4
2020-10-04T20:31	78.42426	8.96119	9.696	188.4
2020-10-04T20:41	78.39746	8.94094	9.759	188.6
2020-10-04T20:51	78.37068	8.92171	9.745	188.2
2020-10-04T21:01	78.34409	8.90219	9.678	188.4
2020-10-04T21:11	78.31770	8.88253	9.609	188.6
2020-10-04T21:21	78.29157	8.86368	9.509	188.3
2020-10-04T21:31	78.26518	8.84434	9.604	188.5
2020-10-04T21:41	78.23914	8.82536	9.479	188.4
2020-10-04T21:51	78.21267	8.80638	9.631	188.3
2020-10-04T22:01	78.18660	8.78714	9.495	188.6
2020-10-04T22:11	78.16001	8.76788	9.677	188.5
2020-10-04T22:21	78.13264	8.74846	9.959	188.3
2020-10-04T22:31	78.10486	8.72839	10.110	188.5
2020-10-04T22:41	78.07741	8.70857	9.995	188.5
2020-10-04T22:51	78.04971	8.68862	10.084	188.5
2020-10-04T23:01	78.02180	8.66886	10.154	188.4
2020-10-04T23:11	77.99364	8.64860	10.251	188.5
2020-10-04T23:21	77.96554	8.62880	10.227	188.4
2020-10-04T23:31	77.93742	8.60858	10.239	188.5
2020-10-04T23:41	77.90944	8.58952	10.174	188.1
2020-10-04T23:51	77.88155	8.56891	10.160	188.8
2020-10-05T00:01	77.85336	8.54921	10.262	188.4
2020-10-05T00:11	77.82515	8.53004	10.258	188.2
2020-10-05T00:21	77.79678	8.50971	10.332	188.6
2020-10-05T00:31	77.76833	8.48970	10.357	188.5
2020-10-05T00:41	77.74011	8.47012	10.269	188.4
2020-10-05T00:51	77.71176	8.45029	10.321	188.5
2020-10-05T01:01	77.68336	8.43055	10.334	188.4
2020-10-05T01:11	77.65497	8.41073	10.336	188.5
2020-10-05T01:21	77.62685	8.39094	10.240	188.6
2020-10-05T01:31	77.59876	8.37154	10.222	188.4
2020-10-05T01:41	77.57055	8.35238	10.266	188.3
2020-10-05T01:51	77.54217	8.33298	10.328	188.4
2020-10-05T02:01	77.51376	8.31355	10.339	188.4
2020-10-05T02:11	77.48531	8.29419	10.355	188.4
2020-10-05T02:21	77.45698	8.27445	10.315	188.6
2020-10-05T02:31	77.42876	8.25537	10.273	188.4
2020-10-05T02:41	77.40068	8.23634	10.220	188.4
2020-10-05T02:51	77.37274	8.21750	10.168	188.4
2020-10-05T03:01	77.34480	8.19838	10.172	188.5
2020-10-05T03:11	77.31683	8.17956	10.178	188.4
2020-10-05T03:21	77.28889	8.16091	10.168	188.4
2020-10-05T03:31	77.26083	8.14205	10.215	188.4
2020-10-05T03:41	77.23258	8.12298	10.282	188.5
2020-10-05T03:51	77.20426	8.10382	10.310	188.5
2020-10-05T04:01	77.17539	8.08436	10.509	188.5
2020-10-05T04:11	77.14664	8.06499	10.469	188.5
2020-10-05T04:21	77.11753	8.04611	10.588	188.2
2020-10-05T04:31	77.08857	8.02664	10.547	188.5
2020-10-05T04:41	77.05930	8.00736	10.649	188.4
2020-10-05T04:51	77.02985	7.98827	10.716	188.3
2020-10-05T05:01	77.00067	7.96897	10.621	188.5
2020-10-05T05:11	76.97158	7.94967	10.591	188.5
2020-10-05T05:21	76.94243	7.93072	10.607	188.4
2020-10-05T05:31	76.91333	7.91132	10.596	188.6
2020-10-05T05:41	76.88392	7.89236	10.700	188.3
2020-10-05T05:51	76.85438	7.87276	10.758	188.6
2020-10-05T06:01	76.82493	7.85388	10.714	188.3
2020-10-05T06:11	76.79540	7.83458	10.750	188.5
2020-10-05T06:21	76.76589	7.81546	10.742	188.4
2020-10-05T06:31	76.73663	7.79641	10.652	188.5
2020-10-05T06:41	76.70732	7.77761	10.666	188.4
2020-10-05T06:51	76.68350	7.76229	8.668	188.4
2020-10-05T07:01	76.66007	7.74722	8.528	188.4
2020-10-05T07:11	76.63669	7.73281	8.503	188.1
2020-10-05T07:21	76.61353	7.71781	8.433	188.5
2020-10-05T07:31	76.58871	7.70158	9.037	188.6
2020-10-05T07:41	76.56482	7.68608	8.700	188.6
2020-10-05T07:51	76.54066	7.67084	8.793	188.4
2020-10-05T08:01	76.51679	7.65587	8.686	188.3
2020-10-05T08:11	76.49289	7.64051	8.701	188.5
2020-10-05T08:21	76.46973	7.62594	8.426	188.4
2020-10-05T08:31	76.44695	7.61177	8.290	188.3
2020-10-05T08:41	76.42372	7.59672	8.461	188.6
2020-10-05T08:51	76.40089	7.58232	8.308	188.4
2020-10-05T09:01	76.37798	7.56804	8.336	188.4
2020-10-05T09:11	76.35490	7.55350	8.401	188.5
2020-10-05T09:21	76.33179	7.53919	8.409	188.3
2020-10-05T09:31	76.30840	7.52423	8.520	188.6
2020-10-05T09:41	76.28485	7.50953	8.570	188.4
2020-10-05T09:51	76.26128	7.49505	8.576	188.3
2020-10-05T10:01	76.23764	7.48056	8.603	188.3
2020-10-05T10:11	76.21425	7.46576	8.516	188.6
2020-10-05T10:21	76.19114	7.45117	8.414	188.6
2020-10-05T10:31	76.16824	7.43754	8.328	188.1
2020-10-05T10:41	76.14562	7.42268	8.245	188.9
2020-10-05T10:51	76.12313	7.40934	8.177	188.1
2020-10-05T11:01	76.10075	7.39548	8.146	188.5
2020-10-05T11:11	76.07865	7.38157	8.048	188.6
2020-10-05T11:21	76.05667	7.36861	7.995	188.1
2020-10-05T11:31	76.03467	7.35452	8.014	188.8
2020-10-05T11:41	76.01094	7.34018	8.636	188.3
2020-10-05T11:51	75.98707	7.32543	8.688	188.5
2020-10-05T12:01	75.96436	7.31157	8.267	188.4
2020-10-05T12:11	75.94043	7.29680	8.713	188.5
2020-10-05T12:21	75.91639	7.28243	8.745	188.3
2020-10-05T12:31	75.89264	7.26788	8.644	188.5
2020-10-05T12:41	75.86902	7.25365	8.597	188.4
2020-10-05T12:51	75.84572	7.23958	8.480	188.4
2020-10-05T13:01	75.82248	7.22524	8.463	188.6
2020-10-05T13:11	75.79912	7.21128	8.501	188.3
2020-10-05T13:21	75.77586	7.19715	8.466	188.5
2020-10-05T13:31	75.75266	7.18319	8.445	188.4
2020-10-05T13:41	75.72943	7.16936	8.453	188.3
2020-10-05T13:51	75.70589	7.15516	8.569	188.5
2020-10-05T14:01	75.68233	7.14107	8.574	188.4
2020-10-05T14:11	75.65874	7.12664	8.592	188.6
2020-10-05T14:21	75.63472	7.11253	8.738	188.3
2020-10-05T14:31	75.61025	7.09808	8.905	188.3
2020-10-05T14:41	75.58555	7.08317	8.993	188.5
2020-10-05T14:51	75.56055	7.06840	9.098	188.4
2020-10-05T15:01	75.53672	7.05390	8.678	188.6
2020-10-05T15:11	75.50468	7.03464	11.666	188.6
2020-10-05T15:21	75.47202	7.01577	11.883	188.2
2020-10-05T15:31	75.43915	6.99662	11.962	188.3
2020-10-05T15:41	75.41319	6.98187	9.440	188.1
2020-10-05T15:51	75.39008	6.96795	8.418	188.6
2020-10-05T16:01	75.36767	6.95460	8.159	188.6
2020-10-05T16:11	75.34523	6.94146	8.168	188.4
2020-10-05T16:21	75.32268	6.92809	8.211	188.5
2020-10-05T16:31	75.29882	6.91407	8.684	188.5
2020-10-05T16:41	75.27420	6.89991	8.961	188.3
2020-10-05T16:51	75.24940	6.88562	9.023	188.3
2020-10-05T17:01	75.22523	6.87138	8.801	188.5
2020-10-05T17:11	75.20230	6.85818	8.345	188.4
2020-10-05T17:21	75.17972	6.84509	8.217	188.4
2020-10-05T17:31	75.15701	6.83183	8.268	188.5
2020-10-05T17:41	75.13415	6.81856	8.323	188.5
2020-10-05T17:51	75.11146	6.80539	8.258	188.5
2020-10-05T18:01	75.08875	6.79252	8.263	188.3
2020-10-05T18:11	75.06563	6.77921	8.415	188.4
2020-10-05T18:21	75.04220	6.76570	8.531	188.5
2020-10-05T18:31	75.01890	6.75242	8.477	188.4
2020-10-05T18:41	74.99627	6.73944	8.239	188.4
2020-10-05T18:51	74.97367	6.72634	8.228	188.5
2020-10-05T19:01	74.95121	6.71372	8.173	188.3
2020-10-05T19:11	74.92788	6.70031	8.492	188.5
2020-10-05T19:21	74.90446	6.68705	8.524	188.4
2020-10-05T19:31	74.88119	6.67381	8.469	188.4
2020-10-05T19:41	74.85787	6.66066	8.487	188.4
2020-10-05T19:51	74.83456	6.64742	8.485	188.5
2020-10-05T20:01	74.81158	6.63445	8.361	188.4
2020-10-05T20:11	74.78805	6.62115	8.565	188.4
2020-10-05T20:21	74.76463	6.60808	8.521	188.3
2020-10-05T20:31	74.74143	6.59462	8.453	188.7
2020-10-05T20:41	74.71806	6.58186	8.499	188.2
2020-10-05T20:51	74.69445	6.56837	8.598	188.6
2020-10-05T21:01	74.67123	6.55536	8.453	188.4
2020-10-05T21:11	74.64786	6.54240	8.503	188.4
2020-10-05T21:21	74.62427	6.52898	8.589	188.6
2020-10-05T21:31	74.60063	6.51616	8.599	188.2
2020-10-05T21:41	74.57736	6.50292	8.475	188.6
2020-10-05T21:51	74.55407	6.48983	8.477	188.5
2020-10-05T22:01	74.53060	6.47699	8.542	188.3
2020-10-05T22:11	74.50686	6.46351	8.645	188.6
2020-10-05T22:21	74.48306	6.45051	8.660	188.3
2020-10-05T22:31	74.45957	6.43732	8.551	188.6
2020-10-05T22:41	74.43609	6.42486	8.542	188.1
2020-10-05T22:51	74.41268	6.41159	8.523	188.7
2020-10-05T23:01	74.38936	6.39870	8.491	188.5
2020-10-05T23:11	74.36606	6.38593	8.478	188.4
2020-10-05T23:21	74.34284	6.37321	8.452	188.4
2020-10-05T23:31	74.31986	6.36066	8.363	188.4
2020-10-05T23:41	74.29687	6.34815	8.367	188.4
2020-10-05T23:51	74.27369	6.33553	8.435	188.4
2020-10-06T00:01	74.25068	6.32278	8.378	188.6
2020-10-06T00:11	74.22783	6.31066	8.313	188.2
2020-10-06T00:21	74.20520	6.29805	8.243	188.6
2020-10-06T00:31	74.18307	6.28599	8.053	188.4
2020-10-06T00:41	74.16108	6.27454	7.998	188.1
2020-10-06T00:51	74.13602	6.26043	9.127	188.8
2020-10-06T01:01	74.11215	6.24769	8.687	188.3
2020-10-06T01:11	74.08842	6.23486	8.637	188.4
2020-10-06T01:21	74.06467	6.22188	8.644	188.5
2020-10-06T01:31	74.04088	6.20932	8.658	188.3
2020-10-06T01:41	74.01693	6.19621	8.721	188.6
2020-10-06T01:51	73.99281	6.18339	8.776	188.3
2020-10-06T02:01	73.96901	6.17069	8.661	188.4
2020-10-06T02:11	73.94505	6.15773	8.724	188.5
2020-10-06T02:21	73.92127	6.14519	8.651	188.3
2020-10-06T02:31	73.89736	6.13247	8.703	188.4
2020-10-06T02:41	73.87319	6.11936	8.802	188.6
2020-10-06T02:51	73.84949	6.10700	8.622	188.3
2020-10-06T03:01	73.82623	6.09447	8.467	188.5
2020-10-06T03:11	73.80315	6.08208	8.405	188.5
2020-10-06T03:21	73.77892	6.06930	8.816	188.4
2020-10-06T03:31	73.75372	6.05602	9.171	188.4
2020-10-06T03:41	73.73049	6.04386	8.452	188.3
2020-10-06T03:51	73.70774	6.03178	8.283	188.5
2020-10-06T04:01	73.68452	6.01944	8.452	188.5
2020-10-06T04:11	73.65864	6.00579	9.420	188.4
2020-10-06T04:21	73.63268	5.99222	9.447	188.4
2020-10-06T04:31	73.60848	5.97974	8.804	188.3
2020-10-06T04:41	73.58649	5.96788	8.011	188.7
2020-10-06T04:51	73.56407	5.95630	8.158	188.3
2020-10-06T05:01	73.53902	5.94327	9.116	188.4
2020-10-06T05:11	73.51424	5.93054	9.016	188.3
2020-10-06T05:21	73.48918	5.91726	9.125	188.6
2020-10-06T05:31	73.46523	5.90479	8.717	188.4
2020-10-06T05:41	73.44153	5.89248	8.626	188.4
2020-10-06T05:51	73.41752	5.88004	8.737	188.4
2020-10-06T06:01	73.39388	5.86762	8.607	188.5
2020-10-06T06:11	73.37014	5.85529	8.642	188.5
2020-10-06T06:21	73.34650	5.84309	8.601	188.4
2020-10-06T06:31	73.32284	5.83112	8.609	188.3
2020-10-06T06:41	73.29940	5.81909	8.531	188.4
2020-10-06T06:51	73.27632	5.80714	8.403	188.5
2020-10-06T07:01	73.25317	5.79540	8.421	188.3
2020-10-06T07:11	73.22936	5.78292	8.670	188.6
2020-10-06T07:21	73.20553	5.77071	8.672	188.4
2020-10-06T07:31	73.18185	5.75875	8.618	188.3
2020-10-06T07:41	73.15807	5.74653	8.656	188.5
2020-10-06T07:51	73.13423	5.73454	8.676	188.3
2020-10-06T08:01	73.11104	5.72273	8.441	188.4
2020-10-06T08:11	73.08781	5.71080	8.456	188.5
2020-10-06T08:21	73.06468	5.69879	8.422	188.6
2020-10-06T08:31	73.04155	5.68724	8.414	188.3
2020-10-06T08:41	73.01880	5.67567	8.282	188.4
2020-10-06T08:51	72.99629	5.66503	8.182	187.9
2020-10-06T09:01	72.97380	5.65822	8.128	185.1
2020-10-06T09:11	72.95107	5.65156	8.216	184.9
2020-10-06T09:21	72.92778	5.64398	8.423	185.5
2020-10-06T09:31	72.90438	5.63710	8.456	184.9
2020-10-06T09:41	72.88079	5.62982	8.528	185.2
2020-10-06T09:51	72.85699	5.62274	8.602	185.0
2020-10-06T10:01	72.83353	5.61589	8.477	184.9
2020-10-06T10:11	72.80987	5.60860	8.554	185.2
2020-10-06T10:21	72.78562	5.60153	8.766	184.9
2020-10-06T10:31	72.76116	5.59394	8.842	185.3
2020-10-06T10:41	72.73659	5.58680	8.881	184.9
2020-10-06T10:51	72.71253	5.57979	8.696	184.9
2020-10-06T11:01	72.68827	5.57240	8.771	185.2
2020-10-06T11:11	72.66481	5.56527	8.479	185.2
2020-10-06T11:21	72.64110	5.56031	8.555	183.6
2020-10-06T11:31	72.61819	5.56329	8.255	177.8
2020-10-06T11:41	72.59510	5.55800	8.333	183.9
2020-10-06T11:51	72.57224	5.55319	8.248	183.6
2020-10-06T12:01	72.54920	5.54579	8.333	185.5
2020-10-06T12:11	72.52638	5.53969	8.241	184.6
2020-10-06T12:21	72.50372	5.53391	8.184	184.4
2020-10-06T12:31	72.48093	5.52789	8.232	184.6
2020-10-06T12:41	72.46815	5.52465	4.616	184.4
2020-10-06T12:51	72.45153	5.51999	6.004	184.8
2020-10-06T13:01	72.42856	5.51404	8.297	184.5
2020-10-06T13:11	72.40539	5.50797	8.366	184.5
2020-10-06T13:21	72.38206	5.50194	8.427	184.5
2020-10-06T13:31	72.35863	5.49589	8.460	184.5
2020-10-06T13:41	72.33525	5.48973	8.447	184.6
2020-10-06T13:51	72.31200	5.48362	8.398	184.6
2020-10-06T14:01	72.28886	5.47774	8.354	184.4
2020-10-06T14:11	72.26554	5.47158	8.423	184.6
2020-10-06T14:21	72.24235	5.46443	8.386	185.4
2020-10-06T14:31	72.21875	5.45743	8.532	185.2
2020-10-06T14:41	72.19522	5.45040	8.507	185.2
2020-10-06T14:51	72.17750	5.44531	6.406	185.0
2020-10-06T15:01	72.16489	5.44144	4.561	185.4
2020-10-06T15:11	72.14365	5.43454	7.685	185.7
2020-10-06T15:21	72.11942	5.42756	8.759	185.1
2020-10-06T15:31	72.09540	5.42037	8.684	185.3
2020-10-06T15:41	72.07136	5.41328	8.692	185.2
2020-10-06T15:51	72.04722	5.40624	8.727	185.1
2020-10-06T16:01	72.02308	5.39894	8.729	185.3
2020-10-06T16:11	71.99927	5.39193	8.605	185.2
2020-10-06T16:21	71.97544	5.38462	8.620	185.4
2020-10-06T16:31	71.95158	5.37778	8.625	185.1
2020-10-06T16:41	71.92773	5.37093	8.622	185.1
2020-10-06T16:51	71.90373	5.36364	8.677	185.4
2020-10-06T17:01	71.87969	5.35644	8.695	185.3
2020-10-06T17:11	71.85559	5.34949	8.710	185.1
2020-10-06T17:21	71.83155	5.34234	8.693	185.3
2020-10-06T17:31	71.80747	5.33527	8.709	185.2
2020-10-06T17:41	71.78330	5.32813	8.737	185.3
2020-10-06T17:51	71.75905	5.32104	8.771	185.2
2020-10-06T18:01	71.73537	5.31390	8.563	185.4
2020-10-06T18:11	71.71206	5.30729	8.426	185.1
2020-10-06T18:21	71.68861	5.30054	8.476	185.2
2020-10-06T18:31	71.66498	5.29345	8.548	185.4
2020-10-06T18:41	71.64157	5.28678	8.460	185.1
2020-10-06T18:51	71.61808	5.27996	8.494	185.2
2020-10-06T19:01	71.59451	5.27305	8.525	185.3
2020-10-06T19:11	71.57048	5.26598	8.687	185.3
2020-10-06T19:21	71.54651	5.25911	8.667	185.2
2020-10-06T19:31	71.52327	5.25228	8.402	185.3
2020-10-06T19:41	71.50030	5.24570	8.307	185.2
2020-10-06T19:51	71.47713	5.23916	8.375	185.1
2020-10-06T20:01	71.45366	5.23227	8.486	185.3
2020-10-06T20:11	71.43008	5.22538	8.529	185.3
2020-10-06T20:21	71.40647	5.21862	8.533	185.2
2020-10-06T20:31	71.38300	5.21191	8.487	185.2
2020-10-06T20:41	71.35963	5.20520	8.449	185.2
2020-10-06T20:51	71.33596	5.19854	8.559	185.1
2020-10-06T21:01	71.31239	5.19172	8.522	185.3
2020-10-06T21:11	71.28871	5.18501	8.559	185.2
2020-10-06T21:21	71.26532	5.17825	8.459	185.3
2020-10-06T21:31	71.24179	5.17167	8.507	185.1
2020-10-06T21:41	71.21825	5.16495	8.511	185.3
2020-10-06T21:51	71.19456	5.15802	8.568	185.4
2020-10-06T22:01	71.17055	5.15113	8.683	185.3
2020-10-06T22:11	71.14655	5.14432	8.677	185.2
2020-10-06T22:21	71.12260	5.13743	8.661	185.3
2020-10-06T22:31	71.09880	5.13120	8.598	184.9
2020-10-06T22:41	71.07498	5.12394	8.618	185.6
2020-10-06T22:51	71.05098	5.11748	8.675	185.0
2020-10-06T23:01	71.02696	5.11066	8.685	185.3
2020-10-06T23:11	71.00288	5.10390	8.704	185.2
2020-10-06T23:21	70.97917	5.09714	8.574	185.3
2020-10-06T23:31	70.95544	5.09038	8.581	185.3
2020-10-06T23:41	70.93180	5.08388	8.547	185.1
2020-10-06T23:51	70.90857	5.07732	8.401	185.3
2020-10-07T00:01	70.88544	5.07070	8.363	185.3
2020-10-07T00:11	70.86247	5.06444	8.303	185.1
2020-10-07T00:21	70.83965	5.05803	8.250	185.3
2020-10-07T00:31	70.81667	5.05157	8.312	185.3
2020-10-07T00:41	70.79376	5.04517	8.281	185.3
2020-10-07T00:51	70.77076	5.03860	8.317	185.4
2020-10-07T01:01	70.74792	5.03234	8.260	185.2
2020-10-07T01:11	70.72400	5.02572	8.646	185.2
2020-10-07T01:21	70.69985	5.01898	8.731	185.3
2020-10-07T01:31	70.67583	5.01244	8.687	185.2
2020-10-07T01:41	70.65211	5.00595	8.574	185.2
2020-10-07T01:51	70.62855	4.99917	8.522	185.4
2020-10-07T02:01	70.60493	4.99282	8.537	185.1
2020-10-07T02:11	70.58168	4.98333	8.446	187.7
2020-10-07T02:21	70.55806	4.97957	8.517	183.0
2020-10-07T02:31	70.53430	4.97318	8.591	185.1
2020-10-07T02:41	70.51033	4.96692	8.662	185.0
2020-10-07T02:51	70.48639	4.96016	8.657	185.4
2020-10-07T03:01	70.46213	4.95338	8.775	185.3
2020-10-07T03:11	70.43781	4.94706	8.788	185.0
2020-10-07T03:21	70.41399	4.94030	8.615	185.4
2020-10-07T03:31	70.38991	4.93385	8.706	185.1
2020-10-07T03:41	70.36626	4.92713	8.553	185.4
2020-10-07T03:51	70.34269	4.92081	8.521	185.2
2020-10-07T04:01	70.31934	4.91449	8.443	185.2
2020-10-07T04:11	70.29592	4.90841	8.463	185.0
2020-10-07T04:21	70.27297	4.90205	8.300	185.3
2020-10-07T04:31	70.25063	4.89571	8.080	185.5
2020-10-07T04:41	70.22753	4.88958	8.349	185.1
2020-10-07T04:51	70.20384	4.88319	8.566	185.2
2020-10-07T05:01	70.17981	4.87664	8.689	185.3
2020-10-07T05:11	70.15560	4.87005	8.753	185.3
2020-10-07T05:21	70.13131	4.86354	8.782	185.2
2020-10-07T05:31	70.10677	4.85685	8.873	185.3
2020-10-07T05:41	70.08176	4.85019	9.043	185.2
2020-10-07T05:51	70.05655	4.84330	9.117	185.3
2020-10-07T06:01	70.03213	4.83658	8.831	185.4
2020-10-07T06:11	70.00799	4.83042	8.722	185.0
2020-10-07T06:21	69.98406	4.82345	8.660	185.7
2020-10-07T06:31	69.96038	4.81638	8.569	185.8
2020-10-07T06:41	69.93666	4.81100	8.569	184.4
2020-10-07T06:51	69.91234	4.80479	8.789	185.0
2020-10-07T07:01	69.88851	4.79836	8.614	185.3
2020-10-07T07:11	69.86485	4.79202	8.557	185.3
2020-10-07T07:21	69.84078	4.78557	8.703	185.3
2020-10-07T07:31	69.81664	4.77928	8.724	185.1
2020-10-07T07:41	69.79210	4.77275	8.874	185.3
2020-10-07T07:51	69.76856	4.76659	8.511	185.2
2020-10-07T08:01	69.74550	4.76035	8.340	185.4
2020-10-07T08:11	69.72228	4.75412	8.397	185.3
2020-10-07T08:21	69.69888	4.74815	8.456	185.1
2020-10-07T08:31	69.67548	4.74183	8.462	185.4
2020-10-07T08:41	69.65227	4.73578	8.391	185.2
2020-10-07T08:51	69.62923	4.72962	8.330	185.3
2020-10-07T09:01	69.60549	4.72345	8.582	185.2
2020-10-07T09:11	69.58172	4.71708	8.599	185.3
2020-10-07T09:21	69.55799	4.71107	8.575	185.1
2020-10-07T09:31	69.53444	4.70477	8.517	185.3
2020-10-07T09:41	69.51085	4.69873	8.527	185.1
2020-10-07T09:51	69.48684	4.69270	8.677	185.0
2020-10-07T10:01	69.46273	4.68632	8.719	185.3
2020-10-07T10:11	69.43857	4.68031	8.731	185.0
2020-10-07T10:21	69.41423	4.67405	8.801	185.2
2020-10-07T10:31	69.39070	4.66810	8.503	185.1
2020-10-07T10:41	69.36754	4.66208	8.376	185.2
2020-10-07T10:51	69.34418	4.65614	8.443	185.1
2020-10-07T11:01	69.32104	4.65015	8.369	185.2
2020-10-07T11:11	69.29731	4.64471	8.571	184.6
2020-10-07T11:21	69.27361	4.63810	8.576	185.6
2020-10-07T11:31	69.25002	4.63218	8.526	185.1
2020-10-07T11:41	69.22661	4.62621	8.462	185.2
2020-10-07T11:51	69.20335	4.62030	8.409	185.2
2020-10-07T12:01	69.18012	4.61480	8.395	184.8
2020-10-07T12:11	69.15699	4.60891	8.362	185.2
2020-10-07T12:21	69.13368	4.60285	8.426	185.3
2020-10-07T12:31	69.11032	4.59680	8.448	185.3
2020-10-07T12:41	69.08689	4.59118	8.466	184.9
2020-10-07T12:51	69.06367	4.58502	8.399	185.4
2020-10-07T13:01	69.04074	4.57955	8.284	184.9
2020-10-07T13:11	69.01792	4.57372	8.250	185.2
2020-10-07T13:21	68.99482	4.56791	8.351	185.1
2020-10-07T13:31	68.97174	4.56213	8.346	185.1
2020-10-07T13:41	68.94877	4.55633	8.303	185.2
2020-10-07T13:51	68.92556	4.55056	8.390	185.1
2020-10-07T14:01	68.90255	4.54483	8.316	185.1
2020-10-07T14:11	68.87953	4.53903	8.322	185.2
2020-10-07T14:21	68.85623	4.53331	8.425	185.1
2020-10-07T14:31	68.83271	4.52755	8.499	185.1
2020-10-07T14:41	68.80919	4.52159	8.505	185.2
2020-10-07T14:51	68.78520	4.51574	8.671	185.0
2020-10-07T15:01	68.76132	4.50970	8.634	185.2
2020-10-07T15:11	68.73747	4.50386	8.620	185.1
2020-10-07T15:21	68.71341	4.49792	8.697	185.1
2020-10-07T15:31	68.68904	4.49193	8.810	185.1
2020-10-07T15:41	68.66454	4.48581	8.859	185.2
2020-10-07T15:51	68.64012	4.47976	8.826	185.2
2020-10-07T16:01	68.61547	4.47366	8.912	185.2
2020-10-07T16:11	68.59083	4.46774	8.904	185.0
2020-10-07T16:21	68.56702	4.46174	8.609	185.3
2020-10-07T16:31	68.54352	4.45616	8.496	185.0
2020-10-07T16:41	68.52002	4.45030	8.494	185.2
2020-10-07T16:51	68.49687	4.44455	8.372	185.2
2020-10-07T17:01	68.47396	4.43891	8.282	185.2
2020-10-07T17:11	68.45116	4.43326	8.241	185.2
2020-10-07T17:21	68.42793	4.42774	8.396	185.0
2020-10-07T17:31	68.40437	4.42206	8.516	185.1
2020-10-07T17:41	68.38097	4.41646	8.456	185.0
2020-10-07T17:51	68.35798	4.41065	8.314	185.3
2020-10-07T18:01	68.33507	4.40542	8.280	184.8
2020-10-07T18:11	68.31243	4.39930	8.192	185.7
2020-10-07T18:21	68.28897	4.39379	8.478	185.0
2020-10-07T18:31	68.26520	4.38832	8.589	184.9
2020-10-07T18:41	68.24135	4.38221	8.627	185.4
2020-10-07T18:51	68.21818	4.37680	8.373	185.0
2020-10-07T19:01	68.19480	4.37118	8.452	185.1
2020-10-07T19:11	68.17162	4.36542	8.381	185.3
2020-10-07T19:21	68.14867	4.35990	8.294	185.1
2020-10-07T19:31	68.12547	4.35431	8.387	185.1
2020-10-07T19:41	68.10223	4.34867	8.403	185.2
2020-10-07T19:51	68.07903	4.34343	8.382	184.8
2020-10-07T20:01	68.05573	4.33740	8.427	185.5
2020-10-07T20:11	68.03270	4.33207	8.325	184.9
2020-10-07T20:21	68.00991	4.32654	8.239	185.2
2020-10-07T20:31	67.98707	4.32107	8.254	185.1
2020-10-07T20:41	67.96417	4.31570	8.277	185.0
2020-10-07T20:51	67.94102	4.31003	8.373	185.3
2020-10-07T21:01	67.91745	4.30448	8.519	185.1
2020-10-07T21:11	67.89371	4.29884	8.581	185.1
2020-10-07T21:21	67.87014	4.29313	8.522	185.2
2020-10-07T21:31	67.84718	4.28779	8.299	185.0
2020-10-07T21:41	67.82401	4.28219	8.377	185.2
2020-10-07T21:51	67.80033	4.27655	8.561	185.1
2020-10-07T22:01	67.77665	4.27092	8.558	185.1
2020-10-07T22:11	67.75295	4.26525	8.568	185.2
2020-10-07T22:21	67.72893	4.25979	8.682	184.9
2020-10-07T22:31	67.70466	4.25383	8.777	185.3
2020-10-07T22:41	67.68040	4.24815	8.768	185.1
2020-10-07T22:51	67.65604	4.24230	8.808	185.2
2020-10-07T23:01	67.63155	4.23660	8.851	185.1
2020-10-07T23:11	67.60694	4.23076	8.898	185.2
2020-10-07T23:21	67.58207	4.22502	8.987	185.0
2020-10-07T23:31	67.55732	4.21916	8.947	185.2
2020-10-07T23:41	67.53291	4.21331	8.824	185.2
2020-10-07T23:51	67.50901	4.20797	8.636	184.9
2020-10-08T00:01	67.48486	4.20207	8.734	185.3
2020-10-08T00:11	67.46093	4.19652	8.650	185.1
2020-10-08T00:21	67.43718	4.19101	8.586	185.1
2020-10-08T00:31	67.41363	4.18539	8.513	185.2
2020-10-08T00:41	67.39011	4.17998	8.501	185.1
2020-10-08T00:51	67.36656	4.17443	8.515	185.2
2020-10-08T01:01	67.34301	4.16888	8.513	185.2
2020-10-08T01:11	67.31961	4.16356	8.459	185.0
2020-10-08T01:21	67.29599	4.15788	8.539	185.3
2020-10-08T01:31	67.27242	4.15261	8.520	184.9
2020-10-08T01:41	67.24856	4.14689	8.626	185.3
2020-10-08T01:51	67.22462	4.14135	8.654	185.1
2020-10-08T02:01	67.20052	4.13579	8.712	185.1
2020-10-08T02:11	67.17644	4.13032	8.703	185.0
2020-10-08T02:21	67.15252	4.12479	8.648	185.1
2020-10-08T02:31	67.12855	4.11907	8.669	185.3
2020-10-08T02:41	67.10485	4.11357	8.567	185.2
2020-10-08T02:51	67.08109	4.10811	8.586	185.1
2020-10-08T03:01	67.05738	4.10283	8.571	185.0
2020-10-08T03:11	67.03428	4.09748	8.349	185.2
2020-10-08T03:21	67.01152	4.09218	8.231	185.2
2020-10-08T03:31	66.98864	4.08700	8.270	185.1
2020-10-08T03:41	66.96585	4.08176	8.239	185.1
2020-10-08T03:51	66.94305	4.07636	8.244	185.3
2020-10-08T04:01	66.92013	4.07116	8.283	185.1
2020-10-08T04:11	66.89709	4.06582	8.332	185.2
2020-10-08T04:21	66.87399	4.06085	8.346	184.8
2020-10-08T04:31	66.85093	4.05548	8.338	185.2
2020-10-08T04:41	66.82775	4.05017	8.380	185.1
2020-10-08T04:51	66.80468	4.04473	8.339	185.3
2020-10-08T05:01	66.78171	4.03967	8.304	185.0
2020-10-08T05:11	66.75867	4.03434	8.328	185.2
2020-10-08T05:21	66.73568	4.02909	8.312	185.2
2020-10-08T05:31	66.71285	4.02400	8.249	185.0
2020-10-08T05:41	66.69018	4.01889	8.196	185.1
2020-10-08T05:51	66.66763	4.01369	8.154	185.2
2020-10-08T06:01	66.64523	4.00876	8.097	185.0
2020-10-08T06:11	66.62308	4.00362	8.007	185.3
2020-10-08T06:21	66.60095	3.99857	8.001	185.2
2020-10-08T06:31	66.57853	3.99358	8.103	185.1
2020-10-08T06:41	66.55531	3.98864	8.390	184.8
2020-10-08T06:51	66.53173	3.98285	8.530	185.6
2020-10-08T07:01	66.50825	3.97790	8.485	184.8
2020-10-08T07:11	66.48490	3.97235	8.447	185.4
2020-10-08T07:21	66.46174	3.96715	8.372	185.1
2020-10-08T07:31	66.43853	3.96207	8.386	185.0
2020-10-08T07:41	66.41512	3.95679	8.466	185.2
2020-10-08T07:51	66.39190	3.95140	8.397	185.3
2020-10-08T08:01	66.36839	3.94631	8.496	185.0
2020-10-08T08:11	66.34440	3.94087	8.672	185.2
2020-10-08T08:21	66.32017	3.93556	8.757	185.0
2020-10-08T08:31	66.29611	3.93008	8.700	185.2
2020-10-08T08:41	66.27200	3.92465	8.716	185.2
2020-10-08T08:51	66.24786	3.91935	8.726	185.1
2020-10-08T09:01	66.22373	3.91389	8.722	185.2
2020-10-08T09:11	66.19990	3.90868	8.616	185.0
2020-10-08T09:21	66.17632	3.90343	8.522	185.1
2020-10-08T09:31	66.15279	3.89822	8.506	185.1
2020-10-08T09:41	66.12913	3.89296	8.555	185.1
2020-10-08T09:51	66.10515	3.88768	8.665	185.1
2020-10-08T10:01	66.08105	3.88227	8.714	185.2
2020-10-08T10:11	66.05676	3.87699	8.780	185.0
2020-10-08T10:21	66.03372	3.87186	8.330	185.2
2020-10-08T10:31	66.01101	3.86690	8.207	185.1
2020-10-08T10:41	65.98809	3.86175	8.289	185.2
2020-10-08T10:51	65.96512	3.85660	8.302	185.2
2020-10-08T11:01	65.94210	3.85167	8.322	185.0
2020-10-08T11:11	65.91902	3.84670	8.340	185.0
2020-10-08T11:21	65.89574	3.84129	8.420	185.4
2020-10-08T11:31	65.87248	3.83651	8.405	184.8
2020-10-08T11:41	65.84941	3.83121	8.342	185.4
2020-10-08T11:51	65.82648	3.82616	8.290	185.2
2020-10-08T12:01	65.80390	3.82138	8.162	185.0
2020-10-08T12:11	65.78166	3.81640	8.038	185.2
2020-10-08T12:21	65.75964	3.81176	7.958	184.9
2020-10-08T12:31	65.73781	3.80693	7.893	185.2
2020-10-08T12:41	65.71597	3.80210	7.898	185.2
2020-10-08T12:51	65.69241	3.79698	8.517	185.1
2020-10-08T13:01	65.66874	3.79166	8.558	185.3
2020-10-08T13:11	65.64523	3.78661	8.498	185.1
2020-10-08T13:21	65.62191	3.78154	8.430	185.1
2020-10-08T13:31	65.59840	3.77661	8.495	184.9
2020-10-08T13:41	65.57508	3.77137	8.434	185.3
2020-10-08T13:51	65.55184	3.76637	8.399	185.1
2020-10-08T14:01	65.52835	3.76143	8.490	185.0
2020-10-08T14:11	65.50512	3.75628	8.400	185.3
2020-10-08T14:21	65.48201	3.75130	8.353	185.1
2020-10-08T14:31	65.45930	3.74624	8.211	185.3
2020-10-08T14:41	65.43667	3.74132	8.184	185.2
2020-10-08T14:51	65.41386	3.73640	8.245	185.1
2020-10-08T15:01	65.39078	3.73151	8.342	185.0
2020-10-08T15:11	65.36802	3.72663	8.226	185.1
2020-10-08T15:21	65.34547	3.72185	8.150	185.1
2020-10-08T15:31	65.32295	3.71700	8.143	185.1
2020-10-08T15:41	65.30020	3.71204	8.225	185.2
2020-10-08T15:51	65.27746	3.70717	8.219	185.1
2020-10-08T16:01	65.25465	3.70222	8.247	185.2
2020-10-08T16:11	65.23173	3.69724	8.287	185.2
2020-10-08T16:21	65.20858	3.69239	8.366	185.0
2020-10-08T16:31	65.18523	3.68747	8.441	185.1
2020-10-08T16:41	65.16146	3.68229	8.591	185.2
2020-10-08T16:51	65.13777	3.67725	8.564	185.1
2020-10-08T17:01	65.11430	3.67234	8.484	185.0
2020-10-08T17:11	65.09085	3.66723	8.480	185.2
2020-10-08T17:21	65.06687	3.66222	8.668	185.0
2020-10-08T17:31	65.04302	3.65702	8.622	185.3
2020-10-08T17:41	65.01886	3.65205	8.730	185.0
2020-10-08T17:51	64.99489	3.64682	8.667	185.3
2020-10-08T18:01	64.97087	3.64180	8.685	185.0
2020-10-08T18:11	64.94696	3.63675	8.640	185.1
2020-10-08T18:21	64.92310	3.63156	8.630	185.3
2020-10-08T18:31	64.89896	3.62660	8.724	185.0
2020-10-08T18:41	64.87494	3.62142	8.685	185.2
2020-10-08T18:51	64.85094	3.61643	8.673	185.1
2020-10-08T19:01	64.82689	3.61136	8.693	185.1
2020-10-08T19:11	64.80254	3.60613	8.806	185.2
2020-10-08T19:21	64.77859	3.60119	8.656	185.0
2020-10-08T19:31	64.75470	3.59613	8.637	185.2
2020-10-08T19:41	64.73078	3.59098	8.647	185.2
2020-10-08T19:51	64.70650	3.58593	8.780	185.1
2020-10-08T20:01	64.68231	3.58073	8.745	185.2
2020-10-08T20:11	64.65773	3.57565	8.883	185.1
2020-10-08T20:21	64.63407	3.57077	8.553	185.0
2020-10-08T20:31	64.61071	3.56579	8.446	185.2
2020-10-08T20:41	64.58658	3.56071	8.723	185.2
2020-10-08T20:51	64.56252	3.55585	8.696	185.0
2020-10-08T21:01	64.53907	3.55084	8.478	185.2
2020-10-08T21:11	64.51550	3.54596	8.519	185.1
2020-10-08T21:21	64.49241	3.54118	8.346	185.1
2020-10-08T21:31	64.46965	3.53637	8.230	185.2
2020-10-08T21:41	64.44644	3.53156	8.389	185.1
2020-10-08T21:51	64.42290	3.52657	8.510	185.2
2020-10-08T22:01	64.39910	3.52172	8.604	185.0
2020-10-08T22:11	64.37541	3.51667	8.564	185.3
2020-10-08T22:21	64.35184	3.51182	8.521	185.1
2020-10-08T22:31	64.32840	3.50719	8.471	184.9
2020-10-08T22:41	64.30539	3.50231	8.317	185.3
2020-10-08T22:51	64.28239	3.49741	8.319	185.3
2020-10-08T23:01	64.25964	3.49273	8.222	185.1
2020-10-08T23:11	64.23691	3.48808	8.218	185.1
2020-10-08T23:21	64.21435	3.48353	8.152	185.0
2020-10-08T23:31	64.19162	3.47883	8.219	185.1
2020-10-08T23:41	64.16824	3.47405	8.449	185.1
2020-10-08T23:51	64.14363	3.46900	8.897	185.1
2020-10-09T00:01	64.11882	3.46372	8.970	185.3
2020-10-09T00:11	64.09387	3.45865	9.021	185.1
2020-10-09T00:21	64.07048	3.45374	8.457	185.2
2020-10-09T00:31	64.04736	3.44911	8.355	185.0
2020-10-09T00:41	64.02410	3.44440	8.409	185.1
2020-10-09T00:51	64.00097	3.43957	8.361	185.2
2020-10-09T01:01	63.97809	3.43489	8.270	185.1
2020-10-09T01:11	63.95552	3.43029	8.162	185.1
2020-10-09T01:21	63.93298	3.42567	8.147	185.2
2020-10-09T01:31	63.91024	3.42104	8.220	185.1
2020-10-09T01:41	63.88715	3.41647	8.347	185.0
2020-10-09T01:51	63.86367	3.41159	8.488	185.2
2020-10-09T02:01	63.84017	3.40676	8.497	185.2
2020-10-09T02:11	63.81654	3.40205	8.540	185.0
2020-10-09T02:21	63.79276	3.39721	8.598	185.1
2020-10-09T02:31	63.76909	3.39220	8.557	185.3
2020-10-09T02:41	63.74532	3.38748	8.593	185.0
2020-10-09T02:51	63.72161	3.38274	8.569	185.1
2020-10-09T03:01	63.69751	3.37774	8.715	185.2
2020-10-09T03:11	63.67314	3.37282	8.810	185.1
2020-10-09T03:21	63.64850	3.36783	8.907	185.1
2020-10-09T03:31	63.62374	3.36289	8.948	185.1
2020-10-09T03:41	63.59886	3.35774	8.997	185.3
2020-10-09T03:51	63.57377	3.35279	9.066	185.0
2020-10-09T04:01	63.54877	3.34771	9.039	185.2
2020-10-09T04:11	63.52376	3.34277	9.041	185.0
2020-10-09T04:21	63.49889	3.33753	8.994	185.4
2020-10-09T04:31	63.47393	3.33269	9.020	185.0
2020-10-09T04:41	63.44964	3.32802	8.778	184.9
2020-10-09T04:51	63.42637	3.32319	8.414	185.3
2020-10-09T05:01	63.40327	3.31840	8.353	185.3
2020-10-09T05:11	63.37998	3.31373	8.419	185.1
2020-10-09T05:21	63.35721	3.30944	8.229	184.8
2020-10-09T05:31	63.33497	3.30478	8.041	185.4
2020-10-09T05:41	63.31210	3.30020	8.270	185.1
2020-10-09T05:51	63.28856	3.29569	8.506	184.9
2020-10-09T06:01	63.26505	3.29089	8.502	185.2
2020-10-09T06:11	63.24211	3.28626	8.293	185.2
2020-10-09T06:21	63.21929	3.28188	8.246	184.9
2020-10-09T06:31	63.19539	3.27708	8.640	185.2
2020-10-09T06:41	63.17085	3.27215	8.874	185.2
2020-10-09T06:51	63.14608	3.26714	8.952	185.2
2020-10-09T07:01	63.12137	3.26233	8.932	185.0
2020-10-09T07:11	63.09720	3.25736	8.739	185.3
2020-10-09T07:21	63.07403	3.25286	8.375	185.0
2020-10-09T07:31	63.05026	3.24821	8.591	185.1
2020-10-09T07:41	63.02647	3.24365	8.599	185.0
2020-10-09T07:51	63.00296	3.23894	8.501	185.2
2020-10-09T08:01	62.97998	3.23417	8.308	185.4
2020-10-09T08:11	62.95710	3.22966	8.271	185.1
2020-10-09T08:21	62.93376	3.22525	8.436	184.9
2020-10-09T08:31	62.90992	3.22045	8.620	185.2
2020-10-09T08:41	62.88620	3.21574	8.575	185.2
2020-10-09T08:51	62.86261	3.21114	8.526	185.1
2020-10-09T09:01	62.83888	3.20646	8.579	185.1
2020-10-09T09:11	62.81504	3.20171	8.617	185.2
2020-10-09T09:21	62.79108	3.19709	8.661	185.0
2020-10-09T09:31	62.76699	3.19235	8.708	185.1
2020-10-09T09:41	62.74297	3.18761	8.685	185.2
2020-10-09T09:51	62.71925	3.18385	8.562	184.2
2020-10-09T10:01	62.69514	3.18354	8.683	180.3
2020-10-09T10:11	62.67114	3.18331	8.641	180.3
2020-10-09T10:21	62.64722	3.18299	8.610	180.4
2020-10-09T10:31	62.62273	3.18262	8.819	180.4
2020-10-09T10:41	62.59839	3.18233	8.763	180.3
2020-10-09T10:51	62.57404	3.18197	8.767	180.4
2020-10-09T11:01	62.54975	3.18166	8.747	180.3
2020-10-09T11:11	62.52574	3.18143	8.646	180.3
2020-10-09T11:21	62.50229	3.18111	8.441	180.4
2020-10-09T11:31	62.47889	3.18070	8.425	180.5
2020-10-09T11:41	62.45524	3.18048	8.518	180.2
2020-10-09T11:51	62.43164	3.18024	8.497	180.3
2020-10-09T12:01	62.40798	3.17999	8.518	180.3
2020-10-09T12:11	62.38396	3.17949	8.647	180.5
2020-10-09T12:21	62.35977	3.17923	8.711	180.3
2020-10-09T12:31	62.33550	3.17890	8.738	180.4
2020-10-09T12:41	62.31121	3.17854	8.745	180.4
2020-10-09T12:51	62.28734	3.17826	8.596	180.3
2020-10-09T13:01	62.26353	3.17797	8.571	180.3
2020-10-09T13:11	62.23972	3.17783	8.572	180.2
2020-10-09T13:21	62.21619	3.17741	8.474	180.5
2020-10-09T13:31	62.19254	3.17714	8.516	180.3
2020-10-09T13:41	62.16835	3.17681	8.708	180.4
2020-10-09T13:51	62.14360	3.17655	8.913	180.3
2020-10-09T14:01	62.11913	3.17626	8.808	180.3
2020-10-09T14:11	62.09480	3.17797	8.766	178.1
2020-10-09T14:21	62.07066	3.17273	8.735	185.8
2020-10-09T14:31	62.04542	3.17530	9.098	177.3
2020-10-09T14:41	62.02100	3.17490	8.793	180.4
2020-10-09T14:51	61.99653	3.17458	8.810	180.4
2020-10-09T15:01	61.97174	3.17447	8.927	180.1
2020-10-09T15:11	61.94693	3.17446	8.934	180.0
2020-10-09T15:21	61.92240	3.17440	8.830	180.1
2020-10-09T15:31	61.89789	3.17440	8.825	180.0
2020-10-09T15:41	61.87324	3.17420	8.875	180.2
2020-10-09T15:51	61.84835	3.17416	8.963	180.0
2020-10-09T16:01	61.82346	3.17410	8.961	180.1
2020-10-09T16:11	61.79902	3.17404	8.801	180.1
2020-10-09T16:21	61.77499	3.17397	8.650	180.1
2020-10-09T16:31	61.75111	3.17380	8.599	180.2
2020-10-09T16:41	61.72723	3.17384	8.599	180.0
2020-10-09T16:51	61.70330	3.17374	8.615	180.1
2020-10-09T17:01	61.67948	3.17365	8.575	180.1
2020-10-09T17:11	61.65591	3.17359	8.486	180.1
2020-10-09T17:21	61.63245	3.17346	8.448	180.1
2020-10-09T17:31	61.60914	3.17346	8.393	180.0
2020-10-09T17:41	61.58579	3.17339	8.406	180.1
2020-10-09T17:51	61.56233	3.17326	8.449	180.2
2020-10-09T18:01	61.53880	3.17324	8.471	180.0
2020-10-09T18:11	61.51500	3.17319	8.570	180.1
2020-10-09T18:21	61.49158	3.17308	8.430	180.1
2020-10-09T18:31	61.46846	3.17313	8.324	179.9
2020-10-09T18:41	61.44456	3.17308	8.605	180.1
2020-10-09T18:51	61.42031	3.17292	8.732	180.2
2020-10-09T19:01	61.39613	3.17277	8.705	180.2
2020-10-09T19:11	61.37233	3.17274	8.570	180.0
2020-10-09T19:21	61.34854	3.17252	8.565	180.3
2020-10-09T19:31	61.32475	3.17266	8.567	179.8
2020-10-09T19:41	61.30106	3.17255	8.530	180.1
2020-10-09T19:51	61.27742	3.17245	8.512	180.1
2020-10-09T20:01	61.25358	3.17229	8.583	180.2
2020-10-09T20:11	61.22940	3.17236	8.704	179.9
2020-10-09T20:21	61.20577	3.17246	8.510	179.9
2020-10-09T20:31	61.18170	3.17203	8.667	180.5
2020-10-09T20:41	61.15774	3.17196	8.627	180.1
2020-10-09T20:51	61.13354	3.17201	8.713	179.9
2020-10-09T21:01	61.10948	3.17196	8.661	180.1
2020-10-09T21:11	61.08561	3.17191	8.594	180.1
2020-10-09T21:21	61.06156	3.17185	8.658	180.1
2020-10-09T21:31	61.03727	3.17171	8.746	180.2
2020-10-09T21:41	61.01271	3.17169	8.843	180.0
2020-10-09T21:51	60.98840	3.17166	8.755	180.0
2020-10-09T22:01	60.96456	3.17157	8.580	180.1
2020-10-09T22:11	60.94074	3.17136	8.579	180.2
2020-10-09T22:21	60.91695	3.17148	8.565	179.9
2020-10-09T22:31	60.89315	3.17132	8.570	180.2
2020-10-09T22:41	60.86906	3.17172	8.675	179.5
2020-10-09T22:51	60.84494	3.18111	8.838	169.3
2020-10-09T23:01	60.82117	3.19051	8.716	169.1
2020-10-09T23:11	60.79739	3.19967	8.711	169.3
2020-10-09T23:21	60.77344	3.20895	8.776	169.3
2020-10-09T23:31	60.74975	3.21848	8.691	168.9
2020-10-09T23:41	60.72573	3.22742	8.792	169.7
2020-10-09T23:51	60.70178	3.23667	8.774	169.3
2020-10-10T00:01	60.67820	3.24610	8.653	168.9
2020-10-10T00:11	60.65502	3.25501	8.493	169.3
2020-10-10T00:21	60.63237	3.26377	8.298	169.3
2020-10-10T00:31	60.61009	3.27246	8.167	169.2
2020-10-10T00:41	60.58813	3.28107	8.052	169.1
2020-10-10T00:51	60.56560	3.28960	8.254	169.5
2020-10-10T01:01	60.54292	3.29818	8.303	169.5
2020-10-10T01:11	60.52005	3.30708	8.384	169.2
2020-10-10T01:21	60.49746	3.31583	8.281	169.2
2020-10-10T01:31	60.47508	3.32455	8.207	169.1
2020-10-10T01:41	60.45276	3.33317	8.180	169.2
2020-10-10T01:51	60.43038	3.34166	8.197	169.4
2020-10-10T02:01	60.40792	3.35022	8.227	169.3
2020-10-10T02:11	60.38536	3.35894	8.270	169.2
2020-10-10T02:21	60.36292	3.36756	8.225	169.2
2020-10-10T02:31	60.34022	3.37622	8.315	169.3
2020-10-10T02:41	60.31746	3.38496	8.344	169.2
2020-10-10T02:51	60.29485	3.39384	8.291	169.0
2020-10-10T03:01	60.27191	3.40250	8.404	169.4
2020-10-10T03:11	60.24846	3.41130	8.586	169.4
2020-10-10T03:21	60.22468	3.42038	8.717	169.3
2020-10-10T03:31	60.20102	3.42943	8.671	169.2
2020-10-10T03:41	60.17745	3.43838	8.634	169.3
2020-10-10T03:51	60.15398	3.44747	8.605	169.1
2020-10-10T04:01	60.13065	3.45652	8.555	169.1
2020-10-10T04:11	60.10735	3.46517	8.534	169.5
2020-10-10T04:21	60.08456	3.47390	8.352	169.2
2020-10-10T04:31	60.06227	3.48234	8.167	169.3
2020-10-10T04:41	60.04049	3.49069	7.983	169.2
2020-10-10T04:51	60.01891	3.49877	7.907	169.4
2020-10-10T05:01	59.99733	3.50713	7.912	169.0
2020-10-10T05:11	59.97517	3.51547	8.121	169.3
2020-10-10T05:21	59.95250	3.52419	8.312	169.1
2020-10-10T05:31	59.92965	3.53265	8.366	169.5
2020-10-10T05:41	59.90667	3.54128	8.420	169.3
2020-10-10T05:51	59.88437	3.55003	8.182	168.9
2020-10-10T06:01	59.86301	3.55782	7.818	169.6
2020-10-10T06:11	59.83992	3.56673	8.467	169.0
2020-10-10T06:21	59.81605	3.57561	8.744	169.4
2020-10-10T06:31	59.79214	3.58462	8.761	169.3
2020-10-10T06:41	59.76819	3.59365	8.779	169.3
2020-10-10T06:51	59.74392	3.60280	8.895	169.2
2020-10-10T07:01	59.71938	3.61195	8.989	169.3
2020-10-10T07:11	59.69596	3.62090	8.588	169.1
2020-10-10T07:21	59.67369	3.62925	8.161	169.3
2020-10-10T07:31	59.65137	3.63761	8.179	169.3
2020-10-10T07:41	59.62890	3.64605	8.232	169.2
2020-10-10T07:51	59.60571	3.65483	8.503	169.2
2020-10-10T08:01	59.58228	3.66354	8.582	169.3
2020-10-10T08:11	59.55858	3.67241	8.687	169.3
2020-10-10T08:21	59.53499	3.68105	8.638	169.5
2020-10-10T08:31	59.51146	3.69006	8.629	169.0
2020-10-10T08:41	59.48812	3.69873	8.554	169.3
2020-10-10T08:51	59.46486	3.70749	8.525	169.2
2020-10-10T09:01	59.44161	3.71624	8.524	169.2
2020-10-10T09:11	59.41836	3.72496	8.523	169.2
2020-10-10T09:21	59.39486	3.73363	8.607	169.4
2020-10-10T09:31	59.37104	3.74258	8.734	169.2
2020-10-10T09:41	59.34677	3.75144	8.886	169.4
2020-10-10T09:51	59.32269	3.76036	8.824	169.3
2020-10-10T10:01	59.29876	3.76925	8.769	169.3
2020-10-10T10:11	59.27439	3.77829	8.932	169.3
2020-10-10T10:21	59.25090	3.78707	8.609	169.2
2020-10-10T10:31	59.22879	3.79515	8.098	169.4
2020-10-10T10:41	59.20642	3.80356	8.203	169.1
2020-10-10T10:51	59.18424	3.81182	8.131	169.2
2020-10-10T11:01	59.16246	3.81909	7.956	170.3
2020-10-10T11:11	59.14013	3.82802	8.208	168.4
2020-10-10T11:21	59.11809	3.83624	8.079	169.2
2020-10-10T11:31	59.09558	3.84467	8.251	169.1
2020-10-10T11:41	59.07113	3.85365	8.958	169.3
2020-10-10T11:51	59.04654	3.86277	9.016	169.2
2020-10-10T12:01	59.02245	3.87163	8.825	169.3
2020-10-10T12:11	58.99830	3.88066	8.854	169.1
2020-10-10T12:21	58.97501	3.88904	8.531	169.5
2020-10-10T12:31	58.95249	3.89765	8.263	168.8
2020-10-10T12:41	58.93012	3.91129	8.443	162.5
2020-10-10T12:51	58.90817	3.92955	8.602	156.7
2020-10-10T13:01	58.88658	3.94749	8.460	156.8
2020-10-10T13:11	58.86480	3.96531	8.515	157.1
2020-10-10T13:21	58.84302	3.98335	8.531	156.8
2020-10-10T13:31	58.82132	4.00144	8.508	156.6
2020-10-10T13:41	58.80033	4.01892	8.232	156.7
2020-10-10T13:51	58.77920	4.03626	8.266	157.0
2020-10-10T14:01	58.75800	4.05365	8.293	157.0
2020-10-10T14:11	58.73656	4.07141	8.404	156.7
2020-10-10T14:21	58.71479	4.08927	8.519	156.9
2020-10-10T14:31	58.69327	4.10714	8.438	156.7
2020-10-10T14:41	58.67188	4.12468	8.372	156.9
2020-10-10T14:51	58.65024	4.14258	8.481	156.7
2020-10-10T15:01	58.62844	4.16062	8.547	156.7
2020-10-10T15:11	58.60642	4.17847	8.605	157.1
2020-10-10T15:21	58.58431	4.19667	8.663	156.8
2020-10-10T15:31	58.56234	4.21474	8.608	156.8
2020-10-10T15:41	58.54057	4.23262	8.526	156.8
2020-10-10T15:51	58.51918	4.25003	8.369	157.0
2020-10-10T16:01	58.49788	4.26764	8.354	156.6
2020-10-10T16:11	58.47634	4.28517	8.428	156.9
2020-10-10T16:21	58.45497	4.30280	8.377	156.7
2020-10-10T16:31	58.43376	4.32010	8.306	156.9
2020-10-10T16:41	58.41245	4.33743	8.339	156.9
2020-10-10T16:51	58.39109	4.35487	8.364	156.8
2020-10-10T17:01	58.36998	4.37211	8.269	156.8
2020-10-10T17:11	58.34868	4.38949	8.342	156.8
2020-10-10T17:21	58.32696	4.40729	8.513	156.7
2020-10-10T17:31	58.30531	4.42488	8.474	156.9
2020-10-10T17:41	58.28355	4.44256	8.521	156.9
2020-10-10T17:51	58.26136	4.46072	8.697	156.7
2020-10-10T18:01	58.23885	4.47904	8.818	156.8
2020-10-10T18:11	58.21628	4.49722	8.826	157.0
2020-10-10T18:21	58.19389	4.51552	8.777	156.7
2020-10-10T18:31	58.17173	4.53345	8.674	156.9
2020-10-10T18:41	58.14966	4.55139	8.645	156.8
2020-10-10T18:51	58.12787	4.56905	8.533	156.8
2020-10-10T19:01	58.10605	4.58678	8.551	156.8
2020-10-10T19:11	58.08417	4.60448	8.568	156.8
2020-10-10T19:21	58.06231	4.62218	8.560	156.8
2020-10-10T19:31	58.04045	4.63978	8.556	156.9
2020-10-10T19:41	58.01864	4.65754	8.553	156.7
2020-10-10T19:51	57.99680	4.67512	8.547	156.9
2020-10-10T20:01	57.97496	4.69273	8.553	156.8
2020-10-10T20:11	57.95293	4.71062	8.635	156.7
2020-10-10T20:21	57.93128	4.72787	8.463	157.1
2020-10-10T20:31	57.90953	4.74543	8.521	156.8
2020-10-10T20:41	57.88770	4.76303	8.551	156.8
2020-10-10T20:51	57.86584	4.78062	8.562	156.8
2020-10-10T21:01	57.84400	4.79830	8.560	156.7
2020-10-10T21:11	57.82215	4.81581	8.555	156.9
2020-10-10T21:21	57.80023	4.83338	8.582	156.9
2020-10-10T21:31	57.77845	4.85097	8.538	156.7
2020-10-10T21:41	57.75677	4.86816	8.473	157.1
2020-10-10T21:51	57.73522	4.88562	8.453	156.6
2020-10-10T22:01	57.71321	4.90321	8.617	156.9
2020-10-10T22:11	57.69105	4.92089	8.674	156.9
2020-10-10T22:21	57.66882	4.93866	8.704	156.8
2020-10-10T22:31	57.64669	4.95654	8.679	156.6
2020-10-10T22:41	57.62456	4.97412	8.660	157.0
2020-10-10T22:51	57.60257	4.99167	8.611	156.8
2020-10-10T23:01	57.58058	5.00921	8.612	156.8
2020-10-10T23:11	57.55862	5.02677	8.601	156.8
2020-10-10T23:21	57.53685	5.04432	8.542	156.6
2020-10-10T23:31	57.51497	5.06159	8.556	157.0
2020-10-10T23:41	57.49344	5.07878	8.432	156.8
2020-10-10T23:51	57.47160	5.09608	8.547	156.9
2020-10-11T00:01	57.44949	5.11367	8.661	156.8
2020-10-11T00:11	57.42750	5.13123	8.617	156.7
2020-10-11T00:21	57.40559	5.14855	8.574	156.9
2020-10-11T00:31	57.38399	5.16567	8.456	156.9
2020-10-11T00:41	57.36236	5.18295	8.481	156.7
2020-10-11T00:51	57.34092	5.19996	8.394	156.8
2020-10-11T01:01	57.31946	5.21696	8.405	156.8
2020-10-11T01:11	57.29772	5.23424	8.516	156.8
2020-10-11T01:21	57.27560	5.25169	8.658	156.9
2020-10-11T01:31	57.25357	5.26914	8.630	156.8
2020-10-11T01:41	57.23161	5.28651	8.601	156.8
2020-10-11T01:51	57.20974	5.30375	8.559	156.9
2020-10-11T02:01	57.18794	5.32106	8.546	156.7
2020-10-11T02:11	57.16582	5.33842	8.656	157.0
2020-10-11T02:21	57.14358	5.35602	8.714	156.8
2020-10-11T02:31	57.12116	5.37367	8.776	156.9
2020-10-11T02:41	57.09861	5.39146	8.834	156.8
2020-10-11T02:51	57.07607	5.40919	8.827	156.8
2020-10-11T03:01	57.05346	5.42698	8.853	156.8
2020-10-11T03:11	57.03095	5.44466	8.813	156.8
2020-10-11T03:21	57.00873	5.46214	8.704	156.8
2020-10-11T03:31	56.98631	5.47979	8.783	156.8
2020-10-11T03:41	56.96390	5.49735	8.773	156.9
2020-10-11T03:51	56.94150	5.51503	8.781	156.7
2020-10-11T04:01	56.91916	5.53253	8.748	156.8
2020-10-11T04:11	56.89683	5.55004	8.745	156.8
2020-10-11T04:21	56.87454	5.56739	8.721	157.0
2020-10-11T04:31	56.85109	5.57710	8.656	167.2
2020-10-11T04:41	56.82732	5.58519	8.706	169.4
2020-10-11T04:51	56.80368	5.59452	8.709	167.8
2020-10-11T05:01	56.78127	5.59947	8.125	173.1
2020-10-11T05:11	56.76032	5.62038	8.597	151.3
2020-10-11T05:21	56.73903	5.64165	8.741	151.3
2020-10-11T05:31	56.71787	5.66302	8.707	151.0
2020-10-11T05:41	56.69663	5.68402	8.704	151.5
2020-10-11T05:51	56.67477	5.70186	8.625	155.8
2020-10-11T06:01	56.65208	5.71519	8.584	162.1
2020-10-11T06:11	56.62944	5.72828	8.555	162.4
2020-10-11T06:21	56.60689	5.74141	8.526	162.2
2020-10-11T06:31	56.58445	5.75427	8.472	162.5
2020-10-11T06:41	56.56215	5.76738	8.439	162.0
2020-10-11T06:51	56.54008	5.78009	8.338	162.4
2020-10-11T07:01	56.51793	5.79299	8.376	162.2
2020-10-11T07:11	56.49942	5.80356	6.989	162.5
2020-10-11T07:21	56.47916	5.81523	7.652	162.4
2020-10-11T07:31	56.45654	5.82835	8.555	162.2
2020-10-11T07:41	56.43411	5.84124	8.471	162.4
2020-10-11T07:51	56.41174	5.85426	8.463	162.2
2020-10-11T08:01	56.38952	5.86704	8.396	162.3
2020-10-11T08:11	56.36696	5.88005	8.525	162.3
2020-10-11T08:21	56.34438	5.89292	8.524	162.5
2020-10-11T08:31	56.32171	5.90614	8.580	162.1
2020-10-11T08:41	56.29885	5.91917	8.631	162.4
2020-10-11T08:51	56.27662	5.93191	8.399	162.3
2020-10-11T09:01	56.25481	5.94457	8.250	162.1
2020-10-11T09:11	56.23279	5.95710	8.317	162.5
2020-10-11T09:21	56.21069	5.96981	8.353	162.3
2020-10-11T09:31	56.18832	5.98271	8.459	162.2
2020-10-11T09:41	56.16599	5.99554	8.442	162.3
2020-10-11T09:51	56.14355	6.00829	8.475	162.4
2020-10-11T10:01	56.12097	6.02120	8.532	162.3
2020-10-11T10:11	56.09854	6.03408	8.478	162.2
2020-10-11T10:21	56.07584	6.04699	8.576	162.4
2020-10-11T10:31	56.05299	6.06012	8.640	162.2
2020-10-11T10:41	56.03016	6.07317	8.629	162.3
2020-10-11T10:51	56.00713	6.08625	8.700	162.4
2020-10-11T11:01	55.98419	6.09929	8.668	162.4
2020-10-11T11:11	55.96132	6.11241	8.646	162.2
2020-10-11T11:21	55.93821	6.12559	8.734	162.3
2020-10-11T11:31	55.91520	6.13877	8.702	162.2
2020-10-11T11:41	55.89260	6.15158	8.539	162.4
2020-10-11T11:51	55.86988	6.16444	8.580	162.4
2020-10-11T12:01	55.84704	6.17738	8.631	162.4
2020-10-11T12:11	55.82414	6.19053	8.664	162.1
2020-10-11T12:21	55.80129	6.20344	8.629	162.4
2020-10-11T12:31	55.77875	6.21625	8.523	162.3
2020-10-11T12:41	55.75610	6.22903	8.556	162.4
2020-10-11T12:51	55.73354	6.24190	8.530	162.2
2020-10-11T13:01	55.71075	6.25473	8.608	162.4
2020-10-11T13:11	55.68794	6.26777	8.628	162.1
2020-10-11T13:21	55.66508	6.28057	8.631	162.5
2020-10-11T13:31	55.64207	6.29369	8.704	162.2
2020-10-11T13:41	55.61956	6.30630	8.501	162.4
2020-10-11T13:51	55.59716	6.31893	8.462	162.3
2020-10-11T14:01	55.57456	6.33176	8.548	162.2
2020-10-11T14:11	55.55185	6.34449	8.578	162.4
2020-10-11T14:21	55.52921	6.35726	8.555	162.3
2020-10-11T14:31	55.50640	6.37018	8.624	162.2
2020-10-11T14:41	55.48376	6.38294	8.559	162.3
2020-10-11T14:51	55.46117	6.39562	8.536	162.4
2020-10-11T15:01	55.43863	6.40830	8.516	162.3
2020-10-11T15:11	55.41611	6.42098	8.514	162.3
2020-10-11T15:21	55.39376	6.43354	8.447	162.3
2020-10-11T15:31	55.37197	6.44906	8.461	158.0
2020-10-11T15:41	55.35065	6.46680	8.493	154.7
2020-10-11T15:51	55.32937	6.48458	8.483	154.6
2020-10-11T16:01	55.30821	6.50222	8.432	154.6
2020-10-11T16:11	55.28712	6.51979	8.404	154.6
2020-10-11T16:21	55.26618	6.53730	8.353	154.5
2020-10-11T16:31	55.24526	6.55472	8.337	154.6
2020-10-11T16:41	55.22448	6.57199	8.278	154.6
2020-10-11T16:51	55.20377	6.58919	8.251	154.6
2020-10-11T17:01	55.18307	6.60637	8.248	154.6
2020-10-11T17:11	55.16254	6.62349	8.188	154.5
2020-10-11T17:21	55.14197	6.64051	8.193	154.7
2020-10-11T17:31	55.12139	6.65761	8.203	154.6
2020-10-11T17:41	55.10090	6.67461	8.165	154.6
2020-10-11T17:51	55.08059	6.69150	8.099	154.5
2020-10-11T18:01	55.06012	6.70840	8.151	154.7
2020-10-11T18:11	55.03936	6.72560	8.273	154.6
2020-10-11T18:21	55.01852	6.74279	8.302	154.7
2020-10-11T18:31	54.99760	6.76021	8.346	154.5
2020-10-11T18:41	54.97727	6.77702	8.103	154.6
2020-10-11T18:51	54.95595	6.79463	8.494	154.6
2020-10-11T19:01	54.93458	6.81231	8.518	154.6
2020-10-11T19:11	54.91348	6.82965	8.403	154.7
2020-10-11T19:21	54.89246	6.84708	8.384	154.5
2020-10-11T19:31	54.87127	6.86458	8.448	154.6
2020-10-11T19:41	54.84994	6.88215	8.496	154.6
2020-10-11T19:51	54.82825	6.90002	8.646	154.6
2020-10-11T20:01	54.80612	6.91821	8.814	154.6
2020-10-11T20:11	54.78387	6.93665	8.881	154.5
2020-10-11T20:21	54.76191	6.95600	8.867	153.0
2020-10-11T20:31	54.73955	6.97313	8.804	156.1
2020-10-11T20:41	54.71742	6.99123	8.811	154.7
2020-10-11T20:51	54.69529	7.00938	8.819	154.6
2020-10-11T21:01	54.67317	7.02750	8.811	154.7
2020-10-11T21:11	54.65110	7.04564	8.800	154.6
2020-10-11T21:21	54.62892	7.06376	8.833	154.7
2020-10-11T21:31	54.60689	7.08184	8.780	154.6
2020-10-11T21:41	54.58489	7.09987	8.772	154.6
2020-10-11T21:51	54.56300	7.11791	8.731	154.5
2020-10-11T22:01	54.54132	7.13551	8.630	154.8
2020-10-11T22:11	54.51954	7.15336	8.684	154.6
2020-10-11T22:21	54.49727	7.17155	8.874	154.6
2020-10-11T22:31	54.47447	7.19019	9.087	154.6
2020-10-11T22:41	54.45223	7.20842	8.870	154.5
2020-10-11T22:51	54.43042	7.22606	8.677	154.8
2020-10-11T23:01	54.40906	7.24359	8.524	154.5
2020-10-11T23:11	54.38741	7.26114	8.617	154.7
2020-10-11T23:21	54.36578	7.27885	8.631	154.5
2020-10-11T23:31	54.34420	7.29640	8.597	154.6
2020-10-11T23:41	54.32283	7.31381	8.519	154.6
2020-10-11T23:51	54.30167	7.33099	8.431	154.6
2020-10-12T00:01	54.28040	7.34823	8.469	154.7
2020-10-12T00:11	54.25903	7.36567	8.523	154.5
2020-10-12T00:21	54.23738	7.38268	8.577	155.3
2020-10-12T00:31	54.21557	7.39957	8.621	155.6
2020-10-12T00:41	54.19355	7.41651	8.694	155.8
2020-10-12T00:51	54.17205	7.43327	8.508	155.5
2020-10-12T01:01	54.15229	7.45162	8.098	151.4
2020-10-12T01:11	54.13256	7.46995	8.089	151.4
2020-10-12T01:21	54.11255	7.48843	8.193	151.6
2020-10-12T01:31	54.09213	7.50736	8.366	151.5
2020-10-12T01:41	54.07160	7.52630	8.407	151.6
2020-10-12T01:51	54.05104	7.54532	8.422	151.5
2020-10-12T02:01	54.03084	7.56408	8.286	151.4
2020-10-12T02:11	54.01054	7.58030	8.074	154.9
2020-10-12T02:21	53.98942	7.59253	8.033	161.2
2020-10-12T02:31	53.96836	7.60381	7.952	162.5
2020-10-12T02:41	53.94918	7.62422	8.145	147.9
2020-10-12T02:51	53.92935	7.65715	9.986	135.7
2020-10-12T03:01	53.90926	7.68643	9.531	139.3
2020-10-12T03:11	53.89180	7.73911	12.824	119.3
2020-10-12T03:21	53.87615	7.80554	15.180	111.8
2020-10-12T03:31	53.86918	7.86271	12.393	101.7
2020-10-12T03:41	53.86128	7.92389	13.296	102.3
2020-10-12T03:51	53.85158	7.99534	15.572	102.9
2020-10-12T04:01	53.83636	8.06298	15.377	110.9
2020-10-12T04:11	53.80972	8.11790	15.108	129.4
2020-10-12T04:21	53.77581	8.16476	15.760	140.8
2020-10-12T04:31	53.74364	8.21627	15.949	136.5
2020-10-12T04:41	53.71944	8.27864	15.887	123.2
2020-10-12T04:51	53.69475	8.33924	15.678	124.5
2020-10-12T05:01	53.66124	8.38689	15.777	139.9
2020-10-12T05:11	53.63335	8.44366	15.736	129.6
2020-10-12T05:21	53.61718	8.48170	9.994	125.6
2020-10-12T05:31	53.59880	8.50746	8.604	140.2
2020-10-12T05:41	53.57937	8.52945	8.430	146.1
2020-10-12T05:51	53.56668	8.54242	5.346	148.7
2020-10-12T05:59	53.55850	8.55004	3.832	151.0
