/* DATA DESCRIPTION:
Citation:	Rex, Markus (2020): Links to master tracks in different resolutions of POLARSTERN cruise PS122/1, Tromsø - Arctic Ocean, 2019-09-20 - 2019-12-13 (Version 2) [dataset]. Alfred Wegener Institute, Helmholtz Centre for Polar and Marine Research, Bremerhaven, PANGAEA, https://doi.org/10.1594/PANGAEA.924668
Abstract:	Raw data acquired by position sensors on board RV Polarstern during expedition PS122_1 was processed to receive a validated master track which can be used as reference of further expedition data. During PS122_1 two Trimble Marine SPS461 GPS receivers and the iXBlue HYDRINS hydrographic survey inertial navigation system were used as navigation sensors. Data were downloaded from DAVIS SHIP data base (https://dship.o2a-data.de) with a resolution of 1 sec. Processing and evaluation of the data is outlined in the data processing report found at EPIC repository https://hdl.handle.net/10013/epic.14eb801d-744f-4467-9c6a-3bd72ef41fd3. Processed data are provided as a master track with 1 sec resolution derived from the position sensors' data selected by priority and a generalized track with a reduced set of the most significant positions of the master track.
Other version:	Rex, Markus (2020): Master track of POLARSTERN cruise PS122/1 in 1 sec resolution (zipped, 43.3 MB) [dataset]. Alfred Wegener Institute, Helmholtz Centre for Polar and Marine Research, Bremerhaven, PANGAEA, https://doi.org/10.1594/PANGAEA.924669
Data processing report:	Processing report for navigation sensors from POLARSTERN cruise PS122/1. https://epic.awi.de/id/eprint/50958/13/PS122_1_nav_valid.jpg
Further details:	Event list of POLARSTERN cruise PS122/1 (URI: https://www.pangaea.de/expeditions/events/PS122%2F1)
	Generalized master track of POLARSTERN cruise PS122/1 (Version 2) (URI: https://hs.pangaea.de/nav/mastertrack/ps/PS122_1_mastertrack_generalized_V2.zip)
	Trackline map of navigation sensors from POLARSTERN cruise PS122/1 (URI: https://epic.awi.de/id/eprint/50958/13/PS122_1_nav_valid.jpg)
Project(s):	Multidisciplinary drifting Observatory for the Study of Arctic Climate (MOSAiC) (URI: https://mosaic-expedition.org/)
Funding:	Alfred Wegener Institute, Helmholtz Centre for Polar and Marine Research, Bremerhaven (AWI) (URI: https://www.awi.de/), grant/award no. AFMOSAiC-1_00: Multidisciplinary drifting Observatory for the Study of Arctic Climate
	Alfred Wegener Institute, Helmholtz Centre for Polar and Marine Research, Bremerhaven (AWI) (URI: https://www.awi.de/), grant/award no. AWI_PS122_00: Multidisciplinary drifting Observatory for the Study of Arctic Climate / MOSAiC
Coverage:	MEDIAN LATITUDE: 84.972150 * MEDIAN LONGITUDE: 120.511573 * SOUTH-BOUND LATITUDE: 69.679406 * WEST-BOUND LONGITUDE: 18.996644 * NORTH-BOUND LATITUDE: 86.598812 * EAST-BOUND LONGITUDE: 138.136514
	DATE/TIME START: 2019-09-20T17:50:00 * DATE/TIME END: 2019-12-13T08:59:47
Event(s):	PS122/1-track * LATITUDE START: 69.679550 * LONGITUDE START: 18.996650 * LATITUDE END: 86.593190 * LONGITUDE END: 119.241500 * DATE/TIME START: 2019-09-20T17:30:00 * DATE/TIME END: 2019-12-13T09:04:45 * LOCATION: Arctic Ocean * CAMPAIGN: PS122/1 (MOSAiC20192020) * BASIS: Polarstern (URI: https://doi.org/10.17815/jlsrf-3-163) * METHOD/DEVICE: Underway cruise track measurements (CT) * COMMENT: Tromsø - Arctic Ocean, MOSAiC Leg 1
Comment:	This dataset contains the master track in 10 min resolution, for other resolutions please see "Further details" and Other version" references. 
	Version 2, with an improved processing compared to V1.
Parameter(s):	DATE/TIME (Date/Time) * GEOCODE
	LATITUDE (Latitude) * GEOCODE
	LONGITUDE (Longitude) * GEOCODE
	Speed [kn] (Speed) * METHOD/DEVICE: Calculated * COMMENT: 10-min average
	Course [deg] (Course) * METHOD/DEVICE: Calculated * COMMENT: 10-min average
License:	Creative Commons Attribution 4.0 International (CC-BY-4.0) (URI: https://creativecommons.org/licenses/by/4.0/)
Size:	24082 data points
*/
Date/Time	Latitude	Longitude	Speed [kn]	Course [deg]
2019-09-20T17:50	69.67955	18.99664	0.000	255.9
2019-09-20T18:00	69.67955	18.99665	0.001	11.2
2019-09-20T18:10	69.67955	18.99665	0.000	79.1
2019-09-20T18:20	69.67955	18.99665	0.000	108.2
2019-09-20T18:30	69.67955	18.99665	0.001	296.7
2019-09-20T18:40	69.67955	18.99665	0.001	164.1
2019-09-20T18:50	69.67941	18.99683	0.055	155.7
2019-09-20T19:00	69.68378	19.02527	3.889	66.1
2019-09-20T19:10	69.70577	19.04519	8.299	17.4
2019-09-20T19:20	69.73755	19.04487	11.441	359.8
2019-09-20T19:30	69.76527	19.10145	12.221	35.2
2019-09-20T19:40	69.77909	19.20138	13.398	68.2
2019-09-20T19:50	69.79237	19.30423	13.659	69.5
2019-09-20T20:00	69.80262	19.41134	13.819	74.5
2019-09-20T20:10	69.81563	19.51557	13.774	70.1
2019-09-20T20:20	69.82751	19.62155	13.840	71.9
2019-09-20T20:30	69.83913	19.72716	13.761	72.3
2019-09-20T20:40	69.86485	19.79651	12.639	42.8
2019-09-20T20:50	69.89505	19.85671	13.185	34.4
2019-09-20T21:00	69.91434	19.89519	8.419	34.4
2019-09-20T21:10	69.94229	19.95030	12.151	34.1
2019-09-20T21:20	69.97117	20.00871	12.653	34.7
2019-09-20T21:30	70.00019	20.06730	12.698	34.6
2019-09-20T21:40	70.02967	20.12746	12.942	34.9
2019-09-20T21:50	70.05962	20.18589	12.955	33.6
2019-09-20T22:00	70.09253	20.23073	13.065	24.9
2019-09-20T22:10	70.12660	20.26533	12.978	19.0
2019-09-20T22:20	70.16060	20.29812	12.882	18.1
2019-09-20T22:30	70.19409	20.33051	12.689	18.1
2019-09-20T22:40	70.22724	20.36294	12.573	18.3
2019-09-20T22:50	70.25954	20.39424	12.239	18.1
2019-09-20T23:00	70.28971	20.43964	12.181	26.9
2019-09-20T23:10	70.31849	20.50102	12.763	35.7
2019-09-20T23:20	70.34750	20.56225	12.810	35.4
2019-09-20T23:30	70.37649	20.62351	12.804	35.3
2019-09-20T23:40	70.40516	20.68454	12.686	35.5
2019-09-20T23:50	70.43396	20.74543	12.709	35.3
2019-09-21T00:00	70.46332	20.80802	12.985	35.5
2019-09-21T00:10	70.49181	20.86849	12.577	35.3
2019-09-21T00:20	70.52049	20.93004	12.699	35.6
2019-09-21T00:30	70.54917	20.99093	12.650	35.2
2019-09-21T00:40	70.57781	21.05105	12.580	34.9
2019-09-21T00:50	70.60636	21.11110	12.539	34.9
2019-09-21T01:00	70.63522	21.17132	12.640	34.7
2019-09-21T01:10	70.66511	21.23390	13.096	34.7
2019-09-21T01:20	70.69492	21.29680	13.090	34.9
2019-09-21T01:30	70.72394	21.35772	12.715	34.7
2019-09-21T01:40	70.75281	21.41871	12.672	34.8
2019-09-21T01:50	70.78213	21.48070	12.862	34.8
2019-09-21T02:00	70.81119	21.54236	12.762	34.9
2019-09-21T02:10	70.84000	21.60593	12.809	35.9
2019-09-21T02:20	70.86420	21.68586	12.847	47.3
2019-09-21T02:30	70.88861	21.76678	12.975	47.3
2019-09-21T02:40	70.91292	21.84737	12.912	47.3
2019-09-21T02:50	70.93745	21.92865	13.019	47.2
2019-09-21T03:00	70.96190	22.01045	13.034	47.5
2019-09-21T03:10	70.98653	22.09311	13.146	47.5
2019-09-21T03:20	71.01133	22.17673	13.259	47.6
2019-09-21T03:30	71.03646	22.26157	13.436	47.6
2019-09-21T03:40	71.06212	22.34780	13.676	47.5
2019-09-21T03:50	71.08720	22.43399	13.520	48.1
2019-09-21T04:00	71.11250	22.52036	13.581	47.8
2019-09-21T04:10	71.13771	22.60721	13.591	48.1
2019-09-21T04:20	71.16259	22.69259	13.377	47.9
2019-09-21T04:30	71.18741	22.77860	13.404	48.2
2019-09-21T04:40	71.21213	22.86460	13.373	48.2
2019-09-21T04:50	71.23657	22.95029	13.267	48.4
2019-09-21T05:00	71.26079	23.03522	13.141	48.4
2019-09-21T05:10	71.28492	23.11956	13.058	48.3
2019-09-21T05:20	71.30885	23.20474	13.076	48.7
2019-09-21T05:30	71.33278	23.28974	13.049	48.6
2019-09-21T05:40	71.35689	23.37562	13.161	48.7
2019-09-21T05:50	71.38050	23.45987	12.890	48.7
2019-09-21T06:00	71.40394	23.54445	12.870	49.0
2019-09-21T06:10	71.42742	23.62908	12.876	48.9
2019-09-21T06:20	71.45091	23.71392	12.886	48.9
2019-09-21T06:30	71.47434	23.79934	12.913	49.2
2019-09-21T06:40	71.49775	23.88441	12.871	49.0
2019-09-21T06:50	71.52089	23.96961	12.809	49.4
2019-09-21T07:00	71.54404	24.05521	12.836	49.5
2019-09-21T07:10	71.56696	24.13992	12.698	49.4
2019-09-21T07:20	71.58971	24.22387	12.584	49.3
2019-09-21T07:30	71.61221	24.30723	12.464	49.4
2019-09-21T07:40	71.63450	24.39131	12.470	49.9
2019-09-21T07:50	71.65692	24.47575	12.523	49.8
2019-09-21T08:00	71.67923	24.55958	12.434	49.7
2019-09-21T08:10	71.70166	24.64440	12.540	49.9
2019-09-21T08:20	71.72430	24.73047	12.689	50.0
2019-09-21T08:30	71.74697	24.81747	12.767	50.2
2019-09-21T08:40	71.76925	24.90365	12.599	50.4
2019-09-21T08:50	71.79130	24.98817	12.391	50.1
2019-09-21T09:00	71.81303	25.07212	12.262	50.3
2019-09-21T09:10	71.83483	25.15652	12.307	50.3
2019-09-21T09:20	71.85661	25.24039	12.246	50.2
2019-09-21T09:30	71.87775	25.32412	12.083	50.9
2019-09-21T09:40	71.89902	25.40800	12.114	50.8
2019-09-21T09:50	71.92018	25.49137	12.039	50.7
2019-09-21T10:00	71.94108	25.57423	11.928	50.8
2019-09-21T10:10	71.96179	25.65641	11.817	50.8
2019-09-21T10:20	71.98229	25.73761	11.677	50.8
2019-09-21T10:30	72.00270	25.81856	11.625	50.8
2019-09-21T10:40	72.02297	25.90094	11.712	51.4
2019-09-21T10:50	72.04306	25.98221	11.566	51.3
2019-09-21T11:00	72.06317	26.06438	11.643	51.5
2019-09-21T11:10	72.07899	26.14339	10.447	56.9
2019-09-21T11:20	72.07025	26.11339	4.579	226.6
2019-09-21T11:30	72.08722	26.16361	8.263	42.3
2019-09-21T11:40	72.10765	26.24496	11.627	50.7
2019-09-21T11:50	72.12786	26.32761	11.681	51.4
2019-09-21T12:00	72.14798	26.41001	11.631	51.4
2019-09-21T12:10	72.16993	26.48709	11.609	47.1
2019-09-21T12:20	72.19305	26.56088	11.635	44.3
2019-09-21T12:30	72.21604	26.63426	11.563	44.3
2019-09-21T12:40	72.23915	26.70834	11.642	44.3
2019-09-21T12:50	72.26242	26.78298	11.720	44.3
2019-09-21T13:00	72.28545	26.85751	11.640	44.5
2019-09-21T13:10	72.30842	26.93237	11.642	44.7
2019-09-21T13:20	72.33156	27.00764	11.713	44.6
2019-09-21T13:30	72.35495	27.08403	11.854	44.7
2019-09-21T13:40	72.38144	27.17072	13.430	44.7
2019-09-21T13:50	72.40744	27.25663	13.234	45.0
2019-09-21T14:00	72.43329	27.34232	13.171	45.0
2019-09-21T14:10	72.45931	27.42888	13.271	45.1
2019-09-21T14:20	72.48571	27.51696	13.475	45.1
2019-09-21T14:30	72.51210	27.60472	13.437	45.0
2019-09-21T14:40	72.53859	27.69439	13.601	45.4
2019-09-21T14:50	72.56246	27.78944	13.384	50.0
2019-09-21T15:00	72.58152	27.89411	13.210	58.7
2019-09-21T15:10	72.60706	27.98194	13.194	45.8
2019-09-21T15:20	72.63584	28.06135	13.425	39.5
2019-09-21T15:30	72.66464	28.14070	13.421	39.4
2019-09-21T15:40	72.69282	28.22250	13.411	40.8
2019-09-21T15:50	72.71879	28.31216	13.399	45.7
2019-09-21T16:00	72.74398	28.39975	13.034	45.9
2019-09-21T16:10	72.76865	28.48632	12.815	46.1
2019-09-21T16:20	72.79326	28.57327	12.825	46.2
2019-09-21T16:30	72.81796	28.66060	12.864	46.2
2019-09-21T16:40	72.84249	28.74727	12.761	46.2
2019-09-21T16:50	72.86634	28.83619	12.760	47.7
2019-09-21T17:00	72.89066	28.92401	12.779	46.7
2019-09-21T17:10	72.91554	29.00914	12.706	45.1
2019-09-21T17:20	72.93989	29.09689	12.763	46.6
2019-09-21T17:30	72.96427	29.18496	12.787	46.6
2019-09-21T17:40	72.98836	29.27264	12.675	46.8
2019-09-21T17:50	73.01237	29.36090	12.690	47.0
2019-09-21T18:00	73.03655	29.44981	12.772	47.0
2019-09-21T18:10	73.06068	29.53891	12.766	47.1
2019-09-21T18:20	73.08478	29.62719	12.687	46.8
2019-09-21T18:30	73.10853	29.71635	12.658	47.5
2019-09-21T18:40	73.13231	29.80574	12.673	47.5
2019-09-21T18:50	73.15596	29.89431	12.572	47.3
2019-09-21T19:00	73.17963	29.98339	12.604	47.4
2019-09-21T19:10	73.20338	30.07304	12.660	47.5
2019-09-21T19:20	73.22710	30.16375	12.723	47.8
2019-09-21T19:30	73.25085	30.25444	12.719	47.7
2019-09-21T19:40	73.27453	30.34499	12.682	47.7
2019-09-21T19:50	73.29841	30.43679	12.818	47.8
2019-09-21T20:00	73.32211	30.52913	12.806	48.2
2019-09-21T20:10	73.34577	30.62120	12.765	48.1
2019-09-21T20:20	73.36936	30.71359	12.764	48.2
2019-09-21T20:30	73.39286	30.80536	12.685	48.1
2019-09-21T20:40	73.41615	30.89681	12.598	48.2
2019-09-21T20:50	73.43939	30.98944	12.668	48.6
2019-09-21T21:00	73.46276	31.08256	12.728	48.6
2019-09-21T21:10	73.48599	31.17521	12.650	48.6
2019-09-21T21:20	73.50936	31.26854	12.724	48.6
2019-09-21T21:30	73.53262	31.36243	12.732	48.8
2019-09-21T21:40	73.55582	31.45634	12.710	48.9
2019-09-21T21:50	73.57881	31.55021	12.646	49.1
2019-09-21T22:00	73.60168	31.64388	12.593	49.1
2019-09-21T22:10	73.62460	31.73729	12.574	48.9
2019-09-21T22:20	73.64746	31.83131	12.598	49.2
2019-09-21T22:30	73.67012	31.92574	12.574	49.5
2019-09-21T22:40	73.69275	32.02058	12.588	49.6
2019-09-21T22:50	73.71542	32.11468	12.529	49.3
2019-09-21T23:00	73.73809	32.20936	12.564	49.4
2019-09-21T23:10	73.76051	32.30479	12.556	49.9
2019-09-21T23:20	73.78364	32.40293	12.916	49.8
2019-09-21T23:30	73.80674	32.50195	12.968	50.1
2019-09-21T23:40	73.83007	32.60077	12.994	49.7
2019-09-21T23:50	73.85314	32.69955	12.921	49.9
2019-09-22T00:00	73.87609	32.79930	12.960	50.3
2019-09-22T00:10	73.89920	32.89980	13.042	50.3
2019-09-22T00:20	73.92220	33.00009	12.988	50.3
2019-09-22T00:30	73.94527	33.10067	13.017	50.3
2019-09-22T00:40	73.96775	33.19998	12.773	50.6
2019-09-22T00:50	73.99022	33.29955	12.781	50.7
2019-09-22T01:00	74.01256	33.39900	12.730	50.8
2019-09-22T01:10	74.03445	33.49677	12.491	50.8
2019-09-22T01:20	74.05603	33.59299	12.289	50.8
2019-09-22T01:30	74.07800	33.69288	12.652	51.2
2019-09-22T01:40	74.10000	33.79272	12.643	51.2
2019-09-22T01:50	74.12189	33.89250	12.603	51.2
2019-09-22T02:00	74.14396	33.99298	12.688	51.2
2019-09-22T02:10	74.16619	34.09447	12.792	51.2
2019-09-22T02:20	74.18841	34.19762	12.905	51.6
2019-09-22T02:30	74.21075	34.30200	13.016	51.8
2019-09-22T02:40	74.23309	34.40621	12.992	51.7
2019-09-22T02:50	74.25541	34.51001	12.945	51.6
2019-09-22T03:00	74.27761	34.61466	12.972	51.9
2019-09-22T03:10	74.29991	34.72089	13.105	52.2
2019-09-22T03:20	74.32259	34.82897	13.319	52.1
2019-09-22T03:30	74.34541	34.93758	13.380	52.1
2019-09-22T03:40	74.36813	35.04656	13.374	52.2
2019-09-22T03:50	74.39070	35.15637	13.392	52.6
2019-09-22T04:00	74.41307	35.26567	13.299	52.7
2019-09-22T04:10	74.43548	35.37503	13.301	52.6
2019-09-22T04:20	74.45794	35.48424	13.287	52.5
2019-09-22T04:30	74.48012	35.59428	13.278	53.0
2019-09-22T04:40	74.50230	35.70450	13.281	53.0
2019-09-22T04:50	74.52428	35.81422	13.187	53.1
2019-09-22T05:00	74.54602	35.92355	13.092	53.2
2019-09-22T05:10	74.56783	36.03244	13.065	53.0
2019-09-22T05:20	74.58927	36.14151	12.985	53.5
2019-09-22T05:30	74.61056	36.25099	12.974	53.7
2019-09-22T05:40	74.63196	36.36018	12.965	53.5
2019-09-22T05:50	74.65337	36.47029	13.026	53.7
2019-09-22T06:00	74.67485	36.58058	13.042	53.6
2019-09-22T06:10	74.69619	36.69267	13.140	54.2
2019-09-22T06:20	74.71771	36.80544	13.218	54.1
2019-09-22T06:30	74.73925	36.91836	13.222	54.0
2019-09-22T06:40	74.76080	37.03136	13.218	54.0
2019-09-22T06:50	74.78208	37.14539	13.230	54.5
2019-09-22T07:00	74.80356	37.26030	13.325	54.5
2019-09-22T07:10	74.82504	37.37558	13.343	54.5
2019-09-22T07:20	74.84653	37.49124	13.361	54.6
2019-09-22T07:30	74.86782	37.60689	13.308	54.8
2019-09-22T07:40	74.88899	37.72311	13.313	55.0
2019-09-22T07:50	74.91006	37.83887	13.246	55.0
2019-09-22T08:00	74.93098	37.95430	13.177	55.1
2019-09-22T08:10	74.95196	38.07040	13.228	55.1
2019-09-22T08:20	74.97269	38.18695	13.200	55.5
2019-09-22T08:30	74.99337	38.30312	13.149	55.5
2019-09-22T08:40	75.01394	38.41953	13.135	55.6
2019-09-22T08:50	75.03442	38.53510	13.038	55.5
2019-09-22T09:00	75.05481	38.65163	13.081	55.8
2019-09-22T09:10	75.07521	38.76889	13.129	55.9
2019-09-22T09:20	75.09547	38.88647	13.111	56.2
2019-09-22T09:30	75.11576	39.00346	13.062	55.9
2019-09-22T09:40	75.13584	39.12056	13.015	56.2
2019-09-22T09:50	75.15576	39.23814	13.009	56.5
2019-09-22T10:00	75.17563	39.35641	13.039	56.7
2019-09-22T10:10	75.19555	39.47395	12.983	56.4
2019-09-22T10:20	75.21549	39.59284	13.078	56.6
2019-09-22T10:30	75.23525	39.71116	12.985	56.7
2019-09-22T10:40	75.25490	39.83020	13.008	57.0
2019-09-22T10:50	75.27445	39.95020	13.050	57.3
2019-09-22T11:00	75.29393	40.06884	12.919	57.1
2019-09-22T11:10	75.31327	40.18692	12.839	57.1
2019-09-22T11:20	75.33253	40.30608	12.894	57.4
2019-09-22T11:30	75.35147	40.42445	12.760	57.6
2019-09-22T11:40	75.37043	40.54292	12.760	57.6
2019-09-22T11:50	75.38916	40.66123	12.693	57.8
2019-09-22T12:00	75.40777	40.77774	12.520	57.6
2019-09-22T12:10	75.42646	40.89630	12.679	57.9
2019-09-22T12:20	75.44490	41.01561	12.680	58.4
2019-09-22T12:30	75.46348	41.13467	12.676	58.1
2019-09-22T12:40	75.48204	41.25408	12.686	58.2
2019-09-22T12:50	75.50025	41.37257	12.540	58.4
2019-09-22T13:00	75.51823	41.49100	12.479	58.7
2019-09-22T13:10	75.53626	41.60986	12.512	58.7
2019-09-22T13:20	75.55436	41.72964	12.583	58.8
2019-09-22T13:30	75.57285	41.85174	12.825	58.7
2019-09-22T13:40	75.59113	41.97444	12.818	59.0
2019-09-22T13:50	75.60920	42.09585	12.669	59.0
2019-09-22T14:00	75.62692	42.21767	12.625	59.6
2019-09-22T14:10	75.64472	42.33867	12.567	59.3
2019-09-22T14:20	75.66296	42.46167	12.788	59.0
2019-09-22T14:30	75.68086	42.58667	12.867	59.9
2019-09-22T14:40	75.69872	42.71129	12.821	59.8
2019-09-22T14:50	75.71663	42.83634	12.849	59.8
2019-09-22T15:00	75.73465	42.96285	12.972	59.9
2019-09-22T15:10	75.75269	43.08846	12.892	59.7
2019-09-22T15:20	75.77014	43.21451	12.810	60.6
2019-09-22T15:30	75.78772	43.34077	12.836	60.4
2019-09-22T15:40	75.80527	43.46721	12.834	60.4
2019-09-22T15:50	75.82288	43.59392	12.854	60.4
2019-09-22T16:00	75.84079	43.72071	12.900	60.0
2019-09-22T16:10	75.85869	43.84724	12.867	59.9
2019-09-22T16:20	75.87651	43.97378	12.842	60.0
2019-09-22T16:30	75.89212	44.10263	12.633	63.5
2019-09-22T16:40	75.90927	44.23139	12.871	61.3
2019-09-22T16:50	75.92625	44.36060	12.865	61.6
2019-09-22T17:00	75.94330	44.49021	12.895	61.5
2019-09-22T17:10	75.96035	44.61989	12.890	61.5
2019-09-22T17:20	75.97722	44.74862	12.773	61.6
2019-09-22T17:30	75.99416	44.87840	12.855	61.6
2019-09-22T17:40	76.01093	45.00870	12.832	61.9
2019-09-22T17:50	76.02802	45.13777	12.804	61.2
2019-09-22T18:00	76.04395	45.26950	12.802	63.3
2019-09-22T18:10	76.06027	45.39822	12.622	62.2
2019-09-22T18:20	76.07635	45.52642	12.530	62.4
2019-09-22T18:30	76.09220	45.65509	12.519	62.8
2019-09-22T18:40	76.10798	45.78281	12.421	62.7
2019-09-22T18:50	76.12364	45.90964	12.323	62.7
2019-09-22T19:00	76.13942	46.03786	12.439	62.8
2019-09-22T19:10	76.15515	46.16785	12.556	63.1
2019-09-22T19:20	76.17070	46.29740	12.482	63.3
2019-09-22T19:30	76.18608	46.42624	12.388	63.4
2019-09-22T19:40	76.20141	46.55492	12.358	63.4
2019-09-22T19:50	76.21685	46.68393	12.389	63.3
2019-09-22T20:00	76.23201	46.81400	12.417	63.9
2019-09-22T20:10	76.24700	46.94282	12.281	63.9
2019-09-22T20:20	76.26192	47.07236	12.315	64.1
2019-09-22T20:30	76.27710	47.20330	12.454	63.9
2019-09-22T20:40	76.29219	47.33387	12.400	64.0
2019-09-22T20:50	76.30708	47.46708	12.562	64.7
2019-09-22T21:00	76.32190	47.59904	12.443	64.6
2019-09-22T21:10	76.33669	47.73011	12.359	64.4
2019-09-22T21:20	76.35143	47.86153	12.368	64.5
2019-09-22T21:30	76.36585	47.99189	12.227	64.8
2019-09-22T21:40	76.38005	48.12226	12.183	65.1
2019-09-22T21:50	76.39422	48.25326	12.218	65.2
2019-09-22T22:00	76.40849	48.38479	12.263	65.2
2019-09-22T22:10	76.42275	48.51691	12.296	65.3
2019-09-22T22:20	76.43684	48.64782	12.168	65.3
2019-09-22T22:30	76.45076	48.77996	12.226	65.7
2019-09-22T22:40	76.46497	48.91576	12.541	65.8
2019-09-22T22:50	76.47894	49.04940	12.328	65.9
2019-09-22T23:00	76.49318	49.18536	12.535	65.8
2019-09-22T23:10	76.50722	49.32129	12.494	66.1
2019-09-22T23:20	76.52102	49.45770	12.485	66.5
2019-09-22T23:30	76.53463	49.59246	12.321	66.5
2019-09-22T23:40	76.54853	49.72943	12.521	66.4
2019-09-22T23:50	76.56233	49.86614	12.477	66.5
2019-09-23T00:00	76.57606	50.00448	12.580	66.8
2019-09-23T00:10	76.58970	50.14442	12.682	67.1
2019-09-23T00:20	76.60345	50.28489	12.725	67.0
2019-09-23T00:30	76.61699	50.42396	12.579	67.1
2019-09-23T00:40	76.63018	50.55842	12.165	67.0
2019-09-23T00:50	76.64329	50.69668	12.437	67.6
2019-09-23T01:00	76.65608	50.83391	12.303	68.0
2019-09-23T01:10	76.66902	50.97056	12.269	67.6
2019-09-23T01:20	76.68199	51.10874	12.380	67.8
2019-09-23T01:30	76.69476	51.24381	12.104	67.6
2019-09-23T01:40	76.70705	51.37952	12.081	68.4
2019-09-23T01:50	76.71948	51.51627	12.168	68.4
2019-09-23T02:00	76.73172	51.65111	11.987	68.4
2019-09-23T02:10	76.74402	51.78647	12.026	68.3
2019-09-23T02:20	76.75625	51.92208	12.026	68.5
2019-09-23T02:30	76.76832	52.06011	12.183	69.0
2019-09-23T02:40	76.78036	52.19837	12.185	69.1
2019-09-23T02:50	76.79232	52.33562	12.089	69.1
2019-09-23T03:00	76.80469	52.47719	12.463	69.0
2019-09-23T03:10	76.81679	52.61791	12.355	69.3
2019-09-23T03:20	76.82868	52.75860	12.315	69.6
2019-09-23T03:30	76.84053	52.89917	12.293	69.6
2019-09-23T03:40	76.85229	53.04023	12.308	69.8
2019-09-23T03:50	76.86400	53.17920	12.133	69.6
2019-09-23T04:00	76.87523	53.31589	11.889	70.1
2019-09-23T04:10	76.88626	53.45163	11.783	70.2
2019-09-23T04:20	76.89743	53.59015	12.005	70.4
2019-09-23T04:30	76.90855	53.72833	11.963	70.4
2019-09-23T04:40	76.91964	53.86581	11.897	70.3
2019-09-23T04:50	76.93071	54.00571	12.072	70.6
2019-09-23T05:00	76.94114	54.14152	11.674	71.2
2019-09-23T05:10	76.95190	54.27945	11.867	70.9
2019-09-23T05:20	76.96240	54.41696	11.796	71.2
2019-09-23T05:30	76.97323	54.55784	12.085	71.1
2019-09-23T05:40	76.99374	54.67531	12.054	52.2
2019-09-23T05:50	77.01611	54.78585	12.040	48.0
2019-09-23T06:00	77.03841	54.89627	12.005	48.0
2019-09-23T06:10	77.05979	55.00219	11.503	47.9
2019-09-23T06:20	77.08182	55.11098	11.821	47.8
2019-09-23T06:30	77.10340	55.21851	11.625	48.0
2019-09-23T06:40	77.12515	55.32620	11.666	47.8
2019-09-23T06:50	77.14709	55.43598	11.826	48.0
2019-09-23T07:00	77.16918	55.54668	11.905	48.0
2019-09-23T07:10	77.19126	55.65710	11.874	47.9
2019-09-23T07:20	77.21257	55.76424	11.486	48.0
2019-09-23T07:30	77.23431	55.87328	11.688	47.9
2019-09-23T07:40	77.25545	55.98549	11.726	49.5
2019-09-23T07:50	77.27243	56.11084	11.678	58.4
2019-09-23T08:00	77.29086	56.22831	11.435	54.5
2019-09-23T08:10	77.30921	56.34368	11.271	54.1
2019-09-23T08:20	77.32780	56.46215	11.511	54.4
2019-09-23T08:30	77.34574	56.57598	11.066	54.2
2019-09-23T08:40	77.36350	56.68892	10.960	54.3
2019-09-23T08:50	77.38186	56.80568	11.319	54.2
2019-09-23T09:00	77.39976	56.92095	11.120	54.5
2019-09-23T09:10	77.41803	57.03727	11.252	54.2
2019-09-23T09:20	77.43676	57.15673	11.539	54.2
2019-09-23T09:30	77.45539	57.27632	11.515	54.3
2019-09-23T09:40	77.47392	57.39543	11.453	54.3
2019-09-23T09:50	77.49301	57.51792	11.771	54.2
2019-09-23T10:00	77.51162	57.63815	11.517	54.4
2019-09-23T10:10	77.53018	57.75764	11.451	54.2
2019-09-23T10:20	77.54865	57.87719	11.422	54.3
2019-09-23T10:30	77.56685	57.99452	11.215	54.2
2019-09-23T10:40	77.58608	58.11878	11.858	54.2
2019-09-23T10:50	77.60553	58.24523	12.029	54.3
2019-09-23T11:00	77.62489	58.37134	11.976	54.3
2019-09-23T11:10	77.64394	58.49554	11.779	54.3
2019-09-23T11:20	77.66264	58.61648	11.490	54.1
2019-09-23T11:30	77.68136	58.73907	11.586	54.4
2019-09-23T11:40	77.70030	58.86272	11.687	54.2
2019-09-23T11:50	77.71936	58.98765	11.780	54.3
2019-09-23T12:00	77.73794	59.10920	11.458	54.2
2019-09-23T12:10	77.75707	59.23411	11.769	54.1
2019-09-23T12:20	77.77591	59.35883	11.686	54.5
2019-09-23T12:30	77.79512	59.48469	11.823	54.1
2019-09-23T12:40	77.81387	59.60881	11.605	54.4
2019-09-23T12:50	77.83199	59.72849	11.187	54.3
2019-09-23T13:00	77.84994	59.84747	11.100	54.3
2019-09-23T13:10	77.86856	59.97022	11.460	54.1
2019-09-23T13:20	77.88688	60.09212	11.333	54.4
2019-09-23T13:30	77.90586	60.21788	11.698	54.2
2019-09-23T13:40	77.92462	60.34295	11.598	54.3
2019-09-23T13:50	77.94280	60.46428	11.237	54.3
2019-09-23T14:00	77.96086	60.58460	11.136	54.2
2019-09-23T14:10	77.97926	60.70764	11.364	54.3
2019-09-23T14:20	77.99756	60.83047	11.319	54.3
2019-09-23T14:30	78.01601	60.95452	11.396	54.3
2019-09-23T14:40	78.03459	61.07836	11.415	54.1
2019-09-23T14:50	78.05289	61.20218	11.346	54.4
2019-09-23T15:00	78.07137	61.32604	11.373	54.1
2019-09-23T15:10	78.08956	61.44880	11.235	54.3
2019-09-23T15:20	78.10795	61.57284	11.343	54.2
2019-09-23T15:30	78.12651	61.69862	11.472	54.3
2019-09-23T15:40	78.14523	61.82564	11.569	54.3
2019-09-23T15:50	78.16368	61.95068	11.381	54.2
2019-09-23T16:00	78.18260	62.07968	11.706	54.3
2019-09-23T16:10	78.20149	62.20832	11.666	54.3
2019-09-23T16:20	78.22018	62.33562	11.531	54.2
2019-09-23T16:30	78.23879	62.46213	11.457	54.1
2019-09-23T16:40	78.25757	62.59144	11.646	54.4
2019-09-23T16:50	78.27646	62.71990	11.606	54.1
2019-09-23T17:00	78.29466	62.84549	11.281	54.4
2019-09-23T17:10	78.31334	62.97404	11.543	54.3
2019-09-23T17:20	78.33242	63.10437	11.723	54.0
2019-09-23T17:30	78.35151	63.23649	11.816	54.4
2019-09-23T17:40	78.36995	63.36420	11.408	54.3
2019-09-23T17:50	78.38853	63.49225	11.445	54.2
2019-09-23T18:00	78.40738	63.62313	11.656	54.3
2019-09-23T18:10	78.42616	63.75345	11.597	54.3
2019-09-23T18:20	78.44440	63.87948	11.220	54.1
2019-09-23T18:30	78.46257	64.00688	11.274	54.5
2019-09-23T18:40	78.48163	64.13906	11.728	54.1
2019-09-23T18:50	78.50008	64.26844	11.424	54.4
2019-09-23T19:00	78.51854	64.39726	11.381	54.2
2019-09-23T19:10	78.53634	64.52297	11.051	54.5
2019-09-23T19:20	78.55549	64.65607	11.753	54.0
2019-09-23T19:30	78.57402	64.78674	11.466	54.4
2019-09-23T19:40	78.59253	64.91669	11.410	54.2
2019-09-23T19:50	78.61107	65.04770	11.467	54.3
2019-09-23T20:00	78.62929	65.17649	11.257	54.3
2019-09-23T20:10	78.64797	65.30826	11.516	54.2
2019-09-23T20:20	78.66625	65.43751	11.272	54.2
2019-09-23T20:30	78.68427	65.56564	11.144	54.3
2019-09-23T20:40	78.70174	65.68993	10.796	54.3
2019-09-23T20:50	78.72008	65.82034	11.317	54.2
2019-09-23T21:00	78.73835	65.95028	11.263	54.2
2019-09-23T21:10	78.75641	66.07921	11.151	54.3
2019-09-23T21:20	78.77393	66.20559	10.880	54.5
2019-09-23T21:30	78.79113	66.32832	10.595	54.2
2019-09-23T21:40	78.80894	66.45586	10.986	54.2
2019-09-23T21:50	78.82672	66.58382	10.991	54.3
2019-09-23T22:00	78.84445	66.71087	10.918	54.2
2019-09-23T22:10	78.86203	66.83757	10.855	54.3
2019-09-23T22:20	78.88018	66.96832	11.192	54.2
2019-09-23T22:30	78.89858	67.10219	11.409	54.4
2019-09-23T22:40	78.91633	67.23086	10.969	54.3
2019-09-23T22:50	78.93405	67.35910	10.925	54.2
2019-09-23T23:00	78.95201	67.48928	11.074	54.2
2019-09-23T23:10	78.96985	67.61844	10.978	54.1
2019-09-23T23:20	78.98788	67.75045	11.168	54.4
2019-09-23T23:30	79.00593	67.88232	11.151	54.3
2019-09-23T23:40	79.02375	68.01286	11.019	54.3
2019-09-23T23:50	79.04195	68.14549	11.201	54.1
2019-09-24T00:00	79.06006	68.27802	11.165	54.2
2019-09-24T00:10	79.07731	68.40560	10.698	54.5
2019-09-24T00:20	79.09554	68.53932	11.232	54.2
2019-09-24T00:30	79.11238	68.67614	11.112	56.9
2019-09-24T00:40	79.12861	68.81472	11.085	58.1
2019-09-24T00:50	79.14498	68.95388	11.130	58.0
2019-09-24T01:00	79.16161	69.09532	11.300	57.9
2019-09-24T01:10	79.17820	69.23710	11.299	58.0
2019-09-24T01:20	79.19460	69.37759	11.177	58.0
2019-09-24T01:30	79.21126	69.52000	11.325	57.9
2019-09-24T01:40	79.22804	69.66371	11.409	58.0
2019-09-24T01:50	79.24535	69.81164	11.738	57.9
2019-09-24T02:00	79.26247	69.95997	11.711	58.2
2019-09-24T02:10	79.27948	70.10628	11.564	57.9
2019-09-24T02:20	79.29709	70.25789	11.962	57.9
2019-09-24T02:30	79.31457	70.40901	11.899	58.0
2019-09-24T02:40	79.33197	70.55877	11.791	57.8
2019-09-24T02:50	79.34930	70.70955	11.822	58.1
2019-09-24T03:00	79.36694	70.86238	11.984	57.9
2019-09-24T03:10	79.38424	71.01455	11.867	58.3
2019-09-24T03:20	79.40194	71.16774	11.987	57.8
2019-09-24T03:30	79.41982	71.32345	12.148	57.9
2019-09-24T03:40	79.43689	71.47345	11.659	58.1
2019-09-24T03:50	79.45443	71.62601	11.879	57.8
2019-09-24T04:00	79.47220	71.78125	12.060	57.9
2019-09-24T04:10	79.48946	71.93424	11.821	58.2
2019-09-24T04:20	79.50701	72.08824	11.919	57.9
2019-09-24T04:30	79.52428	72.24047	11.753	58.0
2019-09-24T04:40	79.54187	72.39571	11.967	58.0
2019-09-24T04:50	79.55937	72.55035	11.902	58.0
2019-09-24T05:00	79.57664	72.70287	11.727	57.9
2019-09-24T05:10	79.59428	72.85897	11.983	57.9
2019-09-24T05:20	79.61195	73.01634	12.042	58.0
2019-09-24T05:30	79.62944	73.17260	11.933	58.1
2019-09-24T05:40	79.64708	73.32923	11.968	57.9
2019-09-24T05:50	79.66491	73.48850	12.134	58.0
2019-09-24T06:00	79.68288	73.64987	12.261	58.1
2019-09-24T06:10	79.70095	73.81163	12.287	57.9
2019-09-24T06:20	79.71908	73.97444	12.338	58.0
2019-09-24T06:30	79.73732	74.13813	12.393	57.9
2019-09-24T06:40	79.75579	74.30347	12.510	57.8
2019-09-24T06:50	79.77439	74.47206	12.654	58.1
2019-09-24T07:00	79.79290	74.63958	12.604	58.0
2019-09-24T07:10	79.82183	74.69398	10.977	18.4
2019-09-24T07:20	79.85178	74.74780	11.313	17.6
2019-09-24T07:30	79.87100	74.90690	12.230	55.5
2019-09-24T07:40	79.88974	75.05936	11.770	55.0
2019-09-24T07:50	79.90850	75.21178	11.760	54.9
2019-09-24T08:00	79.92189	75.38209	11.770	65.7
2019-09-24T08:10	79.93473	75.55343	11.737	66.7
2019-09-24T08:20	79.94707	75.72555	11.700	67.6
2019-09-24T08:30	79.95959	75.90186	11.957	67.8
2019-09-24T08:40	79.97177	76.07594	11.769	68.0
2019-09-24T08:50	79.98378	76.24627	11.515	67.9
2019-09-24T09:00	79.99599	76.42097	11.785	68.0
2019-09-24T09:10	80.00823	76.59533	11.756	67.9
2019-09-24T09:20	80.02552	76.74317	11.130	55.9
2019-09-24T09:30	80.04226	76.89657	11.302	57.7
2019-09-24T09:40	80.05903	77.04895	11.239	57.4
2019-09-24T09:50	80.07598	77.20435	11.419	57.6
2019-09-24T10:00	80.09275	77.35790	11.273	57.5
2019-09-24T10:10	80.10949	77.51307	11.339	57.8
2019-09-24T10:20	80.12223	77.67484	11.000	65.3
2019-09-24T10:30	80.12672	77.85464	11.220	81.6
2019-09-24T10:40	80.13159	78.03481	11.258	81.0
2019-09-24T10:50	80.13656	78.21769	11.423	80.9
2019-09-24T11:00	80.14151	78.40027	11.398	80.9
2019-09-24T11:10	80.14633	78.58076	11.258	81.1
2019-09-24T11:20	80.15111	78.75964	11.153	81.0
2019-09-24T11:30	80.15603	78.94153	11.339	80.9
2019-09-24T11:40	80.17064	79.09280	10.689	60.4
2019-09-24T11:50	80.19866	79.19513	11.884	31.9
2019-09-24T12:00	80.22707	79.29926	12.052	31.9
2019-09-24T12:10	80.25565	79.40405	12.115	31.8
2019-09-24T12:20	80.28444	79.50987	12.204	31.8
2019-09-24T12:30	80.31294	79.61536	12.094	31.9
2019-09-24T12:40	80.34146	79.72121	12.103	31.9
2019-09-24T12:50	80.36242	79.86244	11.381	48.4
2019-09-24T13:00	80.37942	80.02595	11.595	58.1
2019-09-24T13:10	80.39669	80.18952	11.634	57.6
2019-09-24T13:20	80.41417	80.35541	11.779	57.6
2019-09-24T13:30	80.43222	80.52661	12.139	57.6
2019-09-24T13:40	80.45023	80.69766	12.111	57.5
2019-09-24T13:50	80.47022	80.85952	12.044	53.2
2019-09-24T14:00	80.49153	81.02305	12.397	51.7
2019-09-24T14:10	80.51285	81.18844	12.470	51.9
2019-09-24T14:20	80.53434	81.35459	12.525	51.8
2019-09-24T14:30	80.55586	81.52149	12.548	51.8
2019-09-24T14:40	80.57715	81.68730	12.430	51.8
2019-09-24T14:50	80.59834	81.85329	12.399	51.9
2019-09-24T15:00	80.61974	82.01835	12.387	51.4
2019-09-24T15:10	80.64128	82.18715	12.572	51.8
2019-09-24T15:20	80.66346	82.36100	12.927	51.8
2019-09-24T15:30	80.68576	82.53615	12.996	51.8
2019-09-24T15:40	80.70843	82.71516	13.237	51.8
2019-09-24T15:50	80.73124	82.89521	13.294	51.8
2019-09-24T16:00	80.75415	83.07707	13.378	51.8
2019-09-24T16:10	80.77717	83.25953	13.412	51.7
2019-09-24T16:20	80.80000	83.44112	13.307	51.8
2019-09-24T16:30	80.82277	83.62298	13.288	51.8
2019-09-24T16:40	80.84564	83.80522	13.305	51.7
2019-09-24T16:50	80.86837	83.98754	13.258	51.8
2019-09-24T17:00	80.89116	84.17090	13.297	51.8
2019-09-24T17:10	80.91420	84.35629	13.424	51.7
2019-09-24T17:20	80.93709	84.54135	13.356	51.8
2019-09-24T17:30	80.96001	84.72692	13.362	51.8
2019-09-24T17:40	80.98300	84.91364	13.410	51.8
2019-09-24T17:50	81.00586	85.09969	13.332	51.8
2019-09-24T18:00	81.02819	85.28127	12.992	51.7
2019-09-24T18:10	81.05010	85.46083	12.792	51.8
2019-09-24T18:20	81.07188	85.63904	12.685	51.7
2019-09-24T18:30	81.09370	85.81831	12.720	51.8
2019-09-24T18:40	81.11553	85.99834	12.736	51.8
2019-09-24T18:50	81.13739	86.17870	12.741	51.7
2019-09-24T19:00	81.15928	86.35933	12.739	51.7
2019-09-24T19:10	81.18118	86.54136	12.780	51.8
2019-09-24T19:20	81.20324	86.72486	12.862	51.8
2019-09-24T19:30	81.22549	86.91108	13.002	51.9
2019-09-24T19:40	81.24783	87.09707	12.992	51.7
2019-09-24T19:50	81.27006	87.28310	12.949	51.7
2019-09-24T20:00	81.29232	87.47013	12.978	51.8
2019-09-24T20:10	81.31451	87.65784	12.972	51.9
2019-09-24T20:20	81.33670	87.84473	12.915	51.7
2019-09-24T20:30	81.35900	88.03432	13.037	51.9
2019-09-24T20:40	81.38152	88.22366	13.053	51.5
2019-09-24T20:50	81.40440	88.41213	13.076	50.9
2019-09-24T21:00	81.42716	88.59997	13.002	50.8
2019-09-24T21:10	81.44984	88.78711	12.934	50.8
2019-09-24T21:20	81.47251	88.97532	12.958	50.8
2019-09-24T21:30	81.49542	89.16527	13.060	50.8
2019-09-24T21:40	81.51811	89.35567	13.010	51.0
2019-09-24T21:50	81.54126	89.54821	13.182	50.7
2019-09-24T22:00	81.56421	89.74152	13.145	51.0
2019-09-24T22:10	81.58654	89.92875	12.735	50.8
2019-09-24T22:20	81.60870	90.11616	12.683	50.9
2019-09-24T22:30	81.63078	90.30275	12.614	50.8
2019-09-24T22:40	81.65288	90.48964	12.608	50.8
2019-09-24T22:50	81.66378	90.69038	11.196	69.4
2019-09-24T23:00	81.65582	90.92429	12.548	103.1
2019-09-24T23:10	81.64780	91.15991	12.650	103.1
2019-09-24T23:20	81.63978	91.39766	12.771	103.0
2019-09-24T23:30	81.63156	91.63804	12.933	103.1
2019-09-24T23:40	81.62344	91.87651	12.839	103.0
2019-09-24T23:50	81.61537	92.11308	12.750	103.1
2019-09-25T00:00	81.60735	92.35090	12.821	102.9
2019-09-25T00:10	81.59924	92.58573	12.687	103.2
2019-09-25T00:20	81.59134	92.81886	12.594	102.9
2019-09-25T00:30	81.58336	93.05012	12.516	103.2
2019-09-25T00:40	81.57538	93.28180	12.549	103.1
2019-09-25T00:50	81.56748	93.51606	12.686	102.8
2019-09-25T01:00	81.55955	93.74593	12.474	103.1
2019-09-25T01:10	81.55179	93.97328	12.341	103.0
2019-09-25T01:20	81.54384	94.19965	12.318	103.3
2019-09-25T01:30	81.53609	94.42784	12.405	102.9
2019-09-25T01:40	81.52833	94.65544	12.386	102.9
2019-09-25T01:50	81.52036	94.88282	12.403	103.3
2019-09-25T02:00	81.51263	95.11095	12.433	102.8
2019-09-25T02:10	81.50463	95.34077	12.553	103.1
2019-09-25T02:20	81.49664	95.57172	12.622	103.1
2019-09-25T02:30	81.48877	95.80111	12.543	102.9
2019-09-25T02:40	81.48069	96.03336	12.719	103.1
2019-09-25T02:50	81.47249	96.26693	12.809	103.2
2019-09-25T03:00	81.46448	96.50276	12.923	102.8
2019-09-25T03:10	81.45537	96.73584	12.887	104.6
2019-09-25T03:20	81.44125	96.95610	12.842	113.2
2019-09-25T03:30	81.41722	97.12237	12.428	134.0
2019-09-25T03:40	81.39099	97.28104	12.731	137.8
2019-09-25T03:50	81.36170	97.40512	12.493	147.5
2019-09-25T04:00	81.34058	97.59020	12.579	127.1
2019-09-25T04:10	81.31479	97.74405	12.490	138.0
2019-09-25T04:20	81.28940	97.89797	12.403	137.4
2019-09-25T04:30	81.26400	98.05155	12.408	137.4
2019-09-25T04:40	81.23841	98.20495	12.469	137.6
2019-09-25T04:50	81.21265	98.35923	12.562	137.5
2019-09-25T05:00	81.18693	98.51286	12.545	137.5
2019-09-25T05:10	81.16357	98.65425	11.476	137.0
2019-09-25T05:20	81.13909	98.73506	9.885	153.0
2019-09-25T05:30	81.11541	98.85842	10.938	141.2
2019-09-25T05:40	81.09236	98.98680	10.953	139.2
2019-09-25T05:50	81.06467	99.06714	10.931	155.7
2019-09-25T06:00	81.03714	99.14896	10.923	155.2
2019-09-25T06:10	81.01052	99.25026	11.145	149.2
2019-09-25T06:20	80.98320	99.35145	11.368	149.9
2019-09-25T06:30	80.95710	99.46451	11.363	145.7
2019-09-25T06:40	80.93421	99.59991	11.262	137.0
2019-09-25T06:50	80.91495	99.75401	11.166	128.3
2019-09-25T07:00	80.89872	99.92094	11.152	121.5
2019-09-25T07:10	80.88825	100.10434	11.110	109.7
2019-09-25T07:20	80.88111	100.29186	11.000	103.4
2019-09-25T07:30	80.87164	100.47389	10.938	108.1
2019-09-25T07:40	80.86552	100.66153	10.945	101.5
2019-09-25T07:50	80.86226	100.85212	10.959	96.1
2019-09-25T08:00	80.86184	100.99825	8.357	91.0
2019-09-25T08:10	80.86174	101.15304	8.851	90.1
2019-09-25T08:20	80.85978	101.27468	6.992	95.7
2019-09-25T08:30	80.85735	101.43772	9.367	95.3
2019-09-25T08:40	80.85173	101.58027	8.404	103.8
2019-09-25T08:50	80.84593	101.69228	6.746	108.0
2019-09-25T09:00	80.84129	101.80878	6.880	104.0
2019-09-25T09:10	80.83799	101.92477	6.754	100.1
2019-09-25T09:20	80.83971	102.10183	10.169	86.4
2019-09-25T09:30	80.84177	102.23165	7.477	84.3
2019-09-25T09:40	80.84387	102.35744	7.247	83.9
2019-09-25T09:50	80.84485	102.51752	9.177	87.7
2019-09-25T10:00	80.84415	102.63690	6.844	92.0
2019-09-25T10:10	80.84817	102.75527	6.932	77.9
2019-09-25T10:20	80.85024	102.87559	6.930	83.8
2019-09-25T10:30	80.85775	102.98000	6.559	65.6
2019-09-25T10:40	80.86427	103.07847	6.101	67.3
2019-09-25T10:50	80.86183	103.19462	6.699	97.5
2019-09-25T11:00	80.85939	103.30623	6.443	97.8
2019-09-25T11:10	80.85749	103.43216	7.236	95.4
2019-09-25T11:20	80.85632	103.55422	6.996	93.4
2019-09-25T11:30	80.86055	103.67906	7.303	77.9
2019-09-25T11:40	80.85578	103.80055	7.160	103.8
2019-09-25T11:50	80.85095	103.91820	6.954	104.4
2019-09-25T12:00	80.84614	104.00747	5.397	108.7
2019-09-25T12:10	80.84255	104.11294	6.179	102.0
2019-09-25T12:20	80.84602	104.22814	6.717	79.2
2019-09-25T12:30	80.85452	104.33557	6.869	63.5
2019-09-25T12:40	80.86555	104.43347	6.866	54.6
2019-09-25T12:50	80.86767	104.54792	6.585	83.3
2019-09-25T13:00	80.87118	104.66589	6.858	79.3
2019-09-25T13:10	80.87548	104.78374	6.906	77.0
2019-09-25T13:20	80.87989	104.90164	6.915	76.7
2019-09-25T13:30	80.89284	104.98794	6.780	46.5
2019-09-25T13:40	80.90548	105.08106	6.989	49.3
2019-09-25T13:50	80.92066	105.16024	7.082	39.4
2019-09-25T14:00	80.93967	105.17798	6.915	8.4
2019-09-25T14:10	80.95620	105.22590	6.544	24.5
2019-09-25T14:20	80.97099	105.33822	8.289	50.0
2019-09-25T14:30	80.98608	105.42814	7.435	43.0
2019-09-25T14:40	80.99224	105.54580	6.996	71.5
2019-09-25T14:50	81.00736	105.63029	7.231	41.1
2019-09-25T15:00	81.02236	105.69473	6.505	33.8
2019-09-25T15:10	81.03119	105.79950	6.688	61.6
2019-09-25T15:20	81.03791	105.91831	7.092	70.0
2019-09-25T15:30	81.04756	106.02784	7.054	60.4
2019-09-25T15:40	81.05293	106.14395	6.785	73.4
2019-09-25T15:50	81.05189	106.24072	5.432	93.9
2019-09-25T16:00	81.06482	106.32365	6.574	44.9
2019-09-25T16:10	81.06951	106.43523	6.462	74.8
2019-09-25T16:20	81.07026	106.54765	6.289	87.5
2019-09-25T16:30	81.06202	106.64220	6.062	119.3
2019-09-25T16:40	81.05924	106.75215	6.233	99.2
2019-09-25T16:50	81.05987	106.87377	6.809	88.0
2019-09-25T17:00	81.06429	106.99130	6.764	76.3
2019-09-25T17:10	81.06933	107.09009	5.814	71.8
2019-09-25T17:20	81.06380	107.19020	5.942	109.6
2019-09-25T17:30	81.05311	107.29533	7.031	123.1
2019-09-25T17:40	81.04343	107.40104	6.871	120.4
2019-09-25T17:50	81.03548	107.50243	6.312	116.7
2019-09-25T18:00	81.03127	107.62093	6.821	102.8
2019-09-25T18:10	81.03082	107.73534	6.424	91.4
2019-09-25T18:20	81.03439	107.85013	6.569	78.7
2019-09-25T18:30	81.04049	107.96315	6.710	70.8
2019-09-25T18:40	81.04780	108.07197	6.643	66.6
2019-09-25T18:50	81.05217	108.18776	6.674	76.3
2019-09-25T19:00	81.05327	108.30513	6.584	86.5
2019-09-25T19:10	81.05470	108.42444	6.700	85.5
2019-09-25T19:20	81.05769	108.52986	5.998	79.6
2019-09-25T19:30	81.05970	108.65170	6.856	83.9
2019-09-25T19:40	81.06196	108.77349	6.862	83.1
2019-09-25T19:50	81.06554	108.89136	6.717	78.9
2019-09-25T20:00	81.07140	109.00705	6.803	71.9
2019-09-25T20:10	81.07702	109.11896	6.570	72.0
2019-09-25T20:20	81.08562	109.22442	6.651	62.2
2019-09-25T20:30	81.09195	109.29483	4.540	59.8
2019-09-25T20:40	81.09759	109.40677	6.562	71.9
2019-09-25T20:50	81.11004	109.54360	8.839	59.5
2019-09-25T21:00	81.12989	109.70207	11.344	50.9
2019-09-25T21:10	81.14118	109.82643	8.007	59.4
2019-09-25T21:20	81.15785	109.88758	6.893	29.4
2019-09-25T21:30	81.17532	109.91891	6.523	15.4
2019-09-25T21:40	81.19235	109.95571	6.459	18.3
2019-09-25T21:50	81.20140	110.05247	6.249	58.5
2019-09-25T22:00	81.21015	110.15007	6.228	59.6
2019-09-25T22:10	81.21890	110.25084	6.374	60.3
2019-09-25T22:20	81.22794	110.35418	6.545	60.1
2019-09-25T22:30	81.23604	110.45118	6.069	61.3
2019-09-25T22:40	81.24203	110.53511	5.083	64.8
2019-09-25T22:50	81.25188	110.62937	6.265	55.5
2019-09-25T23:00	81.26152	110.74399	7.170	61.0
2019-09-25T23:10	81.27065	110.85598	6.949	61.7
2019-09-25T23:20	81.28023	110.97473	7.345	61.9
2019-09-25T23:30	81.29001	111.09581	7.485	61.9
2019-09-25T23:40	81.29970	111.21889	7.562	62.4
2019-09-25T23:50	81.31086	111.33535	7.504	57.6
2019-09-26T00:00	81.32203	111.44021	6.976	54.7
2019-09-26T00:10	81.33740	111.56420	8.714	50.5
2019-09-26T00:20	81.35166	111.67260	7.801	48.8
2019-09-26T00:30	81.36490	111.77342	7.244	48.8
2019-09-26T00:40	81.37968	111.86145	7.136	41.7
2019-09-26T00:50	81.39457	111.94938	7.156	41.5
2019-09-26T01:00	81.40883	112.03379	6.856	41.5
2019-09-26T01:10	81.42300	112.11547	6.732	40.7
2019-09-26T01:20	81.42745	112.23829	6.784	76.3
2019-09-26T01:30	81.42403	112.36309	6.811	100.3
2019-09-26T01:40	81.41395	112.45241	6.017	127.1
2019-09-26T01:50	81.40706	112.56511	6.549	112.2
2019-09-26T02:00	81.39206	112.63868	6.696	143.7
2019-09-26T02:10	81.37579	112.63172	5.872	183.7
2019-09-26T02:20	81.36898	112.53505	5.769	244.9
2019-09-26T02:30	81.37703	112.45624	5.151	304.3
2019-09-26T02:40	81.39250	112.45605	5.570	359.9
2019-09-26T02:50	81.40081	112.53114	5.030	53.5
2019-09-26T03:00	81.39535	112.63304	5.829	109.6
2019-09-26T03:10	81.38100	112.69266	6.086	148.1
2019-09-26T03:20	81.37943	112.80078	5.862	95.5
2019-09-26T03:30	81.39325	112.86279	5.994	33.9
2019-09-26T03:40	81.40799	112.81534	5.889	334.3
2019-09-26T03:50	81.40791	112.70783	5.783	269.8
2019-09-26T04:00	81.39891	112.65649	4.258	220.5
2019-09-26T04:10	81.38696	112.66043	4.310	177.2
2019-09-26T04:20	81.37865	112.71839	4.328	133.7
2019-09-26T04:30	81.37835	112.75082	1.753	93.4
2019-09-26T04:40	81.38774	112.85201	6.421	58.2
2019-09-26T04:50	81.39764	112.95651	6.663	57.6
2019-09-26T05:00	81.40700	113.07905	7.407	62.9
2019-09-26T05:10	81.40803	113.25583	9.517	87.7
2019-09-26T05:20	81.41608	113.36591	6.591	63.8
2019-09-26T05:30	81.42498	113.47634	6.741	61.6
2019-09-26T05:40	81.43564	113.58405	6.938	56.4
2019-09-26T05:50	81.45447	113.70655	9.432	44.0
2019-09-26T06:00	81.46830	113.79572	6.895	43.7
2019-09-26T06:10	81.49265	113.86807	9.578	23.7
2019-09-26T06:20	81.51258	113.97332	9.103	37.9
2019-09-26T06:30	81.52074	114.12789	8.719	70.2
2019-09-26T06:40	81.53164	114.22063	6.295	51.4
2019-09-26T06:50	81.54550	114.33801	7.972	51.2
2019-09-26T07:00	81.55975	114.52177	10.990	62.1
2019-09-26T07:10	81.56825	114.64946	7.406	65.5
2019-09-26T07:20	81.57733	114.76199	6.779	61.1
2019-09-26T07:30	81.58429	114.91733	8.564	72.9
2019-09-26T07:40	81.58001	115.06225	7.793	101.3
2019-09-26T07:50	81.58561	115.24040	9.604	77.8
2019-09-26T08:00	81.59384	115.44355	11.101	74.4
2019-09-26T08:10	81.60074	115.65432	11.364	77.3
2019-09-26T08:20	81.61551	115.84402	11.299	61.8
2019-09-26T08:30	81.63430	116.00813	10.946	51.8
2019-09-26T08:40	81.64962	116.18257	10.667	58.8
2019-09-26T08:50	81.66494	116.31461	8.833	51.3
2019-09-26T09:00	81.67498	116.48714	9.697	68.0
2019-09-26T09:10	81.69345	116.55959	7.647	29.5
2019-09-26T09:20	81.70536	116.67078	7.195	53.4
2019-09-26T09:30	81.71674	116.77822	6.921	53.6
2019-09-26T09:40	81.72826	116.88468	6.903	53.0
2019-09-26T09:50	81.73805	116.99648	6.777	58.6
2019-09-26T10:00	81.74633	117.11173	6.665	63.4
2019-09-26T10:10	81.75739	117.21738	6.754	53.8
2019-09-26T10:20	81.76994	117.31422	6.737	47.8
2019-09-26T10:30	81.78386	117.40107	6.717	41.7
2019-09-26T10:40	81.79741	117.49756	6.958	45.4
2019-09-26T10:50	81.81014	117.60441	7.148	50.1
2019-09-26T11:00	81.82274	117.71013	7.067	50.0
2019-09-26T11:10	81.83564	117.81606	7.139	49.3
2019-09-26T11:20	81.84962	117.91544	7.149	45.2
2019-09-26T11:30	81.86476	118.00142	6.996	38.8
2019-09-26T11:40	81.87522	118.10724	6.574	55.0
2019-09-26T11:50	81.87154	118.23729	6.750	101.3
2019-09-26T12:00	81.85928	118.36107	7.697	124.9
2019-09-26T12:10	81.86035	118.48826	6.496	86.5
2019-09-26T12:20	81.86529	118.63512	7.692	76.6
2019-09-26T12:30	81.86791	118.77159	7.016	82.2
2019-09-26T12:40	81.87985	118.88027	7.005	52.1
2019-09-26T12:50	81.89148	118.97751	6.477	49.7
2019-09-26T13:00	81.90313	119.07647	6.543	50.1
2019-09-26T13:10	81.91513	119.17885	6.750	50.2
2019-09-26T13:20	81.92801	119.27498	6.721	46.3
2019-09-26T13:30	81.93556	119.34653	4.523	53.0
2019-09-26T13:40	81.93722	119.36297	1.024	54.2
2019-09-26T13:50	81.94060	119.41240	2.777	63.9
2019-09-26T14:00	81.94088	119.47121	2.970	88.0
2019-09-26T14:10	81.95451	119.56360	6.767	43.5
2019-09-26T14:20	81.96964	119.62947	6.378	31.3
2019-09-26T14:30	81.98762	119.69332	7.224	26.3
2019-09-26T14:40	82.00609	119.75443	7.324	24.7
2019-09-26T14:50	82.02574	119.78993	7.292	14.1
2019-09-26T15:00	82.04427	119.77083	6.741	351.9
2019-09-26T15:10	82.05924	119.75288	5.462	350.6
2019-09-26T15:20	82.07010	119.74182	3.948	352.0
2019-09-26T15:30	82.07331	119.69044	2.801	294.4
2019-09-26T15:40	82.07023	119.59609	4.815	256.7
2019-09-26T15:50	82.07016	119.52392	3.585	269.6
2019-09-26T16:00	82.06260	119.43119	5.352	239.5
2019-09-26T16:10	82.06211	119.35911	3.588	267.2
2019-09-26T16:20	82.06255	119.29956	2.965	273.1
2019-09-26T16:30	82.06317	119.27047	1.463	278.7
2019-09-26T16:40	82.06371	119.27099	0.197	7.5
2019-09-26T16:50	82.06423	119.27532	0.284	49.3
2019-09-26T17:00	82.06467	119.27985	0.277	54.3
2019-09-26T17:10	82.06504	119.28372	0.233	55.6
2019-09-26T17:20	82.06535	119.28761	0.223	60.3
2019-09-26T17:30	82.06568	119.29181	0.240	60.2
2019-09-26T17:40	82.06603	119.29383	0.161	38.7
2019-09-26T17:50	82.06632	119.29517	0.123	32.7
2019-09-26T18:00	82.06656	119.29774	0.156	55.3
2019-09-26T18:10	82.06661	119.30044	0.135	82.1
2019-09-26T18:20	82.06679	119.30070	0.066	11.3
2019-09-26T18:30	82.06519	119.28214	1.089	237.9
2019-09-26T18:40	82.06269	119.28949	0.969	157.8
2019-09-26T18:50	82.06284	119.28869	0.065	322.2
2019-09-26T19:00	82.06302	119.28547	0.172	291.9
2019-09-26T19:10	82.06321	119.28219	0.177	293.4
2019-09-26T19:20	82.06323	119.27831	0.193	271.5
2019-09-26T19:30	82.06340	119.26826	0.504	277.4
2019-09-26T19:40	82.06184	119.25648	0.813	226.1
2019-09-26T19:50	82.06325	119.28750	1.624	71.8
2019-09-26T20:00	82.06351	119.28482	0.163	304.8
2019-09-26T20:10	82.06347	119.28303	0.090	261.3
2019-09-26T20:20	82.06387	119.27777	0.298	298.7
2019-09-26T20:30	82.06502	119.26758	0.654	309.2
2019-09-26T20:40	82.06353	119.28304	0.938	124.9
2019-09-26T20:50	82.06176	119.29579	0.898	135.1
2019-09-26T21:00	82.06454	119.27863	1.315	319.6
2019-09-26T21:10	82.06502	119.27216	0.366	298.4
2019-09-26T21:20	82.06565	119.26535	0.408	304.0
2019-09-26T21:30	82.06441	119.26191	0.479	200.9
2019-09-26T21:40	82.06546	119.25797	0.425	332.6
2019-09-26T21:50	82.06647	119.25498	0.393	337.8
2019-09-26T22:00	82.06282	119.27123	1.542	148.4
2019-09-26T22:10	82.06265	119.27917	0.400	99.2
2019-09-26T22:20	82.06396	119.28103	0.483	11.1
2019-09-26T22:30	82.06481	119.27767	0.348	331.3
2019-09-26T22:40	82.06502	119.27860	0.088	31.7
2019-09-26T22:50	82.06391	119.29063	0.719	123.7
2019-09-26T23:00	82.06528	119.28361	0.605	324.8
2019-09-26T23:10	82.06620	119.27999	0.375	331.3
2019-09-26T23:20	82.06699	119.28053	0.284	5.5
2019-09-26T23:30	82.06816	119.28037	0.422	358.9
2019-09-26T23:40	82.06961	119.26555	0.903	305.4
2019-09-26T23:50	82.07195	119.27082	0.883	17.2
2019-09-27T00:00	82.07193	119.28395	0.652	90.8
2019-09-27T00:10	82.07273	119.28101	0.325	333.3
2019-09-27T00:20	82.07320	119.29623	0.774	77.5
2019-09-27T00:30	82.07529	119.30243	0.814	22.2
2019-09-27T00:40	82.07670	119.30571	0.532	17.8
2019-09-27T00:50	82.07739	119.29146	0.750	289.3
2019-09-27T01:00	82.07839	119.28834	0.392	336.7
2019-09-27T01:10	82.07939	119.30250	0.789	62.9
2019-09-27T01:20	82.07956	119.30984	0.369	80.1
2019-09-27T01:30	82.08066	119.30647	0.428	337.0
2019-09-27T01:40	82.08256	119.31903	0.926	42.3
2019-09-27T01:50	82.08493	119.31138	0.933	336.0
2019-09-27T02:00	82.08447	119.30710	0.267	232.6
2019-09-27T02:10	82.08558	119.32972	1.190	70.5
2019-09-27T02:20	82.08846	119.33190	1.044	5.9
2019-09-27T02:30	82.08768	119.32588	0.411	226.6
2019-09-27T02:40	82.08827	119.33775	0.627	69.9
2019-09-27T02:50	82.08874	119.35427	0.835	78.5
2019-09-27T03:00	82.09003	119.34863	0.543	329.0
2019-09-27T03:10	82.09639	119.39555	3.263	45.4
2019-09-27T03:20	82.08711	119.52527	7.243	117.4
2019-09-27T03:30	82.06918	119.51928	6.463	182.6
2019-09-27T03:40	82.05189	119.47322	6.633	200.2
2019-09-27T03:50	82.03027	119.42256	8.181	198.0
2019-09-27T04:00	82.01358	119.36002	6.775	207.5
2019-09-27T04:10	81.99522	119.34422	6.657	186.8
2019-09-27T04:20	81.97635	119.32821	6.841	186.8
2019-09-27T04:30	81.95860	119.29766	6.576	193.5
2019-09-27T04:40	81.95864	119.30378	0.308	87.3
2019-09-27T04:50	81.95881	119.30800	0.222	73.5
2019-09-27T05:00	81.95870	119.30764	0.044	204.5
2019-09-27T05:10	81.95863	119.30763	0.027	181.2
2019-09-27T05:20	81.95856	119.30675	0.049	243.8
2019-09-27T05:30	81.95859	119.30638	0.021	296.3
2019-09-27T05:40	81.95868	119.30743	0.062	58.6
2019-09-27T05:50	81.95839	119.31164	0.237	116.6
2019-09-27T06:00	81.95872	119.31230	0.123	15.7
2019-09-27T06:10	81.96149	119.29363	1.371	316.7
2019-09-27T06:20	81.95866	119.27605	1.349	221.0
2019-09-27T06:30	81.96125	119.30613	1.778	58.4
2019-09-27T06:40	81.96074	119.30653	0.183	173.7
2019-09-27T06:50	81.95871	119.30234	0.761	196.1
2019-09-27T07:00	81.95675	119.30017	0.716	188.8
2019-09-27T07:10	81.95657	119.29989	0.066	192.1
2019-09-27T07:20	81.96011	119.32627	1.842	46.2
2019-09-27T07:30	81.95948	119.45534	6.504	91.9
2019-09-27T07:40	81.95892	119.58732	6.650	91.7
2019-09-27T07:50	81.95805	119.71973	6.677	92.6
2019-09-27T08:00	81.95734	119.76762	2.426	96.0
2019-09-27T08:10	81.95671	119.76654	0.232	193.5
2019-09-27T08:20	81.95690	119.76015	0.329	281.8
2019-09-27T08:30	81.95759	119.77025	0.567	63.8
2019-09-27T08:40	81.95553	119.77951	0.877	147.8
2019-09-27T08:50	81.95651	119.77063	0.571	308.4
2019-09-27T09:00	81.95560	119.77735	0.471	134.0
2019-09-27T09:10	81.95511	119.77655	0.181	192.9
2019-09-27T09:20	81.95610	119.76190	0.820	295.8
2019-09-27T09:30	81.95642	119.76013	0.146	322.3
2019-09-27T09:40	81.95647	119.75661	0.178	275.5
2019-09-27T09:50	81.95724	119.74776	0.525	301.8
2019-09-27T10:00	81.95898	119.73321	0.964	310.5
2019-09-27T10:10	81.97626	119.74617	6.258	6.0
2019-09-27T10:20	81.99439	119.77228	6.657	11.3
2019-09-27T10:30	82.00719	119.78909	4.686	10.3
2019-09-27T10:40	82.02268	119.80898	5.665	10.1
2019-09-27T10:50	82.03016	119.81567	2.713	7.1
2019-09-27T11:00	82.02665	119.91070	4.910	104.9
2019-09-27T11:10	82.01773	120.03602	7.038	117.1
2019-09-27T11:20	82.00912	120.16135	6.994	116.2
2019-09-27T11:30	82.00055	120.28816	7.062	115.9
2019-09-27T11:40	82.01025	120.33169	4.118	31.9
2019-09-27T11:50	82.02875	120.27857	7.171	338.3
2019-09-27T12:00	82.04598	120.22059	6.846	335.0
2019-09-27T12:10	82.06215	120.19048	6.011	345.6
2019-09-27T12:20	82.08075	120.17312	6.752	352.7
2019-09-27T12:30	82.09809	120.14154	6.437	345.9
2019-09-27T12:40	82.11105	120.11743	4.814	345.7
2019-09-27T12:50	82.12993	120.07841	7.067	344.2
2019-09-27T13:00	82.14820	120.04335	6.801	345.3
2019-09-27T13:10	82.16757	120.00404	7.237	344.5
2019-09-27T13:20	82.18343	119.97036	5.944	343.9
2019-09-27T13:30	82.19919	119.93574	5.919	343.4
2019-09-27T13:40	82.21573	119.90007	6.207	343.7
2019-09-27T13:50	82.22860	119.87539	4.786	345.5
2019-09-27T14:00	82.24383	119.85106	5.610	347.8
2019-09-27T14:10	82.26047	119.81833	6.200	345.2
2019-09-27T14:20	82.27457	119.79037	5.252	345.1
2019-09-27T14:30	82.28946	119.76053	5.551	345.0
2019-09-27T14:40	82.29639	119.66743	5.142	299.1
2019-09-27T14:50	82.29618	119.56012	5.180	269.2
2019-09-27T15:00	82.29635	119.43929	5.833	270.7
2019-09-27T15:10	82.29649	119.31382	6.056	270.5
2019-09-27T15:20	82.29678	119.16707	7.083	270.9
2019-09-27T15:30	82.29708	119.01347	7.414	270.9
2019-09-27T15:40	82.29748	118.85898	7.457	271.2
2019-09-27T15:50	82.28283	118.82725	5.492	196.2
2019-09-27T16:00	82.26240	118.88232	7.825	160.1
2019-09-27T16:10	82.24198	118.93938	7.855	159.3
2019-09-27T16:20	82.22158	118.99368	7.807	160.2
2019-09-27T16:30	82.20453	119.03895	6.523	160.2
2019-09-27T16:40	82.18622	119.08084	6.904	162.7
2019-09-27T16:50	82.16866	119.11936	6.597	163.4
2019-09-27T17:00	82.15183	119.15708	6.338	163.0
2019-09-27T17:10	82.13341	119.20122	6.976	161.8
2019-09-27T17:20	82.11577	119.24855	6.768	159.8
2019-09-27T17:30	82.10021	119.28977	5.962	160.0
2019-09-27T17:40	82.08553	119.34017	5.843	154.7
2019-09-27T17:50	82.07999	119.44011	5.344	111.9
2019-09-27T18:00	82.07592	119.55645	5.956	104.2
2019-09-27T18:10	82.07179	119.67806	6.218	103.8
2019-09-27T18:20	82.06886	119.77037	4.705	102.9
2019-09-27T18:30	82.06869	119.76976	0.068	206.3
2019-09-27T18:40	82.06810	119.76565	0.295	223.7
2019-09-27T18:50	82.06887	119.76355	0.296	339.3
2019-09-27T19:00	82.07022	119.76301	0.486	356.9
2019-09-27T19:10	82.07064	119.76110	0.180	328.1
2019-09-27T19:20	82.07023	119.75813	0.209	225.1
2019-09-27T19:30	82.06996	119.75409	0.224	243.7
2019-09-27T19:40	82.06973	119.74980	0.229	248.9
2019-09-27T19:50	82.07057	119.74370	0.428	315.0
2019-09-27T20:00	82.06915	119.76560	1.202	115.2
2019-09-27T20:10	82.06920	119.75831	0.363	273.2
2019-09-27T20:20	82.06951	119.75430	0.228	299.3
2019-09-27T20:30	82.07235	119.76265	1.103	22.1
2019-09-27T20:40	82.06567	119.76565	2.410	176.4
2019-09-27T20:50	82.06529	119.76438	0.153	204.5
2019-09-27T21:00	82.06873	119.75468	1.328	338.7
2019-09-27T21:10	82.06974	119.74922	0.455	323.4
2019-09-27T21:20	82.07006	119.74794	0.132	331.3
2019-09-27T21:30	82.07069	119.73849	0.521	295.6
2019-09-27T21:40	82.07111	119.72708	0.587	285.2
2019-09-27T21:50	82.07163	119.71557	0.601	287.9
2019-09-27T22:00	82.07665	119.71614	1.807	0.9
2019-09-27T22:10	82.07047	119.74523	2.653	147.0
2019-09-27T22:20	82.07101	119.75378	0.467	65.4
2019-09-27T22:30	82.06965	119.76582	0.773	129.3
2019-09-27T22:40	82.07066	119.75932	0.487	318.4
2019-09-27T22:50	82.06820	119.77304	1.117	142.4
2019-09-27T23:00	82.07191	119.64632	6.434	282.0
2019-09-27T23:10	82.07144	119.58798	2.902	266.7
2019-09-27T23:20	82.07469	119.57255	1.398	326.8
2019-09-27T23:30	82.07577	119.56731	0.470	326.4
2019-09-27T23:40	82.07590	119.56683	0.053	333.2
2019-09-27T23:50	82.07485	119.57279	0.480	142.0
2019-09-28T00:00	82.07815	119.55566	1.458	324.4
2019-09-28T00:10	82.07996	119.54541	0.829	322.1
2019-09-28T00:20	82.08198	119.53419	0.914	322.5
2019-09-28T00:30	82.08401	119.52351	0.903	324.1
2019-09-28T00:40	82.08615	119.51323	0.925	326.6
2019-09-28T00:50	82.08832	119.50359	0.917	328.6
2019-09-28T01:00	82.09035	119.49728	0.794	336.8
2019-09-28T01:10	82.09141	119.50755	0.634	53.3
2019-09-28T01:20	82.09237	119.52305	0.843	65.7
2019-09-28T01:30	82.09347	119.53750	0.818	61.0
2019-09-28T01:40	82.09432	119.55340	0.846	68.6
2019-09-28T01:50	82.09616	119.55928	0.723	23.7
2019-09-28T02:00	82.09822	119.55947	0.740	0.7
2019-09-28T02:10	82.10012	119.55995	0.685	2.0
2019-09-28T02:20	82.10201	119.56263	0.695	11.0
2019-09-28T02:30	82.10371	119.56626	0.637	16.4
2019-09-28T02:40	82.10539	119.56993	0.632	16.7
2019-09-28T02:50	82.10715	119.57243	0.645	11.0
2019-09-28T03:00	82.10883	119.57392	0.607	7.0
2019-09-28T03:10	82.11030	119.57491	0.533	5.3
2019-09-28T03:20	82.11172	119.57659	0.518	9.2
2019-09-28T03:30	82.12025	119.60240	3.323	22.5
2019-09-28T03:40	82.13188	119.62109	4.288	12.4
2019-09-28T03:50	82.13453	119.64476	1.509	50.6
2019-09-28T04:00	82.15014	119.67779	5.849	16.1
2019-09-28T04:10	82.16551	119.75290	6.653	33.6
2019-09-28T04:20	82.17990	119.83276	6.492	37.1
2019-09-28T04:30	82.19692	119.89203	6.783	25.3
2019-09-28T04:40	82.21198	119.96627	6.521	33.7
2019-09-28T04:50	82.21884	119.97932	2.552	14.4
2019-09-28T05:00	82.23077	120.07480	6.331	47.2
2019-09-28T05:10	82.24118	120.17129	6.007	51.3
2019-09-28T05:20	82.24854	120.29520	6.577	66.2
2019-09-28T05:30	82.26835	120.37165	8.041	27.4
2019-09-28T05:40	82.28527	120.41216	6.401	17.8
2019-09-28T05:50	82.30952	120.47171	9.189	18.2
2019-09-28T06:00	82.33015	120.47024	7.430	359.5
2019-09-28T06:10	82.34912	120.44633	6.926	350.5
2019-09-28T06:20	82.37048	120.40177	7.981	344.5
2019-09-28T06:30	82.39394	120.40092	8.447	359.7
2019-09-28T06:40	82.41185	120.44781	6.822	19.1
2019-09-28T06:50	82.42991	120.48200	6.705	14.0
2019-09-28T07:00	82.45597	120.52586	9.607	12.5
2019-09-28T07:10	82.47956	120.59351	9.074	20.6
2019-09-28T07:20	82.50486	120.73367	11.248	35.8
2019-09-28T07:30	82.52131	120.80668	6.841	30.0
2019-09-28T07:40	82.53889	120.92951	8.552	42.2
2019-09-28T07:50	82.55493	121.04064	7.764	41.9
2019-09-28T08:00	82.56787	121.21147	9.225	59.6
2019-09-28T08:10	82.57500	121.34985	6.935	68.2
2019-09-28T08:20	82.59056	121.44490	7.134	38.2
2019-09-28T08:30	82.60582	121.53868	7.009	38.3
2019-09-28T08:40	82.62178	121.61888	6.840	32.8
2019-09-28T08:50	82.63899	121.68114	6.831	24.9
2019-09-28T09:00	82.65732	121.74149	7.161	22.8
2019-09-28T09:10	82.67648	121.80574	7.505	23.1
2019-09-28T09:20	82.69401	121.88089	7.190	28.6
2019-09-28T09:30	82.71126	121.95486	7.072	28.5
2019-09-28T09:40	82.72814	122.01694	6.707	25.0
2019-09-28T09:50	82.74728	122.03829	6.957	8.0
2019-09-28T10:00	82.76724	122.03267	7.194	358.0
2019-09-28T10:10	82.78626	122.01208	6.910	352.3
2019-09-28T10:20	82.80544	122.00372	6.917	356.9
2019-09-28T10:30	82.82166	122.08642	6.927	32.5
2019-09-28T10:40	82.83640	122.17446	6.620	36.7
2019-09-28T10:50	82.84729	122.29189	6.566	53.3
2019-09-28T11:00	82.85898	122.39533	6.259	47.7
2019-09-28T11:10	82.86501	122.49164	4.826	63.2
2019-09-28T11:20	82.86681	122.63974	6.654	84.3
2019-09-28T11:30	82.87356	122.78091	6.760	68.9
2019-09-28T11:40	82.88080	122.90903	6.287	65.4
2019-09-28T11:50	82.89595	122.87512	5.662	344.5
2019-09-28T12:00	82.90819	122.93839	5.229	32.5
2019-09-28T12:10	82.91770	123.06553	6.603	58.7
2019-09-28T12:20	82.93466	123.15718	7.336	33.6
2019-09-28T12:30	82.95373	123.22792	7.545	24.5
2019-09-28T12:40	82.97294	123.30291	7.666	25.5
2019-09-28T12:50	82.99251	123.37285	7.690	23.5
2019-09-28T13:00	83.01568	123.43371	8.756	17.7
2019-09-28T13:10	83.03277	123.50960	6.992	28.3
2019-09-28T13:20	83.05285	123.58315	7.910	23.9
2019-09-28T13:30	83.07334	123.59524	7.395	4.1
2019-09-28T13:40	83.08438	123.68948	5.705	45.7
2019-09-28T13:50	83.08269	123.87942	8.258	94.2
2019-09-28T14:00	83.08311	124.04678	7.259	88.7
2019-09-28T14:10	83.09450	124.18563	7.281	55.6
2019-09-28T14:20	83.11787	124.25746	8.968	20.2
2019-09-28T14:30	83.13546	124.34419	7.355	30.5
2019-09-28T14:40	83.15195	124.45623	7.643	39.0
2019-09-28T14:50	83.16888	124.54004	7.078	30.5
2019-09-28T15:00	83.18634	124.62814	7.329	30.9
2019-09-28T15:10	83.20234	124.73855	7.441	39.2
2019-09-28T15:20	83.21868	124.86367	7.936	42.1
2019-09-28T15:30	83.23419	124.98315	7.545	42.2
2019-09-28T15:40	83.25019	125.10715	7.797	42.3
2019-09-28T15:50	83.26617	125.21931	7.456	39.4
2019-09-28T16:00	83.27913	125.34736	7.137	49.1
2019-09-28T16:10	83.29172	125.46661	6.763	47.9
2019-09-28T16:20	83.29943	125.60632	6.496	64.6
2019-09-28T16:30	83.31617	125.67899	6.754	26.8
2019-09-28T16:40	83.33355	125.75418	7.005	26.7
2019-09-28T16:50	83.35161	125.79036	6.678	13.1
2019-09-28T17:00	83.36799	125.85119	6.416	23.2
2019-09-28T17:10	83.38550	125.91890	6.903	24.0
2019-09-28T17:20	83.40423	125.91020	6.753	356.9
2019-09-28T17:30	83.42206	125.88609	6.497	351.2
2019-09-28T17:40	83.43923	125.90212	6.218	6.1
2019-09-28T17:50	83.45408	125.93222	5.489	13.0
2019-09-28T18:00	83.47084	126.00416	6.717	26.0
2019-09-28T18:10	83.48933	126.00636	6.658	0.8
2019-09-28T18:20	83.50770	126.03917	6.745	11.4
2019-09-28T18:30	83.52242	126.13625	6.609	36.6
2019-09-28T18:40	83.53520	126.25301	6.606	45.8
2019-09-28T18:50	83.55177	126.34144	6.955	30.9
2019-09-28T19:00	83.56778	126.40431	6.301	23.7
2019-09-28T19:10	83.58150	126.52041	6.803	43.4
2019-09-28T19:20	83.59726	126.61792	6.897	34.6
2019-09-28T19:30	83.61382	126.70891	6.990	31.4
2019-09-28T19:40	83.63169	126.72364	6.461	5.2
2019-09-28T19:50	83.64904	126.73367	6.258	3.7
2019-09-28T20:00	83.66563	126.79384	6.436	21.8
2019-09-28T20:10	83.68233	126.84834	6.390	19.8
2019-09-28T20:20	83.69988	126.85898	6.332	3.8
2019-09-28T20:30	83.71738	126.91381	6.662	18.9
2019-09-28T20:40	83.73327	127.00235	6.699	31.3
2019-09-28T20:50	83.74784	127.09058	6.286	33.4
2019-09-28T21:00	83.76252	127.17302	6.195	31.4
2019-09-28T21:10	83.77793	127.26565	6.624	33.1
2019-09-28T21:20	83.79379	127.36007	6.794	32.7
2019-09-28T21:30	83.80916	127.45244	6.597	32.9
2019-09-28T21:40	83.82405	127.54054	6.358	32.5
2019-09-28T21:50	83.83888	127.62905	6.343	32.6
2019-09-28T22:00	83.85358	127.71647	6.277	32.5
2019-09-28T22:10	83.86826	127.80442	6.276	32.6
2019-09-28T22:20	83.88313	127.90479	6.597	35.7
2019-09-28T22:30	83.89760	128.00534	6.480	36.4
2019-09-28T22:40	83.91338	128.11103	6.972	35.4
2019-09-28T22:50	83.92735	128.20707	6.224	36.0
2019-09-28T23:00	83.94145	128.31987	6.646	40.2
2019-09-28T23:10	83.95811	128.40524	6.819	28.3
2019-09-28T23:20	83.97578	128.39089	6.383	355.1
2019-09-28T23:30	83.99392	128.37487	6.560	354.7
2019-09-28T23:40	84.01152	128.40818	6.458	11.2
2019-09-28T23:50	84.02719	128.47783	6.219	24.8
2019-09-29T00:00	84.04065	128.54404	5.443	27.0
2019-09-29T00:10	84.05576	128.64482	6.614	34.6
2019-09-29T00:20	84.07375	128.73968	7.378	28.6
2019-09-29T00:30	84.08917	128.85839	7.088	38.4
2019-09-29T00:40	84.10906	128.89526	7.292	10.8
2019-09-29T00:50	84.13087	128.93020	7.957	9.3
2019-09-29T01:00	84.15035	129.00276	7.503	20.8
2019-09-29T01:10	84.16647	129.11249	7.061	34.7
2019-09-29T01:20	84.16983	129.14600	1.724	45.3
2019-09-29T01:30	84.17130	129.14187	0.549	344.0
2019-09-29T01:40	84.17188	129.13839	0.245	328.6
2019-09-29T01:50	84.17282	129.13500	0.360	339.9
2019-09-29T02:00	84.18624	129.13993	4.835	2.1
2019-09-29T02:10	84.20232	129.25669	7.183	36.2
2019-09-29T02:20	84.21817	129.36697	6.974	35.0
2019-09-29T02:30	84.23313	129.54283	8.343	49.7
2019-09-29T02:40	84.24585	129.71052	7.595	52.9
2019-09-29T02:50	84.25491	129.90331	7.681	64.8
2019-09-29T03:00	84.27307	129.81330	7.299	333.7
2019-09-29T03:10	84.29071	129.69087	7.722	325.4
2019-09-29T03:20	84.30820	129.58268	7.390	328.5
2019-09-29T03:30	84.32203	129.45084	6.849	316.7
2019-09-29T03:40	84.34215	129.31113	8.783	325.6
2019-09-29T03:50	84.36168	129.24591	7.404	341.8
2019-09-29T04:00	84.38129	129.19663	7.271	346.2
2019-09-29T04:10	84.39899	129.13872	6.691	342.3
2019-09-29T04:20	84.41618	129.06865	6.658	338.4
2019-09-29T04:30	84.42579	129.01281	3.974	330.6
2019-09-29T04:40	84.43770	128.95019	4.814	333.0
2019-09-29T04:50	84.45406	128.86835	6.547	334.2
2019-09-29T05:00	84.46889	128.82501	5.548	344.3
2019-09-29T05:10	84.48492	128.74803	6.356	335.2
2019-09-29T05:20	84.50313	128.71972	6.631	351.5
2019-09-29T05:30	84.51194	128.60600	5.042	309.0
2019-09-29T05:40	84.52408	128.57304	4.514	345.5
2019-09-29T05:50	84.53913	128.57146	5.421	359.4
2019-09-29T06:00	84.54231	128.60257	1.565	42.9
2019-09-29T06:10	84.54231	128.59947	0.106	269.4
2019-09-29T06:20	84.54229	128.59562	0.132	266.1
2019-09-29T06:30	84.54226	128.59183	0.130	265.2
2019-09-29T06:40	84.54222	128.58764	0.144	264.7
2019-09-29T06:50	84.54217	128.58333	0.149	263.3
2019-09-29T07:00	84.54212	128.57869	0.160	264.0
2019-09-29T07:10	84.54208	128.57368	0.172	265.0
2019-09-29T07:20	84.54204	128.56839	0.182	265.2
2019-09-29T07:30	84.54201	128.56321	0.178	266.8
2019-09-29T07:40	84.54199	128.55711	0.209	267.2
2019-09-29T07:50	84.54195	128.55106	0.208	266.7
2019-09-29T08:00	84.54194	128.54467	0.219	268.6
2019-09-29T08:10	84.54193	128.53810	0.225	269.0
2019-09-29T08:20	84.54195	128.53112	0.239	271.9
2019-09-29T08:30	84.54198	128.52406	0.242	272.2
2019-09-29T08:40	84.54202	128.51688	0.246	273.6
2019-09-29T08:50	84.54220	128.52589	0.315	78.2
2019-09-29T09:00	84.54153	128.57607	1.735	97.9
2019-09-29T09:10	84.53340	128.73815	6.279	117.7
2019-09-29T09:20	84.52725	128.88083	5.374	114.3
2019-09-29T09:30	84.53574	129.02766	5.893	58.7
2019-09-29T09:40	84.54462	129.18202	6.180	58.8
2019-09-29T09:50	84.55459	129.30216	5.455	48.8
2019-09-29T10:00	84.56433	129.42659	5.509	50.4
2019-09-29T10:10	84.58179	129.40354	6.337	352.9
2019-09-29T10:20	84.59966	129.44513	6.587	12.4
2019-09-29T10:30	84.61307	129.52074	5.463	27.9
2019-09-29T10:40	84.62465	129.62760	5.514	40.8
2019-09-29T10:50	84.63679	129.75955	6.234	45.4
2019-09-29T11:00	84.64691	129.88348	5.535	48.8
2019-09-29T11:10	84.65300	130.04413	5.821	67.8
2019-09-29T11:20	84.66292	130.18699	5.976	53.2
2019-09-29T11:30	84.67541	130.32525	6.450	45.7
2019-09-29T11:40	84.68333	130.46650	5.511	58.8
2019-09-29T11:50	84.69607	130.61412	6.725	46.9
2019-09-29T12:00	84.69726	130.64989	1.266	70.1
2019-09-29T12:10	84.69944	130.86012	7.038	83.5
2019-09-29T12:20	84.70207	131.07616	7.246	82.4
2019-09-29T12:30	84.70836	131.27342	6.934	70.9
2019-09-29T12:40	84.72484	131.41578	7.583	38.4
2019-09-29T12:50	84.73797	131.59362	7.545	51.1
2019-09-29T13:00	84.75160	131.75887	7.332	47.9
2019-09-29T13:10	84.76195	131.94314	7.117	58.3
2019-09-29T13:20	84.77131	132.12330	6.810	60.2
2019-09-29T13:30	84.78106	132.31920	7.318	61.2
2019-09-29T13:40	84.79479	132.47970	7.211	46.6
2019-09-29T13:50	84.80229	132.69680	7.584	69.0
2019-09-29T14:00	84.81248	132.88006	7.008	58.4
2019-09-29T14:10	84.81363	133.09888	7.135	86.5
2019-09-29T14:20	84.82013	133.32766	7.801	72.4
2019-09-29T14:30	84.83665	133.47301	7.591	38.3
2019-09-29T14:40	84.84758	133.67270	7.566	58.6
2019-09-29T14:50	84.85283	133.86271	6.426	72.8
2019-09-29T15:00	84.85457	134.10231	7.763	85.2
2019-09-29T15:10	84.86518	134.28275	6.961	56.6
2019-09-29T15:20	84.88386	134.36844	7.269	22.2
2019-09-29T15:30	84.90012	134.51961	7.599	39.5
2019-09-29T15:40	84.91397	134.64224	6.344	38.1
2019-09-29T15:50	84.90688	134.83284	6.602	112.7
2019-09-29T16:00	84.89847	135.02484	6.848	116.1
2019-09-29T16:10	84.89978	135.21222	6.017	85.4
2019-09-29T16:20	84.90615	135.41192	6.787	70.2
2019-09-29T16:30	84.91143	135.61658	6.810	73.7
2019-09-29T16:40	84.92430	135.77558	6.870	47.5
2019-09-29T16:50	84.94254	135.80310	6.626	7.6
2019-09-29T17:00	84.95945	135.90913	6.952	28.8
2019-09-29T17:10	84.97342	136.04420	6.595	40.2
2019-09-29T17:20	84.98665	136.17566	6.313	40.9
2019-09-29T17:30	84.99532	136.33172	5.814	57.5
2019-09-29T17:40	84.98908	136.52378	6.440	110.3
2019-09-29T17:50	84.98509	136.70985	6.028	103.7
2019-09-29T18:00	84.99068	136.86883	5.391	68.0
2019-09-29T18:10	85.00320	136.97793	5.663	37.2
2019-09-29T18:20	85.01793	137.02583	5.510	15.8
2019-09-29T18:30	85.02503	137.19729	5.936	64.4
2019-09-29T18:40	85.03769	137.33776	6.323	43.8
2019-09-29T18:50	85.05526	137.33940	6.324	0.5
2019-09-29T19:00	85.06901	137.47299	6.454	39.8
2019-09-29T19:10	85.08388	137.61155	6.855	38.6
2019-09-29T19:20	85.10265	137.69599	7.241	21.0
2019-09-29T19:30	85.11008	137.90441	6.938	67.2
2019-09-29T19:40	85.11868	138.09789	6.692	62.3
2019-09-29T19:50	85.12133	138.13651	1.519	51.1
2019-09-29T20:00	85.12095	138.12873	0.275	240.0
2019-09-29T20:10	85.12061	138.12099	0.266	243.0
2019-09-29T20:20	85.12029	138.11302	0.269	245.0
2019-09-29T20:30	85.11999	138.10447	0.283	247.5
2019-09-29T20:40	85.11973	138.09625	0.269	249.5
2019-09-29T20:50	85.11946	138.08719	0.294	250.8
2019-09-29T21:00	85.11921	138.07856	0.279	251.4
2019-09-29T21:10	85.11894	138.06876	0.316	252.0
2019-09-29T21:20	85.11871	138.05933	0.301	253.7
2019-09-29T21:30	85.11846	138.04861	0.340	254.9
2019-09-29T21:40	85.11823	138.03800	0.336	255.5
2019-09-29T21:50	85.11800	138.02668	0.357	256.5
2019-09-29T22:00	85.11775	138.01511	0.365	256.0
2019-09-29T22:10	85.11752	138.00316	0.376	257.1
2019-09-29T22:20	85.11731	137.99151	0.365	258.4
2019-09-29T22:30	85.12119	138.04029	2.045	46.9
2019-09-29T22:40	85.12365	138.05693	1.020	29.9
2019-09-29T22:50	85.12295	138.04323	0.489	239.1
2019-09-29T23:00	85.12397	138.03845	0.396	338.3
2019-09-29T23:10	85.12487	138.03481	0.343	341.1
2019-09-29T23:20	85.12477	138.02499	0.303	262.9
2019-09-29T23:30	85.12467	138.01492	0.310	263.2
2019-09-29T23:40	85.12458	138.00516	0.300	263.6
2019-09-29T23:50	85.12449	137.99566	0.293	263.9
2019-09-30T00:00	85.12441	137.98648	0.282	264.1
2019-09-30T00:10	85.12433	137.97730	0.283	264.1
2019-09-30T00:20	85.12424	137.96875	0.263	263.5
2019-09-30T00:30	85.12417	137.96071	0.248	263.7
2019-09-30T00:40	85.12407	137.95248	0.254	262.4
2019-09-30T00:50	85.12399	137.94460	0.243	262.7
2019-09-30T01:00	85.12389	137.93745	0.221	261.1
2019-09-30T01:10	85.12379	137.93025	0.224	260.3
2019-09-30T01:20	85.12365	137.92318	0.222	257.2
2019-09-30T01:30	85.12354	137.91669	0.203	258.4
2019-09-30T01:40	85.12338	137.91009	0.210	254.4
2019-09-30T01:50	85.12319	137.90352	0.212	251.3
2019-09-30T02:00	85.12301	137.89761	0.193	250.1
2019-09-30T02:10	85.12279	137.89122	0.211	247.6
2019-09-30T02:20	85.12257	137.88574	0.185	245.0
2019-09-30T02:30	85.12229	137.87968	0.211	241.4
2019-09-30T02:40	85.12203	137.87444	0.185	240.0
2019-09-30T02:50	85.12173	137.86894	0.200	237.2
2019-09-30T03:00	85.12141	137.86352	0.203	235.0
2019-09-30T03:10	85.12105	137.85787	0.216	233.1
2019-09-30T03:20	85.12071	137.85279	0.198	231.9
2019-09-30T03:30	85.12031	137.84709	0.225	230.8
2019-09-30T03:40	85.11990	137.84168	0.222	228.2
2019-09-30T03:50	85.11947	137.83631	0.226	226.7
2019-09-30T04:00	85.11902	137.83090	0.233	225.3
2019-09-30T04:10	85.11857	137.82513	0.239	227.8
2019-09-30T04:20	85.11807	137.81956	0.249	223.2
2019-09-30T04:30	85.11758	137.81349	0.256	226.7
2019-09-30T04:40	85.11705	137.80785	0.257	222.3
2019-09-30T04:50	85.11653	137.80145	0.272	226.1
2019-09-30T05:00	85.11599	137.79486	0.280	226.1
2019-09-30T05:10	85.11543	137.78836	0.283	224.6
2019-09-30T05:20	85.11486	137.78126	0.298	227.0
2019-09-30T05:30	85.11427	137.77393	0.311	226.3
2019-09-30T05:40	85.11368	137.76609	0.320	228.6
2019-09-30T05:50	85.11310	137.75811	0.322	229.4
2019-09-30T06:00	85.11249	137.75001	0.330	228.7
2019-09-30T06:10	85.11191	137.74169	0.331	230.6
2019-09-30T06:20	85.11133	137.73322	0.334	231.2
2019-09-30T06:30	85.11075	137.72443	0.340	232.4
2019-09-30T06:40	85.11016	137.71483	0.362	234.4
2019-09-30T06:50	85.10960	137.70544	0.353	234.7
2019-09-30T07:00	85.10904	137.69561	0.362	236.6
2019-09-30T07:10	85.10853	137.68590	0.351	238.0
2019-09-30T07:20	85.10800	137.67586	0.362	238.4
2019-09-30T07:30	85.10748	137.66589	0.359	238.5
2019-09-30T07:40	85.10700	137.65536	0.366	242.0
2019-09-30T07:50	85.10652	137.64449	0.377	242.5
2019-09-30T08:00	85.10606	137.63397	0.362	243.0
2019-09-30T08:10	85.10563	137.62316	0.367	244.9
2019-09-30T08:20	85.10523	137.61219	0.366	246.9
2019-09-30T08:30	85.10484	137.60161	0.353	246.9
2019-09-30T08:40	85.10447	137.59039	0.369	248.8
2019-09-30T08:50	85.10411	137.57943	0.361	248.9
2019-09-30T09:00	85.10376	137.56843	0.361	249.3
2019-09-30T09:10	85.10341	137.55760	0.356	249.3
2019-09-30T09:20	85.10308	137.54659	0.359	250.6
2019-09-30T09:30	85.10279	137.53614	0.338	252.0
2019-09-30T09:40	85.10250	137.52553	0.342	252.4
2019-09-30T09:50	85.10223	137.51509	0.335	253.3
2019-09-30T10:00	85.10199	137.50478	0.329	254.5
2019-09-30T10:10	85.10175	137.49432	0.333	255.1
2019-09-30T10:20	85.10154	137.48462	0.307	256.0
2019-09-30T10:30	85.10135	137.47504	0.303	256.6
2019-09-30T10:40	85.10112	137.46545	0.306	254.6
2019-09-30T10:50	85.10095	137.45585	0.302	258.1
2019-09-30T11:00	85.10073	137.44680	0.289	254.2
2019-09-30T11:10	85.10051	137.43828	0.273	253.4
2019-09-30T11:20	85.10033	137.43010	0.260	255.4
2019-09-30T11:30	85.10013	137.42206	0.258	253.4
2019-09-30T11:40	85.09990	137.41455	0.245	250.6
2019-09-30T11:50	85.09967	137.40694	0.249	250.2
2019-09-30T12:00	85.09931	137.39965	0.259	240.0
2019-09-30T12:10	85.09893	137.39262	0.254	238.3
2019-09-30T12:20	85.09861	137.38658	0.220	237.7
2019-09-30T12:30	85.09816	137.38108	0.235	226.1
2019-09-30T12:40	85.09764	137.37554	0.251	222.9
2019-09-30T12:50	85.09714	137.37019	0.244	222.3
2019-09-30T13:00	85.09669	137.36571	0.214	220.1
2019-09-30T13:10	85.09616	137.36060	0.246	219.7
2019-09-30T13:20	85.09560	137.35569	0.252	216.8
2019-09-30T13:30	85.09503	137.35125	0.246	213.8
2019-09-30T13:40	85.09448	137.34705	0.238	212.9
2019-09-30T13:50	85.09387	137.34258	0.260	211.9
2019-09-30T14:00	85.09328	137.33839	0.247	211.6
2019-09-30T14:10	85.09264	137.33375	0.272	211.7
2019-09-30T14:20	85.09196	137.32963	0.275	207.5
2019-09-30T14:30	85.09132	137.32548	0.265	208.9
2019-09-30T14:40	85.09060	137.32114	0.289	207.5
2019-09-30T14:50	85.08991	137.31747	0.274	204.4
2019-09-30T15:00	85.08916	137.31367	0.295	203.4
2019-09-30T15:10	85.08836	137.30955	0.315	203.8
2019-09-30T15:20	85.08759	137.30535	0.305	205.1
2019-09-30T15:30	85.08682	137.30101	0.307	205.9
2019-09-30T15:40	85.08600	137.29674	0.325	203.9
2019-09-30T15:50	85.08516	137.29248	0.331	203.4
2019-09-30T16:00	85.08431	137.28808	0.333	204.1
2019-09-30T16:10	85.08343	137.28274	0.359	207.3
2019-09-30T16:20	85.08256	137.27786	0.346	205.8
2019-09-30T16:30	85.08166	137.27300	0.358	204.8
2019-09-30T16:40	85.08081	137.26787	0.345	207.3
2019-09-30T16:50	85.07991	137.26254	0.363	207.0
2019-09-30T17:00	85.07904	137.25708	0.354	208.4
2019-09-30T17:10	85.07823	137.25205	0.331	208.0
2019-09-30T17:20	85.07736	137.24628	0.361	209.6
2019-09-30T17:30	85.07647	137.23992	0.375	211.6
2019-09-30T17:40	85.07561	137.23388	0.363	210.9
2019-09-30T17:50	85.07473	137.22755	0.371	211.9
2019-09-30T18:00	85.07394	137.22142	0.342	213.7
2019-09-30T18:10	85.07312	137.21505	0.355	213.7
2019-09-30T18:20	85.07231	137.20829	0.358	215.7
2019-09-30T18:30	85.07158	137.20162	0.336	217.9
2019-09-30T18:40	85.07083	137.19446	0.349	219.5
2019-09-30T18:50	85.07011	137.18716	0.344	220.9
2019-09-30T19:00	85.06938	137.17950	0.354	222.0
2019-09-30T19:10	85.06868	137.17173	0.347	224.0
2019-09-30T19:20	85.06806	137.16397	0.330	226.8
2019-09-30T19:30	85.06743	137.15612	0.331	227.1
2019-09-30T19:40	85.06678	137.14798	0.344	227.1
2019-09-30T19:50	85.06621	137.14024	0.315	229.5
2019-09-30T20:00	85.06568	137.13248	0.306	231.8
2019-09-30T20:10	85.06516	137.12420	0.317	233.9
2019-09-30T20:20	85.06467	137.11622	0.304	234.3
2019-09-30T20:30	85.06424	137.10828	0.291	237.5
2019-09-30T20:40	85.06383	137.10031	0.287	239.4
2019-09-30T20:50	85.06347	137.09272	0.269	240.9
2019-09-30T21:00	85.06311	137.08482	0.276	242.6
2019-09-30T21:10	85.06278	137.07678	0.276	244.5
2019-09-30T21:20	85.06250	137.06928	0.254	246.3
2019-09-30T21:30	85.06226	137.06209	0.240	248.4
2019-09-30T21:40	85.06205	137.05439	0.250	252.9
2019-09-30T21:50	85.06187	137.04665	0.248	254.8
2019-09-30T22:00	85.06171	137.03894	0.246	256.3
2019-09-30T22:10	85.06158	137.03170	0.230	258.0
2019-09-30T22:20	85.06146	137.02452	0.226	259.6
2019-09-30T22:30	85.06137	137.01776	0.212	261.3
2019-09-30T22:40	85.06129	137.01132	0.202	261.7
2019-09-30T22:50	85.06121	137.00476	0.205	261.9
2019-09-30T23:00	85.06115	136.99905	0.178	262.8
2019-09-30T23:10	85.06110	136.99305	0.187	264.5
2019-09-30T23:20	85.06109	136.98757	0.170	268.5
2019-09-30T23:30	85.06109	136.98209	0.170	270.4
2019-09-30T23:40	85.06108	136.97686	0.162	269.1
2019-09-30T23:50	85.06108	136.97172	0.159	268.8
2019-10-01T00:00	85.06107	136.96709	0.144	268.7
2019-10-01T00:10	85.06106	136.96283	0.132	269.2
2019-10-01T00:20	85.06102	136.95858	0.133	263.6
2019-10-01T00:30	85.06096	136.95492	0.115	259.6
2019-10-01T00:40	85.06089	136.95113	0.121	256.9
2019-10-01T00:50	85.06082	136.94780	0.106	257.5
2019-10-01T01:00	85.06076	136.94463	0.101	256.7
2019-10-01T01:10	85.06066	136.94169	0.097	249.4
2019-10-01T01:20	85.06057	136.93908	0.087	248.7
2019-10-01T01:30	85.06049	136.93590	0.103	252.8
2019-10-01T01:40	85.06039	136.93340	0.086	244.6
2019-10-01T01:50	85.06027	136.93078	0.092	241.8
2019-10-01T02:00	85.06013	136.92835	0.089	237.6
2019-10-01T02:10	85.06001	136.92688	0.063	226.4
2019-10-01T02:20	85.05984	136.92431	0.101	231.8
2019-10-01T02:30	85.05966	136.92225	0.091	224.4
2019-10-01T02:40	85.05945	136.92037	0.096	217.3
2019-10-01T02:50	85.05923	136.91864	0.096	214.0
2019-10-01T03:00	85.05899	136.91690	0.100	212.5
2019-10-01T03:10	85.05874	136.91498	0.109	213.0
2019-10-01T03:20	85.05847	136.91328	0.110	208.8
2019-10-01T03:30	85.05820	136.91166	0.107	207.8
2019-10-01T03:40	85.05791	136.91018	0.117	203.1
2019-10-01T03:50	85.05758	136.90866	0.127	201.7
2019-10-01T04:00	85.05725	136.90697	0.129	203.9
2019-10-01T04:10	85.05693	136.90517	0.129	205.7
2019-10-01T04:20	85.05656	136.90321	0.145	204.9
2019-10-01T04:30	85.05622	136.90119	0.137	207.1
2019-10-01T04:40	85.05586	136.89902	0.148	207.3
2019-10-01T04:50	85.05550	136.89673	0.147	208.8
2019-10-01T05:00	85.05509	136.89401	0.171	209.6
2019-10-01T05:10	85.05470	136.89123	0.163	211.9
2019-10-01T05:20	85.05429	136.88822	0.176	212.0
2019-10-01T05:30	85.05391	136.88575	0.155	209.6
2019-10-01T05:40	85.05349	136.88248	0.183	213.8
2019-10-01T05:50	85.05311	136.87958	0.164	213.4
2019-10-01T06:00	85.05271	136.87660	0.172	212.6
2019-10-01T06:10	85.05234	136.87312	0.172	218.9
2019-10-01T06:20	85.05196	136.86972	0.173	217.6
2019-10-01T06:30	85.05161	136.86652	0.161	218.2
2019-10-01T06:40	85.05121	136.86270	0.184	220.1
2019-10-01T06:50	85.05087	136.85888	0.172	223.8
2019-10-01T07:00	85.05054	136.85455	0.178	228.9
2019-10-01T07:10	85.05022	136.85013	0.180	229.7
2019-10-01T07:20	85.04992	136.84558	0.179	232.2
2019-10-01T07:30	85.04966	136.84052	0.183	239.4
2019-10-01T07:40	85.04941	136.83519	0.188	241.7
2019-10-01T07:50	85.04921	136.83002	0.176	245.6
2019-10-01T08:00	85.04901	136.82475	0.179	246.0
2019-10-01T08:10	85.04881	136.81981	0.170	244.9
2019-10-01T08:20	85.04865	136.81483	0.164	250.3
2019-10-01T08:30	85.04851	136.80992	0.160	252.0
2019-10-01T08:40	85.04839	136.80465	0.170	254.6
2019-10-01T08:50	85.04832	136.79891	0.180	262.4
2019-10-01T09:00	85.04831	136.79310	0.181	268.6
2019-10-01T09:10	85.04833	136.78672	0.198	272.1
2019-10-01T09:20	85.04840	136.78046	0.196	276.9
2019-10-01T09:30	85.04844	136.77540	0.158	275.9
2019-10-01T09:40	85.04851	136.77002	0.169	278.8
2019-10-01T09:50	85.04863	136.76437	0.180	283.3
2019-10-01T10:00	85.04876	136.75887	0.178	286.1
2019-10-01T10:10	85.04895	136.75238	0.212	288.2
2019-10-01T10:20	85.04913	136.74666	0.190	290.5
2019-10-01T10:30	85.04931	136.74106	0.185	289.7
2019-10-01T10:40	85.04953	136.73541	0.193	294.5
2019-10-01T10:50	85.04979	136.72998	0.193	299.0
2019-10-01T11:00	85.05005	136.72531	0.174	303.5
2019-10-01T11:10	85.05036	136.71980	0.204	302.9
2019-10-01T11:20	85.05064	136.71508	0.177	304.0
2019-10-01T11:30	85.05093	136.71021	0.185	305.2
2019-10-01T11:40	85.05124	136.70616	0.168	311.6
2019-10-01T11:50	85.05157	136.70197	0.176	312.4
2019-10-01T12:00	85.05188	136.69874	0.149	317.9
2019-10-01T12:10	85.05222	136.69527	0.164	318.8
2019-10-01T12:20	85.05256	136.69216	0.154	321.2
2019-10-01T12:30	85.05285	136.68949	0.135	321.8
2019-10-01T12:40	85.05316	136.68606	0.153	315.9
2019-10-01T12:50	85.05344	136.68343	0.132	321.6
2019-10-01T13:00	85.05373	136.68084	0.133	322.7
2019-10-01T13:10	85.05401	136.67801	0.132	318.2
2019-10-01T13:20	85.05426	136.67559	0.119	320.6
2019-10-01T13:30	85.05451	136.67356	0.110	325.0
2019-10-01T13:40	85.05480	136.67179	0.119	332.3
2019-10-01T13:50	85.05503	136.67014	0.097	328.4
2019-10-01T14:00	85.05525	136.66841	0.094	325.0
2019-10-01T14:10	85.05544	136.66693	0.083	326.2
2019-10-01T14:20	85.05562	136.66547	0.079	325.3
2019-10-01T14:30	85.05578	136.66413	0.072	324.6
2019-10-01T14:40	85.05594	136.66278	0.071	324.0
2019-10-01T14:50	85.05610	136.66154	0.068	325.4
2019-10-01T15:00	85.05623	136.66041	0.059	323.8
2019-10-01T15:10	85.05635	136.65928	0.056	321.0
2019-10-01T15:20	85.05647	136.65828	0.053	324.2
2019-10-01T15:30	85.05656	136.65724	0.046	315.3
2019-10-01T15:40	85.05664	136.65614	0.044	308.7
2019-10-01T15:50	85.05669	136.65526	0.033	304.8
2019-10-01T16:00	85.05675	136.65400	0.045	299.5
2019-10-01T16:10	85.05680	136.65253	0.049	292.4
2019-10-01T16:20	85.05683	136.65132	0.039	284.9
2019-10-01T16:30	85.05685	136.65000	0.041	278.5
2019-10-01T16:40	85.05685	136.64840	0.050	269.1
2019-10-01T16:50	85.05685	136.64692	0.046	270.8
2019-10-01T17:00	85.05684	136.64547	0.045	265.7
2019-10-01T17:10	85.05682	136.64355	0.060	265.3
2019-10-01T17:20	85.05681	136.64117	0.074	266.6
2019-10-01T17:30	85.05680	136.63887	0.071	266.9
2019-10-01T17:40	85.05680	136.63632	0.079	270.2
2019-10-01T17:50	85.05680	136.63349	0.088	268.9
2019-10-01T18:00	85.05681	136.63073	0.086	272.6
2019-10-01T18:10	85.05682	136.62775	0.093	272.8
2019-10-01T18:20	85.05683	136.62439	0.104	271.4
2019-10-01T18:30	85.05684	136.62142	0.092	271.9
2019-10-01T18:40	85.05686	136.61750	0.122	274.7
2019-10-01T18:50	85.05690	136.61369	0.119	275.7
2019-10-01T19:00	85.05694	136.60993	0.118	276.9
2019-10-01T19:10	85.05700	136.60565	0.135	280.0
2019-10-01T19:20	85.05707	136.60136	0.136	281.1
2019-10-01T19:30	85.05717	136.59693	0.142	284.1
2019-10-01T19:40	85.05727	136.59257	0.140	285.5
2019-10-01T19:50	85.05738	136.58814	0.143	285.8
2019-10-01T20:00	85.05752	136.58324	0.160	288.2
2019-10-01T20:10	85.05766	136.57866	0.151	289.0
2019-10-01T20:20	85.05775	136.57273	0.187	279.9
2019-10-01T20:30	85.05755	136.56527	0.242	252.9
2019-10-01T20:40	85.05737	136.55720	0.259	255.6
2019-10-01T20:50	85.05819	136.52433	1.062	286.3
2019-10-01T21:00	85.06228	136.30239	7.036	282.2
2019-10-01T21:10	85.06641	136.07241	7.278	281.9
2019-10-01T21:20	85.07495	135.85921	7.278	295.1
2019-10-01T21:30	85.08275	135.66241	6.695	294.9
2019-10-01T21:40	85.09591	135.49612	6.980	312.8
2019-10-01T21:50	85.10789	135.32033	6.914	308.7
2019-10-01T22:00	85.12386	135.17714	7.235	322.7
2019-10-01T22:10	85.13249	135.02512	5.590	303.8
2019-10-01T22:20	85.13102	134.79672	6.999	265.8
2019-10-01T22:30	85.12249	134.62464	6.095	239.8
2019-10-01T22:40	85.11910	134.55807	2.376	239.1
2019-10-01T22:50	85.11952	134.55381	0.201	319.4
2019-10-01T23:00	85.11998	134.54922	0.218	320.0
2019-10-01T23:10	85.12044	134.54485	0.212	320.8
2019-10-01T23:20	85.12087	134.54072	0.200	320.9
2019-10-01T23:30	85.12132	134.53686	0.200	323.8
2019-10-01T23:40	85.12181	134.53284	0.214	325.0
2019-10-01T23:50	85.12222	134.52981	0.175	328.0
2019-10-02T00:00	85.12265	134.52707	0.175	331.3
2019-10-02T00:10	85.12307	134.52465	0.168	333.8
2019-10-02T00:20	85.12349	134.52246	0.166	336.1
2019-10-02T00:30	85.12388	134.52045	0.155	336.7
2019-10-02T00:40	85.13211	134.40468	4.616	310.0
2019-10-02T00:50	85.15078	134.36871	6.812	350.8
2019-10-02T01:00	85.16646	134.41296	5.804	13.4
2019-10-02T01:10	85.16555	134.45267	1.248	105.2
2019-10-02T01:20	85.16460	134.46837	0.588	125.9
2019-10-02T01:30	85.16402	134.47657	0.324	129.8
2019-10-02T01:40	85.16447	134.47507	0.168	344.3
2019-10-02T01:50	85.16477	134.47452	0.111	351.3
2019-10-02T02:00	85.16506	134.47377	0.105	347.5
2019-10-02T02:10	85.16539	134.47326	0.121	352.6
2019-10-02T02:20	85.16570	134.47282	0.110	353.1
2019-10-02T02:30	85.16597	134.47282	0.101	359.9
2019-10-02T02:40	85.16626	134.47251	0.103	354.9
2019-10-02T02:50	85.16653	134.47236	0.098	357.2
2019-10-02T03:00	85.16672	134.47229	0.068	358.3
2019-10-02T03:10	85.16697	134.47225	0.088	359.1
2019-10-02T03:20	85.16714	134.47282	0.065	15.8
2019-10-02T03:30	85.16727	134.47347	0.051	22.9
2019-10-02T03:40	85.16740	134.47438	0.056	29.3
2019-10-02T03:50	85.16750	134.47475	0.035	18.9
2019-10-02T04:00	85.16380	134.49252	1.437	158.0
2019-10-02T04:10	85.16619	134.38630	3.337	285.0
2019-10-02T04:20	85.17108	134.41793	2.005	28.6
2019-10-02T04:30	85.17102	134.41306	0.149	261.3
2019-10-02T04:40	85.17080	134.40657	0.211	248.5
2019-10-02T04:50	85.17066	134.40350	0.106	241.3
2019-10-02T05:00	85.17085	134.40924	0.187	68.2
2019-10-02T05:10	85.16921	134.45550	1.522	112.8
2019-10-02T05:20	85.16789	134.46737	0.597	142.9
2019-10-02T05:30	85.16776	134.46814	0.051	152.5
2019-10-02T05:40	85.16762	134.46726	0.059	207.1
2019-10-02T05:50	85.16756	134.46594	0.045	243.3
2019-10-02T06:00	85.16752	134.46453	0.045	251.6
2019-10-02T06:10	85.16748	134.46282	0.054	252.0
2019-10-02T06:20	85.16744	134.46080	0.063	258.1
2019-10-02T06:30	85.16742	134.45912	0.052	261.0
2019-10-02T06:40	85.16741	134.45632	0.085	267.6
2019-10-02T06:50	85.16743	134.45377	0.078	276.7
2019-10-02T07:00	85.16746	134.45120	0.078	276.7
2019-10-02T07:10	85.16746	134.44874	0.075	270.9
2019-10-02T07:20	85.16749	134.44642	0.071	276.7
2019-10-02T07:30	85.16751	134.44348	0.089	275.0
2019-10-02T07:40	85.16755	134.44023	0.100	278.7
2019-10-02T07:50	85.16764	134.43688	0.107	287.7
2019-10-02T08:00	85.16777	134.43306	0.125	292.6
2019-10-02T08:10	85.16794	134.42837	0.154	292.8
2019-10-02T08:20	85.16812	134.42386	0.151	295.1
2019-10-02T08:30	85.16829	134.41898	0.160	292.5
2019-10-02T08:40	85.16848	134.41441	0.155	296.2
2019-10-02T08:50	85.16860	134.41060	0.124	291.5
2019-10-02T09:00	85.16875	134.40656	0.134	293.7
2019-10-02T09:10	85.16885	134.40247	0.129	285.1
2019-10-02T09:20	85.16891	134.39863	0.119	280.6
2019-10-02T09:30	85.16901	134.39522	0.110	289.7
2019-10-02T09:40	85.16917	134.39120	0.135	295.0
2019-10-02T09:50	85.16936	134.38760	0.129	302.5
2019-10-02T10:00	85.16958	134.38349	0.147	301.8
2019-10-02T10:10	85.16987	134.37989	0.151	313.8
2019-10-02T10:20	85.17021	134.37529	0.186	311.5
2019-10-02T10:30	85.17052	134.37123	0.168	312.7
2019-10-02T10:40	85.17083	134.36714	0.167	312.1
2019-10-02T10:50	85.17114	134.36330	0.159	313.1
2019-10-02T11:00	85.17145	134.35943	0.162	313.7
2019-10-02T11:10	85.17176	134.35581	0.157	315.6
2019-10-02T11:20	85.17206	134.35222	0.155	315.3
2019-10-02T11:30	85.17242	134.34891	0.162	321.9
2019-10-02T11:40	85.17273	134.34653	0.134	327.3
2019-10-02T11:50	85.17306	134.34389	0.143	325.9
2019-10-02T12:00	85.17341	134.34171	0.144	332.7
2019-10-02T12:10	85.17389	134.33936	0.185	337.3
2019-10-02T12:20	85.17439	134.33633	0.201	332.8
2019-10-02T12:30	85.17484	134.33363	0.182	333.4
2019-10-02T12:40	85.17529	134.33112	0.179	334.8
2019-10-02T12:50	85.17575	134.32857	0.183	335.0
2019-10-02T13:00	85.17614	134.32650	0.154	336.1
2019-10-02T13:10	85.17650	134.32480	0.139	338.2
2019-10-02T13:20	85.17679	134.32394	0.108	346.0
2019-10-02T13:30	85.17707	134.32304	0.103	344.7
2019-10-02T13:40	85.17736	134.32240	0.107	349.6
2019-10-02T13:50	85.17764	134.32184	0.102	350.4
2019-10-02T14:00	85.17788	134.32151	0.088	353.5
2019-10-02T14:10	85.17814	134.32122	0.092	354.6
2019-10-02T14:20	85.17838	134.32054	0.089	346.6
2019-10-02T14:30	85.17859	134.32041	0.076	357.0
2019-10-02T14:40	85.17883	134.32019	0.089	355.7
2019-10-02T14:50	85.17902	134.32014	0.068	358.6
2019-10-02T15:00	85.17921	134.31993	0.069	354.7
2019-10-02T15:10	85.17938	134.31996	0.060	0.8
2019-10-02T15:20	85.17953	134.31972	0.054	352.3
2019-10-02T15:30	85.17967	134.31913	0.056	341.8
2019-10-02T15:40	85.17980	134.31930	0.046	6.3
2019-10-02T15:50	85.17989	134.31908	0.031	347.4
2019-10-02T16:00	85.18000	134.31855	0.046	339.2
2019-10-02T16:10	85.18008	134.31783	0.036	322.7
2019-10-02T16:20	85.18014	134.31727	0.026	319.9
2019-10-02T16:30	85.18016	134.31674	0.018	292.7
2019-10-02T16:40	85.18016	134.31619	0.017	270.5
2019-10-02T16:50	85.18014	134.31547	0.023	254.2
2019-10-02T17:00	85.18016	134.31477	0.023	290.5
2019-10-02T17:10	85.18013	134.31343	0.042	253.9
2019-10-02T17:20	85.18013	134.31228	0.035	267.4
2019-10-02T17:30	85.18009	134.31103	0.040	251.4
2019-10-02T17:40	85.18005	134.30985	0.039	246.3
2019-10-02T17:50	85.18006	134.30787	0.060	275.1
2019-10-02T18:00	85.18006	134.30622	0.050	269.9
2019-10-02T18:10	85.18003	134.30407	0.066	260.1
2019-10-02T18:20	85.18004	134.30209	0.060	274.6
2019-10-02T18:30	85.18003	134.29962	0.075	267.1
2019-10-02T18:40	85.18002	134.29732	0.070	265.5
2019-10-02T18:50	85.18003	134.29432	0.091	273.4
2019-10-02T19:00	85.18003	134.29120	0.095	269.5
2019-10-02T19:10	85.17999	134.28846	0.084	260.8
2019-10-02T19:20	85.17999	134.28538	0.093	268.7
2019-10-02T19:30	85.17999	134.28258	0.084	269.9
2019-10-02T19:40	85.18004	134.27871	0.118	278.4
2019-10-02T19:50	85.18012	134.27502	0.116	284.8
2019-10-02T20:00	85.18023	134.27070	0.137	287.3
2019-10-02T20:10	85.18033	134.26620	0.141	284.5
2019-10-02T20:20	85.18044	134.26233	0.124	288.5
2019-10-02T20:30	85.18058	134.25775	0.148	290.6
2019-10-02T20:40	85.18071	134.25338	0.140	288.9
2019-10-02T20:50	85.18085	134.24888	0.145	290.2
2019-10-02T21:00	85.18098	134.24450	0.141	289.7
2019-10-02T21:10	85.18110	134.24028	0.135	289.3
2019-10-02T21:20	85.18123	134.23579	0.144	288.6
2019-10-02T21:30	85.18137	134.23113	0.150	290.3
2019-10-02T21:40	85.18151	134.22693	0.137	291.8
2019-10-02T21:50	85.18167	134.22225	0.152	291.5
2019-10-02T22:00	85.18182	134.21799	0.140	292.9
2019-10-02T22:10	85.18198	134.21355	0.146	292.9
2019-10-02T22:20	85.18212	134.20904	0.146	290.8
2019-10-02T22:30	85.18228	134.20495	0.137	295.3
2019-10-02T22:40	85.18246	134.20104	0.135	298.7
2019-10-02T22:50	85.18265	134.19736	0.130	300.9
2019-10-02T23:00	85.18284	134.19397	0.124	304.0
2019-10-02T23:10	85.18306	134.19028	0.136	305.2
2019-10-02T23:20	85.18329	134.18683	0.133	308.1
2019-10-02T23:30	85.18350	134.18356	0.125	307.6
2019-10-02T23:40	85.18374	134.17987	0.142	308.1
2019-10-02T23:50	85.18395	134.17691	0.117	309.7
2019-10-03T00:00	85.18421	134.17348	0.139	311.9
2019-10-03T00:10	85.18444	134.17053	0.123	313.5
2019-10-03T00:20	85.18470	134.16766	0.126	316.6
2019-10-03T00:30	85.18493	134.16402	0.138	307.3
2019-10-03T00:40	85.18515	134.16047	0.134	306.7
2019-10-03T00:50	85.18537	134.15727	0.124	308.8
2019-10-03T01:00	85.18560	134.15437	0.121	313.7
2019-10-03T01:10	85.18580	134.15177	0.107	312.5
2019-10-03T01:20	85.18612	134.14774	0.167	313.1
2019-10-03T01:30	85.18630	134.14535	0.097	312.2
2019-10-03T01:40	85.18648	134.14267	0.105	309.2
2019-10-03T01:50	85.18664	134.13998	0.100	305.6
2019-10-03T02:00	85.18676	134.13653	0.113	292.7
2019-10-03T02:10	85.18684	134.13404	0.080	290.7
2019-10-03T02:20	85.18694	134.13078	0.104	289.3
2019-10-03T02:30	85.18698	134.12830	0.076	281.4
2019-10-03T02:40	85.18701	134.12559	0.082	277.4
2019-10-03T02:50	85.18701	134.12302	0.078	270.7
2019-10-03T03:00	85.18701	134.12019	0.085	268.6
2019-10-03T03:10	85.18699	134.11821	0.060	263.6
2019-10-03T03:20	85.18695	134.11638	0.057	255.1
2019-10-03T03:30	85.18687	134.11461	0.060	242.1
2019-10-03T03:40	85.18678	134.11278	0.064	239.7
2019-10-03T03:50	85.18668	134.10977	0.097	249.7
2019-10-03T04:00	85.18604	134.11339	0.257	154.8
2019-10-03T04:10	85.17054	134.09826	5.600	184.7
2019-10-03T04:20	85.15513	134.08540	5.559	184.0
2019-10-03T04:30	85.15478	134.08356	0.138	204.0
2019-10-03T04:40	85.15455	134.08126	0.108	220.1
2019-10-03T04:50	85.15434	134.07844	0.116	227.5
2019-10-03T05:00	85.15413	134.07517	0.125	232.9
2019-10-03T05:10	85.15383	134.07180	0.149	223.5
2019-10-03T05:20	85.15357	134.06895	0.127	223.0
2019-10-03T05:30	85.15107	134.07869	0.948	161.8
2019-10-03T05:40	85.14400	134.07587	2.546	181.9
2019-10-03T05:50	85.14561	134.01253	2.016	286.8
2019-10-03T06:00	85.14625	134.00008	0.443	301.1
2019-10-03T06:10	85.14469	134.00820	0.614	156.3
2019-10-03T06:20	85.14529	133.99564	0.440	299.5
2019-10-03T06:30	85.14569	133.98635	0.318	297.0
2019-10-03T06:40	85.14560	133.98088	0.169	259.6
2019-10-03T06:50	85.14532	133.97658	0.166	232.4
2019-10-03T07:00	85.14507	133.97205	0.165	236.5
2019-10-03T07:10	85.14482	133.96702	0.179	239.1
2019-10-03T07:20	85.14455	133.96216	0.176	237.2
2019-10-03T07:30	85.14430	133.95723	0.176	238.6
2019-10-03T07:40	85.14407	133.95252	0.165	240.1
2019-10-03T07:50	85.14381	133.94805	0.164	236.2
2019-10-03T08:00	85.14355	133.94323	0.175	237.2
2019-10-03T08:10	85.14331	133.93851	0.169	238.6
2019-10-03T08:20	85.14305	133.93369	0.173	238.1
2019-10-03T08:30	85.14277	133.92883	0.179	235.8
2019-10-03T08:40	85.14253	133.92380	0.177	239.9
2019-10-03T08:50	85.14226	133.91880	0.179	238.2
2019-10-03T09:00	85.14203	133.91305	0.195	244.0
2019-10-03T09:10	85.14176	133.90757	0.192	240.5
2019-10-03T09:20	85.14156	133.90138	0.202	249.2
2019-10-03T09:30	85.14135	133.89569	0.190	246.4
2019-10-03T09:40	85.14117	133.88924	0.208	251.3
2019-10-03T09:50	85.14099	133.88272	0.209	252.3
2019-10-03T10:00	85.14084	133.87553	0.226	255.8
2019-10-03T10:10	85.14068	133.86851	0.222	254.9
2019-10-03T10:20	85.14006	133.86550	0.241	202.4
2019-10-03T10:30	85.13664	133.91614	1.975	128.5
2019-10-03T10:40	85.13646	133.91169	0.150	244.8
2019-10-03T10:50	85.13634	133.90479	0.215	258.4
2019-10-03T11:00	85.13623	133.89783	0.216	259.0
2019-10-03T11:10	85.13612	133.89028	0.233	260.7
2019-10-03T11:20	85.13602	133.88293	0.227	261.0
2019-10-03T11:30	85.13593	133.87546	0.230	261.9
2019-10-03T11:40	85.13587	133.86793	0.231	264.1
2019-10-03T11:50	85.13580	133.85978	0.250	264.2
2019-10-03T12:00	85.13583	133.85095	0.270	272.2
2019-10-03T12:10	85.13582	133.84284	0.248	269.6
2019-10-03T12:20	85.13583	133.83526	0.231	270.4
2019-10-03T12:30	85.13584	133.82806	0.220	270.8
2019-10-03T12:40	85.13584	133.82043	0.233	270.6
2019-10-03T12:50	85.13584	133.81274	0.235	269.9
2019-10-03T13:00	85.13579	133.80523	0.230	265.8
2019-10-03T13:10	85.13577	133.79786	0.225	267.4
2019-10-03T13:20	85.13571	133.79102	0.210	264.5
2019-10-03T13:30	85.13564	133.78351	0.231	263.8
2019-10-03T13:40	85.13562	133.77650	0.214	268.4
2019-10-03T13:50	85.13560	133.76852	0.244	267.8
2019-10-03T14:00	85.13559	133.76118	0.224	269.8
2019-10-03T14:10	85.13555	133.75421	0.213	265.5
2019-10-03T14:20	85.13550	133.74687	0.225	265.8
2019-10-03T14:30	85.13545	133.74010	0.207	265.2
2019-10-03T14:40	85.13536	133.73357	0.202	260.4
2019-10-03T14:50	85.13525	133.72712	0.200	259.2
2019-10-03T15:00	85.13515	133.72033	0.211	259.7
2019-10-03T15:10	85.13502	133.71408	0.197	256.1
2019-10-03T15:20	85.13486	133.70795	0.196	253.2
2019-10-03T15:30	85.13473	133.70236	0.178	254.2
2019-10-03T15:40	85.13450	133.69572	0.219	248.0
2019-10-03T15:50	85.13430	133.68954	0.202	249.4
2019-10-03T16:00	85.13404	133.68352	0.206	242.9
2019-10-03T16:10	85.13380	133.67737	0.207	245.2
2019-10-03T16:20	85.13356	133.67045	0.228	247.7
2019-10-03T16:30	85.13330	133.66358	0.230	246.2
2019-10-03T16:40	85.13302	133.65670	0.233	244.2
2019-10-03T16:50	85.13272	133.64942	0.247	244.2
2019-10-03T17:00	85.13244	133.64204	0.248	245.6
2019-10-03T17:10	85.13214	133.63426	0.261	245.8
2019-10-03T17:20	85.13187	133.62633	0.261	248.2
2019-10-03T17:30	85.13159	133.61805	0.272	248.5
2019-10-03T17:40	85.13134	133.60999	0.263	249.5
2019-10-03T17:50	85.13105	133.60197	0.266	247.1
2019-10-03T18:00	85.13074	133.59348	0.282	247.0
2019-10-03T18:10	85.13047	133.58472	0.285	250.0
2019-10-03T18:20	85.13018	133.57632	0.278	247.6
2019-10-03T18:30	85.12988	133.56699	0.305	249.5
2019-10-03T18:40	85.12958	133.55743	0.312	249.6
2019-10-03T18:50	85.12931	133.54829	0.296	251.0
2019-10-03T19:00	85.12908	133.53818	0.321	254.6
2019-10-03T19:10	85.12883	133.52808	0.321	254.3
2019-10-03T19:20	85.12859	133.51848	0.306	253.6
2019-10-03T19:30	85.12829	133.50800	0.339	251.0
2019-10-03T19:40	85.12803	133.49803	0.319	253.2
2019-10-03T19:50	85.12777	133.48717	0.345	254.3
2019-10-03T20:00	85.12753	133.47693	0.325	254.7
2019-10-03T20:10	85.12731	133.46581	0.349	256.6
2019-10-03T20:20	85.12711	133.45305	0.397	259.4
2019-10-03T20:30	85.12691	133.44055	0.389	259.5
2019-10-03T20:40	85.12670	133.42901	0.361	257.6
2019-10-03T20:50	85.12649	133.41785	0.350	257.6
2019-10-03T21:00	85.12631	133.40563	0.379	260.2
2019-10-03T21:10	85.12613	133.39161	0.434	261.3
2019-10-03T21:20	85.12596	133.37785	0.425	262.2
2019-10-03T21:30	85.12581	133.36380	0.433	262.5
2019-10-03T21:40	85.12565	133.35017	0.421	262.2
2019-10-03T21:50	85.12554	133.33571	0.444	264.7
2019-10-03T22:00	85.12541	133.32155	0.435	264.2
2019-10-03T22:10	85.12531	133.30731	0.437	265.1
2019-10-03T22:20	85.12522	133.29294	0.441	266.1
2019-10-03T22:30	85.12514	133.27867	0.438	266.3
2019-10-03T22:40	85.12507	133.26439	0.438	266.5
2019-10-03T22:50	85.12504	133.25049	0.425	268.7
2019-10-03T23:00	85.12502	133.23712	0.409	268.8
2019-10-03T23:10	85.12503	133.22377	0.409	270.3
2019-10-03T23:20	85.12502	133.21087	0.395	269.7
2019-10-03T23:30	85.12503	133.19774	0.402	270.7
2019-10-03T23:40	85.12507	133.18429	0.412	271.8
2019-10-03T23:50	85.12510	133.17187	0.380	272.0
2019-10-04T00:00	85.12514	133.15914	0.390	272.1
2019-10-04T00:10	85.12523	133.14600	0.403	274.5
2019-10-04T00:20	85.12529	133.13337	0.387	273.3
2019-10-04T00:30	85.12534	133.12077	0.386	272.7
2019-10-04T00:40	85.12528	133.11418	0.203	263.5
2019-10-04T00:50	85.13114	133.16921	2.698	38.5
2019-10-04T01:00	85.12736	133.07569	3.166	244.6
2019-10-04T01:10	85.12683	133.04146	1.064	259.8
2019-10-04T01:20	85.12668	133.02571	0.485	263.4
2019-10-04T01:30	85.12678	133.01392	0.362	275.6
2019-10-04T01:40	85.12755	133.01601	0.285	13.0
2019-10-04T01:50	85.12770	133.00585	0.315	279.8
2019-10-04T02:00	85.12776	132.99400	0.363	273.4
2019-10-04T02:10	85.12787	132.98308	0.336	276.7
2019-10-04T02:20	85.12729	132.95770	0.804	255.0
2019-10-04T02:30	85.12741	132.94508	0.389	276.6
2019-10-04T02:40	85.12696	132.93117	0.455	249.1
2019-10-04T02:50	85.12676	132.91743	0.426	260.6
2019-10-04T03:00	85.12676	132.90677	0.326	269.8
2019-10-04T03:11	85.12679	132.89564	0.313	271.7
2019-10-04T03:21	85.12681	132.88514	0.321	271.6
2019-10-04T03:31	85.12681	132.87498	0.311	269.7
2019-10-04T03:41	85.12681	132.86496	0.306	270.0
2019-10-04T03:51	85.12678	132.85499	0.305	267.8
2019-10-04T04:01	85.12674	132.84519	0.300	267.1
2019-10-04T04:11	85.12665	132.83550	0.298	264.2
2019-10-04T04:21	85.12657	132.82540	0.310	264.6
2019-10-04T04:31	85.12647	132.81523	0.313	263.2
2019-10-04T04:41	85.12634	132.80515	0.312	261.8
2019-10-04T04:51	85.12623	132.79487	0.317	262.4
2019-10-04T05:01	85.12610	132.78461	0.317	262.0
2019-10-04T05:11	85.12598	132.77393	0.330	262.4
2019-10-04T05:21	85.12588	132.76420	0.300	263.2
2019-10-04T05:31	85.12575	132.75394	0.318	261.2
2019-10-04T06:06	85.12532	132.71819	0.310	262.0
2019-10-04T06:16	85.12520	132.70860	0.297	261.4
2019-10-04T06:26	85.12507	132.69860	0.310	261.1
2019-10-04T06:36	85.12494	132.68829	0.318	261.8
2019-10-04T06:46	85.12483	132.67829	0.308	262.8
2019-10-04T06:56	85.12474	132.66824	0.310	263.6
2019-10-04T07:06	85.12464	132.65782	0.321	263.6
2019-10-04T07:16	85.12451	132.64754	0.318	261.6
2019-10-04T07:26	85.12442	132.63674	0.332	264.4
2019-10-04T07:36	85.12435	132.62664	0.310	265.1
2019-10-04T07:46	85.12424	132.61558	0.341	263.2
2019-10-04T07:56	85.12560	132.61519	0.492	358.6
2019-10-04T08:06	85.12849	132.57253	1.669	308.6
2019-10-04T08:16	85.12816	132.56001	0.401	252.8
2019-10-04T08:26	85.12808	132.55024	0.300	264.6
2019-10-04T08:36	85.12770	132.53720	0.422	250.7
2019-10-04T08:46	85.12775	132.52877	0.259	274.7
2019-10-04T08:56	85.12768	132.51877	0.307	264.8
2019-10-04T09:06	85.12760	132.50864	0.311	265.1
2019-10-04T09:16	85.12754	132.49857	0.309	265.6
2019-10-04T09:26	85.12749	132.48855	0.307	266.7
2019-10-04T09:36	85.12744	132.47893	0.295	267.0
2019-10-04T09:46	85.12681	132.47499	0.259	207.7
2019-10-04T09:56	85.12670	132.57040	2.918	90.7
2019-10-04T10:06	85.13117	132.67579	3.601	63.4
2019-10-04T10:16	85.12918	132.81117	4.199	99.7
2019-10-04T10:26	85.12916	132.90315	2.812	90.1
2019-10-04T10:36	85.13366	132.99111	3.137	58.9
2019-10-04T10:46	85.14123	133.15602	5.724	61.5
2019-10-04T10:56	85.13365	133.28922	4.896	123.8
2019-10-04T11:06	85.13396	133.47999	5.827	88.8
2019-10-04T11:16	85.12443	133.66703	6.669	120.9
2019-10-04T11:26	85.12459	133.88391	6.637	89.4
2019-10-04T11:36	85.12802	134.06873	5.787	77.6
2019-10-04T11:46	85.12140	134.27523	6.754	110.6
2019-10-04T11:56	85.12304	134.47390	6.111	84.4
2019-10-04T12:06	85.12798	134.60799	4.473	66.5
2019-10-04T12:16	85.12903	134.72099	3.475	83.7
2019-10-04T12:26	85.12905	134.91908	6.056	89.8
2019-10-04T12:36	85.11522	134.99103	5.445	156.1
2019-10-04T12:46	85.11075	134.99452	1.612	176.2
2019-10-04T12:56	85.10471	134.98885	2.180	184.6
2019-10-04T13:06	85.09062	134.95723	5.168	190.9
2019-10-04T13:16	85.08496	134.76557	6.250	251.1
2019-10-04T13:26	85.07823	134.49737	8.628	253.8
2019-10-04T13:36	85.07648	134.42541	2.311	254.2
2019-10-04T13:46	85.07633	134.41286	0.392	262.1
2019-10-04T13:56	85.07638	134.40418	0.269	274.2
2019-10-04T14:06	85.07641	134.39522	0.277	271.9
2019-10-04T14:16	85.07645	134.38658	0.268	273.2
2019-10-04T14:26	85.07650	134.37801	0.265	273.8
2019-10-04T14:36	85.07656	134.36873	0.288	274.7
2019-10-04T14:46	85.07663	134.36009	0.268	275.2
2019-10-04T14:56	85.07669	134.35128	0.273	274.9
2019-10-04T15:06	85.07676	134.34197	0.289	274.8
2019-10-04T15:16	85.07682	134.33312	0.274	274.7
2019-10-04T15:26	85.07688	134.32411	0.280	274.6
2019-10-04T15:36	85.07694	134.31521	0.276	274.1
2019-10-04T15:46	85.07699	134.30669	0.264	274.1
2019-10-04T15:56	85.07703	134.29846	0.254	272.6
2019-10-04T16:06	85.07706	134.29049	0.247	272.8
2019-10-04T16:16	85.07709	134.28268	0.242	272.5
2019-10-04T16:26	85.07711	134.27522	0.231	271.6
2019-10-04T16:36	85.07714	134.26743	0.241	272.5
2019-10-04T16:46	85.07714	134.25994	0.231	270.1
2019-10-04T16:56	85.07717	134.25239	0.234	272.5
2019-10-04T17:06	85.07717	134.24507	0.226	270.6
2019-10-04T17:16	85.07718	134.23743	0.236	271.0
2019-10-04T17:26	85.07719	134.23019	0.224	270.8
2019-10-04T17:36	85.07720	134.22260	0.235	270.6
2019-10-04T17:46	85.07720	134.21493	0.237	269.9
2019-10-04T17:56	85.07721	134.20725	0.237	270.7
2019-10-04T18:06	85.07721	134.19952	0.239	270.6
2019-10-04T18:16	85.07720	134.19227	0.224	268.4
2019-10-04T18:26	85.07720	134.18520	0.218	270.0
2019-10-04T18:36	85.07719	134.17808	0.220	269.0
2019-10-04T18:46	85.07718	134.17069	0.228	269.2
2019-10-04T18:56	85.07721	134.16321	0.232	273.3
2019-10-04T19:06	85.07724	134.15619	0.217	272.4
2019-10-04T19:16	85.07723	134.14886	0.226	269.1
2019-10-04T19:26	85.07726	134.14146	0.229	273.1
2019-10-04T19:36	85.07731	134.13404	0.230	274.0
2019-10-04T19:46	85.07736	134.12685	0.223	274.4
2019-10-04T19:56	85.07743	134.11910	0.241	276.2
2019-10-04T20:06	85.07750	134.11158	0.234	276.3
2019-10-04T20:16	85.07757	134.10390	0.239	276.0
2019-10-04T20:26	85.07765	134.09646	0.232	277.1
2019-10-04T20:36	85.07775	134.08898	0.234	278.6
2019-10-04T20:46	85.07786	134.08161	0.231	280.1
2019-10-04T20:56	85.07797	134.07452	0.223	280.4
2019-10-04T21:06	85.07810	134.06739	0.226	282.4
2019-10-04T21:16	85.07827	134.06011	0.233	284.9
2019-10-04T21:26	85.07843	134.05322	0.221	285.4
2019-10-04T21:36	85.07864	134.04610	0.232	288.3
2019-10-04T21:46	85.07885	134.03839	0.251	288.3
2019-10-04T21:56	85.07909	134.03137	0.232	291.0
2019-10-04T22:06	85.07932	134.02426	0.236	291.4
2019-10-04T22:16	85.07956	134.01723	0.233	291.4
2019-10-04T22:26	85.07982	134.01049	0.228	294.0
2019-10-04T22:36	85.08007	134.00415	0.215	294.8
2019-10-04T22:46	85.08037	133.99726	0.239	297.3
2019-10-04T22:56	85.08069	133.99049	0.239	298.8
2019-10-04T23:06	85.08103	133.98373	0.241	300.2
2019-10-04T23:16	85.08135	133.97725	0.230	299.5
2019-10-04T23:26	85.08168	133.97100	0.227	301.8
2019-10-04T23:36	85.08205	133.96455	0.239	303.7
2019-10-04T23:46	85.08241	133.95847	0.230	305.2
2019-10-04T23:56	85.08280	133.95246	0.232	306.8
2019-10-05T00:06	85.08318	133.94663	0.225	307.0
2019-10-05T00:16	85.08359	133.94037	0.245	307.8
2019-10-05T00:26	85.08400	133.93460	0.232	309.8
2019-10-05T00:36	85.08439	133.92915	0.219	309.8
2019-10-05T00:46	85.08480	133.92358	0.226	310.4
2019-10-05T00:56	85.08521	133.91827	0.221	312.2
2019-10-05T01:06	85.08562	133.91316	0.215	312.7
2019-10-05T01:16	85.08604	133.90811	0.218	314.4
2019-10-05T01:26	85.08645	133.90333	0.210	315.3
2019-10-05T01:36	85.08684	133.89879	0.196	314.5
2019-10-05T01:46	85.08722	133.89495	0.181	319.3
2019-10-05T01:56	85.08761	133.89095	0.186	318.6
2019-10-05T02:06	85.08802	133.88719	0.189	322.2
2019-10-05T02:16	85.08836	133.88356	0.164	317.1
2019-10-05T02:26	85.08869	133.88025	0.157	319.5
2019-10-05T02:36	85.08900	133.87715	0.149	320.1
2019-10-05T02:46	85.08930	133.87428	0.138	320.2
2019-10-05T02:56	85.08962	133.87145	0.144	322.7
2019-10-05T03:06	85.08990	133.86876	0.131	320.8
2019-10-05T03:16	85.09018	133.86605	0.132	320.9
2019-10-05T03:26	85.09046	133.86336	0.130	320.3
2019-10-05T03:36	85.09076	133.86064	0.135	321.7
2019-10-05T03:46	85.09099	133.85801	0.117	316.1
2019-10-05T03:56	85.09124	133.85546	0.118	318.4
2019-10-05T04:06	85.09146	133.85329	0.105	320.1
2019-10-05T04:16	85.09166	133.85144	0.093	322.3
2019-10-05T04:26	85.09183	133.84958	0.084	317.0
2019-10-05T04:36	85.09200	133.84730	0.093	310.4
2019-10-05T04:46	85.09213	133.84549	0.072	309.6
2019-10-05T04:56	85.09228	133.84342	0.083	309.9
2019-10-05T05:06	85.09240	133.84170	0.068	309.5
2019-10-05T05:16	85.09251	133.83993	0.068	306.5
2019-10-05T05:26	85.09264	133.83796	0.076	306.8
2019-10-05T05:36	85.09275	133.83592	0.075	303.4
2019-10-05T05:46	85.09285	133.83377	0.076	298.7
2019-10-05T05:56	85.09294	133.83157	0.074	294.0
2019-10-05T06:06	85.09303	133.82950	0.072	297.4
2019-10-05T06:16	85.09309	133.82719	0.075	288.7
2019-10-05T06:27	85.09325	133.82410	0.100	300.3
2019-10-05T06:37	85.09333	133.82197	0.072	293.9
2019-10-05T06:47	85.09344	133.81918	0.094	294.5
2019-10-05T06:57	85.09355	133.81642	0.094	296.1
2019-10-05T07:07	85.09361	133.81375	0.085	284.9
2019-10-05T07:17	85.09365	133.81116	0.081	279.9
2019-10-05T07:27	85.09372	133.80848	0.086	287.5
2019-10-05T07:37	85.09384	133.80529	0.107	293.1
2019-10-05T07:47	85.09396	133.80211	0.108	294.5
2019-10-05T07:57	85.09408	133.79911	0.101	293.9
2019-10-05T08:07	85.09419	133.79610	0.101	293.5
2019-10-05T08:17	85.09431	133.79301	0.104	293.8
2019-10-05T08:27	85.09441	133.78971	0.109	290.9
2019-10-05T08:37	85.09457	133.78679	0.106	302.4
2019-10-05T08:47	85.09469	133.78359	0.107	293.1
2019-10-05T08:57	85.09485	133.78070	0.106	302.9
2019-10-05T09:07	85.09500	133.77770	0.107	300.7
2019-10-05T09:17	85.09517	133.77458	0.113	302.2
2019-10-05T09:27	85.09535	133.77176	0.108	306.5
2019-10-05T09:37	85.09552	133.76879	0.111	304.5
2019-10-05T09:47	85.09572	133.76604	0.110	309.4
2019-10-05T09:57	85.09590	133.76336	0.107	309.5
2019-10-05T10:07	85.09612	133.76059	0.116	312.7
2019-10-05T10:17	85.09634	133.75815	0.109	316.5
2019-10-05T10:27	85.09657	133.75565	0.113	317.3
2019-10-05T10:37	85.09681	133.75315	0.115	318.1
2019-10-05T10:47	85.09705	133.75057	0.117	317.2
2019-10-05T10:57	85.09732	133.74827	0.121	324.2
2019-10-05T11:07	85.09757	133.74606	0.112	322.7
2019-10-05T11:17	85.09789	133.74416	0.130	333.3
2019-10-05T11:27	85.09817	133.74216	0.118	328.6
2019-10-05T11:37	85.09849	133.74028	0.128	333.0
2019-10-05T11:47	85.09881	133.73856	0.128	335.7
2019-10-05T11:57	85.09912	133.73700	0.119	336.2
2019-10-05T12:07	85.09948	133.73554	0.138	341.1
2019-10-05T12:17	85.09978	133.73423	0.115	339.6
2019-10-05T12:27	85.10013	133.73297	0.133	342.9
2019-10-05T12:37	85.10045	133.73201	0.119	345.7
2019-10-05T12:47	85.10082	133.73097	0.135	346.3
2019-10-05T12:57	85.10115	133.73006	0.123	346.9
2019-10-05T13:07	85.10153	133.72928	0.136	349.9
2019-10-05T13:17	85.10190	133.72856	0.137	350.7
2019-10-05T13:27	85.10223	133.72815	0.118	353.9
2019-10-05T13:37	85.10259	133.72781	0.132	355.5
2019-10-05T13:47	85.10292	133.72747	0.120	355.0
2019-10-05T13:57	85.10326	133.72732	0.123	357.9
2019-10-05T14:07	85.10361	133.72742	0.126	1.4
2019-10-05T14:17	85.10395	133.72765	0.122	3.4
2019-10-05T14:27	85.10430	133.72797	0.127	4.4
2019-10-05T14:37	85.10467	133.72857	0.132	8.1
2019-10-05T14:47	85.10501	133.72925	0.124	9.6
2019-10-05T14:57	85.10534	133.73003	0.123	11.4
2019-10-05T15:07	85.10565	133.73104	0.117	15.3
2019-10-05T15:17	85.10597	133.73212	0.118	16.5
2019-10-05T15:27	85.10623	133.73347	0.105	23.2
2019-10-05T15:37	85.10657	133.73492	0.128	20.3
2019-10-05T15:47	85.10683	133.73637	0.105	25.2
2019-10-05T15:57	85.10708	133.73782	0.099	26.5
2019-10-05T16:07	85.10731	133.73939	0.096	30.2
2019-10-05T16:17	85.10751	133.74139	0.096	39.8
2019-10-05T16:27	85.10774	133.74301	0.095	31.6
2019-10-05T16:37	85.10797	133.74440	0.093	27.3
2019-10-05T16:47	85.10818	133.74593	0.091	31.3
2019-10-05T16:57	85.10837	133.74738	0.080	33.7
2019-10-05T17:07	85.10851	133.74915	0.073	47.8
2019-10-05T17:17	85.10861	133.75082	0.063	54.2
2019-10-05T17:27	85.10872	133.75252	0.065	53.1
2019-10-05T17:37	85.10882	133.75400	0.058	52.2
2019-10-05T17:47	85.10888	133.75566	0.055	66.9
2019-10-05T17:57	85.10890	133.75695	0.040	78.4
2019-10-05T18:07	85.10898	133.75860	0.059	58.8
2019-10-05T18:17	85.10903	133.75949	0.032	59.4
2019-10-05T18:27	85.10910	133.76081	0.048	57.3
2019-10-05T18:37	85.10918	133.76190	0.045	47.8
2019-10-05T18:47	85.10920	133.76282	0.029	76.6
2019-10-05T18:57	85.10925	133.76360	0.029	56.3
2019-10-05T19:07	85.10926	133.76378	0.007	49.1
2019-10-05T19:17	85.10927	133.76441	0.020	77.8
2019-10-05T19:27	85.10930	133.76431	0.009	338.8
2019-10-05T19:37	85.10927	133.76447	0.009	147.4
2019-10-05T19:47	85.10927	133.76451	0.002	135.2
2019-10-05T19:57	85.10929	133.76438	0.008	330.4
2019-10-05T20:07	85.10929	133.76428	0.003	252.5
2019-10-05T20:17	85.10928	133.76406	0.008	235.8
2019-10-05T20:27	85.10925	133.76377	0.013	225.3
2019-10-05T20:37	85.10927	133.76336	0.014	300.1
2019-10-05T20:47	85.10928	133.76308	0.010	298.4
2019-10-05T20:57	85.10928	133.76296	0.005	238.2
2019-10-05T21:07	85.10928	133.76273	0.007	267.3
2019-10-05T21:17	85.10927	133.76261	0.004	255.8
2019-10-05T21:27	85.10926	133.76260	0.004	182.5
2019-10-05T21:37	85.10924	133.76273	0.009	155.7
2019-10-05T21:47	85.10928	133.76247	0.016	329.2
2019-10-05T21:57	85.10929	133.76261	0.007	39.8
2019-10-05T22:07	85.10928	133.76269	0.004	141.6
2019-10-05T22:17	85.10928	133.76270	0.001	158.3
2019-10-05T22:27	85.10931	133.76300	0.013	44.3
2019-10-05T22:37	85.10933	133.76334	0.014	48.1
2019-10-05T22:47	85.10937	133.76386	0.021	50.5
2019-10-05T22:57	85.10942	133.76433	0.024	38.3
2019-10-05T23:07	85.10944	133.76467	0.014	49.7
2019-10-05T23:17	85.10948	133.76516	0.020	48.3
2019-10-05T23:27	85.10950	133.76539	0.009	49.5
2019-10-05T23:37	85.10950	133.76558	0.006	72.4
2019-10-05T23:47	85.10953	133.76602	0.016	55.6
2019-10-05T23:57	85.10954	133.76641	0.013	69.6
2019-10-06T00:07	85.10954	133.76680	0.012	98.9
2019-10-06T00:17	85.10954	133.76728	0.015	87.8
2019-10-06T00:27	85.10955	133.76794	0.021	77.6
2019-10-06T00:37	85.10954	133.76903	0.034	97.0
2019-10-06T00:47	85.10955	133.76989	0.027	82.0
2019-10-06T00:57	85.10955	133.77084	0.029	91.7
2019-10-06T01:07	85.10954	133.77195	0.034	91.0
2019-10-06T01:17	85.10957	133.77321	0.039	79.5
2019-10-06T01:27	85.10957	133.77500	0.055	88.5
2019-10-06T01:37	85.10957	133.77669	0.052	91.3
2019-10-06T01:47	85.10956	133.77859	0.058	90.5
2019-10-06T01:57	85.10957	133.78065	0.063	89.1
2019-10-06T02:07	85.10956	133.78259	0.060	91.7
2019-10-06T02:17	85.10958	133.78513	0.078	86.0
2019-10-06T02:27	85.10955	133.78727	0.067	99.1
2019-10-06T02:37	85.10954	133.78963	0.072	93.0
2019-10-06T02:47	85.10952	133.79219	0.079	95.6
2019-10-06T02:57	85.10949	133.79472	0.078	98.2
2019-10-06T03:07	85.10948	133.79704	0.071	92.7
2019-10-06T03:17	85.10942	133.79959	0.080	103.6
2019-10-06T03:27	85.10939	133.80194	0.073	99.2
2019-10-06T03:37	85.10934	133.80421	0.072	103.8
2019-10-06T03:47	85.10928	133.80647	0.073	109.3
2019-10-06T03:57	85.10920	133.80872	0.074	112.2
2019-10-06T04:07	85.10911	133.81103	0.077	113.1
2019-10-06T04:17	85.10901	133.81299	0.070	120.6
2019-10-06T04:27	85.10890	133.81485	0.070	125.4
2019-10-06T04:37	85.10878	133.81661	0.068	128.2
2019-10-06T04:47	85.10868	133.81854	0.071	123.6
2019-10-06T04:57	85.10855	133.82034	0.070	127.9
2019-10-06T05:07	85.10840	133.82174	0.071	142.8
2019-10-06T05:17	85.10827	133.82289	0.058	142.9
2019-10-06T05:27	85.10813	133.82457	0.072	133.9
2019-10-06T05:37	85.10798	133.82583	0.065	143.6
2019-10-06T05:47	85.10786	133.82705	0.059	140.9
2019-10-06T05:57	85.10768	133.82813	0.072	152.8
2019-10-06T06:07	85.10751	133.82919	0.070	152.3
2019-10-06T06:17	85.10735	133.83021	0.065	150.9
2019-10-06T06:27	85.10717	133.83104	0.071	158.9
2019-10-06T06:37	85.10697	133.83175	0.072	162.4
2019-10-06T06:47	85.10678	133.83236	0.071	164.6
2019-10-06T06:57	85.10659	133.83295	0.073	165.6
2019-10-06T07:07	85.10636	133.83371	0.086	164.1
2019-10-06T07:17	85.10619	133.83384	0.063	176.3
2019-10-06T07:27	85.10599	133.83410	0.070	173.6
2019-10-06T07:37	85.10578	133.83432	0.078	175.0
2019-10-06T07:47	85.10557	133.83455	0.074	174.5
2019-10-06T07:57	85.10537	133.83467	0.075	177.2
2019-10-06T08:07	85.10518	133.83505	0.068	170.0
2019-10-06T08:17	85.10498	133.83531	0.073	173.7
2019-10-06T08:27	85.10479	133.83571	0.070	170.0
2019-10-06T08:37	85.10460	133.83596	0.068	173.4
2019-10-06T08:47	85.10442	133.83645	0.067	166.9
2019-10-06T08:57	85.10426	133.83692	0.061	166.2
2019-10-06T09:07	85.10408	133.83739	0.064	166.9
2019-10-06T09:17	85.10395	133.83798	0.052	159.7
2019-10-06T09:27	85.10383	133.83873	0.049	152.0
2019-10-06T09:37	85.10369	133.83968	0.056	148.6
2019-10-06T09:47	85.10356	133.84051	0.055	152.1
2019-10-06T09:57	85.10342	133.84127	0.057	155.8
2019-10-06T10:07	85.10332	133.84222	0.046	140.2
2019-10-06T10:17	85.10323	133.84329	0.046	135.0
2019-10-06T10:27	85.10314	133.84428	0.043	134.9
2019-10-06T10:37	85.10306	133.84533	0.044	133.4
2019-10-06T10:47	85.10298	133.84642	0.044	131.2
2019-10-06T10:57	85.10289	133.84783	0.054	125.8
2019-10-06T11:07	85.10280	133.84898	0.048	132.6
2019-10-06T11:17	85.10273	133.85038	0.051	121.9
2019-10-06T11:27	85.10266	133.85168	0.047	121.4
2019-10-06T11:37	85.10261	133.85310	0.047	112.4
2019-10-06T11:47	85.10254	133.85481	0.058	114.0
2019-10-06T11:57	85.10250	133.85638	0.051	107.2
2019-10-06T12:07	85.10245	133.85817	0.058	109.4
2019-10-06T12:17	85.10243	133.85980	0.051	98.1
2019-10-06T12:27	85.10239	133.86146	0.052	103.4
2019-10-06T12:37	85.10238	133.86334	0.058	93.7
2019-10-06T12:47	85.10238	133.86512	0.055	91.8
2019-10-06T12:57	85.10238	133.86710	0.061	89.4
2019-10-06T13:07	85.10238	133.86926	0.066	90.3
2019-10-06T13:17	85.10237	133.87155	0.070	91.7
2019-10-06T13:27	85.10237	133.87386	0.071	92.3
2019-10-06T13:37	85.10236	133.87605	0.067	90.5
2019-10-06T13:47	85.10235	133.87877	0.084	93.8
2019-10-06T13:57	85.10234	133.88156	0.086	93.1
2019-10-06T14:07	85.10232	133.88419	0.081	92.8
2019-10-06T14:17	85.10231	133.88743	0.100	92.8
2019-10-06T14:27	85.10230	133.89003	0.080	92.7
2019-10-06T14:37	85.10229	133.89316	0.097	92.4
2019-10-06T14:47	85.10227	133.89617	0.093	94.3
2019-10-06T14:57	85.10227	133.89948	0.102	90.6
2019-10-06T15:07	85.10225	133.90254	0.094	94.1
2019-10-06T15:17	85.10223	133.90605	0.108	94.3
2019-10-06T15:27	85.10220	133.90953	0.107	95.0
2019-10-06T15:37	85.10217	133.91309	0.110	95.1
2019-10-06T15:47	85.10214	133.91669	0.111	96.4
2019-10-06T15:57	85.10209	133.92037	0.114	98.0
2019-10-06T16:07	85.10205	133.92403	0.114	98.9
2019-10-06T16:17	85.10199	133.92818	0.129	98.4
2019-10-06T16:27	85.10194	133.93185	0.114	99.5
2019-10-06T16:37	85.10187	133.93620	0.136	101.1
2019-10-06T16:47	85.10179	133.94048	0.134	101.3
2019-10-06T16:57	85.10171	133.94472	0.134	102.7
2019-10-06T17:07	85.10163	133.94868	0.125	104.2
2019-10-06T17:17	85.10152	133.95337	0.150	105.4
2019-10-06T17:27	85.10141	133.95780	0.142	106.0
2019-10-06T17:37	85.10129	133.96207	0.138	107.5
2019-10-06T17:47	85.10116	133.96691	0.156	107.7
2019-10-06T17:57	85.10101	133.97171	0.157	110.0
2019-10-06T18:07	85.10085	133.97635	0.154	112.0
2019-10-06T18:17	85.10065	133.98138	0.171	115.2
2019-10-06T18:27	85.10047	133.98617	0.161	113.7
2019-10-06T18:37	85.10025	133.99103	0.170	118.1
2019-10-06T18:47	85.10001	133.99640	0.186	117.2
2019-10-06T18:57	85.09978	134.00132	0.173	118.6
2019-10-06T19:07	85.09952	134.00644	0.184	121.2
2019-10-06T19:17	85.09926	134.01155	0.182	120.2
2019-10-06T19:27	85.09899	134.01651	0.182	123.0
2019-10-06T19:37	85.09872	134.02115	0.173	124.6
2019-10-06T19:47	85.09843	134.02586	0.178	125.5
2019-10-06T19:57	85.09815	134.03054	0.175	124.7
2019-10-06T20:07	85.09784	134.03504	0.178	129.0
2019-10-06T20:17	85.09756	134.03921	0.163	127.8
2019-10-06T20:27	85.09731	134.04293	0.147	129.2
2019-10-06T20:37	85.09703	134.04675	0.154	130.1
2019-10-06T20:47	85.09675	134.05067	0.158	130.4
2019-10-06T20:57	85.09647	134.05420	0.147	132.5
2019-10-06T21:07	85.09620	134.05755	0.142	133.5
2019-10-06T21:17	85.09592	134.06126	0.150	130.7
2019-10-06T21:27	85.09563	134.06493	0.155	133.2
2019-10-06T21:37	85.09537	134.06825	0.138	132.3
2019-10-06T21:47	85.09509	134.07182	0.149	132.3
2019-10-06T21:57	85.09483	134.07491	0.134	134.8
2019-10-06T22:07	85.09454	134.07844	0.150	133.6
2019-10-06T22:17	85.09431	134.08144	0.124	131.8
2019-10-06T22:27	85.09405	134.08491	0.144	131.9
2019-10-06T22:37	85.09377	134.08856	0.151	131.7
2019-10-06T22:47	85.09351	134.09208	0.143	130.6
2019-10-06T22:57	85.09330	134.09552	0.131	126.1
2019-10-06T23:07	85.09305	134.09967	0.155	124.6
2019-10-06T23:17	85.09282	134.10353	0.145	124.8
2019-10-06T23:27	85.09261	134.10748	0.143	121.9
2019-10-06T23:37	85.09241	134.11175	0.150	118.7
2019-10-06T23:47	85.09220	134.11597	0.151	120.8
2019-10-06T23:57	85.09200	134.12032	0.151	117.8
2019-10-07T00:07	85.09182	134.12486	0.155	115.3
2019-10-07T00:17	85.09163	134.12955	0.159	114.6
2019-10-07T00:27	85.09148	134.13423	0.154	110.9
2019-10-07T00:37	85.09131	134.13897	0.158	112.5
2019-10-07T00:47	85.09116	134.14392	0.162	109.6
2019-10-07T00:57	85.09101	134.14913	0.169	108.5
2019-10-07T01:07	85.09089	134.15423	0.163	105.1
2019-10-07T01:17	85.09077	134.15944	0.167	105.8
2019-10-07T01:27	85.09063	134.16499	0.178	106.0
2019-10-07T01:37	85.09051	134.17054	0.177	104.7
2019-10-07T01:47	85.09038	134.17615	0.179	104.8
2019-10-07T01:57	85.09024	134.18184	0.183	106.2
2019-10-07T02:07	85.09009	134.18764	0.186	106.2
2019-10-07T02:17	85.08994	134.19364	0.193	106.5
2019-10-07T02:27	85.08976	134.19964	0.196	109.9
2019-10-07T02:37	85.08958	134.20571	0.198	109.0
2019-10-07T02:47	85.08941	134.21195	0.202	107.5
2019-10-07T02:57	85.08922	134.21825	0.206	109.4
2019-10-07T03:07	85.08901	134.22441	0.204	111.2
2019-10-07T03:17	85.08879	134.23098	0.218	111.8
2019-10-07T03:27	85.08855	134.23743	0.216	113.3
2019-10-07T03:37	85.08832	134.24362	0.208	113.4
2019-10-07T03:47	85.08805	134.25155	0.262	112.2
2019-10-07T03:57	85.08784	134.25626	0.163	117.5
2019-10-07T04:07	85.08757	134.26308	0.232	114.7
2019-10-07T04:17	85.08730	134.26994	0.232	114.1
2019-10-07T04:27	85.08702	134.27656	0.228	116.4
2019-10-07T04:37	85.08674	134.28336	0.233	116.0
2019-10-07T04:47	85.08645	134.28994	0.228	117.2
2019-10-07T04:57	85.08614	134.29676	0.237	117.7
2019-10-07T05:07	85.08583	134.30383	0.245	117.2
2019-10-07T05:17	85.08552	134.31070	0.241	118.2
2019-10-07T05:27	85.08517	134.31748	0.243	120.7
2019-10-07T05:37	85.08482	134.32443	0.248	120.1
2019-10-07T05:47	85.08444	134.33117	0.249	123.4
2019-10-07T05:57	85.08402	134.33844	0.271	124.1
2019-10-07T06:07	85.08363	134.34529	0.255	124.0
2019-10-07T06:17	85.08327	134.35180	0.238	122.5
2019-10-07T06:27	85.08289	134.35851	0.248	123.3
2019-10-07T06:37	85.08257	134.36485	0.228	120.8
2019-10-07T06:47	85.08221	134.37169	0.246	121.0
2019-10-07T06:57	85.08177	134.37826	0.257	127.9
2019-10-07T07:07	85.08136	134.38452	0.245	127.9
2019-10-07T07:17	85.08092	134.39087	0.251	128.7
2019-10-07T07:27	85.08051	134.39692	0.239	128.6
2019-10-07T07:37	85.08010	134.40317	0.242	127.2
2019-10-07T07:47	85.07969	134.40902	0.234	129.4
2019-10-07T07:57	85.07924	134.41526	0.251	129.7
2019-10-07T08:07	85.07880	134.42126	0.244	130.5
2019-10-07T08:17	85.07836	134.42743	0.248	130.0
2019-10-07T08:27	85.07796	134.43319	0.229	128.8
2019-10-07T08:37	85.07759	134.43901	0.224	126.5
2019-10-07T08:47	85.07721	134.44471	0.224	128.2
2019-10-07T08:57	85.07678	134.45082	0.244	129.1
2019-10-07T09:07	85.07636	134.45706	0.245	128.1
2019-10-07T09:17	85.07595	134.46312	0.240	128.6
2019-10-07T09:27	85.07556	134.46907	0.230	126.9
2019-10-07T09:37	85.07519	134.47526	0.235	125.4
2019-10-07T09:47	85.07481	134.48158	0.237	124.6
2019-10-07T09:57	85.07442	134.48828	0.250	124.0
2019-10-07T10:07	85.07404	134.49535	0.258	122.2
2019-10-07T10:17	85.07366	134.50239	0.258	122.5
2019-10-07T10:27	85.07326	134.50982	0.271	121.8
2019-10-07T10:37	85.07282	134.51753	0.285	123.3
2019-10-07T10:47	85.07238	134.52590	0.305	121.9
2019-10-07T10:57	85.07196	134.53425	0.298	120.0
2019-10-07T11:07	85.07156	134.54296	0.307	118.6
2019-10-07T11:17	85.07114	134.55185	0.312	118.4
2019-10-07T11:27	85.07072	134.56120	0.327	117.7
2019-10-07T11:37	85.07030	134.57056	0.328	117.8
2019-10-07T11:47	85.06982	134.58107	0.368	117.9
2019-10-07T11:57	85.06937	134.59095	0.345	117.6
2019-10-07T12:07	85.06891	134.60151	0.368	117.3
2019-10-07T12:17	85.06845	134.61198	0.363	116.9
2019-10-07T12:27	85.06802	134.62167	0.337	117.2
2019-10-07T12:37	85.06751	134.63241	0.381	119.2
2019-10-07T12:47	85.06699	134.64337	0.387	118.8
2019-10-07T12:57	85.06647	134.65443	0.389	118.4
2019-10-07T13:07	85.06596	134.66552	0.390	118.3
2019-10-07T13:17	85.06543	134.67695	0.402	118.2
2019-10-07T13:27	85.06492	134.68800	0.389	118.5
2019-10-07T13:37	85.06449	134.69844	0.357	115.1
2019-10-07T13:47	85.06404	134.70921	0.372	116.2
2019-10-07T13:57	85.06359	134.72002	0.372	116.0
2019-10-07T14:07	85.06304	134.73164	0.410	118.5
2019-10-07T14:17	85.06248	134.74329	0.414	119.3
2019-10-07T14:27	85.06192	134.75498	0.414	119.0
2019-10-07T14:37	85.06133	134.76664	0.419	120.4
2019-10-07T14:47	85.06082	134.77801	0.398	117.8
2019-10-07T14:57	85.06030	134.78880	0.382	118.9
2019-10-07T15:07	85.05979	134.79980	0.389	118.7
2019-10-07T15:17	85.05924	134.81051	0.385	120.5
2019-10-07T15:27	85.05865	134.82133	0.397	122.3
2019-10-07T15:37	85.05804	134.83234	0.406	122.8
2019-10-07T15:47	85.05736	134.84387	0.433	124.3
2019-10-07T15:57	85.05677	134.85404	0.380	123.8
2019-10-07T16:07	85.05616	134.86471	0.397	123.6
2019-10-07T16:17	85.05553	134.87535	0.402	124.8
2019-10-07T16:27	85.05487	134.88590	0.404	125.9
2019-10-07T16:37	85.05422	134.89641	0.400	125.4
2019-10-07T16:47	85.05357	134.90691	0.402	125.7
2019-10-07T16:57	85.05290	134.91744	0.406	126.5
2019-10-07T17:07	85.05223	134.92796	0.406	126.5
2019-10-07T17:17	85.05156	134.93830	0.401	126.7
2019-10-07T17:27	85.05092	134.94863	0.396	125.9
2019-10-07T17:37	85.05027	134.95868	0.390	126.7
2019-10-07T17:47	85.04963	134.96936	0.405	124.9
2019-10-07T17:57	85.04894	134.97992	0.411	127.1
2019-10-07T18:07	85.04826	134.99059	0.412	126.4
2019-10-07T18:17	85.04756	135.00100	0.409	127.7
2019-10-07T18:27	85.04688	135.01135	0.406	127.6
2019-10-07T18:37	85.04623	135.02179	0.399	125.5
2019-10-07T18:47	85.04558	135.03227	0.401	125.7
2019-10-07T18:57	85.04492	135.04275	0.404	126.3
2019-10-07T19:07	85.04428	135.05328	0.399	124.9
2019-10-07T19:17	85.04367	135.06344	0.386	125.0
2019-10-07T19:27	85.04305	135.07399	0.397	124.2
2019-10-07T19:37	85.04244	135.08414	0.385	124.8
2019-10-07T19:47	85.04183	135.09461	0.393	124.0
2019-10-07T19:57	85.04124	135.10512	0.389	122.9
2019-10-07T20:07	85.04067	135.11564	0.387	122.3
2019-10-07T20:17	85.04012	135.12644	0.390	120.4
2019-10-07T20:27	85.03961	135.13711	0.380	118.9
2019-10-07T20:37	85.03907	135.14861	0.406	118.3
2019-10-07T20:47	85.03860	135.15982	0.389	116.2
2019-10-07T20:57	85.03797	135.17231	0.450	120.1
2019-10-07T21:07	85.03740	135.18511	0.449	117.3
2019-10-07T21:17	85.03689	135.19743	0.424	115.2
2019-10-07T21:27	85.03636	135.21073	0.457	114.8
2019-10-07T21:37	85.03586	135.22365	0.442	114.2
2019-10-07T21:47	85.03537	135.23694	0.449	112.8
2019-10-07T21:57	85.03489	135.25062	0.460	112.1
2019-10-07T22:07	85.03433	135.26535	0.502	113.8
2019-10-07T22:17	85.03382	135.28048	0.506	111.3
2019-10-07T22:27	85.03322	135.29680	0.553	113.2
2019-10-07T22:37	85.03256	135.31415	0.590	113.6
2019-10-07T22:47	85.03185	135.33210	0.616	114.6
2019-10-07T22:57	85.03112	135.34997	0.615	115.1
2019-10-07T23:07	85.03042	135.36774	0.609	114.5
2019-10-07T23:17	85.02971	135.38569	0.615	114.5
2019-10-07T23:27	85.02903	135.40245	0.577	115.1
2019-10-07T23:37	85.02842	135.41904	0.562	113.0
2019-10-07T23:47	85.02775	135.43598	0.582	114.7
2019-10-07T23:57	85.02707	135.45310	0.587	114.5
2019-10-08T00:07	85.02639	135.47048	0.595	114.3
2019-10-08T00:17	85.02570	135.48793	0.599	114.5
2019-10-08T00:27	85.02506	135.50516	0.585	113.2
2019-10-08T00:37	85.02439	135.52219	0.584	114.4
2019-10-08T00:47	85.02373	135.53926	0.583	113.9
2019-10-08T00:57	85.02302	135.55680	0.605	115.2
2019-10-08T01:07	85.02234	135.57412	0.594	114.4
2019-10-08T01:17	85.02165	135.59112	0.586	115.0
2019-10-08T01:27	85.02093	135.60854	0.603	115.5
2019-10-08T01:37	85.02020	135.62597	0.604	115.6
2019-10-08T01:47	85.01947	135.64361	0.612	115.7
2019-10-08T01:57	85.01872	135.66083	0.602	116.5
2019-10-08T02:07	85.01799	135.67811	0.601	116.0
2019-10-08T02:17	85.01724	135.69534	0.602	116.6
2019-10-08T02:27	85.01643	135.71284	0.620	118.0
2019-10-08T02:37	85.01560	135.73019	0.620	119.0
2019-10-08T02:47	85.01478	135.74732	0.611	118.8
2019-10-08T02:57	85.01393	135.76429	0.613	119.9
2019-10-08T03:07	85.01308	135.78092	0.603	120.3
2019-10-08T03:17	85.01223	135.79729	0.597	120.8
2019-10-08T03:27	85.01137	135.81348	0.595	121.6
2019-10-08T03:37	85.01048	135.82968	0.599	122.1
2019-10-08T03:47	85.00963	135.84532	0.579	122.2
2019-10-08T03:57	85.00873	135.86106	0.589	123.1
2019-10-08T04:07	85.00783	135.87684	0.592	123.3
2019-10-08T04:17	85.00692	135.89207	0.580	124.6
2019-10-08T04:27	85.00600	135.90732	0.581	124.7
2019-10-08T04:37	85.00507	135.92245	0.581	125.2
2019-10-08T04:47	85.00412	135.93716	0.573	126.4
2019-10-08T04:57	85.00318	135.95175	0.571	126.7
2019-10-08T05:07	85.00220	135.96598	0.568	128.2
2019-10-08T05:17	85.00125	135.98028	0.563	127.2
2019-10-08T05:27	85.00027	135.99394	0.555	129.4
2019-10-08T05:37	84.99927	136.00748	0.559	130.5
2019-10-08T05:47	84.99829	136.02056	0.542	130.7
2019-10-08T05:57	84.99728	136.03333	0.540	132.0
2019-10-08T06:07	84.99626	136.04571	0.536	133.5
2019-10-08T06:17	84.99522	136.05738	0.522	135.4
2019-10-08T06:27	84.99421	136.06869	0.509	135.8
2019-10-08T06:37	84.99319	136.07978	0.507	136.5
2019-10-08T06:47	84.99217	136.09041	0.497	137.8
2019-10-08T06:57	84.99113	136.10063	0.493	139.4
2019-10-08T07:07	84.99010	136.11062	0.484	139.6
2019-10-08T07:17	84.98905	136.12041	0.489	141.0
2019-10-08T07:27	84.98802	136.12963	0.468	141.7
2019-10-08T07:37	84.98695	136.13879	0.483	143.4
2019-10-08T07:47	84.98586	136.14735	0.474	145.4
2019-10-08T07:57	84.98482	136.15565	0.458	145.2
2019-10-08T08:07	84.98375	136.16361	0.459	146.9
2019-10-08T08:17	84.98269	136.17087	0.446	149.2
2019-10-08T08:27	84.98163	136.17774	0.438	150.4
2019-10-08T08:37	84.98057	136.18421	0.433	151.9
2019-10-08T08:47	84.97952	136.19023	0.423	153.4
2019-10-08T08:57	84.97849	136.19629	0.417	152.7
2019-10-08T09:07	84.97744	136.20138	0.411	157.0
2019-10-08T09:17	84.97640	136.20589	0.402	159.3
2019-10-08T09:27	84.97537	136.20961	0.389	162.5
2019-10-08T09:37	84.97434	136.21297	0.384	164.0
2019-10-08T09:47	84.97333	136.21563	0.372	167.0
2019-10-08T09:57	84.97228	136.21766	0.383	170.4
2019-10-08T10:07	84.97123	136.21948	0.383	171.4
2019-10-08T10:17	84.97021	136.22096	0.371	172.7
2019-10-08T10:27	84.96912	136.22234	0.395	173.7
2019-10-08T10:37	84.96805	136.22408	0.388	171.9
2019-10-08T10:47	84.96697	136.22515	0.393	175.1
2019-10-08T10:57	84.96587	136.22624	0.394	175.0
2019-10-08T11:07	84.96480	136.22675	0.388	177.6
2019-10-08T11:17	84.96372	136.22721	0.390	177.9
2019-10-08T11:27	84.96263	136.22736	0.390	179.3
2019-10-08T11:37	84.96159	136.22732	0.375	180.2
2019-10-08T11:47	84.96057	136.22686	0.368	182.3
2019-10-08T11:57	84.95957	136.22656	0.361	181.5
2019-10-08T12:07	84.95858	136.22565	0.356	184.6
2019-10-08T12:17	84.95762	136.22498	0.345	183.5
2019-10-08T12:27	84.95666	136.22388	0.349	185.7
2019-10-08T12:37	84.95575	136.22290	0.329	185.4
2019-10-08T12:47	84.95486	136.22178	0.323	186.3
2019-10-08T12:57	84.95397	136.22085	0.322	185.3
2019-10-08T13:07	84.95310	136.21985	0.315	185.7
2019-10-08T13:17	84.95223	136.21889	0.315	185.6
2019-10-08T13:27	84.95138	136.21776	0.309	186.6
2019-10-08T13:37	84.95055	136.21687	0.298	185.5
2019-10-08T13:47	84.94968	136.21589	0.315	185.6
2019-10-08T13:57	84.94885	136.21491	0.300	186.0
2019-10-08T14:07	84.94807	136.21386	0.283	186.7
2019-10-08T14:17	84.94731	136.21275	0.277	187.3
2019-10-08T14:27	84.94654	136.21125	0.281	189.8
2019-10-08T14:37	84.94583	136.21047	0.258	185.5
2019-10-08T14:47	84.94518	136.20939	0.236	188.4
2019-10-08T14:57	84.94450	136.20838	0.245	187.5
2019-10-08T15:07	84.94388	136.20744	0.225	187.6
2019-10-08T15:17	84.94321	136.20661	0.243	186.3
2019-10-08T15:27	84.94258	136.20584	0.230	186.1
2019-10-08T15:37	84.94199	136.20521	0.214	185.4
2019-10-08T15:47	84.94138	136.20439	0.219	186.9
2019-10-08T15:57	84.94080	136.20387	0.209	184.5
2019-10-08T16:07	84.94024	136.20329	0.204	185.1
2019-10-08T16:17	84.93967	136.20267	0.207	185.5
2019-10-08T16:27	84.93913	136.20225	0.193	184.0
2019-10-08T16:37	84.93856	136.20175	0.209	184.4
2019-10-08T16:47	84.93803	136.20153	0.189	182.2
2019-10-08T16:57	84.93744	136.20134	0.213	181.6
2019-10-08T17:07	84.93691	136.20124	0.190	180.9
2019-10-08T17:17	84.93634	136.20121	0.206	180.3
2019-10-08T17:27	84.93580	136.20129	0.194	179.3
2019-10-08T17:37	84.93527	136.20127	0.191	180.2
2019-10-08T17:47	84.93468	136.20126	0.212	180.1
2019-10-08T17:57	84.93415	136.20121	0.193	180.4
2019-10-08T18:07	84.93354	136.20101	0.220	181.7
2019-10-08T18:17	84.93296	136.20070	0.208	182.7
2019-10-08T18:27	84.93234	136.20031	0.225	183.2
2019-10-08T18:37	84.93172	136.19986	0.223	183.6
2019-10-08T18:47	84.93106	136.19924	0.238	184.8
2019-10-08T18:57	84.93041	136.19852	0.236	185.6
2019-10-08T19:07	84.92971	136.19764	0.253	186.4
2019-10-08T19:17	84.92905	136.19662	0.241	187.7
2019-10-08T19:27	84.92837	136.19553	0.247	188.0
2019-10-08T19:37	84.92769	136.19425	0.247	189.5
2019-10-08T19:47	84.92703	136.19256	0.244	192.7
2019-10-08T19:57	84.92638	136.19078	0.241	193.7
2019-10-08T20:07	84.92573	136.18889	0.242	194.4
2019-10-08T20:17	84.92509	136.18660	0.242	197.5
2019-10-08T20:27	84.92446	136.18422	0.240	198.4
2019-10-08T20:37	84.92383	136.18165	0.241	199.9
2019-10-08T20:47	84.92323	136.17928	0.230	199.2
2019-10-08T20:57	84.92260	136.17651	0.241	201.5
2019-10-08T21:07	84.92199	136.17383	0.238	201.1
2019-10-08T21:17	84.92138	136.17094	0.236	202.9
2019-10-08T21:27	84.92078	136.16814	0.233	202.5
2019-10-08T21:37	84.92019	136.16497	0.236	205.3
2019-10-08T21:47	84.91964	136.16168	0.225	207.7
2019-10-08T21:57	84.91906	136.15799	0.240	209.3
2019-10-08T22:07	84.91849	136.15419	0.238	210.6
2019-10-08T22:17	84.91792	136.15016	0.241	212.2
2019-10-08T22:27	84.91738	136.14588	0.237	215.3
2019-10-08T22:37	84.91686	136.14152	0.234	216.5
2019-10-08T22:47	84.91636	136.13703	0.231	218.4
2019-10-08T22:57	84.91588	136.13241	0.228	220.4
2019-10-08T23:07	84.91542	136.12764	0.224	222.8
2019-10-08T23:17	84.91500	136.12295	0.213	224.6
2019-10-08T23:27	84.91462	136.11800	0.209	229.0
2019-10-08T23:37	84.91427	136.11298	0.203	232.1
2019-10-08T23:47	84.91395	136.10791	0.199	234.5
2019-10-08T23:57	84.91365	136.10305	0.189	235.2
2019-10-09T00:07	84.91335	136.09790	0.197	236.4
2019-10-09T00:17	84.91305	136.09300	0.190	235.6
2019-10-09T00:27	84.91275	136.08807	0.192	235.3
2019-10-09T00:37	84.91247	136.08317	0.186	237.2
2019-10-09T00:47	84.91221	136.07832	0.181	239.0
2019-10-09T00:57	84.91195	136.07332	0.185	239.7
2019-10-09T01:07	84.91170	136.06850	0.178	239.8
2019-10-09T01:17	84.91148	136.06401	0.165	240.3
2019-10-09T01:27	84.91125	136.05903	0.179	242.4
2019-10-09T01:37	84.91106	136.05454	0.158	245.0
2019-10-09T01:47	84.91087	136.04982	0.166	245.2
2019-10-09T01:57	84.91070	136.04524	0.158	247.6
2019-10-09T02:07	84.91056	136.04095	0.146	249.9
2019-10-09T02:17	84.91046	136.03667	0.142	255.2
2019-10-09T02:27	84.91036	136.03255	0.136	255.5
2019-10-09T02:37	84.91028	136.02850	0.133	257.4
2019-10-09T02:47	84.91023	136.02486	0.118	260.1
2019-10-09T02:57	84.91018	136.02096	0.126	261.9
2019-10-09T03:07	84.91015	136.01729	0.118	265.2
2019-10-09T03:17	84.91015	136.01394	0.107	269.4
2019-10-09T03:27	84.91016	136.01081	0.100	271.7
2019-10-09T03:37	84.91020	136.00784	0.096	279.8
2019-10-09T03:47	84.91023	136.00509	0.089	277.5
2019-10-09T03:57	84.91026	136.00269	0.077	277.6
2019-10-09T04:07	84.91026	136.00045	0.071	270.2
2019-10-09T04:17	84.91024	135.99816	0.074	262.5
2019-10-09T04:27	84.91022	135.99580	0.076	266.4
2019-10-09T04:37	84.91020	135.99358	0.071	264.2
2019-10-09T04:47	84.91020	135.99181	0.057	270.0
2019-10-09T04:57	84.91014	135.99003	0.060	249.9
2019-10-09T05:07	84.91010	135.98828	0.058	253.8
2019-10-09T05:17	84.91010	135.98688	0.045	271.4
2019-10-09T05:27	84.91008	135.98569	0.039	258.9
2019-10-09T05:37	84.91005	135.98437	0.043	257.0
2019-10-09T05:47	84.91005	135.98321	0.037	268.8
2019-10-09T05:57	84.91002	135.98194	0.042	255.2
2019-10-09T06:07	84.90996	135.98107	0.035	233.0
2019-10-09T06:17	84.90988	135.98018	0.043	222.3
2019-10-09T06:27	84.90981	135.97889	0.047	240.7
2019-10-09T06:37	84.90969	135.97789	0.054	216.1
2019-10-09T06:47	84.90959	135.97685	0.050	221.9
2019-10-09T06:57	84.90944	135.97558	0.068	216.3
2019-10-09T07:07	84.90931	135.97438	0.060	219.4
2019-10-09T07:17	84.90914	135.97316	0.072	212.8
2019-10-09T07:27	84.90897	135.97169	0.077	217.7
2019-10-09T07:37	84.90877	135.97055	0.080	207.1
2019-10-09T07:47	84.90858	135.96927	0.080	211.1
2019-10-09T07:57	84.90833	135.96795	0.099	205.2
2019-10-09T08:07	84.90811	135.96647	0.093	210.4
2019-10-09T08:17	84.90789	135.96484	0.096	212.9
2019-10-09T08:27	84.90765	135.96335	0.098	209.1
2019-10-09T08:37	84.90738	135.96150	0.114	211.3
2019-10-09T08:49	84.90703	135.95846	0.131	218.2
2019-10-09T08:59	84.90681	135.95692	0.095	210.9
2019-10-09T09:09	84.90657	135.95458	0.112	221.8
2019-10-09T09:19	84.90634	135.95230	0.113	220.4
2019-10-09T09:29	84.90609	135.95000	0.115	219.8
2019-10-09T09:39	84.90586	135.94739	0.117	225.4
2019-10-09T09:49	84.90567	135.94486	0.107	229.3
2019-10-09T09:59	84.90548	135.94221	0.109	231.2
2019-10-09T10:09	84.90529	135.93953	0.109	231.7
2019-10-09T10:19	84.90510	135.93671	0.113	233.1
2019-10-09T10:29	84.90494	135.93384	0.109	237.6
2019-10-09T10:39	84.90479	135.93096	0.107	239.6
2019-10-09T10:49	84.90466	135.92815	0.102	241.5
2019-10-09T10:59	84.90452	135.92522	0.105	243.0
2019-10-09T11:09	84.90439	135.92233	0.104	242.5
2019-10-09T11:19	84.90428	135.91957	0.097	245.5
2019-10-09T11:29	84.90417	135.91714	0.088	242.4
2019-10-09T11:39	84.90407	135.91444	0.093	248.1
2019-10-09T11:49	84.90396	135.91191	0.090	244.1
2019-10-09T11:59	84.90386	135.90962	0.082	243.6
2019-10-09T12:09	84.90377	135.90685	0.094	249.5
2019-10-09T12:19	84.90369	135.90434	0.085	250.4
2019-10-09T12:29	84.90361	135.90178	0.086	251.1
2019-10-09T12:39	84.90354	135.89966	0.073	248.6
2019-10-09T12:49	84.90348	135.89726	0.080	254.2
2019-10-09T12:59	84.90342	135.89470	0.084	255.9
2019-10-09T13:09	84.90338	135.89241	0.075	259.0
2019-10-09T13:19	84.90333	135.89032	0.069	255.3
2019-10-09T13:29	84.90331	135.88819	0.069	262.9
2019-10-09T13:39	84.90329	135.88615	0.066	263.3
2019-10-09T13:49	84.90330	135.88405	0.067	273.3
2019-10-09T13:59	84.90331	135.88206	0.064	275.4
2019-10-09T14:09	84.90334	135.88039	0.054	280.4
2019-10-09T14:19	84.90339	135.87853	0.062	286.4
2019-10-09T14:29	84.90346	135.87690	0.058	295.3
2019-10-09T14:39	84.90355	135.87517	0.065	302.0
2019-10-09T14:49	84.90365	135.87374	0.057	306.7
2019-10-09T14:59	84.90374	135.87250	0.053	311.1
2019-10-09T15:09	84.90386	135.87113	0.060	313.6
2019-10-09T15:19	84.90399	135.86976	0.064	316.9
2019-10-09T15:29	84.90413	135.86842	0.065	318.9
2019-10-09T15:39	84.90427	135.86714	0.067	322.5
2019-10-09T15:49	84.90443	135.86587	0.069	323.5
2019-10-09T15:59	84.90459	135.86466	0.070	326.6
2019-10-09T16:09	84.90479	135.86330	0.083	328.5
2019-10-09T16:19	84.90495	135.86227	0.067	330.3
2019-10-09T16:29	84.90514	135.86107	0.078	330.6
2019-10-09T16:39	84.90532	135.85985	0.078	330.0
2019-10-09T16:49	84.90553	135.85853	0.085	330.2
2019-10-09T16:59	84.90574	135.85723	0.085	331.0
2019-10-09T17:09	84.90593	135.85599	0.080	330.2
2019-10-09T17:19	84.90613	135.85460	0.086	328.8
2019-10-09T17:29	84.90634	135.85282	0.095	323.2
2019-10-09T17:39	84.90656	135.85152	0.088	331.9
2019-10-09T17:49	84.90680	135.84996	0.099	329.8
2019-10-09T17:59	84.90701	135.84840	0.091	326.6
2019-10-09T18:09	84.90721	135.84674	0.091	324.4
2019-10-09T18:19	84.90748	135.84492	0.111	328.4
2019-10-09T18:29	84.90768	135.84318	0.094	323.6
2019-10-09T18:39	84.90790	135.84135	0.097	323.0
2019-10-09T18:49	84.90813	135.83904	0.111	318.2
2019-10-09T18:59	84.90835	135.83691	0.105	319.4
2019-10-09T19:09	84.90854	135.83429	0.108	309.6
2019-10-09T19:19	84.90872	135.83171	0.105	308.2
2019-10-09T19:29	84.90893	135.82894	0.115	309.8
2019-10-09T19:39	84.90911	135.82606	0.112	305.0
2019-10-09T19:49	84.90929	135.82287	0.122	303.2
2019-10-09T19:59	84.90946	135.81951	0.123	299.4
2019-10-09T20:09	84.90964	135.81562	0.140	297.6
2019-10-09T20:19	84.90981	135.81197	0.131	297.3
2019-10-09T20:29	84.90998	135.80764	0.151	293.9
2019-10-09T20:39	84.91013	135.80367	0.138	293.2
2019-10-09T20:49	84.91027	135.79928	0.150	290.7
2019-10-09T20:59	84.91043	135.79430	0.169	289.8
2019-10-09T21:09	84.91059	135.78929	0.169	289.2
2019-10-09T21:19	84.91074	135.78410	0.174	287.7
2019-10-09T21:29	84.91087	135.77876	0.178	286.1
2019-10-09T21:39	84.91100	135.77341	0.177	285.4
2019-10-09T21:49	84.91114	135.76762	0.191	284.9
2019-10-09T21:59	84.91127	135.76168	0.195	283.5
2019-10-09T22:09	84.91139	135.75556	0.201	283.1
2019-10-09T22:19	84.91152	135.74920	0.208	282.7
2019-10-09T22:29	84.91164	135.74273	0.211	282.2
2019-10-09T22:39	84.91177	135.73603	0.218	281.7
2019-10-09T22:49	84.91190	135.72917	0.224	282.4
2019-10-09T22:59	84.91205	135.72194	0.237	283.3
2019-10-09T23:09	84.91218	135.71476	0.234	281.4
2019-10-09T23:19	84.91233	135.70725	0.246	282.8
2019-10-09T23:29	84.91249	135.69978	0.245	283.0
2019-10-09T23:39	84.91267	135.69221	0.250	285.0
2019-10-09T23:49	84.91284	135.68430	0.260	283.7
2019-10-09T23:59	84.91302	135.67641	0.261	285.1
2019-10-10T00:09	84.91321	135.66825	0.269	284.4
2019-10-10T00:19	84.91341	135.66022	0.267	285.8
2019-10-10T00:29	84.91361	135.65244	0.259	286.2
2019-10-10T00:39	84.91383	135.64433	0.271	286.8
2019-10-10T00:49	84.91405	135.63611	0.274	287.2
2019-10-10T00:59	84.91429	135.62791	0.275	287.6
2019-10-10T01:09	84.91452	135.61959	0.278	287.4
2019-10-10T01:19	84.91476	135.61136	0.277	288.6
2019-10-10T01:29	84.91501	135.60303	0.280	288.5
2019-10-10T01:39	84.91525	135.59475	0.278	288.4
2019-10-10T01:49	84.91552	135.58632	0.285	289.4
2019-10-10T01:59	84.91577	135.57798	0.282	289.0
2019-10-10T02:09	84.91604	135.56952	0.287	289.8
2019-10-10T02:19	84.91631	135.56111	0.286	290.2
2019-10-10T02:29	84.91659	135.55269	0.287	290.4
2019-10-10T02:39	84.91688	135.54437	0.285	291.4
2019-10-10T02:49	84.91718	135.53606	0.286	292.1
2019-10-10T02:59	84.91749	135.52772	0.288	292.5
2019-10-10T03:09	84.91780	135.51945	0.287	293.2
2019-10-10T03:19	84.91812	135.51133	0.283	294.0
2019-10-10T03:29	84.91844	135.50333	0.280	294.3
2019-10-10T03:39	84.91876	135.49549	0.275	294.8
2019-10-10T03:49	84.91908	135.48785	0.270	295.4
2019-10-10T03:59	84.91940	135.48031	0.266	295.4
2019-10-10T04:09	84.91971	135.47293	0.260	295.3
2019-10-10T04:19	84.92001	135.46573	0.255	295.8
2019-10-10T04:29	84.92031	135.45870	0.248	295.1
2019-10-10T04:39	84.92057	135.45201	0.234	294.4
2019-10-10T04:49	84.92084	135.44543	0.230	294.4
2019-10-10T04:59	84.92108	135.43880	0.229	292.6
2019-10-10T05:09	84.92130	135.43256	0.214	291.9
2019-10-10T05:19	84.92149	135.42646	0.205	288.6
2019-10-10T05:29	84.92166	135.42066	0.196	289.2
2019-10-10T05:39	84.92181	135.41487	0.192	285.9
2019-10-10T05:49	84.92194	135.40926	0.184	284.2
2019-10-10T05:59	84.92204	135.40370	0.181	282.1
2019-10-10T06:09	84.92213	135.39823	0.177	280.2
2019-10-10T06:19	84.92220	135.39308	0.166	279.0
2019-10-10T06:29	84.92226	135.38798	0.164	277.1
2019-10-10T06:39	84.92229	135.38337	0.148	275.2
2019-10-10T06:49	84.92231	135.37932	0.129	273.4
2019-10-10T06:59	84.92231	135.37542	0.124	269.4
2019-10-10T07:09	84.92228	135.37194	0.111	265.1
2019-10-10T07:19	84.92224	135.36837	0.115	261.1
2019-10-10T07:29	84.92217	135.36487	0.114	258.5
2019-10-10T07:39	84.92209	135.36139	0.115	255.0
2019-10-10T07:49	84.92199	135.35769	0.124	252.6
2019-10-10T07:59	84.92186	135.35403	0.125	248.4
2019-10-10T08:09	84.92171	135.35011	0.136	246.3
2019-10-10T08:19	84.92155	135.34616	0.138	245.7
2019-10-10T08:29	84.92137	135.34222	0.141	243.3
2019-10-10T08:39	84.92120	135.33818	0.142	244.6
2019-10-10T08:49	84.92104	135.33404	0.145	245.3
2019-10-10T08:59	84.92085	135.32982	0.150	243.6
2019-10-10T09:09	84.92066	135.32581	0.145	241.8
2019-10-10T09:19	84.92045	135.32167	0.152	239.9
2019-10-10T09:29	84.92023	135.31780	0.147	237.4
2019-10-10T09:39	84.92000	135.31380	0.151	237.1
2019-10-10T09:49	84.91977	135.30968	0.156	237.7
2019-10-10T09:59	84.91952	135.30543	0.162	237.0
2019-10-10T10:09	84.91925	135.30094	0.174	235.0
2019-10-10T10:19	84.91898	135.29651	0.172	235.5
2019-10-10T10:29	84.91871	135.29206	0.172	235.7
2019-10-10T10:39	84.91844	135.28751	0.174	236.3
2019-10-10T10:49	84.91817	135.28292	0.175	236.8
2019-10-10T10:59	84.91791	135.27835	0.174	237.0
2019-10-10T11:09	84.91764	135.27378	0.174	236.9
2019-10-10T11:19	84.91738	135.26924	0.173	237.1
2019-10-10T11:29	84.91713	135.26479	0.169	237.2
2019-10-10T11:39	84.91688	135.26040	0.167	237.1
2019-10-10T11:49	84.91663	135.25604	0.165	237.4
2019-10-10T11:59	84.91639	135.25181	0.161	237.0
2019-10-10T12:09	84.91616	135.24762	0.158	238.2
2019-10-10T12:19	84.91593	135.24362	0.152	237.0
2019-10-10T12:29	84.91571	135.23966	0.150	237.7
2019-10-10T12:39	84.91549	135.23583	0.145	237.2
2019-10-10T12:49	84.91527	135.23221	0.140	236.0
2019-10-10T12:59	84.91506	135.22869	0.135	236.0
2019-10-10T13:09	84.91485	135.22531	0.133	234.6
2019-10-10T13:19	84.91465	135.22203	0.127	235.2
2019-10-10T13:29	84.91445	135.21894	0.122	234.1
2019-10-10T13:39	84.91426	135.21603	0.114	234.6
2019-10-10T13:49	84.91408	135.21338	0.108	231.7
2019-10-10T13:59	84.91389	135.21103	0.100	228.5
2019-10-10T14:09	84.91372	135.20898	0.091	225.6
2019-10-10T14:19	84.91355	135.20727	0.081	222.2
2019-10-10T14:29	84.91340	135.20570	0.072	223.8
2019-10-10T14:39	84.91326	135.20445	0.066	217.6
2019-10-10T14:49	84.91311	135.20335	0.065	212.8
2019-10-10T14:59	84.91298	135.20256	0.053	208.4
2019-10-10T15:09	84.91284	135.20212	0.051	195.9
2019-10-10T15:19	84.91271	135.20192	0.047	187.9
2019-10-10T15:29	84.91259	135.20196	0.045	178.5
2019-10-10T15:39	84.91245	135.20223	0.049	170.0
2019-10-10T15:49	84.91233	135.20274	0.048	159.7
2019-10-10T15:59	84.91220	135.20351	0.052	152.1
2019-10-10T16:09	84.91207	135.20447	0.055	146.3
2019-10-10T16:19	84.91195	135.20553	0.056	142.6
2019-10-10T16:29	84.91182	135.20693	0.065	136.1
2019-10-10T16:39	84.91168	135.20873	0.077	132.0
2019-10-10T16:49	84.91151	135.21085	0.089	130.8
2019-10-10T16:59	84.91135	135.21350	0.103	124.6
2019-10-10T17:09	84.91119	135.21658	0.114	120.7
2019-10-10T17:19	84.91102	135.21995	0.124	119.5
2019-10-10T17:29	84.91086	135.22351	0.128	117.2
2019-10-10T17:39	84.91068	135.22740	0.139	117.0
2019-10-10T17:49	84.91048	135.23172	0.156	117.9
2019-10-10T17:59	84.91027	135.23613	0.160	118.4
2019-10-10T18:09	84.91004	135.24082	0.170	118.5
2019-10-10T18:19	84.90978	135.24580	0.185	120.9
2019-10-10T18:29	84.90949	135.25109	0.199	121.7
2019-10-10T18:39	84.90919	135.25645	0.202	122.2
2019-10-10T18:49	84.90888	135.26191	0.206	122.1
2019-10-10T18:59	84.90858	135.26756	0.212	121.5
2019-10-10T19:09	84.90821	135.27333	0.227	125.7
2019-10-10T19:19	84.90785	135.27884	0.217	125.9
2019-10-10T19:29	84.90749	135.28440	0.222	126.7
2019-10-10T19:39	84.90711	135.29016	0.229	126.5
2019-10-10T19:49	84.90670	135.29594	0.237	128.6
2019-10-10T19:59	84.90624	135.30200	0.255	130.5
2019-10-10T20:09	84.90575	135.30818	0.264	131.6
2019-10-10T20:19	84.90529	135.31413	0.253	131.4
2019-10-10T20:29	84.90480	135.32044	0.268	131.1
2019-10-10T20:39	84.90428	135.32695	0.280	131.8
2019-10-10T20:49	84.90376	135.33350	0.281	131.9
2019-10-10T20:59	84.90320	135.34026	0.296	132.9
2019-10-10T21:09	84.90261	135.34713	0.307	134.2
2019-10-10T21:19	84.90203	135.35380	0.297	134.1
2019-10-10T21:29	84.90145	135.36024	0.293	135.2
2019-10-10T21:39	84.90086	135.36667	0.297	136.1
2019-10-10T21:49	84.90024	135.37286	0.298	138.3
2019-10-10T21:59	84.89956	135.37928	0.320	140.1
2019-10-10T22:09	84.89888	135.38550	0.317	141.1
2019-10-10T22:19	84.89819	135.39165	0.315	141.3
2019-10-10T22:29	84.89746	135.39789	0.330	142.8
2019-10-10T22:39	84.89668	135.40420	0.348	144.5
2019-10-10T22:49	84.89590	135.41025	0.341	145.4
2019-10-10T22:59	84.89513	135.41596	0.331	146.4
2019-10-10T23:09	84.89436	135.42150	0.330	147.4
2019-10-10T23:19	84.89358	135.42689	0.328	148.2
2019-10-10T23:29	84.89281	135.43200	0.324	149.6
2019-10-10T23:39	84.89201	135.43709	0.332	150.6
2019-10-10T23:49	84.89120	135.44201	0.329	151.3
2019-10-10T23:59	84.89040	135.44668	0.327	152.7
2019-10-11T00:09	84.88959	135.45125	0.324	153.2
2019-10-11T00:19	84.88879	135.45563	0.320	154.0
2019-10-11T00:29	84.88800	135.45983	0.314	154.6
2019-10-11T00:39	84.88723	135.46384	0.308	155.3
2019-10-11T00:49	84.88645	135.46764	0.305	156.4
2019-10-11T00:59	84.88567	135.47119	0.303	157.9
2019-10-11T01:09	84.88488	135.47445	0.302	159.8
2019-10-11T01:19	84.88410	135.47771	0.299	159.5
2019-10-11T01:29	84.88334	135.48090	0.295	159.6
2019-10-11T01:39	84.88255	135.48422	0.301	159.3
2019-10-11T01:49	84.88178	135.48748	0.297	159.4
2019-10-11T01:59	84.88099	135.49041	0.299	161.6
2019-10-11T02:09	84.88022	135.49316	0.292	162.4
2019-10-11T02:19	84.87948	135.49587	0.279	161.8
2019-10-11T02:29	84.87879	135.49841	0.262	161.8
2019-10-11T02:39	84.87812	135.50067	0.252	163.3
2019-10-11T02:49	84.87748	135.50296	0.242	162.2
2019-10-11T02:59	84.87687	135.50524	0.232	161.6
2019-10-11T03:09	84.87627	135.50758	0.228	160.7
2019-10-11T03:19	84.87569	135.51011	0.226	158.9
2019-10-11T03:29	84.87511	135.51268	0.224	158.3
2019-10-11T03:39	84.87454	135.51536	0.223	157.2
2019-10-11T03:49	84.87398	135.51820	0.221	155.6
2019-10-11T03:59	84.87344	135.52108	0.215	154.5
2019-10-11T04:09	84.87293	135.52400	0.207	153.0
2019-10-11T04:19	84.87244	135.52704	0.200	150.7
2019-10-11T04:29	84.87197	135.53021	0.198	149.0
2019-10-11T04:39	84.87154	135.53347	0.189	146.3
2019-10-11T04:49	84.87112	135.53692	0.186	143.2
2019-10-11T04:59	84.87073	135.54044	0.183	141.7
2019-10-11T05:09	84.87034	135.54406	0.181	139.8
2019-10-11T05:19	84.86997	135.54795	0.184	137.2
2019-10-11T05:29	84.86960	135.55202	0.187	135.6
2019-10-11T05:39	84.86913	135.55626	0.215	140.6
2019-10-11T05:49	84.86859	135.56085	0.245	142.9
2019-10-11T05:59	84.86803	135.56584	0.259	141.6
2019-10-11T06:09	84.86738	135.57125	0.290	143.0
2019-10-11T06:19	84.86672	135.57696	0.302	142.4
2019-10-11T06:29	84.86603	135.58294	0.315	142.4
2019-10-11T06:39	84.86528	135.58906	0.334	143.7
2019-10-11T06:49	84.86449	135.59518	0.347	145.3
2019-10-11T06:59	84.86365	135.60118	0.360	147.5
2019-10-11T07:09	84.86280	135.60691	0.358	148.9
2019-10-11T07:19	84.86193	135.61242	0.357	150.2
2019-10-11T07:29	84.86107	135.61751	0.353	152.3
2019-10-11T07:39	84.86018	135.62232	0.356	154.2
2019-10-11T07:49	84.85931	135.62690	0.345	154.7
2019-10-11T07:59	84.85842	135.63115	0.348	156.8
2019-10-11T08:09	84.85757	135.63508	0.333	157.5
2019-10-11T08:19	84.85671	135.63887	0.331	158.3
2019-10-11T08:29	84.85585	135.64220	0.328	160.9
2019-10-11T08:39	84.85500	135.64516	0.323	162.8
2019-10-11T08:49	84.85418	135.64795	0.307	163.0
2019-10-11T08:59	84.85335	135.65038	0.309	165.3
2019-10-11T09:09	84.85253	135.65252	0.303	166.8
2019-10-11T09:19	84.85173	135.65426	0.293	169.0
2019-10-11T09:29	84.85096	135.65610	0.283	167.8
2019-10-11T09:39	84.85020	135.65764	0.280	169.7
2019-10-11T09:49	84.84945	135.65895	0.272	171.0
2019-10-11T09:59	84.84873	135.66011	0.261	171.7
2019-10-11T10:09	84.84805	135.66116	0.249	172.1
2019-10-11T10:19	84.84737	135.66197	0.245	173.9
2019-10-11T10:29	84.84672	135.66273	0.237	174.0
2019-10-11T10:39	84.84608	135.66338	0.230	174.8
2019-10-11T10:49	84.84547	135.66396	0.220	175.1
2019-10-11T10:59	84.84488	135.66446	0.214	175.7
2019-10-11T11:09	84.84430	135.66480	0.209	176.9
2019-10-11T11:19	84.84375	135.66519	0.200	176.4
2019-10-11T11:29	84.84321	135.66544	0.193	177.6
2019-10-11T11:39	84.84269	135.66577	0.188	176.7
2019-10-11T11:49	84.84219	135.66609	0.182	176.7
2019-10-11T11:59	84.84170	135.66647	0.176	176.0
2019-10-11T12:09	84.84123	135.66696	0.168	174.7
2019-10-11T12:19	84.84079	135.66750	0.162	173.7
2019-10-11T12:29	84.84036	135.66817	0.155	172.0
2019-10-11T12:39	84.83995	135.66900	0.151	169.8
2019-10-11T12:49	84.83956	135.67000	0.144	167.0
2019-10-11T12:59	84.83919	135.67100	0.136	166.2
2019-10-11T13:09	84.83884	135.67221	0.131	162.6
2019-10-11T13:19	84.83851	135.67363	0.128	158.9
2019-10-11T13:29	84.83819	135.67520	0.128	156.5
2019-10-11T13:39	84.83788	135.67699	0.126	152.6
2019-10-11T13:49	84.83757	135.67896	0.127	149.7
2019-10-11T13:59	84.83728	135.68117	0.127	145.5
2019-10-11T14:09	84.83700	135.68367	0.129	141.1
2019-10-11T14:19	84.83674	135.68636	0.128	137.1
2019-10-11T14:29	84.83649	135.68939	0.135	133.3
2019-10-11T14:39	84.83623	135.69268	0.141	130.7
2019-10-11T14:49	84.83599	135.69613	0.142	127.8
2019-10-11T14:59	84.83576	135.69983	0.146	124.7
2019-10-11T15:09	84.83554	135.70355	0.144	123.2
2019-10-11T15:19	84.83533	135.70737	0.145	121.4
2019-10-11T15:29	84.83514	135.71129	0.145	119.0
2019-10-11T15:39	84.83494	135.71538	0.150	118.3
2019-10-11T15:49	84.83476	135.71945	0.146	115.4
2019-10-11T15:59	84.83460	135.72354	0.145	113.6
2019-10-11T16:09	84.83446	135.72772	0.146	111.4
2019-10-11T16:19	84.83431	135.73202	0.149	110.3
2019-10-11T16:29	84.83416	135.73654	0.157	110.8
2019-10-11T16:39	84.83400	135.74129	0.164	110.5
2019-10-11T16:49	84.83383	135.74620	0.170	110.2
2019-10-11T16:59	84.83366	135.75127	0.177	111.4
2019-10-11T17:09	84.83347	135.75642	0.180	112.0
2019-10-11T17:19	84.83326	135.76162	0.185	114.2
2019-10-11T17:29	84.83303	135.76686	0.188	115.5
2019-10-11T17:39	84.83280	135.77211	0.189	115.9
2019-10-11T17:49	84.83256	135.77723	0.187	117.5
2019-10-11T17:59	84.83232	135.78213	0.182	118.8
2019-10-11T18:09	84.83207	135.78696	0.180	119.5
2019-10-11T18:19	84.83183	135.79162	0.175	120.5
2019-10-11T18:29	84.83157	135.79623	0.176	122.0
2019-10-11T18:39	84.83132	135.80059	0.168	122.6
2019-10-11T18:49	84.83105	135.80480	0.167	125.1
2019-10-11T18:59	84.83078	135.80880	0.163	126.9
2019-10-11T19:09	84.83051	135.81273	0.160	127.5
2019-10-11T19:19	84.83024	135.81642	0.153	128.3
2019-10-11T19:29	84.82998	135.81999	0.151	129.8
2019-10-11T19:39	84.82971	135.82340	0.147	131.3
2019-10-11T19:49	84.82944	135.82658	0.142	133.3
2019-10-11T19:59	84.82918	135.82961	0.135	133.4
2019-10-11T20:09	84.82894	135.83243	0.125	132.6
2019-10-11T20:19	84.82873	135.83516	0.118	131.3
2019-10-11T20:29	84.82851	135.83769	0.114	134.2
2019-10-11T20:39	84.82830	135.83997	0.104	134.8
2019-10-11T20:49	84.82811	135.84207	0.097	135.1
2019-10-11T20:59	84.82792	135.84388	0.090	139.7
2019-10-11T21:09	84.82775	135.84550	0.082	139.9
2019-10-11T21:19	84.82759	135.84677	0.068	142.9
2019-10-11T21:29	84.82747	135.84789	0.058	141.1
2019-10-11T21:39	84.82738	135.84871	0.043	141.4
2019-10-11T21:49	84.82730	135.84925	0.034	148.6
2019-10-11T21:59	84.82723	135.84960	0.028	156.1
2019-10-11T22:09	84.82718	135.84965	0.016	173.5
2019-10-11T22:19	84.82716	135.84961	0.009	187.5
2019-10-11T22:29	84.82716	135.84938	0.008	270.5
2019-10-11T22:39	84.82720	135.84884	0.023	310.0
2019-10-11T22:49	84.82728	135.84809	0.037	318.8
2019-10-11T22:59	84.82740	135.84721	0.054	328.0
2019-10-11T23:09	84.82758	135.84624	0.071	333.5
2019-10-11T23:19	84.82778	135.84507	0.083	332.9
2019-10-11T23:29	84.82802	135.84385	0.095	335.2
2019-10-11T23:39	84.82829	135.84262	0.103	337.1
2019-10-11T23:49	84.82858	135.84132	0.115	338.5
2019-10-11T23:59	84.82892	135.84011	0.128	342.0
2019-10-12T00:09	84.82929	135.83905	0.138	345.6
2019-10-12T00:19	84.82970	135.83800	0.152	347.0
2019-10-12T00:29	84.83013	135.83694	0.159	347.6
2019-10-12T00:39	84.83060	135.83611	0.169	350.8
2019-10-12T00:49	84.83106	135.83531	0.169	351.1
2019-10-12T00:59	84.83155	135.83463	0.179	353.0
2019-10-12T01:09	84.83209	135.83410	0.193	354.9
2019-10-12T01:19	84.83266	135.83377	0.206	357.0
2019-10-12T01:29	84.83326	135.83368	0.214	359.2
2019-10-12T01:39	84.83387	135.83379	0.221	0.9
2019-10-12T01:49	84.83450	135.83410	0.229	2.6
2019-10-12T01:59	84.83514	135.83440	0.231	2.4
2019-10-12T02:09	84.83580	135.83483	0.236	3.3
2019-10-12T02:19	84.83647	135.83541	0.244	4.4
2019-10-12T02:29	84.83717	135.83623	0.251	6.1
2019-10-12T02:39	84.83787	135.83695	0.253	5.3
2019-10-12T02:49	84.83857	135.83770	0.255	5.5
2019-10-12T02:59	84.83927	135.83841	0.252	5.2
2019-10-12T03:09	84.83995	135.83918	0.247	5.7
2019-10-12T03:19	84.84065	135.83997	0.251	5.9
2019-10-12T03:29	84.84133	135.84075	0.246	5.8
2019-10-12T03:39	84.84201	135.84161	0.249	6.4
2019-10-12T03:49	84.84267	135.84225	0.237	5.1
2019-10-12T03:59	84.84333	135.84265	0.239	3.1
2019-10-12T04:09	84.84399	135.84276	0.237	0.9
2019-10-12T04:19	84.84463	135.84281	0.229	0.4
2019-10-12T04:29	84.84524	135.84298	0.222	1.4
2019-10-12T04:39	84.84586	135.84304	0.221	0.5
2019-10-12T04:49	84.84645	135.84270	0.214	357.1
2019-10-12T04:59	84.84704	135.84220	0.212	355.6
2019-10-12T05:09	84.84760	135.84176	0.202	356.0
2019-10-12T05:19	84.84816	135.84144	0.202	357.0
2019-10-12T05:29	84.84869	135.84062	0.195	352.1
2019-10-12T05:39	84.84920	135.83991	0.186	352.9
2019-10-12T05:49	84.84966	135.83876	0.170	347.4
2019-10-12T05:59	84.85014	135.83774	0.174	349.1
2019-10-12T06:09	84.85060	135.83656	0.170	347.1
2019-10-12T06:19	84.85104	135.83522	0.164	344.6
2019-10-12T06:29	84.85145	135.83367	0.157	341.4
2019-10-12T06:39	84.85183	135.83208	0.145	339.3
2019-10-12T06:49	84.85218	135.83046	0.135	337.2
2019-10-12T06:59	84.85251	135.82855	0.135	332.8
2019-10-12T07:09	84.85283	135.82664	0.129	331.5
2019-10-12T07:19	84.85313	135.82455	0.128	328.3
2019-10-12T07:29	84.85341	135.82202	0.130	321.1
2019-10-12T07:39	84.85367	135.81922	0.131	316.3
2019-10-12T07:49	84.85390	135.81612	0.130	309.5
2019-10-12T07:59	84.85413	135.81286	0.134	308.4
2019-10-12T08:09	84.85435	135.80945	0.134	304.9
2019-10-12T08:19	84.85453	135.80566	0.139	298.8
2019-10-12T08:29	84.85470	135.80178	0.138	294.9
2019-10-12T08:39	84.85484	135.79769	0.142	291.7
2019-10-12T08:49	84.85499	135.79339	0.148	290.7
2019-10-12T08:59	84.85513	135.78877	0.157	288.5
2019-10-12T09:09	84.85526	135.78390	0.164	286.7
2019-10-12T09:19	84.85539	135.77872	0.173	285.6
2019-10-12T09:29	84.85552	135.77332	0.181	285.2
2019-10-12T09:39	84.85565	135.76764	0.189	284.2
2019-10-12T09:49	84.85578	135.76168	0.198	284.1
2019-10-12T09:59	84.85592	135.75538	0.209	283.4
2019-10-12T10:09	84.85605	135.74885	0.216	283.0
2019-10-12T10:19	84.85619	135.74201	0.226	282.8
2019-10-12T10:29	84.85633	135.73492	0.235	282.7
2019-10-12T10:39	84.85648	135.72763	0.241	282.5
2019-10-12T10:49	84.85663	135.72003	0.252	283.0
2019-10-12T10:59	84.85679	135.71227	0.257	282.9
2019-10-12T11:09	84.85695	135.70428	0.264	282.8
2019-10-12T11:19	84.85713	135.69612	0.271	283.3
2019-10-12T11:29	84.85731	135.68783	0.276	284.0
2019-10-12T11:39	84.85750	135.67942	0.280	284.3
2019-10-12T11:49	84.85770	135.67097	0.282	284.3
2019-10-12T11:59	84.85790	135.66241	0.286	284.8
2019-10-12T12:09	84.85812	135.65381	0.288	285.7
2019-10-12T12:19	84.85834	135.64527	0.286	285.9
2019-10-12T12:29	84.85856	135.63655	0.293	286.1
2019-10-12T12:39	84.85880	135.62813	0.285	287.3
2019-10-12T12:49	84.85904	135.61971	0.285	287.8
2019-10-12T12:59	84.85929	135.61128	0.286	288.4
2019-10-12T13:09	84.85955	135.60301	0.283	289.4
2019-10-12T13:19	84.85982	135.59484	0.280	289.8
2019-10-12T13:29	84.86009	135.58680	0.277	290.6
2019-10-12T13:39	84.86036	135.57892	0.273	291.4
2019-10-12T13:49	84.86064	135.57136	0.263	292.1
2019-10-12T13:59	84.86091	135.56390	0.259	292.0
2019-10-12T14:09	84.86118	135.55675	0.250	292.7
2019-10-12T14:19	84.86144	135.54985	0.242	293.1
2019-10-12T14:29	84.86170	135.54325	0.232	293.6
2019-10-12T14:39	84.86195	135.53695	0.223	294.5
2019-10-12T14:49	84.86221	135.53087	0.216	294.9
2019-10-12T14:59	84.86246	135.52505	0.208	295.5
2019-10-12T15:09	84.86270	135.51946	0.200	295.5
2019-10-12T15:19	84.86293	135.51406	0.193	295.7
2019-10-12T15:29	84.86315	135.50884	0.186	295.3
2019-10-12T15:39	84.86336	135.50394	0.176	295.9
2019-10-12T15:49	84.86356	135.49920	0.169	295.0
2019-10-12T15:59	84.86375	135.49469	0.160	294.8
2019-10-12T16:09	84.86392	135.49034	0.153	293.6
2019-10-12T16:19	84.86407	135.48612	0.147	292.0
2019-10-12T16:29	84.86420	135.48211	0.138	290.0
2019-10-12T16:39	84.86432	135.47824	0.132	289.1
2019-10-12T16:49	84.86442	135.47446	0.127	286.3
2019-10-12T16:59	84.86450	135.47080	0.121	284.3
2019-10-12T17:09	84.86456	135.46714	0.120	280.8
2019-10-12T17:19	84.86460	135.46349	0.119	276.9
2019-10-12T17:29	84.86462	135.45991	0.116	273.2
2019-10-12T17:39	84.86462	135.45632	0.115	269.4
2019-10-12T17:49	84.86460	135.45277	0.115	266.4
2019-10-12T17:59	84.86456	135.44921	0.116	263.1
2019-10-12T18:09	84.86451	135.44578	0.112	260.2
2019-10-12T18:19	84.86443	135.44199	0.125	257.1
2019-10-12T18:29	84.86433	135.43818	0.128	253.6
2019-10-12T18:39	84.86422	135.43440	0.128	252.8
2019-10-12T18:49	84.86410	135.43042	0.136	250.7
2019-10-12T18:59	84.86396	135.42637	0.140	249.0
2019-10-12T19:09	84.86380	135.42211	0.148	247.9
2019-10-12T19:19	84.86364	135.41770	0.154	247.6
2019-10-12T19:29	84.86348	135.41306	0.161	248.2
2019-10-12T19:39	84.86330	135.40813	0.171	248.2
2019-10-12T19:49	84.86312	135.40308	0.175	248.2
2019-10-12T19:59	84.86294	135.39778	0.183	249.1
2019-10-12T20:09	84.86275	135.39203	0.197	250.0
2019-10-12T20:19	84.86256	135.38631	0.196	250.0
2019-10-12T20:29	84.86239	135.38038	0.202	251.6
2019-10-12T20:39	84.86220	135.37392	0.218	252.3
2019-10-12T20:49	84.86203	135.36711	0.228	254.1
2019-10-12T20:59	84.86185	135.36018	0.233	253.8
2019-10-12T21:09	84.86166	135.35273	0.250	254.1
2019-10-12T21:19	84.86150	135.34526	0.248	256.3
2019-10-12T21:29	84.86134	135.33755	0.255	257.2
2019-10-12T21:39	84.86119	135.32960	0.262	258.1
2019-10-12T21:49	84.86104	135.32153	0.266	258.4
2019-10-12T21:59	84.86091	135.31340	0.267	259.5
2019-10-12T22:09	84.86078	135.30514	0.270	260.1
2019-10-12T22:19	84.86065	135.29680	0.273	260.8
2019-10-12T22:29	84.86054	135.28835	0.276	261.2
2019-10-12T22:39	84.86045	135.27997	0.272	263.2
2019-10-12T22:49	84.86037	135.27157	0.272	263.8
2019-10-12T22:59	84.86029	135.26309	0.275	264.4
2019-10-12T23:09	84.86022	135.25459	0.275	264.4
2019-10-12T23:19	84.86015	135.24601	0.278	265.0
2019-10-12T23:29	84.86010	135.23748	0.276	266.1
2019-10-12T23:39	84.86005	135.22900	0.274	266.7
2019-10-12T23:49	84.86002	135.22046	0.276	267.8
2019-10-12T23:59	84.86000	135.21201	0.273	268.5
2019-10-13T00:09	84.85999	135.20349	0.275	269.2
2019-10-13T00:19	84.86000	135.19503	0.273	270.7
2019-10-13T00:29	84.86003	135.18668	0.270	271.8
2019-10-13T00:39	84.86005	135.17839	0.268	272.3
2019-10-13T00:49	84.86009	135.17021	0.264	272.6
2019-10-13T00:59	84.86013	135.16226	0.257	273.4
2019-10-13T01:09	84.86016	135.15436	0.255	272.8
2019-10-13T01:19	84.86021	135.14682	0.244	273.7
2019-10-13T01:29	84.86024	135.13938	0.240	272.5
2019-10-13T01:39	84.86027	135.13212	0.235	272.4
2019-10-13T01:49	84.86029	135.12496	0.231	272.3
2019-10-13T01:59	84.86031	135.11804	0.223	271.8
2019-10-13T02:09	84.86032	135.11148	0.212	270.8
2019-10-13T02:19	84.86032	135.10513	0.205	269.9
2019-10-13T02:29	84.86030	135.09894	0.200	268.4
2019-10-13T02:39	84.86025	135.09284	0.198	264.9
2019-10-13T02:49	84.86023	135.08703	0.188	267.4
2019-10-13T02:59	84.86019	135.08126	0.187	265.0
2019-10-13T03:09	84.86013	135.07575	0.179	263.8
2019-10-13T03:19	84.86006	135.07048	0.172	260.7
2019-10-13T03:29	84.85997	135.06545	0.165	259.2
2019-10-13T03:39	84.85987	135.06049	0.164	257.8
2019-10-13T03:49	84.85976	135.05574	0.158	255.5
2019-10-13T03:59	84.85963	135.05107	0.158	252.9
2019-10-13T04:09	84.85949	135.04649	0.156	250.8
2019-10-13T04:19	84.85933	135.04198	0.157	248.4
2019-10-13T04:29	84.85917	135.03764	0.152	247.4
2019-10-13T04:39	84.85898	135.03331	0.155	244.7
2019-10-13T04:49	84.85878	135.02902	0.156	242.6
2019-10-13T04:59	84.85858	135.02475	0.157	241.4
2019-10-13T05:09	84.85836	135.02066	0.153	239.3
2019-10-13T05:19	84.85813	135.01644	0.160	238.4
2019-10-13T05:29	84.85788	135.01235	0.158	236.4
2019-10-13T05:39	84.85763	135.00817	0.162	236.4
2019-10-13T05:49	84.85737	135.00394	0.166	235.5
2019-10-13T05:59	84.85710	134.99974	0.168	233.9
2019-10-13T06:09	84.85682	134.99544	0.172	234.0
2019-10-13T06:19	84.85653	134.99109	0.174	233.7
2019-10-13T06:29	84.85624	134.98677	0.174	233.1
2019-10-13T06:39	84.85595	134.98232	0.179	233.5
2019-10-13T06:49	84.85564	134.97774	0.184	233.4
2019-10-13T06:59	84.85534	134.97319	0.183	233.3
2019-10-13T07:09	84.85503	134.96856	0.187	233.3
2019-10-13T07:19	84.85472	134.96380	0.190	234.0
2019-10-13T07:29	84.85439	134.95910	0.191	232.6
2019-10-13T07:39	84.85408	134.95427	0.192	234.4
2019-10-13T07:49	84.85376	134.94941	0.195	233.5
2019-10-13T07:59	84.85344	134.94449	0.197	233.8
2019-10-13T08:09	84.85311	134.93937	0.203	234.6
2019-10-13T08:19	84.85279	134.93416	0.206	235.0
2019-10-13T08:29	84.85246	134.92890	0.207	235.2
2019-10-13T08:39	84.85213	134.92352	0.210	235.8
2019-10-13T08:49	84.85180	134.91804	0.212	236.4
2019-10-13T08:59	84.85147	134.91253	0.215	236.1
2019-10-13T09:09	84.85114	134.90702	0.215	235.9
2019-10-13T09:19	84.85080	134.90138	0.219	236.3
2019-10-13T09:29	84.85046	134.89577	0.217	236.5
2019-10-13T09:39	84.85013	134.89032	0.213	236.1
2019-10-13T09:49	84.84980	134.88486	0.213	235.9
2019-10-13T09:59	84.84946	134.87937	0.216	235.3
2019-10-13T10:09	84.84912	134.87384	0.216	235.7
2019-10-13T10:19	84.84879	134.86847	0.210	235.7
2019-10-13T10:29	84.84847	134.86312	0.208	236.4
2019-10-13T10:39	84.84819	134.85809	0.193	237.6
2019-10-13T10:49	84.84789	134.85329	0.189	235.0
2019-10-13T10:59	84.84762	134.84875	0.175	237.2
2019-10-13T11:09	84.84736	134.84430	0.172	236.5
2019-10-13T11:19	84.84713	134.83992	0.164	239.4
2019-10-13T11:29	84.84686	134.83577	0.165	234.3
2019-10-13T11:39	84.84654	134.83195	0.169	227.0
2019-10-13T11:49	84.84625	134.82837	0.154	228.7
2019-10-13T11:59	84.84593	134.82486	0.163	224.3
2019-10-13T12:09	84.84560	134.82165	0.159	220.6
2019-10-13T12:19	84.84523	134.81897	0.157	213.4
2019-10-13T12:29	84.84491	134.81631	0.145	216.4
2019-10-13T12:39	84.84462	134.81378	0.133	218.0
2019-10-13T12:49	84.84432	134.81155	0.128	214.2
2019-10-13T12:59	84.84401	134.80941	0.131	211.8
2019-10-13T13:09	84.84371	134.80762	0.125	207.6
2019-10-13T13:19	84.84338	134.80602	0.127	203.9
2019-10-13T13:29	84.84302	134.80459	0.138	199.7
2019-10-13T13:39	84.84262	134.80338	0.150	195.1
2019-10-13T13:49	84.84221	134.80226	0.151	193.8
2019-10-13T13:59	84.84185	134.80135	0.132	192.9
2019-10-13T14:09	84.84148	134.80082	0.136	187.3
2019-10-13T14:19	84.84110	134.80062	0.135	182.8
2019-10-13T14:29	84.84071	134.80071	0.141	178.8
2019-10-13T14:39	84.84031	134.80152	0.146	169.7
2019-10-13T14:49	84.83991	134.80268	0.150	165.5
2019-10-13T14:59	84.83948	134.80425	0.163	161.8
2019-10-13T15:09	84.83906	134.80584	0.158	161.0
2019-10-13T15:19	84.83864	134.80755	0.163	160.2
2019-10-13T15:29	84.83817	134.80930	0.178	161.4
2019-10-13T15:39	84.83767	134.81127	0.191	160.6
2019-10-13T15:49	84.83713	134.81340	0.207	160.5
2019-10-13T15:59	84.83661	134.81554	0.199	159.6
2019-10-13T16:09	84.83607	134.81809	0.210	156.8
2019-10-13T16:19	84.83548	134.82034	0.224	161.0
2019-10-13T16:29	84.83483	134.82271	0.247	161.8
2019-10-13T16:39	84.83413	134.82517	0.264	162.4
2019-10-13T16:49	84.83340	134.82787	0.276	161.6
2019-10-13T16:59	84.83266	134.83050	0.281	162.3
2019-10-13T17:09	84.83186	134.83286	0.297	165.1
2019-10-13T17:19	84.83103	134.83500	0.310	167.1
2019-10-13T17:29	84.83015	134.83686	0.321	169.2
2019-10-13T17:39	84.82925	134.83869	0.329	169.6
2019-10-13T17:49	84.82834	134.84016	0.332	171.7
2019-10-13T17:59	84.82743	134.84143	0.331	172.9
2019-10-13T18:09	84.82650	134.84238	0.335	174.7
2019-10-13T18:19	84.82555	134.84315	0.342	175.8
2019-10-13T18:29	84.82461	134.84366	0.339	177.2
2019-10-13T18:39	84.82367	134.84379	0.339	179.3
2019-10-13T18:49	84.82274	134.84351	0.335	181.5
2019-10-13T18:59	84.82181	134.84282	0.336	183.9
2019-10-13T19:09	84.82089	134.84184	0.334	185.4
2019-10-13T19:19	84.81999	134.84042	0.327	188.1
2019-10-13T19:29	84.81908	134.83851	0.331	190.8
2019-10-13T19:39	84.81818	134.83607	0.334	193.7
2019-10-13T19:49	84.81732	134.83322	0.325	196.6
2019-10-13T19:59	84.81655	134.83008	0.296	200.2
2019-10-13T20:09	84.81576	134.82664	0.304	201.6
2019-10-13T20:19	84.81499	134.82286	0.305	203.8
2019-10-13T20:29	84.81418	134.81886	0.319	204.1
2019-10-13T20:39	84.81335	134.81480	0.326	203.9
2019-10-13T20:49	84.81256	134.81045	0.319	206.3
2019-10-13T20:59	84.81179	134.80589	0.312	208.3
2019-10-13T21:09	84.81099	134.80115	0.329	208.0
2019-10-13T21:19	84.81015	134.79637	0.340	207.3
2019-10-13T21:29	84.80936	134.79119	0.330	210.8
2019-10-13T21:39	84.80859	134.78569	0.331	212.8
2019-10-13T21:49	84.80781	134.77976	0.340	214.6
2019-10-13T21:59	84.80704	134.77376	0.339	215.2
2019-10-13T22:09	84.80629	134.76749	0.339	217.1
2019-10-13T22:19	84.80554	134.76092	0.343	218.6
2019-10-13T22:29	84.80483	134.75437	0.335	219.7
2019-10-13T22:39	84.80412	134.74749	0.340	221.3
2019-10-13T22:49	84.80342	134.74047	0.341	222.2
2019-10-13T22:59	84.80275	134.73344	0.333	223.6
2019-10-13T23:09	84.80209	134.72641	0.331	223.9
2019-10-13T23:19	84.80144	134.71949	0.325	224.0
2019-10-13T23:29	84.80080	134.71252	0.322	224.9
2019-10-13T23:39	84.80020	134.70583	0.308	225.1
2019-10-13T23:49	84.79961	134.69924	0.302	225.5
2019-10-13T23:59	84.79903	134.69284	0.295	225.1
2019-10-14T00:09	84.79847	134.68651	0.291	225.3
2019-10-14T00:19	84.79791	134.68035	0.283	225.3
2019-10-14T00:29	84.79736	134.67426	0.280	225.2
2019-10-14T00:39	84.79683	134.66829	0.273	225.6
2019-10-14T00:49	84.79631	134.66254	0.265	225.0
2019-10-14T00:59	84.79580	134.65701	0.257	224.6
2019-10-14T01:09	84.79529	134.65165	0.254	223.6
2019-10-14T01:19	84.79479	134.64657	0.245	222.5
2019-10-14T01:29	84.79429	134.64167	0.242	221.4
2019-10-14T01:39	84.79380	134.63696	0.233	221.2
2019-10-14T01:49	84.79327	134.63237	0.243	218.2
2019-10-14T01:59	84.79276	134.62805	0.230	217.8
2019-10-14T02:09	84.79226	134.62368	0.231	218.2
2019-10-14T02:19	84.79174	134.61936	0.236	216.8
2019-10-14T02:29	84.79121	134.61511	0.234	216.5
2019-10-14T02:39	84.79070	134.61109	0.227	215.4
2019-10-14T02:49	84.79021	134.60703	0.222	216.8
2019-10-14T02:59	84.78975	134.60324	0.207	216.8
2019-10-14T03:09	84.78929	134.59964	0.202	215.8
2019-10-14T03:19	84.78884	134.59617	0.199	214.8
2019-10-14T03:29	84.78840	134.59276	0.194	215.1
2019-10-14T03:39	84.78793	134.58948	0.199	212.6
2019-10-14T03:49	84.78748	134.58629	0.192	212.8
2019-10-14T03:59	84.78703	134.58313	0.192	212.5
2019-10-14T04:09	84.78659	134.58008	0.188	212.2
2019-10-14T04:19	84.78613	134.57711	0.193	210.2
2019-10-14T04:29	84.78567	134.57431	0.189	209.0
2019-10-14T04:39	84.78521	134.57160	0.187	208.4
2019-10-14T04:49	84.78476	134.56912	0.183	206.3
2019-10-14T04:59	84.78428	134.56670	0.188	204.9
2019-10-14T05:09	84.78383	134.56452	0.178	203.6
2019-10-14T05:19	84.78337	134.56236	0.182	202.9
2019-10-14T05:29	84.78290	134.56019	0.183	202.8
2019-10-14T05:39	84.78243	134.55809	0.181	202.3
2019-10-14T05:49	84.78196	134.55593	0.183	202.7
2019-10-14T05:59	84.78149	134.55372	0.184	203.1
2019-10-14T06:09	84.78102	134.55162	0.184	202.0
2019-10-14T06:19	84.78053	134.54957	0.188	201.0
2019-10-14T06:29	84.78004	134.54749	0.189	201.1
2019-10-14T06:39	84.77953	134.54548	0.195	199.8
2019-10-14T06:49	84.77903	134.54348	0.191	200.0
2019-10-14T06:59	84.77853	134.54143	0.194	200.2
2019-10-14T07:09	84.77800	134.53937	0.202	199.6
2019-10-14T07:19	84.77747	134.53725	0.201	200.2
2019-10-14T07:29	84.77695	134.53514	0.201	200.2
2019-10-14T07:39	84.77641	134.53290	0.208	200.7
2019-10-14T07:49	84.77585	134.53055	0.215	201.0
2019-10-14T07:59	84.77530	134.52833	0.213	200.0
2019-10-14T08:09	84.77471	134.52583	0.226	201.3
2019-10-14T08:19	84.77413	134.52327	0.226	201.8
2019-10-14T08:29	84.77355	134.52051	0.227	203.5
2019-10-14T08:39	84.77298	134.51752	0.228	205.5
2019-10-14T08:49	84.77241	134.51436	0.231	206.6
2019-10-14T08:59	84.77185	134.51108	0.229	208.1
2019-10-14T09:09	84.77129	134.50760	0.231	209.7
2019-10-14T09:19	84.77074	134.50397	0.232	210.9
2019-10-14T09:29	84.77021	134.50024	0.227	212.6
2019-10-14T09:39	84.76969	134.49640	0.226	213.9
2019-10-14T09:49	84.76918	134.49241	0.225	215.7
2019-10-14T09:59	84.76869	134.48828	0.221	217.9
2019-10-14T10:09	84.76822	134.48406	0.219	219.1
2019-10-14T10:19	84.76777	134.47973	0.216	221.3
2019-10-14T10:29	84.76734	134.47537	0.211	222.6
2019-10-14T10:39	84.76693	134.47096	0.208	224.2
2019-10-14T10:49	84.76653	134.46647	0.205	226.0
2019-10-14T10:59	84.76615	134.46195	0.202	227.2
2019-10-14T11:09	84.76578	134.45733	0.201	229.1
2019-10-14T11:19	84.76544	134.45265	0.197	231.1
2019-10-14T11:29	84.76511	134.44800	0.194	232.1
2019-10-14T11:39	84.76479	134.44337	0.190	233.2
2019-10-14T11:49	84.76450	134.43872	0.186	235.1
2019-10-14T11:59	84.76422	134.43409	0.182	236.6
2019-10-14T12:09	84.76396	134.42952	0.178	237.8
2019-10-14T12:19	84.76372	134.42505	0.171	239.4
2019-10-14T12:29	84.76350	134.42076	0.162	240.6
2019-10-14T12:39	84.76329	134.41653	0.158	241.4
2019-10-14T12:49	84.76309	134.41249	0.150	242.6
2019-10-14T12:59	84.76292	134.40862	0.142	243.2
2019-10-14T13:09	84.76275	134.40488	0.137	243.6
2019-10-14T13:19	84.76259	134.40139	0.128	244.0
2019-10-14T13:29	84.76244	134.39806	0.121	244.3
2019-10-14T13:39	84.76231	134.39489	0.114	245.5
2019-10-14T13:49	84.76219	134.39200	0.105	244.6
2019-10-14T13:59	84.76207	134.38926	0.099	245.2
2019-10-14T14:09	84.76197	134.38675	0.091	245.1
2019-10-14T14:19	84.76187	134.38443	0.085	244.6
2019-10-14T14:29	84.76177	134.38240	0.075	242.4
2019-10-14T14:39	84.76168	134.38062	0.067	240.4
2019-10-14T14:49	84.76159	134.37908	0.059	238.5
2019-10-14T14:59	84.76151	134.37782	0.051	234.7
2019-10-14T15:09	84.76143	134.37679	0.044	229.4
2019-10-14T15:19	84.76134	134.37589	0.044	223.3
2019-10-14T15:29	84.76127	134.37546	0.030	207.8
2019-10-14T15:39	84.76120	134.37522	0.025	198.4
2019-10-14T15:49	84.76113	134.37521	0.027	180.8
2019-10-14T15:59	84.76104	134.37548	0.032	164.0
2019-10-14T16:09	84.76095	134.37594	0.034	154.0
2019-10-14T16:19	84.76087	134.37661	0.039	145.3
2019-10-14T16:29	84.76077	134.37749	0.045	139.5
2019-10-14T16:39	84.76068	134.37849	0.047	135.9
2019-10-14T16:49	84.76058	134.37974	0.054	130.6
2019-10-14T16:59	84.76049	134.38118	0.058	125.8
2019-10-14T17:09	84.76038	134.38268	0.062	127.5
2019-10-14T17:19	84.76026	134.38433	0.069	128.2
2019-10-14T17:29	84.76015	134.38621	0.075	123.8
2019-10-14T17:39	84.76002	134.38816	0.079	126.0
2019-10-14T17:49	84.75988	134.39000	0.078	129.4
2019-10-14T17:59	84.75975	134.39201	0.082	125.9
2019-10-14T18:09	84.75960	134.39406	0.084	127.1
2019-10-14T18:19	84.75945	134.39614	0.088	128.7
2019-10-14T18:29	84.75930	134.39821	0.088	129.6
2019-10-14T18:39	84.75914	134.40019	0.086	130.9
2019-10-14T18:49	84.75897	134.40211	0.087	133.6
2019-10-14T18:59	84.75880	134.40394	0.086	135.9
2019-10-14T19:09	84.75863	134.40571	0.085	136.3
2019-10-14T19:19	84.75846	134.40749	0.085	137.0
2019-10-14T19:29	84.75828	134.40914	0.083	138.7
2019-10-14T19:39	84.75811	134.41069	0.082	141.5
2019-10-14T19:49	84.75792	134.41204	0.079	145.9
2019-10-14T19:59	84.75775	134.41324	0.074	147.8
2019-10-14T20:09	84.75758	134.41436	0.072	149.1
2019-10-14T20:19	84.75741	134.41524	0.069	155.0
2019-10-14T20:29	84.75725	134.41593	0.061	158.0
2019-10-14T20:39	84.75709	134.41642	0.060	164.7
2019-10-14T20:49	84.75694	134.41676	0.055	168.3
2019-10-14T20:59	84.75679	134.41686	0.052	176.1
2019-10-14T21:09	84.75665	134.41678	0.050	183.0
2019-10-14T21:19	84.75653	134.41651	0.047	191.0
2019-10-14T21:29	84.75641	134.41605	0.044	200.3
2019-10-14T21:39	84.75630	134.41532	0.046	211.8
2019-10-14T21:49	84.75620	134.41433	0.050	220.8
2019-10-14T21:59	84.75611	134.41318	0.049	230.7
2019-10-14T22:09	84.75604	134.41176	0.054	239.8
2019-10-14T22:19	84.75597	134.41014	0.058	245.8
2019-10-14T22:29	84.75592	134.40833	0.063	251.3
2019-10-14T22:39	84.75588	134.40647	0.063	258.4
2019-10-14T22:49	84.75586	134.40437	0.070	262.7
2019-10-14T22:59	84.75584	134.40215	0.073	266.3
2019-10-14T23:09	84.75585	134.39991	0.074	270.9
2019-10-14T23:19	84.75587	134.39756	0.078	275.2
2019-10-14T23:29	84.75590	134.39511	0.082	279.6
2019-10-14T23:39	84.75596	134.39263	0.084	283.8
2019-10-14T23:49	84.75602	134.39014	0.085	285.1
2019-10-14T23:59	84.75610	134.38764	0.087	289.0
2019-10-15T00:09	84.75619	134.38505	0.092	291.7
2019-10-15T00:19	84.75630	134.38255	0.091	294.9
2019-10-15T00:29	84.75642	134.38001	0.094	296.8
2019-10-15T00:39	84.75655	134.37763	0.091	300.7
2019-10-15T00:49	84.75669	134.37527	0.093	303.6
2019-10-15T00:59	84.75685	134.37297	0.094	306.7
2019-10-15T01:09	84.75701	134.37077	0.094	309.8
2019-10-15T01:19	84.75719	134.36862	0.096	312.1
2019-10-15T01:29	84.75737	134.36666	0.091	315.2
2019-10-15T01:39	84.75756	134.36470	0.094	316.9
2019-10-15T01:49	84.75775	134.36301	0.089	321.1
2019-10-15T01:59	84.75796	134.36141	0.091	324.5
2019-10-15T02:09	84.75817	134.35989	0.090	326.4
2019-10-15T02:19	84.75838	134.35859	0.087	330.6
2019-10-15T02:29	84.75859	134.35743	0.086	333.5
2019-10-15T02:39	84.75880	134.35642	0.082	336.2
2019-10-15T02:49	84.75902	134.35551	0.083	338.8
2019-10-15T02:59	84.75923	134.35483	0.081	344.1
2019-10-15T03:09	84.75944	134.35437	0.075	348.4
2019-10-15T03:19	84.75964	134.35414	0.075	354.3
2019-10-15T03:29	84.75985	134.35403	0.073	357.0
2019-10-15T03:39	84.76005	134.35405	0.075	0.4
2019-10-15T03:49	84.76025	134.35429	0.069	6.5
2019-10-15T03:59	84.76043	134.35467	0.069	10.4
2019-10-15T04:09	84.76062	134.35511	0.068	12.3
2019-10-15T04:19	84.76079	134.35574	0.067	18.3
2019-10-15T04:29	84.76096	134.35647	0.065	21.5
2019-10-15T04:39	84.76111	134.35716	0.060	22.4
2019-10-15T04:49	84.76126	134.35782	0.057	22.6
2019-10-15T04:59	84.76139	134.35860	0.054	28.5
2019-10-15T05:09	84.76151	134.35943	0.050	32.7
2019-10-15T05:19	84.76163	134.36013	0.048	28.5
2019-10-15T05:29	84.76173	134.36070	0.040	27.7
2019-10-15T05:39	84.76181	134.36147	0.039	39.8
2019-10-15T05:49	84.76188	134.36219	0.034	44.1
2019-10-15T05:59	84.76194	134.36289	0.032	45.8
2019-10-15T06:09	84.76199	134.36357	0.029	49.3
2019-10-15T06:19	84.76203	134.36431	0.028	59.5
2019-10-15T06:29	84.76206	134.36487	0.021	60.8
2019-10-15T06:39	84.76208	134.36537	0.018	69.5
2019-10-15T06:49	84.76208	134.36575	0.012	89.3
2019-10-15T06:59	84.76207	134.36595	0.007	107.8
2019-10-15T07:09	84.76207	134.36604	0.004	138.4
2019-10-15T07:19	84.76205	134.36600	0.007	190.7
2019-10-15T07:29	84.76201	134.36572	0.015	215.8
2019-10-15T07:39	84.76197	134.36526	0.021	227.3
2019-10-15T07:49	84.76193	134.36449	0.030	237.8
2019-10-15T07:59	84.76188	134.36356	0.034	243.0
2019-10-15T08:09	84.76184	134.36251	0.038	245.1
2019-10-15T08:19	84.76179	134.36118	0.048	246.5
2019-10-15T08:29	84.76173	134.35960	0.055	249.6
2019-10-15T08:39	84.76168	134.35780	0.062	252.8
2019-10-15T08:49	84.76163	134.35578	0.069	254.2
2019-10-15T08:59	84.76158	134.35360	0.074	256.1
2019-10-15T09:09	84.76153	134.35111	0.084	256.8
2019-10-15T09:19	84.76148	134.34862	0.084	258.7
2019-10-15T09:29	84.76144	134.34586	0.092	261.1
2019-10-15T09:39	84.76140	134.34283	0.101	260.7
2019-10-15T09:49	84.76136	134.33964	0.106	262.7
2019-10-15T09:59	84.76132	134.33616	0.115	263.9
2019-10-15T10:09	84.76130	134.33258	0.118	264.9
2019-10-15T10:19	84.76128	134.32891	0.121	267.7
2019-10-15T10:29	84.76128	134.32504	0.127	269.3
2019-10-15T10:39	84.76128	134.32103	0.132	270.2
2019-10-15T10:49	84.76129	134.31692	0.135	272.0
2019-10-15T10:59	84.76132	134.31268	0.140	273.6
2019-10-15T11:09	84.76136	134.30837	0.142	275.8
2019-10-15T11:19	84.76140	134.30390	0.148	276.2
2019-10-15T11:29	84.76146	134.29942	0.149	278.1
2019-10-15T11:39	84.76153	134.29481	0.153	279.2
2019-10-15T11:49	84.76160	134.29034	0.149	280.0
2019-10-15T11:59	84.76169	134.28578	0.153	282.5
2019-10-15T12:09	84.76179	134.28124	0.154	283.9
2019-10-15T12:19	84.76191	134.27664	0.156	284.9
2019-10-15T12:29	84.76202	134.27209	0.156	285.9
2019-10-15T12:39	84.76216	134.26777	0.150	288.9
2019-10-15T12:49	84.76229	134.26335	0.153	288.1
2019-10-15T12:59	84.76244	134.25910	0.150	290.8
2019-10-15T13:09	84.76259	134.25491	0.148	291.3
2019-10-15T13:19	84.76274	134.25084	0.145	292.9
2019-10-15T13:29	84.76291	134.24697	0.140	295.1
2019-10-15T13:39	84.76308	134.24321	0.138	296.2
2019-10-15T13:49	84.76325	134.23959	0.134	297.4
2019-10-15T13:59	84.76342	134.23610	0.130	298.4
2019-10-15T14:09	84.76360	134.23268	0.129	299.6
2019-10-15T14:19	84.76377	134.22967	0.117	302.2
2019-10-15T14:29	84.76395	134.22670	0.117	303.6
2019-10-15T14:39	84.76413	134.22388	0.112	304.4
2019-10-15T14:49	84.76430	134.22125	0.107	306.4
2019-10-15T14:59	84.76448	134.21872	0.103	306.6
2019-10-15T15:09	84.76465	134.21635	0.100	308.5
2019-10-15T15:19	84.76480	134.21422	0.088	307.4
2019-10-15T15:29	84.76494	134.21229	0.083	310.0
2019-10-15T15:39	84.76508	134.21051	0.076	310.0
2019-10-15T15:49	84.76522	134.20884	0.073	311.7
2019-10-15T15:59	84.76534	134.20727	0.067	309.9
2019-10-15T16:09	84.76545	134.20586	0.063	312.6
2019-10-15T16:19	84.76555	134.20456	0.056	310.3
2019-10-15T16:29	84.76565	134.20330	0.053	309.0
2019-10-15T16:39	84.76574	134.20195	0.055	305.6
2019-10-15T16:49	84.76582	134.20067	0.052	306.3
2019-10-15T16:59	84.76590	134.19937	0.052	304.8
2019-10-15T17:09	84.76598	134.19787	0.056	297.7
2019-10-15T17:19	84.76603	134.19624	0.057	289.6
2019-10-15T17:29	84.76603	134.19472	0.050	272.3
2019-10-15T17:39	84.76603	134.19318	0.051	268.4
2019-10-15T17:49	84.76600	134.19127	0.064	259.3
2019-10-15T17:59	84.76594	134.18921	0.071	252.6
2019-10-15T18:09	84.76586	134.18712	0.074	248.6
2019-10-15T18:19	84.76578	134.18483	0.081	247.6
2019-10-15T18:29	84.76571	134.18176	0.103	257.0
2019-10-15T18:39	84.76567	134.17836	0.113	261.4
2019-10-15T18:49	84.76559	134.17446	0.131	257.3
2019-10-15T18:59	84.76550	134.17059	0.131	256.1
2019-10-15T19:09	84.76538	134.16635	0.146	253.3
2019-10-15T19:19	84.76521	134.16206	0.154	245.8
2019-10-15T19:29	84.76504	134.15766	0.157	247.3
2019-10-15T19:39	84.76484	134.15306	0.168	244.2
2019-10-15T19:49	84.76461	134.14842	0.172	242.2
2019-10-15T19:59	84.76444	134.14352	0.172	249.2
2019-10-15T20:09	84.76435	134.13857	0.166	258.5
2019-10-15T20:19	84.76425	134.13370	0.164	257.1
2019-10-15T20:29	84.76420	134.12786	0.193	264.7
2019-10-15T20:39	84.76413	134.12184	0.199	262.6
2019-10-15T20:49	84.76403	134.11533	0.217	260.7
2019-10-15T20:59	84.76390	134.10877	0.221	257.3
2019-10-15T21:09	84.76375	134.10162	0.241	257.1
2019-10-15T21:19	84.76361	134.09387	0.260	258.8
2019-10-15T21:29	84.76351	134.08592	0.263	262.6
2019-10-15T21:39	84.76343	134.07712	0.291	264.2
2019-10-15T21:49	84.76330	134.06800	0.303	260.8
2019-10-15T21:59	84.76317	134.05886	0.304	261.2
2019-10-15T22:09	84.76307	134.04910	0.323	263.6
2019-10-15T22:19	84.76296	134.03904	0.333	263.2
2019-10-15T22:29	84.76286	134.02898	0.332	263.9
2019-10-15T22:39	84.76280	134.01873	0.338	266.3
2019-10-15T22:49	84.76274	134.00867	0.331	266.2
2019-10-15T22:59	84.76266	133.99864	0.331	265.3
2019-10-15T23:09	84.76263	133.98853	0.332	268.2
2019-10-15T23:19	84.76260	133.97847	0.331	268.0
2019-10-15T23:29	84.76260	133.96810	0.341	270.1
2019-10-15T23:39	84.76261	133.95800	0.332	270.8
2019-10-15T23:49	84.76264	133.94801	0.328	271.9
2019-10-15T23:59	84.76269	133.93808	0.327	272.7
2019-10-16T00:09	84.76272	133.92845	0.317	272.3
2019-10-16T00:19	84.76278	133.91913	0.307	274.1
2019-10-16T00:29	84.76286	133.90974	0.310	274.9
2019-10-16T00:39	84.76295	133.90032	0.311	276.4
2019-10-16T00:49	84.76308	133.89092	0.312	278.4
2019-10-16T00:59	84.76322	133.88174	0.306	279.5
2019-10-16T01:09	84.76336	133.87263	0.303	279.3
2019-10-16T01:19	84.76348	133.86389	0.291	278.8
2019-10-16T01:29	84.76362	133.85554	0.279	280.6
2019-10-16T01:39	84.76377	133.84716	0.281	281.3
2019-10-16T01:49	84.76391	133.83934	0.262	281.0
2019-10-16T01:59	84.76405	133.83181	0.253	281.6
2019-10-16T02:09	84.76420	133.82444	0.248	282.3
2019-10-16T02:19	84.76436	133.81712	0.247	283.6
2019-10-16T02:29	84.76453	133.81010	0.239	284.8
2019-10-16T02:39	84.76469	133.80338	0.229	284.8
2019-10-16T02:49	84.76485	133.79709	0.214	284.9
2019-10-16T02:59	84.76498	133.79118	0.200	284.2
2019-10-16T03:09	84.76512	133.78546	0.194	284.5
2019-10-16T03:19	84.76525	133.78006	0.184	285.1
2019-10-16T03:29	84.76537	133.77488	0.176	284.3
2019-10-16T03:39	84.76545	133.76989	0.167	280.4
2019-10-16T03:49	84.76553	133.76506	0.161	279.7
2019-10-16T03:59	84.76559	133.76033	0.157	278.1
2019-10-16T04:09	84.76564	133.75573	0.152	276.8
2019-10-16T04:19	84.76568	133.75136	0.144	276.2
2019-10-16T04:29	84.76572	133.74716	0.139	275.5
2019-10-16T04:39	84.76575	133.74305	0.135	274.8
2019-10-16T04:49	84.76576	133.73924	0.125	271.6
2019-10-16T04:59	84.76574	133.73552	0.123	265.8
2019-10-16T05:09	84.76569	133.73182	0.123	262.6
2019-10-16T05:19	84.76563	133.72830	0.117	259.2
2019-10-16T05:29	84.76555	133.72466	0.123	255.8
2019-10-16T05:39	84.76545	133.72098	0.126	253.3
2019-10-16T05:49	84.76532	133.71724	0.130	250.2
2019-10-16T05:59	84.76519	133.71341	0.135	248.6
2019-10-16T06:09	84.76504	133.70950	0.138	248.3
2019-10-16T06:19	84.76489	133.70547	0.144	246.5
2019-10-16T06:29	84.76472	133.70158	0.141	244.8
2019-10-16T06:39	84.76460	133.69746	0.142	252.2
2019-10-16T06:49	84.76448	133.69316	0.147	253.9
2019-10-16T06:59	84.76433	133.68869	0.157	249.6
2019-10-16T07:09	84.76414	133.68432	0.159	244.6
2019-10-16T07:19	84.76394	133.67998	0.160	242.8
2019-10-16T07:29	84.76371	133.67550	0.168	240.9
2019-10-16T07:39	84.76346	133.67080	0.178	240.2
2019-10-16T07:49	84.76322	133.66583	0.186	241.1
2019-10-16T07:59	84.76298	133.66066	0.190	243.3
2019-10-16T08:09	84.76274	133.65528	0.197	244.1
2019-10-16T08:19	84.76250	133.64970	0.202	244.9
2019-10-16T08:29	84.76226	133.64394	0.208	245.9
2019-10-16T08:39	84.76204	133.63803	0.211	247.1
2019-10-16T08:49	84.76182	133.63196	0.214	248.6
2019-10-16T08:59	84.76161	133.62563	0.221	250.2
2019-10-16T09:09	84.76143	133.61909	0.225	252.9
2019-10-16T09:19	84.76124	133.61217	0.237	253.6
2019-10-16T09:29	84.76106	133.60543	0.231	253.8
2019-10-16T09:39	84.76088	133.59842	0.240	253.9
2019-10-16T09:49	84.76071	133.59111	0.248	255.7
2019-10-16T09:59	84.76055	133.58360	0.253	256.9
2019-10-16T10:09	84.76041	133.57593	0.257	258.4
2019-10-16T10:19	84.76027	133.56813	0.261	259.2
2019-10-16T10:29	84.76015	133.56037	0.259	260.6
2019-10-16T10:39	84.76005	133.55251	0.261	261.5
2019-10-16T10:49	84.75995	133.54468	0.260	262.4
2019-10-16T10:59	84.75987	133.53686	0.259	263.6
2019-10-16T11:09	84.75981	133.52889	0.263	265.6
2019-10-16T11:19	84.75978	133.52082	0.266	267.4
2019-10-16T11:29	84.75976	133.51275	0.265	268.3
2019-10-16T11:39	84.75975	133.50475	0.263	269.5
2019-10-16T11:49	84.75976	133.49671	0.264	270.8
2019-10-16T11:59	84.75979	133.48857	0.268	272.1
2019-10-16T12:09	84.75982	133.48058	0.263	272.6
2019-10-16T12:19	84.75987	133.47240	0.270	273.8
2019-10-16T12:29	84.75993	133.46433	0.266	274.5
2019-10-16T12:39	84.75999	133.45644	0.260	274.9
2019-10-16T12:49	84.76005	133.44871	0.255	275.0
2019-10-16T12:59	84.76013	133.44104	0.254	276.3
2019-10-16T13:09	84.76023	133.43340	0.254	278.4
2019-10-16T13:19	84.76036	133.42605	0.245	280.2
2019-10-16T13:29	84.76049	133.41887	0.241	281.6
2019-10-16T13:39	84.76063	133.41184	0.237	282.6
2019-10-16T13:49	84.76078	133.40499	0.232	283.5
2019-10-16T13:59	84.76094	133.39831	0.227	284.0
2019-10-16T14:09	84.76109	133.39179	0.221	284.3
2019-10-16T14:19	84.76125	133.38554	0.214	285.8
2019-10-16T14:29	84.76142	133.37948	0.208	286.9
2019-10-16T14:39	84.76159	133.37368	0.201	288.0
2019-10-16T14:49	84.76176	133.36806	0.194	288.0
2019-10-16T14:59	84.76193	133.36264	0.189	289.3
2019-10-16T15:09	84.76210	133.35742	0.182	289.3
2019-10-16T15:19	84.76224	133.35250	0.170	288.3
2019-10-16T15:29	84.76238	133.34779	0.162	287.2
2019-10-16T15:39	84.76250	133.34330	0.154	287.1
2019-10-16T15:49	84.76263	133.33898	0.149	287.4
2019-10-16T15:59	84.76274	133.33484	0.142	286.5
2019-10-16T16:09	84.76286	133.33067	0.144	287.4
2019-10-16T16:19	84.76300	133.32670	0.140	291.4
2019-10-16T16:29	84.76312	133.32295	0.130	289.1
2019-10-16T16:39	84.76318	133.31988	0.103	283.2
2019-10-16T16:49	84.76328	133.31669	0.111	289.3
2019-10-16T16:59	84.76332	133.31354	0.104	277.0
2019-10-16T17:09	84.76333	133.31054	0.099	273.0
2019-10-16T17:19	84.76333	133.30767	0.094	268.4
2019-10-16T17:29	84.76332	133.30469	0.098	267.4
2019-10-16T17:39	84.76330	133.30188	0.093	267.2
2019-10-16T17:49	84.76327	133.29893	0.098	262.9
2019-10-16T17:59	84.76320	133.29613	0.095	254.9
2019-10-16T18:09	84.76312	133.29354	0.090	251.0
2019-10-16T18:19	84.76306	133.29086	0.090	256.7
2019-10-16T18:29	84.76300	133.28823	0.090	254.7
2019-10-16T18:39	84.76288	133.28572	0.093	242.6
2019-10-16T18:49	84.76272	133.28319	0.099	236.5
2019-10-16T18:59	84.76256	133.28069	0.102	233.7
2019-10-16T19:09	84.76237	133.27808	0.108	232.3
2019-10-16T19:19	84.76218	133.27539	0.113	231.7
2019-10-16T19:29	84.76198	133.27261	0.116	232.1
2019-10-16T19:39	84.76178	133.26975	0.119	232.1
2019-10-16T19:49	84.76155	133.26658	0.132	232.2
2019-10-16T19:59	84.76133	133.26324	0.136	233.6
2019-10-16T20:09	84.76109	133.25970	0.144	234.2
2019-10-16T20:19	84.76086	133.25592	0.149	236.3
2019-10-16T20:29	84.76064	133.25210	0.149	237.3
2019-10-16T20:39	84.76042	133.24804	0.155	239.3
2019-10-16T20:49	84.76021	133.24373	0.162	241.4
2019-10-16T20:59	84.76000	133.23930	0.163	243.0
2019-10-16T21:09	84.75979	133.23459	0.173	243.7
2019-10-16T21:19	84.75959	133.22981	0.173	245.3
2019-10-16T21:29	84.75939	133.22483	0.179	246.4
2019-10-16T21:39	84.75920	133.21960	0.185	248.3
2019-10-16T21:49	84.75902	133.21407	0.193	250.9
2019-10-16T21:59	84.75885	133.20828	0.201	251.7
2019-10-16T22:09	84.75866	133.20226	0.209	251.6
2019-10-16T22:19	84.75849	133.19598	0.216	253.1
2019-10-16T22:29	84.75832	133.18940	0.225	254.0
2019-10-16T22:39	84.75815	133.18260	0.232	254.9
2019-10-16T22:49	84.75799	133.17562	0.236	256.4
2019-10-16T22:59	84.75785	133.16823	0.249	257.8
2019-10-16T23:09	84.75770	133.16056	0.258	258.0
2019-10-16T23:19	84.75757	133.15269	0.263	259.8
2019-10-16T23:29	84.75745	133.14476	0.265	260.2
2019-10-16T23:39	84.75733	133.13688	0.263	260.5
2019-10-16T23:49	84.75722	133.12905	0.261	261.3
2019-10-16T23:59	84.75712	133.12121	0.260	262.2
2019-10-17T00:09	84.75704	133.11348	0.256	263.3
2019-10-17T00:19	84.75696	133.10567	0.258	264.0
2019-10-17T00:29	84.75689	133.09800	0.254	264.0
2019-10-17T00:39	84.75682	133.09056	0.246	264.6
2019-10-17T00:49	84.75677	133.08334	0.238	265.4
2019-10-17T00:59	84.75672	133.07615	0.237	266.1
2019-10-17T01:09	84.75668	133.06932	0.226	265.8
2019-10-17T01:19	84.75664	133.06260	0.222	266.3
2019-10-17T01:29	84.75660	133.05615	0.213	266.5
2019-10-17T01:39	84.75656	133.04999	0.203	266.2
2019-10-17T01:49	84.75654	133.04401	0.197	267.4
2019-10-17T01:59	84.75652	133.03817	0.192	267.9
2019-10-17T02:09	84.75650	133.03218	0.197	268.2
2019-10-17T02:19	84.75650	133.02650	0.187	269.9
2019-10-17T02:29	84.75652	133.02096	0.182	271.8
2019-10-17T02:39	84.75651	133.01571	0.173	269.4
2019-10-17T02:49	84.75653	133.01036	0.176	271.7
2019-10-17T02:59	84.75654	133.00547	0.161	271.8
2019-10-17T03:09	84.75656	133.00077	0.155	272.8
2019-10-17T03:19	84.75658	132.99634	0.146	273.0
2019-10-17T03:29	84.75661	132.99201	0.143	273.5
2019-10-17T03:39	84.75665	132.98792	0.136	277.4
2019-10-17T03:49	84.75671	132.98415	0.126	279.6
2019-10-17T03:59	84.75676	132.98073	0.114	278.5
2019-10-17T04:09	84.75681	132.97772	0.100	279.5
2019-10-17T04:19	84.75685	132.97507	0.089	280.4
2019-10-17T04:29	84.75689	132.97267	0.080	280.5
2019-10-17T04:39	84.75692	132.97061	0.069	279.9
2019-10-17T04:49	84.75695	132.96915	0.049	279.9
2019-10-17T04:59	84.75695	132.96810	0.035	274.3
2019-10-17T05:09	84.75697	132.96707	0.034	282.0
2019-10-17T05:19	84.75699	132.96644	0.021	282.3
2019-10-17T05:29	84.75698	132.96613	0.010	267.0
2019-10-17T05:39	84.75697	132.96578	0.012	250.1
2019-10-17T05:49	84.75696	132.96555	0.009	233.4
2019-10-17T05:59	84.75693	132.96537	0.013	208.3
2019-10-17T06:09	84.75688	132.96528	0.016	191.2
2019-10-17T06:19	84.75683	132.96534	0.019	174.0
2019-10-17T06:29	84.75676	132.96549	0.025	168.2
2019-10-17T06:39	84.75669	132.96565	0.027	169.1
2019-10-17T06:49	84.75660	132.96589	0.033	165.8
2019-10-17T06:59	84.75651	132.96613	0.035	167.1
2019-10-17T07:09	84.75638	132.96623	0.047	176.2
2019-10-17T07:19	84.75624	132.96629	0.050	177.5
2019-10-17T07:29	84.75608	132.96623	0.054	182.1
2019-10-17T07:39	84.75593	132.96616	0.055	182.7
2019-10-17T07:49	84.75577	132.96614	0.059	180.6
2019-10-17T07:59	84.75559	132.96582	0.067	189.0
2019-10-17T08:09	84.75540	132.96536	0.068	192.6
2019-10-17T08:19	84.75522	132.96485	0.068	194.4
2019-10-17T08:29	84.75503	132.96402	0.073	202.2
2019-10-17T08:39	84.75484	132.96310	0.076	203.4
2019-10-17T08:49	84.75465	132.96214	0.077	204.5
2019-10-17T08:59	84.75444	132.96119	0.081	202.6
2019-10-17T09:09	84.75423	132.96011	0.083	205.3
2019-10-17T09:19	84.75404	132.95911	0.076	205.7
2019-10-17T09:29	84.75385	132.95762	0.083	216.0
2019-10-17T09:39	84.75368	132.95606	0.080	219.8
2019-10-17T09:49	84.75350	132.95437	0.087	220.1
2019-10-17T09:59	84.75331	132.95269	0.087	219.4
2019-10-17T10:09	84.75313	132.95092	0.086	222.8
2019-10-17T10:19	84.75296	132.94901	0.089	224.7
2019-10-17T10:29	84.75280	132.94700	0.088	228.6
2019-10-17T10:39	84.75264	132.94467	0.096	233.1
2019-10-17T10:49	84.75249	132.94234	0.094	234.8
2019-10-17T10:59	84.75234	132.94002	0.092	235.8
2019-10-17T11:09	84.75221	132.93771	0.089	238.4
2019-10-17T11:19	84.75210	132.93553	0.083	240.0
2019-10-17T11:29	84.75200	132.93348	0.076	242.2
2019-10-17T11:39	84.75192	132.93147	0.072	246.4
2019-10-17T11:49	84.75185	132.92946	0.071	249.6
2019-10-17T11:59	84.75179	132.92744	0.070	253.3
2019-10-17T12:09	84.75175	132.92550	0.066	256.0
2019-10-17T12:19	84.75171	132.92367	0.062	257.7
2019-10-17T12:29	84.75168	132.92186	0.060	260.1
2019-10-17T12:39	84.75166	132.92033	0.051	260.9
2019-10-17T12:49	84.75165	132.91888	0.048	264.9
2019-10-17T12:59	84.75166	132.91753	0.045	273.9
2019-10-17T13:09	84.75167	132.91633	0.040	277.4
2019-10-17T13:19	84.75170	132.91534	0.034	285.0
2019-10-17T13:29	84.75173	132.91454	0.029	295.7
2019-10-17T13:39	84.75177	132.91395	0.025	307.9
2019-10-17T13:49	84.75184	132.91352	0.027	327.9
2019-10-17T13:59	84.75190	132.91332	0.025	345.4
2019-10-17T14:09	84.75198	132.91335	0.027	2.0
2019-10-17T14:19	84.75207	132.91362	0.033	15.2
2019-10-17T14:29	84.75218	132.91414	0.042	24.0
2019-10-17T14:39	84.75230	132.91488	0.050	29.0
2019-10-17T14:49	84.75243	132.91573	0.056	30.3
2019-10-17T14:59	84.75259	132.91696	0.070	35.4
2019-10-17T15:09	84.75272	132.91831	0.065	43.0
2019-10-17T15:19	84.75286	132.92002	0.076	48.0
2019-10-17T15:29	84.75301	132.92194	0.081	50.8
2019-10-17T15:39	84.75313	132.92387	0.078	54.8
2019-10-17T15:49	84.75326	132.92609	0.086	58.1
2019-10-17T15:59	84.75339	132.92858	0.095	59.8
2019-10-17T16:09	84.75353	132.93132	0.104	60.7
2019-10-17T16:19	84.75368	132.93433	0.113	60.9
2019-10-17T16:29	84.75384	132.93748	0.117	62.2
2019-10-17T16:39	84.75399	132.94089	0.125	63.5
2019-10-17T16:49	84.75414	132.94441	0.128	65.1
2019-10-17T16:59	84.75428	132.94796	0.127	67.0
2019-10-17T17:09	84.75442	132.95178	0.137	67.1
2019-10-17T17:19	84.75458	132.95568	0.140	67.1
2019-10-17T17:29	84.75472	132.95980	0.145	68.8
2019-10-17T17:39	84.75487	132.96405	0.149	69.7
2019-10-17T17:49	84.75501	132.96838	0.152	69.8
2019-10-17T17:59	84.75516	132.97282	0.155	70.3
2019-10-17T18:09	84.75529	132.97731	0.156	71.5
2019-10-17T18:19	84.75542	132.98138	0.142	71.3
2019-10-17T18:29	84.75554	132.98546	0.140	72.7
2019-10-17T18:39	84.75567	132.98955	0.143	71.0
2019-10-17T18:49	84.75578	132.99353	0.138	72.0
2019-10-17T18:59	84.75592	132.99760	0.142	70.1
2019-10-17T19:09	84.75604	133.00170	0.142	71.6
2019-10-17T19:19	84.75616	133.00551	0.132	71.9
2019-10-17T19:29	84.75628	133.00923	0.130	70.5
2019-10-17T19:39	84.75639	133.01275	0.123	70.4
2019-10-17T19:49	84.75650	133.01604	0.116	69.6
2019-10-17T19:59	84.75662	133.01919	0.112	67.9
2019-10-17T20:09	84.75674	133.02217	0.107	66.0
2019-10-17T20:19	84.75687	133.02488	0.100	62.6
2019-10-17T20:29	84.75701	133.02751	0.100	60.2
2019-10-17T20:39	84.75715	133.02992	0.095	57.0
2019-10-17T20:49	84.75731	133.03225	0.096	52.8
2019-10-17T20:59	84.75747	133.03418	0.086	47.7
2019-10-17T21:09	84.75764	133.03602	0.087	44.3
2019-10-17T21:19	84.75783	133.03744	0.082	34.6
2019-10-17T21:29	84.75804	133.03887	0.087	32.7
2019-10-17T21:39	84.75826	133.04009	0.089	26.8
2019-10-17T21:49	84.75850	133.04111	0.092	21.4
2019-10-17T21:59	84.75876	133.04191	0.098	15.6
2019-10-17T22:09	84.75904	133.04266	0.105	13.6
2019-10-17T22:19	84.75934	133.04339	0.110	12.6
2019-10-17T22:29	84.75967	133.04362	0.117	3.7
2019-10-17T22:39	84.76003	133.04357	0.131	359.3
2019-10-17T22:49	84.76041	133.04330	0.138	356.2
2019-10-17T22:59	84.76082	133.04287	0.148	354.5
2019-10-17T23:09	84.76126	133.04241	0.159	354.5
2019-10-17T23:19	84.76172	133.04196	0.167	355.0
2019-10-17T23:29	84.76222	133.04141	0.179	354.2
2019-10-17T23:39	84.76274	133.04088	0.189	354.8
2019-10-17T23:49	84.76329	133.04036	0.197	354.9
2019-10-17T23:59	84.76385	133.03974	0.205	354.3
2019-10-18T00:09	84.76444	133.03918	0.212	355.1
2019-10-18T00:19	84.76507	133.03870	0.225	356.0
2019-10-18T00:29	84.76569	133.03857	0.226	358.9
2019-10-18T00:39	84.76631	133.03875	0.221	1.6
2019-10-18T00:49	84.76696	133.03878	0.237	0.2
2019-10-18T00:59	84.76763	133.03882	0.240	0.3
2019-10-18T01:09	84.76832	133.03897	0.248	1.1
2019-10-18T01:19	84.76904	133.03930	0.258	2.4
2019-10-18T01:29	84.76976	133.03973	0.262	3.1
2019-10-18T01:39	84.77049	133.04030	0.264	4.1
2019-10-18T01:49	84.77126	133.04101	0.278	4.8
2019-10-18T01:59	84.77204	133.04185	0.280	5.7
2019-10-18T02:09	84.77284	133.04271	0.289	5.6
2019-10-18T02:19	84.77364	133.04375	0.292	6.7
2019-10-18T02:29	84.77445	133.04493	0.295	7.6
2019-10-18T02:39	84.77526	133.04598	0.292	6.7
2019-10-18T02:49	84.77605	133.04714	0.287	7.6
2019-10-18T02:59	84.77684	133.04864	0.290	9.7
2019-10-18T03:09	84.77765	133.05027	0.296	10.4
2019-10-18T03:19	84.77845	133.05214	0.293	12.1
2019-10-18T03:29	84.77925	133.05424	0.296	13.5
2019-10-18T03:39	84.78004	133.05653	0.294	14.7
2019-10-18T03:49	84.78083	133.05895	0.294	15.6
2019-10-18T03:59	84.78162	133.06171	0.298	17.6
2019-10-18T04:09	84.78242	133.06445	0.302	17.3
2019-10-18T04:19	84.78322	133.06720	0.303	17.3
2019-10-18T04:29	84.78403	133.07007	0.306	17.9
2019-10-18T04:39	84.78483	133.07312	0.307	19.0
2019-10-18T04:49	84.78563	133.07624	0.304	19.6
2019-10-18T04:59	84.78643	133.07934	0.307	19.3
2019-10-18T05:09	84.78722	133.08241	0.301	19.5
2019-10-18T05:19	84.78801	133.08556	0.304	19.8
2019-10-18T05:29	84.78879	133.08884	0.298	21.1
2019-10-18T05:39	84.78954	133.09240	0.297	23.1
2019-10-18T05:49	84.79029	133.09610	0.296	24.2
2019-10-18T05:59	84.79103	133.09984	0.293	24.6
2019-10-18T06:09	84.79176	133.10359	0.288	25.2
2019-10-18T06:19	84.79246	133.10735	0.282	25.9
2019-10-18T06:29	84.79318	133.11072	0.282	23.1
2019-10-18T06:39	84.79389	133.11385	0.273	21.9
2019-10-18T06:49	84.79457	133.11660	0.262	20.1
2019-10-18T06:59	84.79525	133.11919	0.260	19.0
2019-10-18T07:09	84.79593	133.12197	0.260	20.4
2019-10-18T07:19	84.79659	133.12468	0.253	20.5
2019-10-18T07:29	84.79723	133.12708	0.244	18.7
2019-10-18T07:39	84.79787	133.12930	0.241	17.5
2019-10-18T07:49	84.79851	133.13183	0.246	19.6
2019-10-18T07:59	84.79915	133.13413	0.242	18.1
2019-10-18T08:09	84.79979	133.13618	0.238	16.3
2019-10-18T08:19	84.80043	133.13796	0.240	14.0
2019-10-18T08:29	84.80109	133.13963	0.243	12.9
2019-10-18T08:39	84.80176	133.14096	0.244	10.2
2019-10-18T08:49	84.80245	133.14182	0.249	6.5
2019-10-18T08:59	84.80315	133.14273	0.254	6.7
2019-10-18T09:09	84.80384	133.14357	0.252	6.2
2019-10-18T09:19	84.80454	133.14435	0.252	5.9
2019-10-18T09:29	84.80524	133.14475	0.255	2.9
2019-10-18T09:39	84.80596	133.14484	0.259	0.6
2019-10-18T09:49	84.80669	133.14477	0.263	359.5
2019-10-18T09:59	84.80744	133.14470	0.269	359.5
2019-10-18T10:09	84.80819	133.14433	0.271	357.4
2019-10-18T10:19	84.80897	133.14404	0.280	358.1
2019-10-18T10:29	84.80975	133.14338	0.283	355.7
2019-10-18T10:39	84.81057	133.14270	0.294	355.6
2019-10-18T10:49	84.81141	133.14187	0.306	355.0
2019-10-18T10:59	84.81229	133.14098	0.318	354.7
2019-10-18T11:09	84.81320	133.13958	0.330	352.1
2019-10-18T11:19	84.81413	133.13843	0.337	353.6
2019-10-18T11:29	84.81509	133.13691	0.347	351.9
2019-10-18T11:39	84.81606	133.13553	0.353	352.7
2019-10-18T11:49	84.81705	133.13430	0.358	353.6
2019-10-18T11:59	84.81806	133.13321	0.366	354.4
2019-10-18T12:09	84.81910	133.13201	0.375	354.0
2019-10-18T12:19	84.82016	133.13103	0.384	355.3
2019-10-18T12:29	84.82122	133.12991	0.386	354.6
2019-10-18T12:39	84.82231	133.12901	0.393	355.7
2019-10-18T12:49	84.82339	133.12819	0.388	356.1
2019-10-18T12:59	84.82450	133.12730	0.399	355.8
2019-10-18T13:09	84.82562	133.12653	0.405	356.5
2019-10-18T13:19	84.82674	133.12589	0.404	357.0
2019-10-18T13:29	84.82787	133.12550	0.408	358.2
2019-10-18T13:39	84.82902	133.12525	0.412	358.9
2019-10-18T13:49	84.83017	133.12504	0.416	359.1
2019-10-18T13:59	84.83136	133.12493	0.428	359.5
2019-10-18T14:09	84.83258	133.12519	0.438	1.1
2019-10-18T14:19	84.83382	133.12580	0.448	2.5
2019-10-18T14:29	84.83508	133.12649	0.454	2.8
2019-10-18T14:39	84.83635	133.12729	0.458	3.2
2019-10-18T14:49	84.83764	133.12809	0.465	3.2
2019-10-18T14:59	84.83893	133.12917	0.466	4.3
2019-10-18T15:09	84.84022	133.13021	0.465	4.2
2019-10-18T15:19	84.84151	133.13120	0.467	3.9
2019-10-18T15:29	84.84279	133.13259	0.463	5.6
2019-10-18T15:39	84.84405	133.13401	0.456	5.8
2019-10-18T15:49	84.84529	133.13588	0.451	7.7
2019-10-18T15:59	84.84652	133.13865	0.453	11.4
2019-10-18T16:09	84.84775	133.14085	0.447	9.2
2019-10-18T16:19	84.84896	133.14379	0.445	12.3
2019-10-18T16:29	84.85014	133.14728	0.441	14.8
2019-10-18T16:39	84.85130	133.15090	0.434	15.7
2019-10-18T16:49	84.85245	133.15426	0.428	14.7
2019-10-18T16:59	84.85358	133.15794	0.424	16.3
2019-10-18T17:09	84.85470	133.16129	0.417	15.0
2019-10-18T17:19	84.85579	133.16478	0.408	16.0
2019-10-18T17:29	84.85686	133.16833	0.403	16.5
2019-10-18T17:39	84.85792	133.17169	0.396	15.9
2019-10-18T17:49	84.85896	133.17510	0.391	16.3
2019-10-18T17:59	84.85997	133.17833	0.377	16.1
2019-10-18T18:09	84.86094	133.18193	0.368	18.4
2019-10-18T18:19	84.86190	133.18629	0.373	22.1
2019-10-18T18:29	84.86283	133.19060	0.364	22.4
2019-10-18T18:39	84.86375	133.19484	0.358	22.5
2019-10-18T18:49	84.86465	133.19871	0.348	21.0
2019-10-18T18:59	84.86554	133.20241	0.342	20.4
2019-10-18T19:09	84.86642	133.20596	0.337	19.8
2019-10-18T19:19	84.86730	133.20884	0.329	16.4
2019-10-18T19:29	84.86816	133.21166	0.325	16.2
2019-10-18T19:39	84.86901	133.21465	0.321	17.4
2019-10-18T19:49	84.86986	133.21804	0.323	19.7
2019-10-18T19:59	84.87067	133.22079	0.304	17.0
2019-10-18T20:09	84.87151	133.22331	0.312	15.0
2019-10-18T20:19	84.87234	133.22572	0.308	14.6
2019-10-18T20:29	84.87317	133.22804	0.311	13.9
2019-10-18T20:39	84.87401	133.23034	0.309	13.8
2019-10-18T20:49	84.87486	133.23242	0.315	12.3
2019-10-18T20:59	84.87568	133.23398	0.299	9.7
2019-10-18T21:09	84.87653	133.23542	0.307	8.7
2019-10-18T21:19	84.87739	133.23659	0.313	6.9
2019-10-18T21:29	84.87827	133.23712	0.317	3.1
2019-10-18T21:39	84.87916	133.23738	0.323	1.5
2019-10-18T21:49	84.88007	133.23730	0.326	359.6
2019-10-18T21:59	84.88100	133.23720	0.335	359.5
2019-10-18T22:09	84.88192	133.23685	0.333	358.1
2019-10-18T22:19	84.88288	133.23631	0.346	357.1
2019-10-18T22:29	84.88385	133.23547	0.349	355.6
2019-10-18T22:39	84.88483	133.23429	0.353	353.8
2019-10-18T22:49	84.88583	133.23333	0.362	355.1
2019-10-18T22:59	84.88684	133.23204	0.368	353.6
2019-10-18T23:09	84.88786	133.23072	0.368	353.4
2019-10-18T23:19	84.88889	133.22925	0.373	352.7
2019-10-18T23:29	84.88993	133.22768	0.379	352.3
2019-10-18T23:39	84.89099	133.22580	0.387	351.0
2019-10-18T23:49	84.89207	133.22341	0.395	348.8
2019-10-18T23:59	84.89314	133.22116	0.393	349.4
2019-10-19T00:09	84.89422	133.21894	0.397	349.6
2019-10-19T00:19	84.89531	133.21673	0.397	349.7
2019-10-19T00:29	84.89639	133.21410	0.398	347.8
2019-10-19T00:39	84.89746	133.21129	0.397	346.9
2019-10-19T00:49	84.89851	133.20826	0.390	345.6
2019-10-19T00:59	84.89959	133.20585	0.397	348.8
2019-10-19T01:09	84.90067	133.20316	0.398	347.5
2019-10-19T01:19	84.90175	133.20050	0.398	347.6
2019-10-19T01:29	84.90273	133.19843	0.360	349.4
2019-10-19T01:39	84.90380	133.19636	0.388	350.2
2019-10-19T01:49	84.90485	133.19449	0.386	351.1
2019-10-19T01:59	84.90586	133.19380	0.363	356.5
2019-10-19T02:09	84.90687	133.19340	0.364	358.0
2019-10-19T02:19	84.90786	133.19289	0.358	357.4
2019-10-19T02:29	84.90883	133.19222	0.347	356.4
2019-10-19T02:39	84.90983	133.19292	0.361	3.6
2019-10-19T02:49	84.91081	133.19289	0.354	359.8
2019-10-19T02:59	84.91179	133.19251	0.352	358.0
2019-10-19T03:09	84.91273	133.19202	0.340	357.4
2019-10-19T03:19	84.91360	133.19206	0.312	0.2
2019-10-19T03:29	84.91440	133.19288	0.288	5.2
2019-10-19T03:39	84.91517	133.19265	0.278	358.5
2019-10-19T03:49	84.91589	133.19273	0.259	0.5
2019-10-19T03:59	84.91661	133.19279	0.260	0.5
2019-10-19T04:09	84.91728	133.19274	0.242	359.6
2019-10-19T04:19	84.91792	133.19308	0.231	2.7
2019-10-19T04:29	84.91853	133.19312	0.219	0.4
2019-10-19T04:39	84.91914	133.19360	0.221	4.0
2019-10-19T04:49	84.91975	133.19319	0.218	356.6
2019-10-19T04:59	84.92030	133.19261	0.202	354.7
2019-10-19T05:09	84.92084	133.19255	0.193	359.5
2019-10-19T05:19	84.92135	133.19239	0.186	358.4
2019-10-19T05:29	84.92185	133.19193	0.178	355.3
2019-10-19T05:39	84.92231	133.19119	0.170	352.0
2019-10-19T05:49	84.92275	133.19057	0.158	352.9
2019-10-19T05:59	84.92317	133.18981	0.154	350.9
2019-10-19T06:09	84.92357	133.18901	0.145	349.9
2019-10-19T06:19	84.92395	133.18800	0.141	346.8
2019-10-19T06:29	84.92430	133.18676	0.132	342.7
2019-10-19T06:39	84.92464	133.18537	0.131	340.2
2019-10-19T06:49	84.92496	133.18407	0.122	340.2
2019-10-19T06:59	84.92530	133.18287	0.126	342.4
2019-10-19T07:09	84.92562	133.18147	0.126	339.2
2019-10-19T07:19	84.92594	133.17988	0.125	336.0
2019-10-19T07:29	84.92626	133.17820	0.127	335.2
2019-10-19T07:39	84.92658	133.17626	0.132	332.1
2019-10-19T07:49	84.92690	133.17439	0.127	332.1
2019-10-19T07:59	84.92723	133.17253	0.133	333.7
2019-10-19T08:09	84.92755	133.17028	0.137	328.4
2019-10-19T08:19	84.92788	133.16794	0.140	327.8
2019-10-19T08:29	84.92821	133.16556	0.142	327.7
2019-10-19T08:39	84.92855	133.16297	0.147	325.9
2019-10-19T08:49	84.92890	133.16021	0.154	325.3
2019-10-19T08:59	84.92926	133.15721	0.160	323.5
2019-10-19T09:09	84.92963	133.15418	0.164	324.0
2019-10-19T09:19	84.93000	133.15094	0.170	322.6
2019-10-19T09:29	84.93039	133.14756	0.175	322.2
2019-10-19T09:39	84.93080	133.14406	0.184	322.8
2019-10-19T09:49	84.93122	133.14048	0.190	323.2
2019-10-19T09:59	84.93165	133.13667	0.197	322.0
2019-10-19T10:09	84.93209	133.13282	0.202	322.5
2019-10-19T10:19	84.93255	133.12881	0.209	322.4
2019-10-19T10:29	84.93302	133.12466	0.215	322.1
2019-10-19T10:39	84.93351	133.12029	0.224	321.6
2019-10-19T10:49	84.93401	133.11589	0.228	322.1
2019-10-19T10:59	84.93453	133.11146	0.234	323.0
2019-10-19T11:09	84.93507	133.10696	0.240	323.5
2019-10-19T11:19	84.93562	133.10240	0.247	324.1
2019-10-19T11:29	84.93619	133.09772	0.253	324.1
2019-10-19T11:39	84.93678	133.09295	0.259	324.2
2019-10-19T11:49	84.93737	133.08813	0.262	324.3
2019-10-19T11:59	84.93798	133.08313	0.271	324.0
2019-10-19T12:09	84.93860	133.07799	0.277	324.0
2019-10-19T12:19	84.93923	133.07303	0.275	325.1
2019-10-19T12:29	84.93986	133.06805	0.279	325.3
2019-10-19T12:39	84.94050	133.06312	0.278	325.8
2019-10-19T12:49	84.94115	133.05833	0.279	327.0
2019-10-19T12:59	84.94181	133.05369	0.279	328.2
2019-10-19T13:09	84.94247	133.04924	0.277	329.3
2019-10-19T13:19	84.94314	133.04484	0.278	329.8
2019-10-19T13:29	84.94380	133.04052	0.275	330.2
2019-10-19T13:39	84.94447	133.03638	0.273	331.3
2019-10-19T13:49	84.94514	133.03235	0.273	332.0
2019-10-19T13:59	84.94580	133.02857	0.266	333.3
2019-10-19T14:09	84.94645	133.02488	0.264	333.6
2019-10-19T14:19	84.94711	133.02138	0.260	334.7
2019-10-19T14:29	84.94775	133.01802	0.254	335.2
2019-10-19T14:39	84.94838	133.01473	0.252	335.6
2019-10-19T14:49	84.94901	133.01159	0.246	336.2
2019-10-19T14:59	84.94963	133.00858	0.243	336.8
2019-10-19T15:09	84.95023	133.00589	0.232	338.5
2019-10-19T15:19	84.95082	133.00338	0.227	339.5
2019-10-19T15:29	84.95140	133.00101	0.220	340.1
2019-10-19T15:39	84.95195	132.99868	0.213	339.7
2019-10-19T15:49	84.95249	132.99658	0.206	341.2
2019-10-19T15:59	84.95301	132.99433	0.201	339.2
2019-10-19T16:09	84.95352	132.99236	0.192	341.0
2019-10-19T16:19	84.95400	132.99051	0.184	341.5
2019-10-19T16:29	84.95446	132.98874	0.172	341.0
2019-10-19T16:39	84.95489	132.98704	0.164	340.9
2019-10-19T16:49	84.95527	132.98532	0.148	338.4
2019-10-19T16:59	84.95563	132.98370	0.141	338.6
2019-10-19T17:09	84.95598	132.98218	0.134	339.0
2019-10-19T17:19	84.95632	132.98063	0.131	337.9
2019-10-19T17:29	84.95663	132.97915	0.122	337.5
2019-10-19T17:39	84.95692	132.97727	0.120	330.2
2019-10-19T17:49	84.95718	132.97494	0.120	321.9
2019-10-19T17:59	84.95741	132.97277	0.108	320.4
2019-10-19T18:09	84.95766	132.97088	0.107	326.0
2019-10-19T18:19	84.95789	132.96901	0.102	324.4
2019-10-19T18:29	84.95811	132.96696	0.102	320.5
2019-10-19T18:39	84.95831	132.96468	0.102	315.0
2019-10-19T18:49	84.95848	132.96242	0.094	310.9
2019-10-19T18:59	84.95866	132.95973	0.107	307.5
2019-10-19T19:09	84.95882	132.95735	0.095	307.2
2019-10-19T19:19	84.95898	132.95489	0.096	306.0
2019-10-19T19:29	84.95913	132.95209	0.104	301.9
2019-10-19T19:39	84.95925	132.94911	0.105	295.7
2019-10-19T19:49	84.95939	132.94602	0.110	296.9
2019-10-19T19:59	84.95952	132.94281	0.111	294.3
2019-10-19T20:09	84.95966	132.93941	0.119	295.1
2019-10-19T20:19	84.95980	132.93591	0.121	293.9
2019-10-19T20:29	84.95992	132.93185	0.136	289.3
2019-10-19T20:39	84.96003	132.92756	0.142	286.8
2019-10-19T20:49	84.96017	132.92351	0.137	291.1
2019-10-19T20:59	84.96030	132.91931	0.141	289.3
2019-10-19T21:09	84.96044	132.91500	0.145	289.9
2019-10-19T21:19	84.96058	132.91062	0.147	289.7
2019-10-19T21:29	84.96072	132.90640	0.143	291.2
2019-10-19T21:39	84.96086	132.90204	0.147	289.7
2019-10-19T21:49	84.96100	132.89743	0.154	289.1
2019-10-19T21:59	84.96115	132.89286	0.154	290.4
2019-10-19T22:09	84.96131	132.88824	0.158	292.5
2019-10-19T22:19	84.96151	132.88363	0.162	295.7
2019-10-19T22:29	84.96172	132.87895	0.167	297.1
2019-10-19T22:39	84.96195	132.87426	0.170	299.0
2019-10-19T22:49	84.96219	132.86959	0.172	300.8
2019-10-19T22:59	84.96246	132.86489	0.176	302.7
2019-10-19T23:09	84.96274	132.86022	0.180	304.8
2019-10-19T23:19	84.96305	132.85545	0.187	306.3
2019-10-19T23:29	84.96338	132.85070	0.191	308.0
2019-10-19T23:39	84.96371	132.84597	0.192	309.0
2019-10-19T23:49	84.96406	132.84126	0.195	310.1
2019-10-19T23:59	84.96443	132.83661	0.198	311.9
2019-10-20T00:09	84.96480	132.83200	0.199	312.9
2019-10-20T00:19	84.96519	132.82741	0.202	314.0
2019-10-20T00:29	84.96560	132.82292	0.203	315.7
2019-10-20T00:39	84.96601	132.81847	0.205	316.8
2019-10-20T00:49	84.96644	132.81419	0.206	318.9
2019-10-20T00:59	84.96688	132.81004	0.205	320.3
2019-10-20T01:09	84.96733	132.80603	0.205	321.7
2019-10-20T01:19	84.96778	132.80218	0.205	323.6
2019-10-20T01:29	84.96825	132.79837	0.206	324.3
2019-10-20T01:39	84.96871	132.79483	0.201	326.2
2019-10-20T01:49	84.96919	132.79139	0.203	327.6
2019-10-20T01:59	84.96967	132.78800	0.205	328.6
2019-10-20T02:09	84.97017	132.78477	0.205	330.1
2019-10-20T02:19	84.97066	132.78173	0.202	331.6
2019-10-20T02:29	84.97116	132.77871	0.205	332.3
2019-10-20T02:39	84.97167	132.77604	0.200	335.1
2019-10-20T02:49	84.97217	132.77339	0.200	335.4
2019-10-20T02:59	84.97268	132.77096	0.197	337.2
2019-10-20T03:09	84.97318	132.76868	0.196	338.4
2019-10-20T03:19	84.97369	132.76645	0.196	338.9
2019-10-20T03:29	84.97419	132.76433	0.192	339.6
2019-10-20T03:39	84.97468	132.76237	0.187	340.8
2019-10-20T03:49	84.97517	132.76053	0.185	341.7
2019-10-20T03:59	84.97565	132.75884	0.181	342.9
2019-10-20T04:09	84.97612	132.75726	0.175	343.4
2019-10-20T04:19	84.97657	132.75589	0.169	345.3
2019-10-20T04:29	84.97701	132.75463	0.163	345.9
2019-10-20T04:39	84.97745	132.75331	0.164	345.3
2019-10-20T04:49	84.97787	132.75199	0.157	344.7
2019-10-20T04:59	84.97829	132.75101	0.152	348.3
2019-10-20T05:09	84.97869	132.75003	0.147	347.8
2019-10-20T05:19	84.97907	132.74910	0.143	348.2
2019-10-20T05:29	84.97945	132.74814	0.139	347.4
2019-10-20T05:39	84.97982	132.74729	0.134	348.5
2019-10-20T05:49	84.98017	132.74646	0.130	348.4
2019-10-20T05:59	84.98052	132.74560	0.127	347.7
2019-10-20T06:09	84.98085	132.74473	0.125	347.4
2019-10-20T06:19	84.98119	132.74384	0.125	347.0
2019-10-20T06:29	84.98152	132.74290	0.120	345.7
2019-10-20T06:39	84.98184	132.74194	0.119	345.4
2019-10-20T06:49	84.98216	132.74095	0.119	344.8
2019-10-20T06:59	84.98247	132.73995	0.117	344.5
2019-10-20T07:09	84.98279	132.73885	0.119	342.9
2019-10-20T07:19	84.98309	132.73765	0.115	340.8
2019-10-20T07:29	84.98340	132.73642	0.118	340.9
2019-10-20T07:39	84.98370	132.73510	0.117	339.1
2019-10-20T07:49	84.98400	132.73368	0.116	337.5
2019-10-20T07:59	84.98431	132.73222	0.122	337.8
2019-10-20T08:09	84.98461	132.73063	0.118	334.9
2019-10-20T08:19	84.98491	132.72895	0.122	334.3
2019-10-20T08:29	84.98522	132.72710	0.125	332.1
2019-10-20T08:39	84.98554	132.72522	0.129	332.7
2019-10-20T08:49	84.98585	132.72320	0.130	330.6
2019-10-20T08:59	84.98617	132.72103	0.134	329.5
2019-10-20T09:09	84.98650	132.71878	0.138	329.2
2019-10-20T09:19	84.98684	132.71653	0.141	329.7
2019-10-20T09:29	84.98719	132.71418	0.147	329.9
2019-10-20T09:39	84.98756	132.71183	0.152	330.8
2019-10-20T09:49	84.98794	132.70938	0.158	330.8
2019-10-20T09:59	84.98834	132.70699	0.162	332.3
2019-10-20T10:09	84.98875	132.70455	0.166	332.4
2019-10-20T10:19	84.98919	132.70209	0.176	333.9
2019-10-20T10:29	84.98963	132.69959	0.178	333.9
2019-10-20T10:39	84.99009	132.69703	0.185	334.1
2019-10-20T10:49	84.99057	132.69445	0.190	334.8
2019-10-20T10:59	84.99106	132.69188	0.193	335.2
2019-10-20T11:09	84.99156	132.68930	0.199	336.0
2019-10-20T11:19	84.99209	132.68676	0.206	337.1
2019-10-20T11:29	84.99262	132.68429	0.206	338.0
2019-10-20T11:39	84.99317	132.68186	0.214	339.0
2019-10-20T11:49	84.99375	132.67943	0.221	339.8
2019-10-20T11:59	84.99434	132.67696	0.228	340.0
2019-10-20T12:09	84.99495	132.67465	0.232	341.8
2019-10-20T12:19	84.99558	132.67249	0.236	343.2
2019-10-20T12:29	84.99623	132.67043	0.242	344.5
2019-10-20T12:39	84.99688	132.66840	0.244	344.9
2019-10-20T12:49	84.99755	132.66659	0.248	346.8
2019-10-20T12:59	84.99825	132.66494	0.255	348.3
2019-10-20T13:09	84.99895	132.66332	0.258	348.6
2019-10-20T13:19	84.99967	132.66195	0.262	350.5
2019-10-20T13:29	85.00040	132.66074	0.267	351.8
2019-10-20T13:39	85.00115	132.65966	0.272	352.9
2019-10-20T13:49	85.00191	132.65862	0.275	353.2
2019-10-20T13:59	85.00269	132.65798	0.282	355.9
2019-10-20T14:09	85.00347	132.65751	0.283	357.1
2019-10-20T14:19	85.00427	132.65735	0.288	359.0
2019-10-20T14:29	85.00509	132.65733	0.293	359.9
2019-10-20T14:39	85.00590	132.65771	0.295	2.3
2019-10-20T14:49	85.00673	132.65830	0.299	3.6
2019-10-20T14:59	85.00756	132.65904	0.300	4.5
2019-10-20T15:09	85.00840	132.66017	0.302	6.7
2019-10-20T15:19	85.00923	132.66159	0.303	8.4
2019-10-20T15:29	85.01007	132.66339	0.306	10.6
2019-10-20T15:39	85.01089	132.66539	0.304	11.9
2019-10-20T15:49	85.01172	132.66747	0.305	12.3
2019-10-20T15:59	85.01255	132.66995	0.309	14.6
2019-10-20T16:09	85.01338	132.67354	0.321	20.4
2019-10-20T16:19	85.01422	132.67750	0.325	22.4
2019-10-20T16:29	85.01505	132.68092	0.319	19.6
2019-10-20T16:39	85.01591	132.68548	0.341	24.7
2019-10-20T16:49	85.01675	132.69016	0.335	25.9
2019-10-20T16:59	85.01757	132.69443	0.322	24.5
2019-10-20T17:09	85.01837	132.69906	0.324	26.5
2019-10-20T17:19	85.01920	132.70430	0.339	28.9
2019-10-20T17:29	85.02000	132.70971	0.336	30.2
2019-10-20T17:39	85.02081	132.71524	0.336	30.9
2019-10-20T17:49	85.02158	132.72040	0.323	30.0
2019-10-20T17:59	85.02235	132.72583	0.324	31.6
2019-10-20T18:09	85.02312	132.73151	0.329	32.7
2019-10-20T18:19	85.02387	132.73723	0.325	33.3
2019-10-20T18:29	85.02462	132.74300	0.324	33.8
2019-10-20T18:39	85.02534	132.74864	0.314	34.1
2019-10-20T18:49	85.02604	132.75418	0.306	34.4
2019-10-20T18:59	85.02672	132.75956	0.297	34.4
2019-10-20T19:09	85.02738	132.76476	0.288	34.3
2019-10-20T19:19	85.02802	132.76986	0.279	34.8
2019-10-20T19:29	85.02863	132.77474	0.267	34.8
2019-10-20T19:39	85.02920	132.77949	0.253	35.8
2019-10-20T19:49	85.02971	132.78394	0.230	37.1
2019-10-20T19:59	85.03020	132.78813	0.220	36.5
2019-10-20T20:09	85.03068	132.79193	0.212	34.0
2019-10-20T20:19	85.03116	132.79538	0.203	32.1
2019-10-20T20:29	85.03166	132.79850	0.204	28.5
2019-10-20T20:39	85.03216	132.80117	0.199	24.7
2019-10-20T20:49	85.03264	132.80333	0.186	21.2
2019-10-20T20:59	85.03310	132.80502	0.173	17.8
2019-10-20T21:09	85.03357	132.80610	0.172	11.3
2019-10-20T21:19	85.03405	132.80671	0.175	6.2
2019-10-20T21:29	85.03456	132.80681	0.184	1.0
2019-10-20T21:39	85.03510	132.80650	0.194	357.2
2019-10-20T21:49	85.03567	132.80574	0.207	353.5
2019-10-20T21:59	85.03627	132.80459	0.217	350.5
2019-10-20T22:09	85.03689	132.80310	0.228	348.3
2019-10-20T22:19	85.03753	132.80136	0.238	346.9
2019-10-20T22:29	85.03819	132.79929	0.245	344.7
2019-10-20T22:39	85.03886	132.79685	0.254	342.6
2019-10-20T22:49	85.03962	132.79455	0.284	345.4
2019-10-20T22:59	85.04049	132.79254	0.316	348.6
2019-10-20T23:09	85.04146	132.79058	0.356	350.1
2019-10-20T23:19	85.04249	132.78845	0.378	349.9
2019-10-20T23:29	85.04354	132.78618	0.385	349.5
2019-10-20T23:39	85.04462	132.78378	0.395	349.1
2019-10-20T23:49	85.04571	132.78123	0.401	348.6
2019-10-20T23:59	85.04684	132.77865	0.413	348.8
2019-10-21T00:09	85.04799	132.77612	0.420	349.2
2019-10-21T00:19	85.04916	132.77350	0.431	349.1
2019-10-21T00:29	85.05032	132.77100	0.426	349.5
2019-10-21T00:39	85.05154	132.76826	0.445	349.0
2019-10-21T00:49	85.05278	132.76562	0.454	349.6
2019-10-21T00:59	85.05402	132.76307	0.456	350.0
2019-10-21T01:09	85.05528	132.76069	0.460	350.8
2019-10-21T01:19	85.05657	132.75832	0.469	351.0
2019-10-21T01:29	85.05792	132.75601	0.492	351.6
2019-10-21T01:39	85.05923	132.75381	0.475	351.8
2019-10-21T01:49	85.06056	132.75188	0.483	352.9
2019-10-21T01:59	85.06189	132.75011	0.481	353.4
2019-10-21T02:09	85.06321	132.74861	0.478	354.4
2019-10-21T02:19	85.06453	132.74709	0.480	354.4
2019-10-21T02:29	85.06586	132.74582	0.480	355.3
2019-10-21T02:39	85.06718	132.74469	0.476	355.8
2019-10-21T02:49	85.06849	132.74348	0.474	355.5
2019-10-21T02:59	85.06980	132.74262	0.473	356.8
2019-10-21T03:09	85.07111	132.74187	0.472	357.2
2019-10-21T03:19	85.07242	132.74106	0.473	357.0
2019-10-21T03:29	85.07372	132.74049	0.469	357.9
2019-10-21T03:39	85.07502	132.73981	0.466	357.4
2019-10-21T03:49	85.07630	132.73937	0.463	358.3
2019-10-21T03:59	85.07757	132.73883	0.458	357.9
2019-10-21T04:09	85.07883	132.73834	0.452	358.1
2019-10-21T04:19	85.08007	132.73776	0.449	357.7
2019-10-21T04:29	85.08131	132.73714	0.445	357.5
2019-10-21T04:39	85.08253	132.73648	0.439	357.3
2019-10-21T04:49	85.08372	132.73581	0.431	357.3
2019-10-21T04:59	85.08490	132.73506	0.424	356.9
2019-10-21T05:09	85.08604	132.73417	0.411	356.2
2019-10-21T05:19	85.08713	132.73305	0.395	355.0
2019-10-21T05:29	85.08817	132.73184	0.374	354.3
2019-10-21T05:39	85.08916	132.73058	0.361	353.8
2019-10-21T05:49	85.09013	132.72918	0.348	352.9
2019-10-21T05:59	85.09105	132.72766	0.336	352.0
2019-10-21T06:09	85.09194	132.72598	0.324	350.8
2019-10-21T06:19	85.09280	132.72416	0.316	349.8
2019-10-21T06:29	85.09363	132.72225	0.304	348.9
2019-10-21T06:39	85.09444	132.72001	0.300	346.7
2019-10-21T06:49	85.09526	132.71745	0.304	344.9
2019-10-21T06:59	85.09604	132.71479	0.294	343.8
2019-10-21T07:09	85.09682	132.71168	0.296	341.1
2019-10-21T07:19	85.09759	132.70834	0.295	339.7
2019-10-21T07:29	85.09836	132.70465	0.301	337.8
2019-10-21T07:39	85.09914	132.70066	0.305	336.3
2019-10-21T07:49	85.09991	132.69630	0.309	334.2
2019-10-21T07:59	85.10068	132.69167	0.313	332.9
2019-10-21T08:09	85.10146	132.68680	0.318	331.9
2019-10-21T08:19	85.10224	132.68159	0.322	330.2
2019-10-21T08:29	85.10301	132.67616	0.324	329.0
2019-10-21T08:39	85.10379	132.67038	0.333	327.7
2019-10-21T08:49	85.10459	132.66438	0.341	327.3
2019-10-21T08:59	85.10538	132.65807	0.345	325.8
2019-10-21T09:09	85.10621	132.65154	0.358	326.0
2019-10-21T09:19	85.10707	132.64472	0.376	326.2
2019-10-21T09:29	85.10794	132.63763	0.380	325.1
2019-10-21T09:39	85.10882	132.63031	0.387	324.5
2019-10-21T09:49	85.10974	132.62276	0.405	325.1
2019-10-21T09:59	85.11068	132.61511	0.413	325.3
2019-10-21T10:09	85.11164	132.60727	0.421	325.2
2019-10-21T10:19	85.11263	132.59928	0.431	325.4
2019-10-21T10:29	85.11363	132.59107	0.439	325.0
2019-10-21T10:39	85.11463	132.58259	0.446	324.4
2019-10-21T10:49	85.11567	132.57403	0.456	324.9
2019-10-21T10:59	85.11675	132.56549	0.470	326.1
2019-10-21T11:09	85.11788	132.55708	0.481	327.6
2019-10-21T11:19	85.11899	132.54836	0.480	326.2
2019-10-21T11:29	85.12011	132.53964	0.486	326.6
2019-10-21T11:39	85.12126	132.53085	0.493	326.9
2019-10-21T11:49	85.12243	132.52213	0.500	327.7
2019-10-21T11:59	85.12362	132.51328	0.505	327.6
2019-10-21T12:09	85.12481	132.50456	0.505	328.1
2019-10-21T12:19	85.12602	132.49584	0.510	328.5
2019-10-21T12:29	85.12723	132.48716	0.510	328.7
2019-10-21T12:39	85.12844	132.47841	0.513	328.6
2019-10-21T12:49	85.12968	132.46984	0.517	329.6
2019-10-21T12:59	85.13094	132.46138	0.521	330.2
2019-10-21T13:09	85.13219	132.45296	0.519	330.3
2019-10-21T13:19	85.13345	132.44460	0.520	330.6
2019-10-21T13:29	85.13471	132.43642	0.518	331.2
2019-10-21T13:39	85.13597	132.42830	0.518	331.4
2019-10-21T13:49	85.13723	132.42025	0.517	331.6
2019-10-21T13:59	85.13850	132.41235	0.516	332.1
2019-10-21T14:09	85.13976	132.40461	0.511	332.5
2019-10-21T14:19	85.14101	132.39693	0.510	332.7
2019-10-21T14:29	85.14227	132.38932	0.507	332.8
2019-10-21T14:39	85.14351	132.38177	0.502	332.7
2019-10-21T14:49	85.14474	132.37432	0.500	333.0
2019-10-21T14:59	85.14597	132.36696	0.494	333.0
2019-10-21T15:09	85.14717	132.35975	0.487	333.2
2019-10-21T15:19	85.14837	132.35267	0.482	333.4
2019-10-21T15:29	85.14955	132.34570	0.477	333.5
2019-10-21T15:39	85.15072	132.33869	0.470	333.0
2019-10-21T15:49	85.15187	132.33180	0.464	333.1
2019-10-21T15:59	85.15300	132.32491	0.458	332.8
2019-10-21T16:09	85.15411	132.31817	0.449	332.9
2019-10-21T16:19	85.15519	132.31142	0.442	332.3
2019-10-21T16:29	85.15627	132.30475	0.436	332.3
2019-10-21T16:39	85.15732	132.29804	0.432	331.8
2019-10-21T16:49	85.15836	132.29134	0.426	331.5
2019-10-21T16:59	85.15938	132.28462	0.419	330.9
2019-10-21T17:09	85.16039	132.27795	0.415	330.7
2019-10-21T17:19	85.16137	132.27122	0.410	330.1
2019-10-21T17:29	85.16234	132.26450	0.405	329.7
2019-10-21T17:39	85.16330	132.25771	0.401	329.0
2019-10-21T17:49	85.16423	132.25082	0.395	328.0
2019-10-21T17:59	85.16515	132.24397	0.390	327.8
2019-10-21T18:09	85.16605	132.23709	0.388	327.4
2019-10-21T18:19	85.16694	132.23016	0.384	326.8
2019-10-21T18:29	85.16783	132.22318	0.382	326.3
2019-10-21T18:39	85.16870	132.21617	0.380	326.0
2019-10-21T18:49	85.16957	132.20909	0.380	325.6
2019-10-21T18:59	85.17043	132.20188	0.379	324.8
2019-10-21T19:09	85.17128	132.19448	0.380	323.8
2019-10-21T19:19	85.17213	132.18697	0.381	323.4
2019-10-21T19:29	85.17298	132.17926	0.385	322.7
2019-10-21T19:39	85.17385	132.17143	0.390	322.6
2019-10-21T19:49	85.17471	132.16341	0.395	322.1
2019-10-21T19:59	85.17557	132.15530	0.396	321.7
2019-10-21T20:09	85.17645	132.14687	0.406	321.1
2019-10-21T20:19	85.17733	132.13832	0.408	320.7
2019-10-21T20:29	85.17822	132.12956	0.417	320.4
2019-10-21T20:39	85.17913	132.12067	0.423	320.5
2019-10-21T20:49	85.18006	132.11154	0.435	320.6
2019-10-21T20:59	85.18100	132.10227	0.440	320.4
2019-10-21T21:09	85.18197	132.09279	0.450	320.4
2019-10-21T21:19	85.18294	132.08326	0.453	320.6
2019-10-21T21:29	85.18393	132.07355	0.463	320.6
2019-10-21T21:39	85.18494	132.06366	0.470	320.5
2019-10-21T21:49	85.18596	132.05358	0.477	320.3
2019-10-21T21:59	85.18699	132.04345	0.482	320.6
2019-10-21T22:09	85.18804	132.03318	0.489	320.6
2019-10-21T22:19	85.18909	132.02275	0.492	320.2
2019-10-21T22:29	85.19018	132.01223	0.504	320.9
2019-10-21T22:39	85.19132	132.00168	0.520	322.2
2019-10-21T22:49	85.19247	131.99104	0.523	322.2
2019-10-21T22:59	85.19367	131.98042	0.537	323.4
2019-10-21T23:09	85.19488	131.96981	0.541	323.7
2019-10-21T23:19	85.19610	131.95914	0.547	324.0
2019-10-21T23:29	85.19735	131.94857	0.550	324.6
2019-10-21T23:39	85.19859	131.93814	0.545	324.8
2019-10-21T23:49	85.19987	131.92750	0.562	325.2
2019-10-21T23:59	85.20113	131.91707	0.553	325.4
2019-10-22T00:09	85.20239	131.90682	0.547	325.6
2019-10-22T00:19	85.20369	131.89632	0.567	326.1
2019-10-22T00:29	85.20498	131.88606	0.557	326.4
2019-10-22T00:39	85.20627	131.87579	0.559	326.4
2019-10-22T00:49	85.20758	131.86572	0.559	327.2
2019-10-22T00:59	85.20889	131.85579	0.559	327.7
2019-10-22T01:09	85.21022	131.84588	0.563	328.0
2019-10-22T01:19	85.21155	131.83600	0.562	328.1
2019-10-22T01:29	85.21292	131.82609	0.578	329.0
2019-10-22T01:39	85.21431	131.81635	0.578	329.6
2019-10-22T01:49	85.21568	131.80672	0.572	329.6
2019-10-22T01:59	85.21705	131.79728	0.571	330.2
2019-10-22T02:09	85.21842	131.78795	0.567	330.4
2019-10-22T02:19	85.21979	131.77865	0.566	330.5
2019-10-22T02:29	85.22116	131.76945	0.565	330.8
2019-10-22T02:39	85.22254	131.76039	0.565	331.3
2019-10-22T02:49	85.22391	131.75148	0.560	331.5
2019-10-22T02:59	85.22526	131.74265	0.555	331.5
2019-10-22T03:09	85.22660	131.73402	0.547	331.8
2019-10-22T03:19	85.22791	131.72555	0.535	331.7
2019-10-22T03:29	85.22923	131.71693	0.540	331.5
2019-10-22T03:39	85.23053	131.70852	0.535	331.9
2019-10-22T03:49	85.23182	131.70021	0.526	331.8
2019-10-22T03:59	85.23309	131.69194	0.519	331.5
2019-10-22T04:09	85.23432	131.68368	0.507	330.9
2019-10-22T04:19	85.23554	131.67541	0.504	330.6
2019-10-22T04:29	85.23674	131.66723	0.498	330.6
2019-10-22T04:39	85.23793	131.65906	0.493	330.3
2019-10-22T04:49	85.23911	131.65080	0.490	329.8
2019-10-22T04:59	85.24025	131.64243	0.481	328.6
2019-10-22T05:09	85.24139	131.63399	0.483	328.5
2019-10-22T05:19	85.24250	131.62555	0.472	327.7
2019-10-22T05:29	85.24361	131.61693	0.474	327.1
2019-10-22T05:39	85.24469	131.60817	0.470	326.2
2019-10-22T05:49	85.24575	131.59925	0.466	325.1
2019-10-22T05:59	85.24680	131.59025	0.462	324.5
2019-10-22T06:09	85.24782	131.58116	0.458	323.7
2019-10-22T06:19	85.24882	131.57191	0.454	322.6
2019-10-22T06:29	85.24980	131.56253	0.450	321.6
2019-10-22T06:39	85.25076	131.55302	0.446	320.5
2019-10-22T06:49	85.25169	131.54328	0.445	319.3
2019-10-22T06:59	85.25262	131.53341	0.444	318.6
2019-10-22T07:09	85.25352	131.52331	0.443	317.2
2019-10-22T07:19	85.25441	131.51310	0.443	316.6
2019-10-22T07:29	85.25530	131.50277	0.443	316.1
2019-10-22T07:39	85.25616	131.49211	0.444	314.3
2019-10-22T07:49	85.25701	131.48157	0.439	314.4
2019-10-22T07:59	85.25785	131.47088	0.438	313.5
2019-10-22T08:09	85.25867	131.46006	0.437	312.6
2019-10-22T08:19	85.25948	131.44906	0.437	311.5
2019-10-22T08:29	85.26028	131.43805	0.436	311.4
2019-10-22T08:39	85.26107	131.42701	0.434	310.8
2019-10-22T08:49	85.26185	131.41572	0.439	310.1
2019-10-22T08:59	85.26262	131.40447	0.435	309.7
2019-10-22T09:09	85.26340	131.39319	0.436	309.7
2019-10-22T09:19	85.26416	131.38174	0.437	308.8
2019-10-22T09:29	85.26492	131.37023	0.438	308.6
2019-10-22T09:39	85.26567	131.35851	0.440	307.8
2019-10-22T09:49	85.26642	131.34690	0.438	308.1
2019-10-22T09:59	85.26716	131.33508	0.441	307.2
2019-10-22T10:09	85.26791	131.32316	0.445	307.3
2019-10-22T10:19	85.26865	131.31111	0.447	306.8
2019-10-22T10:29	85.26938	131.29888	0.449	306.0
2019-10-22T10:39	85.27010	131.28643	0.450	304.9
2019-10-22T10:49	85.27083	131.27404	0.451	305.4
2019-10-22T10:59	85.27155	131.26159	0.453	305.4
2019-10-22T11:09	85.27228	131.24919	0.452	305.4
2019-10-22T11:19	85.27301	131.23671	0.454	305.4
2019-10-22T11:29	85.27375	131.22430	0.454	305.8
2019-10-22T11:39	85.27448	131.21190	0.453	305.7
2019-10-22T11:49	85.27522	131.19942	0.455	305.7
2019-10-22T11:59	85.27595	131.18697	0.454	305.6
2019-10-22T12:09	85.27670	131.17448	0.457	305.9
2019-10-22T12:19	85.27742	131.16208	0.450	305.2
2019-10-22T12:29	85.27816	131.14972	0.454	306.2
2019-10-22T12:39	85.27888	131.13749	0.445	305.6
2019-10-22T12:49	85.27962	131.12517	0.451	305.9
2019-10-22T12:59	85.28036	131.11314	0.446	306.9
2019-10-22T13:09	85.28108	131.10107	0.441	305.9
2019-10-22T13:19	85.28179	131.08903	0.440	305.8
2019-10-22T13:29	85.28247	131.07703	0.431	304.5
2019-10-22T13:39	85.28319	131.06501	0.439	305.9
2019-10-22T13:49	85.28390	131.05300	0.438	305.7
2019-10-22T13:59	85.28462	131.04107	0.438	306.3
2019-10-22T14:09	85.28533	131.02944	0.430	306.8
2019-10-22T14:19	85.28608	131.01795	0.435	308.6
2019-10-22T14:29	85.28682	131.00653	0.430	308.3
2019-10-22T14:39	85.28756	130.99540	0.422	308.7
2019-10-22T14:49	85.28829	130.98462	0.415	309.8
2019-10-22T14:59	85.28906	130.97360	0.428	310.4
2019-10-22T15:09	85.28981	130.96292	0.415	310.5
2019-10-22T15:19	85.29051	130.95258	0.395	309.4
2019-10-22T15:29	85.29121	130.94232	0.395	309.8
2019-10-22T15:39	85.29195	130.93182	0.410	310.8
2019-10-22T15:49	85.29269	130.92139	0.406	310.6
2019-10-22T15:59	85.29341	130.91095	0.403	310.0
2019-10-22T16:09	85.29407	130.90068	0.386	308.1
2019-10-22T16:19	85.29475	130.89047	0.388	309.0
2019-10-22T16:29	85.29543	130.88033	0.388	309.5
2019-10-22T16:39	85.29615	130.87045	0.390	311.7
2019-10-22T16:49	85.29685	130.86057	0.384	310.6
2019-10-22T16:59	85.29755	130.85104	0.378	311.8
2019-10-22T17:09	85.29819	130.84169	0.361	310.1
2019-10-22T17:19	85.29890	130.83243	0.374	313.0
2019-10-22T17:29	85.29958	130.82353	0.358	312.8
2019-10-22T17:39	85.30024	130.81456	0.356	312.0
2019-10-22T17:49	85.30087	130.80607	0.337	312.1
2019-10-22T17:59	85.30150	130.79747	0.342	312.2
2019-10-22T18:09	85.30216	130.78860	0.354	312.3
2019-10-22T18:19	85.30281	130.77986	0.346	311.9
2019-10-22T18:29	85.30340	130.77127	0.332	310.3
2019-10-22T18:39	85.30401	130.76229	0.344	309.6
2019-10-22T18:49	85.30463	130.75343	0.342	310.3
2019-10-22T18:59	85.30523	130.74472	0.335	310.0
2019-10-22T19:09	85.30576	130.73627	0.315	307.7
2019-10-22T19:19	85.30627	130.72785	0.309	306.7
2019-10-22T19:29	85.30678	130.71936	0.309	305.9
2019-10-22T19:39	85.30727	130.71095	0.305	305.6
2019-10-22T19:49	85.30776	130.70216	0.314	304.4
2019-10-22T19:59	85.30827	130.69303	0.325	304.2
2019-10-22T20:09	85.30878	130.68378	0.329	304.2
2019-10-22T20:19	85.30930	130.67441	0.332	303.9
2019-10-22T20:29	85.30978	130.66540	0.318	303.5
2019-10-22T20:39	85.31027	130.65638	0.318	303.5
2019-10-22T20:49	85.31076	130.64695	0.329	302.6
2019-10-22T20:59	85.31124	130.63755	0.325	301.7
2019-10-22T21:09	85.31171	130.62821	0.323	301.6
2019-10-22T21:19	85.31218	130.61878	0.326	301.6
2019-10-22T21:29	85.31266	130.60913	0.333	301.4
2019-10-22T21:39	85.31315	130.59938	0.336	301.5
2019-10-22T21:49	85.31364	130.58951	0.340	301.3
2019-10-22T21:59	85.31414	130.57963	0.341	301.5
2019-10-22T22:09	85.31465	130.56976	0.343	302.2
2019-10-22T22:19	85.31517	130.55973	0.350	302.5
2019-10-22T22:29	85.31571	130.54950	0.358	302.8
2019-10-22T22:39	85.31626	130.53908	0.365	303.0
2019-10-22T22:49	85.31681	130.52879	0.362	303.3
2019-10-22T22:59	85.31735	130.51863	0.357	303.3
2019-10-22T23:09	85.31791	130.50829	0.364	303.4
2019-10-22T23:19	85.31847	130.49792	0.366	303.7
2019-10-22T23:29	85.31903	130.48762	0.364	303.7
2019-10-22T23:39	85.31960	130.47721	0.367	303.7
2019-10-22T23:49	85.32017	130.46687	0.366	303.9
2019-10-22T23:59	85.32074	130.45651	0.368	304.2
2019-10-23T00:09	85.32131	130.44612	0.368	304.0
2019-10-23T00:19	85.32189	130.43578	0.368	304.3
2019-10-23T00:29	85.32246	130.42554	0.365	304.4
2019-10-23T00:39	85.32303	130.41530	0.364	304.4
2019-10-23T00:49	85.32362	130.40481	0.373	304.3
2019-10-23T00:59	85.32421	130.39435	0.374	304.7
2019-10-23T01:09	85.32478	130.38442	0.356	305.1
2019-10-23T01:19	85.32536	130.37410	0.369	304.8
2019-10-23T01:29	85.32597	130.36367	0.377	305.6
2019-10-23T01:39	85.32658	130.35323	0.376	305.5
2019-10-23T01:49	85.32719	130.34274	0.378	305.5
2019-10-23T01:59	85.32780	130.33219	0.380	305.6
2019-10-23T02:09	85.32841	130.32154	0.381	305.1
2019-10-23T02:19	85.32898	130.31180	0.351	305.6
2019-10-23T02:29	85.32956	130.30201	0.356	306.3
2019-10-23T02:39	85.33015	130.29237	0.352	306.6
2019-10-23T02:49	85.33073	130.28291	0.348	307.1
2019-10-23T02:59	85.33128	130.27368	0.337	306.6
2019-10-23T03:09	85.33185	130.26426	0.343	306.3
2019-10-23T03:19	85.33239	130.25538	0.325	306.9
2019-10-23T03:29	85.33292	130.24656	0.321	306.4
2019-10-23T03:39	85.33344	130.23789	0.316	306.5
2019-10-23T03:49	85.33395	130.22940	0.309	306.4
2019-10-23T03:59	85.33448	130.22010	0.332	304.9
2019-10-23T04:09	85.33500	130.21097	0.327	305.1
2019-10-23T04:19	85.33550	130.20198	0.320	304.6
2019-10-23T04:29	85.33598	130.19319	0.310	303.8
2019-10-23T04:39	85.33644	130.18453	0.302	303.0
2019-10-23T04:49	85.33685	130.17643	0.280	301.9
2019-10-23T04:59	85.33725	130.16827	0.278	300.8
2019-10-23T05:09	85.33762	130.16023	0.272	300.0
2019-10-23T05:19	85.33801	130.15201	0.278	300.1
2019-10-23T05:29	85.33839	130.14376	0.278	299.6
2019-10-23T05:39	85.33876	130.13558	0.273	298.9
2019-10-23T05:49	85.33912	130.12755	0.268	298.8
2019-10-23T05:59	85.33946	130.11948	0.266	297.6
2019-10-23T06:09	85.33980	130.11149	0.264	297.6
2019-10-23T06:19	85.34013	130.10359	0.259	297.1
2019-10-23T06:29	85.34045	130.09568	0.258	296.4
2019-10-23T06:39	85.34074	130.08787	0.252	295.0
2019-10-23T06:49	85.34105	130.08001	0.255	295.4
2019-10-23T06:59	85.34133	130.07222	0.250	294.5
2019-10-23T07:09	85.34160	130.06426	0.252	292.5
2019-10-23T07:19	85.34187	130.05625	0.253	292.4
2019-10-23T07:29	85.34213	130.04830	0.250	291.6
2019-10-23T07:39	85.34237	130.04018	0.253	290.4
2019-10-23T07:49	85.34262	130.03213	0.251	290.6
2019-10-23T07:59	85.34285	130.02398	0.253	289.7
2019-10-23T08:09	85.34309	130.01585	0.253	289.8
2019-10-23T08:19	85.34333	130.00758	0.256	289.2
2019-10-23T08:29	85.34356	129.99917	0.259	288.6
2019-10-23T08:39	85.34378	129.99080	0.258	288.3
2019-10-23T08:49	85.34401	129.98233	0.261	288.3
2019-10-23T08:59	85.34424	129.97408	0.255	288.9
2019-10-23T09:09	85.34446	129.96552	0.263	288.1
2019-10-23T09:19	85.34469	129.95711	0.259	288.8
2019-10-23T09:29	85.34493	129.94896	0.253	289.7
2019-10-23T09:39	85.34517	129.94099	0.249	290.5
2019-10-23T09:49	85.34542	129.93326	0.242	291.1
2019-10-23T09:59	85.34566	129.92562	0.240	291.8
2019-10-23T10:09	85.34591	129.91801	0.239	291.5
2019-10-23T10:19	85.34615	129.91037	0.240	291.6
2019-10-23T10:29	85.34640	129.90271	0.241	291.9
2019-10-23T10:39	85.34665	129.89496	0.244	291.7
2019-10-23T10:49	85.34691	129.88740	0.239	292.7
2019-10-23T10:59	85.34717	129.88017	0.231	294.0
2019-10-23T11:09	85.34744	129.87299	0.231	294.7
2019-10-23T11:19	85.34771	129.86596	0.228	295.9
2019-10-23T11:29	85.34799	129.85919	0.221	296.3
2019-10-23T11:39	85.34828	129.85270	0.217	299.1
2019-10-23T11:49	85.34857	129.84640	0.212	299.7
2019-10-23T11:59	85.34886	129.84029	0.206	300.2
2019-10-23T12:09	85.34915	129.83439	0.201	301.3
2019-10-23T12:19	85.34944	129.82856	0.200	301.8
2019-10-23T12:29	85.34974	129.82279	0.200	302.7
2019-10-23T12:39	85.35005	129.81688	0.205	302.5
2019-10-23T12:49	85.35037	129.81090	0.209	303.3
2019-10-23T12:59	85.35068	129.80492	0.208	303.0
2019-10-23T13:09	85.35098	129.79884	0.208	301.7
2019-10-23T13:19	85.35130	129.79273	0.211	302.1
2019-10-23T13:29	85.35163	129.78671	0.214	304.8
2019-10-23T13:39	85.35199	129.78089	0.212	306.8
2019-10-23T13:49	85.35233	129.77519	0.208	307.0
2019-10-23T13:59	85.35268	129.76965	0.203	307.4
2019-10-23T14:09	85.35303	129.76426	0.202	308.9
2019-10-23T14:19	85.35338	129.75896	0.200	309.4
2019-10-23T14:29	85.35374	129.75378	0.197	310.0
2019-10-23T14:39	85.35410	129.74872	0.197	311.5
2019-10-23T14:49	85.35445	129.74367	0.194	310.7
2019-10-23T14:59	85.35480	129.73867	0.193	310.9
2019-10-23T15:09	85.35515	129.73371	0.192	311.1
2019-10-23T15:19	85.35550	129.72883	0.190	311.5
2019-10-23T15:29	85.35584	129.72395	0.187	310.7
2019-10-23T15:39	85.35617	129.71896	0.187	309.0
2019-10-23T15:49	85.35650	129.71394	0.190	309.6
2019-10-23T15:59	85.35683	129.70913	0.183	310.1
2019-10-23T16:09	85.35716	129.70407	0.188	308.3
2019-10-23T16:19	85.35748	129.69903	0.189	308.9
2019-10-23T16:29	85.35780	129.69397	0.186	307.6
2019-10-23T16:39	85.35811	129.68894	0.184	307.3
2019-10-23T16:49	85.35841	129.68399	0.181	307.1
2019-10-23T16:59	85.35871	129.67915	0.176	307.0
2019-10-23T17:09	85.35901	129.67435	0.177	307.6
2019-10-23T17:19	85.35929	129.66938	0.177	305.1
2019-10-23T17:29	85.35958	129.66446	0.177	305.9
2019-10-23T17:39	85.35986	129.65962	0.173	305.4
2019-10-23T17:49	85.36013	129.65466	0.174	303.9
2019-10-23T17:59	85.36039	129.64965	0.174	303.2
2019-10-23T18:09	85.36065	129.64463	0.173	302.5
2019-10-23T18:19	85.36090	129.63966	0.171	302.0
2019-10-23T18:29	85.36116	129.63479	0.171	303.7
2019-10-23T18:39	85.36141	129.62989	0.169	302.5
2019-10-23T18:49	85.36166	129.62492	0.169	300.9
2019-10-23T18:59	85.36188	129.61995	0.166	299.6
2019-10-23T19:09	85.36212	129.61492	0.170	300.3
2019-10-23T19:19	85.36234	129.60976	0.169	297.1
2019-10-23T19:29	85.36257	129.60477	0.168	300.5
2019-10-23T19:39	85.36282	129.59974	0.171	300.9
2019-10-23T19:49	85.36306	129.59460	0.174	300.6
2019-10-23T19:59	85.36331	129.58951	0.173	301.1
2019-10-23T20:09	85.36355	129.58425	0.176	299.8
2019-10-23T20:19	85.36379	129.57893	0.178	299.1
2019-10-23T20:29	85.36403	129.57349	0.180	298.3
2019-10-23T20:39	85.36427	129.56787	0.184	297.6
2019-10-23T20:49	85.36451	129.56216	0.188	297.8
2019-10-23T20:59	85.36478	129.55650	0.192	300.7
2019-10-23T21:09	85.36503	129.55049	0.196	296.7
2019-10-23T21:19	85.36530	129.54430	0.206	298.8
2019-10-23T21:29	85.36558	129.53802	0.209	299.1
2019-10-23T21:39	85.36588	129.53165	0.214	300.0
2019-10-23T21:49	85.36618	129.52525	0.215	299.8
2019-10-23T21:59	85.36647	129.51872	0.217	298.7
2019-10-23T22:09	85.36679	129.51209	0.224	300.8
2019-10-23T22:19	85.36710	129.50556	0.222	301.1
2019-10-23T22:29	85.36741	129.49900	0.220	300.0
2019-10-23T22:39	85.36775	129.49237	0.229	302.6
2019-10-23T22:49	85.36812	129.48576	0.234	304.7
2019-10-23T22:59	85.36850	129.47920	0.233	305.3
2019-10-23T23:09	85.36885	129.47267	0.228	303.7
2019-10-23T23:19	85.36920	129.46622	0.226	304.0
2019-10-23T23:29	85.36956	129.45973	0.228	304.3
2019-10-23T23:39	85.36997	129.45349	0.235	309.5
2019-10-23T23:49	85.37036	129.44683	0.239	305.8
2019-10-23T23:59	85.37078	129.43986	0.253	306.9
2019-10-24T00:09	85.37125	129.43283	0.265	309.7
2019-10-24T00:19	85.37176	129.42591	0.271	312.1
2019-10-24T00:29	85.37227	129.41900	0.274	312.8
2019-10-24T00:39	85.37277	129.41186	0.273	310.5
2019-10-24T00:49	85.37324	129.40472	0.270	309.8
2019-10-24T00:59	85.37376	129.39771	0.276	312.5
2019-10-24T01:09	85.37431	129.39076	0.282	314.2
2019-10-24T01:19	85.37487	129.38407	0.281	316.4
2019-10-24T01:29	85.37546	129.37760	0.283	318.4
2019-10-24T01:39	85.37606	129.37107	0.288	318.8
2019-10-24T01:49	85.37662	129.36428	0.282	315.7
2019-10-24T01:59	85.37719	129.35766	0.280	316.6
2019-10-24T02:09	85.37776	129.35109	0.281	317.3
2019-10-24T02:19	85.37837	129.34495	0.282	320.8
2019-10-24T02:29	85.37897	129.33941	0.268	323.2
2019-10-24T02:39	85.37959	129.33387	0.275	324.3
2019-10-24T02:49	85.38023	129.32862	0.278	326.8
2019-10-24T02:59	85.38089	129.32340	0.280	327.2
2019-10-24T03:09	85.38153	129.31821	0.275	326.8
2019-10-24T03:19	85.38217	129.31300	0.278	327.1
2019-10-24T03:29	85.38281	129.30774	0.275	326.3
2019-10-24T03:39	85.38339	129.30215	0.265	322.3
2019-10-24T03:49	85.38396	129.29668	0.260	322.6
2019-10-24T03:59	85.38453	129.29121	0.258	322.1
2019-10-24T04:09	85.38509	129.28565	0.259	321.5
2019-10-24T04:19	85.38565	129.28022	0.256	322.1
2019-10-24T04:29	85.38623	129.27486	0.260	323.3
2019-10-24T04:39	85.38677	129.26942	0.251	321.1
2019-10-24T04:49	85.38731	129.26409	0.248	321.5
2019-10-24T04:59	85.38783	129.25857	0.244	319.2
2019-10-24T05:09	85.38837	129.25295	0.253	320.0
2019-10-24T05:19	85.38888	129.24735	0.247	318.9
2019-10-24T05:29	85.38940	129.24177	0.247	319.2
2019-10-24T05:39	85.38991	129.23604	0.248	318.0
2019-10-24T05:49	85.39047	129.23002	0.264	318.8
2019-10-24T05:59	85.39099	129.22392	0.259	317.1
2019-10-24T06:09	85.39151	129.21769	0.258	315.7
2019-10-24T06:19	85.39199	129.21105	0.260	312.3
2019-10-24T06:29	85.39242	129.20436	0.248	308.7
2019-10-24T06:39	85.39286	129.19770	0.248	309.1
2019-10-24T06:49	85.39327	129.19111	0.243	308.3
2019-10-24T06:59	85.39376	129.18461	0.257	313.0
2019-10-24T07:09	85.39422	129.17849	0.242	313.1
2019-10-24T07:19	85.39472	129.17219	0.256	314.5
2019-10-24T07:29	85.39522	129.16572	0.261	314.2
2019-10-24T07:39	85.39567	129.15890	0.255	309.3
2019-10-24T07:49	85.39615	129.15159	0.273	309.3
2019-10-24T07:59	85.39659	129.14427	0.263	306.4
2019-10-24T08:09	85.39699	129.13677	0.261	303.8
2019-10-24T08:19	85.39744	129.12930	0.270	306.8
2019-10-24T08:29	85.39785	129.12140	0.272	303.0
2019-10-24T08:39	85.39829	129.11349	0.277	304.5
2019-10-24T08:49	85.39870	129.10560	0.273	303.5
2019-10-24T08:59	85.39908	129.09742	0.272	299.7
2019-10-24T09:09	85.39949	129.08926	0.278	302.1
2019-10-24T09:19	85.39983	129.08094	0.269	296.8
2019-10-24T09:29	85.40016	129.07240	0.275	296.2
2019-10-24T09:39	85.40050	129.06375	0.277	295.9
2019-10-24T09:49	85.40084	129.05483	0.285	295.5
2019-10-24T09:59	85.40121	129.04575	0.293	296.6
2019-10-24T10:09	85.40160	129.03687	0.292	298.7
2019-10-24T10:19	85.40204	129.02789	0.305	301.9
2019-10-24T10:29	85.40248	129.01861	0.311	300.6
2019-10-24T10:39	85.40290	129.00921	0.309	298.7
2019-10-24T10:49	85.40334	128.99981	0.314	300.3
2019-10-24T10:59	85.40377	128.99024	0.317	299.4
2019-10-24T11:09	85.40416	128.98050	0.314	296.5
2019-10-24T11:19	85.40461	128.97026	0.338	299.0
2019-10-24T11:29	85.40504	128.96008	0.331	297.6
2019-10-24T11:39	85.40544	128.94991	0.328	296.4
2019-10-24T11:49	85.40592	128.93962	0.342	299.9
2019-10-24T11:59	85.40637	128.92926	0.341	298.7
2019-10-24T12:09	85.40680	128.91898	0.334	297.6
2019-10-24T12:19	85.40724	128.90858	0.340	298.2
2019-10-24T12:29	85.40771	128.89819	0.343	299.3
2019-10-24T12:39	85.40821	128.88766	0.352	300.4
2019-10-24T12:49	85.40873	128.87729	0.354	302.5
2019-10-24T12:59	85.40927	128.86724	0.349	303.9
2019-10-24T13:09	85.40978	128.85731	0.339	302.5
2019-10-24T13:19	85.41024	128.84723	0.334	299.6
2019-10-24T13:29	85.41070	128.83705	0.337	299.4
2019-10-24T13:39	85.41117	128.82673	0.343	300.0
2019-10-24T13:49	85.41167	128.81610	0.354	300.2
2019-10-24T13:59	85.41215	128.80574	0.345	300.1
2019-10-24T14:09	85.41262	128.79541	0.342	299.5
2019-10-24T14:19	85.41309	128.78508	0.343	299.8
2019-10-24T14:29	85.41357	128.77479	0.343	300.2
2019-10-24T14:39	85.41408	128.76451	0.349	301.9
2019-10-24T14:49	85.41459	128.75440	0.345	302.5
2019-10-24T14:59	85.41510	128.74429	0.344	302.2
2019-10-24T15:09	85.41562	128.73432	0.343	303.3
2019-10-24T15:19	85.41613	128.72425	0.342	302.0
2019-10-24T15:29	85.41665	128.71414	0.347	302.9
2019-10-24T15:39	85.41732	128.70423	0.373	310.3
2019-10-24T15:49	85.41794	128.69455	0.357	308.7
2019-10-24T15:59	85.41853	128.68517	0.344	308.2
2019-10-24T16:09	85.41907	128.67628	0.321	307.3
2019-10-24T16:19	85.41959	128.66722	0.319	305.3
2019-10-24T16:29	85.42011	128.65811	0.322	305.6
2019-10-24T16:39	85.42061	128.64920	0.313	305.2
2019-10-24T16:49	85.42115	128.64056	0.316	308.2
2019-10-24T16:59	85.42167	128.63194	0.311	307.3
2019-10-24T17:09	85.42219	128.62321	0.312	306.6
2019-10-24T17:19	85.42271	128.61448	0.313	306.8
2019-10-24T17:29	85.42321	128.60566	0.310	305.3
2019-10-24T17:39	85.42368	128.59711	0.298	304.6
2019-10-24T17:49	85.42414	128.58850	0.297	303.5
2019-10-24T17:59	85.42456	128.57991	0.291	302.1
2019-10-24T18:09	85.42498	128.57137	0.288	301.6
2019-10-24T18:19	85.42540	128.56288	0.286	301.6
2019-10-24T18:29	85.42580	128.55428	0.287	300.6
2019-10-24T18:39	85.42620	128.54568	0.285	300.0
2019-10-24T18:49	85.42658	128.53705	0.282	298.7
2019-10-24T18:59	85.42693	128.52845	0.278	297.3
2019-10-24T19:09	85.42727	128.51983	0.276	296.4
2019-10-24T19:19	85.42761	128.51109	0.279	296.0
2019-10-24T19:29	85.42794	128.50234	0.278	295.5
2019-10-24T19:39	85.42825	128.49364	0.273	293.9
2019-10-24T19:49	85.42854	128.48484	0.273	292.5
2019-10-24T19:59	85.42882	128.47611	0.269	291.5
2019-10-24T20:09	85.42908	128.46735	0.269	290.7
2019-10-24T20:19	85.42932	128.45858	0.266	289.0
2019-10-24T20:29	85.42957	128.44977	0.268	289.5
2019-10-24T20:39	85.42980	128.44073	0.273	287.9
2019-10-24T20:49	85.43002	128.43183	0.267	287.0
2019-10-24T20:59	85.43026	128.42281	0.273	288.3
2019-10-24T21:09	85.43048	128.41386	0.269	287.4
2019-10-24T21:19	85.43070	128.40483	0.271	287.2
2019-10-24T21:29	85.43093	128.39579	0.272	287.6
2019-10-24T21:39	85.43116	128.38658	0.277	287.6
2019-10-24T21:49	85.43141	128.37739	0.278	288.5
2019-10-24T21:59	85.43165	128.36819	0.278	288.7
2019-10-24T22:09	85.43190	128.35900	0.278	288.6
2019-10-24T22:19	85.43214	128.34994	0.273	288.1
2019-10-24T22:29	85.43237	128.34089	0.273	287.8
2019-10-24T22:39	85.43261	128.33188	0.273	288.7
2019-10-24T22:49	85.43287	128.32285	0.275	289.7
2019-10-24T22:59	85.43315	128.31375	0.281	291.6
2019-10-24T23:09	85.43345	128.30487	0.276	292.6
2019-10-24T23:19	85.43374	128.29595	0.276	292.3
2019-10-24T23:29	85.43404	128.28693	0.280	292.5
2019-10-24T23:39	85.43434	128.27761	0.288	291.9
2019-10-24T23:49	85.43465	128.26868	0.280	294.1
2019-10-24T23:59	85.43496	128.26025	0.265	294.4
2019-10-25T00:09	85.43527	128.25187	0.265	294.9
2019-10-25T00:19	85.43558	128.24365	0.261	295.4
2019-10-25T00:29	85.43589	128.23555	0.258	296.1
2019-10-25T00:39	85.43620	128.22731	0.262	295.4
2019-10-25T00:49	85.43654	128.21891	0.269	296.7
2019-10-25T00:59	85.43685	128.21079	0.259	296.0
2019-10-25T01:09	85.43715	128.20330	0.239	296.2
2019-10-25T01:19	85.43747	128.19546	0.252	297.0
2019-10-25T01:29	85.43781	128.18734	0.263	298.0
2019-10-25T01:39	85.43815	128.17917	0.265	297.9
2019-10-25T01:49	85.43849	128.17114	0.260	297.8
2019-10-25T01:59	85.43883	128.16351	0.250	299.2
2019-10-25T02:09	85.43916	128.15635	0.237	300.1
2019-10-25T02:19	85.43949	128.14930	0.234	300.5
2019-10-25T02:29	85.43981	128.14234	0.231	300.3
2019-10-25T02:39	85.44013	128.13572	0.223	301.6
2019-10-25T02:49	85.44045	128.12925	0.218	301.8
2019-10-25T02:59	85.44076	128.12302	0.210	301.9
2019-10-25T03:09	85.44106	128.11697	0.204	302.1
2019-10-25T03:19	85.44136	128.11108	0.199	302.3
2019-10-25T03:29	85.44164	128.10525	0.195	301.2
2019-10-25T03:39	85.44193	128.09972	0.189	303.2
2019-10-25T03:49	85.44219	128.09437	0.181	302.0
2019-10-25T03:59	85.44244	128.08920	0.173	301.3
2019-10-25T04:09	85.44269	128.08426	0.167	302.1
2019-10-25T04:19	85.44293	128.07946	0.162	301.7
2019-10-25T04:29	85.44315	128.07464	0.161	301.0
2019-10-25T04:39	85.44336	128.07045	0.141	302.1
2019-10-25T04:49	85.44356	128.06624	0.140	300.5
2019-10-25T04:59	85.44375	128.06220	0.133	299.8
2019-10-25T05:09	85.44392	128.05826	0.128	298.9
2019-10-25T05:19	85.44408	128.05448	0.122	297.8
2019-10-25T05:29	85.44422	128.05079	0.118	296.5
2019-10-25T05:39	85.44436	128.04716	0.115	294.9
2019-10-25T05:49	85.44447	128.04370	0.108	293.4
2019-10-25T05:59	85.44459	128.04017	0.109	292.2
2019-10-25T06:09	85.44469	128.03671	0.106	290.1
2019-10-25T06:19	85.44479	128.03324	0.105	289.9
2019-10-25T06:29	85.44488	128.02984	0.102	288.2
2019-10-25T06:39	85.44496	128.02636	0.104	287.2
2019-10-25T06:49	85.44504	128.02277	0.106	285.2
2019-10-25T06:59	85.44511	128.01917	0.106	284.1
2019-10-25T07:09	85.44517	128.01534	0.112	281.5
2019-10-25T07:19	85.44524	128.01136	0.116	281.0
2019-10-25T07:29	85.44529	128.00750	0.112	279.4
2019-10-25T07:39	85.44534	128.00343	0.118	279.4
2019-10-25T07:49	85.44539	127.99923	0.121	278.0
2019-10-25T07:59	85.44543	127.99486	0.126	277.8
2019-10-25T08:09	85.44548	127.99050	0.126	277.3
2019-10-25T08:19	85.44552	127.98588	0.133	276.4
2019-10-25T08:29	85.44556	127.98130	0.132	276.6
2019-10-25T08:39	85.44561	127.97652	0.138	277.0
2019-10-25T08:49	85.44566	127.97181	0.136	277.2
2019-10-25T08:59	85.44570	127.96699	0.139	276.8
2019-10-25T09:09	85.44575	127.96194	0.145	276.3
2019-10-25T09:19	85.44579	127.95696	0.143	277.0
2019-10-25T09:29	85.44586	127.95157	0.156	278.1
2019-10-25T09:39	85.44591	127.94646	0.147	277.8
2019-10-25T09:49	85.44596	127.94131	0.149	277.1
2019-10-25T09:59	85.44601	127.93638	0.142	277.5
2019-10-25T10:09	85.44606	127.93131	0.146	276.8
2019-10-25T10:19	85.44612	127.92627	0.146	277.9
2019-10-25T10:29	85.44618	127.92102	0.152	278.4
2019-10-25T10:39	85.44625	127.91552	0.159	279.3
2019-10-25T10:49	85.44631	127.91030	0.151	278.1
2019-10-25T10:59	85.44636	127.90526	0.145	277.0
2019-10-25T11:09	85.44641	127.90019	0.146	277.0
2019-10-25T11:19	85.44646	127.89515	0.145	277.7
2019-10-25T11:29	85.44651	127.89015	0.144	277.8
2019-10-25T11:39	85.44657	127.88507	0.147	278.5
2019-10-25T11:49	85.44664	127.88004	0.146	279.1
2019-10-25T11:59	85.44671	127.87511	0.143	280.4
2019-10-25T12:09	85.44679	127.87015	0.144	281.1
2019-10-25T12:19	85.44686	127.86525	0.143	280.8
2019-10-25T12:29	85.44695	127.86035	0.143	282.4
2019-10-25T12:39	85.44704	127.85553	0.141	283.6
2019-10-25T12:49	85.44714	127.85078	0.140	284.3
2019-10-25T12:59	85.44724	127.84607	0.139	284.8
2019-10-25T13:09	85.44734	127.84147	0.137	286.3
2019-10-25T13:19	85.44745	127.83689	0.137	287.2
2019-10-25T13:29	85.44757	127.83239	0.136	288.3
2019-10-25T13:39	85.44769	127.82792	0.134	287.8
2019-10-25T13:49	85.44781	127.82358	0.131	289.3
2019-10-25T13:59	85.44793	127.81935	0.129	290.3
2019-10-25T14:09	85.44806	127.81517	0.128	290.9
2019-10-25T14:19	85.44818	127.81104	0.127	291.3
2019-10-25T14:29	85.44832	127.80699	0.125	292.2
2019-10-25T14:39	85.44844	127.80319	0.117	292.5
2019-10-25T14:49	85.44856	127.79959	0.112	293.4
2019-10-25T14:59	85.44869	127.79602	0.111	293.3
2019-10-25T15:09	85.44881	127.79263	0.107	295.0
2019-10-25T15:19	85.44896	127.78920	0.111	298.0
2019-10-25T15:29	85.44911	127.78551	0.118	297.1
2019-10-25T15:39	85.44924	127.78246	0.099	298.7
2019-10-25T15:49	85.44935	127.77962	0.090	296.0
2019-10-25T15:59	85.44946	127.77690	0.088	298.2
2019-10-25T16:09	85.44957	127.77415	0.087	295.9
2019-10-25T16:19	85.44968	127.77130	0.090	295.5
2019-10-25T16:29	85.44979	127.76856	0.088	297.5
2019-10-25T16:39	85.44991	127.76598	0.085	299.4
2019-10-25T16:49	85.45001	127.76274	0.100	292.8
2019-10-25T16:59	85.45011	127.76007	0.083	293.1
2019-10-25T17:09	85.45020	127.75696	0.095	290.1
2019-10-25T17:19	85.45027	127.75413	0.085	288.5
2019-10-25T17:29	85.45033	127.75160	0.076	287.1
2019-10-25T17:39	85.45041	127.74825	0.099	285.7
2019-10-25T17:49	85.45047	127.74489	0.099	283.0
2019-10-25T17:59	85.45052	127.74184	0.089	280.9
2019-10-25T18:09	85.45055	127.73887	0.086	277.7
2019-10-25T18:19	85.45057	127.73600	0.082	275.9
2019-10-25T18:29	85.45058	127.73315	0.081	273.3
2019-10-25T18:39	85.45060	127.73038	0.079	274.7
2019-10-25T18:49	85.45061	127.72773	0.076	272.6
2019-10-25T18:59	85.45060	127.72537	0.067	266.1
2019-10-25T19:09	85.45058	127.72311	0.065	265.5
2019-10-25T19:19	85.45058	127.72022	0.083	268.2
2019-10-25T19:29	85.45057	127.71672	0.100	268.3
2019-10-25T19:39	85.45055	127.71326	0.099	266.8
2019-10-25T19:49	85.45053	127.71031	0.085	263.8
2019-10-25T19:59	85.45051	127.70693	0.097	265.2
2019-10-25T20:09	85.45049	127.70350	0.098	265.7
2019-10-25T20:19	85.45047	127.70032	0.091	265.4
2019-10-25T20:29	85.45041	127.69733	0.088	257.0
2019-10-25T20:39	85.45037	127.69458	0.080	259.5
2019-10-25T20:49	85.45033	127.69149	0.090	259.5
2019-10-25T20:59	85.45028	127.68833	0.091	260.5
2019-10-25T21:09	85.45024	127.68480	0.102	261.7
2019-10-25T21:19	85.45021	127.68128	0.101	262.9
2019-10-25T21:29	85.45017	127.67748	0.109	263.0
2019-10-25T21:39	85.45013	127.67377	0.107	262.1
2019-10-25T21:49	85.45009	127.66988	0.112	263.3
2019-10-25T21:59	85.45006	127.66604	0.110	264.0
2019-10-25T22:09	85.45003	127.66209	0.113	264.3
2019-10-25T22:19	85.45001	127.65802	0.117	266.0
2019-10-25T22:29	85.44999	127.65392	0.117	267.0
2019-10-25T22:39	85.44998	127.64984	0.117	268.2
2019-10-25T22:49	85.44997	127.64574	0.117	268.5
2019-10-25T22:59	85.44997	127.64161	0.118	269.4
2019-10-25T23:09	85.44997	127.63745	0.119	270.6
2019-10-25T23:19	85.44998	127.63323	0.121	271.2
2019-10-25T23:29	85.44999	127.62907	0.119	272.7
2019-10-25T23:39	85.45002	127.62488	0.120	273.6
2019-10-25T23:49	85.45004	127.62063	0.122	274.4
2019-10-25T23:59	85.45007	127.61648	0.119	275.7
2019-10-26T00:09	85.45011	127.61235	0.119	276.8
2019-10-26T00:19	85.45015	127.60821	0.119	277.3
2019-10-26T00:29	85.45020	127.60419	0.116	278.4
2019-10-26T00:39	85.45026	127.60018	0.116	280.1
2019-10-26T00:49	85.45032	127.59606	0.120	281.1
2019-10-26T00:59	85.45040	127.59216	0.115	284.5
2019-10-26T01:09	85.45048	127.58825	0.115	283.3
2019-10-26T01:19	85.45055	127.58447	0.111	284.4
2019-10-26T01:29	85.45064	127.58080	0.110	287.6
2019-10-26T01:39	85.45073	127.57723	0.107	287.5
2019-10-26T01:49	85.45083	127.57376	0.105	289.5
2019-10-26T01:59	85.45093	127.57033	0.104	290.0
2019-10-26T02:09	85.45104	127.56705	0.101	292.0
2019-10-26T02:19	85.45114	127.56396	0.096	293.5
2019-10-26T02:29	85.45125	127.56092	0.096	295.0
2019-10-26T02:39	85.45137	127.55810	0.090	297.1
2019-10-26T02:49	85.45148	127.55535	0.088	296.9
2019-10-26T02:59	85.45160	127.55267	0.088	299.0
2019-10-26T03:09	85.45171	127.55014	0.082	298.8
2019-10-26T03:19	85.45182	127.54766	0.082	299.6
2019-10-26T03:29	85.45193	127.54532	0.078	301.4
2019-10-26T03:39	85.45204	127.54299	0.076	299.5
2019-10-26T03:49	85.45215	127.54086	0.073	303.4
2019-10-26T03:59	85.45226	127.53868	0.074	302.0
2019-10-26T04:09	85.45237	127.53651	0.074	303.3
2019-10-26T04:19	85.45247	127.53453	0.066	301.4
2019-10-26T04:29	85.45256	127.53245	0.069	299.9
2019-10-26T04:39	85.45266	127.53054	0.066	304.2
2019-10-26T04:49	85.45275	127.52857	0.065	300.3
2019-10-26T04:59	85.45285	127.52665	0.064	301.2
2019-10-26T05:09	85.45293	127.52471	0.064	299.6
2019-10-26T05:19	85.45302	127.52277	0.063	298.4
2019-10-26T05:29	85.45310	127.52087	0.062	298.4
2019-10-26T05:39	85.45317	127.51894	0.061	295.1
2019-10-26T05:49	85.45324	127.51698	0.061	292.6
2019-10-26T05:59	85.45330	127.51499	0.062	293.3
2019-10-26T06:09	85.45336	127.51300	0.060	289.1
2019-10-26T06:19	85.45341	127.51096	0.062	289.3
2019-10-26T06:29	85.45347	127.50882	0.064	287.4
2019-10-26T06:39	85.45352	127.50664	0.065	286.3
2019-10-26T06:49	85.45356	127.50437	0.067	284.7
2019-10-26T06:59	85.45360	127.50201	0.069	282.1
2019-10-26T07:09	85.45364	127.49955	0.072	281.2
2019-10-26T07:19	85.45368	127.49698	0.075	281.3
2019-10-26T07:29	85.45372	127.49438	0.075	280.4
2019-10-26T07:39	85.45376	127.49167	0.078	278.8
2019-10-26T07:49	85.45379	127.48891	0.080	278.4
2019-10-26T07:59	85.45382	127.48588	0.087	277.7
2019-10-26T08:09	85.45385	127.48281	0.088	277.4
2019-10-26T08:19	85.45388	127.47973	0.089	277.2
2019-10-26T08:29	85.45391	127.47632	0.098	276.8
2019-10-26T08:39	85.45395	127.47306	0.093	276.8
2019-10-26T08:49	85.45398	127.46960	0.100	277.7
2019-10-26T08:59	85.45403	127.46603	0.103	278.7
2019-10-26T09:09	85.45407	127.46222	0.110	278.2
2019-10-26T09:19	85.45411	127.45841	0.110	278.5
2019-10-26T09:29	85.45417	127.45451	0.113	279.9
2019-10-26T09:39	85.45422	127.45035	0.120	278.9
2019-10-26T09:49	85.45428	127.44629	0.118	280.3
2019-10-26T09:59	85.45434	127.44215	0.120	280.1
2019-10-26T10:09	85.45440	127.43791	0.123	280.5
2019-10-26T10:19	85.45447	127.43365	0.124	282.0
2019-10-26T10:29	85.45454	127.42934	0.125	281.9
2019-10-26T10:39	85.45462	127.42491	0.129	282.0
2019-10-26T10:49	85.45470	127.42041	0.132	283.4
2019-10-26T10:59	85.45479	127.41590	0.133	284.1
2019-10-26T11:09	85.45488	127.41135	0.134	284.1
2019-10-26T11:19	85.45499	127.40668	0.138	285.6
2019-10-26T11:29	85.45509	127.40217	0.134	286.6
2019-10-26T11:39	85.45521	127.39753	0.140	288.1
2019-10-26T11:49	85.45533	127.39300	0.136	288.5
2019-10-26T11:59	85.45546	127.38835	0.141	289.4
2019-10-26T12:09	85.45560	127.38386	0.137	290.8
2019-10-26T12:19	85.45574	127.37943	0.137	292.5
2019-10-26T12:29	85.45590	127.37496	0.139	293.3
2019-10-26T12:39	85.45606	127.37056	0.138	294.9
2019-10-26T12:49	85.45622	127.36625	0.136	295.5
2019-10-26T12:59	85.45639	127.36199	0.135	296.4
2019-10-26T13:09	85.45656	127.35781	0.135	297.8
2019-10-26T13:19	85.45674	127.35368	0.135	299.1
2019-10-26T13:29	85.45693	127.34970	0.133	301.0
2019-10-26T13:39	85.45712	127.34572	0.132	300.9
2019-10-26T13:49	85.45732	127.34181	0.132	302.3
2019-10-26T13:59	85.45751	127.33803	0.128	302.3
2019-10-26T14:09	85.45771	127.33435	0.127	304.6
2019-10-26T14:19	85.45791	127.33077	0.126	305.5
2019-10-26T14:29	85.45812	127.32725	0.125	306.5
2019-10-26T14:39	85.45832	127.32384	0.121	306.7
2019-10-26T14:49	85.45853	127.32058	0.120	308.9
2019-10-26T14:59	85.45873	127.31743	0.116	309.5
2019-10-26T15:09	85.45895	127.31435	0.117	311.2
2019-10-26T15:19	85.45915	127.31132	0.114	310.8
2019-10-26T15:29	85.45936	127.30844	0.110	311.7
2019-10-26T15:39	85.45956	127.30557	0.110	311.8
2019-10-26T15:49	85.45977	127.30287	0.107	314.2
2019-10-26T15:59	85.45998	127.30020	0.107	314.8
2019-10-26T16:09	85.46018	127.29757	0.105	314.5
2019-10-26T16:19	85.46038	127.29504	0.103	315.5
2019-10-26T16:29	85.46059	127.29252	0.102	315.3
2019-10-26T16:39	85.46078	127.29006	0.099	315.1
2019-10-26T16:49	85.46098	127.28762	0.101	316.4
2019-10-26T16:59	85.46118	127.28525	0.099	316.7
2019-10-26T17:09	85.46138	127.28276	0.100	314.8
2019-10-26T17:19	85.46158	127.28043	0.097	316.9
2019-10-26T17:29	85.46177	127.27816	0.094	316.5
2019-10-26T17:39	85.46196	127.27590	0.095	317.2
2019-10-26T17:49	85.46215	127.27356	0.095	315.5
2019-10-26T17:59	85.46233	127.27121	0.095	315.1
2019-10-26T18:09	85.46251	127.26884	0.094	314.1
2019-10-26T18:19	85.46269	127.26649	0.093	314.0
2019-10-26T18:29	85.46287	127.26401	0.095	311.7
2019-10-26T18:39	85.46305	127.26154	0.096	313.1
2019-10-26T18:49	85.46323	127.25900	0.096	311.0
2019-10-26T18:59	85.46340	127.25644	0.095	309.9
2019-10-26T19:09	85.46357	127.25380	0.097	309.2
2019-10-26T19:19	85.46374	127.25118	0.097	309.8
2019-10-26T19:29	85.46391	127.24836	0.101	307.7
2019-10-26T19:39	85.46409	127.24538	0.106	306.9
2019-10-26T19:49	85.46427	127.24226	0.110	306.1
2019-10-26T19:59	85.46444	127.23909	0.110	304.4
2019-10-26T20:09	85.46462	127.23601	0.109	306.1
2019-10-26T20:19	85.46480	127.23276	0.113	304.8
2019-10-26T20:29	85.46498	127.22942	0.115	304.5
2019-10-26T20:39	85.46516	127.22601	0.117	304.1
2019-10-26T20:49	85.46535	127.22234	0.125	303.2
2019-10-26T20:59	85.46555	127.21871	0.125	304.2
2019-10-26T21:09	85.46574	127.21491	0.129	302.8
2019-10-26T21:19	85.46594	127.21094	0.135	303.1
2019-10-26T21:29	85.46614	127.20688	0.136	301.9
2019-10-26T21:39	85.46635	127.20270	0.140	301.8
2019-10-26T21:49	85.46656	127.19842	0.143	301.9
2019-10-26T21:59	85.46678	127.19401	0.149	302.3
2019-10-26T22:09	85.46701	127.18956	0.151	302.8
2019-10-26T22:19	85.46724	127.18494	0.155	302.2
2019-10-26T22:29	85.46748	127.18038	0.156	303.7
2019-10-26T22:39	85.46772	127.17570	0.159	303.2
2019-10-26T22:49	85.46797	127.17097	0.162	303.8
2019-10-26T22:59	85.46823	127.16633	0.161	305.0
2019-10-26T23:09	85.46848	127.16163	0.162	304.4
2019-10-26T23:19	85.46874	127.15696	0.163	305.2
2019-10-26T23:29	85.46901	127.15224	0.166	305.8
2019-10-26T23:39	85.46929	127.14747	0.169	306.5
2019-10-26T23:49	85.46957	127.14271	0.169	306.8
2019-10-26T23:59	85.46986	127.13798	0.170	307.4
2019-10-27T00:09	85.47015	127.13328	0.171	308.7
2019-10-27T00:19	85.47045	127.12860	0.171	308.9
2019-10-27T00:29	85.47077	127.12389	0.175	310.3
2019-10-27T00:39	85.47108	127.11929	0.174	311.1
2019-10-27T00:49	85.47142	127.11464	0.179	312.4
2019-10-27T00:59	85.47175	127.11001	0.177	311.8
2019-10-27T01:09	85.47209	127.10549	0.179	314.1
2019-10-27T01:19	85.47244	127.10096	0.180	314.4
2019-10-27T01:29	85.47279	127.09641	0.181	314.5
2019-10-27T01:39	85.47316	127.09193	0.182	315.6
2019-10-27T01:49	85.47353	127.08751	0.184	317.1
2019-10-27T01:59	85.47391	127.08313	0.185	317.8
2019-10-27T02:09	85.47430	127.07886	0.186	319.3
2019-10-27T02:19	85.47469	127.07483	0.181	320.7
2019-10-27T02:29	85.47509	127.07081	0.182	321.2
2019-10-27T02:39	85.47549	127.06679	0.184	321.7
2019-10-27T02:49	85.47589	127.06300	0.179	323.1
2019-10-27T02:59	85.47629	127.05927	0.180	324.0
2019-10-27T03:09	85.47670	127.05561	0.180	324.8
2019-10-27T03:19	85.47712	127.05215	0.179	326.8
2019-10-27T03:29	85.47753	127.04877	0.178	327.4
2019-10-27T03:39	85.47795	127.04550	0.175	328.0
2019-10-27T03:49	85.47836	127.04237	0.174	329.3
2019-10-27T03:59	85.47878	127.03933	0.173	330.1
2019-10-27T04:09	85.47919	127.03636	0.171	330.4
2019-10-27T04:19	85.47960	127.03338	0.170	330.1
2019-10-27T04:29	85.48002	127.03069	0.168	333.1
2019-10-27T04:39	85.48042	127.02790	0.166	331.4
2019-10-27T04:49	85.48082	127.02509	0.164	331.0
2019-10-27T04:59	85.48122	127.02235	0.165	331.8
2019-10-27T05:09	85.48163	127.01952	0.166	331.0
2019-10-27T05:19	85.48203	127.01671	0.165	331.1
2019-10-27T05:29	85.48243	127.01383	0.165	330.5
2019-10-27T05:39	85.48282	127.01095	0.164	330.1
2019-10-27T05:49	85.48321	127.00813	0.160	330.0
2019-10-27T05:59	85.48359	127.00526	0.159	329.3
2019-10-27T06:09	85.48397	127.00235	0.161	329.3
2019-10-27T06:19	85.48435	126.99942	0.161	328.9
2019-10-27T06:29	85.48473	126.99650	0.158	328.3
2019-10-27T06:39	85.48509	126.99353	0.156	327.4
2019-10-27T06:49	85.48545	126.99042	0.156	325.5
2019-10-27T06:59	85.48580	126.98729	0.156	325.3
2019-10-27T07:09	85.48616	126.98409	0.157	324.7
2019-10-27T07:19	85.48652	126.98072	0.160	323.4
2019-10-27T07:29	85.48687	126.97732	0.160	322.9
2019-10-27T07:39	85.48722	126.97381	0.160	321.6
2019-10-27T07:49	85.48757	126.97020	0.163	321.0
2019-10-27T07:59	85.48792	126.96651	0.164	320.4
2019-10-27T08:09	85.48827	126.96277	0.163	319.4
2019-10-27T08:19	85.48861	126.95890	0.165	318.6
2019-10-27T08:29	85.48896	126.95488	0.170	317.8
2019-10-27T08:39	85.48931	126.95094	0.168	318.6
2019-10-27T08:49	85.48966	126.94689	0.170	317.6
2019-10-27T08:59	85.49002	126.94272	0.176	317.8
2019-10-27T09:09	85.49039	126.93850	0.178	317.8
2019-10-27T09:19	85.49075	126.93423	0.179	317.5
2019-10-27T09:29	85.49113	126.92990	0.182	317.6
2019-10-27T09:39	85.49149	126.92557	0.179	316.8
2019-10-27T09:49	85.49186	126.92117	0.183	317.1
2019-10-27T09:59	85.49224	126.91673	0.184	317.2
2019-10-27T10:09	85.49262	126.91233	0.186	317.9
2019-10-27T10:19	85.49301	126.90786	0.188	317.9
2019-10-27T10:29	85.49340	126.90341	0.189	318.2
2019-10-27T10:39	85.49380	126.89892	0.191	318.5
2019-10-27T10:49	85.49420	126.89444	0.194	319.1
2019-10-27T10:59	85.49462	126.88992	0.197	319.6
2019-10-27T11:09	85.49505	126.88538	0.202	320.5
2019-10-27T11:19	85.49549	126.88099	0.200	321.5
2019-10-27T11:29	85.49593	126.87648	0.204	321.2
2019-10-27T11:39	85.49637	126.87211	0.202	322.4
2019-10-27T11:49	85.49682	126.86773	0.203	322.4
2019-10-27T11:59	85.49727	126.86343	0.202	323.0
2019-10-27T12:09	85.49772	126.85913	0.203	323.3
2019-10-27T12:19	85.49818	126.85468	0.209	323.0
2019-10-27T12:29	85.49864	126.85038	0.206	323.9
2019-10-27T12:39	85.49912	126.84610	0.208	324.5
2019-10-27T12:49	85.49959	126.84186	0.208	324.8
2019-10-27T12:59	85.50007	126.83759	0.210	325.0
2019-10-27T13:09	85.50055	126.83344	0.210	326.0
2019-10-27T13:19	85.50103	126.82930	0.210	326.1
2019-10-27T13:29	85.50152	126.82504	0.212	325.5
2019-10-27T13:39	85.50201	126.82095	0.212	327.0
2019-10-27T13:49	85.50251	126.81702	0.211	328.2
2019-10-27T13:59	85.50301	126.81295	0.215	327.7
2019-10-27T14:09	85.50352	126.80896	0.215	328.3
2019-10-27T14:19	85.50403	126.80503	0.214	328.8
2019-10-27T14:29	85.50456	126.80096	0.223	328.9
2019-10-27T14:39	85.50508	126.79708	0.218	329.9
2019-10-27T14:49	85.50561	126.79338	0.218	331.4
2019-10-27T14:59	85.50615	126.78983	0.219	332.7
2019-10-27T15:09	85.50669	126.78633	0.217	332.9
2019-10-27T15:19	85.50722	126.78289	0.216	333.2
2019-10-27T15:29	85.50776	126.77955	0.215	334.1
2019-10-27T15:39	85.50831	126.77626	0.217	334.7
2019-10-27T15:49	85.50885	126.77300	0.216	334.8
2019-10-27T15:59	85.50939	126.76986	0.215	335.6
2019-10-27T16:09	85.50993	126.76668	0.214	335.2
2019-10-27T16:19	85.51047	126.76348	0.215	335.2
2019-10-27T16:29	85.51102	126.76028	0.216	335.3
2019-10-27T16:39	85.51157	126.75712	0.217	335.7
2019-10-27T16:49	85.51211	126.75396	0.215	335.6
2019-10-27T16:59	85.51266	126.75085	0.215	335.9
2019-10-27T17:09	85.51321	126.74784	0.216	336.9
2019-10-27T17:19	85.51376	126.74470	0.219	336.2
2019-10-27T17:29	85.51432	126.74157	0.219	336.3
2019-10-27T17:39	85.51487	126.73840	0.216	335.6
2019-10-27T17:49	85.51542	126.73522	0.217	335.6
2019-10-27T17:59	85.51597	126.73195	0.218	335.0
2019-10-27T18:09	85.51650	126.72854	0.215	333.6
2019-10-27T18:19	85.51703	126.72489	0.217	331.8
2019-10-27T18:29	85.51758	126.72117	0.222	331.9
2019-10-27T18:39	85.51812	126.71741	0.222	331.4
2019-10-27T18:49	85.51865	126.71355	0.222	330.7
2019-10-27T18:59	85.51919	126.70956	0.225	330.0
2019-10-27T19:09	85.51973	126.70497	0.232	326.3
2019-10-27T19:19	85.52027	126.70060	0.228	327.4
2019-10-27T19:29	85.52079	126.69616	0.228	326.7
2019-10-27T19:39	85.52133	126.69153	0.232	325.9
2019-10-27T19:49	85.52187	126.68683	0.234	325.7
2019-10-27T19:59	85.52240	126.68195	0.237	324.7
2019-10-27T20:09	85.52296	126.67686	0.245	324.3
2019-10-27T20:19	85.52352	126.67164	0.252	324.3
2019-10-27T20:29	85.52405	126.66649	0.239	322.7
2019-10-27T20:39	85.52458	126.66142	0.239	323.5
2019-10-27T20:49	85.52513	126.65613	0.246	322.8
2019-10-27T20:59	85.52568	126.65062	0.251	322.0
2019-10-27T21:09	85.52625	126.64500	0.260	322.6
2019-10-27T21:19	85.52681	126.63915	0.260	320.8
2019-10-27T21:29	85.52738	126.63311	0.265	320.3
2019-10-27T21:39	85.52796	126.62680	0.274	319.7
2019-10-27T21:49	85.52856	126.62046	0.281	320.6
2019-10-27T21:59	85.52915	126.61393	0.282	319.3
2019-10-27T22:09	85.52976	126.60714	0.289	318.8
2019-10-27T22:19	85.53037	126.60018	0.296	318.7
2019-10-27T22:29	85.53099	126.59307	0.300	318.3
2019-10-27T22:39	85.53162	126.58576	0.305	317.7
2019-10-27T22:49	85.53226	126.57832	0.311	317.8
2019-10-27T22:59	85.53290	126.57090	0.311	318.0
2019-10-27T23:09	85.53354	126.56345	0.312	317.9
2019-10-27T23:19	85.53419	126.55603	0.313	318.4
2019-10-27T23:29	85.53485	126.54866	0.313	318.8
2019-10-27T23:39	85.53552	126.54132	0.316	319.4
2019-10-27T23:49	85.53619	126.53400	0.317	319.7
2019-10-27T23:59	85.53687	126.52665	0.320	320.0
2019-10-28T00:09	85.53755	126.51936	0.320	320.4
2019-10-28T00:19	85.53824	126.51217	0.320	320.9
2019-10-28T00:29	85.53894	126.50495	0.322	321.1
2019-10-28T00:39	85.53964	126.49776	0.323	321.5
2019-10-28T00:49	85.54035	126.49060	0.323	321.6
2019-10-28T00:59	85.54106	126.48366	0.323	323.0
2019-10-28T01:09	85.54179	126.47662	0.328	323.1
2019-10-28T01:19	85.54253	126.46965	0.328	323.6
2019-10-28T01:29	85.54326	126.46278	0.326	323.8
2019-10-28T01:39	85.54399	126.45600	0.326	324.4
2019-10-28T01:49	85.54473	126.44945	0.324	325.6
2019-10-28T01:59	85.54548	126.44319	0.321	327.0
2019-10-28T02:09	85.54624	126.43709	0.321	327.9
2019-10-28T02:19	85.54699	126.43105	0.319	328.0
2019-10-28T02:29	85.54775	126.42514	0.320	328.9
2019-10-28T02:39	85.54850	126.41936	0.316	329.3
2019-10-28T02:49	85.54925	126.41347	0.316	328.6
2019-10-28T02:59	85.55001	126.40777	0.317	329.8
2019-10-28T03:09	85.55078	126.40222	0.317	330.7
2019-10-28T03:19	85.55154	126.39682	0.312	331.2
2019-10-28T03:29	85.55231	126.39158	0.312	332.0
2019-10-28T03:39	85.55307	126.38657	0.309	333.1
2019-10-28T03:49	85.55384	126.38173	0.307	333.9
2019-10-28T03:59	85.55460	126.37689	0.305	333.7
2019-10-28T04:09	85.55536	126.37222	0.306	334.7
2019-10-28T04:19	85.55612	126.36744	0.304	334.1
2019-10-28T04:29	85.55690	126.36307	0.304	336.4
2019-10-28T04:39	85.55767	126.35871	0.302	336.3
2019-10-28T04:49	85.55843	126.35443	0.300	336.5
2019-10-28T04:59	85.55919	126.35012	0.300	336.3
2019-10-28T05:09	85.55995	126.34585	0.299	336.5
2019-10-28T05:19	85.56071	126.34153	0.297	336.1
2019-10-28T05:29	85.56146	126.33730	0.295	336.5
2019-10-28T05:39	85.56221	126.33312	0.293	336.6
2019-10-28T05:49	85.56294	126.32896	0.289	336.4
2019-10-28T05:59	85.56367	126.32463	0.288	335.3
2019-10-28T06:09	85.56440	126.32031	0.290	335.5
2019-10-28T06:19	85.56512	126.31597	0.287	335.1
2019-10-28T06:29	85.56585	126.31166	0.286	335.3
2019-10-28T06:39	85.56656	126.30737	0.284	335.1
2019-10-28T06:49	85.56728	126.30300	0.285	334.7
2019-10-28T06:59	85.56798	126.29858	0.280	334.0
2019-10-28T07:09	85.56869	126.29423	0.284	334.8
2019-10-28T07:19	85.56941	126.28981	0.287	334.6
2019-10-28T07:29	85.57011	126.28514	0.283	332.6
2019-10-28T07:39	85.57081	126.28040	0.287	332.6
2019-10-28T07:49	85.57151	126.27577	0.283	333.0
2019-10-28T07:59	85.57221	126.27093	0.286	331.8
2019-10-28T08:09	85.57292	126.26615	0.288	332.5
2019-10-28T08:19	85.57363	126.26125	0.291	332.1
2019-10-28T08:29	85.57435	126.25641	0.291	332.5
2019-10-28T08:39	85.57507	126.25142	0.293	331.8
2019-10-28T08:49	85.57579	126.24641	0.295	331.9
2019-10-28T08:59	85.57651	126.24125	0.296	331.1
2019-10-28T09:09	85.57723	126.23608	0.295	330.9
2019-10-28T09:19	85.57795	126.23092	0.297	331.2
2019-10-28T09:29	85.57866	126.22561	0.294	329.9
2019-10-28T09:39	85.57937	126.22025	0.297	329.9
2019-10-28T09:49	85.58007	126.21490	0.294	329.7
2019-10-28T09:59	85.58079	126.20955	0.296	329.9
2019-10-28T10:09	85.58150	126.20414	0.297	329.7
2019-10-28T10:19	85.58221	126.19867	0.298	329.4
2019-10-28T10:29	85.58293	126.19323	0.299	329.7
2019-10-28T10:39	85.58364	126.18786	0.297	329.9
2019-10-28T10:49	85.58435	126.18237	0.297	329.2
2019-10-28T10:59	85.58506	126.17687	0.298	329.3
2019-10-28T11:09	85.58577	126.17138	0.298	329.3
2019-10-28T11:19	85.58648	126.16594	0.296	329.4
2019-10-28T11:29	85.58720	126.16049	0.299	329.6
2019-10-28T11:39	85.58791	126.15516	0.296	330.1
2019-10-28T11:49	85.58861	126.14995	0.292	330.4
2019-10-28T11:59	85.58931	126.14485	0.289	330.7
2019-10-28T12:09	85.59000	126.13973	0.285	330.1
2019-10-28T12:19	85.59067	126.13457	0.280	329.3
2019-10-28T12:29	85.59132	126.12949	0.273	329.0
2019-10-28T12:39	85.59196	126.12435	0.273	328.6
2019-10-28T12:49	85.59262	126.11934	0.274	329.5
2019-10-28T12:59	85.59328	126.11436	0.274	329.8
2019-10-28T13:09	85.59393	126.10935	0.271	329.3
2019-10-28T13:19	85.59457	126.10440	0.268	329.3
2019-10-28T13:29	85.59521	126.09947	0.268	329.4
2019-10-28T13:39	85.59586	126.09452	0.271	329.6
2019-10-28T13:49	85.59651	126.08966	0.271	330.3
2019-10-28T13:59	85.59717	126.08467	0.274	329.8
2019-10-28T14:09	85.59783	126.07980	0.273	330.5
2019-10-28T14:19	85.59849	126.07485	0.275	330.1
2019-10-28T14:29	85.59914	126.06993	0.271	329.9
2019-10-28T14:39	85.59979	126.06505	0.270	330.0
2019-10-28T14:49	85.60045	126.06038	0.270	331.4
2019-10-28T14:59	85.60111	126.05586	0.270	332.5
2019-10-28T15:09	85.60179	126.05155	0.272	334.1
2019-10-28T15:19	85.60245	126.04727	0.264	333.4
2019-10-28T15:29	85.60309	126.04302	0.259	333.1
2019-10-28T15:39	85.60372	126.03895	0.254	333.8
2019-10-28T15:49	85.60435	126.03515	0.250	335.2
2019-10-28T15:59	85.60498	126.03140	0.249	335.5
2019-10-28T16:09	85.60562	126.02761	0.254	335.6
2019-10-28T16:19	85.60626	126.02364	0.252	334.3
2019-10-28T16:29	85.60686	126.01948	0.245	332.2
2019-10-28T16:39	85.60744	126.01525	0.241	331.0
2019-10-28T16:49	85.60801	126.01086	0.239	329.5
2019-10-28T16:59	85.60857	126.00629	0.238	328.0
2019-10-28T17:09	85.60912	126.00171	0.235	327.5
2019-10-28T17:19	85.60967	125.99704	0.234	326.6
2019-10-28T17:29	85.61020	125.99240	0.232	326.4
2019-10-28T17:39	85.61074	125.98744	0.236	324.6
2019-10-28T17:49	85.61127	125.98251	0.236	324.9
2019-10-28T17:59	85.61180	125.97741	0.238	323.7
2019-10-28T18:09	85.61232	125.97203	0.238	321.5
2019-10-28T18:19	85.61283	125.96649	0.239	320.3
2019-10-28T18:29	85.61335	125.96089	0.242	320.4
2019-10-28T18:39	85.61385	125.95513	0.241	318.9
2019-10-28T18:49	85.61436	125.94936	0.242	319.0
2019-10-28T18:59	85.61487	125.94330	0.247	317.5
2019-10-28T19:09	85.61540	125.93749	0.249	320.0
2019-10-28T19:19	85.61590	125.93134	0.248	317.1
2019-10-28T19:29	85.61639	125.92490	0.250	314.7
2019-10-28T19:39	85.61689	125.91838	0.253	314.8
2019-10-28T19:49	85.61739	125.91177	0.257	314.9
2019-10-28T19:59	85.61789	125.90492	0.261	313.8
2019-10-28T20:09	85.61839	125.89800	0.262	313.4
2019-10-28T20:19	85.61890	125.89085	0.269	313.1
2019-10-28T20:29	85.61940	125.88374	0.267	312.8
2019-10-28T20:39	85.61991	125.87661	0.268	313.1
2019-10-28T20:49	85.62042	125.86944	0.269	313.0
2019-10-28T20:59	85.62095	125.86216	0.275	313.3
2019-10-28T21:09	85.62147	125.85478	0.276	312.6
2019-10-28T21:19	85.62198	125.84729	0.278	312.2
2019-10-28T21:29	85.62251	125.83966	0.283	312.2
2019-10-28T21:39	85.62304	125.83197	0.284	311.9
2019-10-28T21:49	85.62357	125.82429	0.284	312.1
2019-10-28T21:59	85.62409	125.81638	0.288	311.0
2019-10-28T22:09	85.62464	125.80857	0.291	312.4
2019-10-28T22:19	85.62517	125.80062	0.291	311.5
2019-10-28T22:29	85.62571	125.79255	0.294	311.1
2019-10-28T22:39	85.62625	125.78430	0.299	310.8
2019-10-28T22:49	85.62679	125.77580	0.303	309.5
2019-10-28T22:59	85.62734	125.76737	0.304	310.5
2019-10-28T23:09	85.62788	125.75860	0.311	309.3
2019-10-28T23:19	85.62843	125.74973	0.313	308.9
2019-10-28T23:29	85.62899	125.74107	0.311	310.1
2019-10-28T23:39	85.62953	125.73239	0.309	309.6
2019-10-28T23:49	85.63009	125.72383	0.310	310.7
2019-10-28T23:59	85.63065	125.71530	0.309	310.7
2019-10-29T00:09	85.63121	125.70644	0.316	309.6
2019-10-29T00:19	85.63178	125.69782	0.313	311.0
2019-10-29T00:29	85.63236	125.68932	0.311	311.5
2019-10-29T00:39	85.63293	125.68089	0.311	312.0
2019-10-29T00:49	85.63351	125.67276	0.304	312.8
2019-10-29T00:59	85.63408	125.66468	0.303	313.0
2019-10-29T01:09	85.63466	125.65676	0.300	313.7
2019-10-29T01:19	85.63523	125.64902	0.296	314.3
2019-10-29T01:29	85.63581	125.64146	0.292	314.9
2019-10-29T01:39	85.63638	125.63408	0.289	315.5
2019-10-29T01:49	85.63695	125.62681	0.286	315.8
2019-10-29T01:59	85.63751	125.61984	0.279	316.8
2019-10-29T02:09	85.63807	125.61298	0.276	317.2
2019-10-29T02:19	85.63864	125.60627	0.273	317.7
2019-10-29T02:29	85.63919	125.59978	0.266	318.1
2019-10-29T02:39	85.63972	125.59352	0.258	318.4
2019-10-29T02:49	85.64026	125.58728	0.257	318.4
2019-10-29T02:59	85.64078	125.58099	0.255	317.6
2019-10-29T03:09	85.64130	125.57495	0.251	318.9
2019-10-29T03:19	85.64181	125.56887	0.247	317.6
2019-10-29T03:29	85.64232	125.56300	0.243	318.6
2019-10-29T03:39	85.64281	125.55710	0.240	317.7
2019-10-29T03:49	85.64330	125.55123	0.238	317.6
2019-10-29T03:59	85.64377	125.54551	0.232	317.7
2019-10-29T04:09	85.64425	125.53976	0.232	317.3
2019-10-29T04:19	85.64472	125.53411	0.229	317.6
2019-10-29T04:29	85.64519	125.52852	0.227	317.7
2019-10-29T04:39	85.64564	125.52291	0.224	316.9
2019-10-29T04:49	85.64610	125.51738	0.223	317.3
2019-10-29T04:59	85.64655	125.51173	0.225	316.8
2019-10-29T05:09	85.64700	125.50602	0.225	316.1
2019-10-29T05:19	85.64745	125.50028	0.224	315.6
2019-10-29T05:29	85.64788	125.49456	0.222	315.2
2019-10-29T05:39	85.64831	125.48888	0.219	314.9
2019-10-29T05:49	85.64874	125.48304	0.223	314.2
2019-10-29T05:59	85.64917	125.47703	0.226	313.4
2019-10-29T06:09	85.64959	125.47087	0.226	311.8
2019-10-29T06:19	85.65001	125.46473	0.226	312.0
2019-10-29T06:29	85.65042	125.45826	0.229	309.6
2019-10-29T06:39	85.65083	125.45168	0.233	309.4
2019-10-29T06:49	85.65123	125.44493	0.236	308.6
2019-10-29T06:59	85.65165	125.43819	0.238	309.4
2019-10-29T07:09	85.65206	125.43117	0.241	307.4
2019-10-29T07:19	85.65248	125.42416	0.244	308.3
2019-10-29T07:29	85.65290	125.41685	0.250	307.2
2019-10-29T07:39	85.65332	125.40966	0.247	307.2
2019-10-29T07:49	85.65374	125.40217	0.254	306.4
2019-10-29T07:59	85.65415	125.39459	0.256	306.1
2019-10-29T08:09	85.65458	125.38684	0.261	305.9
2019-10-29T08:19	85.65501	125.37908	0.262	306.1
2019-10-29T08:29	85.65545	125.37139	0.263	307.3
2019-10-29T08:39	85.65589	125.36353	0.267	306.6
2019-10-29T08:49	85.65634	125.35546	0.272	306.0
2019-10-29T08:59	85.65679	125.34744	0.272	306.4
2019-10-29T09:09	85.65724	125.33923	0.277	306.0
2019-10-29T09:19	85.65770	125.33092	0.281	306.3
2019-10-29T09:29	85.65816	125.32261	0.281	306.3
2019-10-29T09:39	85.65864	125.31420	0.286	306.8
2019-10-29T09:49	85.65913	125.30573	0.290	307.3
2019-10-29T09:59	85.65962	125.29716	0.292	307.0
2019-10-29T10:09	85.66011	125.28848	0.297	307.1
2019-10-29T10:19	85.66062	125.27973	0.300	307.3
2019-10-29T10:29	85.66112	125.27086	0.303	307.0
2019-10-29T10:39	85.66164	125.26194	0.306	307.4
2019-10-29T10:49	85.66216	125.25297	0.308	307.4
2019-10-29T10:59	85.66269	125.24400	0.311	308.2
2019-10-29T11:09	85.66323	125.23530	0.307	309.6
2019-10-29T11:19	85.66378	125.22644	0.311	309.2
2019-10-29T11:29	85.66433	125.21775	0.309	310.0
2019-10-29T11:39	85.66489	125.20897	0.312	310.1
2019-10-29T11:49	85.66546	125.20031	0.312	310.9
2019-10-29T11:59	85.66602	125.19186	0.307	311.5
2019-10-29T12:09	85.66658	125.18345	0.305	311.4
2019-10-29T12:19	85.66715	125.17517	0.305	312.4
2019-10-29T12:29	85.66772	125.16707	0.300	312.6
2019-10-29T12:39	85.66827	125.15921	0.293	313.2
2019-10-29T12:49	85.66883	125.15148	0.290	313.5
2019-10-29T12:59	85.66939	125.14395	0.287	314.6
2019-10-29T13:09	85.66995	125.13653	0.285	315.0
2019-10-29T13:19	85.67050	125.12933	0.280	315.5
2019-10-29T13:29	85.67105	125.12225	0.277	316.1
2019-10-29T13:39	85.67160	125.11535	0.272	316.4
2019-10-29T13:49	85.67214	125.10850	0.268	316.1
2019-10-29T13:59	85.67268	125.10178	0.265	316.5
2019-10-29T14:09	85.67320	125.09522	0.260	316.6
2019-10-29T14:19	85.67372	125.08870	0.258	316.7
2019-10-29T14:29	85.67423	125.08237	0.252	316.9
2019-10-29T14:39	85.67474	125.07618	0.248	317.4
2019-10-29T14:49	85.67524	125.07016	0.242	317.6
2019-10-29T14:59	85.67572	125.06424	0.237	317.4
2019-10-29T15:09	85.67620	125.05840	0.234	317.4
2019-10-29T15:19	85.67667	125.05268	0.229	317.3
2019-10-29T15:29	85.67713	125.04697	0.227	317.1
2019-10-29T15:39	85.67758	125.04142	0.221	317.0
2019-10-29T15:49	85.67802	125.03600	0.218	317.5
2019-10-29T15:59	85.67846	125.03061	0.215	317.1
2019-10-29T16:09	85.67888	125.02520	0.212	316.3
2019-10-29T16:19	85.67931	125.01989	0.211	316.8
2019-10-29T16:29	85.67973	125.01460	0.207	316.2
2019-10-29T16:39	85.68014	125.00931	0.208	316.3
2019-10-29T16:49	85.68056	125.00407	0.205	316.2
2019-10-29T16:59	85.68096	124.99862	0.207	314.3
2019-10-29T17:09	85.68135	124.99335	0.201	314.8
2019-10-29T17:19	85.68174	124.98803	0.203	314.6
2019-10-29T17:29	85.68213	124.98264	0.203	313.9
2019-10-29T17:39	85.68252	124.97720	0.203	313.5
2019-10-29T17:49	85.68291	124.97182	0.203	314.0
2019-10-29T17:59	85.68330	124.96632	0.204	313.2
2019-10-29T18:09	85.68368	124.96073	0.203	311.8
2019-10-29T18:19	85.68406	124.95505	0.205	311.4
2019-10-29T18:29	85.68444	124.94922	0.209	311.0
2019-10-29T18:39	85.68480	124.94339	0.206	309.9
2019-10-29T18:49	85.68518	124.93748	0.210	310.4
2019-10-29T18:59	85.68556	124.93138	0.214	309.4
2019-10-29T19:09	85.68594	124.92524	0.215	309.1
2019-10-29T19:19	85.68632	124.91902	0.217	309.0
2019-10-29T19:29	85.68670	124.91258	0.222	308.3
2019-10-29T19:39	85.68708	124.90613	0.223	308.6
2019-10-29T19:49	85.68747	124.89956	0.226	308.1
2019-10-29T19:59	85.68785	124.89290	0.226	307.2
2019-10-29T20:09	85.68823	124.88618	0.228	307.1
2019-10-29T20:19	85.68862	124.87941	0.230	307.0
2019-10-29T20:29	85.68901	124.87265	0.230	307.5
2019-10-29T20:39	85.68939	124.86571	0.233	306.4
2019-10-29T20:49	85.68978	124.85882	0.232	306.7
2019-10-29T20:59	85.69017	124.85191	0.234	307.0
2019-10-29T21:09	85.69057	124.84485	0.239	306.9
2019-10-29T21:19	85.69096	124.83766	0.241	306.2
2019-10-29T21:29	85.69136	124.83035	0.245	306.2
2019-10-29T21:39	85.69178	124.82311	0.247	307.6
2019-10-29T21:49	85.69219	124.81573	0.249	306.6
2019-10-29T21:59	85.69262	124.80832	0.252	307.4
2019-10-29T22:09	85.69304	124.80105	0.249	308.0
2019-10-29T22:19	85.69348	124.79350	0.258	307.7
2019-10-29T22:29	85.69393	124.78590	0.261	308.1
2019-10-29T22:39	85.69439	124.77811	0.268	308.1
2019-10-29T22:49	85.69486	124.77039	0.268	308.9
2019-10-29T22:59	85.69531	124.76292	0.260	308.9
2019-10-29T23:09	85.69579	124.75526	0.269	309.7
2019-10-29T23:19	85.69628	124.74756	0.273	310.3
2019-10-29T23:29	85.69678	124.73969	0.279	310.3
2019-10-29T23:39	85.69727	124.73186	0.277	310.2
2019-10-29T23:49	85.69777	124.72418	0.274	310.8
2019-10-29T23:59	85.69828	124.71658	0.274	311.5
2019-10-30T00:09	85.69880	124.70893	0.279	312.2
2019-10-30T00:19	85.69930	124.70170	0.265	312.6
2019-10-30T00:29	85.69980	124.69461	0.265	313.7
2019-10-30T00:39	85.70030	124.68759	0.261	313.4
2019-10-30T00:49	85.70081	124.68035	0.267	312.9
2019-10-30T00:59	85.70132	124.67321	0.266	313.6
2019-10-30T01:09	85.70182	124.66623	0.260	313.7
2019-10-30T01:19	85.70232	124.65938	0.258	314.4
2019-10-30T01:29	85.70282	124.65271	0.254	314.8
2019-10-30T01:39	85.70331	124.64614	0.251	315.2
2019-10-30T01:49	85.70380	124.63970	0.249	315.6
2019-10-30T01:59	85.70428	124.63343	0.242	315.7
2019-10-30T02:09	85.70476	124.62725	0.238	315.5
2019-10-30T02:19	85.70522	124.62118	0.235	315.9
2019-10-30T02:29	85.70568	124.61529	0.229	316.2
2019-10-30T02:39	85.70613	124.60946	0.225	315.7
2019-10-30T02:49	85.70658	124.60402	0.218	317.6
2019-10-30T02:59	85.70702	124.59852	0.217	316.9
2019-10-30T03:09	85.70745	124.59310	0.213	316.7
2019-10-30T03:19	85.70787	124.58769	0.210	316.1
2019-10-30T03:29	85.70829	124.58232	0.209	316.2
2019-10-30T03:39	85.70869	124.57696	0.205	315.3
2019-10-30T03:49	85.70910	124.57173	0.204	316.3
2019-10-30T03:59	85.70949	124.56660	0.197	315.6
2019-10-30T04:09	85.70989	124.56149	0.199	316.2
2019-10-30T04:19	85.71029	124.55651	0.195	316.5
2019-10-30T04:29	85.71067	124.55146	0.193	315.4
2019-10-30T04:39	85.71104	124.54642	0.190	314.6
2019-10-30T04:49	85.71140	124.54133	0.189	313.6
2019-10-30T04:59	85.71176	124.53624	0.188	313.1
2019-10-30T05:09	85.71211	124.53111	0.187	312.3
2019-10-30T05:19	85.71246	124.52588	0.189	311.7
2019-10-30T05:29	85.71280	124.52067	0.186	311.3
2019-10-30T05:39	85.71313	124.51539	0.187	310.4
2019-10-30T05:49	85.71347	124.51005	0.188	310.0
2019-10-30T05:59	85.71380	124.50459	0.191	309.6
2019-10-30T06:09	85.71413	124.49916	0.188	309.1
2019-10-30T06:19	85.71448	124.49373	0.191	310.3
2019-10-30T06:29	85.71481	124.48811	0.193	308.5
2019-10-30T06:39	85.71514	124.48231	0.195	306.8
2019-10-30T06:49	85.71546	124.47633	0.199	306.0
2019-10-30T06:59	85.71579	124.47022	0.203	305.9
2019-10-30T07:09	85.71612	124.46391	0.207	304.9
2019-10-30T07:19	85.71645	124.45737	0.212	304.0
2019-10-30T07:29	85.71678	124.45066	0.217	303.6
2019-10-30T07:39	85.71712	124.44394	0.217	303.7
2019-10-30T07:49	85.71745	124.43698	0.223	303.0
2019-10-30T07:59	85.71780	124.43001	0.224	303.3
2019-10-30T08:09	85.71813	124.42299	0.224	302.8
2019-10-30T08:19	85.71848	124.41585	0.229	302.9
2019-10-30T08:29	85.71883	124.40851	0.235	302.8
2019-10-30T08:39	85.71919	124.40114	0.236	303.1
2019-10-30T08:49	85.71955	124.39361	0.240	302.7
2019-10-30T08:59	85.71989	124.38580	0.244	300.5
2019-10-30T09:09	85.72025	124.37799	0.246	301.6
2019-10-30T09:19	85.72063	124.37025	0.249	303.4
2019-10-30T09:29	85.72102	124.36247	0.251	303.6
2019-10-30T09:39	85.72141	124.35468	0.253	304.2
2019-10-30T09:49	85.72181	124.34693	0.253	304.7
2019-10-30T09:59	85.72222	124.33925	0.252	305.1
2019-10-30T10:09	85.72263	124.33155	0.255	305.7
2019-10-30T10:19	85.72304	124.32392	0.253	306.1
2019-10-30T10:29	85.72347	124.31640	0.253	307.1
2019-10-30T10:39	85.72389	124.30880	0.255	306.9
2019-10-30T10:49	85.72432	124.30104	0.258	306.1
2019-10-30T10:59	85.72476	124.29350	0.258	308.2
2019-10-30T11:09	85.72520	124.28607	0.256	308.8
2019-10-30T11:19	85.72565	124.27875	0.255	309.5
2019-10-30T11:29	85.72610	124.27166	0.250	310.4
2019-10-30T11:39	85.72655	124.26465	0.248	310.8
2019-10-30T11:49	85.72701	124.25774	0.247	311.3
2019-10-30T11:59	85.72746	124.25092	0.245	311.6
2019-10-30T12:09	85.72791	124.24419	0.243	312.0
2019-10-30T12:19	85.72836	124.23752	0.241	312.2
2019-10-30T12:29	85.72881	124.23102	0.238	312.7
2019-10-30T12:39	85.72925	124.22460	0.235	312.9
2019-10-30T12:49	85.72969	124.21826	0.231	312.7
2019-10-30T12:59	85.73012	124.21207	0.228	313.4
2019-10-30T13:09	85.73055	124.20605	0.222	313.5
2019-10-30T13:19	85.73096	124.20015	0.218	313.6
2019-10-30T13:29	85.73138	124.19435	0.217	314.2
2019-10-30T13:39	85.73179	124.18859	0.213	313.6
2019-10-30T13:49	85.73220	124.18273	0.214	312.9
2019-10-30T13:59	85.73259	124.17702	0.210	313.2
2019-10-30T14:09	85.73298	124.17132	0.207	312.3
2019-10-30T14:19	85.73335	124.16588	0.196	312.0
2019-10-30T14:29	85.73371	124.16072	0.190	313.3
2019-10-30T14:39	85.73406	124.15583	0.183	314.3
2019-10-30T14:49	85.73441	124.15072	0.185	312.1
2019-10-30T14:59	85.73474	124.14550	0.185	310.8
2019-10-30T15:09	85.73506	124.14041	0.179	310.4
2019-10-30T15:19	85.73537	124.13538	0.175	309.5
2019-10-30T15:29	85.73567	124.13038	0.173	309.2
2019-10-30T15:39	85.73597	124.12549	0.168	308.9
2019-10-30T15:49	85.73625	124.12073	0.164	308.9
2019-10-30T15:59	85.73652	124.11594	0.161	307.1
2019-10-30T16:09	85.73678	124.11114	0.160	306.5
2019-10-30T16:19	85.73704	124.10643	0.155	305.8
2019-10-30T16:29	85.73729	124.10141	0.162	303.8
2019-10-30T16:39	85.73753	124.09669	0.154	305.1
2019-10-30T16:49	85.73777	124.09176	0.157	302.9
2019-10-30T16:59	85.73800	124.08682	0.157	302.5
2019-10-30T17:09	85.73824	124.08186	0.157	302.1
2019-10-30T17:19	85.73847	124.07681	0.159	301.9
2019-10-30T17:29	85.73870	124.07157	0.163	300.7
2019-10-30T17:39	85.73893	124.06625	0.165	300.2
2019-10-30T17:49	85.73915	124.06090	0.164	299.3
2019-10-30T17:59	85.73938	124.05552	0.165	299.4
2019-10-30T18:09	85.73960	124.04998	0.168	298.3
2019-10-30T18:19	85.73983	124.04442	0.170	299.1
2019-10-30T18:29	85.74005	124.03863	0.175	297.7
2019-10-30T18:39	85.74028	124.03282	0.175	297.4
2019-10-30T18:49	85.74051	124.02689	0.180	298.1
2019-10-30T18:59	85.74075	124.02091	0.182	298.4
2019-10-30T19:09	85.74100	124.01488	0.183	298.4
2019-10-30T19:19	85.74124	124.00871	0.187	298.0
2019-10-30T19:29	85.74149	124.00239	0.191	297.8
2019-10-30T19:39	85.74174	123.99607	0.192	298.6
2019-10-30T19:49	85.74201	123.98959	0.198	298.7
2019-10-30T19:59	85.74228	123.98301	0.201	298.9
2019-10-30T20:09	85.74255	123.97613	0.209	298.2
2019-10-30T20:19	85.74283	123.96922	0.211	299.0
2019-10-30T20:29	85.74313	123.96226	0.214	299.4
2019-10-30T20:39	85.74343	123.95518	0.218	299.7
2019-10-30T20:49	85.74373	123.94806	0.220	300.1
2019-10-30T20:59	85.74405	123.94082	0.225	300.7
2019-10-30T21:09	85.74438	123.93343	0.229	300.6
2019-10-30T21:19	85.74471	123.92603	0.231	301.2
2019-10-30T21:29	85.74505	123.91865	0.233	302.2
2019-10-30T21:39	85.74541	123.91117	0.237	302.5
2019-10-30T21:49	85.74577	123.90366	0.239	302.9
2019-10-30T21:59	85.74614	123.89610	0.242	303.4
2019-10-30T22:09	85.74652	123.88848	0.245	303.8
2019-10-30T22:19	85.74690	123.88091	0.245	304.6
2019-10-30T22:29	85.74730	123.87339	0.246	305.4
2019-10-30T22:39	85.74770	123.86583	0.248	305.5
2019-10-30T22:49	85.74811	123.85835	0.248	306.3
2019-10-30T22:59	85.74852	123.85086	0.249	306.5
2019-10-30T23:09	85.74894	123.84340	0.250	307.3
2019-10-30T23:19	85.74937	123.83590	0.252	307.6
2019-10-30T23:29	85.74980	123.82841	0.253	307.9
2019-10-30T23:39	85.75024	123.82104	0.252	308.7
2019-10-30T23:49	85.75067	123.81377	0.250	309.1
2019-10-30T23:59	85.75110	123.80664	0.245	309.0
2019-10-31T00:09	85.75154	123.79972	0.243	310.5
2019-10-31T00:19	85.75197	123.79269	0.244	309.7
2019-10-31T00:29	85.75241	123.78584	0.242	311.0
2019-10-31T00:39	85.75285	123.77912	0.237	311.0
2019-10-31T00:49	85.75328	123.77250	0.235	311.4
2019-10-31T00:59	85.75370	123.76601	0.231	311.4
2019-10-31T01:09	85.75412	123.75991	0.221	312.6
2019-10-31T01:19	85.75453	123.75388	0.218	312.5
2019-10-31T01:29	85.75493	123.74781	0.218	311.9
2019-10-31T01:39	85.75533	123.74191	0.213	312.5
2019-10-31T01:49	85.75572	123.73608	0.210	312.3
2019-10-31T01:59	85.75610	123.73043	0.203	312.2
2019-10-31T02:09	85.75648	123.72487	0.201	312.3
2019-10-31T02:19	85.75684	123.71946	0.196	312.7
2019-10-31T02:29	85.75720	123.71413	0.192	312.2
2019-10-31T02:39	85.75755	123.70889	0.188	312.1
2019-10-31T02:49	85.75789	123.70391	0.179	312.1
2019-10-31T02:59	85.75822	123.69884	0.180	311.3
2019-10-31T03:09	85.75853	123.69397	0.173	311.4
2019-10-31T03:19	85.75884	123.68915	0.170	311.0
2019-10-31T03:29	85.75915	123.68438	0.168	310.8
2019-10-31T03:39	85.75944	123.67970	0.164	310.6
2019-10-31T03:49	85.75973	123.67511	0.160	310.4
2019-10-31T03:59	85.76001	123.67050	0.159	309.5
2019-10-31T04:09	85.76029	123.66599	0.156	309.7
2019-10-31T04:19	85.76056	123.66146	0.155	308.8
2019-10-31T04:29	85.76083	123.65698	0.153	308.9
2019-10-31T04:39	85.76109	123.65248	0.153	308.5
2019-10-31T04:49	85.76136	123.64800	0.153	308.6
2019-10-31T04:59	85.76162	123.64349	0.152	307.9
2019-10-31T05:09	85.76187	123.63893	0.152	307.0
2019-10-31T05:19	85.76212	123.63440	0.151	306.9
2019-10-31T05:29	85.76237	123.62987	0.150	306.4
2019-10-31T05:39	85.76261	123.62529	0.150	305.8
2019-10-31T05:49	85.76285	123.62058	0.153	305.0
2019-10-31T05:59	85.76310	123.61589	0.152	304.7
2019-10-31T06:09	85.76334	123.61116	0.153	304.6
2019-10-31T06:19	85.76358	123.60642	0.153	304.8
2019-10-31T06:29	85.76382	123.60164	0.154	304.5
2019-10-31T06:39	85.76406	123.59673	0.157	303.7
2019-10-31T06:49	85.76431	123.59178	0.158	303.8
2019-10-31T06:59	85.76456	123.58665	0.163	303.1
2019-10-31T07:09	85.76481	123.58157	0.164	304.4
2019-10-31T07:19	85.76507	123.57638	0.167	304.0
2019-10-31T07:29	85.76533	123.57109	0.169	304.0
2019-10-31T07:39	85.76560	123.56576	0.172	304.3
2019-10-31T07:49	85.76587	123.56033	0.174	303.9
2019-10-31T07:59	85.76615	123.55488	0.176	304.6
2019-10-31T08:09	85.76643	123.54928	0.180	304.3
2019-10-31T08:19	85.76673	123.54359	0.185	305.2
2019-10-31T08:29	85.76702	123.53789	0.185	304.8
2019-10-31T08:39	85.76732	123.53204	0.190	305.2
2019-10-31T08:49	85.76764	123.52614	0.193	305.6
2019-10-31T08:59	85.76795	123.52013	0.196	305.5
2019-10-31T09:09	85.76828	123.51415	0.197	306.4
2019-10-31T09:19	85.76861	123.50815	0.199	306.8
2019-10-31T09:29	85.76896	123.50206	0.205	307.8
2019-10-31T09:39	85.76931	123.49606	0.202	308.0
2019-10-31T09:49	85.76966	123.49002	0.205	308.4
2019-10-31T09:59	85.77002	123.48398	0.206	309.0
2019-10-31T10:09	85.77039	123.47794	0.208	309.7
2019-10-31T10:19	85.77077	123.47186	0.211	310.1
2019-10-31T10:29	85.77115	123.46581	0.212	310.7
2019-10-31T10:39	85.77153	123.45976	0.212	310.7
2019-10-31T10:49	85.77192	123.45364	0.215	311.0
2019-10-31T10:59	85.77231	123.44779	0.209	312.1
2019-10-31T11:09	85.77271	123.44184	0.214	312.4
2019-10-31T11:19	85.77312	123.43601	0.213	313.2
2019-10-31T11:29	85.77352	123.43003	0.216	312.7
2019-10-31T11:39	85.77393	123.42444	0.208	314.5
2019-10-31T11:49	85.77433	123.41878	0.209	314.0
2019-10-31T11:59	85.77474	123.41321	0.208	314.7
2019-10-31T12:09	85.77514	123.40767	0.207	314.8
2019-10-31T12:19	85.77555	123.40214	0.206	314.7
2019-10-31T12:29	85.77595	123.39680	0.202	315.6
2019-10-31T12:39	85.77635	123.39150	0.202	315.8
2019-10-31T12:49	85.77675	123.38636	0.197	316.3
2019-10-31T12:59	85.77713	123.38134	0.193	316.5
2019-10-31T13:09	85.77752	123.37644	0.190	316.9
2019-10-31T13:19	85.77790	123.37162	0.188	317.3
2019-10-31T13:29	85.77828	123.36694	0.184	317.7
2019-10-31T13:39	85.77865	123.36233	0.181	317.4
2019-10-31T13:49	85.77901	123.35777	0.177	317.0
2019-10-31T13:59	85.77938	123.35321	0.178	317.3
2019-10-31T14:09	85.77971	123.34885	0.168	316.5
2019-10-31T14:19	85.78005	123.34465	0.163	317.1
2019-10-31T14:29	85.78039	123.34048	0.167	318.4
2019-10-31T14:39	85.78071	123.33642	0.158	317.0
2019-10-31T14:49	85.78103	123.33249	0.154	317.7
2019-10-31T14:59	85.78134	123.32860	0.151	317.0
2019-10-31T15:09	85.78163	123.32481	0.145	316.3
2019-10-31T15:19	85.78192	123.32092	0.147	315.6
2019-10-31T15:29	85.78220	123.31710	0.143	315.1
2019-10-31T15:39	85.78248	123.31328	0.141	314.2
2019-10-31T15:49	85.78274	123.30948	0.137	312.9
2019-10-31T15:59	85.78300	123.30571	0.137	313.5
2019-10-31T16:09	85.78325	123.30192	0.135	311.8
2019-10-31T16:19	85.78349	123.29824	0.132	312.2
2019-10-31T16:29	85.78373	123.29439	0.134	310.4
2019-10-31T16:39	85.78398	123.29067	0.133	312.2
2019-10-31T16:49	85.78421	123.28693	0.129	309.6
2019-10-31T16:59	85.78444	123.28313	0.130	309.4
2019-10-31T17:09	85.78466	123.27941	0.127	309.1
2019-10-31T17:19	85.78488	123.27560	0.129	308.5
2019-10-31T17:29	85.78510	123.27166	0.131	307.0
2019-10-31T17:39	85.78532	123.26769	0.132	307.0
2019-10-31T17:49	85.78554	123.26375	0.131	307.4
2019-10-31T17:59	85.78576	123.25967	0.134	306.1
2019-10-31T18:09	85.78598	123.25554	0.135	306.0
2019-10-31T18:19	85.78621	123.25137	0.137	306.4
2019-10-31T18:29	85.78643	123.24705	0.139	304.9
2019-10-31T18:39	85.78665	123.24281	0.137	305.3
2019-10-31T18:49	85.78688	123.23842	0.143	305.5
2019-10-31T18:59	85.78711	123.23389	0.146	304.7
2019-10-31T19:09	85.78735	123.22937	0.146	305.1
2019-10-31T19:19	85.78758	123.22469	0.151	304.9
2019-10-31T19:29	85.78783	123.21994	0.154	305.1
2019-10-31T19:39	85.78808	123.21512	0.156	305.0
2019-10-31T19:49	85.78833	123.21018	0.159	304.9
2019-10-31T19:59	85.78859	123.20517	0.162	304.9
2019-10-31T20:09	85.78885	123.20006	0.165	304.8
2019-10-31T20:19	85.78913	123.19488	0.169	306.1
2019-10-31T20:29	85.78941	123.18964	0.172	306.2
2019-10-31T20:39	85.78969	123.18429	0.175	306.0
2019-10-31T20:49	85.78999	123.17888	0.178	306.6
2019-10-31T20:59	85.79029	123.17342	0.181	306.9
2019-10-31T21:09	85.79060	123.16790	0.183	307.3
2019-10-31T21:19	85.79092	123.16234	0.187	308.3
2019-10-31T21:29	85.79125	123.15676	0.188	308.4
2019-10-31T21:39	85.79159	123.15109	0.194	309.3
2019-10-31T21:49	85.79193	123.14537	0.195	309.2
2019-10-31T21:59	85.79228	123.13966	0.197	310.1
2019-10-31T22:09	85.79264	123.13392	0.199	310.5
2019-10-31T22:19	85.79301	123.12817	0.202	311.3
2019-10-31T22:29	85.79339	123.12235	0.205	311.4
2019-10-31T22:39	85.79378	123.11664	0.206	313.0
2019-10-31T22:49	85.79417	123.11092	0.207	313.0
2019-10-31T22:59	85.79457	123.10526	0.207	313.9
2019-10-31T23:09	85.79498	123.09962	0.209	314.5
2019-10-31T23:19	85.79539	123.09401	0.210	315.1
2019-10-31T23:29	85.79580	123.08852	0.208	315.8
2019-10-31T23:39	85.79622	123.08315	0.206	316.6
2019-10-31T23:49	85.79665	123.07791	0.207	318.1
2019-10-31T23:59	85.79707	123.07276	0.205	318.5
2019-11-01T00:09	85.79750	123.06778	0.203	319.6
2019-11-01T00:19	85.79793	123.06284	0.203	320.0
2019-11-01T00:29	85.79836	123.05803	0.200	320.7
2019-11-01T00:39	85.79878	123.05331	0.196	320.6
2019-11-01T00:49	85.79922	123.04877	0.196	322.3
2019-11-01T00:59	85.79964	123.04437	0.192	322.8
2019-11-01T01:09	85.80006	123.03999	0.191	322.9
2019-11-01T01:19	85.80048	123.03566	0.190	323.0
2019-11-01T01:29	85.80090	123.03147	0.187	323.7
2019-11-01T01:39	85.80132	123.02729	0.186	323.6
2019-11-01T01:49	85.80173	123.02326	0.182	324.3
2019-11-01T01:59	85.80213	123.01922	0.180	323.7
2019-11-01T02:09	85.80253	123.01527	0.177	324.1
2019-11-01T02:19	85.80292	123.01147	0.172	324.4
2019-11-01T02:29	85.80330	123.00776	0.169	324.8
2019-11-01T02:39	85.80368	123.00480	0.156	330.1
2019-11-01T02:49	85.80405	123.00186	0.154	329.8
2019-11-01T02:59	85.80441	122.99896	0.152	329.9
2019-11-01T03:09	85.80478	122.99594	0.154	329.0
2019-11-01T03:19	85.80513	122.99289	0.150	327.5
2019-11-01T03:29	85.80546	122.98989	0.144	326.6
2019-11-01T03:39	85.80579	122.98704	0.140	327.7
2019-11-01T03:49	85.80611	122.98411	0.138	326.1
2019-11-01T03:59	85.80643	122.98124	0.137	326.6
2019-11-01T04:09	85.80673	122.97861	0.129	327.5
2019-11-01T04:19	85.80703	122.97597	0.129	327.3
2019-11-01T04:29	85.80732	122.97327	0.126	325.7
2019-11-01T04:39	85.80760	122.97057	0.124	324.8
2019-11-01T04:49	85.80788	122.96774	0.125	323.3
2019-11-01T04:59	85.80815	122.96492	0.122	322.6
2019-11-01T05:09	85.80842	122.96213	0.121	322.8
2019-11-01T05:19	85.80868	122.95935	0.121	322.7
2019-11-01T05:29	85.80895	122.95657	0.119	322.1
2019-11-01T05:39	85.80920	122.95374	0.119	321.4
2019-11-01T05:49	85.80946	122.95085	0.119	320.1
2019-11-01T05:59	85.80971	122.94790	0.120	319.7
2019-11-01T06:09	85.80997	122.94487	0.121	318.9
2019-11-01T06:19	85.81022	122.94176	0.123	318.3
2019-11-01T06:29	85.81048	122.93851	0.126	317.1
2019-11-01T06:39	85.81073	122.93532	0.124	317.5
2019-11-01T06:49	85.81099	122.93207	0.126	317.2
2019-11-01T06:59	85.81125	122.92864	0.130	316.3
2019-11-01T07:09	85.81152	122.92533	0.131	318.5
2019-11-01T07:19	85.81179	122.92190	0.132	316.7
2019-11-01T07:29	85.81205	122.91843	0.132	316.4
2019-11-01T07:39	85.81233	122.91490	0.136	317.1
2019-11-01T07:49	85.81261	122.91142	0.135	317.3
2019-11-01T07:59	85.81289	122.90791	0.138	318.1
2019-11-01T08:09	85.81319	122.90428	0.143	318.0
2019-11-01T08:19	85.81349	122.90054	0.147	318.0
2019-11-01T08:29	85.81380	122.89675	0.150	318.5
2019-11-01T08:39	85.81412	122.89287	0.154	318.6
2019-11-01T08:49	85.81445	122.88900	0.156	319.4
2019-11-01T08:59	85.81479	122.88505	0.161	319.7
2019-11-01T09:09	85.81514	122.88109	0.162	320.0
2019-11-01T09:19	85.81549	122.87713	0.165	320.8
2019-11-01T09:29	85.81586	122.87316	0.169	321.8
2019-11-01T09:39	85.81622	122.86917	0.167	321.2
2019-11-01T09:49	85.81659	122.86519	0.168	321.5
2019-11-01T09:59	85.81693	122.86119	0.163	320.0
2019-11-01T10:09	85.81728	122.85717	0.163	319.5
2019-11-01T10:19	85.81764	122.85324	0.166	321.7
2019-11-01T10:29	85.81803	122.84946	0.172	324.6
2019-11-01T10:39	85.81842	122.84576	0.173	325.8
2019-11-01T10:49	85.81883	122.84201	0.177	326.2
2019-11-01T10:59	85.81924	122.83825	0.178	326.2
2019-11-01T11:09	85.81966	122.83456	0.178	327.1
2019-11-01T11:19	85.82008	122.83096	0.177	327.9
2019-11-01T11:29	85.82049	122.82741	0.175	327.9
2019-11-01T11:39	85.82090	122.82398	0.174	328.9
2019-11-01T11:49	85.82133	122.82075	0.175	331.1
2019-11-01T11:59	85.82174	122.81748	0.170	329.6
2019-11-01T12:09	85.82214	122.81431	0.168	330.4
2019-11-01T12:19	85.82256	122.81139	0.168	332.9
2019-11-01T12:29	85.82297	122.80866	0.165	334.2
2019-11-01T12:39	85.82338	122.80605	0.163	335.2
2019-11-01T12:49	85.82380	122.80354	0.164	336.3
2019-11-01T12:59	85.82421	122.80108	0.159	336.1
2019-11-01T13:09	85.82459	122.79883	0.150	336.8
2019-11-01T13:19	85.82498	122.79664	0.151	337.7
2019-11-01T13:29	85.82536	122.79459	0.148	338.7
2019-11-01T13:39	85.82573	122.79260	0.143	338.7
2019-11-01T13:49	85.82610	122.79071	0.142	339.7
2019-11-01T13:59	85.82647	122.78889	0.140	340.0
2019-11-01T14:09	85.82683	122.78724	0.137	341.6
2019-11-01T14:19	85.82717	122.78580	0.129	343.0
2019-11-01T14:29	85.82751	122.78451	0.126	344.5
2019-11-01T14:39	85.82783	122.78330	0.121	344.8
2019-11-01T14:49	85.82816	122.78210	0.121	344.9
2019-11-01T14:59	85.82846	122.78098	0.113	345.0
2019-11-01T15:09	85.82874	122.77988	0.105	344.1
2019-11-01T15:19	85.82902	122.77872	0.103	342.9
2019-11-01T15:29	85.82927	122.77761	0.098	342.7
2019-11-01T15:39	85.82952	122.77653	0.093	342.3
2019-11-01T15:49	85.82976	122.77554	0.091	343.4
2019-11-01T15:59	85.82999	122.77454	0.085	342.1
2019-11-01T16:09	85.83020	122.77368	0.081	343.7
2019-11-01T16:19	85.83041	122.77258	0.081	339.1
2019-11-01T16:29	85.83061	122.77178	0.074	343.7
2019-11-01T16:39	85.83080	122.77086	0.073	340.5
2019-11-01T16:49	85.83097	122.76999	0.066	340.0
2019-11-01T16:59	85.83115	122.76900	0.067	337.5
2019-11-01T17:09	85.83131	122.76804	0.064	336.8
2019-11-01T17:19	85.83147	122.76689	0.065	332.3
2019-11-01T17:29	85.83162	122.76564	0.064	329.5
2019-11-01T17:39	85.83177	122.76432	0.062	326.4
2019-11-01T17:49	85.83192	122.76299	0.063	326.6
2019-11-01T17:59	85.83206	122.76171	0.063	328.1
2019-11-01T18:09	85.83221	122.76016	0.066	322.2
2019-11-01T18:19	85.83236	122.75862	0.067	323.2
2019-11-01T18:29	85.83251	122.75681	0.073	319.1
2019-11-01T18:39	85.83265	122.75494	0.070	315.8
2019-11-01T18:49	85.83279	122.75296	0.072	314.0
2019-11-01T18:59	85.83294	122.75086	0.076	313.7
2019-11-01T19:09	85.83308	122.74868	0.078	312.6
2019-11-01T19:19	85.83323	122.74616	0.086	309.7
2019-11-01T19:29	85.83338	122.74380	0.081	309.9
2019-11-01T19:39	85.83353	122.74129	0.085	309.6
2019-11-01T19:49	85.83368	122.73875	0.087	310.2
2019-11-01T19:59	85.83384	122.73600	0.092	308.5
2019-11-01T20:09	85.83401	122.73322	0.093	308.8
2019-11-01T20:19	85.83418	122.73034	0.098	309.7
2019-11-01T20:29	85.83436	122.72738	0.101	310.0
2019-11-01T20:39	85.83454	122.72445	0.101	310.5
2019-11-01T20:49	85.83471	122.72146	0.100	308.5
2019-11-01T20:59	85.83489	122.71861	0.097	309.8
2019-11-01T21:09	85.83507	122.71566	0.102	310.8
2019-11-01T21:19	85.83527	122.71272	0.105	312.7
2019-11-01T21:29	85.83548	122.70972	0.109	313.8
2019-11-01T21:39	85.83570	122.70656	0.114	313.7
2019-11-01T21:49	85.83594	122.70335	0.121	315.9
2019-11-01T21:59	85.83619	122.70006	0.126	316.9
2019-11-01T22:09	85.83646	122.69665	0.132	317.5
2019-11-01T22:19	85.83674	122.69320	0.134	317.9
2019-11-01T22:29	85.83703	122.68979	0.138	319.7
2019-11-01T22:39	85.83734	122.68633	0.143	320.8
2019-11-01T22:49	85.83766	122.68280	0.147	321.0
2019-11-01T22:59	85.83797	122.67925	0.147	321.0
2019-11-01T23:09	85.83830	122.67574	0.148	321.6
2019-11-01T23:19	85.83863	122.67234	0.149	323.4
2019-11-01T23:29	85.83897	122.66899	0.149	324.1
2019-11-01T23:39	85.83931	122.66567	0.150	324.7
2019-11-01T23:49	85.83965	122.66245	0.150	325.9
2019-11-01T23:59	85.84000	122.65924	0.151	326.2
2019-11-02T00:09	85.84034	122.65616	0.148	327.2
2019-11-02T00:19	85.84070	122.65316	0.150	328.5
2019-11-02T00:29	85.84105	122.65025	0.147	328.8
2019-11-02T00:39	85.84140	122.64738	0.148	329.7
2019-11-02T00:49	85.84176	122.64466	0.146	330.8
2019-11-02T00:59	85.84212	122.64204	0.146	332.2
2019-11-02T01:09	85.84248	122.63938	0.147	331.8
2019-11-02T01:19	85.84283	122.63687	0.143	332.8
2019-11-02T01:29	85.84318	122.63434	0.143	332.4
2019-11-02T01:39	85.84353	122.63207	0.138	334.6
2019-11-02T01:49	85.84387	122.62987	0.135	334.7
2019-11-02T01:59	85.84420	122.62773	0.131	334.9
2019-11-02T02:09	85.84451	122.62587	0.125	336.9
2019-11-02T02:19	85.84483	122.62395	0.125	336.4
2019-11-02T02:29	85.84514	122.62205	0.122	336.1
2019-11-02T02:39	85.84544	122.62007	0.119	334.3
2019-11-02T02:49	85.84573	122.61819	0.115	334.7
2019-11-02T02:59	85.84601	122.61648	0.110	336.2
2019-11-02T03:09	85.84628	122.61479	0.108	336.0
2019-11-02T03:19	85.84654	122.61309	0.101	334.0
2019-11-02T03:29	85.84678	122.61145	0.099	334.4
2019-11-02T03:39	85.84702	122.60976	0.095	332.3
2019-11-02T03:49	85.84725	122.60808	0.093	332.0
2019-11-02T03:59	85.84746	122.60644	0.090	331.4
2019-11-02T04:09	85.84767	122.60489	0.084	331.3
2019-11-02T04:19	85.84786	122.60316	0.084	327.3
2019-11-02T04:29	85.84805	122.60126	0.084	323.7
2019-11-02T04:39	85.84824	122.59923	0.087	322.4
2019-11-02T04:49	85.84842	122.59729	0.081	321.2
2019-11-02T04:59	85.84859	122.59522	0.082	318.7
2019-11-02T05:09	85.84875	122.59314	0.080	317.1
2019-11-02T05:19	85.84890	122.59098	0.077	313.1
2019-11-02T05:29	85.84904	122.58872	0.079	311.6
2019-11-02T05:39	85.84918	122.58626	0.082	308.6
2019-11-02T05:49	85.84932	122.58394	0.077	308.1
2019-11-02T05:59	85.84944	122.58139	0.080	303.7
2019-11-02T06:09	85.84956	122.57875	0.082	303.2
2019-11-02T06:19	85.84969	122.57594	0.085	301.1
2019-11-02T06:29	85.84981	122.57286	0.092	298.9
2019-11-02T06:39	85.84994	122.56975	0.093	299.5
2019-11-02T06:49	85.85006	122.56633	0.100	296.3
2019-11-02T06:59	85.85019	122.56295	0.100	298.3
2019-11-02T07:09	85.85032	122.55941	0.104	297.4
2019-11-02T07:19	85.85046	122.55553	0.112	295.9
2019-11-02T07:29	85.85060	122.55185	0.109	298.4
2019-11-02T07:39	85.85075	122.54804	0.112	297.7
2019-11-02T07:49	85.85091	122.54383	0.124	297.4
2019-11-02T07:59	85.85107	122.53970	0.123	299.1
2019-11-02T08:09	85.85124	122.53564	0.122	299.6
2019-11-02T08:19	85.85142	122.53155	0.125	301.6
2019-11-02T08:29	85.85161	122.52731	0.129	301.1
2019-11-02T08:39	85.85181	122.52296	0.134	302.5
2019-11-02T08:49	85.85201	122.51853	0.137	302.8
2019-11-02T08:59	85.85224	122.51420	0.138	305.3
2019-11-02T09:09	85.85246	122.50964	0.144	304.6
2019-11-02T09:19	85.85269	122.50485	0.148	302.7
2019-11-02T09:29	85.85291	122.50011	0.148	303.7
2019-11-02T09:39	85.85317	122.49508	0.159	304.7
2019-11-02T09:49	85.85344	122.48986	0.167	305.8
2019-11-02T09:59	85.85372	122.48463	0.171	307.1
2019-11-02T10:09	85.85402	122.47939	0.172	307.7
2019-11-02T10:19	85.85432	122.47396	0.179	307.7
2019-11-02T10:29	85.85464	122.46856	0.182	309.4
2019-11-02T10:39	85.85497	122.46310	0.185	309.9
2019-11-02T10:49	85.85531	122.45786	0.182	311.6
2019-11-02T10:59	85.85565	122.45255	0.185	311.7
2019-11-02T11:09	85.85600	122.44785	0.176	316.1
2019-11-02T11:19	85.85637	122.44309	0.180	316.6
2019-11-02T11:29	85.85673	122.43808	0.184	315.0
2019-11-02T11:39	85.85709	122.43283	0.190	314.0
2019-11-02T11:49	85.85747	122.42771	0.189	315.1
2019-11-02T11:59	85.85784	122.42282	0.186	316.9
2019-11-02T12:09	85.85823	122.41777	0.192	316.8
2019-11-02T12:19	85.85861	122.41279	0.189	316.8
2019-11-02T12:29	85.85900	122.40811	0.184	318.6
2019-11-02T12:39	85.85939	122.40360	0.182	320.0
2019-11-02T12:49	85.85978	122.39912	0.182	320.3
2019-11-02T12:59	85.86017	122.39449	0.186	319.6
2019-11-02T13:09	85.86054	122.39028	0.172	320.5
2019-11-02T13:19	85.86094	122.38546	0.191	318.9
2019-11-02T13:29	85.86132	122.38111	0.178	320.6
2019-11-02T13:39	85.86168	122.37705	0.168	320.9
2019-11-02T13:49	85.86207	122.37250	0.183	319.7
2019-11-02T13:59	85.86245	122.36799	0.181	319.7
2019-11-02T14:09	85.86281	122.36375	0.171	319.9
2019-11-02T14:19	85.86318	122.35928	0.176	318.8
2019-11-02T14:29	85.86354	122.35501	0.170	319.5
2019-11-02T14:39	85.86390	122.35086	0.168	320.1
2019-11-02T14:49	85.86424	122.34671	0.164	318.9
2019-11-02T14:59	85.86456	122.34236	0.161	315.3
2019-11-02T15:09	85.86487	122.33791	0.160	313.7
2019-11-02T15:19	85.86517	122.33346	0.158	312.9
2019-11-02T15:29	85.86547	122.32922	0.156	315.2
2019-11-02T15:39	85.86575	122.32529	0.144	314.7
2019-11-02T15:49	85.86601	122.32130	0.140	312.1
2019-11-02T15:59	85.86629	122.31711	0.148	312.7
2019-11-02T16:09	85.86657	122.31262	0.154	310.7
2019-11-02T16:19	85.86684	122.30812	0.151	309.3
2019-11-02T16:29	85.86710	122.30372	0.148	309.5
2019-11-02T16:39	85.86736	122.29937	0.147	309.8
2019-11-02T16:49	85.86761	122.29447	0.157	305.9
2019-11-02T16:59	85.86786	122.28988	0.148	306.5
2019-11-02T17:09	85.86809	122.28511	0.149	304.1
2019-11-02T17:19	85.86832	122.28038	0.147	303.4
2019-11-02T17:29	85.86855	122.27533	0.155	302.2
2019-11-02T17:39	85.86877	122.27028	0.155	302.3
2019-11-02T17:49	85.86899	122.26512	0.155	300.3
2019-11-02T17:59	85.86920	122.25996	0.154	299.2
2019-11-02T18:09	85.86940	122.25469	0.155	298.0
2019-11-02T18:19	85.86961	122.24923	0.161	298.3
2019-11-02T18:29	85.86983	122.24378	0.162	299.1
2019-11-02T18:39	85.87004	122.23815	0.164	297.1
2019-11-02T18:49	85.87025	122.23260	0.163	297.6
2019-11-02T18:59	85.87046	122.22684	0.168	297.4
2019-11-02T19:09	85.87068	122.22092	0.171	296.5
2019-11-02T19:19	85.87089	122.21490	0.174	296.1
2019-11-02T19:29	85.87110	122.20876	0.177	296.0
2019-11-02T19:39	85.87133	122.20234	0.186	296.4
2019-11-02T19:49	85.87157	122.19598	0.185	297.2
2019-11-02T19:59	85.87181	122.18926	0.195	296.9
2019-11-02T20:09	85.87207	122.18239	0.201	297.6
2019-11-02T20:19	85.87233	122.17541	0.203	297.1
2019-11-02T20:29	85.87259	122.16821	0.209	296.9
2019-11-02T20:39	85.87287	122.16110	0.209	298.0
2019-11-02T20:49	85.87313	122.15380	0.212	296.9
2019-11-02T20:59	85.87342	122.14642	0.218	298.7
2019-11-02T21:09	85.87372	122.13876	0.225	298.2
2019-11-02T21:19	85.87402	122.13113	0.225	298.8
2019-11-02T21:29	85.87433	122.12336	0.230	298.7
2019-11-02T21:39	85.87464	122.11553	0.232	298.9
2019-11-02T21:49	85.87497	122.10754	0.238	299.8
2019-11-02T21:59	85.87531	122.09942	0.244	300.3
2019-11-02T22:09	85.87566	122.09136	0.244	301.4
2019-11-02T22:19	85.87602	122.08328	0.246	301.6
2019-11-02T22:29	85.87639	122.07525	0.248	303.0
2019-11-02T22:39	85.87677	122.06710	0.251	303.0
2019-11-02T22:49	85.87717	122.05895	0.254	303.9
2019-11-02T22:59	85.87757	122.05090	0.253	304.6
2019-11-02T23:09	85.87796	122.04301	0.248	304.7
2019-11-02T23:19	85.87837	122.03512	0.252	305.9
2019-11-02T23:29	85.87877	122.02733	0.249	306.0
2019-11-02T23:39	85.87918	122.01957	0.248	306.1
2019-11-02T23:49	85.87960	122.01182	0.251	307.1
2019-11-02T23:59	85.88003	122.00421	0.250	308.1
2019-11-03T00:09	85.88046	121.99664	0.251	308.6
2019-11-03T00:19	85.88090	121.98915	0.250	309.2
2019-11-03T00:29	85.88135	121.98173	0.249	309.7
2019-11-03T00:39	85.88178	121.97428	0.249	309.3
2019-11-03T00:49	85.88223	121.96697	0.247	310.2
2019-11-03T00:59	85.88267	121.95974	0.245	310.3
2019-11-03T01:09	85.88309	121.95270	0.238	310.0
2019-11-03T01:19	85.88351	121.94580	0.234	310.3
2019-11-03T01:29	85.88396	121.93862	0.245	310.9
2019-11-03T01:39	85.88438	121.93162	0.236	310.0
2019-11-03T01:49	85.88483	121.92481	0.240	312.7
2019-11-03T01:59	85.88526	121.91806	0.232	311.3
2019-11-03T02:09	85.88563	121.91177	0.211	309.7
2019-11-03T02:19	85.88602	121.90547	0.214	310.6
2019-11-03T02:29	85.88640	121.89919	0.214	310.6
2019-11-03T02:39	85.88681	121.89240	0.228	309.8
2019-11-03T02:49	85.88722	121.88497	0.242	307.4
2019-11-03T02:59	85.88763	121.87764	0.240	308.1
2019-11-03T03:09	85.88800	121.87152	0.207	310.2
2019-11-03T03:19	85.88838	121.86484	0.220	308.3
2019-11-03T03:29	85.88877	121.85837	0.218	310.1
2019-11-03T03:39	85.88917	121.85134	0.233	308.8
2019-11-03T03:49	85.88961	121.84460	0.234	312.1
2019-11-03T03:59	85.89004	121.83768	0.236	310.9
2019-11-03T04:09	85.89045	121.83057	0.237	309.1
2019-11-03T04:19	85.89084	121.82321	0.235	306.0
2019-11-03T04:29	85.89120	121.81579	0.231	304.1
2019-11-03T04:39	85.89154	121.80915	0.211	305.8
2019-11-03T04:49	85.89193	121.80178	0.238	306.9
2019-11-03T04:59	85.89229	121.79484	0.220	305.6
2019-11-03T05:09	85.89261	121.78762	0.219	301.6
2019-11-03T05:19	85.89290	121.77936	0.237	296.1
2019-11-03T05:29	85.89321	121.77020	0.262	295.7
2019-11-03T05:39	85.89351	121.75954	0.294	291.0
2019-11-03T05:49	85.89379	121.74933	0.283	291.4
2019-11-03T05:59	85.89402	121.74067	0.237	289.8
2019-11-03T06:09	85.89427	121.73056	0.276	289.0
2019-11-03T06:19	85.89449	121.71947	0.297	285.8
2019-11-03T06:29	85.89471	121.70757	0.317	284.6
2019-11-03T06:39	85.89487	121.69607	0.302	280.9
2019-11-03T06:49	85.89505	121.68353	0.329	281.2
2019-11-03T06:59	85.89526	121.67013	0.354	282.5
2019-11-03T07:09	85.89549	121.65648	0.361	282.9
2019-11-03T07:19	85.89571	121.64261	0.367	282.9
2019-11-03T07:29	85.89593	121.62837	0.375	282.1
2019-11-03T07:39	85.89613	121.61440	0.367	281.3
2019-11-03T07:49	85.89632	121.60066	0.360	280.8
2019-11-03T07:59	85.89652	121.58700	0.359	281.8
2019-11-03T08:09	85.89674	121.57295	0.370	282.2
2019-11-03T08:19	85.89695	121.55862	0.377	281.7
2019-11-03T08:29	85.89717	121.54422	0.379	282.0
2019-11-03T08:39	85.89741	121.52965	0.385	282.7
2019-11-03T08:49	85.89762	121.51532	0.377	281.6
2019-11-03T08:59	85.89782	121.50121	0.371	281.7
2019-11-03T09:09	85.89810	121.48653	0.391	284.5
2019-11-03T09:19	85.89838	121.47185	0.392	285.3
2019-11-03T09:29	85.89868	121.45694	0.398	285.5
2019-11-03T09:39	85.89898	121.44213	0.396	285.8
2019-11-03T09:49	85.89923	121.42769	0.383	283.9
2019-11-03T09:59	85.89947	121.41335	0.379	283.2
2019-11-03T10:09	85.89978	121.39904	0.384	286.5
2019-11-03T10:19	85.90012	121.38459	0.392	288.3
2019-11-03T10:29	85.90050	121.36987	0.402	289.8
2019-11-03T10:39	85.90089	121.35495	0.409	290.1
2019-11-03T10:49	85.90128	121.34007	0.408	290.3
2019-11-03T10:59	85.90169	121.32549	0.404	291.7
2019-11-03T11:09	85.90212	121.31077	0.409	292.3
2019-11-03T11:19	85.90257	121.29631	0.406	293.5
2019-11-03T11:29	85.90300	121.28258	0.385	293.6
2019-11-03T11:39	85.90342	121.26936	0.372	293.8
2019-11-03T11:49	85.90384	121.25587	0.378	293.5
2019-11-03T11:59	85.90430	121.24190	0.396	294.8
2019-11-03T12:09	85.90478	121.22811	0.394	295.9
2019-11-03T12:19	85.90526	121.21557	0.365	298.0
2019-11-03T12:29	85.90573	121.20320	0.361	298.2
2019-11-03T12:39	85.90620	121.19102	0.356	298.4
2019-11-03T12:49	85.90667	121.17930	0.346	299.5
2019-11-03T12:59	85.90713	121.16782	0.339	299.5
2019-11-03T13:09	85.90760	121.15650	0.336	300.1
2019-11-03T13:19	85.90808	121.14512	0.340	300.6
2019-11-03T13:29	85.90861	121.13267	0.372	300.6
2019-11-03T13:39	85.90913	121.12099	0.353	301.8
2019-11-03T13:49	85.90964	121.10904	0.358	301.0
2019-11-03T13:59	85.91008	121.09850	0.315	300.7
2019-11-03T14:09	85.91054	121.08821	0.311	301.8
2019-11-03T14:19	85.91097	121.07802	0.305	301.0
2019-11-03T14:29	85.91141	121.06793	0.304	301.5
2019-11-03T14:39	85.91184	121.05802	0.297	301.2
2019-11-03T14:49	85.91225	121.04828	0.291	300.8
2019-11-03T14:59	85.91265	121.03862	0.287	300.1
2019-11-03T15:09	85.91304	121.02909	0.282	299.8
2019-11-03T15:19	85.91342	121.01968	0.277	299.3
2019-11-03T15:29	85.91378	121.01046	0.270	298.9
2019-11-03T15:39	85.91413	121.00128	0.267	298.1
2019-11-03T15:49	85.91447	120.99205	0.266	297.3
2019-11-03T15:59	85.91480	120.98294	0.262	297.0
2019-11-03T16:09	85.91513	120.97352	0.269	296.3
2019-11-03T16:19	85.91547	120.96474	0.255	298.0
2019-11-03T16:29	85.91579	120.95535	0.267	295.6
2019-11-03T16:39	85.91611	120.94574	0.272	295.2
2019-11-03T16:49	85.91642	120.93617	0.270	294.6
2019-11-03T16:59	85.91672	120.92690	0.261	294.3
2019-11-03T17:09	85.91702	120.91762	0.262	294.7
2019-11-03T17:19	85.91731	120.90843	0.257	293.4
2019-11-03T17:29	85.91759	120.89934	0.254	293.5
2019-11-03T17:39	85.91786	120.89029	0.252	293.2
2019-11-03T17:49	85.91814	120.88110	0.256	293.0
2019-11-03T17:59	85.91841	120.87173	0.258	291.7
2019-11-03T18:09	85.91868	120.86212	0.265	291.6
2019-11-03T18:19	85.91895	120.85190	0.279	290.2
2019-11-03T18:29	85.91918	120.84229	0.260	288.8
2019-11-03T18:39	85.91941	120.83252	0.264	288.2
2019-11-03T18:49	85.91962	120.82257	0.267	287.2
2019-11-03T18:59	85.91986	120.81155	0.294	286.4
2019-11-03T19:09	85.92007	120.80180	0.262	287.4
2019-11-03T19:19	85.92031	120.79205	0.264	289.0
2019-11-03T19:29	85.92057	120.78225	0.267	290.0
2019-11-03T19:39	85.92083	120.77233	0.271	290.5
2019-11-03T19:49	85.92111	120.76232	0.275	291.3
2019-11-03T19:59	85.92138	120.75227	0.276	291.2
2019-11-03T20:09	85.92167	120.74222	0.277	291.5
2019-11-03T20:19	85.92194	120.73186	0.283	290.6
2019-11-03T20:29	85.92220	120.72130	0.286	289.2
2019-11-03T20:39	85.92247	120.71058	0.291	289.3
2019-11-03T20:49	85.92275	120.69949	0.302	289.7
2019-11-03T20:59	85.92304	120.68834	0.304	290.1
2019-11-03T21:09	85.92333	120.67765	0.293	291.0
2019-11-03T21:19	85.92363	120.66706	0.291	291.2
2019-11-03T21:29	85.92392	120.65616	0.298	290.7
2019-11-03T21:39	85.92423	120.64426	0.325	290.4
2019-11-03T21:49	85.92455	120.63263	0.319	290.9
2019-11-03T21:59	85.92490	120.62092	0.324	292.5
2019-11-03T22:09	85.92525	120.60916	0.326	292.8
2019-11-03T22:19	85.92560	120.59728	0.329	292.8
2019-11-03T22:29	85.92594	120.58601	0.314	293.3
2019-11-03T22:39	85.92631	120.57463	0.319	294.1
2019-11-03T22:49	85.92668	120.56259	0.336	293.7
2019-11-03T22:59	85.92707	120.55037	0.342	293.9
2019-11-03T23:09	85.92745	120.53838	0.336	294.2
2019-11-03T23:19	85.92784	120.52636	0.339	294.9
2019-11-03T23:29	85.92823	120.51467	0.330	295.1
2019-11-03T23:39	85.92861	120.50371	0.312	296.1
2019-11-03T23:49	85.92902	120.49235	0.324	296.5
2019-11-03T23:59	85.92940	120.48177	0.304	297.1
2019-11-04T00:09	85.92979	120.47112	0.306	297.3
2019-11-04T00:19	85.93021	120.46019	0.317	298.2
2019-11-04T00:29	85.93060	120.44932	0.311	296.7
2019-11-04T00:39	85.93099	120.43890	0.302	298.2
2019-11-04T00:49	85.93142	120.42797	0.319	299.0
2019-11-04T00:59	85.93186	120.41635	0.337	298.2
2019-11-04T01:09	85.93230	120.40506	0.328	298.4
2019-11-04T01:19	85.93273	120.39382	0.327	298.6
2019-11-04T01:29	85.93317	120.38271	0.324	298.9
2019-11-04T01:39	85.93359	120.37183	0.317	298.9
2019-11-04T01:49	85.93402	120.36104	0.315	299.1
2019-11-04T01:59	85.93444	120.35025	0.315	299.1
2019-11-04T02:09	85.93482	120.34059	0.282	298.9
2019-11-04T02:19	85.93521	120.33107	0.281	300.1
2019-11-04T02:29	85.93559	120.32175	0.274	299.6
2019-11-04T02:39	85.93597	120.31205	0.283	299.1
2019-11-04T02:49	85.93635	120.30214	0.287	298.4
2019-11-04T02:59	85.93671	120.29300	0.267	299.2
2019-11-04T03:09	85.93704	120.28399	0.259	297.5
2019-11-04T03:19	85.93737	120.27504	0.257	297.3
2019-11-04T03:29	85.93769	120.26590	0.261	296.5
2019-11-04T03:39	85.93799	120.25706	0.250	295.7
2019-11-04T03:49	85.93828	120.24849	0.241	295.1
2019-11-04T03:59	85.93855	120.23985	0.241	294.2
2019-11-04T04:09	85.93882	120.23112	0.242	293.3
2019-11-04T04:19	85.93908	120.22237	0.242	292.7
2019-11-04T04:29	85.93933	120.21348	0.244	291.6
2019-11-04T04:39	85.93956	120.20463	0.241	290.3
2019-11-04T04:49	85.93977	120.19628	0.226	289.5
2019-11-04T04:59	85.93997	120.18757	0.234	288.4
2019-11-04T05:09	85.94017	120.17897	0.230	287.8
2019-11-04T05:19	85.94035	120.17041	0.228	286.7
2019-11-04T05:29	85.94053	120.16154	0.235	286.2
2019-11-04T05:39	85.94071	120.15276	0.233	285.9
2019-11-04T05:49	85.94087	120.14403	0.230	284.5
2019-11-04T05:59	85.94103	120.13526	0.231	284.6
2019-11-04T06:09	85.94119	120.12610	0.240	283.4
2019-11-04T06:19	85.94133	120.11699	0.238	282.6
2019-11-04T06:29	85.94149	120.10784	0.240	283.7
2019-11-04T06:39	85.94163	120.09846	0.244	282.2
2019-11-04T06:49	85.94180	120.08842	0.263	282.9
2019-11-04T06:59	85.94198	120.07838	0.264	284.2
2019-11-04T07:09	85.94214	120.06801	0.271	282.7
2019-11-04T07:19	85.94233	120.05651	0.301	283.2
2019-11-04T07:29	85.94251	120.04509	0.298	282.6
2019-11-04T07:39	85.94269	120.03384	0.293	282.4
2019-11-04T07:49	85.94287	120.02241	0.298	282.8
2019-11-04T07:59	85.94306	120.01070	0.306	282.7
2019-11-04T08:09	85.94323	119.99911	0.302	282.0
2019-11-04T08:19	85.94342	119.98738	0.306	282.6
2019-11-04T08:29	85.94361	119.97565	0.307	283.0
2019-11-04T08:39	85.94379	119.96406	0.303	282.8
2019-11-04T08:49	85.94399	119.95237	0.306	283.3
2019-11-04T08:59	85.94418	119.94063	0.307	283.2
2019-11-04T09:09	85.94440	119.92879	0.311	284.2
2019-11-04T09:19	85.94460	119.91715	0.306	284.2
2019-11-04T09:29	85.94481	119.90539	0.309	284.1
2019-11-04T09:39	85.94503	119.89357	0.311	284.5
2019-11-04T09:49	85.94525	119.88182	0.309	284.7
2019-11-04T09:59	85.94547	119.87038	0.302	285.6
2019-11-04T10:09	85.94571	119.85893	0.304	286.3
2019-11-04T10:19	85.94595	119.84748	0.304	286.7
2019-11-04T10:29	85.94620	119.83608	0.303	286.7
2019-11-04T10:39	85.94645	119.82469	0.304	287.3
2019-11-04T10:49	85.94670	119.81326	0.305	287.4
2019-11-04T10:59	85.94696	119.80182	0.306	287.7
2019-11-04T11:09	85.94722	119.79068	0.299	288.2
2019-11-04T11:19	85.94748	119.77952	0.300	288.7
2019-11-04T11:29	85.94775	119.76842	0.298	288.7
2019-11-04T11:39	85.94802	119.75745	0.296	289.4
2019-11-04T11:49	85.94830	119.74643	0.297	289.5
2019-11-04T11:59	85.94857	119.73558	0.293	289.8
2019-11-04T12:09	85.94885	119.72495	0.288	290.0
2019-11-04T12:19	85.94912	119.71436	0.287	290.0
2019-11-04T12:29	85.94939	119.70394	0.282	290.1
2019-11-04T12:39	85.94965	119.69368	0.278	290.0
2019-11-04T12:49	85.94991	119.68345	0.277	290.0
2019-11-04T12:59	85.95016	119.67341	0.270	289.3
2019-11-04T13:09	85.95041	119.66347	0.268	289.5
2019-11-04T13:19	85.95066	119.65362	0.265	289.3
2019-11-04T13:29	85.95090	119.64374	0.266	289.1
2019-11-04T13:39	85.95113	119.63398	0.262	288.8
2019-11-04T13:49	85.95136	119.62417	0.262	287.9
2019-11-04T13:59	85.95157	119.61465	0.254	287.9
2019-11-04T14:09	85.95178	119.60511	0.254	287.2
2019-11-04T14:19	85.95199	119.59571	0.250	287.1
2019-11-04T14:29	85.95218	119.58635	0.248	286.3
2019-11-04T14:39	85.95236	119.57709	0.245	285.7
2019-11-04T14:49	85.95253	119.56790	0.241	284.7
2019-11-04T14:59	85.95270	119.55881	0.239	284.4
2019-11-04T15:09	85.95284	119.54964	0.239	282.6
2019-11-04T15:19	85.95299	119.54067	0.234	283.1
2019-11-04T15:29	85.95312	119.53179	0.231	281.9
2019-11-04T15:39	85.95324	119.52284	0.231	280.3
2019-11-04T15:49	85.95334	119.51396	0.229	279.4
2019-11-04T15:59	85.95343	119.50512	0.227	278.4
2019-11-04T16:09	85.95351	119.49618	0.229	277.4
2019-11-04T16:19	85.95359	119.48735	0.226	277.0
2019-11-04T16:29	85.95365	119.47866	0.222	275.4
2019-11-04T16:39	85.95369	119.47004	0.220	274.3
2019-11-04T16:49	85.95373	119.46138	0.220	273.3
2019-11-04T16:59	85.95375	119.45264	0.222	272.4
2019-11-04T17:09	85.95377	119.44386	0.223	271.8
2019-11-04T17:19	85.95379	119.43508	0.223	271.2
2019-11-04T17:29	85.95379	119.42643	0.220	270.3
2019-11-04T17:39	85.95379	119.41766	0.223	269.5
2019-11-04T17:49	85.95378	119.40885	0.224	269.6
2019-11-04T17:59	85.95377	119.40001	0.225	268.9
2019-11-04T18:09	85.95375	119.39110	0.226	267.9
2019-11-04T18:19	85.95371	119.38223	0.226	267.0
2019-11-04T18:29	85.95369	119.37330	0.227	267.5
2019-11-04T18:39	85.95365	119.36443	0.226	266.7
2019-11-04T18:49	85.95362	119.35558	0.225	266.9
2019-11-04T18:59	85.95358	119.34659	0.229	266.8
2019-11-04T19:09	85.95355	119.33760	0.229	267.2
2019-11-04T19:19	85.95351	119.32872	0.226	266.8
2019-11-04T19:29	85.95347	119.31967	0.231	266.1
2019-11-04T19:39	85.95343	119.31053	0.233	266.2
2019-11-04T19:49	85.95338	119.30139	0.233	266.0
2019-11-04T19:59	85.95334	119.29223	0.233	266.0
2019-11-04T20:09	85.95329	119.28292	0.237	265.7
2019-11-04T20:19	85.95324	119.27369	0.235	265.9
2019-11-04T20:29	85.95320	119.26447	0.235	266.1
2019-11-04T20:39	85.95315	119.25511	0.239	265.9
2019-11-04T20:49	85.95310	119.24570	0.240	266.3
2019-11-04T20:59	85.95307	119.23633	0.238	267.2
2019-11-04T21:09	85.95303	119.22699	0.238	266.7
2019-11-04T21:19	85.95301	119.21783	0.233	268.0
2019-11-04T21:29	85.95298	119.20865	0.233	267.6
2019-11-04T21:39	85.95296	119.19946	0.234	267.6
2019-11-04T21:49	85.95293	119.19032	0.232	267.8
2019-11-04T21:59	85.95292	119.18116	0.233	268.5
2019-11-04T22:09	85.95289	119.17196	0.234	268.2
2019-11-04T22:19	85.95288	119.16283	0.232	268.4
2019-11-04T22:29	85.95287	119.15382	0.229	269.4
2019-11-04T22:39	85.95286	119.14487	0.228	268.8
2019-11-04T22:49	85.95285	119.13598	0.226	269.2
2019-11-04T22:59	85.95285	119.12707	0.226	270.0
2019-11-04T23:09	85.95286	119.11817	0.226	270.8
2019-11-04T23:19	85.95287	119.10933	0.225	270.8
2019-11-04T23:29	85.95288	119.10072	0.219	271.0
2019-11-04T23:39	85.95289	119.09214	0.218	271.5
2019-11-04T23:49	85.95292	119.08367	0.215	272.3
2019-11-04T23:59	85.95293	119.07515	0.217	271.6
2019-11-05T00:09	85.95296	119.06662	0.217	272.3
2019-11-05T00:19	85.95298	119.05804	0.218	271.9
2019-11-05T00:29	85.95299	119.04965	0.213	271.4
2019-11-05T00:39	85.95300	119.04141	0.209	271.3
2019-11-05T00:49	85.95300	119.03337	0.204	269.6
2019-11-05T00:59	85.95299	119.02539	0.203	269.3
2019-11-05T01:09	85.95299	119.01752	0.200	269.3
2019-11-05T01:19	85.95297	119.00947	0.205	268.3
2019-11-05T01:29	85.95293	119.00157	0.201	265.8
2019-11-05T01:39	85.95287	118.99392	0.195	264.1
2019-11-05T01:49	85.95280	118.98623	0.197	262.8
2019-11-05T01:59	85.95272	118.97827	0.204	261.8
2019-11-05T02:09	85.95262	118.97020	0.208	260.0
2019-11-05T02:19	85.95253	118.96247	0.199	260.4
2019-11-05T02:29	85.95243	118.95471	0.200	259.6
2019-11-05T02:39	85.95232	118.94709	0.198	258.1
2019-11-05T02:49	85.95218	118.93935	0.202	256.5
2019-11-05T02:59	85.95205	118.93142	0.208	256.2
2019-11-05T03:09	85.95191	118.92367	0.203	255.9
2019-11-05T03:19	85.95179	118.91485	0.228	259.3
2019-11-05T03:29	85.95169	118.90551	0.241	260.9
2019-11-05T03:39	85.95158	118.89618	0.240	260.6
2019-11-05T03:49	85.95146	118.88652	0.249	260.6
2019-11-05T03:59	85.95135	118.87749	0.233	259.8
2019-11-05T04:09	85.95119	118.86912	0.220	255.3
2019-11-05T04:19	85.95103	118.86096	0.216	254.2
2019-11-05T04:29	85.95086	118.85236	0.227	254.0
2019-11-05T04:39	85.95068	118.84313	0.243	255.1
2019-11-05T04:49	85.95052	118.83404	0.239	255.4
2019-11-05T04:59	85.95034	118.82499	0.239	254.4
2019-11-05T05:09	85.95015	118.81582	0.243	253.9
2019-11-05T05:19	85.94995	118.80784	0.216	250.0
2019-11-05T05:29	85.94972	118.79974	0.222	248.1
2019-11-05T05:39	85.94948	118.79136	0.229	248.6
2019-11-05T05:49	85.94923	118.78271	0.238	247.5
2019-11-05T05:59	85.94899	118.77357	0.248	249.6
2019-11-05T06:09	85.94873	118.76428	0.254	248.5
2019-11-05T06:19	85.94845	118.75525	0.252	245.9
2019-11-05T06:29	85.94817	118.74634	0.248	246.3
2019-11-05T06:39	85.94790	118.73751	0.244	247.0
2019-11-05T06:49	85.94763	118.72844	0.251	246.8
2019-11-05T06:59	85.94735	118.71948	0.249	246.3
2019-11-05T07:09	85.94707	118.71114	0.236	244.3
2019-11-05T07:19	85.94678	118.70210	0.252	245.8
2019-11-05T07:29	85.94647	118.69280	0.261	244.9
2019-11-05T07:39	85.94616	118.68321	0.269	245.2
2019-11-05T07:49	85.94587	118.67385	0.261	246.1
2019-11-05T07:59	85.94557	118.66438	0.264	245.9
2019-11-05T08:09	85.94527	118.65496	0.262	246.0
2019-11-05T08:19	85.94496	118.64589	0.256	244.5
2019-11-05T08:29	85.94464	118.63706	0.253	242.7
2019-11-05T08:39	85.94431	118.62846	0.249	241.7
2019-11-05T08:49	85.94400	118.61952	0.254	243.5
2019-11-05T08:59	85.94370	118.60991	0.266	246.7
2019-11-05T09:09	85.94342	118.60037	0.264	247.2
2019-11-05T09:19	85.94312	118.59113	0.259	245.5
2019-11-05T09:29	85.94282	118.58183	0.261	245.1
2019-11-05T09:39	85.94251	118.57268	0.258	244.4
2019-11-05T09:49	85.94220	118.56364	0.255	244.7
2019-11-05T09:59	85.94191	118.55420	0.264	245.8
2019-11-05T10:09	85.94162	118.54423	0.275	247.7
2019-11-05T10:19	85.94134	118.53430	0.272	248.3
2019-11-05T10:29	85.94106	118.52435	0.273	248.3
2019-11-05T10:39	85.94078	118.51466	0.266	248.2
2019-11-05T10:49	85.94051	118.50509	0.262	248.4
2019-11-05T10:59	85.94026	118.49578	0.254	249.1
2019-11-05T11:09	85.94003	118.48644	0.253	250.2
2019-11-05T11:19	85.93980	118.47696	0.255	251.3
2019-11-05T11:29	85.93957	118.46753	0.254	251.4
2019-11-05T11:39	85.93935	118.45827	0.249	251.6
2019-11-05T11:49	85.93915	118.44911	0.245	252.4
2019-11-05T11:59	85.93894	118.44001	0.243	252.5
2019-11-05T12:09	85.93874	118.43107	0.239	252.4
2019-11-05T12:19	85.93855	118.42230	0.235	252.5
2019-11-05T12:29	85.93836	118.41368	0.230	252.6
2019-11-05T12:39	85.93817	118.40507	0.230	252.8
2019-11-05T12:49	85.93798	118.39671	0.223	252.7
2019-11-05T12:59	85.93780	118.38842	0.221	252.8
2019-11-05T13:09	85.93763	118.38039	0.214	252.9
2019-11-05T13:19	85.93744	118.37252	0.212	251.7
2019-11-05T13:29	85.93726	118.36470	0.210	251.7
2019-11-05T13:39	85.93707	118.35682	0.212	251.7
2019-11-05T13:49	85.93688	118.34929	0.205	249.7
2019-11-05T13:59	85.93667	118.34187	0.203	249.0
2019-11-05T14:09	85.93646	118.33452	0.203	247.5
2019-11-05T14:19	85.93625	118.32719	0.202	247.9
2019-11-05T14:29	85.93604	118.31971	0.204	249.1
2019-11-05T14:39	85.93583	118.31230	0.204	247.9
2019-11-05T14:49	85.93561	118.30482	0.207	247.0
2019-11-05T14:59	85.93538	118.29738	0.207	246.7
2019-11-05T15:09	85.93515	118.28994	0.207	246.1
2019-11-05T15:19	85.93490	118.28265	0.206	244.8
2019-11-05T15:29	85.93466	118.27541	0.205	244.4
2019-11-05T15:39	85.93439	118.26815	0.208	242.8
2019-11-05T15:49	85.93414	118.26146	0.194	241.7
2019-11-05T15:59	85.93384	118.25478	0.201	238.1
2019-11-05T16:09	85.93358	118.24814	0.194	241.1
2019-11-05T16:19	85.93330	118.24124	0.204	239.9
2019-11-05T16:29	85.93301	118.23445	0.203	238.9
2019-11-05T16:39	85.93271	118.22764	0.204	238.6
2019-11-05T16:49	85.93241	118.22113	0.198	237.2
2019-11-05T16:59	85.93210	118.21468	0.199	235.8
2019-11-05T17:09	85.93179	118.20819	0.201	235.7
2019-11-05T17:19	85.93147	118.20179	0.199	235.2
2019-11-05T17:29	85.93116	118.19529	0.201	235.7
2019-11-05T17:39	85.93085	118.18861	0.204	236.7
2019-11-05T17:49	85.93053	118.18202	0.203	236.2
2019-11-05T17:59	85.93023	118.17550	0.200	236.4
2019-11-05T18:09	85.92991	118.16905	0.201	235.2
2019-11-05T18:19	85.92958	118.16239	0.207	235.3
2019-11-05T18:29	85.92926	118.15584	0.203	235.8
2019-11-05T18:39	85.92895	118.14917	0.205	236.4
2019-11-05T18:49	85.92864	118.14245	0.205	237.0
2019-11-05T18:59	85.92833	118.13570	0.205	237.5
2019-11-05T19:09	85.92803	118.12889	0.206	237.7
2019-11-05T19:19	85.92773	118.12199	0.207	238.7
2019-11-05T19:29	85.92744	118.11505	0.206	239.6
2019-11-05T19:39	85.92716	118.10815	0.204	240.0
2019-11-05T19:49	85.92687	118.10104	0.210	240.2
2019-11-05T19:59	85.92660	118.09401	0.204	241.6
2019-11-05T20:09	85.92633	118.08691	0.205	242.1
2019-11-05T20:19	85.92606	118.07980	0.207	241.7
2019-11-05T20:29	85.92580	118.07260	0.206	243.6
2019-11-05T20:39	85.92555	118.06535	0.206	244.1
2019-11-05T20:49	85.92531	118.05804	0.206	245.1
2019-11-05T20:59	85.92507	118.05068	0.207	245.5
2019-11-05T21:09	85.92485	118.04340	0.203	246.8
2019-11-05T21:19	85.92464	118.03598	0.204	248.2
2019-11-05T21:29	85.92444	118.02863	0.202	248.7
2019-11-05T21:39	85.92424	118.02128	0.202	249.1
2019-11-05T21:49	85.92405	118.01399	0.198	250.3
2019-11-05T21:59	85.92388	118.00665	0.198	251.5
2019-11-05T22:09	85.92371	117.99936	0.196	251.9
2019-11-05T22:19	85.92356	117.99205	0.195	253.5
2019-11-05T22:29	85.92342	117.98479	0.193	254.9
2019-11-05T22:39	85.92328	117.97748	0.193	255.6
2019-11-05T22:49	85.92316	117.97021	0.191	256.6
2019-11-05T22:59	85.92305	117.96297	0.189	257.9
2019-11-05T23:09	85.92294	117.95577	0.188	258.5
2019-11-05T23:19	85.92285	117.94863	0.186	258.9
2019-11-05T23:29	85.92275	117.94163	0.183	259.1
2019-11-05T23:39	85.92266	117.93474	0.179	260.0
2019-11-05T23:49	85.92257	117.92794	0.177	259.3
2019-11-05T23:59	85.92249	117.92121	0.175	260.4
2019-11-06T00:09	85.92241	117.91450	0.174	260.7
2019-11-06T00:19	85.92234	117.90798	0.169	261.4
2019-11-06T00:29	85.92228	117.90147	0.168	261.9
2019-11-06T00:39	85.92221	117.89507	0.165	262.2
2019-11-06T00:49	85.92215	117.88867	0.166	261.9
2019-11-06T00:59	85.92209	117.88241	0.162	262.6
2019-11-06T01:09	85.92203	117.87615	0.162	262.1
2019-11-06T01:19	85.92196	117.87006	0.158	261.5
2019-11-06T01:29	85.92190	117.86404	0.156	261.5
2019-11-06T01:39	85.92184	117.85810	0.154	261.3
2019-11-06T01:49	85.92177	117.85203	0.157	261.9
2019-11-06T01:59	85.92171	117.84650	0.143	261.1
2019-11-06T02:09	85.92165	117.84081	0.147	261.4
2019-11-06T02:19	85.92158	117.83505	0.150	260.6
2019-11-06T02:29	85.92151	117.82923	0.151	260.2
2019-11-06T02:39	85.92144	117.82370	0.144	259.7
2019-11-06T02:49	85.92137	117.81810	0.146	259.8
2019-11-06T02:59	85.92128	117.81253	0.146	257.7
2019-11-06T03:09	85.92119	117.80694	0.147	257.4
2019-11-06T03:19	85.92110	117.80142	0.145	257.1
2019-11-06T03:29	85.92101	117.79573	0.150	256.5
2019-11-06T03:39	85.92091	117.79008	0.149	255.9
2019-11-06T03:49	85.92080	117.78443	0.150	254.8
2019-11-06T03:59	85.92069	117.77865	0.153	254.9
2019-11-06T04:09	85.92057	117.77289	0.153	254.3
2019-11-06T04:19	85.92046	117.76709	0.154	255.0
2019-11-06T04:29	85.92034	117.76123	0.156	254.1
2019-11-06T04:39	85.92022	117.75539	0.156	253.7
2019-11-06T04:49	85.92010	117.74944	0.159	254.1
2019-11-06T04:59	85.91997	117.74356	0.158	252.7
2019-11-06T05:09	85.91984	117.73761	0.160	252.7
2019-11-06T05:19	85.91970	117.73163	0.161	252.1
2019-11-06T05:29	85.91957	117.72564	0.161	252.6
2019-11-06T05:39	85.91943	117.71942	0.167	252.7
2019-11-06T05:49	85.91929	117.71327	0.165	252.8
2019-11-06T05:59	85.91916	117.70689	0.171	253.3
2019-11-06T06:09	85.91902	117.70040	0.174	253.3
2019-11-06T06:19	85.91887	117.69385	0.176	252.8
2019-11-06T06:29	85.91873	117.68714	0.180	253.2
2019-11-06T06:39	85.91859	117.68040	0.180	253.6
2019-11-06T06:49	85.91845	117.67356	0.182	254.3
2019-11-06T06:59	85.91831	117.66663	0.185	254.3
2019-11-06T07:09	85.91818	117.65956	0.187	255.3
2019-11-06T07:19	85.91805	117.65248	0.187	255.6
2019-11-06T07:29	85.91792	117.64526	0.191	255.5
2019-11-06T07:39	85.91780	117.63783	0.195	257.0
2019-11-06T07:49	85.91769	117.63070	0.187	258.0
2019-11-06T07:59	85.91757	117.62352	0.189	257.3
2019-11-06T08:09	85.91746	117.61622	0.191	258.1
2019-11-06T08:19	85.91736	117.60887	0.192	258.3
2019-11-06T08:29	85.91725	117.60150	0.192	259.0
2019-11-06T08:39	85.91716	117.59399	0.196	259.9
2019-11-06T08:49	85.91707	117.58647	0.196	260.2
2019-11-06T08:59	85.91698	117.57883	0.198	261.3
2019-11-06T09:09	85.91692	117.57118	0.197	263.6
2019-11-06T09:19	85.91687	117.56354	0.197	264.1
2019-11-06T09:29	85.91681	117.55581	0.199	264.3
2019-11-06T09:39	85.91677	117.54802	0.200	265.4
2019-11-06T09:49	85.91673	117.54021	0.200	266.6
2019-11-06T09:59	85.91671	117.53236	0.202	267.2
2019-11-06T10:09	85.91669	117.52445	0.203	268.5
2019-11-06T10:19	85.91668	117.51648	0.205	269.1
2019-11-06T10:29	85.91668	117.50844	0.206	270.0
2019-11-06T10:39	85.91670	117.50033	0.208	271.6
2019-11-06T10:49	85.91672	117.49235	0.205	271.8
2019-11-06T10:59	85.91675	117.48436	0.205	273.1
2019-11-06T11:09	85.91678	117.47642	0.204	273.7
2019-11-06T11:19	85.91683	117.46856	0.202	274.5
2019-11-06T11:29	85.91688	117.46078	0.200	275.2
2019-11-06T11:39	85.91693	117.45313	0.197	275.7
2019-11-06T11:49	85.91699	117.44550	0.197	276.4
2019-11-06T11:59	85.91706	117.43806	0.192	277.4
2019-11-06T12:09	85.91713	117.43071	0.190	277.4
2019-11-06T12:19	85.91720	117.42349	0.187	278.2
2019-11-06T12:29	85.91728	117.41641	0.184	279.0
2019-11-06T12:39	85.91737	117.40927	0.185	279.1
2019-11-06T12:49	85.91745	117.40250	0.176	280.2
2019-11-06T12:59	85.91755	117.39579	0.175	281.2
2019-11-06T13:09	85.91764	117.38917	0.173	281.4
2019-11-06T13:19	85.91774	117.38261	0.172	281.9
2019-11-06T13:29	85.91784	117.37622	0.167	282.0
2019-11-06T13:39	85.91793	117.36978	0.169	282.0
2019-11-06T13:49	85.91803	117.36373	0.159	283.1
2019-11-06T13:59	85.91813	117.35773	0.158	282.6
2019-11-06T14:09	85.91823	117.35182	0.155	283.1
2019-11-06T14:19	85.91832	117.34596	0.154	283.0
2019-11-06T14:29	85.91841	117.34023	0.150	282.3
2019-11-06T14:39	85.91849	117.33464	0.146	281.6
2019-11-06T14:49	85.91857	117.32909	0.145	280.9
2019-11-06T14:59	85.91864	117.32359	0.143	280.5
2019-11-06T15:09	85.91870	117.31829	0.138	279.4
2019-11-06T15:19	85.91876	117.31302	0.136	278.6
2019-11-06T15:29	85.91881	117.30776	0.136	277.6
2019-11-06T15:39	85.91885	117.30253	0.135	275.8
2019-11-06T15:49	85.91888	117.29732	0.134	275.2
2019-11-06T15:59	85.91892	117.29219	0.132	275.5
2019-11-06T16:09	85.91893	117.28698	0.134	272.3
2019-11-06T16:19	85.91895	117.28180	0.133	272.2
2019-11-06T16:29	85.91895	117.27664	0.132	271.1
2019-11-06T16:39	85.91895	117.27144	0.133	270.1
2019-11-06T16:49	85.91895	117.26632	0.131	268.7
2019-11-06T16:59	85.91893	117.26106	0.135	268.0
2019-11-06T17:09	85.91891	117.25565	0.139	267.3
2019-11-06T17:19	85.91889	117.25035	0.136	266.4
2019-11-06T17:29	85.91887	117.24494	0.139	266.3
2019-11-06T17:39	85.91884	117.23945	0.141	265.7
2019-11-06T17:49	85.91881	117.23391	0.142	265.7
2019-11-06T17:59	85.91877	117.22831	0.144	264.8
2019-11-06T18:09	85.91872	117.22261	0.147	263.5
2019-11-06T18:19	85.91868	117.21699	0.145	263.9
2019-11-06T18:29	85.91863	117.21113	0.151	263.4
2019-11-06T18:39	85.91859	117.20535	0.149	263.3
2019-11-06T18:49	85.91854	117.19938	0.154	263.8
2019-11-06T18:59	85.91849	117.19326	0.158	263.9
2019-11-06T19:09	85.91845	117.18701	0.161	264.6
2019-11-06T19:19	85.91840	117.18079	0.160	264.0
2019-11-06T19:29	85.91836	117.17441	0.164	265.1
2019-11-06T19:39	85.91833	117.16831	0.157	265.0
2019-11-06T19:49	85.91828	117.16187	0.166	264.1
2019-11-06T19:59	85.91824	117.15541	0.166	264.7
2019-11-06T20:09	85.91820	117.14900	0.165	264.9
2019-11-06T20:19	85.91816	117.14249	0.167	265.5
2019-11-06T20:29	85.91813	117.13586	0.170	266.5
2019-11-06T20:39	85.91811	117.12913	0.173	267.2
2019-11-06T20:49	85.91808	117.12253	0.169	266.3
2019-11-06T20:59	85.91806	117.11584	0.172	267.8
2019-11-06T21:09	85.91805	117.10907	0.174	268.7
2019-11-06T21:19	85.91804	117.10235	0.172	268.7
2019-11-06T21:29	85.91803	117.09554	0.175	269.5
2019-11-06T21:39	85.91803	117.08878	0.173	270.0
2019-11-06T21:49	85.91804	117.08206	0.172	271.5
2019-11-06T21:59	85.91807	117.07534	0.172	272.9
2019-11-06T22:09	85.91809	117.06857	0.174	273.1
2019-11-06T22:19	85.91813	117.06191	0.171	274.2
2019-11-06T22:29	85.91817	117.05527	0.171	274.8
2019-11-06T22:39	85.91822	117.04859	0.172	275.8
2019-11-06T22:49	85.91828	117.04188	0.174	277.3
2019-11-06T22:59	85.91834	117.03523	0.172	277.9
2019-11-06T23:09	85.91841	117.02870	0.169	278.6
2019-11-06T23:19	85.91849	117.02223	0.168	279.1
2019-11-06T23:29	85.91857	117.01573	0.169	279.7
2019-11-06T23:39	85.91865	117.00953	0.162	280.9
2019-11-06T23:49	85.91873	117.00333	0.161	280.6
2019-11-06T23:59	85.91882	116.99725	0.159	281.7
2019-11-07T00:09	85.91892	116.99120	0.159	282.6
2019-11-07T00:19	85.91902	116.98528	0.156	283.7
2019-11-07T00:29	85.91913	116.97947	0.154	283.9
2019-11-07T00:39	85.91923	116.97366	0.154	284.2
2019-11-07T00:49	85.91933	116.96792	0.152	284.3
2019-11-07T00:59	85.91945	116.96247	0.145	286.0
2019-11-07T01:09	85.91956	116.95689	0.148	285.3
2019-11-07T01:19	85.91966	116.95156	0.142	285.6
2019-11-07T01:29	85.91976	116.94634	0.139	285.0
2019-11-07T01:39	85.91986	116.94120	0.137	285.2
2019-11-07T01:49	85.91996	116.93614	0.135	285.9
2019-11-07T01:59	85.92005	116.93124	0.129	283.9
2019-11-07T02:09	85.92014	116.92641	0.128	284.7
2019-11-07T02:19	85.92022	116.92171	0.124	284.1
2019-11-07T02:29	85.92030	116.91704	0.123	283.3
2019-11-07T02:39	85.92037	116.91242	0.121	282.4
2019-11-07T02:49	85.92044	116.90796	0.117	281.9
2019-11-07T02:59	85.92050	116.90351	0.116	280.7
2019-11-07T03:09	85.92055	116.89913	0.114	279.9
2019-11-07T03:19	85.92061	116.89483	0.112	280.5
2019-11-07T03:29	85.92065	116.89036	0.116	277.5
2019-11-07T03:39	85.92069	116.88612	0.109	277.4
2019-11-07T03:49	85.92072	116.88181	0.111	275.9
2019-11-07T03:59	85.92075	116.87754	0.110	275.4
2019-11-07T04:09	85.92077	116.87324	0.110	273.7
2019-11-07T04:19	85.92079	116.86890	0.111	273.1
2019-11-07T04:29	85.92079	116.86454	0.112	270.9
2019-11-07T04:39	85.92079	116.86009	0.114	270.1
2019-11-07T04:49	85.92078	116.85576	0.111	267.5
2019-11-07T04:59	85.92076	116.85153	0.109	265.8
2019-11-07T05:09	85.92073	116.84708	0.114	265.5
2019-11-07T05:19	85.92070	116.84267	0.113	264.2
2019-11-07T05:29	85.92066	116.83834	0.112	262.2
2019-11-07T05:39	85.92061	116.83387	0.116	261.5
2019-11-07T05:49	85.92056	116.82934	0.117	261.2
2019-11-07T05:59	85.92050	116.82477	0.119	259.7
2019-11-07T06:09	85.92043	116.82008	0.123	257.9
2019-11-07T06:19	85.92036	116.81533	0.124	257.9
2019-11-07T06:29	85.92028	116.81049	0.127	256.7
2019-11-07T06:39	85.92019	116.80569	0.127	255.1
2019-11-07T06:49	85.92010	116.80057	0.135	256.2
2019-11-07T06:59	85.92001	116.79532	0.138	256.7
2019-11-07T07:09	85.91992	116.78998	0.140	256.8
2019-11-07T07:19	85.91982	116.78430	0.150	256.6
2019-11-07T07:29	85.91973	116.77882	0.144	256.5
2019-11-07T07:39	85.91963	116.77323	0.148	256.1
2019-11-07T07:49	85.91954	116.76768	0.146	256.5
2019-11-07T07:59	85.91944	116.76185	0.153	256.6
2019-11-07T08:09	85.91934	116.75611	0.152	256.1
2019-11-07T08:19	85.91924	116.75028	0.154	256.5
2019-11-07T08:29	85.91914	116.74447	0.153	256.9
2019-11-07T08:39	85.91904	116.73855	0.156	256.5
2019-11-07T08:49	85.91894	116.73232	0.163	258.0
2019-11-07T08:59	85.91885	116.72607	0.164	258.5
2019-11-07T09:09	85.91876	116.71982	0.164	258.1
2019-11-07T09:19	85.91867	116.71345	0.167	258.4
2019-11-07T09:29	85.91858	116.70711	0.165	259.2
2019-11-07T09:39	85.91850	116.70081	0.164	259.5
2019-11-07T09:49	85.91842	116.69451	0.164	260.2
2019-11-07T09:59	85.91835	116.68821	0.164	260.9
2019-11-07T10:09	85.91828	116.68201	0.161	261.5
2019-11-07T10:19	85.91822	116.67573	0.162	262.1
2019-11-07T10:29	85.91816	116.66959	0.159	262.6
2019-11-07T10:39	85.91811	116.66337	0.161	263.5
2019-11-07T10:49	85.91807	116.65763	0.148	263.8
2019-11-07T10:59	85.91802	116.65178	0.151	264.1
2019-11-07T11:09	85.91799	116.64601	0.149	264.6
2019-11-07T11:19	85.91796	116.64039	0.145	265.7
2019-11-07T11:29	85.91793	116.63482	0.143	265.8
2019-11-07T11:39	85.91790	116.62930	0.142	266.2
2019-11-07T11:49	85.91788	116.62391	0.138	266.6
2019-11-07T11:59	85.91785	116.61865	0.135	266.4
2019-11-07T12:09	85.91783	116.61339	0.135	267.1
2019-11-07T12:19	85.91782	116.60818	0.134	267.1
2019-11-07T12:29	85.91780	116.60318	0.128	267.6
2019-11-07T12:39	85.91779	116.59825	0.126	268.7
2019-11-07T12:49	85.91778	116.59353	0.121	267.5
2019-11-07T12:59	85.91777	116.58876	0.122	269.2
2019-11-07T13:09	85.91777	116.58438	0.112	269.1
2019-11-07T13:19	85.91776	116.57983	0.117	268.1
2019-11-07T13:29	85.91774	116.57532	0.116	267.4
2019-11-07T13:39	85.91773	116.57083	0.115	268.0
2019-11-07T13:49	85.91771	116.56649	0.112	266.0
2019-11-07T13:59	85.91769	116.56226	0.109	265.6
2019-11-07T14:09	85.91767	116.55823	0.104	266.3
2019-11-07T14:19	85.91765	116.55421	0.103	265.6
2019-11-07T14:29	85.91762	116.55054	0.094	264.9
2019-11-07T14:39	85.91759	116.54708	0.089	263.2
2019-11-07T14:49	85.91756	116.54338	0.096	262.3
2019-11-07T14:59	85.91753	116.53987	0.091	263.1
2019-11-07T15:09	85.91752	116.53660	0.084	266.7
2019-11-07T15:19	85.91749	116.53317	0.088	264.6
2019-11-07T15:29	85.91746	116.52978	0.087	262.7
2019-11-07T15:39	85.91743	116.52649	0.085	261.3
2019-11-07T15:49	85.91739	116.52334	0.082	260.7
2019-11-07T15:59	85.91735	116.52024	0.081	258.9
2019-11-07T16:09	85.91730	116.51728	0.078	256.5
2019-11-07T16:19	85.91724	116.51424	0.080	256.2
2019-11-07T16:29	85.91718	116.51131	0.079	252.9
2019-11-07T16:39	85.91710	116.50831	0.082	250.3
2019-11-07T16:49	85.91703	116.50529	0.082	250.6
2019-11-07T16:59	85.91695	116.50216	0.085	250.2
2019-11-07T17:09	85.91686	116.49929	0.079	247.9
2019-11-07T17:19	85.91677	116.49626	0.085	246.9
2019-11-07T17:29	85.91668	116.49303	0.089	248.1
2019-11-07T17:39	85.91658	116.48975	0.092	246.9
2019-11-07T17:49	85.91647	116.48640	0.094	246.3
2019-11-07T17:59	85.91636	116.48315	0.093	244.0
2019-11-07T18:09	85.91624	116.47941	0.105	245.4
2019-11-07T18:19	85.91612	116.47590	0.100	244.6
2019-11-07T18:29	85.91600	116.47257	0.096	243.0
2019-11-07T18:39	85.91586	116.46910	0.101	241.2
2019-11-07T18:49	85.91573	116.46562	0.101	242.2
2019-11-07T18:59	85.91560	116.46194	0.105	243.9
2019-11-07T19:09	85.91548	116.45822	0.106	244.4
2019-11-07T19:19	85.91535	116.45443	0.108	244.4
2019-11-07T19:29	85.91522	116.45075	0.104	244.6
2019-11-07T19:39	85.91508	116.44679	0.114	243.3
2019-11-07T19:49	85.91495	116.44294	0.110	243.7
2019-11-07T19:59	85.91480	116.43882	0.118	243.6
2019-11-07T20:09	85.91465	116.43431	0.127	245.3
2019-11-07T20:19	85.91451	116.42963	0.130	247.0
2019-11-07T20:29	85.91437	116.42495	0.131	246.7
2019-11-07T20:39	85.91423	116.42038	0.126	247.8
2019-11-07T20:49	85.91411	116.41578	0.127	248.5
2019-11-07T20:59	85.91397	116.41131	0.124	247.6
2019-11-07T21:09	85.91384	116.40679	0.125	247.7
2019-11-07T21:19	85.91371	116.40199	0.132	249.2
2019-11-07T21:29	85.91358	116.39695	0.137	250.1
2019-11-07T21:39	85.91346	116.39194	0.135	251.7
2019-11-07T21:49	85.91335	116.38698	0.133	252.8
2019-11-07T21:59	85.91325	116.38201	0.133	254.0
2019-11-07T22:09	85.91316	116.37720	0.128	255.4
2019-11-07T22:19	85.91307	116.37206	0.136	255.9
2019-11-07T22:29	85.91298	116.36704	0.133	255.6
2019-11-07T22:39	85.91289	116.36197	0.134	255.7
2019-11-07T22:49	85.91281	116.35707	0.129	257.6
2019-11-07T22:59	85.91274	116.35232	0.125	257.6
2019-11-07T23:09	85.91267	116.34759	0.124	258.6
2019-11-07T23:19	85.91261	116.34304	0.119	259.8
2019-11-07T23:29	85.91254	116.33839	0.122	258.8
2019-11-07T23:39	85.91249	116.33386	0.118	259.9
2019-11-07T23:49	85.91243	116.32939	0.116	260.7
2019-11-07T23:59	85.91238	116.32497	0.115	260.2
2019-11-08T00:09	85.91232	116.32053	0.116	259.5
2019-11-08T00:19	85.91228	116.31638	0.108	261.4
2019-11-08T00:29	85.91223	116.31219	0.109	261.0
2019-11-08T00:39	85.91218	116.30809	0.107	260.7
2019-11-08T00:49	85.91214	116.30411	0.103	261.5
2019-11-08T00:59	85.91209	116.30020	0.102	261.1
2019-11-08T01:09	85.91206	116.29637	0.099	262.1
2019-11-08T01:19	85.91201	116.29274	0.095	260.0
2019-11-08T01:29	85.91196	116.28915	0.094	259.2
2019-11-08T01:39	85.91191	116.28568	0.091	259.3
2019-11-08T01:49	85.91187	116.28226	0.089	258.7
2019-11-08T01:59	85.91181	116.27890	0.088	257.9
2019-11-08T02:09	85.91176	116.27561	0.087	256.3
2019-11-08T02:19	85.91169	116.27238	0.086	254.6
2019-11-08T02:29	85.91163	116.26916	0.086	253.5
2019-11-08T02:39	85.91156	116.26616	0.080	252.9
2019-11-08T02:49	85.91148	116.26310	0.083	250.8
2019-11-08T02:59	85.91140	116.25996	0.086	249.7
2019-11-08T03:09	85.91131	116.25676	0.089	248.4
2019-11-08T03:19	85.91122	116.25396	0.079	245.7
2019-11-08T03:29	85.91112	116.25104	0.084	243.9
2019-11-08T03:39	85.91100	116.24822	0.083	240.4
2019-11-08T03:49	85.91088	116.24540	0.084	239.2
2019-11-08T03:59	85.91076	116.24264	0.084	237.4
2019-11-08T04:09	85.91062	116.23982	0.088	235.9
2019-11-08T04:19	85.91048	116.23698	0.089	234.7
2019-11-08T04:29	85.91032	116.23403	0.094	233.3
2019-11-08T04:39	85.91016	116.23093	0.098	234.2
2019-11-08T04:49	85.91000	116.22793	0.097	232.9
2019-11-08T04:59	85.90983	116.22505	0.097	229.7
2019-11-08T05:09	85.90965	116.22196	0.103	230.7
2019-11-08T05:19	85.90945	116.21872	0.109	229.4
2019-11-08T05:29	85.90925	116.21537	0.113	229.7
2019-11-08T05:39	85.90903	116.21191	0.117	229.5
2019-11-08T05:49	85.90881	116.20831	0.123	228.8
2019-11-08T05:59	85.90858	116.20468	0.125	228.2
2019-11-08T06:09	85.90833	116.20086	0.133	227.7
2019-11-08T06:19	85.90808	116.19706	0.133	227.4
2019-11-08T06:29	85.90783	116.19317	0.135	227.8
2019-11-08T06:39	85.90757	116.18928	0.137	226.7
2019-11-08T06:49	85.90730	116.18531	0.140	226.9
2019-11-08T06:59	85.90704	116.18135	0.139	227.0
2019-11-08T07:09	85.90677	116.17738	0.142	226.0
2019-11-08T07:19	85.90649	116.17346	0.142	225.2
2019-11-08T07:29	85.90620	116.16945	0.147	224.6
2019-11-08T07:39	85.90590	116.16527	0.152	225.0
2019-11-08T07:49	85.90560	116.16111	0.152	224.6
2019-11-08T07:59	85.90529	116.15683	0.155	225.3
2019-11-08T08:09	85.90499	116.15265	0.154	224.3
2019-11-08T08:19	85.90467	116.14860	0.154	222.7
2019-11-08T08:29	85.90435	116.14451	0.157	222.0
2019-11-08T08:39	85.90403	116.14048	0.156	221.5
2019-11-08T08:49	85.90370	116.13630	0.159	222.5
2019-11-08T08:59	85.90338	116.13200	0.158	224.2
2019-11-08T09:09	85.90307	116.12767	0.159	224.6
2019-11-08T09:19	85.90275	116.12285	0.170	226.9
2019-11-08T09:29	85.90243	116.11783	0.172	228.5
2019-11-08T09:39	85.90211	116.11270	0.176	228.6
2019-11-08T09:49	85.90179	116.10760	0.175	228.5
2019-11-08T09:59	85.90146	116.10230	0.180	229.4
2019-11-08T10:09	85.90113	116.09699	0.181	229.0
2019-11-08T10:19	85.90081	116.09182	0.176	229.2
2019-11-08T10:29	85.90050	116.08687	0.170	228.6
2019-11-08T10:39	85.90019	116.08213	0.165	227.7
2019-11-08T10:49	85.89988	116.07742	0.166	226.8
2019-11-08T10:59	85.89957	116.07258	0.167	228.3
2019-11-08T11:09	85.89926	116.06785	0.164	228.0
2019-11-08T11:19	85.89895	116.06286	0.171	228.9
2019-11-08T11:29	85.89864	116.05777	0.173	229.2
2019-11-08T11:39	85.89833	116.05268	0.172	229.4
2019-11-08T11:49	85.89802	116.04769	0.170	229.2
2019-11-08T11:59	85.89771	116.04254	0.173	229.9
2019-11-08T12:09	85.89739	116.03732	0.176	229.7
2019-11-08T12:19	85.89708	116.03234	0.171	228.6
2019-11-08T12:29	85.89676	116.02739	0.170	228.5
2019-11-08T12:39	85.89645	116.02267	0.166	227.3
2019-11-08T12:49	85.89614	116.01795	0.167	226.9
2019-11-08T12:59	85.89581	116.01327	0.168	225.9
2019-11-08T13:09	85.89548	116.00848	0.171	226.1
2019-11-08T13:19	85.89515	116.00366	0.173	226.0
2019-11-08T13:29	85.89481	115.99884	0.174	225.7
2019-11-08T13:39	85.89448	115.99389	0.175	226.6
2019-11-08T13:49	85.89414	115.98924	0.172	224.4
2019-11-08T13:59	85.89380	115.98474	0.168	223.6
2019-11-08T14:09	85.89345	115.98016	0.172	223.3
2019-11-08T14:19	85.89311	115.97565	0.170	223.3
2019-11-08T14:29	85.89277	115.97134	0.165	222.3
2019-11-08T14:39	85.89241	115.96711	0.168	220.5
2019-11-08T14:49	85.89205	115.96283	0.172	220.0
2019-11-08T14:59	85.89168	115.95872	0.168	219.2
2019-11-08T15:09	85.89132	115.95473	0.167	217.9
2019-11-08T15:19	85.89095	115.95085	0.167	216.8
2019-11-08T15:29	85.89056	115.94699	0.172	215.3
2019-11-08T15:39	85.89016	115.94311	0.175	215.0
2019-11-08T15:49	85.88975	115.93904	0.180	215.7
2019-11-08T15:59	85.88937	115.93520	0.170	215.6
2019-11-08T16:09	85.88896	115.93117	0.179	215.6
2019-11-08T16:19	85.88855	115.92728	0.178	214.3
2019-11-08T16:29	85.88815	115.92371	0.171	212.7
2019-11-08T16:39	85.88773	115.92012	0.179	211.2
2019-11-08T16:49	85.88730	115.91639	0.181	212.1
2019-11-08T16:59	85.88688	115.91272	0.180	211.6
2019-11-08T17:09	85.88643	115.90909	0.187	210.2
2019-11-08T17:19	85.88597	115.90556	0.187	209.1
2019-11-08T17:29	85.88551	115.90192	0.191	209.5
2019-11-08T17:39	85.88505	115.89831	0.190	209.3
2019-11-08T17:49	85.88461	115.89495	0.181	208.6
2019-11-08T17:59	85.88415	115.89137	0.189	209.2
2019-11-08T18:09	85.88368	115.88760	0.196	209.8
2019-11-08T18:19	85.88318	115.88396	0.203	207.6
2019-11-08T18:29	85.88268	115.88050	0.200	206.6
2019-11-08T18:39	85.88218	115.87735	0.199	204.2
2019-11-08T18:49	85.88169	115.87429	0.194	204.1
2019-11-08T18:59	85.88119	115.87113	0.198	204.3
2019-11-08T19:09	85.88068	115.86800	0.201	203.8
2019-11-08T19:19	85.88018	115.86445	0.203	207.0
2019-11-08T19:29	85.87970	115.86098	0.193	207.7
2019-11-08T19:39	85.87919	115.85756	0.202	205.9
2019-11-08T19:49	85.87868	115.85412	0.204	205.8
2019-11-08T19:59	85.87814	115.85045	0.217	205.9
2019-11-08T20:09	85.87759	115.84676	0.221	205.6
2019-11-08T20:19	85.87704	115.84306	0.219	206.0
2019-11-08T20:29	85.87651	115.83944	0.213	206.0
2019-11-08T20:39	85.87598	115.83583	0.213	205.9
2019-11-08T20:49	85.87547	115.83248	0.202	205.4
2019-11-08T20:59	85.87498	115.82891	0.199	207.7
2019-11-08T21:09	85.87448	115.82549	0.199	206.4
2019-11-08T21:19	85.87399	115.82214	0.198	205.9
2019-11-08T21:29	85.87351	115.81884	0.192	206.4
2019-11-08T21:39	85.87301	115.81560	0.197	205.2
2019-11-08T21:49	85.87249	115.81281	0.201	201.1
2019-11-08T21:59	85.87195	115.81004	0.207	200.2
2019-11-08T22:09	85.87146	115.80715	0.193	202.8
2019-11-08T22:19	85.87096	115.80433	0.194	202.1
2019-11-08T22:29	85.87047	115.80183	0.186	200.4
2019-11-08T22:39	85.87001	115.79918	0.182	202.1
2019-11-08T22:49	85.86951	115.79646	0.191	201.7
2019-11-08T22:59	85.86903	115.79393	0.187	200.5
2019-11-08T23:09	85.86856	115.79174	0.179	198.6
2019-11-08T23:19	85.86809	115.78948	0.178	199.2
2019-11-08T23:29	85.86759	115.78726	0.189	197.8
2019-11-08T23:39	85.86711	115.78528	0.181	196.5
2019-11-08T23:49	85.86661	115.78287	0.190	199.2
2019-11-08T23:59	85.86611	115.78051	0.189	198.9
2019-11-09T00:09	85.86566	115.77888	0.170	194.4
2019-11-09T00:19	85.86522	115.77735	0.164	194.1
2019-11-09T00:29	85.86477	115.77597	0.163	192.6
2019-11-09T00:39	85.86433	115.77465	0.163	192.2
2019-11-09T00:49	85.86389	115.77349	0.161	190.8
2019-11-09T00:59	85.86346	115.77245	0.159	189.8
2019-11-09T01:09	85.86303	115.77146	0.157	189.4
2019-11-09T01:19	85.86259	115.77071	0.158	187.0
2019-11-09T01:29	85.86216	115.77006	0.156	186.2
2019-11-09T01:39	85.86174	115.76968	0.153	183.8
2019-11-09T01:49	85.86131	115.76918	0.155	184.8
2019-11-09T01:59	85.86089	115.76904	0.151	181.3
2019-11-09T02:09	85.86046	115.76883	0.156	182.0
2019-11-09T02:19	85.86003	115.76891	0.153	179.3
2019-11-09T02:29	85.85960	115.76911	0.155	178.0
2019-11-09T02:39	85.85918	115.76941	0.151	177.1
2019-11-09T02:49	85.85876	115.76985	0.153	175.7
2019-11-09T02:59	85.85833	115.77032	0.155	175.5
2019-11-09T03:09	85.85791	115.77089	0.153	174.4
2019-11-09T03:19	85.85749	115.77142	0.152	174.8
2019-11-09T03:29	85.85707	115.77199	0.150	174.3
2019-11-09T03:39	85.85666	115.77258	0.148	174.1
2019-11-09T03:49	85.85625	115.77333	0.149	172.4
2019-11-09T03:59	85.85584	115.77419	0.151	171.5
2019-11-09T04:09	85.85542	115.77502	0.153	171.9
2019-11-09T04:19	85.85499	115.77589	0.154	171.5
2019-11-09T04:29	85.85455	115.77686	0.161	170.9
2019-11-09T04:39	85.85411	115.77776	0.160	171.6
2019-11-09T04:49	85.85366	115.77877	0.165	170.8
2019-11-09T04:59	85.85321	115.77975	0.163	171.1
2019-11-09T05:09	85.85277	115.78066	0.163	171.6
2019-11-09T05:19	85.85232	115.78161	0.162	171.2
2019-11-09T05:29	85.85187	115.78242	0.164	172.6
2019-11-09T05:39	85.85142	115.78316	0.162	173.2
2019-11-09T05:49	85.85097	115.78385	0.164	173.7
2019-11-09T05:59	85.85051	115.78439	0.167	175.2
2019-11-09T06:09	85.85006	115.78481	0.161	176.1
2019-11-09T06:19	85.84963	115.78525	0.158	175.8
2019-11-09T06:29	85.84919	115.78558	0.157	176.9
2019-11-09T06:39	85.84876	115.78585	0.156	177.4
2019-11-09T06:49	85.84833	115.78599	0.154	178.6
2019-11-09T06:59	85.84791	115.78608	0.153	179.1
2019-11-09T07:09	85.84749	115.78613	0.152	179.6
2019-11-09T07:19	85.84708	115.78604	0.146	180.8
2019-11-09T07:29	85.84667	115.78591	0.146	181.4
2019-11-09T07:39	85.84627	115.78582	0.145	180.8
2019-11-09T07:49	85.84588	115.78569	0.142	181.4
2019-11-09T07:59	85.84549	115.78544	0.142	182.6
2019-11-09T08:09	85.84510	115.78520	0.140	182.6
2019-11-09T08:19	85.84471	115.78488	0.140	183.4
2019-11-09T08:29	85.84433	115.78449	0.137	184.3
2019-11-09T08:39	85.84396	115.78417	0.134	183.6
2019-11-09T08:49	85.84359	115.78371	0.132	185.2
2019-11-09T08:59	85.84323	115.78333	0.131	184.4
2019-11-09T09:09	85.84288	115.78290	0.128	185.0
2019-11-09T09:19	85.84252	115.78246	0.128	185.1
2019-11-09T09:29	85.84218	115.78206	0.124	184.9
2019-11-09T09:39	85.84183	115.78168	0.125	184.6
2019-11-09T09:49	85.84149	115.78125	0.126	185.1
2019-11-09T09:59	85.84115	115.78080	0.123	185.6
2019-11-09T10:09	85.84081	115.78036	0.121	185.4
2019-11-09T10:19	85.84048	115.78002	0.119	184.3
2019-11-09T10:29	85.84017	115.77972	0.114	183.9
2019-11-09T10:39	85.83985	115.77950	0.116	182.9
2019-11-09T10:49	85.83954	115.77940	0.111	181.3
2019-11-09T10:59	85.83923	115.77945	0.112	179.3
2019-11-09T11:09	85.83892	115.77954	0.112	178.8
2019-11-09T11:19	85.83861	115.77982	0.110	176.3
2019-11-09T11:29	85.83831	115.78015	0.109	175.4
2019-11-09T11:39	85.83801	115.78064	0.110	173.4
2019-11-09T11:49	85.83772	115.78130	0.106	170.6
2019-11-09T11:59	85.83742	115.78204	0.107	169.5
2019-11-09T12:09	85.83714	115.78296	0.105	166.8
2019-11-09T12:19	85.83686	115.78407	0.104	163.9
2019-11-09T12:29	85.83656	115.78528	0.113	163.7
2019-11-09T12:39	85.83631	115.78661	0.097	159.0
2019-11-09T12:49	85.83604	115.78803	0.104	158.9
2019-11-09T12:59	85.83578	115.78959	0.104	156.9
2019-11-09T13:09	85.83552	115.79127	0.104	155.0
2019-11-09T13:19	85.83525	115.79305	0.105	153.5
2019-11-09T13:29	85.83499	115.79496	0.106	152.0
2019-11-09T13:39	85.83474	115.79709	0.108	148.9
2019-11-09T13:49	85.83448	115.79925	0.108	148.4
2019-11-09T13:59	85.83423	115.80164	0.111	145.6
2019-11-09T14:09	85.83397	115.80410	0.112	144.9
2019-11-09T14:19	85.83372	115.80661	0.112	144.2
2019-11-09T14:29	85.83346	115.80930	0.116	142.8
2019-11-09T14:39	85.83321	115.81195	0.116	143.3
2019-11-09T14:49	85.83295	115.81459	0.115	143.3
2019-11-09T14:59	85.83270	115.81738	0.116	140.9
2019-11-09T15:09	85.83244	115.82020	0.117	141.1
2019-11-09T15:19	85.83218	115.82295	0.118	142.4
2019-11-09T15:29	85.83192	115.82578	0.120	141.8
2019-11-09T15:39	85.83166	115.82857	0.119	142.0
2019-11-09T15:49	85.83141	115.83149	0.120	140.6
2019-11-09T15:59	85.83115	115.83443	0.119	139.6
2019-11-09T16:09	85.83089	115.83730	0.121	141.4
2019-11-09T16:19	85.83064	115.84013	0.118	141.3
2019-11-09T16:29	85.83038	115.84304	0.120	140.5
2019-11-09T16:39	85.83012	115.84588	0.119	141.4
2019-11-09T16:49	85.82987	115.84875	0.117	140.1
2019-11-09T16:59	85.82962	115.85153	0.117	141.5
2019-11-09T17:09	85.82937	115.85427	0.115	141.3
2019-11-09T17:19	85.82912	115.85699	0.113	141.2
2019-11-09T17:29	85.82888	115.85970	0.113	140.8
2019-11-09T17:39	85.82864	115.86241	0.111	140.2
2019-11-09T17:49	85.82840	115.86501	0.110	141.5
2019-11-09T17:59	85.82817	115.86755	0.108	142.2
2019-11-09T18:09	85.82794	115.87001	0.105	142.3
2019-11-09T18:19	85.82771	115.87249	0.105	141.5
2019-11-09T18:29	85.82748	115.87478	0.101	143.6
2019-11-09T18:39	85.82726	115.87709	0.101	143.1
2019-11-09T18:49	85.82704	115.87928	0.098	144.0
2019-11-09T18:59	85.82682	115.88151	0.097	143.0
2019-11-09T19:09	85.82662	115.88369	0.093	142.1
2019-11-09T19:19	85.82641	115.88582	0.092	142.9
2019-11-09T19:29	85.82621	115.88790	0.091	143.3
2019-11-09T19:39	85.82601	115.88996	0.089	142.9
2019-11-09T19:49	85.82583	115.89193	0.085	142.5
2019-11-09T19:59	85.82564	115.89390	0.085	142.6
2019-11-09T20:09	85.82546	115.89585	0.082	141.7
2019-11-09T20:19	85.82529	115.89782	0.081	140.3
2019-11-09T20:29	85.82511	115.89971	0.080	141.6
2019-11-09T20:39	85.82495	115.90165	0.078	139.6
2019-11-09T20:49	85.82478	115.90361	0.079	139.5
2019-11-09T20:59	85.82463	115.90554	0.075	137.3
2019-11-09T21:09	85.82447	115.90744	0.074	138.0
2019-11-09T21:19	85.82433	115.90933	0.072	136.8
2019-11-09T21:29	85.82419	115.91123	0.070	134.9
2019-11-09T21:39	85.82406	115.91317	0.068	131.9
2019-11-09T21:49	85.82394	115.91509	0.066	130.3
2019-11-09T21:59	85.82383	115.91700	0.065	129.2
2019-11-09T22:09	85.82372	115.91898	0.066	127.5
2019-11-09T22:19	85.82361	115.92112	0.067	124.1
2019-11-09T22:29	85.82352	115.92317	0.064	123.0
2019-11-09T22:39	85.82343	115.92529	0.065	120.3
2019-11-09T22:49	85.82334	115.92742	0.064	119.8
2019-11-09T22:59	85.82326	115.92967	0.065	115.1
2019-11-09T23:09	85.82318	115.93199	0.067	115.4
2019-11-09T23:19	85.82311	115.93432	0.066	112.5
2019-11-09T23:29	85.82305	115.93668	0.066	110.6
2019-11-09T23:39	85.82298	115.93915	0.069	109.3
2019-11-09T23:49	85.82293	115.94163	0.068	106.9
2019-11-09T23:59	85.82288	115.94412	0.068	104.8
2019-11-10T00:09	85.82283	115.94670	0.070	104.4
2019-11-10T00:19	85.82279	115.94934	0.071	102.8
2019-11-10T00:29	85.82275	115.95199	0.071	102.2
2019-11-10T00:39	85.82271	115.95469	0.072	100.6
2019-11-10T00:49	85.82268	115.95749	0.074	99.3
2019-11-10T00:59	85.82265	115.96027	0.074	97.5
2019-11-10T01:09	85.82262	115.96331	0.080	97.9
2019-11-10T01:19	85.82260	115.96605	0.072	96.0
2019-11-10T01:29	85.82258	115.96897	0.077	95.9
2019-11-10T01:39	85.82256	115.97224	0.086	94.9
2019-11-10T01:49	85.82254	115.97529	0.080	93.5
2019-11-10T01:59	85.82253	115.97841	0.082	92.6
2019-11-10T02:09	85.82252	115.98166	0.086	92.4
2019-11-10T02:19	85.82252	115.98497	0.087	90.3
2019-11-10T02:29	85.82252	115.98829	0.087	89.7
2019-11-10T02:39	85.82253	115.99172	0.090	89.2
2019-11-10T02:49	85.82252	115.99505	0.087	91.7
2019-11-10T02:59	85.82252	115.99855	0.092	89.5
2019-11-10T03:09	85.82252	116.00202	0.091	89.3
2019-11-10T03:19	85.82252	116.00552	0.092	89.7
2019-11-10T03:29	85.82253	116.00911	0.094	89.0
2019-11-10T03:39	85.82254	116.01272	0.095	88.7
2019-11-10T03:49	85.82253	116.01633	0.095	90.3
2019-11-10T03:59	85.82253	116.01992	0.094	89.9
2019-11-10T04:09	85.82254	116.02353	0.095	89.5
2019-11-10T04:19	85.82254	116.02710	0.094	89.0
2019-11-10T04:29	85.82254	116.03060	0.092	89.8
2019-11-10T04:39	85.82254	116.03439	0.099	89.9
2019-11-10T04:49	85.82254	116.03785	0.091	91.0
2019-11-10T04:59	85.82254	116.04127	0.090	90.4
2019-11-10T05:09	85.82254	116.04471	0.090	90.0
2019-11-10T05:19	85.82254	116.04806	0.088	89.6
2019-11-10T05:29	85.82254	116.05147	0.089	90.1
2019-11-10T05:39	85.82253	116.05482	0.088	90.7
2019-11-10T05:49	85.82253	116.05810	0.086	90.2
2019-11-10T05:59	85.82253	116.06126	0.083	91.4
2019-11-10T06:09	85.82253	116.06432	0.080	89.8
2019-11-10T06:19	85.82254	116.06736	0.080	88.3
2019-11-10T06:29	85.82255	116.07034	0.078	87.4
2019-11-10T06:39	85.82256	116.07333	0.079	85.7
2019-11-10T06:49	85.82258	116.07620	0.076	84.5
2019-11-10T06:59	85.82261	116.07896	0.073	83.0
2019-11-10T07:09	85.82263	116.08171	0.073	82.1
2019-11-10T07:19	85.82267	116.08437	0.071	78.6
2019-11-10T07:29	85.82271	116.08684	0.066	78.4
2019-11-10T07:39	85.82275	116.08937	0.068	76.3
2019-11-10T07:49	85.82281	116.09182	0.067	73.3
2019-11-10T07:59	85.82287	116.09416	0.065	71.2
2019-11-10T08:09	85.82293	116.09641	0.064	67.9
2019-11-10T08:19	85.82301	116.09862	0.063	66.0
2019-11-10T08:29	85.82308	116.10074	0.062	64.4
2019-11-10T08:39	85.82316	116.10286	0.063	62.2
2019-11-10T08:49	85.82326	116.10483	0.062	56.3
2019-11-10T08:59	85.82335	116.10683	0.063	55.9
2019-11-10T09:09	85.82346	116.10881	0.065	52.6
2019-11-10T09:19	85.82357	116.11064	0.062	50.8
2019-11-10T09:29	85.82369	116.11247	0.064	48.7
2019-11-10T09:39	85.82382	116.11428	0.066	46.1
2019-11-10T09:49	85.82395	116.11605	0.068	43.4
2019-11-10T09:59	85.82410	116.11785	0.070	42.3
2019-11-10T10:09	85.82425	116.11970	0.073	42.0
2019-11-10T10:19	85.82440	116.12148	0.072	40.4
2019-11-10T10:29	85.82456	116.12325	0.075	38.2
2019-11-10T10:39	85.82474	116.12510	0.079	37.9
2019-11-10T10:49	85.82492	116.12701	0.083	37.3
2019-11-10T10:59	85.82510	116.12888	0.082	36.7
2019-11-10T11:09	85.82530	116.13082	0.087	35.8
2019-11-10T11:19	85.82549	116.13280	0.088	36.4
2019-11-10T11:29	85.82570	116.13485	0.091	36.0
2019-11-10T11:39	85.82591	116.13696	0.093	36.3
2019-11-10T11:49	85.82613	116.13919	0.099	36.3
2019-11-10T11:59	85.82635	116.14147	0.101	36.4
2019-11-10T12:09	85.82659	116.14384	0.104	36.6
2019-11-10T12:19	85.82682	116.14633	0.108	37.2
2019-11-10T12:29	85.82706	116.14885	0.109	37.4
2019-11-10T12:39	85.82731	116.15151	0.113	38.1
2019-11-10T12:49	85.82756	116.15432	0.116	39.5
2019-11-10T12:59	85.82781	116.15717	0.117	39.6
2019-11-10T13:09	85.82806	116.16013	0.119	40.5
2019-11-10T13:19	85.82833	116.16330	0.126	41.1
2019-11-10T13:29	85.82857	116.16630	0.118	41.9
2019-11-10T13:39	85.82883	116.16959	0.126	43.0
2019-11-10T13:49	85.82908	116.17277	0.123	42.4
2019-11-10T13:59	85.82934	116.17616	0.128	43.7
2019-11-10T14:09	85.82959	116.17953	0.127	44.2
2019-11-10T14:19	85.82984	116.18302	0.129	45.1
2019-11-10T14:29	85.83009	116.18656	0.129	46.1
2019-11-10T14:39	85.83034	116.19006	0.127	45.9
2019-11-10T14:49	85.83059	116.19370	0.132	46.3
2019-11-10T14:59	85.83084	116.19740	0.132	47.3
2019-11-10T15:09	85.83109	116.20112	0.133	47.2
2019-11-10T15:19	85.83133	116.20483	0.131	47.9
2019-11-10T15:29	85.83158	116.20866	0.134	48.5
2019-11-10T15:39	85.83183	116.21256	0.136	48.7
2019-11-10T15:49	85.83206	116.21619	0.126	49.0
2019-11-10T15:59	85.83228	116.21974	0.123	49.0
2019-11-10T16:09	85.83251	116.22347	0.128	49.6
2019-11-10T16:19	85.83275	116.22720	0.129	49.0
2019-11-10T16:29	85.83297	116.23087	0.126	49.4
2019-11-10T16:39	85.83321	116.23454	0.127	48.9
2019-11-10T16:49	85.83344	116.23815	0.127	48.2
2019-11-10T16:59	85.83368	116.24170	0.126	47.7
2019-11-10T17:09	85.83392	116.24524	0.128	46.2
2019-11-10T17:19	85.83417	116.24875	0.128	45.8
2019-11-10T17:29	85.83442	116.25203	0.124	43.7
2019-11-10T17:39	85.83468	116.25538	0.127	43.3
2019-11-10T17:49	85.83493	116.25862	0.125	42.6
2019-11-10T17:59	85.83519	116.26181	0.126	41.6
2019-11-10T18:09	85.83547	116.26493	0.127	39.8
2019-11-10T18:19	85.83574	116.26789	0.125	38.1
2019-11-10T18:29	85.83603	116.27084	0.130	36.6
2019-11-10T18:39	85.83632	116.27373	0.128	36.2
2019-11-10T18:49	85.83662	116.27655	0.131	34.3
2019-11-10T18:59	85.83692	116.27927	0.130	33.1
2019-11-10T19:09	85.83723	116.28181	0.131	30.4
2019-11-10T19:19	85.83756	116.28427	0.133	28.9
2019-11-10T19:29	85.83790	116.28667	0.137	27.1
2019-11-10T19:39	85.83824	116.28888	0.138	24.8
2019-11-10T19:49	85.83859	116.29101	0.139	23.7
2019-11-10T19:59	85.83895	116.29302	0.139	22.1
2019-11-10T20:09	85.83932	116.29492	0.142	20.6
2019-11-10T20:19	85.83970	116.29677	0.144	19.6
2019-11-10T20:29	85.84009	116.29856	0.150	18.2
2019-11-10T20:39	85.84050	116.30037	0.154	17.9
2019-11-10T20:49	85.84092	116.30216	0.157	17.3
2019-11-10T20:59	85.84134	116.30382	0.158	15.9
2019-11-10T21:09	85.84177	116.30544	0.162	15.1
2019-11-10T21:19	85.84222	116.30701	0.165	14.4
2019-11-10T21:29	85.84268	116.30863	0.171	14.4
2019-11-10T21:39	85.84314	116.31021	0.172	13.9
2019-11-10T21:49	85.84362	116.31179	0.177	13.5
2019-11-10T21:59	85.84410	116.31347	0.181	14.0
2019-11-10T22:09	85.84460	116.31518	0.184	14.1
2019-11-10T22:19	85.84511	116.31683	0.188	13.2
2019-11-10T22:29	85.84562	116.31851	0.191	13.3
2019-11-10T22:39	85.84615	116.32020	0.195	13.1
2019-11-10T22:49	85.84669	116.32198	0.199	13.5
2019-11-10T22:59	85.84723	116.32382	0.200	13.9
2019-11-10T23:09	85.84777	116.32561	0.202	13.3
2019-11-10T23:19	85.84833	116.32740	0.205	13.2
2019-11-10T23:29	85.84889	116.32934	0.209	14.0
2019-11-10T23:39	85.84946	116.33137	0.214	14.4
2019-11-10T23:49	85.85006	116.33359	0.221	15.2
2019-11-10T23:59	85.85062	116.33568	0.212	14.9
2019-11-11T00:09	85.85121	116.33795	0.219	15.6
2019-11-11T00:19	85.85181	116.34033	0.224	16.1
2019-11-11T00:29	85.85241	116.34287	0.227	16.9
2019-11-11T00:39	85.85302	116.34552	0.231	17.4
2019-11-11T00:49	85.85364	116.34830	0.234	18.0
2019-11-11T00:59	85.85426	116.35122	0.236	18.8
2019-11-11T01:09	85.85488	116.35418	0.236	19.1
2019-11-11T01:19	85.85550	116.35722	0.238	19.4
2019-11-11T01:29	85.85616	116.36060	0.253	20.3
2019-11-11T01:39	85.85676	116.36363	0.230	20.1
2019-11-11T01:49	85.85739	116.36693	0.244	20.6
2019-11-11T01:59	85.85803	116.37031	0.246	20.9
2019-11-11T02:09	85.85867	116.37402	0.251	22.6
2019-11-11T02:19	85.85932	116.37770	0.251	22.4
2019-11-11T02:29	85.85997	116.38133	0.253	21.9
2019-11-11T02:39	85.86063	116.38496	0.254	21.8
2019-11-11T02:49	85.86129	116.38876	0.259	22.4
2019-11-11T02:59	85.86197	116.39267	0.266	22.5
2019-11-11T03:09	85.86266	116.39658	0.267	22.3
2019-11-11T03:19	85.86334	116.40040	0.265	22.0
2019-11-11T03:29	85.86404	116.40435	0.272	22.1
2019-11-11T03:39	85.86476	116.40826	0.276	21.6
2019-11-11T03:49	85.86547	116.41224	0.276	21.9
2019-11-11T03:59	85.86619	116.41612	0.278	21.2
2019-11-11T04:09	85.86691	116.41993	0.279	20.8
2019-11-11T04:19	85.86766	116.42370	0.285	20.1
2019-11-11T04:29	85.86840	116.42729	0.286	19.0
2019-11-11T04:39	85.86917	116.43104	0.292	19.4
2019-11-11T04:49	85.86995	116.43477	0.296	19.1
2019-11-11T04:59	85.87073	116.43846	0.298	18.7
2019-11-11T05:09	85.87153	116.44200	0.302	17.7
2019-11-11T05:19	85.87234	116.44556	0.307	17.5
2019-11-11T05:29	85.87317	116.44913	0.314	17.2
2019-11-11T05:39	85.87401	116.45262	0.316	16.7
2019-11-11T05:49	85.87488	116.45617	0.324	16.4
2019-11-11T05:59	85.87576	116.45978	0.332	16.4
2019-11-11T06:09	85.87665	116.46328	0.331	15.9
2019-11-11T06:19	85.87755	116.46681	0.339	15.7
2019-11-11T06:29	85.87846	116.47029	0.341	15.3
2019-11-11T06:39	85.87940	116.47384	0.349	15.2
2019-11-11T06:49	85.88034	116.47737	0.351	15.1
2019-11-11T06:59	85.88127	116.48070	0.346	14.4
2019-11-11T07:09	85.88221	116.48386	0.348	13.5
2019-11-11T07:19	85.88317	116.48696	0.355	13.1
2019-11-11T07:29	85.88415	116.49026	0.361	13.7
2019-11-11T07:39	85.88513	116.49338	0.365	12.8
2019-11-11T07:49	85.88613	116.49656	0.370	12.8
2019-11-11T07:59	85.88715	116.49970	0.373	12.5
2019-11-11T08:09	85.88818	116.50298	0.383	12.7
2019-11-11T08:19	85.88924	116.50636	0.389	13.0
2019-11-11T08:29	85.89032	116.50980	0.399	12.9
2019-11-11T08:39	85.89141	116.51328	0.404	12.8
2019-11-11T08:49	85.89252	116.51676	0.410	12.7
2019-11-11T08:59	85.89365	116.52037	0.417	12.9
2019-11-11T09:09	85.89479	116.52406	0.421	13.0
2019-11-11T09:19	85.89594	116.52769	0.423	12.8
2019-11-11T09:29	85.89709	116.53129	0.426	12.6
2019-11-11T09:39	85.89826	116.53498	0.430	12.8
2019-11-11T09:49	85.89942	116.53865	0.431	12.7
2019-11-11T09:59	85.90061	116.54243	0.436	12.9
2019-11-11T10:09	85.90179	116.54635	0.438	13.3
2019-11-11T10:19	85.90298	116.55029	0.441	13.3
2019-11-11T10:29	85.90417	116.55434	0.441	13.7
2019-11-11T10:39	85.90537	116.55859	0.446	14.2
2019-11-11T10:49	85.90658	116.56299	0.450	14.5
2019-11-11T10:59	85.90779	116.56749	0.449	14.9
2019-11-11T11:09	85.90899	116.57200	0.450	14.9
2019-11-11T11:19	85.91020	116.57667	0.451	15.4
2019-11-11T11:29	85.91142	116.58152	0.457	15.8
2019-11-11T11:39	85.91264	116.58652	0.457	16.3
2019-11-11T11:49	85.91386	116.59163	0.460	16.6
2019-11-11T11:59	85.91509	116.59690	0.461	17.0
2019-11-11T12:09	85.91631	116.60231	0.461	17.5
2019-11-11T12:19	85.91753	116.60779	0.460	17.8
2019-11-11T12:29	85.91874	116.61335	0.458	18.1
2019-11-11T12:39	85.91995	116.61915	0.461	18.8
2019-11-11T12:49	85.92115	116.62493	0.457	18.9
2019-11-11T12:59	85.92235	116.63086	0.457	19.4
2019-11-11T13:09	85.92354	116.63696	0.457	20.0
2019-11-11T13:19	85.92472	116.64318	0.456	20.4
2019-11-11T13:29	85.92589	116.64952	0.451	21.1
2019-11-11T13:39	85.92707	116.65601	0.455	21.4
2019-11-11T13:49	85.92824	116.66263	0.452	22.0
2019-11-11T13:59	85.92939	116.66939	0.450	22.5
2019-11-11T14:09	85.93054	116.67619	0.448	22.9
2019-11-11T14:19	85.93166	116.68314	0.443	23.6
2019-11-11T14:29	85.93278	116.69012	0.441	23.9
2019-11-11T14:39	85.93389	116.69720	0.438	24.4
2019-11-11T14:49	85.93499	116.70456	0.437	25.4
2019-11-11T14:59	85.93606	116.71187	0.430	25.7
2019-11-11T15:09	85.93713	116.71921	0.427	26.0
2019-11-11T15:19	85.93818	116.72665	0.422	26.7
2019-11-11T15:29	85.93922	116.73430	0.424	27.4
2019-11-11T15:39	85.94025	116.74215	0.422	28.3
2019-11-11T15:49	85.94127	116.75002	0.416	28.8
2019-11-11T15:59	85.94225	116.75782	0.408	29.2
2019-11-11T16:09	85.94323	116.76570	0.406	29.7
2019-11-11T16:19	85.94420	116.77362	0.401	30.2
2019-11-11T16:29	85.94514	116.78169	0.398	31.0
2019-11-11T16:39	85.94608	116.78956	0.392	30.7
2019-11-11T16:49	85.94700	116.79757	0.389	31.6
2019-11-11T16:59	85.94790	116.80554	0.381	32.1
2019-11-11T17:09	85.94878	116.81344	0.377	32.2
2019-11-11T17:19	85.94965	116.82128	0.371	32.5
2019-11-11T17:29	85.95051	116.82918	0.369	33.0
2019-11-11T17:39	85.95136	116.83705	0.365	33.3
2019-11-11T17:49	85.95219	116.84495	0.360	33.9
2019-11-11T17:59	85.95301	116.85290	0.358	34.4
2019-11-11T18:09	85.95382	116.86100	0.358	35.1
2019-11-11T18:19	85.95464	116.86897	0.356	34.6
2019-11-11T18:29	85.95543	116.87689	0.349	35.2
2019-11-11T18:39	85.95622	116.88485	0.349	35.3
2019-11-11T18:49	85.95701	116.89269	0.345	35.2
2019-11-11T18:59	85.95779	116.90058	0.345	35.5
2019-11-11T19:09	85.95857	116.90851	0.346	35.6
2019-11-11T19:19	85.95934	116.91653	0.345	36.2
2019-11-11T19:29	85.96011	116.92448	0.342	36.1
2019-11-11T19:39	85.96087	116.93241	0.340	36.3
2019-11-11T19:49	85.96162	116.94032	0.338	36.5
2019-11-11T19:59	85.96237	116.94827	0.338	36.6
2019-11-11T20:09	85.96313	116.95609	0.338	35.9
2019-11-11T20:19	85.96389	116.96389	0.336	36.0
2019-11-11T20:29	85.96464	116.97165	0.336	35.9
2019-11-11T20:39	85.96540	116.97946	0.337	35.9
2019-11-11T20:49	85.96617	116.98717	0.339	35.1
2019-11-11T20:59	85.96694	116.99499	0.339	35.7
2019-11-11T21:09	85.96770	117.00273	0.338	35.4
2019-11-11T21:19	85.96846	117.01061	0.337	36.4
2019-11-11T21:29	85.96921	117.01856	0.338	36.5
2019-11-11T21:39	85.96996	117.02642	0.336	36.3
2019-11-11T21:49	85.97072	117.03434	0.337	36.4
2019-11-11T21:59	85.97147	117.04230	0.337	36.7
2019-11-11T22:09	85.97222	117.05020	0.337	36.3
2019-11-11T22:19	85.97298	117.05806	0.338	36.0
2019-11-11T22:29	85.97375	117.06592	0.338	36.0
2019-11-11T22:39	85.97452	117.07400	0.344	36.4
2019-11-11T22:49	85.97528	117.08213	0.344	36.7
2019-11-11T22:59	85.97606	117.09032	0.347	36.6
2019-11-11T23:09	85.97683	117.09846	0.347	36.4
2019-11-11T23:19	85.97761	117.10693	0.352	37.4
2019-11-11T23:29	85.97839	117.11542	0.353	37.3
2019-11-11T23:39	85.97918	117.12409	0.360	37.5
2019-11-11T23:49	85.97997	117.13287	0.359	38.1
2019-11-11T23:59	85.98075	117.14169	0.359	38.3
2019-11-12T00:09	85.98153	117.15051	0.359	38.4
2019-11-12T00:19	85.98231	117.15940	0.359	38.6
2019-11-12T00:29	85.98309	117.16840	0.360	39.1
2019-11-12T00:39	85.98386	117.17731	0.357	39.0
2019-11-12T00:49	85.98463	117.18641	0.360	39.5
2019-11-12T00:59	85.98538	117.19543	0.354	40.0
2019-11-12T01:09	85.98613	117.20450	0.354	40.2
2019-11-12T01:19	85.98688	117.21337	0.351	39.6
2019-11-12T01:29	85.98763	117.22239	0.351	40.3
2019-11-12T01:39	85.98838	117.23148	0.355	40.2
2019-11-12T01:49	85.98913	117.24035	0.350	39.7
2019-11-12T01:59	85.98987	117.24929	0.351	39.8
2019-11-12T02:09	85.99061	117.25816	0.347	40.1
2019-11-12T02:19	85.99136	117.26704	0.349	39.8
2019-11-12T02:29	85.99209	117.27587	0.345	40.1
2019-11-12T02:39	85.99282	117.28462	0.342	40.1
2019-11-12T02:49	85.99353	117.29332	0.339	40.3
2019-11-12T02:59	85.99425	117.30189	0.336	39.9
2019-11-12T03:09	85.99496	117.31036	0.332	39.9
2019-11-12T03:19	85.99567	117.31861	0.329	39.1
2019-11-12T03:29	85.99636	117.32666	0.323	38.8
2019-11-12T03:39	85.99705	117.33442	0.315	38.2
2019-11-12T03:49	85.99774	117.34202	0.313	37.7
2019-11-12T03:59	85.99843	117.34959	0.313	37.4
2019-11-12T04:09	85.99912	117.35715	0.313	37.3
2019-11-12T04:19	85.99981	117.36466	0.311	37.4
2019-11-12T04:29	86.00049	117.37217	0.310	37.4
2019-11-12T04:39	86.00117	117.37942	0.304	36.8
2019-11-12T04:49	86.00185	117.38652	0.304	35.9
2019-11-12T04:59	86.00255	117.39357	0.309	35.0
2019-11-12T05:09	86.00325	117.40051	0.305	34.7
2019-11-12T05:19	86.00398	117.40742	0.315	33.4
2019-11-12T05:29	86.00472	117.41420	0.316	32.6
2019-11-12T05:39	86.00541	117.42078	0.300	33.4
2019-11-12T05:49	86.00612	117.42720	0.301	32.3
2019-11-12T05:59	86.00682	117.43325	0.294	31.0
2019-11-12T06:09	86.00751	117.43900	0.287	30.0
2019-11-12T06:19	86.00820	117.44447	0.282	29.1
2019-11-12T06:29	86.00890	117.44974	0.287	27.4
2019-11-12T06:39	86.00961	117.45452	0.280	25.4
2019-11-12T06:49	86.01031	117.45907	0.276	24.3
2019-11-12T06:59	86.01099	117.46331	0.269	23.3
2019-11-12T07:09	86.01170	117.46741	0.274	22.0
2019-11-12T07:19	86.01242	117.47131	0.279	20.5
2019-11-12T07:29	86.01316	117.47535	0.284	20.8
2019-11-12T07:39	86.01390	117.47901	0.282	18.9
2019-11-12T07:49	86.01465	117.48256	0.284	18.3
2019-11-12T07:59	86.01539	117.48581	0.277	17.1
2019-11-12T08:09	86.01613	117.48898	0.278	16.6
2019-11-12T08:19	86.01688	117.49214	0.284	16.1
2019-11-12T08:29	86.01765	117.49520	0.287	15.4
2019-11-12T08:39	86.01843	117.49811	0.287	14.7
2019-11-12T08:49	86.01920	117.50092	0.289	14.0
2019-11-12T08:59	86.01998	117.50354	0.288	13.1
2019-11-12T09:09	86.02079	117.50627	0.297	13.3
2019-11-12T09:19	86.02160	117.50902	0.300	13.2
2019-11-12T09:29	86.02241	117.51173	0.302	13.0
2019-11-12T09:39	86.02324	117.51450	0.306	13.1
2019-11-12T09:49	86.02409	117.51736	0.314	13.2
2019-11-12T09:59	86.02493	117.52025	0.312	13.4
2019-11-12T10:09	86.02578	117.52293	0.312	12.3
2019-11-12T10:19	86.02664	117.52577	0.317	13.0
2019-11-12T10:29	86.02751	117.52897	0.325	14.2
2019-11-12T10:39	86.02839	117.53226	0.325	14.7
2019-11-12T10:49	86.02925	117.53566	0.321	15.3
2019-11-12T10:59	86.03011	117.53909	0.322	15.4
2019-11-12T11:09	86.03098	117.54267	0.326	15.8
2019-11-12T11:19	86.03186	117.54619	0.328	15.5
2019-11-12T11:29	86.03273	117.54983	0.327	16.1
2019-11-12T11:39	86.03360	117.55374	0.325	17.4
2019-11-12T11:49	86.03446	117.55768	0.327	17.5
2019-11-12T11:59	86.03533	117.56182	0.330	18.2
2019-11-12T12:09	86.03620	117.56616	0.331	19.1
2019-11-12T12:19	86.03705	117.57036	0.324	18.8
2019-11-12T12:29	86.03789	117.57475	0.322	19.8
2019-11-12T12:39	86.03873	117.57918	0.322	20.0
2019-11-12T12:49	86.03955	117.58298	0.311	17.7
2019-11-12T12:59	86.04036	117.58735	0.312	20.3
2019-11-12T13:09	86.04119	117.59162	0.315	19.7
2019-11-12T13:19	86.04202	117.59647	0.322	21.9
2019-11-12T13:29	86.04283	117.60146	0.319	22.9
2019-11-12T13:39	86.04364	117.60661	0.318	23.7
2019-11-12T13:49	86.04446	117.61184	0.320	23.9
2019-11-12T13:59	86.04525	117.61712	0.315	24.6
2019-11-12T14:09	86.04605	117.62243	0.315	24.7
2019-11-12T14:19	86.04683	117.62783	0.313	25.4
2019-11-12T14:29	86.04762	117.63314	0.311	25.1
2019-11-12T14:39	86.04839	117.63861	0.310	26.0
2019-11-12T14:49	86.04916	117.64407	0.309	26.1
2019-11-12T14:59	86.04992	117.64952	0.304	26.4
2019-11-12T15:09	86.05067	117.65494	0.302	26.4
2019-11-12T15:19	86.05141	117.66041	0.300	26.9
2019-11-12T15:29	86.05215	117.66580	0.298	26.7
2019-11-12T15:39	86.05288	117.67116	0.296	26.6
2019-11-12T15:49	86.05360	117.67632	0.289	26.2
2019-11-12T15:59	86.05432	117.68158	0.288	26.9
2019-11-12T16:09	86.05503	117.68679	0.285	26.9
2019-11-12T16:19	86.05572	117.69203	0.283	27.2
2019-11-12T16:29	86.05642	117.69709	0.280	26.6
2019-11-12T16:39	86.05711	117.70214	0.278	26.7
2019-11-12T16:49	86.05780	117.70701	0.277	25.8
2019-11-12T16:59	86.05847	117.71196	0.269	27.1
2019-11-12T17:09	86.05914	117.71670	0.268	26.0
2019-11-12T17:19	86.05980	117.72127	0.264	25.3
2019-11-12T17:29	86.06043	117.72553	0.251	24.8
2019-11-12T17:39	86.06105	117.72945	0.241	23.7
2019-11-12T17:49	86.06167	117.73338	0.245	23.4
2019-11-12T17:59	86.06230	117.73753	0.250	24.2
2019-11-12T18:09	86.06293	117.74158	0.247	23.9
2019-11-12T18:19	86.06355	117.74546	0.242	23.3
2019-11-12T18:29	86.06417	117.74925	0.242	22.8
2019-11-12T18:39	86.06478	117.75282	0.239	21.7
2019-11-12T18:49	86.06540	117.75621	0.238	20.6
2019-11-12T18:59	86.06601	117.75960	0.235	20.9
2019-11-12T19:09	86.06662	117.76281	0.231	20.1
2019-11-12T19:19	86.06723	117.76608	0.236	20.0
2019-11-12T19:29	86.06784	117.76919	0.233	19.2
2019-11-12T19:39	86.06844	117.77219	0.228	19.0
2019-11-12T19:49	86.06903	117.77513	0.224	18.9
2019-11-12T19:59	86.06963	117.77796	0.227	18.0
2019-11-12T20:09	86.07022	117.78059	0.222	17.0
2019-11-12T20:19	86.07081	117.78289	0.220	14.9
2019-11-12T20:29	86.07141	117.78520	0.225	14.7
2019-11-12T20:39	86.07202	117.78736	0.226	13.7
2019-11-12T20:49	86.07264	117.78940	0.226	12.8
2019-11-12T20:59	86.07326	117.79147	0.230	12.9
2019-11-12T21:09	86.07389	117.79342	0.231	12.0
2019-11-12T21:19	86.07452	117.79558	0.235	13.1
2019-11-12T21:29	86.07516	117.79767	0.236	12.6
2019-11-12T21:39	86.07582	117.79969	0.241	11.9
2019-11-12T21:49	86.07647	117.80179	0.242	12.3
2019-11-12T21:59	86.07714	117.80398	0.246	12.7
2019-11-12T22:09	86.07782	117.80616	0.251	12.4
2019-11-12T22:19	86.07851	117.80843	0.253	12.8
2019-11-12T22:29	86.07920	117.81083	0.256	13.4
2019-11-12T22:39	86.07989	117.81324	0.257	13.4
2019-11-12T22:49	86.08059	117.81582	0.259	14.2
2019-11-12T22:59	86.08129	117.81857	0.263	14.9
2019-11-12T23:09	86.08200	117.82137	0.263	15.2
2019-11-12T23:19	86.08270	117.82433	0.263	16.1
2019-11-12T23:29	86.08341	117.82748	0.267	16.9
2019-11-12T23:39	86.08413	117.83085	0.272	17.7
2019-11-12T23:49	86.08482	117.83425	0.264	18.4
2019-11-12T23:59	86.08551	117.83783	0.264	19.5
2019-11-13T00:09	86.08621	117.84162	0.268	20.3
2019-11-13T00:19	86.08690	117.84541	0.265	20.6
2019-11-13T00:29	86.08758	117.84933	0.265	21.3
2019-11-13T00:39	86.08827	117.85339	0.267	22.0
2019-11-13T00:49	86.08894	117.85760	0.262	23.2
2019-11-13T00:59	86.08960	117.86182	0.259	23.6
2019-11-13T01:09	86.09024	117.86634	0.256	25.6
2019-11-13T01:19	86.09086	117.87102	0.252	27.1
2019-11-13T01:29	86.09147	117.87601	0.251	29.3
2019-11-13T01:39	86.09207	117.88091	0.247	29.2
2019-11-13T01:49	86.09265	117.88595	0.243	30.7
2019-11-13T01:59	86.09321	117.89103	0.237	31.7
2019-11-13T02:09	86.09374	117.89619	0.230	33.4
2019-11-13T02:19	86.09426	117.90135	0.226	34.1
2019-11-13T02:29	86.09476	117.90634	0.219	34.0
2019-11-13T02:39	86.09523	117.91135	0.209	36.0
2019-11-13T02:49	86.09569	117.91626	0.203	36.3
2019-11-13T02:59	86.09614	117.92122	0.203	36.8
2019-11-13T03:09	86.09659	117.92592	0.199	35.4
2019-11-13T03:19	86.09701	117.93024	0.186	34.7
2019-11-13T03:29	86.09741	117.93460	0.178	36.8
2019-11-13T03:39	86.09779	117.93882	0.171	37.3
2019-11-13T03:49	86.09814	117.94295	0.164	38.2
2019-11-13T03:59	86.09848	117.94702	0.158	39.2
2019-11-13T04:09	86.09881	117.95086	0.151	38.6
2019-11-13T04:19	86.09918	117.95394	0.153	29.7
2019-11-13T04:29	86.09954	117.95693	0.149	29.5
2019-11-13T04:39	86.09989	117.95956	0.143	26.8
2019-11-13T04:49	86.10024	117.96245	0.142	29.8
2019-11-13T04:59	86.10057	117.96498	0.136	27.1
2019-11-13T05:09	86.10091	117.96727	0.134	24.7
2019-11-13T05:19	86.10125	117.96918	0.133	20.7
2019-11-13T05:29	86.10160	117.97091	0.131	18.8
2019-11-13T05:39	86.10195	117.97272	0.133	19.4
2019-11-13T05:49	86.10231	117.97477	0.140	21.0
2019-11-13T05:59	86.10266	117.97679	0.135	21.5
2019-11-13T06:09	86.10300	117.97849	0.128	18.9
2019-11-13T06:19	86.10334	117.98012	0.130	17.8
2019-11-13T06:29	86.10371	117.98140	0.136	13.3
2019-11-13T06:39	86.10407	117.98262	0.134	12.9
2019-11-13T06:49	86.10444	117.98340	0.136	8.1
2019-11-13T06:59	86.10479	117.98417	0.126	8.6
2019-11-13T07:09	86.10511	117.98468	0.116	6.2
2019-11-13T07:19	86.10542	117.98506	0.111	4.7
2019-11-13T07:29	86.10573	117.98499	0.114	359.2
2019-11-13T07:39	86.10604	117.98505	0.112	0.8
2019-11-13T07:49	86.10637	117.98476	0.119	356.6
2019-11-13T07:59	86.10671	117.98420	0.123	353.6
2019-11-13T08:09	86.10705	117.98347	0.123	351.6
2019-11-13T08:19	86.10739	117.98250	0.124	349.1
2019-11-13T08:29	86.10773	117.98132	0.125	346.7
2019-11-13T08:39	86.10807	117.98032	0.125	348.7
2019-11-13T08:49	86.10841	117.97946	0.126	350.4
2019-11-13T08:59	86.10877	117.97853	0.132	350.1
2019-11-13T09:09	86.10914	117.97750	0.134	349.2
2019-11-13T09:19	86.10951	117.97647	0.135	349.3
2019-11-13T09:29	86.10989	117.97550	0.140	350.2
2019-11-13T09:39	86.11029	117.97445	0.145	349.7
2019-11-13T09:49	86.11068	117.97381	0.141	353.6
2019-11-13T09:59	86.11108	117.97309	0.146	353.1
2019-11-13T10:09	86.11149	117.97239	0.149	353.5
2019-11-13T10:19	86.11191	117.97143	0.153	351.2
2019-11-13T10:29	86.11234	117.97046	0.154	351.2
2019-11-13T10:39	86.11275	117.96978	0.148	353.5
2019-11-13T10:49	86.11318	117.96890	0.157	352.2
2019-11-13T10:59	86.11360	117.96846	0.153	355.9
2019-11-13T11:09	86.11404	117.96819	0.156	357.6
2019-11-13T11:19	86.11447	117.96787	0.157	357.2
2019-11-13T11:29	86.11491	117.96737	0.159	355.6
2019-11-13T11:39	86.11535	117.96710	0.157	357.5
2019-11-13T11:49	86.11578	117.96694	0.156	358.6
2019-11-13T11:59	86.11622	117.96640	0.160	355.3
2019-11-13T12:09	86.11665	117.96554	0.154	352.2
2019-11-13T12:19	86.11708	117.96491	0.156	354.3
2019-11-13T12:29	86.11752	117.96437	0.159	355.3
2019-11-13T12:39	86.11794	117.96419	0.153	358.4
2019-11-13T12:49	86.11837	117.96465	0.153	4.1
2019-11-13T12:59	86.11879	117.96551	0.153	7.9
2019-11-13T13:09	86.11920	117.96542	0.149	359.2
2019-11-13T13:19	86.11960	117.96511	0.145	357.0
2019-11-13T13:29	86.11999	117.96589	0.140	7.8
2019-11-13T13:39	86.12036	117.96608	0.132	2.1
2019-11-13T13:49	86.12073	117.96620	0.134	1.3
2019-11-13T13:59	86.12109	117.96668	0.131	5.1
2019-11-13T14:09	86.12145	117.96709	0.130	4.4
2019-11-13T14:19	86.12180	117.96758	0.125	5.4
2019-11-13T14:29	86.12213	117.96801	0.120	5.1
2019-11-13T14:39	86.12245	117.96865	0.117	7.6
2019-11-13T14:49	86.12278	117.96966	0.121	11.6
2019-11-13T14:59	86.12311	117.97061	0.121	11.0
2019-11-13T15:09	86.12344	117.97191	0.123	14.9
2019-11-13T15:19	86.12378	117.97344	0.127	17.1
2019-11-13T15:29	86.12413	117.97502	0.131	17.0
2019-11-13T15:39	86.12443	117.97697	0.119	23.5
2019-11-13T15:49	86.12473	117.97920	0.121	26.7
2019-11-13T15:59	86.12502	117.98136	0.116	27.0
2019-11-13T16:09	86.12529	117.98362	0.113	29.0
2019-11-13T16:19	86.12556	117.98598	0.112	30.8
2019-11-13T16:29	86.12582	117.98846	0.111	32.9
2019-11-13T16:39	86.12607	117.99106	0.110	35.1
2019-11-13T16:49	86.12632	117.99303	0.102	28.2
2019-11-13T16:59	86.12660	117.99412	0.104	14.7
2019-11-13T17:09	86.12688	117.99522	0.103	15.0
2019-11-13T17:19	86.12716	117.99641	0.107	15.7
2019-11-13T17:29	86.12741	117.99729	0.093	13.4
2019-11-13T17:39	86.12768	117.99867	0.102	19.3
2019-11-13T17:49	86.12796	117.99946	0.105	10.4
2019-11-13T17:59	86.12825	118.00132	0.113	23.7
2019-11-13T18:09	86.12852	118.00466	0.126	40.0
2019-11-13T18:19	86.12881	118.00786	0.131	36.4
2019-11-13T18:29	86.12911	118.01062	0.126	32.2
2019-11-13T18:39	86.12942	118.01312	0.127	28.6
2019-11-13T18:49	86.12975	118.01518	0.129	22.8
2019-11-13T18:59	86.13009	118.01716	0.133	21.3
2019-11-13T19:09	86.13045	118.01939	0.139	22.9
2019-11-13T19:19	86.13079	118.02221	0.142	28.9
2019-11-13T19:29	86.13117	118.02510	0.153	27.2
2019-11-13T19:39	86.13154	118.02772	0.146	25.9
2019-11-13T19:49	86.13191	118.02981	0.145	20.5
2019-11-13T19:59	86.13231	118.03088	0.146	10.2
2019-11-13T20:09	86.13273	118.03191	0.152	9.5
2019-11-13T20:19	86.13318	118.03370	0.169	15.0
2019-11-13T20:29	86.13367	118.03559	0.180	14.7
2019-11-13T20:39	86.13418	118.03784	0.194	16.4
2019-11-13T20:49	86.13472	118.04002	0.201	15.3
2019-11-13T20:59	86.13530	118.04218	0.216	14.1
2019-11-13T21:09	86.13589	118.04415	0.218	12.7
2019-11-13T21:19	86.13649	118.04607	0.221	12.1
2019-11-13T21:29	86.13710	118.04798	0.223	12.0
2019-11-13T21:39	86.13771	118.04980	0.223	11.4
2019-11-13T21:49	86.13832	118.05173	0.227	12.0
2019-11-13T21:59	86.13894	118.05351	0.228	10.9
2019-11-13T22:09	86.13956	118.05515	0.227	10.1
2019-11-13T22:19	86.14018	118.05666	0.225	9.4
2019-11-13T22:29	86.14083	118.05851	0.238	10.9
2019-11-13T22:39	86.14149	118.06036	0.241	10.7
2019-11-13T22:49	86.14214	118.06224	0.238	11.0
2019-11-13T22:59	86.14279	118.06415	0.237	11.3
2019-11-13T23:09	86.14345	118.06613	0.243	11.4
2019-11-13T23:19	86.14408	118.06803	0.233	11.4
2019-11-13T23:29	86.14470	118.07002	0.230	12.1
2019-11-13T23:39	86.14533	118.07214	0.231	12.8
2019-11-13T23:49	86.14597	118.07443	0.239	13.4
2019-11-13T23:59	86.14660	118.07669	0.232	13.6
2019-11-14T00:09	86.14723	118.07925	0.237	15.2
2019-11-14T00:19	86.14785	118.08184	0.230	15.8
2019-11-14T00:29	86.14845	118.08442	0.226	16.1
2019-11-14T00:39	86.14905	118.08718	0.225	17.2
2019-11-14T00:49	86.14965	118.09003	0.227	17.6
2019-11-14T00:59	86.15023	118.09302	0.221	19.2
2019-11-14T01:09	86.15079	118.09608	0.214	20.2
2019-11-14T01:19	86.15135	118.09930	0.216	21.1
2019-11-14T01:29	86.15192	118.10265	0.220	21.6
2019-11-14T01:39	86.15248	118.10609	0.220	22.1
2019-11-14T01:49	86.15305	118.10971	0.223	23.2
2019-11-14T01:59	86.15363	118.11336	0.225	23.1
2019-11-14T02:09	86.15419	118.11722	0.222	24.8
2019-11-14T02:19	86.15475	118.12099	0.222	24.2
2019-11-14T02:29	86.15527	118.12459	0.206	25.0
2019-11-14T02:39	86.15575	118.12840	0.198	27.7
2019-11-14T02:49	86.15624	118.13239	0.201	28.6
2019-11-14T02:59	86.15672	118.13650	0.198	30.1
2019-11-14T03:09	86.15717	118.14062	0.191	31.3
2019-11-14T03:19	86.15762	118.14488	0.190	32.6
2019-11-14T03:29	86.15806	118.14909	0.187	32.8
2019-11-14T03:39	86.15847	118.15309	0.176	33.2
2019-11-14T03:49	86.15886	118.15711	0.171	34.5
2019-11-14T03:59	86.15924	118.16102	0.167	34.4
2019-11-14T04:09	86.15960	118.16491	0.160	35.8
2019-11-14T04:19	86.15994	118.16883	0.156	37.4
2019-11-14T04:29	86.16028	118.17270	0.152	37.6
2019-11-14T04:39	86.16060	118.17648	0.146	38.5
2019-11-14T04:49	86.16090	118.18028	0.142	40.0
2019-11-14T04:59	86.16119	118.18395	0.138	39.9
2019-11-14T05:09	86.16148	118.18756	0.136	39.9
2019-11-14T05:19	86.16177	118.19101	0.132	38.9
2019-11-14T05:29	86.16204	118.19429	0.126	38.9
2019-11-14T05:39	86.16231	118.19757	0.124	39.7
2019-11-14T05:49	86.16257	118.20064	0.120	38.0
2019-11-14T05:59	86.16283	118.20364	0.118	37.8
2019-11-14T06:09	86.16309	118.20646	0.115	36.0
2019-11-14T06:19	86.16335	118.20915	0.113	34.9
2019-11-14T06:29	86.16361	118.21167	0.112	32.9
2019-11-14T06:39	86.16387	118.21402	0.109	31.1
2019-11-14T06:49	86.16413	118.21635	0.111	30.2
2019-11-14T06:59	86.16441	118.21829	0.110	25.1
2019-11-14T07:09	86.16469	118.22017	0.111	24.0
2019-11-14T07:19	86.16499	118.22183	0.115	20.4
2019-11-14T07:29	86.16529	118.22358	0.114	21.7
2019-11-14T07:39	86.16558	118.22507	0.113	18.5
2019-11-14T07:49	86.16587	118.22634	0.108	16.4
2019-11-14T07:59	86.16615	118.22756	0.104	16.4
2019-11-14T08:09	86.16643	118.22887	0.106	17.3
2019-11-14T08:19	86.16671	118.23022	0.108	17.6
2019-11-14T08:29	86.16700	118.23155	0.106	17.5
2019-11-14T08:39	86.16728	118.23272	0.107	15.3
2019-11-14T08:49	86.16758	118.23371	0.109	12.5
2019-11-14T08:59	86.16789	118.23450	0.114	9.6
2019-11-14T09:09	86.16822	118.23506	0.119	6.5
2019-11-14T09:19	86.16855	118.23567	0.119	7.1
2019-11-14T09:29	86.16888	118.23627	0.121	6.8
2019-11-14T09:39	86.16921	118.23675	0.121	5.5
2019-11-14T09:49	86.16955	118.23720	0.121	5.1
2019-11-14T09:59	86.16989	118.23769	0.123	5.5
2019-11-14T10:09	86.17024	118.23812	0.126	4.7
2019-11-14T10:19	86.17059	118.23866	0.126	6.0
2019-11-14T10:29	86.17094	118.23919	0.127	5.8
2019-11-14T10:39	86.17131	118.23962	0.134	4.5
2019-11-14T10:49	86.17169	118.24022	0.137	6.0
2019-11-14T10:59	86.17207	118.24083	0.139	6.1
2019-11-14T11:09	86.17246	118.24150	0.141	6.6
2019-11-14T11:19	86.17283	118.24211	0.136	6.2
2019-11-14T11:29	86.17320	118.24281	0.132	7.3
2019-11-14T11:39	86.17356	118.24350	0.131	7.2
2019-11-14T11:49	86.17391	118.24435	0.127	9.2
2019-11-14T11:59	86.17425	118.24529	0.127	10.3
2019-11-14T12:09	86.17460	118.24640	0.129	12.0
2019-11-14T12:19	86.17496	118.24762	0.131	13.0
2019-11-14T12:29	86.17530	118.24886	0.127	13.6
2019-11-14T12:39	86.17564	118.25037	0.129	16.3
2019-11-14T12:49	86.17598	118.25154	0.126	12.9
2019-11-14T12:59	86.17632	118.25299	0.126	16.1
2019-11-14T13:09	86.17665	118.25461	0.126	17.9
2019-11-14T13:19	86.17696	118.25644	0.119	21.6
2019-11-14T13:29	86.17727	118.25812	0.119	19.9
2019-11-14T13:39	86.17757	118.25989	0.116	21.4
2019-11-14T13:49	86.17786	118.26203	0.116	26.2
2019-11-14T13:59	86.17814	118.26440	0.115	29.8
2019-11-14T14:09	86.17841	118.26680	0.113	30.6
2019-11-14T14:19	86.17868	118.26879	0.109	26.0
2019-11-14T14:29	86.17893	118.27073	0.102	27.3
2019-11-14T14:39	86.17917	118.27277	0.099	29.7
2019-11-14T14:49	86.17940	118.27493	0.096	32.5
2019-11-14T14:59	86.17961	118.27713	0.093	34.4
2019-11-14T15:09	86.17982	118.27936	0.092	35.3
2019-11-14T15:19	86.18004	118.28173	0.097	36.0
2019-11-14T15:29	86.18024	118.28397	0.092	35.7
2019-11-14T15:39	86.18045	118.28637	0.095	37.2
2019-11-14T15:49	86.18064	118.28861	0.086	38.8
2019-11-14T15:59	86.18082	118.29101	0.087	41.5
2019-11-14T16:09	86.18099	118.29345	0.086	43.2
2019-11-14T16:19	86.18115	118.29587	0.081	45.8
2019-11-14T16:29	86.18130	118.29812	0.076	45.2
2019-11-14T16:39	86.18143	118.30038	0.072	48.4
2019-11-14T16:49	86.18156	118.30255	0.069	48.7
2019-11-14T16:59	86.18168	118.30465	0.066	49.8
2019-11-14T17:09	86.18178	118.30675	0.062	53.9
2019-11-14T17:19	86.18187	118.30872	0.058	55.1
2019-11-14T17:29	86.18195	118.31051	0.052	56.5
2019-11-14T17:39	86.18202	118.31229	0.050	58.1
2019-11-14T17:49	86.18209	118.31395	0.047	58.5
2019-11-14T17:59	86.18216	118.31567	0.047	60.3
2019-11-14T18:09	86.18222	118.31715	0.043	55.5
2019-11-14T18:19	86.18229	118.31851	0.039	55.7
2019-11-14T18:29	86.18234	118.31962	0.032	55.7
2019-11-14T18:39	86.18238	118.32048	0.026	53.4
2019-11-14T18:49	86.18242	118.32133	0.025	54.1
2019-11-14T18:59	86.18246	118.32197	0.021	46.6
2019-11-14T19:09	86.18251	118.32256	0.022	40.2
2019-11-14T19:19	86.18255	118.32302	0.020	32.8
2019-11-14T19:29	86.18260	118.32326	0.018	19.2
2019-11-14T19:39	86.18264	118.32333	0.015	6.5
2019-11-14T19:49	86.18269	118.32324	0.018	352.9
2019-11-14T19:59	86.18274	118.32303	0.020	345.0
2019-11-14T20:09	86.18281	118.32274	0.026	344.6
2019-11-14T20:19	86.18289	118.32228	0.031	338.6
2019-11-14T20:29	86.18297	118.32175	0.032	336.7
2019-11-14T20:39	86.18306	118.32110	0.035	333.3
2019-11-14T20:49	86.18315	118.32028	0.037	328.4
2019-11-14T20:59	86.18325	118.31943	0.041	330.0
2019-11-14T21:09	86.18336	118.31850	0.048	332.2
2019-11-14T21:19	86.18349	118.31746	0.053	331.9
2019-11-14T21:29	86.18364	118.31628	0.061	332.3
2019-11-14T21:39	86.18379	118.31527	0.059	335.8
2019-11-14T21:49	86.18396	118.31415	0.065	335.9
2019-11-14T21:59	86.18414	118.31307	0.068	337.7
2019-11-14T22:09	86.18431	118.31203	0.068	338.7
2019-11-14T22:19	86.18450	118.31098	0.072	339.6
2019-11-14T22:29	86.18470	118.30989	0.076	339.8
2019-11-14T22:39	86.18489	118.30899	0.073	343.0
2019-11-14T22:49	86.18510	118.30800	0.077	342.1
2019-11-14T22:59	86.18531	118.30723	0.078	346.5
2019-11-14T23:09	86.18552	118.30658	0.079	348.7
2019-11-14T23:19	86.18575	118.30611	0.081	352.0
2019-11-14T23:29	86.18598	118.30579	0.082	354.6
2019-11-14T23:39	86.18620	118.30556	0.081	356.1
2019-11-14T23:49	86.18642	118.30547	0.081	358.5
2019-11-14T23:59	86.18665	118.30552	0.083	0.8
2019-11-15T00:09	86.18690	118.30557	0.088	0.8
2019-11-15T00:19	86.18715	118.30578	0.089	3.3
2019-11-15T00:29	86.18738	118.30625	0.086	7.5
2019-11-15T00:39	86.18761	118.30687	0.085	10.2
2019-11-15T00:49	86.18784	118.30763	0.084	12.4
2019-11-15T00:59	86.18805	118.30859	0.080	16.7
2019-11-15T01:09	86.18825	118.30965	0.076	19.7
2019-11-15T01:19	86.18846	118.31097	0.080	23.3
2019-11-15T01:29	86.18864	118.31226	0.073	25.0
2019-11-15T01:39	86.18883	118.31367	0.076	26.3
2019-11-15T01:49	86.18899	118.31511	0.069	30.1
2019-11-15T01:59	86.18916	118.31677	0.071	33.9
2019-11-15T02:09	86.18931	118.31856	0.070	37.9
2019-11-15T02:19	86.18946	118.32054	0.071	42.2
2019-11-15T02:29	86.18958	118.32266	0.067	49.3
2019-11-15T02:39	86.18969	118.32492	0.067	53.9
2019-11-15T02:49	86.18978	118.32734	0.066	60.4
2019-11-15T02:59	86.18986	118.32970	0.064	61.9
2019-11-15T03:09	86.18993	118.33215	0.063	68.1
2019-11-15T03:19	86.18998	118.33459	0.061	71.8
2019-11-15T03:29	86.19002	118.33708	0.061	78.1
2019-11-15T03:39	86.19004	118.33959	0.061	81.8
2019-11-15T03:49	86.19005	118.34223	0.063	85.6
2019-11-15T03:59	86.19006	118.34490	0.064	87.6
2019-11-15T04:09	86.19006	118.34765	0.066	91.2
2019-11-15T04:19	86.19005	118.35060	0.071	92.3
2019-11-15T04:29	86.19003	118.35352	0.070	96.0
2019-11-15T04:39	86.19000	118.35636	0.069	100.0
2019-11-15T04:49	86.18996	118.35925	0.070	101.6
2019-11-15T04:59	86.18991	118.36216	0.072	103.3
2019-11-15T05:09	86.18986	118.36513	0.073	104.8
2019-11-15T05:19	86.18980	118.36791	0.070	107.3
2019-11-15T05:29	86.18973	118.37082	0.074	110.2
2019-11-15T05:39	86.18966	118.37359	0.071	111.1
2019-11-15T05:49	86.18959	118.37629	0.070	112.2
2019-11-15T05:59	86.18950	118.37905	0.073	114.7
2019-11-15T06:09	86.18941	118.38184	0.074	115.9
2019-11-15T06:19	86.18932	118.38465	0.075	116.1
2019-11-15T06:29	86.18923	118.38736	0.073	117.5
2019-11-15T06:39	86.18913	118.38983	0.068	119.0
2019-11-15T06:49	86.18904	118.39247	0.072	118.5
2019-11-15T06:59	86.18896	118.39491	0.066	117.6
2019-11-15T07:09	86.18887	118.39736	0.066	117.0
2019-11-15T07:19	86.18879	118.40001	0.071	115.7
2019-11-15T07:29	86.18871	118.40244	0.064	114.5
2019-11-15T07:39	86.18864	118.40485	0.064	115.5
2019-11-15T07:49	86.18856	118.40718	0.062	116.7
2019-11-15T07:59	86.18849	118.40968	0.065	113.0
2019-11-15T08:09	86.18842	118.41207	0.062	112.8
2019-11-15T08:19	86.18836	118.41415	0.054	113.1
2019-11-15T08:29	86.18831	118.41649	0.059	109.0
2019-11-15T08:39	86.18828	118.41886	0.058	101.0
2019-11-15T08:49	86.18827	118.42119	0.056	94.0
2019-11-15T08:59	86.18827	118.42325	0.049	90.1
2019-11-15T09:09	86.18829	118.42544	0.053	81.8
2019-11-15T09:19	86.18833	118.42807	0.065	76.7
2019-11-15T09:29	86.18840	118.43068	0.067	67.9
2019-11-15T09:39	86.18850	118.43327	0.071	60.8
2019-11-15T09:49	86.18862	118.43597	0.078	55.8
2019-11-15T09:59	86.18876	118.43900	0.088	55.3
2019-11-15T10:09	86.18892	118.44250	0.101	55.6
2019-11-15T10:19	86.18909	118.44616	0.107	54.9
2019-11-15T10:29	86.18929	118.44973	0.111	50.2
2019-11-15T10:39	86.18950	118.45340	0.116	49.1
2019-11-15T10:49	86.18972	118.45728	0.123	49.2
2019-11-15T10:59	86.18997	118.46063	0.121	41.6
2019-11-15T11:09	86.19024	118.46346	0.120	34.6
2019-11-15T11:19	86.19053	118.46644	0.124	35.0
2019-11-15T11:29	86.19081	118.47010	0.134	41.0
2019-11-15T11:39	86.19106	118.47501	0.149	52.1
2019-11-15T11:49	86.19132	118.48014	0.153	53.1
2019-11-15T11:59	86.19158	118.48547	0.159	53.4
2019-11-15T12:09	86.19183	118.49078	0.157	54.2
2019-11-15T12:19	86.19209	118.49673	0.169	57.1
2019-11-15T12:29	86.19235	118.50298	0.177	57.8
2019-11-15T12:39	86.19264	118.50973	0.191	57.4
2019-11-15T12:49	86.19291	118.51675	0.195	59.5
2019-11-15T12:59	86.19317	118.52395	0.195	61.9
2019-11-15T13:09	86.19342	118.53190	0.210	64.7
2019-11-15T13:19	86.19367	118.54007	0.216	64.8
2019-11-15T13:29	86.19391	118.54836	0.216	66.7
2019-11-15T13:39	86.19415	118.55710	0.227	67.2
2019-11-15T13:49	86.19437	118.56615	0.230	70.0
2019-11-15T13:59	86.19456	118.57598	0.244	74.1
2019-11-15T14:09	86.19471	118.58642	0.256	77.2
2019-11-15T14:19	86.19485	118.59728	0.264	79.2
2019-11-15T14:29	86.19499	118.60858	0.275	79.2
2019-11-15T14:39	86.19513	118.62009	0.279	80.0
2019-11-15T14:49	86.19524	118.63170	0.280	81.7
2019-11-15T14:59	86.19535	118.64299	0.273	81.7
2019-11-15T15:09	86.19546	118.65398	0.265	81.8
2019-11-15T15:19	86.19554	118.66513	0.268	83.6
2019-11-15T15:29	86.19559	118.67652	0.273	85.9
2019-11-15T15:39	86.19562	118.68775	0.268	87.6
2019-11-15T15:49	86.19561	118.69901	0.269	90.9
2019-11-15T15:59	86.19557	118.71042	0.273	92.9
2019-11-15T16:09	86.19551	118.72202	0.278	94.7
2019-11-15T16:19	86.19542	118.73358	0.278	96.6
2019-11-15T16:29	86.19532	118.74525	0.281	97.6
2019-11-15T16:39	86.19520	118.75701	0.284	98.3
2019-11-15T16:49	86.19508	118.76888	0.287	98.5
2019-11-15T16:59	86.19496	118.78095	0.291	98.5
2019-11-15T17:09	86.19486	118.79282	0.286	97.4
2019-11-15T17:19	86.19476	118.80462	0.284	97.3
2019-11-15T17:29	86.19467	118.81614	0.277	96.8
2019-11-15T17:39	86.19459	118.82758	0.275	96.3
2019-11-15T17:49	86.19451	118.83891	0.272	96.0
2019-11-15T17:59	86.19445	118.85021	0.271	94.1
2019-11-15T18:09	86.19441	118.86163	0.273	93.3
2019-11-15T18:19	86.19436	118.87324	0.278	93.5
2019-11-15T18:29	86.19431	118.88495	0.281	93.9
2019-11-15T18:39	86.19422	118.89679	0.285	96.2
2019-11-15T18:49	86.19415	118.90847	0.281	95.8
2019-11-15T18:59	86.19408	118.91964	0.268	95.3
2019-11-15T19:09	86.19401	118.93149	0.284	95.2
2019-11-15T19:19	86.19394	118.94330	0.283	95.0
2019-11-15T19:29	86.19387	118.95523	0.286	94.9
2019-11-15T19:39	86.19380	118.96735	0.291	95.2
2019-11-15T19:49	86.19370	118.97965	0.296	96.9
2019-11-15T19:59	86.19358	118.99213	0.301	97.8
2019-11-15T20:09	86.19347	119.00449	0.298	97.7
2019-11-15T20:19	86.19335	119.01702	0.303	98.6
2019-11-15T20:29	86.19321	119.02950	0.302	99.0
2019-11-15T20:39	86.19308	119.04167	0.295	99.2
2019-11-15T20:49	86.19295	119.05392	0.297	99.6
2019-11-15T20:59	86.19279	119.06643	0.305	101.0
2019-11-15T21:09	86.19262	119.07920	0.311	101.0
2019-11-15T21:19	86.19245	119.09206	0.313	101.1
2019-11-15T21:29	86.19227	119.10501	0.317	101.9
2019-11-15T21:39	86.19209	119.11804	0.318	101.9
2019-11-15T21:49	86.19189	119.13116	0.322	102.8
2019-11-15T21:59	86.19169	119.14424	0.321	102.9
2019-11-15T22:09	86.19150	119.15713	0.316	102.8
2019-11-15T22:19	86.19132	119.17007	0.316	101.6
2019-11-15T22:29	86.19116	119.18310	0.317	100.3
2019-11-15T22:39	86.19102	119.19644	0.323	99.5
2019-11-15T22:49	86.19087	119.20987	0.326	99.6
2019-11-15T22:59	86.19073	119.22340	0.327	98.5
2019-11-15T23:09	86.19062	119.23723	0.333	96.7
2019-11-15T23:19	86.19052	119.25182	0.351	96.2
2019-11-15T23:29	86.19041	119.26705	0.366	96.3
2019-11-15T23:39	86.19030	119.28274	0.377	96.0
2019-11-15T23:49	86.19017	119.29827	0.374	97.0
2019-11-15T23:59	86.19003	119.31444	0.390	97.5
2019-11-16T00:09	86.18990	119.33054	0.388	96.7
2019-11-16T00:19	86.18973	119.34788	0.420	98.7
2019-11-16T00:29	86.18953	119.36582	0.435	99.2
2019-11-16T00:39	86.18930	119.38419	0.447	100.7
2019-11-16T00:49	86.18904	119.40240	0.446	102.1
2019-11-16T00:59	86.18877	119.42044	0.443	102.6
2019-11-16T01:09	86.18851	119.43823	0.436	102.4
2019-11-16T01:19	86.18829	119.45502	0.410	101.6
2019-11-16T01:29	86.18803	119.47280	0.435	102.0
2019-11-16T01:39	86.18777	119.49123	0.451	102.0
2019-11-16T01:49	86.18753	119.50846	0.422	102.1
2019-11-16T01:59	86.18727	119.52629	0.437	102.2
2019-11-16T02:09	86.18702	119.54358	0.424	102.3
2019-11-16T02:19	86.18676	119.56094	0.426	102.6
2019-11-16T02:29	86.18650	119.57856	0.433	102.9
2019-11-16T02:39	86.18621	119.59713	0.457	103.1
2019-11-16T02:49	86.18589	119.61641	0.476	103.8
2019-11-16T02:59	86.18559	119.63506	0.460	103.5
2019-11-16T03:09	86.18530	119.65307	0.444	103.9
2019-11-16T03:19	86.18499	119.67230	0.474	103.6
2019-11-16T03:29	86.18467	119.69222	0.491	103.5
2019-11-16T03:39	86.18437	119.71207	0.488	102.8
2019-11-16T03:49	86.18407	119.73156	0.479	102.8
2019-11-16T03:59	86.18378	119.75024	0.460	103.3
2019-11-16T04:09	86.18348	119.76932	0.470	103.2
2019-11-16T04:19	86.18318	119.78841	0.470	103.1
2019-11-16T04:29	86.18289	119.80753	0.470	102.8
2019-11-16T04:39	86.18260	119.82709	0.481	102.8
2019-11-16T04:49	86.18228	119.84709	0.493	103.4
2019-11-16T04:59	86.18195	119.86723	0.497	103.7
2019-11-16T05:09	86.18163	119.88758	0.501	103.4
2019-11-16T05:19	86.18131	119.90806	0.505	103.3
2019-11-16T05:29	86.18098	119.92874	0.510	103.4
2019-11-16T05:39	86.18066	119.94956	0.512	102.9
2019-11-16T05:49	86.18033	119.97080	0.523	103.1
2019-11-16T05:59	86.17999	119.99310	0.549	103.1
2019-11-16T06:09	86.17962	120.01551	0.553	103.6
2019-11-16T06:19	86.17925	120.03868	0.572	103.7
2019-11-16T06:29	86.17886	120.06146	0.564	104.2
2019-11-16T06:39	86.17845	120.08495	0.583	104.6
2019-11-16T06:49	86.17801	120.10893	0.597	105.4
2019-11-16T06:59	86.17757	120.13238	0.586	106.0
2019-11-16T07:09	86.17708	120.15637	0.602	107.0
2019-11-16T07:19	86.17660	120.17996	0.592	106.9
2019-11-16T07:29	86.17610	120.20394	0.603	107.4
2019-11-16T07:39	86.17553	120.22946	0.646	108.4
2019-11-16T07:49	86.17495	120.25522	0.653	108.6
2019-11-16T07:59	86.17436	120.28147	0.665	108.6
2019-11-16T08:09	86.17377	120.30778	0.667	108.6
2019-11-16T08:19	86.17315	120.33474	0.685	109.0
2019-11-16T08:29	86.17252	120.36206	0.695	109.0
2019-11-16T08:39	86.17190	120.38943	0.694	108.7
2019-11-16T08:49	86.17127	120.41700	0.701	109.0
2019-11-16T08:59	86.17062	120.44478	0.708	109.2
2019-11-16T09:09	86.16997	120.47249	0.706	109.3
2019-11-16T09:19	86.16931	120.50011	0.706	109.6
2019-11-16T09:29	86.16865	120.52750	0.700	109.8
2019-11-16T09:39	86.16801	120.55487	0.698	109.4
2019-11-16T09:49	86.16736	120.58253	0.706	109.4
2019-11-16T09:59	86.16673	120.60817	0.658	110.3
2019-11-16T10:09	86.16610	120.63430	0.669	109.8
2019-11-16T10:19	86.16549	120.66092	0.677	108.7
2019-11-16T10:29	86.16484	120.68897	0.715	109.1
2019-11-16T10:39	86.16421	120.71748	0.723	108.3
2019-11-16T10:49	86.16358	120.74604	0.725	108.4
2019-11-16T10:59	86.16299	120.77329	0.690	107.9
2019-11-16T11:09	86.16241	120.79967	0.669	108.1
2019-11-16T11:19	86.16184	120.82607	0.668	107.7
2019-11-16T11:29	86.16129	120.85256	0.669	107.4
2019-11-16T11:39	86.16075	120.87913	0.668	106.6
2019-11-16T11:49	86.16024	120.90564	0.666	106.3
2019-11-16T11:59	86.15975	120.93213	0.663	105.4
2019-11-16T12:09	86.15928	120.95852	0.658	104.7
2019-11-16T12:19	86.15884	120.98549	0.670	103.8
2019-11-16T12:29	86.15845	121.01304	0.679	101.9
2019-11-16T12:39	86.15802	121.04187	0.713	102.6
2019-11-16T12:49	86.15756	121.07134	0.729	102.9
2019-11-16T12:59	86.15718	121.09989	0.703	101.4
2019-11-16T13:09	86.15679	121.12848	0.704	101.4
2019-11-16T13:19	86.15640	121.15734	0.711	101.5
2019-11-16T13:29	86.15600	121.18679	0.725	101.3
2019-11-16T13:39	86.15563	121.21635	0.726	100.6
2019-11-16T13:49	86.15527	121.24610	0.730	100.2
2019-11-16T13:59	86.15492	121.27611	0.735	99.8
2019-11-16T14:09	86.15458	121.30642	0.742	99.6
2019-11-16T14:19	86.15423	121.33682	0.745	99.7
2019-11-16T14:29	86.15389	121.36713	0.742	99.4
2019-11-16T14:39	86.15356	121.39754	0.744	99.2
2019-11-16T14:49	86.15323	121.42793	0.744	99.2
2019-11-16T14:59	86.15289	121.45850	0.748	99.3
2019-11-16T15:09	86.15254	121.48901	0.748	99.7
2019-11-16T15:19	86.15219	121.51954	0.749	99.9
2019-11-16T15:29	86.15180	121.54994	0.747	100.6
2019-11-16T15:39	86.15140	121.58027	0.747	101.3
2019-11-16T15:49	86.15097	121.61040	0.744	101.9
2019-11-16T15:59	86.15052	121.64048	0.745	102.5
2019-11-16T16:09	86.15007	121.67035	0.740	102.7
2019-11-16T16:19	86.14958	121.70003	0.739	103.7
2019-11-16T16:29	86.14905	121.72988	0.746	104.6
2019-11-16T16:39	86.14849	121.75977	0.751	105.8
2019-11-16T16:49	86.14788	121.78992	0.761	106.6
2019-11-16T16:59	86.14727	121.81979	0.755	106.8
2019-11-16T17:09	86.14667	121.84918	0.744	107.1
2019-11-16T17:19	86.14602	121.87817	0.739	108.2
2019-11-16T17:29	86.14536	121.90700	0.738	109.0
2019-11-16T17:39	86.14466	121.93540	0.731	109.9
2019-11-16T17:49	86.14394	121.96379	0.735	110.7
2019-11-16T17:59	86.14319	121.99165	0.727	111.8
2019-11-16T18:09	86.14237	122.01866	0.718	114.4
2019-11-16T18:19	86.14147	122.04464	0.708	117.3
2019-11-16T18:29	86.14048	122.06894	0.688	121.1
2019-11-16T18:39	86.13944	122.09174	0.668	124.1
2019-11-16T18:49	86.13837	122.11399	0.663	125.5
2019-11-16T18:59	86.13720	122.13569	0.675	128.8
2019-11-16T19:09	86.13597	122.15665	0.674	131.0
2019-11-16T19:19	86.13471	122.17705	0.671	132.4
2019-11-16T19:29	86.13342	122.19665	0.665	134.3
2019-11-16T19:39	86.13211	122.21544	0.657	136.0
2019-11-16T19:49	86.13078	122.23334	0.646	137.7
2019-11-16T19:59	86.12945	122.25010	0.629	139.6
2019-11-16T20:09	86.12812	122.26550	0.608	142.0
2019-11-16T20:19	86.12681	122.28003	0.588	143.0
2019-11-16T20:29	86.12550	122.29378	0.579	144.7
2019-11-16T20:39	86.12417	122.30660	0.573	147.0
2019-11-16T20:49	86.12281	122.31885	0.572	148.5
2019-11-16T20:59	86.12143	122.33043	0.573	150.6
2019-11-16T21:09	86.12004	122.34138	0.567	151.9
2019-11-16T21:19	86.11864	122.35166	0.563	153.6
2019-11-16T21:29	86.11726	122.36097	0.544	155.3
2019-11-16T21:39	86.11587	122.36959	0.546	157.3
2019-11-16T21:49	86.11445	122.37732	0.543	159.7
2019-11-16T21:59	86.11302	122.38448	0.544	161.2
2019-11-16T22:09	86.11155	122.39137	0.557	162.4
2019-11-16T22:19	86.11008	122.39772	0.550	163.6
2019-11-16T22:29	86.10861	122.40369	0.551	164.7
2019-11-16T22:39	86.10714	122.40919	0.546	165.7
2019-11-16T22:49	86.10564	122.41460	0.555	166.2
2019-11-16T22:59	86.10411	122.41993	0.567	166.7
2019-11-16T23:09	86.10258	122.42518	0.566	166.9
2019-11-16T23:19	86.10104	122.43018	0.569	167.6
2019-11-16T23:29	86.09946	122.43468	0.578	169.0
2019-11-16T23:39	86.09787	122.43850	0.580	170.7
2019-11-16T23:49	86.09626	122.44140	0.585	173.0
2019-11-16T23:59	86.09464	122.44344	0.585	175.1
2019-11-17T00:09	86.09300	122.44545	0.591	175.2
2019-11-17T00:19	86.09136	122.44693	0.593	176.5
2019-11-17T00:29	86.08970	122.44762	0.596	178.4
2019-11-17T00:39	86.08804	122.44767	0.599	179.9
2019-11-17T00:49	86.08638	122.44661	0.598	182.5
2019-11-17T00:59	86.08474	122.44436	0.592	185.4
2019-11-17T01:09	86.08312	122.44228	0.585	185.0
2019-11-17T01:19	86.08150	122.44016	0.585	185.1
2019-11-17T01:29	86.07989	122.43873	0.582	183.5
2019-11-17T01:39	86.07830	122.43683	0.577	184.6
2019-11-17T01:49	86.07672	122.43538	0.568	183.6
2019-11-17T01:59	86.07516	122.43345	0.564	184.9
2019-11-17T02:09	86.07362	122.43163	0.557	184.6
2019-11-17T02:19	86.07214	122.42941	0.537	185.9
2019-11-17T02:29	86.07069	122.42669	0.524	187.4
2019-11-17T02:39	86.06934	122.42402	0.490	187.7
2019-11-17T02:49	86.06807	122.42222	0.459	185.6
2019-11-17T02:59	86.06683	122.42187	0.446	181.1
2019-11-17T03:09	86.06566	122.42276	0.424	177.0
2019-11-17T03:19	86.06450	122.42470	0.419	173.4
2019-11-17T03:29	86.06335	122.42736	0.420	171.0
2019-11-17T03:39	86.06220	122.43089	0.424	168.1
2019-11-17T03:49	86.06103	122.43520	0.434	165.8
2019-11-17T03:59	86.05985	122.43989	0.438	164.7
2019-11-17T04:09	86.05870	122.44476	0.433	163.8
2019-11-17T04:19	86.05751	122.44964	0.444	164.2
2019-11-17T04:29	86.05621	122.45505	0.488	164.1
2019-11-17T04:39	86.05488	122.46073	0.499	163.6
2019-11-17T04:49	86.05352	122.46700	0.512	162.3
2019-11-17T04:59	86.05213	122.47379	0.529	161.4
2019-11-17T05:09	86.05073	122.48092	0.535	160.7
2019-11-17T05:19	86.04933	122.48845	0.538	159.7
2019-11-17T05:29	86.04792	122.49583	0.541	160.2
2019-11-17T05:39	86.04651	122.50302	0.535	160.5
2019-11-17T05:49	86.04512	122.50995	0.530	161.1
2019-11-17T05:59	86.04374	122.51641	0.524	162.2
2019-11-17T06:09	86.04234	122.52245	0.525	163.4
2019-11-17T06:19	86.04095	122.52836	0.522	163.7
2019-11-17T06:29	86.03957	122.53434	0.519	163.4
2019-11-17T06:39	86.03821	122.53997	0.508	164.0
2019-11-17T06:49	86.03686	122.54541	0.504	164.4
2019-11-17T06:59	86.03550	122.55131	0.511	163.3
2019-11-17T07:09	86.03414	122.55722	0.513	163.3
2019-11-17T07:19	86.03277	122.56323	0.513	163.0
2019-11-17T07:29	86.03143	122.56902	0.507	163.5
2019-11-17T07:39	86.03010	122.57425	0.496	164.7
2019-11-17T07:49	86.02879	122.57920	0.488	165.4
2019-11-17T07:59	86.02747	122.58401	0.490	165.8
2019-11-17T08:09	86.02614	122.58918	0.494	164.8
2019-11-17T08:19	86.02482	122.59383	0.489	166.3
2019-11-17T08:29	86.02351	122.59809	0.482	167.3
2019-11-17T08:39	86.02223	122.60170	0.470	168.9
2019-11-17T08:49	86.02095	122.60472	0.468	170.7
2019-11-17T08:59	86.01967	122.60689	0.465	173.3
2019-11-17T09:09	86.01838	122.60856	0.466	174.9
2019-11-17T09:19	86.01710	122.60966	0.460	176.6
2019-11-17T09:29	86.01582	122.61015	0.461	178.5
2019-11-17T09:39	86.01454	122.61000	0.463	180.5
2019-11-17T09:49	86.01325	122.60930	0.463	182.2
2019-11-17T09:59	86.01197	122.60794	0.462	184.2
2019-11-17T10:09	86.01069	122.60567	0.466	187.0
2019-11-17T10:19	86.00940	122.60258	0.470	189.5
2019-11-17T10:29	86.00810	122.59813	0.484	193.3
2019-11-17T10:39	86.00675	122.59242	0.506	196.4
2019-11-17T10:49	86.00543	122.58548	0.506	200.1
2019-11-17T10:59	86.00408	122.57732	0.527	202.9
2019-11-17T11:09	86.00268	122.56776	0.557	205.5
2019-11-17T11:19	86.00132	122.55748	0.554	207.8
2019-11-17T11:29	86.00000	122.54608	0.556	211.0
2019-11-17T11:39	85.99869	122.53383	0.561	213.3
2019-11-17T11:49	85.99741	122.52052	0.570	216.0
2019-11-17T11:59	85.99615	122.50651	0.576	217.7
2019-11-17T12:09	85.99490	122.49174	0.584	219.5
2019-11-17T12:19	85.99365	122.47625	0.595	221.0
2019-11-17T12:29	85.99239	122.46020	0.606	221.8
2019-11-17T12:39	85.99112	122.44445	0.607	220.7
2019-11-17T12:49	85.98985	122.42863	0.605	221.2
2019-11-17T12:59	85.98860	122.41283	0.602	221.4
2019-11-17T13:09	85.98737	122.39669	0.601	222.6
2019-11-17T13:19	85.98615	122.38033	0.601	223.3
2019-11-17T13:29	85.98498	122.36396	0.590	224.3
2019-11-17T13:39	85.98387	122.34748	0.576	226.1
2019-11-17T13:49	85.98286	122.33163	0.540	227.8
2019-11-17T13:59	85.98190	122.31600	0.524	228.8
2019-11-17T14:09	85.98101	122.30101	0.495	229.8
2019-11-17T14:19	85.98020	122.28648	0.469	231.4
2019-11-17T14:29	85.97945	122.27313	0.432	231.3
2019-11-17T14:39	85.97874	122.26078	0.404	230.5
2019-11-17T14:49	85.97808	122.24906	0.379	231.4
2019-11-17T14:59	85.97749	122.23829	0.344	232.2
2019-11-17T15:09	85.97695	122.22910	0.305	229.6
2019-11-17T15:19	85.97640	122.22057	0.291	227.8
2019-11-17T15:29	85.97584	122.21289	0.280	223.9
2019-11-17T15:39	85.97493	122.20485	0.386	211.8
2019-11-17T15:49	85.97384	122.19470	0.470	213.0
2019-11-17T15:59	85.97264	122.18274	0.527	215.0
2019-11-17T16:09	85.97148	122.16950	0.535	218.8
2019-11-17T16:19	85.97034	122.15577	0.538	220.2
2019-11-17T16:29	85.96919	122.14268	0.530	218.7
2019-11-17T16:39	85.96802	122.13084	0.517	215.4
2019-11-17T16:49	85.96680	122.12016	0.517	211.5
2019-11-17T16:59	85.96549	122.11059	0.528	207.3
2019-11-17T17:09	85.96404	122.10105	0.575	204.9
2019-11-17T17:19	85.96252	122.09135	0.602	204.1
2019-11-17T17:29	85.96092	122.08144	0.628	203.6
2019-11-17T17:39	85.95929	122.07105	0.644	204.1
2019-11-17T17:49	85.95766	122.06042	0.646	204.7
2019-11-17T17:59	85.95603	122.04885	0.656	206.6
2019-11-17T18:09	85.95449	122.03675	0.634	209.0
2019-11-17T18:19	85.95298	122.02378	0.634	211.3
2019-11-17T18:29	85.95144	122.01064	0.647	211.1
2019-11-17T18:39	85.94991	121.99779	0.641	210.6
2019-11-17T18:49	85.94837	121.98474	0.644	211.0
2019-11-17T18:59	85.94693	121.97146	0.622	212.9
2019-11-17T19:09	85.94554	121.95808	0.605	214.2
2019-11-17T19:19	85.94419	121.94508	0.587	214.4
2019-11-17T19:29	85.94284	121.93218	0.588	214.0
2019-11-17T19:39	85.94145	121.91924	0.598	213.5
2019-11-17T19:49	85.94005	121.90613	0.605	213.5
2019-11-17T19:59	85.93855	121.89252	0.641	212.8
2019-11-17T20:09	85.93700	121.87857	0.664	212.4
2019-11-17T20:19	85.93543	121.86530	0.659	210.9
2019-11-17T20:29	85.93382	121.85201	0.669	210.5
2019-11-17T20:39	85.93215	121.83806	0.699	210.6
2019-11-17T20:49	85.93047	121.82374	0.708	211.1
2019-11-17T20:59	85.92877	121.80902	0.719	211.6
2019-11-17T21:09	85.92706	121.79410	0.723	211.9
2019-11-17T21:19	85.92534	121.77873	0.734	212.4
2019-11-17T21:29	85.92360	121.76299	0.745	212.7
2019-11-17T21:39	85.92185	121.74681	0.755	213.3
2019-11-17T21:49	85.92008	121.73011	0.766	213.9
2019-11-17T21:59	85.91830	121.71295	0.777	214.5
2019-11-17T22:09	85.91651	121.69517	0.791	215.2
2019-11-17T22:19	85.91470	121.67697	0.802	215.6
2019-11-17T22:29	85.91289	121.65824	0.809	216.4
2019-11-17T22:39	85.91109	121.63897	0.815	217.4
2019-11-17T22:49	85.90931	121.61915	0.817	218.5
2019-11-17T22:59	85.90755	121.59876	0.822	219.6
2019-11-17T23:09	85.90581	121.57803	0.823	220.3
2019-11-17T23:19	85.90410	121.55716	0.815	221.2
2019-11-17T23:29	85.90241	121.53587	0.819	222.0
2019-11-17T23:39	85.90075	121.51432	0.816	222.8
2019-11-17T23:49	85.89913	121.49249	0.810	223.9
2019-11-17T23:59	85.89753	121.47030	0.810	224.9
2019-11-18T00:09	85.89594	121.44787	0.815	225.1
2019-11-18T00:19	85.89437	121.42533	0.811	225.8
2019-11-18T00:29	85.89283	121.40276	0.803	226.5
2019-11-18T00:39	85.89133	121.38026	0.793	227.0
2019-11-18T00:49	85.88985	121.35776	0.789	227.4
2019-11-18T00:59	85.88840	121.33546	0.777	227.9
2019-11-18T01:09	85.88698	121.31356	0.761	228.0
2019-11-18T01:19	85.88559	121.29153	0.758	228.7
2019-11-18T01:29	85.88424	121.26965	0.747	229.2
2019-11-18T01:39	85.88290	121.24772	0.743	229.7
2019-11-18T01:49	85.88157	121.22555	0.747	230.1
2019-11-18T01:59	85.88025	121.20325	0.747	230.5
2019-11-18T02:09	85.87895	121.18103	0.740	231.0
2019-11-18T02:19	85.87770	121.15897	0.728	231.6
2019-11-18T02:29	85.87646	121.13716	0.719	231.7
2019-11-18T02:39	85.87522	121.11587	0.708	231.1
2019-11-18T02:49	85.87401	121.09531	0.689	230.6
2019-11-18T02:59	85.87280	121.07538	0.676	229.8
2019-11-18T03:09	85.87158	121.05661	0.654	228.1
2019-11-18T03:19	85.87039	121.03883	0.631	227.0
2019-11-18T03:29	85.86921	121.02173	0.613	226.3
2019-11-18T03:39	85.86805	121.00539	0.596	225.3
2019-11-18T03:49	85.86691	120.98957	0.581	225.0
2019-11-18T03:59	85.86579	120.97419	0.566	224.9
2019-11-18T04:09	85.86471	120.95838	0.565	226.6
2019-11-18T04:19	85.86365	120.94271	0.558	226.8
2019-11-18T04:29	85.86263	120.92778	0.536	226.3
2019-11-18T04:39	85.86157	120.91273	0.545	225.9
2019-11-18T04:49	85.86051	120.89671	0.565	227.5
2019-11-18T04:59	85.85951	120.88149	0.536	227.6
2019-11-18T05:09	85.85844	120.86710	0.536	224.3
2019-11-18T05:19	85.85738	120.85313	0.526	223.7
2019-11-18T05:29	85.85633	120.83997	0.510	222.1
2019-11-18T05:39	85.85529	120.82708	0.502	222.0
2019-11-18T05:49	85.85430	120.81493	0.479	221.3
2019-11-18T05:59	85.85326	120.80435	0.464	216.4
2019-11-18T06:09	85.85224	120.79438	0.450	215.3
2019-11-18T06:19	85.85125	120.78433	0.442	216.3
2019-11-18T06:29	85.85027	120.77441	0.435	216.5
2019-11-18T06:39	85.84926	120.76584	0.428	211.5
2019-11-18T06:49	85.84826	120.75735	0.423	211.6
2019-11-18T06:59	85.84728	120.74906	0.414	211.4
2019-11-18T07:09	85.84629	120.74114	0.413	210.0
2019-11-18T07:19	85.84528	120.73354	0.412	208.8
2019-11-18T07:29	85.84427	120.72616	0.411	207.9
2019-11-18T07:39	85.84326	120.71889	0.410	207.6
2019-11-18T07:49	85.84226	120.71165	0.409	207.5
2019-11-18T07:59	85.84125	120.70418	0.412	208.3
2019-11-18T08:09	85.84024	120.69682	0.411	207.9
2019-11-18T08:19	85.83923	120.68939	0.414	208.0
2019-11-18T08:29	85.83820	120.68181	0.419	208.2
2019-11-18T08:39	85.83719	120.67415	0.416	208.7
2019-11-18T08:49	85.83619	120.66647	0.413	209.1
2019-11-18T08:59	85.83518	120.65878	0.413	209.2
2019-11-18T09:09	85.83419	120.65115	0.410	209.1
2019-11-18T09:19	85.83320	120.64345	0.408	209.6
2019-11-18T09:29	85.83221	120.63568	0.410	209.7
2019-11-18T09:39	85.83122	120.62785	0.412	209.8
2019-11-18T09:49	85.83023	120.62012	0.409	209.6
2019-11-18T09:59	85.82925	120.61210	0.411	210.7
2019-11-18T10:09	85.82828	120.60402	0.408	211.2
2019-11-18T10:19	85.82731	120.59580	0.409	211.8
2019-11-18T10:29	85.82635	120.58745	0.411	212.2
2019-11-18T10:39	85.82539	120.57887	0.413	213.0
2019-11-18T10:49	85.82444	120.56997	0.413	214.4
2019-11-18T10:59	85.82350	120.56076	0.415	215.5
2019-11-18T11:09	85.82258	120.55126	0.415	216.9
2019-11-18T11:19	85.82167	120.54166	0.413	217.5
2019-11-18T11:29	85.82077	120.53172	0.416	218.8
2019-11-18T11:39	85.81989	120.52160	0.414	219.9
2019-11-18T11:49	85.81901	120.51125	0.416	220.8
2019-11-18T11:59	85.81815	120.50070	0.416	221.7
2019-11-18T12:09	85.81732	120.48998	0.409	223.4
2019-11-18T12:19	85.81653	120.47919	0.401	224.9
2019-11-18T12:29	85.81579	120.46853	0.388	226.2
2019-11-18T12:39	85.81507	120.45788	0.380	227.5
2019-11-18T12:49	85.81440	120.44720	0.372	228.9
2019-11-18T12:59	85.81375	120.43648	0.366	230.4
2019-11-18T13:09	85.81313	120.42600	0.354	231.1
2019-11-18T13:19	85.81257	120.41580	0.336	233.0
2019-11-18T13:29	85.81205	120.40574	0.324	234.8
2019-11-18T13:39	85.81157	120.39601	0.308	236.1
2019-11-18T13:49	85.81114	120.38667	0.291	237.7
2019-11-18T13:59	85.81073	120.37764	0.279	238.3
2019-11-18T14:09	85.81036	120.36891	0.266	239.8
2019-11-18T14:19	85.81001	120.36053	0.254	240.3
2019-11-18T14:29	85.80969	120.35265	0.237	241.1
2019-11-18T14:39	85.80940	120.34504	0.227	241.9
2019-11-18T14:49	85.80913	120.33777	0.215	242.9
2019-11-18T14:59	85.80887	120.33111	0.198	242.4
2019-11-18T15:09	85.80863	120.32505	0.181	241.5
2019-11-18T15:19	85.80841	120.31943	0.168	241.8
2019-11-18T15:29	85.80819	120.31416	0.160	240.3
2019-11-18T15:39	85.80797	120.30932	0.151	237.8
2019-11-18T15:49	85.80776	120.30504	0.135	236.5
2019-11-18T15:59	85.80758	120.30142	0.115	236.3
2019-11-18T16:09	85.80741	120.29831	0.103	232.3
2019-11-18T16:19	85.80723	120.29614	0.085	222.2
2019-11-18T16:29	85.80707	120.29475	0.071	211.1
2019-11-18T16:39	85.80692	120.29379	0.058	205.8
2019-11-18T16:49	85.80677	120.29371	0.053	182.3
2019-11-18T16:59	85.80663	120.29430	0.052	162.4
2019-11-18T17:09	85.80649	120.29523	0.058	155.2
2019-11-18T17:19	85.80632	120.29713	0.080	141.2
2019-11-18T17:29	85.80613	120.29964	0.094	135.2
2019-11-18T17:39	85.80592	120.30285	0.113	131.5
2019-11-18T17:49	85.80572	120.30677	0.128	126.0
2019-11-18T17:59	85.80549	120.31115	0.140	124.6
2019-11-18T18:09	85.80526	120.31604	0.153	123.0
2019-11-18T18:19	85.80503	120.32188	0.176	118.9
2019-11-18T18:29	85.80480	120.32788	0.178	117.4
2019-11-18T18:39	85.80457	120.33388	0.178	117.3
2019-11-18T18:49	85.80435	120.34000	0.179	116.0
2019-11-18T18:59	85.80413	120.34630	0.184	115.5
2019-11-18T19:09	85.80391	120.35272	0.187	115.6
2019-11-18T19:19	85.80366	120.35963	0.202	115.8
2019-11-18T19:29	85.80342	120.36680	0.209	115.1
2019-11-18T19:39	85.80318	120.37421	0.214	114.0
2019-11-18T19:49	85.80292	120.38179	0.219	114.6
2019-11-18T19:59	85.80267	120.38937	0.220	114.8
2019-11-18T20:09	85.80241	120.39698	0.221	114.9
2019-11-18T20:19	85.80216	120.40415	0.209	115.5
2019-11-18T20:29	85.80190	120.41127	0.209	116.4
2019-11-18T20:39	85.80166	120.41806	0.199	115.7
2019-11-18T20:49	85.80142	120.42476	0.196	115.8
2019-11-18T20:59	85.80120	120.43107	0.185	115.8
2019-11-18T21:09	85.80099	120.43700	0.174	116.0
2019-11-18T21:19	85.80079	120.44258	0.164	116.1
2019-11-18T21:29	85.80058	120.44776	0.155	118.3
2019-11-18T21:39	85.80038	120.45249	0.145	120.4
2019-11-18T21:49	85.80018	120.45674	0.134	123.2
2019-11-18T21:59	85.79998	120.46046	0.121	125.9
2019-11-18T22:09	85.79978	120.46370	0.111	129.9
2019-11-18T22:19	85.79960	120.46644	0.098	132.7
2019-11-18T22:29	85.79942	120.46876	0.088	135.6
2019-11-18T22:39	85.79926	120.47055	0.076	141.8
2019-11-18T22:49	85.79910	120.47192	0.066	146.8
2019-11-18T22:59	85.79896	120.47261	0.053	159.8
2019-11-18T23:09	85.79884	120.47298	0.047	168.2
2019-11-18T23:19	85.79871	120.47302	0.044	178.6
2019-11-18T23:29	85.79859	120.47274	0.044	189.6
2019-11-18T23:39	85.79849	120.47220	0.041	200.4
2019-11-18T23:49	85.79838	120.47137	0.044	209.7
2019-11-18T23:59	85.79829	120.47035	0.043	218.9
2019-11-19T00:09	85.79821	120.46920	0.042	226.0
2019-11-19T00:19	85.79814	120.46782	0.044	235.1
2019-11-19T00:29	85.79809	120.46659	0.037	242.6
2019-11-19T00:39	85.79806	120.46512	0.040	255.4
2019-11-19T00:49	85.79806	120.46373	0.037	268.1
2019-11-19T00:59	85.79809	120.46215	0.043	283.9
2019-11-19T01:09	85.79814	120.46062	0.045	295.6
2019-11-19T01:19	85.79823	120.45876	0.059	303.9
2019-11-19T01:29	85.79835	120.45687	0.065	310.2
2019-11-19T01:39	85.79850	120.45485	0.077	316.1
2019-11-19T01:49	85.79868	120.45294	0.082	321.8
2019-11-19T01:59	85.79888	120.45105	0.087	325.1
2019-11-19T02:09	85.79909	120.44932	0.089	329.2
2019-11-19T02:19	85.79932	120.44781	0.091	334.0
2019-11-19T02:29	85.79956	120.44645	0.095	337.9
2019-11-19T02:39	85.79983	120.44543	0.101	344.4
2019-11-19T02:49	85.80012	120.44463	0.108	348.8
2019-11-19T02:59	85.80040	120.44432	0.099	355.2
2019-11-19T03:09	85.80064	120.44434	0.086	0.3
2019-11-19T03:19	85.80085	120.44485	0.078	9.9
2019-11-19T03:29	85.80106	120.44596	0.079	21.7
2019-11-19T03:39	85.80127	120.44810	0.093	37.1
2019-11-19T03:49	85.80145	120.45124	0.106	51.0
2019-11-19T03:59	85.80163	120.45488	0.116	55.7
2019-11-19T04:09	85.80182	120.45878	0.123	56.8
2019-11-19T04:19	85.80201	120.46263	0.122	56.2
2019-11-19T04:29	85.80219	120.46689	0.130	59.8
2019-11-19T04:39	85.80233	120.47155	0.133	67.9
2019-11-19T04:49	85.80242	120.47590	0.119	74.6
2019-11-19T04:59	85.80249	120.48089	0.134	78.3
2019-11-19T05:09	85.80254	120.48645	0.148	83.0
2019-11-19T05:19	85.80255	120.49268	0.164	89.0
2019-11-19T05:29	85.80257	120.49984	0.189	87.9
2019-11-19T05:39	85.80257	120.50702	0.189	89.6
2019-11-19T05:49	85.80257	120.51475	0.204	90.3
2019-11-19T05:59	85.80251	120.52267	0.210	95.4
2019-11-19T06:09	85.80243	120.53084	0.218	98.4
2019-11-19T06:19	85.80229	120.53890	0.218	103.0
2019-11-19T06:29	85.80211	120.54804	0.250	105.3
2019-11-19T06:39	85.80190	120.55772	0.265	106.0
2019-11-19T06:49	85.80167	120.56760	0.274	107.7
2019-11-19T06:59	85.80142	120.57750	0.276	109.0
2019-11-19T07:09	85.80117	120.58738	0.276	109.4
2019-11-19T07:19	85.80095	120.59673	0.258	107.3
2019-11-19T07:29	85.80076	120.60572	0.247	106.3
2019-11-19T07:39	85.80054	120.61458	0.247	109.1
2019-11-19T07:49	85.80027	120.62337	0.251	112.6
2019-11-19T07:59	85.79998	120.63278	0.268	112.4
2019-11-19T08:09	85.79968	120.64223	0.271	113.4
2019-11-19T08:19	85.79937	120.65120	0.263	115.9
2019-11-19T08:29	85.79902	120.66059	0.277	116.8
2019-11-19T08:39	85.79866	120.66966	0.272	118.4
2019-11-19T08:49	85.79830	120.67832	0.263	119.7
2019-11-19T08:59	85.79792	120.68646	0.253	121.9
2019-11-19T09:09	85.79755	120.69408	0.241	123.7
2019-11-19T09:19	85.79718	120.70114	0.229	125.6
2019-11-19T09:29	85.79682	120.70766	0.216	127.1
2019-11-19T09:39	85.79646	120.71364	0.203	129.1
2019-11-19T09:49	85.79612	120.71911	0.191	131.0
2019-11-19T09:59	85.79578	120.72426	0.181	131.3
2019-11-19T10:09	85.79545	120.72926	0.178	132.3
2019-11-19T10:19	85.79512	120.73393	0.172	134.1
2019-11-19T10:29	85.79479	120.73839	0.167	135.1
2019-11-19T10:39	85.79448	120.74251	0.156	135.8
2019-11-19T10:49	85.79419	120.74643	0.147	135.4
2019-11-19T10:59	85.79390	120.75019	0.144	136.3
2019-11-19T11:09	85.79363	120.75383	0.137	135.5
2019-11-19T11:19	85.79337	120.75719	0.128	136.2
2019-11-19T11:29	85.79313	120.76053	0.125	135.0
2019-11-19T11:39	85.79289	120.76366	0.119	136.1
2019-11-19T11:49	85.79266	120.76696	0.119	132.9
2019-11-19T11:59	85.79244	120.77027	0.119	132.5
2019-11-19T12:09	85.79222	120.77350	0.116	132.5
2019-11-19T12:19	85.79201	120.77688	0.117	130.1
2019-11-19T12:29	85.79181	120.78021	0.115	129.8
2019-11-19T12:39	85.79162	120.78358	0.113	128.4
2019-11-19T12:49	85.79141	120.78716	0.120	127.7
2019-11-19T12:59	85.79120	120.79094	0.125	126.9
2019-11-19T13:09	85.79099	120.79486	0.130	127.2
2019-11-19T13:19	85.79076	120.79910	0.138	125.8
2019-11-19T13:29	85.79054	120.80373	0.146	123.2
2019-11-19T13:39	85.79032	120.80876	0.155	121.2
2019-11-19T13:49	85.79010	120.81412	0.162	118.9
2019-11-19T13:59	85.78988	120.81954	0.164	119.3
2019-11-19T14:09	85.78964	120.82547	0.178	118.4
2019-11-19T14:19	85.78940	120.83164	0.185	118.3
2019-11-19T14:29	85.78914	120.83795	0.191	118.9
2019-11-19T14:39	85.78887	120.84375	0.181	122.1
2019-11-19T14:49	85.78857	120.84938	0.184	125.9
2019-11-19T14:59	85.78827	120.85549	0.195	123.8
2019-11-19T15:09	85.78795	120.86196	0.207	124.3
2019-11-19T15:19	85.78761	120.86839	0.210	125.8
2019-11-19T15:29	85.78724	120.87520	0.223	126.3
2019-11-19T15:39	85.78684	120.88240	0.239	127.1
2019-11-19T15:49	85.78642	120.88984	0.248	127.6
2019-11-19T15:59	85.78601	120.89774	0.257	125.4
2019-11-19T16:09	85.78557	120.90651	0.280	123.9
2019-11-19T16:19	85.78512	120.91578	0.295	123.8
2019-11-19T16:29	85.78464	120.92492	0.297	125.4
2019-11-19T16:39	85.78415	120.93448	0.309	125.1
2019-11-19T16:49	85.78366	120.94454	0.319	123.5
2019-11-19T16:59	85.78315	120.95494	0.330	123.4
2019-11-19T17:09	85.78264	120.96547	0.333	123.2
2019-11-19T17:19	85.78212	120.97622	0.342	123.8
2019-11-19T17:29	85.78158	120.98763	0.359	122.7
2019-11-19T17:39	85.78100	120.99964	0.379	122.9
2019-11-19T17:49	85.78042	121.01192	0.388	123.1
2019-11-19T17:59	85.77984	121.02396	0.380	123.0
2019-11-19T18:09	85.77925	121.03629	0.390	123.0
2019-11-19T18:19	85.77865	121.04863	0.391	123.3
2019-11-19T18:29	85.77803	121.06133	0.405	123.7
2019-11-19T18:39	85.77740	121.07413	0.408	123.6
2019-11-19T18:49	85.77677	121.08688	0.407	123.9
2019-11-19T18:59	85.77614	121.09940	0.401	124.2
2019-11-19T19:09	85.77552	121.11180	0.399	124.5
2019-11-19T19:19	85.77490	121.12398	0.392	124.5
2019-11-19T19:29	85.77429	121.13586	0.385	125.0
2019-11-19T19:39	85.77367	121.14754	0.381	125.6
2019-11-19T19:49	85.77305	121.15896	0.376	126.4
2019-11-19T19:59	85.77244	121.17003	0.367	126.9
2019-11-19T20:09	85.77184	121.18096	0.362	126.6
2019-11-19T20:19	85.77125	121.19145	0.351	127.4
2019-11-19T20:29	85.77067	121.20175	0.344	127.3
2019-11-19T20:39	85.77009	121.21166	0.335	128.3
2019-11-19T20:49	85.76953	121.22134	0.328	128.3
2019-11-19T20:59	85.76898	121.23062	0.315	128.6
2019-11-19T21:09	85.76845	121.23959	0.306	128.9
2019-11-19T21:19	85.76792	121.24841	0.302	129.1
2019-11-19T21:29	85.76742	121.25662	0.283	129.7
2019-11-19T21:39	85.76692	121.26469	0.279	129.9
2019-11-19T21:49	85.76644	121.27241	0.268	130.0
2019-11-19T21:59	85.76598	121.27979	0.257	130.3
2019-11-19T22:09	85.76554	121.28687	0.246	130.1
2019-11-19T22:19	85.76511	121.29372	0.238	129.9
2019-11-19T22:29	85.76472	121.30025	0.224	129.4
2019-11-19T22:39	85.76434	121.30655	0.216	129.2
2019-11-19T22:49	85.76399	121.31263	0.205	127.9
2019-11-19T22:59	85.76367	121.31850	0.194	126.5
2019-11-19T23:09	85.76337	121.32417	0.184	125.0
2019-11-19T23:19	85.76310	121.32976	0.179	123.6
2019-11-19T23:29	85.76285	121.33517	0.169	121.9
2019-11-19T23:39	85.76263	121.34052	0.162	118.8
2019-11-19T23:49	85.76244	121.34594	0.161	116.2
2019-11-19T23:59	85.76226	121.35132	0.156	113.6
2019-11-20T00:09	85.76211	121.35678	0.156	111.1
2019-11-20T00:19	85.76195	121.36194	0.148	112.5
2019-11-20T00:29	85.76181	121.36718	0.148	110.0
2019-11-20T00:39	85.76171	121.37282	0.154	102.8
2019-11-20T00:49	85.76163	121.37831	0.149	101.8
2019-11-20T00:59	85.76157	121.38401	0.153	97.1
2019-11-20T01:09	85.76156	121.38957	0.148	92.7
2019-11-20T01:19	85.76157	121.39528	0.152	88.0
2019-11-20T01:29	85.76161	121.40077	0.147	83.9
2019-11-20T01:39	85.76168	121.40656	0.156	81.0
2019-11-20T01:49	85.76177	121.41251	0.162	78.4
2019-11-20T01:59	85.76189	121.41847	0.164	75.1
2019-11-20T02:09	85.76202	121.42460	0.170	73.3
2019-11-20T02:19	85.76218	121.43092	0.178	71.2
2019-11-20T02:29	85.76237	121.43754	0.188	69.4
2019-11-20T02:39	85.76257	121.44454	0.201	68.2
2019-11-20T02:49	85.76280	121.45198	0.213	68.1
2019-11-20T02:59	85.76301	121.45969	0.220	69.0
2019-11-20T03:09	85.76324	121.46764	0.226	69.2
2019-11-20T03:19	85.76346	121.47572	0.229	69.8
2019-11-20T03:29	85.76364	121.48351	0.217	72.7
2019-11-20T03:39	85.76387	121.49159	0.230	68.8
2019-11-20T03:49	85.76410	121.49990	0.237	69.0
2019-11-20T03:59	85.76432	121.50826	0.235	71.0
2019-11-20T04:09	85.76450	121.51668	0.233	73.9
2019-11-20T04:19	85.76472	121.52506	0.237	70.0
2019-11-20T04:29	85.76491	121.53343	0.233	72.9
2019-11-20T04:39	85.76510	121.54170	0.230	73.0
2019-11-20T04:49	85.76526	121.54987	0.224	75.3
2019-11-20T04:59	85.76540	121.55809	0.225	76.6
2019-11-20T05:09	85.76553	121.56604	0.216	77.7
2019-11-20T05:19	85.76565	121.57385	0.212	78.6
2019-11-20T05:29	85.76578	121.58112	0.200	75.6
2019-11-20T05:39	85.76586	121.58792	0.183	81.5
2019-11-20T05:49	85.76593	121.59440	0.174	81.9
2019-11-20T05:59	85.76598	121.60131	0.185	84.3
2019-11-20T06:09	85.76600	121.60751	0.165	87.4
2019-11-20T06:19	85.76595	121.61300	0.147	96.4
2019-11-20T06:29	85.76588	121.61775	0.129	101.3
2019-11-20T06:39	85.76581	121.62154	0.104	104.3
2019-11-20T06:49	85.76575	121.62545	0.106	101.9
2019-11-20T06:59	85.76565	121.62894	0.099	110.6
2019-11-20T07:09	85.76556	121.63224	0.094	111.6
2019-11-20T07:19	85.76544	121.63462	0.076	123.5
2019-11-20T07:29	85.76529	121.63638	0.072	139.8
2019-11-20T07:39	85.76513	121.63774	0.068	147.6
2019-11-20T07:49	85.76497	121.63871	0.064	156.2
2019-11-20T07:59	85.76478	121.63940	0.068	164.3
2019-11-20T08:09	85.76459	121.63970	0.069	173.4
2019-11-20T08:19	85.76440	121.63964	0.071	181.4
2019-11-20T08:29	85.76418	121.63924	0.078	187.8
2019-11-20T08:39	85.76395	121.63831	0.086	196.7
2019-11-20T08:49	85.76372	121.63666	0.094	207.9
2019-11-20T08:59	85.76347	121.63475	0.103	209.4
2019-11-20T09:09	85.76322	121.63228	0.113	215.8
2019-11-20T09:19	85.76296	121.62914	0.125	221.9
2019-11-20T09:29	85.76270	121.62542	0.137	226.1
2019-11-20T09:39	85.76241	121.62121	0.151	227.9
2019-11-20T09:49	85.76212	121.61656	0.163	229.4
2019-11-20T09:59	85.76182	121.61105	0.182	233.9
2019-11-20T10:09	85.76154	121.60464	0.198	239.5
2019-11-20T10:19	85.76127	121.59780	0.207	241.6
2019-11-20T10:29	85.76099	121.59044	0.219	243.1
2019-11-20T10:39	85.76073	121.58263	0.228	245.6
2019-11-20T10:49	85.76049	121.57475	0.227	247.4
2019-11-20T10:59	85.76026	121.56665	0.231	248.9
2019-11-20T11:09	85.76005	121.55847	0.231	250.8
2019-11-20T11:19	85.75986	121.55030	0.228	252.4
2019-11-20T11:29	85.75967	121.54186	0.234	253.8
2019-11-20T11:39	85.75950	121.53330	0.236	254.5
2019-11-20T11:49	85.75935	121.52470	0.235	256.8
2019-11-20T11:59	85.75921	121.51589	0.240	258.2
2019-11-20T12:09	85.75911	121.50728	0.233	260.5
2019-11-20T12:19	85.75903	121.49892	0.224	262.8
2019-11-20T12:29	85.75898	121.49074	0.218	265.7
2019-11-20T12:39	85.75894	121.48287	0.210	265.4
2019-11-20T12:49	85.75891	121.47510	0.207	267.3
2019-11-20T12:59	85.75888	121.46788	0.193	267.2
2019-11-20T13:09	85.75888	121.46094	0.185	269.2
2019-11-20T13:19	85.75886	121.45418	0.180	268.5
2019-11-20T13:29	85.75886	121.44765	0.174	269.4
2019-11-20T13:39	85.75886	121.44142	0.166	270.8
2019-11-20T13:49	85.75887	121.43526	0.164	271.3
2019-11-20T13:59	85.75889	121.42910	0.164	272.4
2019-11-20T14:09	85.75893	121.42330	0.155	274.4
2019-11-20T14:19	85.75896	121.41758	0.153	274.0
2019-11-20T14:29	85.75898	121.41201	0.148	272.8
2019-11-20T14:39	85.75900	121.40663	0.144	272.8
2019-11-20T14:49	85.75901	121.40155	0.135	272.5
2019-11-20T14:59	85.75903	121.39661	0.132	273.0
2019-11-20T15:09	85.75904	121.39214	0.119	271.8
2019-11-20T15:19	85.75904	121.38743	0.125	269.4
2019-11-20T15:29	85.75903	121.38295	0.119	268.4
2019-11-20T15:39	85.75900	121.37851	0.118	265.2
2019-11-20T15:49	85.75896	121.37432	0.113	262.0
2019-11-20T15:59	85.75890	121.36992	0.119	260.8
2019-11-20T16:09	85.75884	121.36575	0.113	258.3
2019-11-20T16:19	85.75876	121.36162	0.114	254.4
2019-11-20T16:29	85.75867	121.35760	0.112	253.4
2019-11-20T16:39	85.75858	121.35362	0.110	253.6
2019-11-20T16:49	85.75848	121.34990	0.105	250.3
2019-11-20T16:59	85.75837	121.34633	0.104	246.1
2019-11-20T17:09	85.75824	121.34282	0.103	245.0
2019-11-20T17:19	85.75813	121.33974	0.091	243.8
2019-11-20T17:29	85.75801	121.33666	0.093	242.4
2019-11-20T17:39	85.75788	121.33357	0.094	240.5
2019-11-20T17:49	85.75775	121.33066	0.092	238.0
2019-11-20T17:59	85.75761	121.32773	0.093	236.5
2019-11-20T18:09	85.75743	121.32491	0.098	230.1
2019-11-20T18:19	85.75721	121.32214	0.108	223.0
2019-11-20T18:29	85.75696	121.31889	0.126	223.4
2019-11-20T18:39	85.75670	121.31525	0.134	226.4
2019-11-20T18:49	85.75641	121.31136	0.147	224.6
2019-11-20T18:59	85.75611	121.30755	0.149	223.0
2019-11-20T19:09	85.75579	121.30369	0.155	221.5
2019-11-20T19:19	85.75545	121.29993	0.156	220.0
2019-11-20T19:29	85.75511	121.29612	0.161	219.1
2019-11-20T19:39	85.75476	121.29215	0.165	220.0
2019-11-20T19:49	85.75438	121.28804	0.173	219.3
2019-11-20T19:59	85.75399	121.28359	0.184	220.1
2019-11-20T20:09	85.75361	121.27896	0.184	222.1
2019-11-20T20:19	85.75322	121.27405	0.193	222.8
2019-11-20T20:29	85.75284	121.26915	0.189	223.8
2019-11-20T20:39	85.75245	121.26379	0.200	225.7
2019-11-20T20:49	85.75207	121.25821	0.204	226.7
2019-11-20T20:59	85.75167	121.25257	0.206	226.8
2019-11-20T21:09	85.75129	121.24689	0.205	227.7
2019-11-20T21:19	85.75091	121.24106	0.208	228.4
2019-11-20T21:29	85.75051	121.23470	0.222	229.8
2019-11-20T21:39	85.75010	121.22791	0.234	230.7
2019-11-20T21:49	85.74968	121.22038	0.251	233.3
2019-11-20T21:59	85.74928	121.21263	0.251	235.4
2019-11-20T22:09	85.74891	121.20498	0.244	236.9
2019-11-20T22:19	85.74857	121.19733	0.239	238.4
2019-11-20T22:29	85.74824	121.18966	0.236	240.1
2019-11-20T22:39	85.74793	121.18180	0.238	242.0
2019-11-20T22:49	85.74765	121.17392	0.234	244.1
2019-11-20T22:59	85.74739	121.16574	0.237	247.0
2019-11-20T23:09	85.74715	121.15748	0.236	248.9
2019-11-20T23:19	85.74691	121.14903	0.242	249.1
2019-11-20T23:29	85.74667	121.14004	0.255	250.2
2019-11-20T23:39	85.74645	121.13073	0.262	251.7
2019-11-20T23:49	85.74626	121.12177	0.249	254.2
2019-11-20T23:59	85.74609	121.11312	0.239	255.5
2019-11-21T00:09	85.74595	121.10435	0.240	257.7
2019-11-21T00:19	85.74584	121.09620	0.221	259.8
2019-11-21T00:29	85.74577	121.08861	0.205	262.5
2019-11-21T00:39	85.74569	121.08134	0.196	262.4
2019-11-21T00:49	85.74562	121.07386	0.202	261.9
2019-11-21T00:59	85.74555	121.06667	0.194	263.4
2019-11-21T01:09	85.74550	121.05937	0.196	264.4
2019-11-21T01:19	85.74545	121.05247	0.185	264.8
2019-11-21T01:29	85.74542	121.04562	0.183	265.9
2019-11-21T01:39	85.74538	121.03879	0.183	265.6
2019-11-21T01:49	85.74534	121.03216	0.178	265.3
2019-11-21T01:59	85.74530	121.02583	0.170	265.6
2019-11-21T02:09	85.74527	121.01969	0.165	265.4
2019-11-21T02:19	85.74524	121.01370	0.160	266.4
2019-11-21T02:29	85.74521	121.00803	0.152	265.7
2019-11-21T02:39	85.74518	121.00253	0.147	266.1
2019-11-21T02:49	85.74515	120.99749	0.135	266.3
2019-11-21T02:59	85.74513	120.99268	0.129	266.5
2019-11-21T03:09	85.74512	120.98823	0.119	267.5
2019-11-21T03:19	85.74510	120.98404	0.112	267.1
2019-11-21T03:29	85.74508	120.98024	0.102	266.2
2019-11-21T03:39	85.74506	120.97666	0.096	264.8
2019-11-21T03:49	85.74504	120.97324	0.092	264.7
2019-11-21T03:59	85.74500	120.97022	0.081	261.6
2019-11-21T04:09	85.74496	120.96736	0.078	259.5
2019-11-21T04:19	85.74492	120.96480	0.070	257.2
2019-11-21T04:29	85.74487	120.96245	0.065	254.6
2019-11-21T04:39	85.74482	120.96048	0.057	248.8
2019-11-21T04:49	85.74475	120.95872	0.053	241.8
2019-11-21T04:59	85.74466	120.95706	0.054	235.1
2019-11-21T05:09	85.74456	120.95552	0.054	229.5
2019-11-21T05:19	85.74446	120.95413	0.053	224.5
2019-11-21T05:29	85.74434	120.95272	0.057	221.0
2019-11-21T05:39	85.74423	120.95180	0.045	213.0
2019-11-21T05:49	85.74410	120.95079	0.055	209.5
2019-11-21T05:59	85.74396	120.94980	0.058	207.1
2019-11-21T06:09	85.74381	120.94896	0.058	202.8
2019-11-21T06:19	85.74365	120.94827	0.060	198.0
2019-11-21T06:29	85.74348	120.94754	0.063	198.1
2019-11-21T06:39	85.74330	120.94670	0.070	198.6
2019-11-21T06:49	85.74313	120.94609	0.062	195.5
2019-11-21T06:59	85.74297	120.94536	0.063	197.8
2019-11-21T07:09	85.74279	120.94463	0.065	197.4
2019-11-21T07:19	85.74262	120.94383	0.067	198.7
2019-11-21T07:29	85.74244	120.94284	0.070	202.3
2019-11-21T07:39	85.74225	120.94168	0.074	204.8
2019-11-21T07:49	85.74206	120.94039	0.077	206.7
2019-11-21T07:59	85.74189	120.93923	0.070	206.4
2019-11-21T08:09	85.74171	120.93805	0.072	206.0
2019-11-21T08:19	85.74152	120.93665	0.077	209.2
2019-11-21T08:29	85.74135	120.93526	0.072	211.2
2019-11-21T08:39	85.74118	120.93371	0.076	213.1
2019-11-21T08:49	85.74100	120.93199	0.079	215.5
2019-11-21T08:59	85.74082	120.93020	0.080	216.7
2019-11-21T09:09	85.74066	120.92836	0.076	220.3
2019-11-21T09:19	85.74050	120.92649	0.075	221.9
2019-11-21T09:29	85.74037	120.92472	0.068	224.5
2019-11-21T09:39	85.74025	120.92281	0.067	229.4
2019-11-21T09:49	85.74013	120.92079	0.069	232.1
2019-11-21T09:59	85.74003	120.91898	0.060	234.1
2019-11-21T10:09	85.73995	120.91701	0.061	239.6
2019-11-21T10:19	85.73986	120.91504	0.061	239.2
2019-11-21T10:29	85.73978	120.91296	0.063	241.5
2019-11-21T10:39	85.73970	120.91085	0.062	245.4
2019-11-21T10:49	85.73964	120.90875	0.061	246.7
2019-11-21T10:59	85.73959	120.90651	0.062	254.1
2019-11-21T11:09	85.73953	120.90425	0.063	252.0
2019-11-21T11:19	85.73947	120.90192	0.066	250.5
2019-11-21T11:29	85.73942	120.89941	0.070	253.1
2019-11-21T11:39	85.73938	120.89694	0.067	257.5
2019-11-21T11:49	85.73933	120.89432	0.072	258.0
2019-11-21T11:59	85.73931	120.89169	0.071	261.5
2019-11-21T12:09	85.73928	120.88906	0.071	263.3
2019-11-21T12:19	85.73927	120.88655	0.067	266.6
2019-11-21T12:29	85.73926	120.88404	0.067	266.3
2019-11-21T12:39	85.73925	120.88094	0.083	268.3
2019-11-21T12:49	85.73927	120.87880	0.057	274.8
2019-11-21T12:59	85.73929	120.87724	0.043	282.2
2019-11-21T13:09	85.73933	120.87573	0.043	289.0
2019-11-21T13:19	85.73940	120.87422	0.047	300.9
2019-11-21T13:29	85.73946	120.87275	0.046	301.4
2019-11-21T13:39	85.73952	120.87104	0.050	294.6
2019-11-21T13:49	85.73957	120.86913	0.054	289.2
2019-11-21T13:59	85.73962	120.86737	0.050	290.0
2019-11-21T14:09	85.73969	120.86623	0.040	310.7
2019-11-21T14:19	85.73978	120.86551	0.038	330.2
2019-11-21T14:29	85.73988	120.86487	0.039	334.0
2019-11-21T14:39	85.73997	120.86402	0.039	324.6
2019-11-21T14:49	85.74004	120.86292	0.039	311.3
2019-11-21T14:59	85.74011	120.86198	0.035	314.0
2019-11-21T15:09	85.74018	120.86115	0.034	318.6
2019-11-21T15:19	85.74024	120.86074	0.025	334.4
2019-11-21T15:29	85.74031	120.86060	0.023	350.4
2019-11-21T15:39	85.74037	120.86058	0.023	358.6
2019-11-21T15:49	85.74041	120.86052	0.014	353.0
2019-11-21T15:59	85.74044	120.86064	0.014	13.6
2019-11-21T16:09	85.74047	120.86082	0.011	24.2
2019-11-21T16:19	85.74049	120.86111	0.011	45.7
2019-11-21T16:29	85.74050	120.86145	0.010	73.6
2019-11-21T16:39	85.74050	120.86189	0.012	95.9
2019-11-21T16:49	85.74049	120.86230	0.011	110.2
2019-11-21T16:59	85.74047	120.86289	0.018	116.3
2019-11-21T17:09	85.74043	120.86346	0.021	132.9
2019-11-21T17:19	85.74037	120.86405	0.026	142.4
2019-11-21T17:29	85.74029	120.86477	0.035	146.6
2019-11-21T17:39	85.74020	120.86549	0.038	150.0
2019-11-21T17:49	85.74008	120.86611	0.043	157.5
2019-11-21T17:59	85.73997	120.86662	0.045	162.3
2019-11-21T18:09	85.73983	120.86693	0.051	170.7
2019-11-21T18:19	85.73968	120.86717	0.055	173.1
2019-11-21T18:29	85.73952	120.86738	0.056	174.2
2019-11-21T18:39	85.73935	120.86745	0.060	178.4
2019-11-21T18:49	85.73918	120.86753	0.061	177.9
2019-11-21T18:59	85.73901	120.86755	0.063	179.6
2019-11-21T19:09	85.73883	120.86755	0.064	180.0
2019-11-21T19:19	85.73865	120.86752	0.063	180.6
2019-11-21T19:29	85.73848	120.86740	0.062	182.9
2019-11-21T19:39	85.73830	120.86713	0.066	186.5
2019-11-21T19:49	85.73812	120.86681	0.066	187.4
2019-11-21T19:59	85.73794	120.86643	0.064	189.2
2019-11-21T20:09	85.73777	120.86603	0.064	189.5
2019-11-21T20:19	85.73760	120.86548	0.063	193.4
2019-11-21T20:29	85.73744	120.86478	0.059	198.4
2019-11-21T20:39	85.73728	120.86389	0.060	203.3
2019-11-21T20:49	85.73713	120.86283	0.062	207.3
2019-11-21T20:59	85.73699	120.86175	0.060	209.0
2019-11-21T21:09	85.73685	120.86064	0.059	210.3
2019-11-21T21:19	85.73670	120.85948	0.061	210.4
2019-11-21T21:29	85.73656	120.85839	0.059	209.5
2019-11-21T21:39	85.73642	120.85722	0.058	212.4
2019-11-21T21:49	85.73627	120.85579	0.065	216.0
2019-11-21T21:59	85.73613	120.85423	0.065	219.9
2019-11-21T22:09	85.73600	120.85261	0.065	222.0
2019-11-21T22:19	85.73585	120.85108	0.067	218.0
2019-11-21T22:29	85.73572	120.84956	0.064	219.1
2019-11-21T22:39	85.73558	120.84786	0.068	222.0
2019-11-21T22:49	85.73545	120.84616	0.064	225.6
2019-11-21T22:59	85.73534	120.84418	0.065	234.0
2019-11-21T23:09	85.73525	120.84184	0.071	242.4
2019-11-21T23:19	85.73516	120.83953	0.070	241.9
2019-11-21T23:29	85.73509	120.83756	0.060	242.4
2019-11-21T23:39	85.73502	120.83562	0.056	247.1
2019-11-21T23:49	85.73497	120.83369	0.055	250.2
2019-11-21T23:59	85.73493	120.83171	0.056	252.5
2019-11-22T00:09	85.73489	120.82972	0.055	256.8
2019-11-22T00:19	85.73488	120.82792	0.048	265.9
2019-11-22T00:29	85.73488	120.82600	0.051	269.1
2019-11-22T00:39	85.73490	120.82446	0.042	279.0
2019-11-22T00:49	85.73492	120.82314	0.036	280.4
2019-11-22T00:59	85.73493	120.82187	0.035	279.3
2019-11-22T01:09	85.73495	120.82087	0.028	286.0
2019-11-22T01:19	85.73499	120.81990	0.030	300.1
2019-11-22T01:29	85.73504	120.81901	0.029	303.7
2019-11-22T01:39	85.73510	120.81826	0.029	317.1
2019-11-22T01:49	85.73518	120.81765	0.032	329.7
2019-11-22T01:59	85.73525	120.81690	0.033	322.5
2019-11-22T02:09	85.73534	120.81609	0.038	325.5
2019-11-22T02:19	85.73541	120.81544	0.031	326.4
2019-11-22T02:29	85.73548	120.81480	0.032	326.6
2019-11-22T02:39	85.73555	120.81426	0.027	328.0
2019-11-22T02:49	85.73560	120.81369	0.024	320.9
2019-11-22T02:59	85.73564	120.81319	0.021	320.3
2019-11-22T03:09	85.73569	120.81265	0.021	316.3
2019-11-22T03:19	85.73574	120.81201	0.025	317.7
2019-11-22T03:29	85.73577	120.81163	0.017	321.1
2019-11-22T03:39	85.73579	120.81151	0.007	334.5
2019-11-22T03:49	85.73578	120.81157	0.004	153.3
2019-11-22T03:59	85.73575	120.81174	0.011	157.2
2019-11-22T04:09	85.73569	120.81193	0.023	166.5
2019-11-22T04:19	85.73561	120.81204	0.028	174.2
2019-11-22T04:29	85.73552	120.81226	0.033	169.7
2019-11-22T04:39	85.73542	120.81233	0.036	177.1
2019-11-22T04:49	85.73532	120.81231	0.036	180.7
2019-11-22T04:59	85.73522	120.81232	0.038	180.0
2019-11-22T05:09	85.73510	120.81227	0.043	181.5
2019-11-22T05:19	85.73495	120.81185	0.053	192.3
2019-11-22T05:29	85.73480	120.81123	0.057	197.0
2019-11-22T05:39	85.73463	120.81080	0.064	190.4
2019-11-22T05:49	85.73443	120.80986	0.075	199.6
2019-11-22T05:59	85.73424	120.80918	0.071	194.9
2019-11-22T06:09	85.73403	120.80819	0.079	199.6
2019-11-22T06:19	85.73382	120.80705	0.082	201.8
2019-11-22T06:29	85.73359	120.80573	0.090	202.9
2019-11-22T06:39	85.73335	120.80417	0.096	205.6
2019-11-22T06:49	85.73310	120.80222	0.103	210.5
2019-11-22T06:59	85.73284	120.79953	0.117	217.8
2019-11-22T07:09	85.73259	120.79672	0.118	219.7
2019-11-22T07:19	85.73235	120.79398	0.114	220.0
2019-11-22T07:29	85.73209	120.79095	0.124	220.9
2019-11-22T07:39	85.73185	120.78807	0.116	221.7
2019-11-22T07:49	85.73159	120.78504	0.124	220.9
2019-11-22T07:59	85.73135	120.78181	0.123	225.1
2019-11-22T08:09	85.73111	120.77765	0.141	231.9
2019-11-22T08:19	85.73090	120.77278	0.151	240.2
2019-11-22T08:29	85.73073	120.76766	0.149	246.8
2019-11-22T08:39	85.73060	120.76258	0.144	251.1
2019-11-22T08:49	85.73047	120.75686	0.160	252.8
2019-11-22T08:59	85.73039	120.75151	0.146	258.6
2019-11-22T09:09	85.73034	120.74575	0.156	262.5
2019-11-22T09:19	85.73026	120.73909	0.181	260.9
2019-11-22T09:29	85.73017	120.73214	0.189	260.6
2019-11-22T09:39	85.73011	120.72550	0.180	262.9
2019-11-22T09:49	85.73007	120.71855	0.187	265.1
2019-11-22T09:59	85.73004	120.71156	0.188	267.5
2019-11-22T10:09	85.73004	120.70480	0.181	269.6
2019-11-22T10:19	85.73002	120.69743	0.198	268.2
2019-11-22T10:29	85.73002	120.68967	0.208	269.4
2019-11-22T10:39	85.73005	120.68239	0.196	273.4
2019-11-22T10:49	85.73009	120.67503	0.198	274.4
2019-11-22T10:59	85.73014	120.66750	0.203	275.5
2019-11-22T11:09	85.73022	120.65988	0.206	277.4
2019-11-22T11:19	85.73031	120.65213	0.211	279.3
2019-11-22T11:29	85.73042	120.64406	0.220	280.2
2019-11-22T11:39	85.73055	120.63638	0.211	282.6
2019-11-22T11:49	85.73068	120.62833	0.221	282.6
2019-11-22T11:59	85.73082	120.62025	0.223	283.4
2019-11-22T12:09	85.73097	120.61205	0.226	283.8
2019-11-22T12:19	85.73113	120.60389	0.226	284.7
2019-11-22T12:29	85.73131	120.59568	0.229	286.1
2019-11-22T12:39	85.73151	120.58763	0.227	288.2
2019-11-22T12:49	85.73170	120.57964	0.225	288.2
2019-11-22T12:59	85.73191	120.57177	0.224	289.8
2019-11-22T13:09	85.73213	120.56406	0.221	290.9
2019-11-22T13:19	85.73235	120.55642	0.219	291.1
2019-11-22T13:29	85.73259	120.54915	0.213	293.9
2019-11-22T13:39	85.73282	120.54207	0.207	293.2
2019-11-22T13:49	85.73304	120.53528	0.200	294.3
2019-11-22T13:59	85.73328	120.52884	0.192	296.1
2019-11-22T14:09	85.73350	120.52272	0.182	295.8
2019-11-22T14:19	85.73371	120.51679	0.177	295.9
2019-11-22T14:29	85.73391	120.51116	0.167	295.6
2019-11-22T14:39	85.73410	120.50570	0.161	294.9
2019-11-22T14:49	85.73427	120.50059	0.150	294.0
2019-11-22T14:59	85.73443	120.49566	0.144	293.4
2019-11-22T15:09	85.73459	120.49087	0.140	293.8
2019-11-22T15:19	85.73474	120.48606	0.140	293.6
2019-11-22T15:29	85.73489	120.48147	0.134	293.8
2019-11-22T15:39	85.73502	120.47696	0.129	291.1
2019-11-22T15:49	85.73515	120.47257	0.126	290.8
2019-11-22T15:59	85.73525	120.46822	0.122	288.0
2019-11-22T16:09	85.73534	120.46416	0.113	286.2
2019-11-22T16:19	85.73541	120.46023	0.108	283.4
2019-11-22T16:29	85.73547	120.45646	0.103	282.1
2019-11-22T16:39	85.73551	120.45271	0.102	278.3
2019-11-22T16:49	85.73555	120.44892	0.103	278.4
2019-11-22T16:59	85.73557	120.44529	0.097	274.4
2019-11-22T17:09	85.73558	120.44185	0.092	271.1
2019-11-22T17:19	85.73556	120.43853	0.089	266.1
2019-11-22T17:29	85.73554	120.43540	0.084	263.5
2019-11-22T17:39	85.73550	120.43236	0.083	260.5
2019-11-22T17:49	85.73545	120.42946	0.079	257.0
2019-11-22T17:59	85.73539	120.42650	0.082	254.6
2019-11-22T18:09	85.73532	120.42364	0.081	251.9
2019-11-22T18:19	85.73524	120.42056	0.087	251.8
2019-11-22T18:29	85.73515	120.41754	0.087	248.8
2019-11-22T18:39	85.73506	120.41496	0.078	242.9
2019-11-22T18:49	85.73494	120.41242	0.079	238.9
2019-11-22T18:59	85.73482	120.41000	0.078	236.8
2019-11-22T19:09	85.73469	120.40754	0.081	234.0
2019-11-22T19:19	85.73457	120.40474	0.086	240.3
2019-11-22T19:29	85.73444	120.40213	0.085	235.4
2019-11-22T19:39	85.73431	120.39928	0.090	238.4
2019-11-22T19:49	85.73417	120.39671	0.086	233.5
2019-11-22T19:59	85.73403	120.39395	0.089	236.0
2019-11-22T20:09	85.73389	120.39130	0.088	234.0
2019-11-22T20:19	85.73373	120.38897	0.083	228.9
2019-11-22T20:29	85.73359	120.38622	0.091	234.3
2019-11-22T20:39	85.73344	120.38385	0.082	230.8
2019-11-22T20:49	85.73331	120.38135	0.083	234.4
2019-11-22T20:59	85.73319	120.37849	0.087	241.3
2019-11-22T21:09	85.73309	120.37552	0.088	244.9
2019-11-22T21:19	85.73298	120.37264	0.086	243.7
2019-11-22T21:29	85.73289	120.36949	0.091	248.1
2019-11-22T21:39	85.73281	120.36620	0.093	251.8
2019-11-22T21:49	85.73274	120.36303	0.088	254.1
2019-11-22T21:59	85.73269	120.35956	0.095	258.6
2019-11-22T22:09	85.73266	120.35607	0.095	262.4
2019-11-22T22:19	85.73264	120.35277	0.089	266.4
2019-11-22T22:29	85.73264	120.34947	0.088	269.3
2019-11-22T22:39	85.73265	120.34614	0.089	273.5
2019-11-22T22:49	85.73267	120.34288	0.088	274.1
2019-11-22T22:59	85.73271	120.33939	0.095	279.9
2019-11-22T23:09	85.73276	120.33629	0.085	281.3
2019-11-22T23:19	85.73282	120.33315	0.087	284.3
2019-11-22T23:29	85.73289	120.33003	0.087	285.7
2019-11-22T23:39	85.73296	120.32688	0.089	287.9
2019-11-22T23:49	85.73305	120.32387	0.086	290.8
2019-11-22T23:59	85.73314	120.32082	0.089	293.3
2019-11-23T00:09	85.73324	120.31788	0.086	293.4
2019-11-23T00:19	85.73334	120.31502	0.085	296.0
2019-11-23T00:29	85.73346	120.31229	0.084	299.0
2019-11-23T00:39	85.73358	120.30972	0.082	303.0
2019-11-23T00:49	85.73370	120.30751	0.074	307.1
2019-11-23T00:59	85.73384	120.30527	0.076	308.3
2019-11-23T01:09	85.73397	120.30308	0.076	309.4
2019-11-23T01:19	85.73410	120.30103	0.074	311.5
2019-11-23T01:29	85.73424	120.29921	0.069	315.1
2019-11-23T01:39	85.73438	120.29757	0.067	318.8
2019-11-23T01:49	85.73452	120.29617	0.062	322.9
2019-11-23T01:59	85.73465	120.29488	0.060	324.9
2019-11-23T02:09	85.73479	120.29378	0.057	329.0
2019-11-23T02:19	85.73492	120.29310	0.049	338.1
2019-11-23T02:29	85.73504	120.29265	0.046	344.9
2019-11-23T02:39	85.73517	120.29250	0.047	355.2
2019-11-23T02:49	85.73528	120.29258	0.039	3.1
2019-11-23T02:59	85.73539	120.29286	0.042	10.4
2019-11-23T03:09	85.73550	120.29361	0.042	28.0
2019-11-23T03:19	85.73561	120.29433	0.046	24.7
2019-11-23T03:29	85.73571	120.29524	0.044	34.1
2019-11-23T03:39	85.73582	120.29647	0.051	40.6
2019-11-23T03:49	85.73590	120.29794	0.050	51.7
2019-11-23T03:59	85.73597	120.29993	0.058	66.7
2019-11-23T04:09	85.73601	120.30224	0.064	76.0
2019-11-23T04:19	85.73606	120.30460	0.066	73.6
2019-11-23T04:29	85.73610	120.30713	0.069	79.0
2019-11-23T04:39	85.73613	120.30995	0.076	82.8
2019-11-23T04:49	85.73614	120.31301	0.082	86.3
2019-11-23T04:59	85.73616	120.31633	0.089	85.2
2019-11-23T05:09	85.73620	120.31934	0.082	79.9
2019-11-23T05:19	85.73622	120.32257	0.087	84.7
2019-11-23T05:29	85.73622	120.32524	0.072	90.4
2019-11-23T05:39	85.73624	120.32854	0.089	85.2
2019-11-23T05:49	85.73625	120.33232	0.101	89.3
2019-11-23T05:59	85.73626	120.33587	0.095	87.8
2019-11-23T06:09	85.73627	120.33945	0.096	86.7
2019-11-23T06:19	85.73628	120.34327	0.102	88.2
2019-11-23T06:29	85.73630	120.34686	0.096	86.1
2019-11-23T06:39	85.73634	120.35094	0.110	82.8
2019-11-23T06:49	85.73636	120.35496	0.108	86.4
2019-11-23T06:59	85.73638	120.35957	0.124	85.5
2019-11-23T07:09	85.73641	120.36385	0.115	84.3
2019-11-23T07:19	85.73643	120.36832	0.120	86.9
2019-11-23T07:29	85.73647	120.37287	0.122	84.2
2019-11-23T07:39	85.73653	120.37693	0.111	78.3
2019-11-23T07:49	85.73660	120.38111	0.115	77.6
2019-11-23T07:59	85.73669	120.38514	0.113	73.2
2019-11-23T08:09	85.73679	120.38979	0.130	73.0
2019-11-23T08:19	85.73686	120.39439	0.126	79.0
2019-11-23T08:29	85.73695	120.39908	0.130	75.4
2019-11-23T08:39	85.73707	120.40380	0.133	71.3
2019-11-23T08:49	85.73720	120.40846	0.133	69.3
2019-11-23T08:59	85.73734	120.41319	0.137	68.0
2019-11-23T09:09	85.73750	120.41867	0.157	68.7
2019-11-23T09:19	85.73768	120.42411	0.160	65.7
2019-11-23T09:29	85.73788	120.42917	0.152	62.9
2019-11-23T09:39	85.73810	120.43410	0.155	58.0
2019-11-23T09:49	85.73834	120.43841	0.144	53.2
2019-11-23T09:59	85.73863	120.44289	0.157	49.8
2019-11-23T10:09	85.73892	120.44762	0.165	50.1
2019-11-23T10:19	85.73923	120.45207	0.163	47.0
2019-11-23T10:29	85.73957	120.45645	0.170	43.5
2019-11-23T10:39	85.73994	120.46095	0.179	42.3
2019-11-23T10:49	85.74032	120.46580	0.188	43.5
2019-11-23T10:59	85.74074	120.47063	0.199	40.5
2019-11-23T11:09	85.74120	120.47525	0.206	36.8
2019-11-23T11:19	85.74167	120.48040	0.220	38.8
2019-11-23T11:29	85.74218	120.48583	0.235	38.2
2019-11-23T11:39	85.74272	120.49143	0.245	37.6
2019-11-23T11:49	85.74329	120.49739	0.258	38.1
2019-11-23T11:59	85.74387	120.50284	0.256	34.8
2019-11-23T12:09	85.74448	120.50813	0.260	32.8
2019-11-23T12:19	85.74511	120.51357	0.269	32.7
2019-11-23T12:29	85.74574	120.51926	0.274	33.8
2019-11-23T12:39	85.74641	120.52495	0.284	32.3
2019-11-23T12:49	85.74708	120.53138	0.297	35.3
2019-11-23T12:59	85.74775	120.53828	0.304	37.2
2019-11-23T13:09	85.74845	120.54552	0.316	37.8
2019-11-23T13:19	85.74917	120.55292	0.326	37.3
2019-11-23T13:29	85.74989	120.56096	0.337	39.5
2019-11-23T13:39	85.75064	120.56864	0.339	37.3
2019-11-23T13:49	85.75142	120.57636	0.349	36.1
2019-11-23T13:59	85.75222	120.58449	0.359	37.1
2019-11-23T14:09	85.75298	120.59338	0.364	40.7
2019-11-23T14:19	85.75373	120.60341	0.380	44.7
2019-11-23T14:29	85.75448	120.61325	0.376	44.3
2019-11-23T14:39	85.75524	120.62288	0.376	43.0
2019-11-23T14:49	85.75600	120.63290	0.382	44.3
2019-11-23T14:59	85.75675	120.64351	0.391	46.2
2019-11-23T15:09	85.75751	120.65404	0.390	46.0
2019-11-23T15:19	85.75828	120.66430	0.390	44.5
2019-11-23T15:29	85.75904	120.67474	0.391	45.3
2019-11-23T15:39	85.75977	120.68588	0.396	48.6
2019-11-23T15:49	85.76048	120.69716	0.395	49.5
2019-11-23T15:59	85.76118	120.70847	0.392	50.1
2019-11-23T16:09	85.76186	120.72004	0.393	51.7
2019-11-23T16:19	85.76254	120.73156	0.392	51.4
2019-11-23T16:29	85.76323	120.74308	0.396	50.7
2019-11-23T16:39	85.76396	120.75407	0.391	48.3
2019-11-23T16:49	85.76470	120.76488	0.393	47.0
2019-11-23T16:59	85.76543	120.77569	0.390	47.5
2019-11-23T17:09	85.76616	120.78634	0.385	47.3
2019-11-23T17:19	85.76687	120.79686	0.380	47.5
2019-11-23T17:29	85.76758	120.80739	0.377	47.9
2019-11-23T17:39	85.76828	120.81761	0.372	46.8
2019-11-23T17:49	85.76897	120.82780	0.366	47.6
2019-11-23T17:59	85.76966	120.83783	0.365	46.9
2019-11-23T18:09	85.77036	120.84798	0.368	47.1
2019-11-23T18:19	85.77107	120.85783	0.367	45.5
2019-11-23T18:29	85.77181	120.86699	0.360	42.4
2019-11-23T18:39	85.77252	120.87651	0.359	44.7
2019-11-23T18:49	85.77323	120.88593	0.358	44.3
2019-11-23T18:59	85.77396	120.89467	0.349	41.6
2019-11-23T19:09	85.77470	120.90344	0.355	41.0
2019-11-23T19:19	85.77544	120.91200	0.350	40.4
2019-11-23T19:29	85.77620	120.92037	0.350	39.3
2019-11-23T19:39	85.77698	120.92778	0.344	34.8
2019-11-23T19:49	85.77777	120.93501	0.344	33.9
2019-11-23T19:59	85.77860	120.94209	0.351	32.3
2019-11-23T20:09	85.77941	120.94970	0.354	34.7
2019-11-23T20:19	85.78025	120.95675	0.357	31.5
2019-11-23T20:29	85.78112	120.96364	0.361	30.3
2019-11-23T20:39	85.78203	120.96988	0.367	26.7
2019-11-23T20:49	85.78300	120.97627	0.387	25.9
2019-11-23T20:59	85.78401	120.98270	0.402	25.0
2019-11-23T21:09	85.78507	120.98894	0.416	23.4
2019-11-23T21:19	85.78619	120.99570	0.440	24.0
2019-11-23T21:29	85.78734	121.00233	0.451	22.8
2019-11-23T21:39	85.78851	121.00852	0.450	21.4
2019-11-23T21:49	85.78971	121.01443	0.461	19.8
2019-11-23T21:59	85.79095	121.02067	0.475	20.3
2019-11-23T22:09	85.79219	121.02727	0.482	21.2
2019-11-23T22:19	85.79343	121.03311	0.471	19.1
2019-11-23T22:29	85.79470	121.03877	0.482	18.1
2019-11-23T22:39	85.79601	121.04458	0.494	18.1
2019-11-23T22:49	85.79736	121.05041	0.513	17.5
2019-11-23T22:59	85.79879	121.05693	0.540	18.6
2019-11-23T23:09	85.80021	121.06305	0.536	17.5
2019-11-23T23:19	85.80166	121.06882	0.545	16.2
2019-11-23T23:29	85.80313	121.07507	0.554	17.3
2019-11-23T23:39	85.80458	121.08176	0.553	18.6
2019-11-23T23:49	85.80605	121.08851	0.557	18.6
2019-11-23T23:59	85.80754	121.09457	0.558	16.6
2019-11-24T00:09	85.80905	121.10059	0.569	16.2
2019-11-24T00:19	85.81058	121.10732	0.577	17.9
2019-11-24T00:29	85.81212	121.11392	0.581	17.4
2019-11-24T00:39	85.81365	121.12076	0.580	18.0
2019-11-24T00:49	85.81523	121.12847	0.602	19.6
2019-11-24T00:59	85.81677	121.13581	0.588	19.1
2019-11-24T01:09	85.81833	121.14344	0.597	19.6
2019-11-24T01:19	85.81987	121.15096	0.589	19.6
2019-11-24T01:29	85.82141	121.15848	0.587	19.6
2019-11-24T01:39	85.82298	121.16621	0.601	19.7
2019-11-24T01:49	85.82455	121.17403	0.600	20.0
2019-11-24T01:59	85.82612	121.18191	0.603	20.0
2019-11-24T02:09	85.82771	121.18967	0.605	19.6
2019-11-24T02:19	85.82928	121.19758	0.602	20.1
2019-11-24T02:29	85.83085	121.20547	0.604	20.0
2019-11-24T02:39	85.83243	121.21338	0.605	20.0
2019-11-24T02:49	85.83401	121.22129	0.604	20.0
2019-11-24T02:59	85.83557	121.22922	0.600	20.2
2019-11-24T03:09	85.83711	121.23714	0.593	20.4
2019-11-24T03:19	85.83864	121.24498	0.586	20.5
2019-11-24T03:29	85.84015	121.25282	0.581	20.7
2019-11-24T03:39	85.84164	121.26053	0.574	20.5
2019-11-24T03:49	85.84311	121.26805	0.565	20.3
2019-11-24T03:59	85.84456	121.27548	0.556	20.4
2019-11-24T04:09	85.84595	121.28267	0.535	20.5
2019-11-24T04:19	85.84735	121.28984	0.536	20.4
2019-11-24T04:29	85.84872	121.29683	0.528	20.2
2019-11-24T04:39	85.85008	121.30372	0.521	20.2
2019-11-24T04:49	85.85142	121.31041	0.513	19.8
2019-11-24T04:59	85.85274	121.31680	0.503	19.3
2019-11-24T05:09	85.85408	121.32314	0.510	18.9
2019-11-24T05:19	85.85532	121.32885	0.473	18.3
2019-11-24T05:29	85.85659	121.33461	0.480	18.2
2019-11-24T05:39	85.85785	121.34002	0.474	17.3
2019-11-24T05:49	85.85909	121.34513	0.465	16.6
2019-11-24T05:59	85.86031	121.34988	0.458	15.7
2019-11-24T06:09	85.86153	121.35434	0.454	14.8
2019-11-24T06:19	85.86274	121.35842	0.448	13.7
2019-11-24T06:29	85.86394	121.36220	0.444	12.8
2019-11-24T06:39	85.86514	121.36580	0.440	12.2
2019-11-24T06:49	85.86633	121.36905	0.436	11.2
2019-11-24T06:59	85.86750	121.37189	0.431	9.9
2019-11-24T07:09	85.86868	121.37455	0.428	9.3
2019-11-24T07:19	85.86984	121.37700	0.424	8.6
2019-11-24T07:29	85.87100	121.37904	0.419	7.3
2019-11-24T07:39	85.87213	121.38065	0.411	5.8
2019-11-24T07:49	85.87327	121.38185	0.410	4.4
2019-11-24T07:59	85.87441	121.38267	0.411	3.0
2019-11-24T08:09	85.87553	121.38324	0.405	2.1
2019-11-24T08:19	85.87666	121.38360	0.404	1.3
2019-11-24T08:29	85.87777	121.38347	0.402	359.5
2019-11-24T08:39	85.87889	121.38311	0.402	358.7
2019-11-24T08:49	85.88000	121.38265	0.401	358.3
2019-11-24T08:59	85.88112	121.38182	0.401	357.0
2019-11-24T09:09	85.88222	121.38079	0.398	356.2
2019-11-24T09:19	85.88333	121.37949	0.402	355.2
2019-11-24T09:29	85.88443	121.37828	0.398	355.5
2019-11-24T09:39	85.88553	121.37673	0.396	354.2
2019-11-24T09:49	85.88664	121.37493	0.402	353.4
2019-11-24T09:59	85.88771	121.37310	0.390	353.0
2019-11-24T10:09	85.88880	121.37094	0.393	351.9
2019-11-24T10:19	85.88983	121.36879	0.376	351.5
2019-11-24T10:29	85.89086	121.36660	0.375	351.3
2019-11-24T10:39	85.89188	121.36405	0.373	349.9
2019-11-24T10:49	85.89286	121.36147	0.359	349.3
2019-11-24T10:59	85.89379	121.35882	0.344	348.6
2019-11-24T11:09	85.89469	121.35633	0.331	348.8
2019-11-24T11:19	85.89557	121.35353	0.325	347.2
2019-11-24T11:29	85.89647	121.35112	0.327	349.1
2019-11-24T11:39	85.89731	121.34849	0.312	347.4
2019-11-24T11:49	85.89810	121.34589	0.291	346.7
2019-11-24T11:59	85.89885	121.34291	0.282	344.2
2019-11-24T12:09	85.89959	121.34024	0.275	345.5
2019-11-24T12:19	85.90029	121.33756	0.261	344.7
2019-11-24T12:29	85.90098	121.33482	0.256	344.0
2019-11-24T12:39	85.90166	121.33243	0.253	346.0
2019-11-24T12:49	85.90232	121.33000	0.247	345.3
2019-11-24T12:59	85.90297	121.32767	0.240	345.6
2019-11-24T13:09	85.90362	121.32528	0.245	345.4
2019-11-24T13:19	85.90433	121.32279	0.261	345.8
2019-11-24T13:29	85.90502	121.32070	0.256	347.9
2019-11-24T13:39	85.90576	121.31844	0.270	347.6
2019-11-24T13:49	85.90658	121.31640	0.301	350.0
2019-11-24T13:59	85.90746	121.31464	0.321	351.9
2019-11-24T14:09	85.90838	121.31312	0.333	353.3
2019-11-24T14:19	85.90930	121.31140	0.333	352.4
2019-11-24T14:29	85.91022	121.30968	0.335	352.4
2019-11-24T14:39	85.91112	121.30787	0.329	351.9
2019-11-24T14:49	85.91203	121.30613	0.330	352.2
2019-11-24T14:59	85.91296	121.30450	0.337	352.9
2019-11-24T15:09	85.91390	121.30293	0.342	353.3
2019-11-24T15:19	85.91492	121.30156	0.366	354.5
2019-11-24T15:29	85.91595	121.30033	0.376	355.2
2019-11-24T15:39	85.91701	121.29912	0.382	355.3
2019-11-24T15:49	85.91807	121.29796	0.383	355.6
2019-11-24T15:59	85.91915	121.29660	0.389	354.8
2019-11-24T16:09	85.92024	121.29527	0.393	355.0
2019-11-24T16:19	85.92131	121.29371	0.388	354.1
2019-11-24T16:29	85.92238	121.29198	0.390	353.5
2019-11-24T16:39	85.92347	121.29026	0.392	353.6
2019-11-24T16:49	85.92454	121.28832	0.391	352.7
2019-11-24T16:59	85.92563	121.28620	0.394	352.1
2019-11-24T17:09	85.92672	121.28381	0.396	351.1
2019-11-24T17:19	85.92780	121.28128	0.396	350.6
2019-11-24T17:29	85.92890	121.27881	0.400	350.9
2019-11-24T17:39	85.92999	121.27605	0.400	349.9
2019-11-24T17:49	85.93108	121.27312	0.401	349.2
2019-11-24T17:59	85.93218	121.26998	0.403	348.5
2019-11-24T18:09	85.93328	121.26672	0.407	348.2
2019-11-24T18:19	85.93440	121.26311	0.411	347.0
2019-11-24T18:29	85.93549	121.25921	0.408	345.9
2019-11-24T18:39	85.93659	121.25515	0.408	345.3
2019-11-24T18:49	85.93768	121.25074	0.408	344.0
2019-11-24T18:59	85.93875	121.24597	0.406	342.6
2019-11-24T19:09	85.93983	121.24112	0.407	342.3
2019-11-24T19:19	85.94092	121.23588	0.415	341.2
2019-11-24T19:29	85.94202	121.23024	0.419	340.0
2019-11-24T19:39	85.94311	121.22469	0.419	340.3
2019-11-24T19:49	85.94423	121.21894	0.428	340.0
2019-11-24T19:59	85.94536	121.21320	0.432	340.2
2019-11-24T20:09	85.94651	121.20712	0.441	339.5
2019-11-24T20:19	85.94766	121.20086	0.446	339.1
2019-11-24T20:29	85.94883	121.19446	0.451	338.8
2019-11-24T20:39	85.95001	121.18782	0.458	338.4
2019-11-24T20:49	85.95120	121.18106	0.461	338.1
2019-11-24T20:59	85.95240	121.17437	0.465	338.6
2019-11-24T21:09	85.95359	121.16742	0.463	337.6
2019-11-24T21:19	85.95478	121.16051	0.462	337.7
2019-11-24T21:29	85.95596	121.15355	0.461	337.5
2019-11-24T21:39	85.95716	121.14654	0.464	337.5
2019-11-24T21:49	85.95835	121.13947	0.465	337.3
2019-11-24T21:59	85.95953	121.13228	0.463	336.8
2019-11-24T22:09	85.96070	121.12507	0.459	336.5
2019-11-24T22:19	85.96186	121.11795	0.454	336.6
2019-11-24T22:29	85.96299	121.11075	0.448	335.9
2019-11-24T22:39	85.96411	121.10374	0.441	336.3
2019-11-24T22:49	85.96524	121.09669	0.445	336.3
2019-11-24T22:59	85.96638	121.08966	0.448	336.5
2019-11-24T23:09	85.96753	121.08250	0.452	336.3
2019-11-24T23:19	85.96867	121.07553	0.445	336.6
2019-11-24T23:29	85.96978	121.06863	0.437	336.5
2019-11-24T23:39	85.97086	121.06183	0.426	336.2
2019-11-24T23:49	85.97194	121.05523	0.421	336.6
2019-11-24T23:59	85.97300	121.04866	0.418	336.5
2019-11-25T00:09	85.97407	121.04188	0.422	336.1
2019-11-25T00:19	85.97518	121.03530	0.433	337.4
2019-11-25T00:29	85.97634	121.02880	0.447	338.5
2019-11-25T00:39	85.97751	121.02231	0.454	338.8
2019-11-25T00:49	85.97869	121.01597	0.453	339.3
2019-11-25T00:59	85.97987	121.00967	0.454	339.5
2019-11-25T01:09	85.98110	121.00355	0.467	340.7
2019-11-25T01:19	85.98231	120.99747	0.464	340.7
2019-11-25T01:29	85.98352	120.99141	0.461	340.7
2019-11-25T01:39	85.98473	120.98551	0.459	341.1
2019-11-25T01:49	85.98593	120.97963	0.459	341.2
2019-11-25T01:59	85.98714	120.97376	0.458	341.1
2019-11-25T02:09	85.98834	120.96790	0.457	341.2
2019-11-25T02:19	85.98956	120.96223	0.461	342.0
2019-11-25T02:29	85.99077	120.95672	0.457	342.4
2019-11-25T02:39	85.99196	120.95139	0.451	342.7
2019-11-25T02:49	85.99313	120.94597	0.444	342.1
2019-11-25T02:59	85.99429	120.94032	0.441	341.2
2019-11-25T03:09	85.99546	120.93471	0.443	341.4
2019-11-25T03:19	85.99662	120.92924	0.441	341.8
2019-11-25T03:29	85.99778	120.92377	0.439	341.7
2019-11-25T03:39	85.99891	120.91799	0.433	340.4
2019-11-25T03:49	86.00004	120.91217	0.431	340.1
2019-11-25T03:59	86.00116	120.90621	0.429	339.6
2019-11-25T04:09	86.00227	120.90011	0.431	339.2
2019-11-25T04:19	86.00342	120.89418	0.438	340.1
2019-11-25T04:29	86.00459	120.88777	0.450	339.1
2019-11-25T04:39	86.00574	120.88122	0.449	338.5
2019-11-25T04:49	86.00690	120.87454	0.450	338.1
2019-11-25T04:59	86.00808	120.86778	0.456	338.2
2019-11-25T05:09	86.00926	120.86092	0.458	338.0
2019-11-25T05:19	86.01046	120.85402	0.465	338.2
2019-11-25T05:29	86.01166	120.84678	0.468	337.2
2019-11-25T05:39	86.01286	120.83937	0.472	336.9
2019-11-25T05:49	86.01409	120.83194	0.478	337.1
2019-11-25T05:59	86.01532	120.82458	0.480	337.4
2019-11-25T06:09	86.01654	120.81724	0.478	337.4
2019-11-25T06:19	86.01775	120.80965	0.474	336.4
2019-11-25T06:29	86.01895	120.80179	0.473	335.5
2019-11-25T06:39	86.02014	120.79388	0.474	335.4
2019-11-25T06:49	86.02133	120.78585	0.471	334.8
2019-11-25T06:59	86.02250	120.77744	0.471	333.5
2019-11-25T07:09	86.02365	120.76929	0.464	334.0
2019-11-25T07:19	86.02480	120.76085	0.464	333.0
2019-11-25T07:29	86.02593	120.75233	0.460	332.5
2019-11-25T07:39	86.02705	120.74379	0.456	332.2
2019-11-25T07:49	86.02817	120.73509	0.456	331.6
2019-11-25T07:59	86.02928	120.72647	0.453	331.7
2019-11-25T08:09	86.03036	120.71769	0.447	330.7
2019-11-25T08:19	86.03143	120.70917	0.441	331.2
2019-11-25T08:29	86.03249	120.70049	0.437	330.4
2019-11-25T08:39	86.03354	120.69187	0.434	330.4
2019-11-25T08:49	86.03457	120.68298	0.433	329.2
2019-11-25T08:59	86.03560	120.67402	0.432	328.9
2019-11-25T09:09	86.03661	120.66480	0.432	327.9
2019-11-25T09:19	86.03763	120.65563	0.430	327.9
2019-11-25T09:29	86.03863	120.64613	0.431	326.8
2019-11-25T09:39	86.03962	120.63658	0.430	326.5
2019-11-25T09:49	86.04062	120.62725	0.426	327.0
2019-11-25T09:59	86.04159	120.61788	0.422	326.5
2019-11-25T10:09	86.04257	120.60848	0.421	326.3
2019-11-25T10:19	86.04353	120.59911	0.419	326.2
2019-11-25T10:29	86.04449	120.58978	0.417	326.2
2019-11-25T10:39	86.04544	120.58047	0.412	325.9
2019-11-25T10:49	86.04639	120.57118	0.410	325.8
2019-11-25T10:59	86.04731	120.56193	0.405	325.5
2019-11-25T11:09	86.04823	120.55273	0.403	325.5
2019-11-25T11:19	86.04915	120.54363	0.398	325.5
2019-11-25T11:29	86.05006	120.53468	0.396	325.9
2019-11-25T11:39	86.05096	120.52575	0.394	325.8
2019-11-25T11:49	86.05186	120.51689	0.392	325.9
2019-11-25T11:59	86.05276	120.50809	0.389	325.9
2019-11-25T12:09	86.05364	120.49933	0.384	325.6
2019-11-25T12:19	86.05450	120.49075	0.377	325.7
2019-11-25T12:29	86.05537	120.48200	0.381	325.3
2019-11-25T12:39	86.05622	120.47349	0.371	325.4
2019-11-25T12:49	86.05709	120.46512	0.375	326.4
2019-11-25T12:59	86.05796	120.45678	0.377	326.8
2019-11-25T13:09	86.05881	120.44843	0.370	326.0
2019-11-25T13:19	86.05967	120.44017	0.370	326.5
2019-11-25T13:29	86.06051	120.43197	0.365	326.3
2019-11-25T13:39	86.06136	120.42381	0.364	326.4
2019-11-25T13:49	86.06220	120.41569	0.363	326.4
2019-11-25T13:59	86.06303	120.40750	0.362	326.0
2019-11-25T14:09	86.06385	120.39932	0.358	325.6
2019-11-25T14:19	86.06467	120.39125	0.356	325.9
2019-11-25T14:29	86.06548	120.38324	0.353	325.9
2019-11-25T14:39	86.06630	120.37523	0.353	326.0
2019-11-25T14:49	86.06710	120.36729	0.350	326.0
2019-11-25T14:59	86.06791	120.35939	0.350	326.2
2019-11-25T15:09	86.06872	120.35141	0.351	325.9
2019-11-25T15:19	86.06953	120.34325	0.357	325.6
2019-11-25T15:29	86.07029	120.33581	0.327	325.9
2019-11-25T15:39	86.07106	120.32788	0.341	325.0
2019-11-25T15:49	86.07183	120.31985	0.340	324.4
2019-11-25T15:59	86.07262	120.31199	0.344	325.7
2019-11-25T16:09	86.07338	120.30394	0.337	324.0
2019-11-25T16:19	86.07414	120.29580	0.340	323.8
2019-11-25T16:29	86.07490	120.28766	0.341	324.0
2019-11-25T16:39	86.07566	120.27951	0.339	323.6
2019-11-25T16:49	86.07641	120.27131	0.338	323.3
2019-11-25T16:59	86.07716	120.26302	0.337	322.6
2019-11-25T17:09	86.07789	120.25463	0.336	322.1
2019-11-25T17:19	86.07863	120.24617	0.337	321.8
2019-11-25T17:29	86.07936	120.23765	0.335	321.3
2019-11-25T17:39	86.08008	120.22906	0.335	320.8
2019-11-25T17:49	86.08081	120.22051	0.336	321.3
2019-11-25T17:59	86.08153	120.21181	0.338	320.7
2019-11-25T18:09	86.08224	120.20302	0.333	319.5
2019-11-25T18:19	86.08293	120.19407	0.332	318.4
2019-11-25T18:29	86.08361	120.18513	0.331	318.4
2019-11-25T18:39	86.08430	120.17604	0.332	317.7
2019-11-25T18:49	86.08498	120.16687	0.333	317.4
2019-11-25T18:59	86.08563	120.15759	0.328	315.9
2019-11-25T19:09	86.08627	120.14821	0.326	315.0
2019-11-25T19:19	86.08691	120.13874	0.327	314.6
2019-11-25T19:29	86.08753	120.12911	0.327	313.6
2019-11-25T19:39	86.08818	120.11948	0.331	314.4
2019-11-25T19:49	86.08882	120.10984	0.332	314.4
2019-11-25T19:59	86.08947	120.10019	0.331	314.4
2019-11-25T20:09	86.09008	120.09033	0.329	312.6
2019-11-25T20:19	86.09070	120.08046	0.329	312.5
2019-11-25T20:29	86.09132	120.07039	0.332	311.9
2019-11-25T20:39	86.09193	120.06032	0.332	311.9
2019-11-25T20:49	86.09255	120.05024	0.332	311.9
2019-11-25T20:59	86.09316	120.04011	0.333	311.7
2019-11-25T21:09	86.09377	120.02992	0.332	311.2
2019-11-25T21:19	86.09438	120.01971	0.333	311.3
2019-11-25T21:29	86.09498	120.00943	0.332	310.6
2019-11-25T21:39	86.09559	119.99912	0.335	311.0
2019-11-25T21:49	86.09620	119.98885	0.334	311.1
2019-11-25T21:59	86.09680	119.97863	0.333	311.1
2019-11-25T22:09	86.09740	119.96828	0.333	310.4
2019-11-25T22:19	86.09799	119.95801	0.330	310.2
2019-11-25T22:29	86.09857	119.94764	0.329	309.4
2019-11-25T22:39	86.09915	119.93715	0.329	308.7
2019-11-25T22:49	86.09971	119.92668	0.328	308.6
2019-11-25T22:59	86.10027	119.91625	0.324	308.0
2019-11-25T23:09	86.10083	119.90583	0.326	308.4
2019-11-25T23:19	86.10140	119.89565	0.322	309.2
2019-11-25T23:29	86.10196	119.88558	0.320	309.6
2019-11-25T23:39	86.10252	119.87542	0.318	308.7
2019-11-25T23:49	86.10303	119.86522	0.312	306.8
2019-11-25T23:59	86.10358	119.85507	0.316	308.1
2019-11-26T00:09	86.10408	119.84465	0.312	305.2
2019-11-26T00:19	86.10457	119.83435	0.309	305.3
2019-11-26T00:29	86.10507	119.82427	0.304	305.9
2019-11-26T00:39	86.10556	119.81393	0.308	304.9
2019-11-26T00:49	86.10603	119.80343	0.309	303.8
2019-11-26T00:59	86.10651	119.79289	0.309	303.5
2019-11-26T01:09	86.10698	119.78221	0.311	303.0
2019-11-26T01:19	86.10749	119.77192	0.312	306.1
2019-11-26T01:29	86.10800	119.76165	0.312	306.4
2019-11-26T01:39	86.10851	119.75150	0.310	306.8
2019-11-26T01:49	86.10902	119.74132	0.307	306.0
2019-11-26T01:59	86.10948	119.73094	0.305	303.6
2019-11-26T02:09	86.10992	119.72046	0.300	301.4
2019-11-26T02:19	86.11035	119.70998	0.300	301.4
2019-11-26T02:29	86.11080	119.69980	0.297	303.2
2019-11-26T02:39	86.11127	119.68974	0.296	304.1
2019-11-26T02:49	86.11172	119.67961	0.296	303.4
2019-11-26T02:59	86.11217	119.66966	0.292	303.6
2019-11-26T03:09	86.11261	119.65969	0.292	303.4
2019-11-26T03:19	86.11305	119.64966	0.291	302.7
2019-11-26T03:29	86.11348	119.63965	0.289	302.3
2019-11-26T03:39	86.11389	119.62969	0.285	301.5
2019-11-26T03:49	86.11430	119.61978	0.284	301.6
2019-11-26T03:59	86.11472	119.60985	0.285	301.7
2019-11-26T04:09	86.11512	119.59978	0.285	300.5
2019-11-26T04:19	86.11548	119.58943	0.284	297.1
2019-11-26T04:29	86.11584	119.57920	0.281	297.5
2019-11-26T04:39	86.11619	119.56892	0.280	296.6
2019-11-26T04:49	86.11653	119.55839	0.285	295.4
2019-11-26T04:59	86.11686	119.54799	0.281	295.4
2019-11-26T05:09	86.11722	119.53724	0.292	296.2
2019-11-26T05:19	86.11756	119.52713	0.275	296.5
2019-11-26T05:29	86.11792	119.51682	0.282	297.0
2019-11-26T05:39	86.11826	119.50630	0.285	295.8
2019-11-26T05:49	86.11858	119.49566	0.284	293.9
2019-11-26T05:59	86.11889	119.48477	0.287	292.5
2019-11-26T06:09	86.11919	119.47412	0.282	292.8
2019-11-26T06:19	86.11948	119.46319	0.286	291.6
2019-11-26T06:29	86.11977	119.45244	0.282	291.9
2019-11-26T06:39	86.12007	119.44165	0.284	292.3
2019-11-26T06:49	86.12037	119.43076	0.285	291.6
2019-11-26T06:59	86.12067	119.42006	0.283	293.0
2019-11-26T07:09	86.12099	119.40929	0.286	293.5
2019-11-26T07:19	86.12128	119.39844	0.285	291.9
2019-11-26T07:29	86.12159	119.38776	0.282	292.7
2019-11-26T07:39	86.12189	119.37708	0.282	292.6
2019-11-26T07:49	86.12218	119.36636	0.281	291.9
2019-11-26T07:59	86.12246	119.35567	0.280	291.4
2019-11-26T08:09	86.12273	119.34490	0.279	290.1
2019-11-26T08:19	86.12297	119.33406	0.278	288.4
2019-11-26T08:29	86.12320	119.32315	0.279	287.6
2019-11-26T08:39	86.12343	119.31223	0.278	287.0
2019-11-26T08:49	86.12365	119.30130	0.278	286.8
2019-11-26T08:59	86.12388	119.29042	0.277	287.0
2019-11-26T09:09	86.12413	119.27963	0.278	289.0
2019-11-26T09:19	86.12438	119.26887	0.277	289.1
2019-11-26T09:29	86.12462	119.25803	0.278	288.3
2019-11-26T09:39	86.12487	119.24722	0.277	288.5
2019-11-26T09:49	86.12511	119.23639	0.278	288.3
2019-11-26T09:59	86.12536	119.22553	0.279	288.6
2019-11-26T10:09	86.12561	119.21490	0.274	289.4
2019-11-26T10:19	86.12589	119.20421	0.280	291.6
2019-11-26T10:29	86.12618	119.19353	0.279	291.5
2019-11-26T10:39	86.12645	119.18284	0.278	290.5
2019-11-26T10:49	86.12671	119.17209	0.278	289.9
2019-11-26T10:59	86.12697	119.16134	0.277	289.2
2019-11-26T11:09	86.12720	119.15061	0.275	288.2
2019-11-26T11:19	86.12746	119.14004	0.273	289.7
2019-11-26T11:29	86.12771	119.12948	0.272	289.6
2019-11-26T11:39	86.12798	119.11890	0.274	290.1
2019-11-26T11:49	86.12821	119.10843	0.269	288.5
2019-11-26T11:59	86.12844	119.09794	0.268	288.2
2019-11-26T12:09	86.12865	119.08762	0.261	286.2
2019-11-26T12:19	86.12888	119.07706	0.270	288.1
2019-11-26T12:29	86.12911	119.06693	0.260	288.6
2019-11-26T12:39	86.12931	119.05681	0.257	286.6
2019-11-26T12:49	86.12956	119.04683	0.258	289.7
2019-11-26T12:59	86.12976	119.03652	0.261	286.4
2019-11-26T13:09	86.12997	119.02631	0.259	286.9
2019-11-26T13:19	86.13021	119.01639	0.256	289.6
2019-11-26T13:29	86.13046	119.00684	0.250	291.6
2019-11-26T13:39	86.13073	118.99736	0.249	292.4
2019-11-26T13:49	86.13094	118.98749	0.252	287.9
2019-11-26T13:59	86.13116	118.97757	0.254	288.1
2019-11-26T14:09	86.13138	118.96750	0.258	288.1
2019-11-26T14:19	86.13159	118.95763	0.251	287.2
2019-11-26T14:29	86.13182	118.94799	0.249	289.6
2019-11-26T14:39	86.13204	118.93845	0.244	288.5
2019-11-26T14:49	86.13220	118.92850	0.249	284.1
2019-11-26T14:59	86.13236	118.91831	0.254	282.4
2019-11-26T15:09	86.13250	118.90833	0.248	282.2
2019-11-26T15:19	86.13264	118.89845	0.245	281.9
2019-11-26T15:29	86.13282	118.88878	0.243	285.2
2019-11-26T15:39	86.13301	118.87920	0.243	286.9
2019-11-26T15:49	86.13323	118.86951	0.248	288.3
2019-11-26T15:59	86.13344	118.86002	0.243	288.4
2019-11-26T16:09	86.13366	118.85058	0.242	288.9
2019-11-26T16:19	86.13384	118.84099	0.242	285.6
2019-11-26T16:29	86.13408	118.83141	0.248	290.1
2019-11-26T16:39	86.13424	118.82191	0.238	283.9
2019-11-26T16:49	86.13437	118.81257	0.232	282.3
2019-11-26T16:59	86.13458	118.80368	0.228	289.0
2019-11-26T17:09	86.13477	118.79504	0.221	288.1
2019-11-26T17:19	86.13496	118.78629	0.223	287.7
2019-11-26T17:29	86.13511	118.77707	0.230	283.9
2019-11-26T17:39	86.13536	118.76914	0.212	294.8
2019-11-26T17:49	86.13561	118.76135	0.210	295.8
2019-11-26T17:59	86.13587	118.75358	0.209	295.6
2019-11-26T18:09	86.13612	118.74575	0.211	295.7
2019-11-26T18:19	86.13638	118.73782	0.213	295.6
2019-11-26T18:29	86.13664	118.72989	0.214	295.9
2019-11-26T18:39	86.13689	118.72171	0.219	294.9
2019-11-26T18:49	86.13713	118.71346	0.218	293.6
2019-11-26T18:59	86.13738	118.70544	0.213	294.2
2019-11-26T19:09	86.13762	118.69739	0.214	294.1
2019-11-26T19:19	86.13785	118.68930	0.213	293.4
2019-11-26T19:29	86.13809	118.68111	0.217	293.4
2019-11-26T19:39	86.13832	118.67272	0.219	291.7
2019-11-26T19:49	86.13854	118.66437	0.218	291.7
2019-11-26T19:59	86.13878	118.65596	0.221	292.5
2019-11-26T20:09	86.13902	118.64753	0.223	293.3
2019-11-26T20:19	86.13926	118.63917	0.221	293.4
2019-11-26T20:29	86.13950	118.63073	0.222	293.0
2019-11-26T20:39	86.13975	118.62230	0.222	293.1
2019-11-26T20:49	86.14001	118.61392	0.224	294.8
2019-11-26T20:59	86.14026	118.60549	0.224	294.1
2019-11-26T21:09	86.14051	118.59706	0.223	293.7
2019-11-26T21:19	86.14076	118.58866	0.222	293.7
2019-11-26T21:29	86.14101	118.58013	0.225	293.3
2019-11-26T21:39	86.14126	118.57154	0.227	293.4
2019-11-26T21:49	86.14150	118.56295	0.226	293.0
2019-11-26T21:59	86.14175	118.55438	0.226	293.4
2019-11-26T22:09	86.14200	118.54578	0.226	293.1
2019-11-26T22:19	86.14224	118.53722	0.225	292.7
2019-11-26T22:29	86.14248	118.52858	0.227	292.6
2019-11-26T22:39	86.14272	118.52003	0.225	293.0
2019-11-26T22:49	86.14297	118.51150	0.225	293.5
2019-11-26T22:59	86.14322	118.50301	0.224	293.7
2019-11-26T23:09	86.14346	118.49453	0.223	292.7
2019-11-26T23:19	86.14371	118.48598	0.225	293.4
2019-11-26T23:29	86.14396	118.47751	0.224	293.7
2019-11-26T23:39	86.14421	118.46904	0.224	293.7
2019-11-26T23:49	86.14446	118.46054	0.224	293.5
2019-11-26T23:59	86.14472	118.45213	0.223	294.3
2019-11-27T00:09	86.14497	118.44382	0.222	294.8
2019-11-27T00:19	86.14523	118.43558	0.220	294.7
2019-11-27T00:29	86.14547	118.42760	0.213	294.6
2019-11-27T00:39	86.14572	118.41946	0.216	294.2
2019-11-27T00:49	86.14595	118.41146	0.211	293.5
2019-11-27T00:59	86.14618	118.40356	0.208	293.3
2019-11-27T01:09	86.14641	118.39564	0.209	293.3
2019-11-27T01:19	86.14664	118.38781	0.207	293.5
2019-11-27T01:29	86.14686	118.38009	0.203	292.8
2019-11-27T01:39	86.14708	118.37261	0.197	293.5
2019-11-27T01:49	86.14730	118.36509	0.198	293.4
2019-11-27T01:59	86.14752	118.35760	0.198	293.5
2019-11-27T02:09	86.14773	118.35021	0.195	293.5
2019-11-27T02:19	86.14793	118.34289	0.192	292.5
2019-11-27T02:29	86.14814	118.33559	0.191	292.6
2019-11-27T02:39	86.14835	118.32845	0.189	293.9
2019-11-27T02:49	86.14855	118.32142	0.185	293.2
2019-11-27T02:59	86.14876	118.31442	0.185	293.6
2019-11-27T03:09	86.14897	118.30736	0.186	293.7
2019-11-27T03:19	86.14918	118.30028	0.187	293.7
2019-11-27T03:29	86.14938	118.29328	0.184	293.1
2019-11-27T03:39	86.14958	118.28632	0.183	293.3
2019-11-27T03:49	86.14979	118.27935	0.184	294.0
2019-11-27T03:59	86.15000	118.27243	0.184	294.4
2019-11-27T04:09	86.15020	118.26551	0.183	293.7
2019-11-27T04:19	86.15042	118.25861	0.184	294.9
2019-11-27T04:29	86.15061	118.25190	0.176	292.9
2019-11-27T04:39	86.15080	118.24509	0.179	293.3
2019-11-27T04:49	86.15099	118.23829	0.178	292.3
2019-11-27T04:59	86.15119	118.23149	0.179	293.2
2019-11-27T05:09	86.15138	118.22461	0.180	292.9
2019-11-27T05:19	86.15158	118.21784	0.179	294.2
2019-11-27T05:29	86.15178	118.21128	0.174	294.1
2019-11-27T05:39	86.15198	118.20464	0.175	293.8
2019-11-27T05:49	86.15218	118.19791	0.178	293.8
2019-11-27T05:59	86.15237	118.19106	0.180	292.9
2019-11-27T06:09	86.15257	118.18443	0.175	293.7
2019-11-27T06:19	86.15276	118.17757	0.180	293.3
2019-11-27T06:29	86.15297	118.17080	0.179	294.1
2019-11-27T06:39	86.15316	118.16384	0.182	292.8
2019-11-27T06:49	86.15336	118.15676	0.185	292.2
2019-11-27T06:59	86.15355	118.14985	0.180	292.0
2019-11-27T07:09	86.15374	118.14281	0.184	292.3
2019-11-27T07:19	86.15392	118.13571	0.183	290.4
2019-11-27T07:29	86.15410	118.12864	0.184	291.5
2019-11-27T07:39	86.15429	118.12170	0.180	291.5
2019-11-27T07:49	86.15448	118.11464	0.184	292.1
2019-11-27T07:59	86.15468	118.10720	0.194	292.4
2019-11-27T08:09	86.15488	118.09984	0.192	292.0
2019-11-27T08:19	86.15508	118.09234	0.194	291.4
2019-11-27T08:29	86.15528	118.08478	0.197	291.9
2019-11-27T08:39	86.15551	118.07708	0.203	293.5
2019-11-27T08:49	86.15574	118.06939	0.203	293.9
2019-11-27T08:59	86.15598	118.06145	0.211	294.5
2019-11-27T09:09	86.15623	118.05341	0.214	295.2
2019-11-27T09:19	86.15649	118.04518	0.220	295.3
2019-11-27T09:29	86.15674	118.03699	0.217	294.5
2019-11-27T09:39	86.15695	118.02916	0.203	291.5
2019-11-27T09:49	86.15714	118.02122	0.204	289.9
2019-11-27T09:59	86.15734	118.01311	0.209	290.2
2019-11-27T10:09	86.15754	118.00481	0.213	289.7
2019-11-27T10:19	86.15774	117.99650	0.213	289.7
2019-11-27T10:29	86.15794	117.98808	0.216	289.7
2019-11-27T10:39	86.15814	117.97963	0.216	289.2
2019-11-27T10:49	86.15835	117.97111	0.219	290.1
2019-11-27T10:59	86.15854	117.96265	0.216	288.9
2019-11-27T11:09	86.15874	117.95384	0.224	288.4
2019-11-27T11:19	86.15894	117.94513	0.222	289.1
2019-11-27T11:29	86.15915	117.93646	0.222	289.3
2019-11-27T11:39	86.15932	117.92799	0.214	287.1
2019-11-27T11:49	86.15951	117.91923	0.222	287.6
2019-11-27T11:59	86.15970	117.91024	0.228	287.7
2019-11-27T12:09	86.15989	117.90121	0.229	287.9
2019-11-27T12:19	86.16010	117.89208	0.233	288.8
2019-11-27T12:29	86.16027	117.88321	0.223	286.0
2019-11-27T12:39	86.16045	117.87409	0.229	286.1
2019-11-27T12:49	86.16062	117.86510	0.225	285.5
2019-11-27T12:59	86.16080	117.85596	0.230	287.0
2019-11-27T13:09	86.16101	117.84684	0.232	288.9
2019-11-27T13:19	86.16119	117.83758	0.232	286.2
2019-11-27T13:29	86.16136	117.82831	0.232	285.6
2019-11-27T13:39	86.16152	117.81911	0.228	283.9
2019-11-27T13:49	86.16168	117.80995	0.228	284.6
2019-11-27T13:59	86.16185	117.80090	0.227	285.9
2019-11-27T14:09	86.16201	117.79215	0.219	285.4
2019-11-27T14:19	86.16216	117.78354	0.214	284.6
2019-11-27T14:29	86.16230	117.77496	0.213	284.0
2019-11-27T14:39	86.16242	117.76649	0.209	282.1
2019-11-27T14:49	86.16255	117.75810	0.207	282.4
2019-11-27T14:59	86.16267	117.74992	0.202	282.5
2019-11-27T15:09	86.16281	117.74215	0.194	285.3
2019-11-27T15:19	86.16294	117.73450	0.190	283.8
2019-11-27T15:29	86.16306	117.72680	0.191	283.7
2019-11-27T15:39	86.16315	117.71879	0.196	279.7
2019-11-27T15:49	86.16327	117.71117	0.189	283.2
2019-11-27T15:59	86.16337	117.70384	0.180	281.3
2019-11-27T16:09	86.16350	117.69631	0.187	284.3
2019-11-27T16:19	86.16361	117.68874	0.187	282.5
2019-11-27T16:29	86.16374	117.68130	0.185	284.0
2019-11-27T16:39	86.16383	117.67384	0.183	280.5
2019-11-27T16:49	86.16395	117.66680	0.176	284.9
2019-11-27T16:59	86.16404	117.66010	0.164	280.5
2019-11-27T17:09	86.16412	117.65359	0.160	281.1
2019-11-27T17:19	86.16421	117.64695	0.163	280.7
2019-11-27T17:29	86.16431	117.64015	0.168	282.6
2019-11-27T17:39	86.16441	117.63331	0.169	283.2
2019-11-27T17:49	86.16452	117.62621	0.175	283.0
2019-11-27T17:59	86.16462	117.61923	0.172	281.9
2019-11-27T18:09	86.16473	117.61189	0.181	282.0
2019-11-27T18:19	86.16482	117.60474	0.175	280.9
2019-11-27T18:29	86.16491	117.59750	0.177	281.0
2019-11-27T18:39	86.16499	117.59022	0.178	279.4
2019-11-27T18:49	86.16507	117.58287	0.179	279.3
2019-11-27T18:59	86.16517	117.57533	0.185	280.7
2019-11-27T19:09	86.16528	117.56787	0.184	282.4
2019-11-27T19:19	86.16535	117.56036	0.183	278.2
2019-11-27T19:29	86.16543	117.55260	0.189	278.9
2019-11-27T19:39	86.16552	117.54469	0.193	279.5
2019-11-27T19:49	86.16563	117.53671	0.196	281.7
2019-11-27T19:59	86.16576	117.52837	0.206	282.7
2019-11-27T20:09	86.16590	117.51999	0.208	284.5
2019-11-27T20:19	86.16605	117.51156	0.210	284.8
2019-11-27T20:29	86.16619	117.50303	0.211	283.9
2019-11-27T20:39	86.16632	117.49472	0.205	283.1
2019-11-27T20:49	86.16645	117.48641	0.205	282.9
2019-11-27T20:59	86.16658	117.47783	0.212	283.5
2019-11-27T21:09	86.16671	117.46914	0.214	282.6
2019-11-27T21:19	86.16683	117.46037	0.215	280.8
2019-11-27T21:29	86.16694	117.45147	0.218	280.6
2019-11-27T21:39	86.16706	117.44266	0.216	281.3
2019-11-27T21:49	86.16717	117.43376	0.218	280.5
2019-11-27T21:59	86.16728	117.42489	0.217	280.5
2019-11-27T22:09	86.16738	117.41606	0.216	280.1
2019-11-27T22:19	86.16747	117.40726	0.214	278.8
2019-11-27T22:29	86.16756	117.39847	0.214	278.3
2019-11-27T22:39	86.16765	117.38967	0.214	278.9
2019-11-27T22:49	86.16774	117.38079	0.216	278.9
2019-11-27T22:59	86.16784	117.37183	0.218	278.7
2019-11-27T23:09	86.16791	117.36288	0.217	277.5
2019-11-27T23:19	86.16798	117.35394	0.216	276.6
2019-11-27T23:29	86.16804	117.34498	0.217	275.8
2019-11-27T23:39	86.16811	117.33595	0.218	275.9
2019-11-27T23:49	86.16815	117.32683	0.220	274.4
2019-11-27T23:59	86.16818	117.31765	0.221	272.7
2019-11-28T00:09	86.16821	117.30861	0.218	272.8
2019-11-28T00:19	86.16822	117.29951	0.219	271.0
2019-11-28T00:29	86.16823	117.29039	0.220	270.5
2019-11-28T00:39	86.16822	117.28120	0.221	269.7
2019-11-28T00:49	86.16821	117.27191	0.224	269.1
2019-11-28T00:59	86.16818	117.26244	0.228	267.4
2019-11-28T01:09	86.16815	117.25314	0.224	267.1
2019-11-28T01:19	86.16811	117.24375	0.226	266.3
2019-11-28T01:29	86.16808	117.23465	0.219	266.4
2019-11-28T01:39	86.16803	117.22551	0.221	265.7
2019-11-28T01:49	86.16798	117.21644	0.219	265.7
2019-11-28T01:59	86.16793	117.20738	0.219	265.0
2019-11-28T02:09	86.16787	117.19829	0.220	264.1
2019-11-28T02:19	86.16781	117.18943	0.214	264.7
2019-11-28T02:29	86.16774	117.18054	0.215	263.4
2019-11-28T02:39	86.16767	117.17156	0.218	263.3
2019-11-28T02:49	86.16760	117.16275	0.213	263.2
2019-11-28T02:59	86.16753	117.15392	0.214	262.6
2019-11-28T03:09	86.16745	117.14505	0.215	262.7
2019-11-28T03:19	86.16737	117.13627	0.213	262.5
2019-11-28T03:29	86.16729	117.12755	0.212	261.9
2019-11-28T03:39	86.16720	117.11887	0.211	261.3
2019-11-28T03:49	86.16710	117.11011	0.214	260.6
2019-11-28T03:59	86.16700	117.10098	0.223	260.6
2019-11-28T04:09	86.16690	117.09205	0.218	260.2
2019-11-28T04:19	86.16679	117.08315	0.218	259.8
2019-11-28T04:29	86.16668	117.07425	0.218	259.6
2019-11-28T04:39	86.16655	117.06519	0.223	257.6
2019-11-28T04:49	86.16643	117.05641	0.216	258.0
2019-11-28T04:59	86.16631	117.04776	0.213	258.5
2019-11-28T05:09	86.16618	117.03904	0.215	257.2
2019-11-28T05:19	86.16603	117.03008	0.222	256.3
2019-11-28T05:29	86.16589	117.02130	0.217	256.6
2019-11-28T05:39	86.16574	117.01244	0.220	255.9
2019-11-28T05:49	86.16557	117.00338	0.227	253.9
2019-11-28T05:59	86.16537	116.99406	0.235	252.6
2019-11-28T06:09	86.16518	116.98468	0.236	252.9
2019-11-28T06:19	86.16501	116.97595	0.219	254.3
2019-11-28T06:29	86.16482	116.96659	0.236	253.0
2019-11-28T06:39	86.16461	116.95719	0.239	251.7
2019-11-28T06:49	86.16441	116.94787	0.236	252.1
2019-11-28T06:59	86.16421	116.93875	0.231	252.0
2019-11-28T07:09	86.16400	116.92929	0.240	251.7
2019-11-28T07:19	86.16379	116.91989	0.239	251.2
2019-11-28T07:29	86.16356	116.91036	0.244	250.4
2019-11-28T07:39	86.16334	116.90036	0.254	251.4
2019-11-28T07:49	86.16312	116.89082	0.243	250.9
2019-11-28T07:59	86.16290	116.88056	0.259	252.4
2019-11-28T08:09	86.16266	116.86976	0.274	251.8
2019-11-28T08:19	86.16243	116.85912	0.269	252.0
2019-11-28T08:29	86.16220	116.84875	0.263	252.1
2019-11-28T08:39	86.16199	116.83806	0.269	253.1
2019-11-28T08:49	86.16177	116.82747	0.267	252.6
2019-11-28T08:59	86.16154	116.81677	0.270	252.8
2019-11-28T09:09	86.16133	116.80602	0.271	253.1
2019-11-28T09:19	86.16113	116.79552	0.263	254.4
2019-11-28T09:29	86.16094	116.78496	0.263	255.1
2019-11-28T09:39	86.16075	116.77409	0.271	255.6
2019-11-28T09:49	86.16056	116.76337	0.268	254.9
2019-11-28T09:59	86.16037	116.75297	0.260	254.7
2019-11-28T10:09	86.16017	116.74235	0.266	254.5
2019-11-28T10:19	86.15999	116.73154	0.269	255.7
2019-11-28T10:29	86.15980	116.72057	0.273	255.4
2019-11-28T10:39	86.15959	116.70945	0.278	254.5
2019-11-28T10:49	86.15938	116.69833	0.278	254.5
2019-11-28T10:59	86.15918	116.68718	0.279	254.9
2019-11-28T11:09	86.15899	116.67610	0.276	255.4
2019-11-28T11:19	86.15876	116.66350	0.314	255.3
2019-11-28T11:29	86.15854	116.65077	0.317	255.5
2019-11-28T11:39	86.15833	116.63787	0.321	255.8
2019-11-28T11:49	86.15811	116.62487	0.323	256.0
2019-11-28T11:59	86.15788	116.61325	0.292	253.6
2019-11-28T12:09	86.15763	116.60062	0.317	253.8
2019-11-28T12:19	86.15739	116.58700	0.340	255.2
2019-11-28T12:29	86.15712	116.57318	0.347	253.8
2019-11-28T12:39	86.15686	116.55880	0.360	254.6
2019-11-28T12:49	86.15660	116.54536	0.337	254.4
2019-11-28T12:59	86.15634	116.53164	0.344	254.0
2019-11-28T13:09	86.15606	116.51783	0.348	253.2
2019-11-28T13:19	86.15576	116.50404	0.350	251.8
2019-11-28T13:29	86.15546	116.49019	0.351	252.3
2019-11-28T13:39	86.15515	116.47620	0.356	251.5
2019-11-28T13:49	86.15484	116.46234	0.352	251.9
2019-11-28T13:59	86.15454	116.44678	0.392	253.7
2019-11-28T14:09	86.15422	116.43120	0.393	253.3
2019-11-28T14:19	86.15390	116.41593	0.387	252.3
2019-11-28T14:29	86.15357	116.40095	0.381	251.9
2019-11-28T14:39	86.15325	116.38602	0.379	252.3
2019-11-28T14:49	86.15292	116.37118	0.377	251.7
2019-11-28T14:59	86.15258	116.35625	0.380	251.4
2019-11-28T15:09	86.15222	116.34118	0.387	250.5
2019-11-28T15:19	86.15184	116.32664	0.377	248.6
2019-11-28T15:29	86.15147	116.31233	0.371	248.7
2019-11-28T15:39	86.15110	116.29778	0.376	249.3
2019-11-28T15:49	86.15070	116.28336	0.376	247.9
2019-11-28T15:59	86.15027	116.26809	0.401	247.0
2019-11-28T16:09	86.14984	116.25320	0.391	246.9
2019-11-28T16:19	86.14943	116.23930	0.368	246.1
2019-11-28T16:29	86.14901	116.22478	0.382	246.9
2019-11-28T16:39	86.14859	116.21004	0.388	246.8
2019-11-28T16:49	86.14818	116.19571	0.377	246.9
2019-11-28T16:59	86.14778	116.18139	0.375	247.6
2019-11-28T17:09	86.14737	116.16637	0.393	247.8
2019-11-28T17:19	86.14693	116.15003	0.425	248.3
2019-11-28T17:29	86.14650	116.13323	0.435	249.2
2019-11-28T17:39	86.14608	116.11593	0.445	250.2
2019-11-28T17:49	86.14568	116.09881	0.439	250.6
2019-11-28T17:59	86.14527	116.08166	0.441	250.4
2019-11-28T18:09	86.14485	116.06431	0.445	250.5
2019-11-28T18:19	86.14442	116.04685	0.450	250.0
2019-11-28T18:29	86.14402	116.03004	0.432	250.3
2019-11-28T18:39	86.14361	116.01345	0.428	249.9
2019-11-28T18:49	86.14320	115.99690	0.428	249.6
2019-11-28T18:59	86.14279	115.97960	0.444	250.7
2019-11-28T19:09	86.14242	115.96299	0.424	251.5
2019-11-28T19:19	86.14203	115.94600	0.434	251.3
2019-11-28T19:29	86.14164	115.92858	0.445	251.6
2019-11-28T19:39	86.14127	115.91156	0.434	252.0
2019-11-28T19:49	86.14090	115.89436	0.437	252.6
2019-11-28T19:59	86.14053	115.87718	0.437	252.2
2019-11-28T20:09	86.14016	115.85994	0.439	252.3
2019-11-28T20:19	86.13979	115.84247	0.444	252.5
2019-11-28T20:29	86.13942	115.82494	0.445	252.5
2019-11-28T20:39	86.13905	115.80740	0.445	252.9
2019-11-28T20:49	86.13869	115.78975	0.448	253.0
2019-11-28T20:59	86.13833	115.77195	0.451	253.3
2019-11-28T21:09	86.13797	115.75421	0.449	253.4
2019-11-28T21:19	86.13762	115.73651	0.447	253.7
2019-11-28T21:29	86.13727	115.71873	0.449	253.7
2019-11-28T21:39	86.13692	115.70106	0.447	253.6
2019-11-28T21:49	86.13658	115.68336	0.447	254.0
2019-11-28T21:59	86.13625	115.66567	0.446	254.3
2019-11-28T22:09	86.13590	115.64798	0.447	253.8
2019-11-28T22:19	86.13556	115.63051	0.441	254.0
2019-11-28T22:29	86.13523	115.61290	0.444	254.2
2019-11-28T22:39	86.13489	115.59502	0.450	254.6
2019-11-28T22:49	86.13455	115.57734	0.447	253.9
2019-11-28T22:59	86.13420	115.55972	0.445	253.8
2019-11-28T23:09	86.13385	115.54233	0.441	253.4
2019-11-28T23:19	86.13351	115.52491	0.441	253.6
2019-11-28T23:29	86.13315	115.50741	0.444	253.3
2019-11-28T23:39	86.13280	115.49001	0.441	253.2
2019-11-28T23:49	86.13243	115.47265	0.442	252.6
2019-11-28T23:59	86.13207	115.45524	0.442	252.9
2019-11-29T00:09	86.13170	115.43787	0.443	252.4
2019-11-29T00:19	86.13133	115.42056	0.441	252.6
2019-11-29T00:29	86.13096	115.40327	0.441	252.2
2019-11-29T00:39	86.13058	115.38597	0.441	252.2
2019-11-29T00:49	86.13020	115.36866	0.443	251.7
2019-11-29T00:59	86.12982	115.35139	0.442	251.8
2019-11-29T01:09	86.12942	115.33414	0.442	251.5
2019-11-29T01:19	86.12903	115.31683	0.444	251.2
2019-11-29T01:29	86.12863	115.29960	0.442	251.4
2019-11-29T01:39	86.12824	115.28228	0.445	251.3
2019-11-29T01:49	86.12782	115.26456	0.456	250.7
2019-11-29T01:59	86.12743	115.24777	0.432	251.0
2019-11-29T02:09	86.12701	115.23052	0.446	250.3
2019-11-29T02:19	86.12660	115.21336	0.442	250.6
2019-11-29T02:29	86.12619	115.19610	0.446	250.3
2019-11-29T02:39	86.12577	115.17881	0.447	250.3
2019-11-29T02:49	86.12535	115.16153	0.447	250.2
2019-11-29T02:59	86.12493	115.14420	0.448	250.3
2019-11-29T03:09	86.12451	115.12676	0.451	250.4
2019-11-29T03:19	86.12408	115.10933	0.451	250.1
2019-11-29T03:29	86.12365	115.09177	0.454	250.1
2019-11-29T03:39	86.12323	115.07426	0.453	250.3
2019-11-29T03:49	86.12280	115.05670	0.454	250.4
2019-11-29T03:59	86.12237	115.03905	0.457	250.3
2019-11-29T04:09	86.12195	115.02138	0.457	250.4
2019-11-29T04:19	86.12153	115.00367	0.457	250.6
2019-11-29T04:29	86.12111	114.98593	0.458	250.8
2019-11-29T04:39	86.12070	114.96822	0.456	251.1
2019-11-29T04:49	86.12028	114.95052	0.457	250.8
2019-11-29T04:59	86.11988	114.93263	0.460	251.5
2019-11-29T05:09	86.11947	114.91498	0.454	251.3
2019-11-29T05:19	86.11908	114.89726	0.455	251.8
2019-11-29T05:29	86.11868	114.87948	0.456	251.9
2019-11-29T05:39	86.11829	114.86179	0.454	251.8
2019-11-29T05:49	86.11789	114.84412	0.454	251.6
2019-11-29T05:59	86.11751	114.82644	0.452	252.3
2019-11-29T06:09	86.11713	114.80872	0.453	252.6
2019-11-29T06:19	86.11677	114.79102	0.451	253.1
2019-11-29T06:29	86.11642	114.77343	0.447	253.6
2019-11-29T06:39	86.11607	114.75572	0.449	254.0
2019-11-29T06:49	86.11574	114.73799	0.449	254.6
2019-11-29T06:59	86.11542	114.72038	0.445	254.8
2019-11-29T07:09	86.11510	114.70264	0.447	255.4
2019-11-29T07:19	86.11480	114.68500	0.444	255.9
2019-11-29T07:29	86.11451	114.66737	0.442	256.5
2019-11-29T07:39	86.11423	114.64984	0.439	256.8
2019-11-29T07:49	86.11396	114.63231	0.439	256.9
2019-11-29T07:59	86.11370	114.61493	0.434	257.7
2019-11-29T08:09	86.11345	114.59770	0.430	257.9
2019-11-29T08:19	86.11320	114.58046	0.430	258.1
2019-11-29T08:29	86.11297	114.56328	0.428	258.6
2019-11-29T08:39	86.11274	114.54612	0.427	258.6
2019-11-29T08:49	86.11251	114.52901	0.425	259.0
2019-11-29T08:59	86.11229	114.51205	0.422	259.0
2019-11-29T09:09	86.11206	114.49507	0.423	259.0
2019-11-29T09:19	86.11185	114.47814	0.421	259.3
2019-11-29T09:29	86.11163	114.46129	0.419	259.3
2019-11-29T09:39	86.11142	114.44436	0.420	259.7
2019-11-29T09:49	86.11121	114.42761	0.416	259.6
2019-11-29T09:59	86.11101	114.41091	0.414	259.9
2019-11-29T10:09	86.11081	114.39424	0.413	259.9
2019-11-29T10:19	86.11061	114.37768	0.411	260.0
2019-11-29T10:29	86.11041	114.36115	0.410	259.9
2019-11-29T10:39	86.11021	114.34465	0.409	260.0
2019-11-29T10:49	86.11002	114.32813	0.410	260.1
2019-11-29T10:59	86.10982	114.31164	0.409	260.2
2019-11-29T11:09	86.10964	114.29528	0.405	260.6
2019-11-29T11:19	86.10945	114.27896	0.405	260.3
2019-11-29T11:29	86.10927	114.26257	0.406	260.5
2019-11-29T11:39	86.10909	114.24621	0.405	260.8
2019-11-29T11:49	86.10891	114.22987	0.404	260.9
2019-11-29T11:59	86.10872	114.21361	0.403	260.5
2019-11-29T12:09	86.10854	114.19740	0.402	260.6
2019-11-29T12:19	86.10835	114.18136	0.398	260.3
2019-11-29T12:29	86.10816	114.16553	0.393	259.7
2019-11-29T12:39	86.10795	114.15010	0.384	258.9
2019-11-29T12:49	86.10774	114.13490	0.379	258.4
2019-11-29T12:59	86.10751	114.11990	0.376	256.9
2019-11-29T13:09	86.10727	114.10514	0.370	256.9
2019-11-29T13:19	86.10702	114.09062	0.367	255.5
2019-11-29T13:29	86.10675	114.07638	0.361	254.9
2019-11-29T13:39	86.10648	114.06225	0.359	254.0
2019-11-29T13:49	86.10619	114.04836	0.356	252.8
2019-11-29T13:59	86.10588	114.03477	0.351	251.4
2019-11-29T14:09	86.10555	114.02143	0.347	250.3
2019-11-29T14:19	86.10521	114.00842	0.341	248.8
2019-11-29T14:29	86.10484	113.99558	0.341	246.9
2019-11-29T14:39	86.10446	113.98314	0.333	246.0
2019-11-29T14:49	86.10408	113.97088	0.329	245.6
2019-11-29T14:59	86.10369	113.95867	0.330	245.0
2019-11-29T15:09	86.10329	113.94653	0.331	243.9
2019-11-29T15:19	86.10288	113.93460	0.328	242.9
2019-11-29T15:29	86.10245	113.92288	0.326	241.7
2019-11-29T15:39	86.10203	113.91089	0.330	242.8
2019-11-29T15:49	86.10160	113.89901	0.329	242.0
2019-11-29T15:59	86.10116	113.88718	0.330	241.3
2019-11-29T16:09	86.10071	113.87540	0.330	240.8
2019-11-29T16:19	86.10025	113.86390	0.327	239.6
2019-11-29T16:29	86.09980	113.85229	0.328	240.2
2019-11-29T16:39	86.09934	113.84074	0.328	239.7
2019-11-29T16:49	86.09888	113.82932	0.325	239.3
2019-11-29T16:59	86.09841	113.81810	0.322	238.5
2019-11-29T17:09	86.09793	113.80677	0.327	238.1
2019-11-29T17:19	86.09744	113.79566	0.325	237.0
2019-11-29T17:29	86.09695	113.78442	0.327	237.3
2019-11-29T17:39	86.09646	113.77323	0.326	237.2
2019-11-29T17:49	86.09597	113.76197	0.327	237.7
2019-11-29T17:59	86.09550	113.75048	0.330	238.6
2019-11-29T18:09	86.09502	113.73910	0.328	238.4
2019-11-29T18:19	86.09454	113.72777	0.327	238.2
2019-11-29T18:29	86.09406	113.71652	0.326	237.8
2019-11-29T18:39	86.09357	113.70521	0.327	237.8
2019-11-29T18:49	86.09310	113.69373	0.329	239.0
2019-11-29T18:59	86.09265	113.68198	0.331	240.5
2019-11-29T19:09	86.09219	113.67027	0.331	240.2
2019-11-29T19:19	86.09174	113.65866	0.329	240.1
2019-11-29T19:29	86.09127	113.64730	0.325	239.0
2019-11-29T19:39	86.09082	113.63524	0.337	241.4
2019-11-29T19:49	86.09037	113.62319	0.337	241.3
2019-11-29T19:59	86.08993	113.61121	0.335	241.3
2019-11-29T20:09	86.08947	113.59966	0.327	240.2
2019-11-29T20:19	86.08904	113.58782	0.331	241.5
2019-11-29T20:29	86.08860	113.57591	0.332	241.8
2019-11-29T20:39	86.08818	113.56398	0.330	242.6
2019-11-29T20:49	86.08775	113.55217	0.328	242.4
2019-11-29T20:59	86.08734	113.54060	0.321	242.2
2019-11-29T21:09	86.08693	113.52908	0.318	242.8
2019-11-29T21:19	86.08653	113.51756	0.318	243.1
2019-11-29T21:29	86.08614	113.50608	0.316	243.1
2019-11-29T21:39	86.08574	113.49465	0.316	242.9
2019-11-29T21:49	86.08533	113.48351	0.310	242.0
2019-11-29T21:59	86.08493	113.47255	0.306	241.8
2019-11-29T22:09	86.08454	113.46157	0.305	242.1
2019-11-29T22:19	86.08414	113.45054	0.307	242.1
2019-11-29T22:29	86.08375	113.43946	0.306	242.8
2019-11-29T22:39	86.08336	113.42854	0.302	242.8
2019-11-29T22:49	86.08297	113.41761	0.303	242.4
2019-11-29T22:59	86.08258	113.40676	0.301	242.3
2019-11-29T23:09	86.08220	113.39603	0.299	242.1
2019-11-29T23:19	86.08181	113.38543	0.296	241.6
2019-11-29T23:29	86.08141	113.37493	0.295	241.0
2019-11-29T23:39	86.08100	113.36455	0.294	240.2
2019-11-29T23:49	86.08059	113.35433	0.292	239.4
2019-11-29T23:59	86.08017	113.34428	0.289	238.8
2019-11-30T00:09	86.07975	113.33436	0.287	238.3
2019-11-30T00:19	86.07933	113.32456	0.285	237.9
2019-11-30T00:29	86.07890	113.31464	0.290	237.6
2019-11-30T00:39	86.07847	113.30497	0.285	236.8
2019-11-30T00:49	86.07803	113.29526	0.287	236.4
2019-11-30T00:59	86.07757	113.28557	0.289	235.5
2019-11-30T01:09	86.07711	113.27588	0.290	235.3
2019-11-30T01:19	86.07664	113.26631	0.291	234.2
2019-11-30T01:29	86.07616	113.25683	0.291	233.5
2019-11-30T01:39	86.07568	113.24757	0.287	232.6
2019-11-30T01:49	86.07518	113.23829	0.291	231.8
2019-11-30T01:59	86.07467	113.22893	0.294	231.7
2019-11-30T02:09	86.07415	113.21973	0.294	230.5
2019-11-30T02:19	86.07364	113.21042	0.295	231.0
2019-11-30T02:29	86.07312	113.20107	0.297	230.9
2019-11-30T02:39	86.07258	113.19188	0.296	229.9
2019-11-30T02:49	86.07205	113.18289	0.293	229.2
2019-11-30T02:59	86.07151	113.17406	0.293	228.1
2019-11-30T03:09	86.07097	113.16516	0.294	228.3
2019-11-30T03:19	86.07041	113.15634	0.296	227.3
2019-11-30T03:29	86.06985	113.14767	0.295	226.6
2019-11-30T03:39	86.06928	113.13927	0.291	225.3
2019-11-30T03:49	86.06871	113.13099	0.290	224.8
2019-11-30T03:59	86.06815	113.12293	0.283	224.6
2019-11-30T04:09	86.06758	113.11460	0.291	225.1
2019-11-30T04:19	86.06697	113.10639	0.299	222.8
2019-11-30T04:29	86.06636	113.09842	0.294	222.0
2019-11-30T04:39	86.06577	113.09055	0.289	222.2
2019-11-30T04:49	86.06520	113.08304	0.276	222.2
2019-11-30T04:59	86.06459	113.07612	0.277	218.1
2019-11-30T05:09	86.06400	113.06976	0.265	216.3
2019-11-30T05:19	86.06339	113.06333	0.270	216.1
2019-11-30T05:29	86.06277	113.05690	0.274	215.5
2019-11-30T05:39	86.06216	113.05003	0.278	217.7
2019-11-30T05:49	86.06156	113.04315	0.277	217.9
2019-11-30T05:59	86.06095	113.03637	0.276	217.5
2019-11-30T06:09	86.06035	113.02983	0.270	216.8
2019-11-30T06:19	86.05974	113.02364	0.266	215.1
2019-11-30T06:29	86.05916	113.01737	0.261	216.4
2019-11-30T06:39	86.05856	113.01105	0.267	215.9
2019-11-30T06:49	86.05795	113.00490	0.266	214.8
2019-11-30T06:59	86.05735	112.99891	0.263	214.4
2019-11-30T07:09	86.05675	112.99287	0.263	214.6
2019-11-30T07:19	86.05617	112.98680	0.257	215.8
2019-11-30T07:29	86.05560	112.98079	0.252	216.2
2019-11-30T07:39	86.05503	112.97495	0.251	215.2
2019-11-30T07:49	86.05446	112.96927	0.250	214.3
2019-11-30T07:59	86.05389	112.96381	0.247	213.3
2019-11-30T08:09	86.05332	112.95835	0.244	213.6
2019-11-30T08:19	86.05276	112.95294	0.244	213.3
2019-11-30T08:29	86.05220	112.94744	0.242	214.3
2019-11-30T08:39	86.05166	112.94187	0.239	215.3
2019-11-30T08:49	86.05111	112.93644	0.241	214.0
2019-11-30T08:59	86.05055	112.93132	0.236	212.5
2019-11-30T09:09	86.05001	112.92618	0.234	213.1
2019-11-30T09:19	86.04946	112.92114	0.232	212.6
2019-11-30T09:29	86.04893	112.91571	0.236	214.8
2019-11-30T09:39	86.04840	112.91090	0.223	212.3
2019-11-30T09:49	86.04785	112.90619	0.229	210.7
2019-11-30T09:59	86.04732	112.90148	0.227	211.1
2019-11-30T10:09	86.04677	112.89687	0.226	210.4
2019-11-30T10:19	86.04624	112.89241	0.221	210.0
2019-11-30T10:29	86.04570	112.88844	0.220	206.6
2019-11-30T10:39	86.04514	112.88434	0.224	207.0
2019-11-30T10:49	86.04458	112.88029	0.227	206.3
2019-11-30T10:59	86.04400	112.87624	0.230	206.0
2019-11-30T11:09	86.04343	112.87210	0.229	206.7
2019-11-30T11:19	86.04286	112.86814	0.228	205.5
2019-11-30T11:29	86.04230	112.86409	0.227	206.3
2019-11-30T11:39	86.04173	112.85996	0.228	206.7
2019-11-30T11:49	86.04117	112.85600	0.224	206.1
2019-11-30T11:59	86.04058	112.85237	0.230	203.1
2019-11-30T12:09	86.04002	112.84880	0.221	203.7
2019-11-30T12:19	86.03943	112.84550	0.226	201.3
2019-11-30T12:29	86.03882	112.84234	0.235	199.5
2019-11-30T12:39	86.03824	112.83892	0.225	202.3
2019-11-30T12:49	86.03765	112.83552	0.231	201.4
2019-11-30T12:59	86.03704	112.83221	0.234	200.6
2019-11-30T13:09	86.03642	112.82906	0.234	199.6
2019-11-30T13:19	86.03579	112.82639	0.236	196.3
2019-11-30T13:29	86.03516	112.82375	0.238	196.1
2019-11-30T13:39	86.03451	112.82133	0.242	194.4
2019-11-30T13:49	86.03383	112.81894	0.251	193.8
2019-11-30T13:59	86.03316	112.81669	0.248	193.1
2019-11-30T14:09	86.03248	112.81456	0.251	192.2
2019-11-30T14:19	86.03180	112.81246	0.251	192.0
2019-11-30T14:29	86.03111	112.81048	0.252	191.3
2019-11-30T14:39	86.03043	112.80858	0.250	190.9
2019-11-30T14:49	86.02975	112.80672	0.251	190.6
2019-11-30T14:59	86.02904	112.80479	0.258	190.8
2019-11-30T15:09	86.02837	112.80302	0.246	190.3
2019-11-30T15:19	86.02769	112.80135	0.249	189.6
2019-11-30T15:29	86.02700	112.79979	0.251	188.9
2019-11-30T15:39	86.02631	112.79828	0.251	188.6
2019-11-30T15:49	86.02564	112.79680	0.246	188.6
2019-11-30T15:59	86.02495	112.79544	0.251	187.8
2019-11-30T16:09	86.02425	112.79417	0.253	187.2
2019-11-30T16:19	86.02355	112.79290	0.253	187.2
2019-11-30T16:29	86.02285	112.79160	0.256	187.3
2019-11-30T16:39	86.02214	112.79043	0.258	186.5
2019-11-30T16:49	86.02142	112.78935	0.258	186.0
2019-11-30T16:59	86.02072	112.78832	0.256	185.7
2019-11-30T17:09	86.02001	112.78726	0.254	186.0
2019-11-30T17:19	86.01931	112.78626	0.253	185.7
2019-11-30T17:29	86.01862	112.78535	0.252	185.2
2019-11-30T17:39	86.01792	112.78454	0.252	184.6
2019-11-30T17:49	86.01722	112.78363	0.252	185.2
2019-11-30T17:59	86.01656	112.78248	0.242	186.9
2019-11-30T18:09	86.01589	112.78148	0.242	185.9
2019-11-30T18:19	86.01522	112.78076	0.242	184.3
2019-11-30T18:29	86.01455	112.78008	0.239	184.1
2019-11-30T18:39	86.01388	112.77954	0.242	183.2
2019-11-30T18:49	86.01323	112.77883	0.237	184.3
2019-11-30T18:59	86.01258	112.77807	0.235	184.6
2019-11-30T19:09	86.01192	112.77757	0.236	183.0
2019-11-30T19:19	86.01128	112.77717	0.231	182.5
2019-11-30T19:29	86.01064	112.77696	0.232	181.3
2019-11-30T19:39	86.00999	112.77670	0.235	181.6
2019-11-30T19:49	86.00935	112.77645	0.231	181.6
2019-11-30T19:59	86.00872	112.77626	0.226	181.2
2019-11-30T20:09	86.00810	112.77604	0.223	181.4
2019-11-30T20:19	86.00747	112.77605	0.227	179.9
2019-11-30T20:29	86.00685	112.77610	0.222	179.6
2019-11-30T20:39	86.00623	112.77619	0.223	179.4
2019-11-30T20:49	86.00562	112.77634	0.221	179.0
2019-11-30T20:59	86.00501	112.77646	0.218	179.2
2019-11-30T21:09	86.00441	112.77686	0.217	177.4
2019-11-30T21:19	86.00380	112.77740	0.221	176.5
2019-11-30T21:29	86.00319	112.77787	0.219	176.9
2019-11-30T21:39	86.00259	112.77847	0.218	176.0
2019-11-30T21:49	86.00199	112.77924	0.217	174.8
2019-11-30T21:59	86.00138	112.77996	0.219	175.3
2019-11-30T22:09	86.00079	112.78075	0.214	174.7
2019-11-30T22:19	86.00020	112.78185	0.214	172.6
2019-11-30T22:29	85.99962	112.78292	0.212	172.8
2019-11-30T22:39	85.99902	112.78416	0.216	171.7
2019-11-30T22:49	85.99842	112.78552	0.221	171.1
2019-11-30T22:59	85.99782	112.78706	0.217	169.7
2019-11-30T23:09	85.99724	112.78873	0.216	168.8
2019-11-30T23:19	85.99664	112.79072	0.219	166.7
2019-11-30T23:29	85.99605	112.79274	0.222	166.8
2019-11-30T23:39	85.99540	112.79541	0.243	163.9
2019-11-30T23:49	85.99476	112.79834	0.242	162.3
2019-11-30T23:59	85.99412	112.80166	0.245	160.0
2019-12-01T00:09	85.99351	112.80526	0.239	157.7
2019-12-01T00:19	85.99291	112.80888	0.234	157.1
2019-12-01T00:29	85.99233	112.81240	0.225	156.8
2019-12-01T00:39	85.99175	112.81606	0.228	156.2
2019-12-01T00:49	85.99118	112.81957	0.225	156.9
2019-12-01T00:59	85.99060	112.82326	0.229	156.1
2019-12-01T01:09	85.99003	112.82698	0.225	155.4
2019-12-01T01:19	85.98947	112.83084	0.224	154.3
2019-12-01T01:29	85.98889	112.83509	0.233	152.7
2019-12-01T01:39	85.98831	112.83958	0.239	151.7
2019-12-01T01:49	85.98771	112.84429	0.244	151.0
2019-12-01T01:59	85.98711	112.84921	0.251	150.4
2019-12-01T02:09	85.98651	112.85415	0.250	150.1
2019-12-01T02:19	85.98589	112.85918	0.255	150.1
2019-12-01T02:29	85.98527	112.86428	0.258	150.1
2019-12-01T02:39	85.98464	112.86947	0.263	150.2
2019-12-01T02:49	85.98401	112.87455	0.260	150.5
2019-12-01T02:59	85.98337	112.87978	0.263	149.9
2019-12-01T03:09	85.98274	112.88514	0.267	149.6
2019-12-01T03:19	85.98210	112.89050	0.267	149.5
2019-12-01T03:29	85.98147	112.89595	0.265	148.8
2019-12-01T03:39	85.98083	112.90132	0.265	149.3
2019-12-01T03:49	85.98021	112.90684	0.264	148.2
2019-12-01T03:59	85.97958	112.91227	0.265	148.8
2019-12-01T04:09	85.97896	112.91774	0.263	148.4
2019-12-01T04:19	85.97835	112.92326	0.260	147.5
2019-12-01T04:29	85.97775	112.92875	0.258	147.4
2019-12-01T04:39	85.97714	112.93416	0.258	148.1
2019-12-01T04:49	85.97656	112.93982	0.252	145.4
2019-12-01T04:59	85.97596	112.94515	0.256	148.2
2019-12-01T05:09	85.97538	112.95085	0.253	145.3
2019-12-01T05:19	85.97481	112.95650	0.250	145.1
2019-12-01T05:29	85.97425	112.96219	0.248	144.6
2019-12-01T05:39	85.97368	112.96785	0.248	144.8
2019-12-01T05:49	85.97312	112.97366	0.250	144.0
2019-12-01T05:59	85.97256	112.97948	0.250	143.9
2019-12-01T06:09	85.97201	112.98552	0.252	142.6
2019-12-01T06:19	85.97146	112.99165	0.252	142.0
2019-12-01T06:29	85.97091	112.99776	0.251	142.0
2019-12-01T06:39	85.97036	113.00386	0.251	142.0
2019-12-01T06:49	85.96981	113.01009	0.251	141.2
2019-12-01T06:59	85.96927	113.01616	0.250	142.0
2019-12-01T07:09	85.96873	113.02225	0.247	141.4
2019-12-01T07:19	85.96820	113.02836	0.247	141.3
2019-12-01T07:29	85.96766	113.03452	0.248	141.0
2019-12-01T07:39	85.96713	113.04081	0.250	140.4
2019-12-01T07:49	85.96659	113.04705	0.249	140.5
2019-12-01T07:59	85.96606	113.05335	0.248	140.1
2019-12-01T08:09	85.96553	113.05971	0.250	139.9
2019-12-01T08:19	85.96501	113.06597	0.247	140.0
2019-12-01T08:29	85.96448	113.07231	0.248	139.7
2019-12-01T08:39	85.96395	113.07856	0.248	140.4
2019-12-01T08:49	85.96342	113.08485	0.247	139.9
2019-12-01T08:59	85.96290	113.09110	0.246	139.9
2019-12-01T09:09	85.96237	113.09726	0.247	140.9
2019-12-01T09:19	85.96184	113.10335	0.245	141.0
2019-12-01T09:29	85.96131	113.10945	0.245	140.8
2019-12-01T09:39	85.96078	113.11554	0.246	141.1
2019-12-01T09:49	85.96024	113.12162	0.249	141.6
2019-12-01T09:59	85.95969	113.12760	0.247	142.2
2019-12-01T10:09	85.95915	113.13353	0.247	142.4
2019-12-01T10:19	85.95860	113.13943	0.247	142.8
2019-12-01T10:29	85.95805	113.14527	0.248	143.4
2019-12-01T10:39	85.95749	113.15101	0.248	143.9
2019-12-01T10:49	85.95694	113.15668	0.247	144.3
2019-12-01T10:59	85.95638	113.16231	0.247	144.7
2019-12-01T11:09	85.95581	113.16775	0.247	145.9
2019-12-01T11:19	85.95524	113.17319	0.247	146.0
2019-12-01T11:29	85.95467	113.17845	0.247	147.2
2019-12-01T11:39	85.95409	113.18366	0.246	147.5
2019-12-01T11:49	85.95350	113.18879	0.247	148.2
2019-12-01T11:59	85.95292	113.19380	0.248	149.0
2019-12-01T12:09	85.95233	113.19870	0.246	149.6
2019-12-01T12:19	85.95173	113.20358	0.248	150.1
2019-12-01T12:29	85.95113	113.20831	0.247	150.8
2019-12-01T12:39	85.95053	113.21295	0.247	151.5
2019-12-01T12:49	85.94991	113.21741	0.249	152.9
2019-12-01T12:59	85.94930	113.22182	0.247	153.0
2019-12-01T13:09	85.94869	113.22613	0.246	153.6
2019-12-01T13:19	85.94807	113.23019	0.245	155.1
2019-12-01T13:29	85.94746	113.23427	0.245	154.9
2019-12-01T13:39	85.94684	113.23819	0.244	155.9
2019-12-01T13:49	85.94622	113.24198	0.244	156.7
2019-12-01T13:59	85.94558	113.24582	0.248	156.8
2019-12-01T14:09	85.94495	113.24950	0.245	157.6
2019-12-01T14:19	85.94433	113.25321	0.243	157.2
2019-12-01T14:29	85.94371	113.25685	0.240	157.2
2019-12-01T14:39	85.94310	113.26043	0.240	157.7
2019-12-01T14:49	85.94248	113.26391	0.239	158.3
2019-12-01T14:59	85.94186	113.26749	0.240	157.6
2019-12-01T15:09	85.94124	113.27097	0.242	158.5
2019-12-01T15:19	85.94062	113.27439	0.238	158.5
2019-12-01T15:29	85.94001	113.27779	0.239	158.8
2019-12-01T15:39	85.93938	113.28113	0.240	159.2
2019-12-01T15:49	85.93876	113.28453	0.239	158.7
2019-12-01T15:59	85.93815	113.28784	0.236	159.0
2019-12-01T16:09	85.93755	113.29121	0.234	158.5
2019-12-01T16:19	85.93695	113.29444	0.230	159.0
2019-12-01T16:29	85.93636	113.29768	0.228	158.8
2019-12-01T16:39	85.93578	113.30099	0.226	158.0
2019-12-01T16:49	85.93521	113.30434	0.223	157.5
2019-12-01T16:59	85.93464	113.30768	0.221	157.3
2019-12-01T17:09	85.93408	113.31098	0.218	157.2
2019-12-01T17:19	85.93355	113.31446	0.213	155.4
2019-12-01T17:29	85.93302	113.31794	0.210	155.0
2019-12-01T17:39	85.93251	113.32160	0.205	152.9
2019-12-01T17:49	85.93201	113.32525	0.202	152.5
2019-12-01T17:59	85.93153	113.32893	0.197	151.6
2019-12-01T18:09	85.93106	113.33269	0.196	150.8
2019-12-01T18:19	85.93059	113.33649	0.194	150.0
2019-12-01T18:29	85.93014	113.34040	0.191	148.4
2019-12-01T18:39	85.92969	113.34436	0.190	147.7
2019-12-01T18:49	85.92927	113.34843	0.184	145.6
2019-12-01T18:59	85.92886	113.35253	0.181	144.5
2019-12-01T19:09	85.92847	113.35674	0.178	142.7
2019-12-01T19:19	85.92810	113.36096	0.171	140.9
2019-12-01T19:29	85.92775	113.36536	0.169	138.4
2019-12-01T19:39	85.92741	113.36975	0.166	137.3
2019-12-01T19:49	85.92709	113.37421	0.163	135.5
2019-12-01T19:59	85.92678	113.37882	0.162	133.5
2019-12-01T20:09	85.92649	113.38343	0.157	131.3
2019-12-01T20:19	85.92621	113.38807	0.155	130.2
2019-12-01T20:29	85.92595	113.39285	0.154	127.3
2019-12-01T20:39	85.92571	113.39776	0.152	124.3
2019-12-01T20:49	85.92549	113.40272	0.151	122.9
2019-12-01T20:59	85.92528	113.40783	0.151	120.0
2019-12-01T21:09	85.92508	113.41292	0.148	118.0
2019-12-01T21:19	85.92490	113.41812	0.148	116.1
2019-12-01T21:29	85.92474	113.42337	0.147	114.2
2019-12-01T21:39	85.92458	113.42875	0.148	111.5
2019-12-01T21:49	85.92445	113.43423	0.148	108.7
2019-12-01T21:59	85.92433	113.43975	0.148	107.7
2019-12-01T22:09	85.92421	113.44532	0.148	106.2
2019-12-01T22:19	85.92411	113.45092	0.148	105.2
2019-12-01T22:29	85.92401	113.45660	0.150	103.6
2019-12-01T22:39	85.92392	113.46228	0.149	102.7
2019-12-01T22:49	85.92383	113.46804	0.151	101.9
2019-12-01T22:59	85.92375	113.47388	0.152	100.5
2019-12-01T23:09	85.92368	113.47973	0.152	99.8
2019-12-01T23:19	85.92362	113.48559	0.152	99.0
2019-12-01T23:29	85.92355	113.49147	0.152	98.4
2019-12-01T23:39	85.92350	113.49742	0.153	97.2
2019-12-01T23:49	85.92345	113.50341	0.155	97.2
2019-12-01T23:59	85.92340	113.50935	0.153	96.5
2019-12-02T00:09	85.92335	113.51536	0.155	96.8
2019-12-02T00:19	85.92331	113.52135	0.154	94.9
2019-12-02T00:29	85.92327	113.52737	0.155	95.9
2019-12-02T00:39	85.92323	113.53337	0.154	95.5
2019-12-02T00:49	85.92318	113.53942	0.155	95.4
2019-12-02T00:59	85.92315	113.54542	0.154	94.3
2019-12-02T01:09	85.92312	113.55140	0.154	94.8
2019-12-02T01:19	85.92308	113.55740	0.154	94.4
2019-12-02T01:29	85.92306	113.56335	0.153	93.9
2019-12-02T01:39	85.92303	113.56934	0.154	93.8
2019-12-02T01:49	85.92301	113.57534	0.154	93.0
2019-12-02T01:59	85.92298	113.58121	0.151	93.1
2019-12-02T02:09	85.92296	113.58718	0.153	93.3
2019-12-02T02:19	85.92294	113.59317	0.154	93.0
2019-12-02T02:29	85.92291	113.59911	0.152	93.4
2019-12-02T02:39	85.92289	113.60508	0.153	93.1
2019-12-02T02:49	85.92286	113.61115	0.156	93.2
2019-12-02T02:59	85.92284	113.61709	0.152	93.0
2019-12-02T03:09	85.92282	113.62313	0.155	92.8
2019-12-02T03:19	85.92280	113.62918	0.155	93.1
2019-12-02T03:29	85.92278	113.63523	0.155	92.8
2019-12-02T03:39	85.92276	113.64127	0.155	92.5
2019-12-02T03:49	85.92273	113.64739	0.157	93.1
2019-12-02T03:59	85.92271	113.65353	0.157	93.1
2019-12-02T04:09	85.92269	113.65972	0.159	92.6
2019-12-02T04:19	85.92267	113.66592	0.159	92.9
2019-12-02T04:29	85.92264	113.67214	0.160	93.8
2019-12-02T04:39	85.92262	113.67841	0.161	91.7
2019-12-02T04:49	85.92260	113.68467	0.161	93.4
2019-12-02T04:59	85.92258	113.69111	0.165	91.9
2019-12-02T05:09	85.92257	113.69726	0.157	92.1
2019-12-02T05:19	85.92255	113.70357	0.162	92.5
2019-12-02T05:29	85.92253	113.70992	0.163	92.2
2019-12-02T05:39	85.92251	113.71630	0.163	92.7
2019-12-02T05:49	85.92249	113.72280	0.166	92.0
2019-12-02T05:59	85.92247	113.72917	0.163	92.1
2019-12-02T06:09	85.92247	113.73560	0.165	90.7
2019-12-02T06:19	85.92246	113.74205	0.165	91.3
2019-12-02T06:29	85.92246	113.74853	0.166	90.0
2019-12-02T06:39	85.92245	113.75501	0.166	90.5
2019-12-02T06:49	85.92247	113.76162	0.169	88.3
2019-12-02T06:59	85.92248	113.76818	0.168	88.5
2019-12-02T07:09	85.92250	113.77481	0.170	87.4
2019-12-02T07:19	85.92254	113.78147	0.171	85.3
2019-12-02T07:29	85.92258	113.78818	0.172	85.2
2019-12-02T07:39	85.92263	113.79492	0.174	83.7
2019-12-02T07:49	85.92269	113.80169	0.174	83.4
2019-12-02T07:59	85.92276	113.80856	0.178	81.8
2019-12-02T08:09	85.92284	113.81536	0.176	80.8
2019-12-02T08:19	85.92293	113.82224	0.179	79.1
2019-12-02T08:29	85.92303	113.82920	0.182	78.8
2019-12-02T08:39	85.92314	113.83617	0.183	77.7
2019-12-02T08:49	85.92326	113.84316	0.184	76.6
2019-12-02T08:59	85.92338	113.85016	0.185	75.6
2019-12-02T09:09	85.92353	113.85716	0.186	74.1
2019-12-02T09:19	85.92368	113.86414	0.187	73.1
2019-12-02T09:29	85.92383	113.87140	0.194	73.5
2019-12-02T09:39	85.92399	113.87852	0.191	72.2
2019-12-02T09:49	85.92416	113.88570	0.194	71.6
2019-12-02T09:59	85.92434	113.89276	0.191	70.7
2019-12-02T10:09	85.92453	113.89987	0.194	69.5
2019-12-02T10:19	85.92473	113.90695	0.196	67.8
2019-12-02T10:29	85.92495	113.91410	0.198	67.1
2019-12-02T10:39	85.92517	113.92122	0.199	66.2
2019-12-02T10:49	85.92540	113.92833	0.200	65.5
2019-12-02T10:59	85.92564	113.93551	0.202	65.1
2019-12-02T11:09	85.92590	113.94286	0.210	63.6
2019-12-02T11:19	85.92617	113.95014	0.210	62.3
2019-12-02T11:29	85.92645	113.95750	0.214	61.8
2019-12-02T11:39	85.92675	113.96520	0.225	61.2
2019-12-02T11:49	85.92705	113.97282	0.223	60.7
2019-12-02T11:59	85.92735	113.98034	0.221	60.5
2019-12-02T12:09	85.92768	113.98808	0.230	59.5
2019-12-02T12:19	85.92801	113.99603	0.236	59.6
2019-12-02T12:29	85.92834	114.00413	0.239	59.9
2019-12-02T12:39	85.92869	114.01208	0.238	58.5
2019-12-02T12:49	85.92903	114.02021	0.242	59.3
2019-12-02T12:59	85.92938	114.02857	0.247	59.8
2019-12-02T13:09	85.92971	114.03763	0.261	62.5
2019-12-02T13:19	85.93004	114.04689	0.265	63.3
2019-12-02T13:29	85.93040	114.05555	0.255	60.0
2019-12-02T13:39	85.93073	114.06415	0.251	61.3
2019-12-02T13:49	85.93108	114.07296	0.258	61.0
2019-12-02T13:59	85.93144	114.08193	0.264	60.1
2019-12-02T14:09	85.93181	114.09122	0.272	60.7
2019-12-02T14:19	85.93220	114.10059	0.277	59.6
2019-12-02T14:29	85.93260	114.11051	0.291	60.4
2019-12-02T14:39	85.93301	114.12074	0.300	60.5
2019-12-02T14:49	85.93341	114.13093	0.297	61.1
2019-12-02T14:59	85.93381	114.14151	0.305	62.3
2019-12-02T15:09	85.93422	114.15208	0.308	61.3
2019-12-02T15:19	85.93464	114.16259	0.309	60.2
2019-12-02T15:29	85.93507	114.17327	0.313	60.5
2019-12-02T15:39	85.93550	114.18418	0.318	61.2
2019-12-02T15:49	85.93594	114.19489	0.316	59.9
2019-12-02T15:59	85.93638	114.20572	0.320	59.9
2019-12-02T16:09	85.93683	114.21682	0.326	60.4
2019-12-02T16:19	85.93728	114.22807	0.331	60.1
2019-12-02T16:29	85.93775	114.23955	0.337	60.4
2019-12-02T16:39	85.93821	114.25107	0.339	60.2
2019-12-02T16:49	85.93869	114.26283	0.345	60.3
2019-12-02T16:59	85.93917	114.27468	0.348	60.3
2019-12-02T17:09	85.93965	114.28674	0.354	60.4
2019-12-02T17:19	85.94015	114.29889	0.358	59.9
2019-12-02T17:29	85.94065	114.31121	0.363	60.0
2019-12-02T17:39	85.94116	114.32374	0.368	60.3
2019-12-02T17:49	85.94167	114.33644	0.372	60.3
2019-12-02T17:59	85.94220	114.34931	0.379	59.9
2019-12-02T18:09	85.94273	114.36248	0.387	60.1
2019-12-02T18:19	85.94328	114.37581	0.392	60.1
2019-12-02T18:29	85.94382	114.38933	0.396	60.4
2019-12-02T18:39	85.94438	114.40309	0.403	60.3
2019-12-02T18:49	85.94494	114.41707	0.409	60.4
2019-12-02T18:59	85.94550	114.43117	0.412	60.6
2019-12-02T19:09	85.94608	114.44546	0.419	60.2
2019-12-02T19:19	85.94666	114.46053	0.437	61.5
2019-12-02T19:29	85.94725	114.47572	0.441	61.1
2019-12-02T19:39	85.94785	114.49087	0.442	60.6
2019-12-02T19:49	85.94847	114.50600	0.445	59.9
2019-12-02T19:59	85.94910	114.52118	0.449	59.4
2019-12-02T20:09	85.94976	114.53637	0.452	58.7
2019-12-02T20:19	85.95044	114.55102	0.446	56.6
2019-12-02T20:29	85.95113	114.56571	0.449	56.3
2019-12-02T20:39	85.95183	114.58077	0.459	56.5
2019-12-02T20:49	85.95255	114.59585	0.463	55.9
2019-12-02T20:59	85.95329	114.61144	0.476	56.3
2019-12-02T21:09	85.95402	114.62714	0.479	56.5
2019-12-02T21:19	85.95478	114.64290	0.485	55.7
2019-12-02T21:29	85.95557	114.65920	0.502	55.5
2019-12-02T21:39	85.95637	114.67569	0.508	55.4
2019-12-02T21:49	85.95717	114.69242	0.512	55.9
2019-12-02T21:59	85.95797	114.70926	0.515	56.0
2019-12-02T22:09	85.95879	114.72607	0.519	55.3
2019-12-02T22:19	85.95964	114.74332	0.534	55.0
2019-12-02T22:29	85.96048	114.76046	0.530	55.0
2019-12-02T22:39	85.96131	114.77731	0.520	55.2
2019-12-02T22:49	85.96216	114.79433	0.529	54.6
2019-12-02T22:59	85.96302	114.81148	0.535	54.4
2019-12-02T23:09	85.96390	114.82882	0.541	54.3
2019-12-02T23:19	85.96480	114.84665	0.557	54.1
2019-12-02T23:29	85.96570	114.86424	0.550	54.2
2019-12-02T23:39	85.96659	114.88191	0.551	54.3
2019-12-02T23:49	85.96748	114.89973	0.553	54.6
2019-12-02T23:59	85.96837	114.91766	0.555	54.9
2019-12-03T00:09	85.96924	114.93543	0.549	55.1
2019-12-03T00:19	85.97013	114.95331	0.555	54.6
2019-12-03T00:29	85.97102	114.97167	0.563	55.6
2019-12-03T00:39	85.97189	114.98987	0.558	55.6
2019-12-03T00:49	85.97278	115.00793	0.557	55.1
2019-12-03T00:59	85.97366	115.02629	0.562	55.6
2019-12-03T01:09	85.97453	115.04458	0.558	55.9
2019-12-03T01:19	85.97541	115.06296	0.564	55.5
2019-12-03T01:29	85.97630	115.08133	0.563	55.6
2019-12-03T01:39	85.97718	115.09995	0.567	56.1
2019-12-03T01:49	85.97804	115.11853	0.564	56.3
2019-12-03T01:59	85.97890	115.13732	0.567	56.8
2019-12-03T02:09	85.97976	115.15592	0.562	56.6
2019-12-03T02:19	85.98062	115.17488	0.569	57.2
2019-12-03T02:29	85.98148	115.19354	0.563	56.7
2019-12-03T02:39	85.98234	115.21225	0.565	56.7
2019-12-03T02:49	85.98319	115.23083	0.560	56.8
2019-12-03T02:59	85.98402	115.24886	0.544	56.6
2019-12-03T03:09	85.98488	115.26806	0.574	57.5
2019-12-03T03:19	85.98570	115.28632	0.548	57.1
2019-12-03T03:29	85.98655	115.30477	0.555	56.9
2019-12-03T03:39	85.98739	115.32333	0.558	56.9
2019-12-03T03:49	85.98822	115.34179	0.553	57.3
2019-12-03T03:59	85.98905	115.36048	0.557	57.7
2019-12-03T04:09	85.98987	115.37916	0.556	57.8
2019-12-03T04:19	85.99068	115.39779	0.553	57.9
2019-12-03T04:29	85.99150	115.41662	0.557	58.2
2019-12-03T04:39	85.99232	115.43528	0.555	57.8
2019-12-03T04:49	85.99313	115.45395	0.552	58.3
2019-12-03T04:59	85.99394	115.47272	0.556	58.1
2019-12-03T05:09	85.99476	115.49123	0.550	57.7
2019-12-03T05:19	85.99555	115.50992	0.550	58.8
2019-12-03T05:29	85.99633	115.52812	0.537	58.5
2019-12-03T05:39	85.99716	115.54687	0.557	57.8
2019-12-03T05:49	85.99795	115.56550	0.548	58.7
2019-12-03T05:59	85.99872	115.58406	0.544	59.0
2019-12-03T06:09	85.99951	115.60273	0.548	58.8
2019-12-03T06:19	86.00030	115.62139	0.548	58.8
2019-12-03T06:29	86.00109	115.64012	0.549	59.0
2019-12-03T06:39	86.00187	115.65847	0.539	58.7
2019-12-03T06:49	86.00265	115.67743	0.553	59.3
2019-12-03T06:59	86.00344	115.69623	0.551	58.8
2019-12-03T07:09	86.00421	115.71518	0.550	59.8
2019-12-03T07:19	86.00498	115.73407	0.549	59.6
2019-12-03T07:29	86.00576	115.75298	0.551	59.4
2019-12-03T07:39	86.00653	115.77188	0.549	59.7
2019-12-03T07:49	86.00730	115.79086	0.550	59.9
2019-12-03T07:59	86.00802	115.81041	0.555	62.0
2019-12-03T08:09	86.00877	115.82954	0.551	60.5
2019-12-03T08:19	86.00953	115.84820	0.541	59.8
2019-12-03T08:29	86.01033	115.86760	0.565	59.3
2019-12-03T08:39	86.01111	115.88663	0.554	59.3
2019-12-03T08:49	86.01190	115.90580	0.558	59.4
2019-12-03T08:59	86.01265	115.92483	0.548	60.4
2019-12-03T09:09	86.01343	115.94393	0.553	59.8
2019-12-03T09:19	86.01418	115.96274	0.544	60.0
2019-12-03T09:29	86.01495	115.98207	0.557	60.3
2019-12-03T09:39	86.01568	116.00145	0.552	61.4
2019-12-03T09:49	86.01639	116.02077	0.547	62.0
2019-12-03T09:59	86.01712	116.04000	0.547	61.5
2019-12-03T10:09	86.01785	116.05864	0.536	60.4
2019-12-03T10:19	86.01861	116.07812	0.558	60.7
2019-12-03T10:29	86.01933	116.09670	0.532	60.8
2019-12-03T10:39	86.02010	116.11537	0.542	59.4
2019-12-03T10:49	86.02087	116.13391	0.539	59.2
2019-12-03T10:59	86.02156	116.15299	0.539	62.2
2019-12-03T11:09	86.02227	116.17188	0.536	61.7
2019-12-03T11:19	86.02295	116.19088	0.535	62.5
2019-12-03T11:29	86.02364	116.20961	0.528	62.3
2019-12-03T11:39	86.02435	116.22807	0.527	61.0
2019-12-03T11:49	86.02508	116.24693	0.539	60.8
2019-12-03T11:59	86.02578	116.26491	0.516	60.3
2019-12-03T12:09	86.02653	116.28358	0.538	60.0
2019-12-03T12:19	86.02723	116.30127	0.509	60.2
2019-12-03T12:29	86.02795	116.31929	0.518	60.1
2019-12-03T12:39	86.02866	116.33716	0.514	60.1
2019-12-03T12:49	86.02936	116.35492	0.510	60.3
2019-12-03T12:59	86.03006	116.37284	0.513	60.6
2019-12-03T13:09	86.03074	116.39063	0.507	61.0
2019-12-03T13:19	86.03145	116.40847	0.512	60.4
2019-12-03T13:29	86.03216	116.42606	0.507	59.8
2019-12-03T13:39	86.03287	116.44362	0.507	59.6
2019-12-03T13:49	86.03358	116.46125	0.508	59.8
2019-12-03T13:59	86.03427	116.47899	0.507	60.6
2019-12-03T14:09	86.03496	116.49649	0.502	60.2
2019-12-03T14:19	86.03567	116.51394	0.504	59.6
2019-12-03T14:29	86.03639	116.53109	0.499	58.8
2019-12-03T14:39	86.03711	116.54836	0.502	58.8
2019-12-03T14:49	86.03783	116.56565	0.502	58.9
2019-12-03T14:59	86.03856	116.58285	0.502	58.4
2019-12-03T15:09	86.03930	116.59988	0.501	57.8
2019-12-03T15:19	86.04008	116.61680	0.506	56.3
2019-12-03T15:29	86.04087	116.63373	0.508	55.9
2019-12-03T15:39	86.04165	116.65094	0.512	56.7
2019-12-03T15:49	86.04241	116.66841	0.512	58.0
2019-12-03T15:59	86.04315	116.68605	0.515	58.4
2019-12-03T16:09	86.04391	116.70358	0.514	57.9
2019-12-03T16:19	86.04469	116.72112	0.517	57.4
2019-12-03T16:29	86.04545	116.73854	0.513	57.5
2019-12-03T16:39	86.04621	116.75597	0.512	57.6
2019-12-03T16:49	86.04696	116.77336	0.509	58.0
2019-12-03T16:59	86.04767	116.79101	0.506	59.8
2019-12-03T17:09	86.04842	116.80832	0.508	57.8
2019-12-03T17:19	86.04919	116.82564	0.512	57.0
2019-12-03T17:29	86.04995	116.84306	0.511	57.8
2019-12-03T17:39	86.05070	116.86041	0.508	57.9
2019-12-03T17:49	86.05145	116.87785	0.509	58.2
2019-12-03T17:59	86.05219	116.89516	0.506	58.0
2019-12-03T18:09	86.05291	116.91262	0.505	59.0
2019-12-03T18:19	86.05363	116.93011	0.504	59.2
2019-12-03T18:29	86.05434	116.94762	0.503	59.6
2019-12-03T18:39	86.05503	116.96536	0.506	60.3
2019-12-03T18:49	86.05573	116.98293	0.502	60.1
2019-12-03T18:59	86.05637	117.00061	0.496	62.0
2019-12-03T19:09	86.05700	117.01822	0.491	62.5
2019-12-03T19:19	86.05763	117.03584	0.491	62.7
2019-12-03T19:29	86.05826	117.05327	0.488	62.2
2019-12-03T19:39	86.05890	117.07062	0.487	61.9
2019-12-03T19:49	86.05956	117.08786	0.489	60.8
2019-12-03T19:59	86.06023	117.10522	0.492	60.8
2019-12-03T20:09	86.06090	117.12252	0.492	60.3
2019-12-03T20:19	86.06161	117.13988	0.498	59.5
2019-12-03T20:29	86.06227	117.15720	0.491	60.8
2019-12-03T20:39	86.06293	117.17439	0.486	60.9
2019-12-03T20:49	86.06359	117.19159	0.487	60.8
2019-12-03T20:59	86.06424	117.20863	0.482	60.8
2019-12-03T21:09	86.06491	117.22572	0.487	60.2
2019-12-03T21:19	86.06554	117.24297	0.483	62.0
2019-12-03T21:29	86.06616	117.26005	0.477	62.2
2019-12-03T21:39	86.06679	117.27695	0.475	61.5
2019-12-03T21:49	86.06741	117.29390	0.474	61.9
2019-12-03T21:59	86.06805	117.31074	0.475	61.0
2019-12-03T22:09	86.06869	117.32759	0.476	61.0
2019-12-03T22:19	86.06931	117.34419	0.467	61.3
2019-12-03T22:29	86.06997	117.36062	0.470	59.6
2019-12-03T22:39	86.07063	117.37707	0.469	59.9
2019-12-03T22:49	86.07125	117.39345	0.461	61.1
2019-12-03T22:59	86.07187	117.40990	0.463	61.3
2019-12-03T23:09	86.07249	117.42629	0.463	60.9
2019-12-03T23:19	86.07313	117.44271	0.465	60.5
2019-12-03T23:29	86.07375	117.45917	0.463	61.1
2019-12-03T23:39	86.07433	117.47572	0.459	62.7
2019-12-03T23:49	86.07491	117.49232	0.460	62.9
2019-12-03T23:59	86.07548	117.50887	0.455	63.5
2019-12-04T00:09	86.07607	117.52536	0.459	62.2
2019-12-04T00:19	86.07666	117.54186	0.458	62.6
2019-12-04T00:29	86.07723	117.55840	0.456	63.2
2019-12-04T00:39	86.07778	117.57511	0.457	64.3
2019-12-04T00:49	86.07837	117.59207	0.469	62.9
2019-12-04T00:59	86.07896	117.60894	0.467	62.8
2019-12-04T01:09	86.07954	117.62565	0.461	63.2
2019-12-04T01:19	86.08013	117.64244	0.464	62.9
2019-12-04T01:29	86.08071	117.65927	0.465	63.0
2019-12-04T01:39	86.08130	117.67611	0.465	62.9
2019-12-04T01:49	86.08188	117.69291	0.463	63.2
2019-12-04T01:59	86.08246	117.70974	0.464	63.3
2019-12-04T02:09	86.08304	117.72662	0.465	63.2
2019-12-04T02:19	86.08361	117.74348	0.463	63.5
2019-12-04T02:29	86.08418	117.76038	0.463	63.8
2019-12-04T02:39	86.08475	117.77732	0.463	64.0
2019-12-04T02:49	86.08531	117.79428	0.465	63.9
2019-12-04T02:59	86.08587	117.81133	0.465	64.4
2019-12-04T03:09	86.08642	117.82837	0.463	64.8
2019-12-04T03:19	86.08697	117.84557	0.467	64.8
2019-12-04T03:29	86.08751	117.86276	0.466	65.1
2019-12-04T03:39	86.08805	117.88006	0.466	65.7
2019-12-04T03:49	86.08857	117.89740	0.466	66.1
2019-12-04T03:59	86.08909	117.91482	0.466	66.5
2019-12-04T04:09	86.08960	117.93227	0.466	66.8
2019-12-04T04:19	86.09008	117.94968	0.462	67.7
2019-12-04T04:29	86.09057	117.96723	0.465	67.7
2019-12-04T04:39	86.09107	117.98504	0.472	67.9
2019-12-04T04:49	86.09154	118.00271	0.466	68.6
2019-12-04T04:59	86.09202	118.02058	0.471	68.7
2019-12-04T05:09	86.09248	118.03857	0.472	69.2
2019-12-04T05:19	86.09293	118.05657	0.471	69.6
2019-12-04T05:29	86.09339	118.07467	0.473	69.9
2019-12-04T05:39	86.09383	118.09287	0.475	70.1
2019-12-04T05:49	86.09427	118.11110	0.474	70.8
2019-12-04T05:59	86.09471	118.12949	0.478	70.7
2019-12-04T06:09	86.09513	118.14780	0.474	71.1
2019-12-04T06:19	86.09555	118.16614	0.474	71.6
2019-12-04T06:29	86.09595	118.18445	0.471	72.1
2019-12-04T06:39	86.09636	118.20309	0.480	72.0
2019-12-04T06:49	86.09676	118.22169	0.478	72.4
2019-12-04T06:59	86.09715	118.24039	0.479	73.2
2019-12-04T07:09	86.09751	118.25910	0.477	74.0
2019-12-04T07:19	86.09783	118.27786	0.473	76.1
2019-12-04T07:29	86.09815	118.29664	0.475	75.9
2019-12-04T07:39	86.09846	118.31544	0.474	76.4
2019-12-04T07:49	86.09875	118.33431	0.474	77.0
2019-12-04T07:59	86.09904	118.35314	0.473	77.5
2019-12-04T08:09	86.09932	118.37197	0.472	77.5
2019-12-04T08:19	86.09960	118.39075	0.471	77.6
2019-12-04T08:29	86.09988	118.40939	0.467	77.6
2019-12-04T08:39	86.10017	118.42799	0.468	76.9
2019-12-04T08:49	86.10047	118.44651	0.466	76.9
2019-12-04T08:59	86.10075	118.46489	0.462	77.1
2019-12-04T09:09	86.10104	118.48288	0.452	76.7
2019-12-04T09:19	86.10133	118.50081	0.451	76.5
2019-12-04T09:29	86.10163	118.51839	0.443	76.2
2019-12-04T09:39	86.10193	118.53598	0.444	75.6
2019-12-04T09:49	86.10225	118.55331	0.440	74.8
2019-12-04T09:59	86.10258	118.57056	0.438	74.5
2019-12-04T10:09	86.10291	118.58762	0.434	74.2
2019-12-04T10:19	86.10326	118.60442	0.430	73.0
2019-12-04T10:29	86.10362	118.62097	0.426	72.1
2019-12-04T10:39	86.10398	118.63740	0.422	72.2
2019-12-04T10:49	86.10434	118.65370	0.420	71.9
2019-12-04T10:59	86.10472	118.66993	0.419	71.2
2019-12-04T11:09	86.10510	118.68605	0.417	70.9
2019-12-04T11:19	86.10548	118.70201	0.414	70.4
2019-12-04T11:29	86.10587	118.71795	0.414	70.1
2019-12-04T11:39	86.10628	118.73378	0.413	69.5
2019-12-04T11:49	86.10667	118.74955	0.411	69.7
2019-12-04T11:59	86.10707	118.76523	0.409	69.5
2019-12-04T12:09	86.10748	118.78106	0.414	69.2
2019-12-04T12:19	86.10789	118.79679	0.413	68.7
2019-12-04T12:29	86.10831	118.81256	0.414	68.5
2019-12-04T12:39	86.10874	118.82834	0.415	68.4
2019-12-04T12:49	86.10917	118.84419	0.417	68.3
2019-12-04T12:59	86.10961	118.85992	0.416	67.5
2019-12-04T13:09	86.11006	118.87576	0.420	67.1
2019-12-04T13:19	86.11051	118.89157	0.419	67.2
2019-12-04T13:29	86.11097	118.90741	0.420	67.1
2019-12-04T13:39	86.11142	118.92339	0.423	67.4
2019-12-04T13:49	86.11188	118.93943	0.425	67.1
2019-12-04T13:59	86.11234	118.95562	0.429	67.1
2019-12-04T14:09	86.11281	118.97203	0.434	67.3
2019-12-04T14:19	86.11327	118.98860	0.438	67.6
2019-12-04T14:29	86.11373	119.00517	0.437	67.7
2019-12-04T14:39	86.11418	119.02189	0.439	68.3
2019-12-04T14:49	86.11461	119.03887	0.442	69.5
2019-12-04T14:59	86.11504	119.05606	0.446	70.0
2019-12-04T15:09	86.11546	119.07342	0.450	70.2
2019-12-04T15:19	86.11588	119.09095	0.454	70.4
2019-12-04T15:29	86.11629	119.10852	0.453	71.0
2019-12-04T15:39	86.11668	119.12670	0.464	72.7
2019-12-04T15:49	86.11703	119.14527	0.470	74.3
2019-12-04T15:59	86.11736	119.16421	0.477	75.6
2019-12-04T16:09	86.11768	119.18323	0.478	76.0
2019-12-04T16:19	86.11799	119.20246	0.482	76.6
2019-12-04T16:29	86.11829	119.22170	0.481	77.2
2019-12-04T16:39	86.11858	119.24107	0.484	77.5
2019-12-04T16:49	86.11886	119.26041	0.482	77.8
2019-12-04T16:59	86.11913	119.27980	0.482	78.3
2019-12-04T17:09	86.11939	119.29921	0.482	78.7
2019-12-04T17:19	86.11965	119.31873	0.485	79.0
2019-12-04T17:29	86.11991	119.33816	0.482	79.1
2019-12-04T17:39	86.12015	119.35747	0.479	79.3
2019-12-04T17:49	86.12038	119.37688	0.480	79.9
2019-12-04T17:59	86.12061	119.39644	0.484	80.3
2019-12-04T18:09	86.12082	119.41592	0.480	81.0
2019-12-04T18:19	86.12102	119.43539	0.480	81.4
2019-12-04T18:29	86.12121	119.45488	0.480	81.7
2019-12-04T18:39	86.12139	119.47433	0.478	82.0
2019-12-04T18:49	86.12156	119.49381	0.478	82.7
2019-12-04T18:59	86.12173	119.51322	0.477	82.6
2019-12-04T19:09	86.12191	119.53251	0.474	82.5
2019-12-04T19:19	86.12207	119.55166	0.470	82.7
2019-12-04T19:29	86.12223	119.57059	0.465	82.7
2019-12-04T19:39	86.12240	119.58929	0.459	82.6
2019-12-04T19:49	86.12256	119.60779	0.454	82.5
2019-12-04T19:59	86.12273	119.62586	0.444	82.3
2019-12-04T20:09	86.12289	119.64358	0.436	82.3
2019-12-04T20:19	86.12306	119.66096	0.427	81.9
2019-12-04T20:29	86.12321	119.67803	0.419	82.3
2019-12-04T20:39	86.12337	119.69481	0.412	82.0
2019-12-04T20:49	86.12354	119.71123	0.404	81.5
2019-12-04T20:59	86.12371	119.72740	0.398	81.1
2019-12-04T21:09	86.12389	119.74337	0.394	80.6
2019-12-04T21:19	86.12408	119.75906	0.388	79.9
2019-12-04T21:29	86.12427	119.77457	0.384	79.6
2019-12-04T21:39	86.12447	119.78979	0.377	78.9
2019-12-04T21:49	86.12468	119.80490	0.375	78.5
2019-12-04T21:59	86.12489	119.81983	0.372	77.8
2019-12-04T22:09	86.12512	119.83463	0.369	77.3
2019-12-04T22:19	86.12536	119.84950	0.372	76.5
2019-12-04T22:29	86.12561	119.86411	0.367	75.9
2019-12-04T22:39	86.12587	119.87874	0.368	75.0
2019-12-04T22:49	86.12615	119.89339	0.370	74.6
2019-12-04T22:59	86.12643	119.90798	0.369	73.9
2019-12-04T23:09	86.12673	119.92255	0.370	73.2
2019-12-04T23:19	86.12704	119.93715	0.372	72.5
2019-12-04T23:29	86.12736	119.95174	0.374	71.8
2019-12-04T23:39	86.12769	119.96643	0.376	71.6
2019-12-04T23:49	86.12803	119.98120	0.379	71.5
2019-12-04T23:59	86.12837	119.99608	0.383	71.0
2019-12-05T00:09	86.12873	120.01087	0.382	70.2
2019-12-05T00:19	86.12910	120.02564	0.383	69.8
2019-12-05T00:29	86.12948	120.04054	0.387	69.3
2019-12-05T00:39	86.12987	120.05541	0.388	68.8
2019-12-05T00:49	86.13026	120.07026	0.388	68.5
2019-12-05T00:59	86.13065	120.08528	0.391	68.9
2019-12-05T01:09	86.13104	120.10038	0.393	68.9
2019-12-05T01:19	86.13143	120.11554	0.394	69.2
2019-12-05T01:29	86.13183	120.13083	0.398	68.9
2019-12-05T01:39	86.13225	120.14641	0.407	68.5
2019-12-05T01:49	86.13265	120.16207	0.408	68.8
2019-12-05T01:59	86.13306	120.17787	0.410	69.2
2019-12-05T02:09	86.13345	120.19399	0.416	70.3
2019-12-05T02:19	86.13382	120.21033	0.419	71.2
2019-12-05T02:29	86.13419	120.22685	0.422	71.9
2019-12-05T02:39	86.13455	120.24350	0.425	71.9
2019-12-05T02:49	86.13493	120.26026	0.429	71.6
2019-12-05T02:59	86.13530	120.27701	0.427	71.9
2019-12-05T03:09	86.13566	120.29398	0.432	72.6
2019-12-05T03:19	86.13600	120.31118	0.436	73.3
2019-12-05T03:29	86.13633	120.32843	0.435	74.1
2019-12-05T03:39	86.13666	120.34587	0.439	74.7
2019-12-05T03:49	86.13696	120.36347	0.441	75.5
2019-12-05T03:59	86.13725	120.38123	0.443	76.3
2019-12-05T04:09	86.13753	120.39892	0.441	76.9
2019-12-05T04:19	86.13781	120.41654	0.439	76.8
2019-12-05T04:29	86.13807	120.43419	0.438	77.7
2019-12-05T04:39	86.13832	120.45256	0.454	78.7
2019-12-05T04:49	86.13854	120.46968	0.423	78.7
2019-12-05T04:59	86.13877	120.48727	0.434	79.4
2019-12-05T05:09	86.13898	120.50475	0.431	79.5
2019-12-05T05:19	86.13920	120.52218	0.429	79.7
2019-12-05T05:29	86.13939	120.53969	0.430	80.5
2019-12-05T05:39	86.13958	120.55740	0.434	81.3
2019-12-05T05:49	86.13975	120.57504	0.432	81.4
2019-12-05T05:59	86.13993	120.59257	0.429	81.8
2019-12-05T06:09	86.14009	120.61014	0.430	81.9
2019-12-05T06:19	86.14024	120.62767	0.428	82.7
2019-12-05T06:29	86.14038	120.64526	0.429	83.2
2019-12-05T06:39	86.14052	120.66281	0.428	83.6
2019-12-05T06:49	86.14064	120.68019	0.423	84.0
2019-12-05T06:59	86.14076	120.69747	0.421	83.9
2019-12-05T07:09	86.14089	120.71461	0.418	83.9
2019-12-05T07:19	86.14100	120.73162	0.414	84.2
2019-12-05T07:29	86.14111	120.74835	0.407	84.8
2019-12-05T07:39	86.14119	120.76499	0.404	85.5
2019-12-05T07:49	86.14127	120.78153	0.402	86.2
2019-12-05T07:59	86.14133	120.79803	0.400	87.0
2019-12-05T08:09	86.14138	120.81434	0.396	87.4
2019-12-05T08:19	86.14143	120.83032	0.388	87.0
2019-12-05T08:29	86.14149	120.84611	0.383	86.6
2019-12-05T08:39	86.14155	120.86162	0.376	86.8
2019-12-05T08:49	86.14164	120.87703	0.374	85.4
2019-12-05T08:59	86.14174	120.89227	0.371	84.5
2019-12-05T09:09	86.14184	120.90751	0.371	84.2
2019-12-05T09:19	86.14195	120.92255	0.366	83.9
2019-12-05T09:29	86.14200	120.93751	0.363	86.7
2019-12-05T09:39	86.14206	120.95229	0.359	86.8
2019-12-05T09:49	86.14211	120.96683	0.353	86.9
2019-12-05T09:59	86.14217	120.98118	0.348	86.3
2019-12-05T10:09	86.14224	120.99548	0.347	86.4
2019-12-05T10:19	86.14230	121.00967	0.345	85.8
2019-12-05T10:29	86.14235	121.02376	0.342	87.0
2019-12-05T10:39	86.14238	121.03773	0.338	88.7
2019-12-05T10:49	86.14241	121.05157	0.336	88.0
2019-12-05T10:59	86.14248	121.06522	0.332	85.3
2019-12-05T11:09	86.14258	121.07874	0.329	84.2
2019-12-05T11:19	86.14267	121.09226	0.329	83.8
2019-12-05T11:29	86.14276	121.10561	0.325	84.3
2019-12-05T11:39	86.14286	121.11891	0.324	83.8
2019-12-05T11:49	86.14295	121.13226	0.325	84.2
2019-12-05T11:59	86.14305	121.14555	0.324	83.9
2019-12-05T12:09	86.14314	121.15897	0.327	84.2
2019-12-05T12:19	86.14324	121.17228	0.324	83.7
2019-12-05T12:29	86.14335	121.18557	0.324	82.9
2019-12-05T12:39	86.14347	121.19899	0.328	82.1
2019-12-05T12:49	86.14359	121.21233	0.326	82.6
2019-12-05T12:59	86.14372	121.22583	0.330	81.9
2019-12-05T13:09	86.14385	121.23928	0.329	81.9
2019-12-05T13:19	86.14397	121.25283	0.331	82.4
2019-12-05T13:29	86.14408	121.26632	0.329	83.2
2019-12-05T13:39	86.14419	121.27991	0.332	82.7
2019-12-05T13:49	86.14430	121.29367	0.336	83.1
2019-12-05T13:59	86.14442	121.30755	0.339	82.7
2019-12-05T14:09	86.14455	121.32144	0.339	82.3
2019-12-05T14:19	86.14467	121.33560	0.346	82.6
2019-12-05T14:29	86.14478	121.34940	0.336	83.4
2019-12-05T14:39	86.14489	121.36350	0.343	83.4
2019-12-05T14:49	86.14499	121.37762	0.344	84.1
2019-12-05T14:59	86.14510	121.39182	0.346	83.3
2019-12-05T15:09	86.14520	121.40619	0.350	84.2
2019-12-05T15:19	86.14527	121.42055	0.349	85.5
2019-12-05T15:29	86.14534	121.43491	0.348	86.2
2019-12-05T15:39	86.14539	121.44939	0.351	86.8
2019-12-05T15:49	86.14543	121.46389	0.351	88.0
2019-12-05T15:59	86.14547	121.47831	0.349	87.6
2019-12-05T16:09	86.14550	121.49277	0.350	88.0
2019-12-05T16:19	86.14550	121.50718	0.349	89.9
2019-12-05T16:29	86.14551	121.52149	0.346	89.2
2019-12-05T16:39	86.14552	121.53567	0.343	89.7
2019-12-05T16:49	86.14551	121.54978	0.341	90.5
2019-12-05T16:59	86.14550	121.56392	0.342	90.4
2019-12-05T17:09	86.14548	121.57813	0.344	91.5
2019-12-05T17:19	86.14545	121.59233	0.344	91.7
2019-12-05T17:29	86.14541	121.60639	0.341	92.1
2019-12-05T17:39	86.14536	121.62026	0.336	93.2
2019-12-05T17:49	86.14530	121.63409	0.335	93.6
2019-12-05T17:59	86.14523	121.64749	0.326	94.7
2019-12-05T18:09	86.14515	121.66073	0.322	95.3
2019-12-05T18:19	86.14504	121.67378	0.318	96.8
2019-12-05T18:29	86.14492	121.68691	0.321	97.5
2019-12-05T18:39	86.14479	121.69988	0.318	98.8
2019-12-05T18:49	86.14465	121.71265	0.313	99.2
2019-12-05T18:59	86.14450	121.72519	0.308	100.2
2019-12-05T19:09	86.14433	121.73776	0.311	101.5
2019-12-05T19:19	86.14415	121.75016	0.307	101.9
2019-12-05T19:29	86.14397	121.76235	0.302	102.1
2019-12-05T19:39	86.14380	121.77441	0.299	101.8
2019-12-05T19:49	86.14364	121.78628	0.293	101.6
2019-12-05T19:59	86.14347	121.79782	0.286	102.2
2019-12-05T20:09	86.14330	121.80923	0.283	102.3
2019-12-05T20:19	86.14313	121.82037	0.277	103.3
2019-12-05T20:29	86.14295	121.83121	0.270	103.7
2019-12-05T20:39	86.14278	121.84190	0.266	103.1
2019-12-05T20:49	86.14260	121.85231	0.260	104.3
2019-12-05T20:59	86.14242	121.86260	0.258	104.7
2019-12-05T21:09	86.14224	121.87262	0.251	104.7
2019-12-05T21:19	86.14207	121.88236	0.244	104.9
2019-12-05T21:29	86.14190	121.89188	0.238	104.4
2019-12-05T21:39	86.14175	121.90111	0.231	104.2
2019-12-05T21:49	86.14160	121.91001	0.222	104.3
2019-12-05T21:59	86.14146	121.91862	0.214	103.1
2019-12-05T22:09	86.14134	121.92700	0.208	102.2
2019-12-05T22:19	86.14122	121.93507	0.200	102.0
2019-12-05T22:29	86.14113	121.94285	0.192	100.3
2019-12-05T22:39	86.14105	121.95047	0.187	99.2
2019-12-05T22:49	86.14097	121.95794	0.183	98.5
2019-12-05T22:59	86.14090	121.96529	0.180	97.8
2019-12-05T23:09	86.14085	121.97239	0.173	96.8
2019-12-05T23:19	86.14079	121.97938	0.170	96.3
2019-12-05T23:29	86.14075	121.98631	0.169	95.2
2019-12-05T23:39	86.14072	121.99307	0.164	94.0
2019-12-05T23:49	86.14069	121.99991	0.166	93.2
2019-12-05T23:59	86.14068	122.00651	0.160	91.6
2019-12-06T00:09	86.14067	122.01316	0.161	91.2
2019-12-06T00:19	86.14067	122.01967	0.158	90.1
2019-12-06T00:29	86.14067	122.02620	0.158	90.1
2019-12-06T00:39	86.14068	122.03263	0.156	88.7
2019-12-06T00:49	86.14069	122.03902	0.155	89.0
2019-12-06T00:59	86.14069	122.04537	0.154	89.6
2019-12-06T01:09	86.14070	122.05166	0.153	88.8
2019-12-06T01:19	86.14071	122.05799	0.153	88.3
2019-12-06T01:29	86.14073	122.06422	0.151	88.3
2019-12-06T01:39	86.14075	122.07050	0.152	87.0
2019-12-06T01:49	86.14076	122.07657	0.147	88.4
2019-12-06T01:59	86.14077	122.08266	0.148	88.9
2019-12-06T02:09	86.14078	122.08882	0.149	88.4
2019-12-06T02:19	86.14079	122.09501	0.150	88.2
2019-12-06T02:29	86.14080	122.10114	0.149	88.6
2019-12-06T02:39	86.14081	122.10726	0.148	88.8
2019-12-06T02:49	86.14082	122.11329	0.146	87.9
2019-12-06T02:59	86.14083	122.11944	0.149	89.0
2019-12-06T03:09	86.14083	122.12562	0.150	90.1
2019-12-06T03:19	86.14083	122.13178	0.149	90.4
2019-12-06T03:29	86.14083	122.13804	0.151	89.5
2019-12-06T03:39	86.14084	122.14426	0.151	89.4
2019-12-06T03:49	86.14084	122.15059	0.153	89.6
2019-12-06T03:59	86.14083	122.15689	0.153	91.6
2019-12-06T04:09	86.14079	122.16319	0.153	94.4
2019-12-06T04:19	86.14076	122.16943	0.152	94.2
2019-12-06T04:29	86.14072	122.17553	0.149	95.9
2019-12-06T04:39	86.14068	122.18155	0.147	96.0
2019-12-06T04:49	86.14063	122.18752	0.146	96.3
2019-12-06T04:59	86.14059	122.19327	0.141	97.0
2019-12-06T05:09	86.14054	122.19886	0.136	96.8
2019-12-06T05:19	86.14050	122.20442	0.136	96.7
2019-12-06T05:29	86.14044	122.20973	0.130	98.9
2019-12-06T05:39	86.14038	122.21513	0.133	99.2
2019-12-06T05:49	86.14033	122.22030	0.127	99.1
2019-12-06T05:59	86.14026	122.22516	0.120	101.3
2019-12-06T06:09	86.14019	122.22993	0.118	102.9
2019-12-06T06:19	86.14011	122.23453	0.115	103.4
2019-12-06T06:29	86.14004	122.23906	0.113	104.3
2019-12-06T06:39	86.13995	122.24328	0.106	105.9
2019-12-06T06:49	86.13987	122.24734	0.103	108.0
2019-12-06T06:59	86.13978	122.25117	0.098	108.3
2019-12-06T07:09	86.13971	122.25488	0.094	106.8
2019-12-06T07:19	86.13963	122.25842	0.091	108.5
2019-12-06T07:29	86.13956	122.26180	0.085	105.3
2019-12-06T07:39	86.13951	122.26504	0.080	102.8
2019-12-06T07:49	86.13947	122.26803	0.074	102.2
2019-12-06T07:59	86.13942	122.27088	0.071	104.6
2019-12-06T08:09	86.13935	122.27357	0.070	111.7
2019-12-06T08:19	86.13929	122.27581	0.059	112.3
2019-12-06T08:29	86.13923	122.27823	0.062	107.9
2019-12-06T08:39	86.13918	122.28036	0.055	109.7
2019-12-06T08:49	86.13912	122.28220	0.049	115.2
2019-12-06T08:59	86.13906	122.28403	0.049	115.9
2019-12-06T09:09	86.13900	122.28555	0.043	121.1
2019-12-06T09:19	86.13895	122.28700	0.040	118.3
2019-12-06T09:29	86.13890	122.28833	0.037	118.8
2019-12-06T09:39	86.13886	122.28949	0.032	118.3
2019-12-06T09:49	86.13882	122.29047	0.027	118.0
2019-12-06T09:59	86.13880	122.29144	0.025	109.9
2019-12-06T10:09	86.13878	122.29221	0.020	107.6
2019-12-06T10:19	86.13877	122.29273	0.013	104.5
2019-12-06T10:29	86.13877	122.29325	0.013	89.3
2019-12-06T10:39	86.13878	122.29366	0.010	73.2
2019-12-06T10:49	86.13880	122.29407	0.012	57.4
2019-12-06T10:59	86.13882	122.29425	0.008	30.1
2019-12-06T11:09	86.13885	122.29437	0.011	15.3
2019-12-06T11:19	86.13888	122.29437	0.010	359.2
2019-12-06T11:29	86.13893	122.29428	0.018	353.5
2019-12-06T11:39	86.13900	122.29399	0.027	344.8
2019-12-06T11:49	86.13905	122.29384	0.017	347.8
2019-12-06T11:59	86.13912	122.29356	0.027	345.7
2019-12-06T12:09	86.13921	122.29324	0.032	345.9
2019-12-06T12:19	86.13931	122.29292	0.037	348.1
2019-12-06T12:29	86.13941	122.29260	0.039	348.4
2019-12-06T12:39	86.13953	122.29222	0.044	347.8
2019-12-06T12:49	86.13966	122.29180	0.047	347.4
2019-12-06T12:59	86.13980	122.29148	0.050	351.1
2019-12-06T13:09	86.13994	122.29118	0.052	352.0
2019-12-06T13:19	86.14010	122.29088	0.057	352.6
2019-12-06T13:29	86.14023	122.29059	0.049	351.8
2019-12-06T13:39	86.14036	122.29041	0.048	354.8
2019-12-06T13:49	86.14049	122.29029	0.047	356.4
2019-12-06T13:59	86.14064	122.29009	0.052	354.6
2019-12-06T14:09	86.14080	122.29003	0.058	358.5
2019-12-06T14:19	86.14096	122.28980	0.061	354.8
2019-12-06T14:29	86.14114	122.28958	0.064	355.3
2019-12-06T14:39	86.14131	122.28930	0.061	353.5
2019-12-06T14:49	86.14149	122.28911	0.064	356.0
2019-12-06T14:59	86.14167	122.28878	0.066	353.1
2019-12-06T15:09	86.14187	122.28850	0.070	354.5
2019-12-06T15:19	86.14206	122.28830	0.071	356.0
2019-12-06T15:29	86.14225	122.28812	0.069	356.3
2019-12-06T15:39	86.14244	122.28790	0.067	355.5
2019-12-06T15:49	86.14263	122.28772	0.069	356.3
2019-12-06T15:59	86.14282	122.28765	0.067	358.5
2019-12-06T16:09	86.14300	122.28769	0.065	0.9
2019-12-06T16:19	86.14317	122.28772	0.064	0.7
2019-12-06T16:29	86.14335	122.28786	0.064	3.0
2019-12-06T16:39	86.14353	122.28809	0.063	5.1
2019-12-06T16:49	86.14369	122.28831	0.058	5.3
2019-12-06T16:59	86.14384	122.28849	0.057	4.3
2019-12-06T17:09	86.14400	122.28863	0.055	3.6
2019-12-06T17:19	86.14415	122.28879	0.055	4.1
2019-12-06T17:29	86.14429	122.28894	0.051	4.1
2019-12-06T17:39	86.14442	122.28896	0.046	0.4
2019-12-06T17:49	86.14456	122.28903	0.051	2.0
2019-12-06T17:59	86.14469	122.28910	0.046	2.1
2019-12-06T18:09	86.14481	122.28911	0.044	0.4
2019-12-06T18:19	86.14492	122.28914	0.041	0.8
2019-12-06T18:29	86.14502	122.28913	0.036	359.8
2019-12-06T18:39	86.14512	122.28909	0.035	358.5
2019-12-06T18:49	86.14520	122.28895	0.031	353.5
2019-12-06T18:59	86.14529	122.28875	0.032	351.4
2019-12-06T19:09	86.14539	122.28855	0.034	351.9
2019-12-06T19:19	86.14547	122.28821	0.030	344.0
2019-12-06T19:29	86.14554	122.28770	0.028	333.6
2019-12-06T19:39	86.14560	122.28706	0.028	326.6
2019-12-06T19:49	86.14566	122.28638	0.026	321.2
2019-12-06T19:59	86.14571	122.28562	0.027	317.5
2019-12-06T20:09	86.14578	122.28475	0.032	318.2
2019-12-06T20:19	86.14583	122.28380	0.030	309.8
2019-12-06T20:29	86.14589	122.28280	0.032	311.6
2019-12-06T20:39	86.14595	122.28160	0.035	303.9
2019-12-06T20:49	86.14601	122.28021	0.040	302.6
2019-12-06T20:59	86.14605	122.27877	0.039	296.2
2019-12-06T21:09	86.14611	122.27736	0.039	299.6
2019-12-06T21:19	86.14617	122.27586	0.042	300.0
2019-12-06T21:29	86.14623	122.27412	0.048	298.9
2019-12-06T21:39	86.14631	122.27241	0.050	303.5
2019-12-06T21:49	86.14638	122.27048	0.054	300.5
2019-12-06T21:59	86.14647	122.26832	0.060	300.1
2019-12-06T22:09	86.14656	122.26603	0.064	300.3
2019-12-06T22:19	86.14665	122.26373	0.064	299.8
2019-12-06T22:29	86.14674	122.26131	0.068	301.0
2019-12-06T22:39	86.14685	122.25884	0.071	302.5
2019-12-06T22:49	86.14696	122.25628	0.075	303.5
2019-12-06T22:59	86.14708	122.25362	0.078	304.1
2019-12-06T23:09	86.14721	122.25101	0.078	306.2
2019-12-06T23:19	86.14735	122.24835	0.082	308.2
2019-12-06T23:29	86.14750	122.24572	0.083	310.1
2019-12-06T23:39	86.14766	122.24310	0.086	312.1
2019-12-06T23:49	86.14783	122.24060	0.085	314.8
2019-12-06T23:59	86.14800	122.23787	0.090	312.6
2019-12-07T00:09	86.14817	122.23500	0.094	312.3
2019-12-07T00:19	86.14836	122.23215	0.096	314.0
2019-12-07T00:29	86.14855	122.22925	0.099	315.1
2019-12-07T00:39	86.14876	122.22638	0.102	317.2
2019-12-07T00:49	86.14897	122.22351	0.102	317.1
2019-12-07T00:59	86.14918	122.22071	0.101	317.9
2019-12-07T01:09	86.14939	122.21794	0.102	319.0
2019-12-07T01:19	86.14961	122.21519	0.103	319.6
2019-12-07T01:29	86.14984	122.21263	0.105	323.8
2019-12-07T01:39	86.15009	122.21013	0.108	326.1
2019-12-07T01:49	86.15035	122.20771	0.108	327.4
2019-12-07T01:59	86.15060	122.20527	0.109	327.3
2019-12-07T02:09	86.15086	122.20285	0.111	328.4
2019-12-07T02:19	86.15112	122.20050	0.110	328.9
2019-12-07T02:29	86.15139	122.19826	0.109	330.3
2019-12-07T02:39	86.15165	122.19604	0.110	330.7
2019-12-07T02:49	86.15192	122.19401	0.106	332.5
2019-12-07T02:59	86.15218	122.19211	0.107	334.6
2019-12-07T03:09	86.15245	122.19037	0.106	336.6
2019-12-07T03:19	86.15272	122.18875	0.105	338.1
2019-12-07T03:29	86.15300	122.18727	0.104	340.0
2019-12-07T03:39	86.15326	122.18593	0.101	341.2
2019-12-07T03:49	86.15352	122.18467	0.097	341.8
2019-12-07T03:59	86.15377	122.18339	0.095	341.0
2019-12-07T04:09	86.15402	122.18220	0.097	342.8
2019-12-07T04:19	86.15427	122.18115	0.093	344.2
2019-12-07T04:29	86.15449	122.18001	0.084	340.9
2019-12-07T04:39	86.15472	122.17893	0.087	342.5
2019-12-07T04:49	86.15495	122.17802	0.084	344.8
2019-12-07T04:59	86.15517	122.17716	0.083	345.4
2019-12-07T05:09	86.15539	122.17632	0.083	345.8
2019-12-07T05:19	86.15561	122.17545	0.082	345.1
2019-12-07T05:29	86.15585	122.17470	0.086	347.9
2019-12-07T05:39	86.15609	122.17381	0.090	346.1
2019-12-07T05:49	86.15632	122.17317	0.086	349.7
2019-12-07T05:59	86.15655	122.17258	0.082	350.0
2019-12-07T06:09	86.15677	122.17193	0.082	349.1
2019-12-07T06:19	86.15698	122.17108	0.079	344.9
2019-12-07T06:29	86.15720	122.17011	0.080	342.9
2019-12-07T06:39	86.15740	122.16902	0.079	340.4
2019-12-07T06:49	86.15761	122.16795	0.078	340.8
2019-12-07T06:59	86.15782	122.16682	0.081	340.4
2019-12-07T07:09	86.15802	122.16572	0.079	340.3
2019-12-07T07:19	86.15823	122.16476	0.076	342.3
2019-12-07T07:29	86.15844	122.16368	0.081	341.4
2019-12-07T07:39	86.15866	122.16261	0.082	341.4
2019-12-07T07:49	86.15888	122.16148	0.084	341.2
2019-12-07T07:59	86.15909	122.16021	0.083	338.2
2019-12-07T08:09	86.15930	122.15911	0.080	340.7
2019-12-07T08:19	86.15951	122.15784	0.080	337.6
2019-12-07T08:29	86.15971	122.15650	0.081	336.5
2019-12-07T08:39	86.15993	122.15496	0.086	334.3
2019-12-07T08:49	86.16014	122.15367	0.082	337.9
2019-12-07T08:59	86.16036	122.15223	0.085	336.0
2019-12-07T09:09	86.16058	122.15065	0.090	334.8
2019-12-07T09:19	86.16080	122.14894	0.088	331.9
2019-12-07T09:29	86.16100	122.14706	0.087	328.7
2019-12-07T09:39	86.16121	122.14520	0.088	329.3
2019-12-07T09:49	86.16144	122.14314	0.094	328.2
2019-12-07T09:59	86.16165	122.14106	0.092	326.8
2019-12-07T10:09	86.16186	122.13873	0.095	323.6
2019-12-07T10:19	86.16208	122.13630	0.100	323.9
2019-12-07T10:29	86.16232	122.13367	0.106	323.2
2019-12-07T10:39	86.16255	122.13098	0.105	321.7
2019-12-07T10:49	86.16279	122.12831	0.109	323.7
2019-12-07T10:59	86.16304	122.12553	0.113	323.7
2019-12-07T11:09	86.16330	122.12273	0.115	324.3
2019-12-07T11:19	86.16357	122.11969	0.121	322.6
2019-12-07T11:29	86.16384	122.11666	0.122	323.2
2019-12-07T11:39	86.16413	122.11339	0.131	323.0
2019-12-07T11:49	86.16444	122.11015	0.134	324.5
2019-12-07T11:59	86.16475	122.10694	0.137	325.7
2019-12-07T12:09	86.16507	122.10363	0.141	325.7
2019-12-07T12:19	86.16542	122.10028	0.149	327.3
2019-12-07T12:29	86.16578	122.09701	0.151	328.5
2019-12-07T12:39	86.16615	122.09386	0.152	330.2
2019-12-07T12:49	86.16654	122.09087	0.158	332.8
2019-12-07T12:59	86.16692	122.08774	0.156	331.2
2019-12-07T13:09	86.16731	122.08455	0.161	331.5
2019-12-07T13:19	86.16771	122.08133	0.164	331.8
2019-12-07T13:29	86.16811	122.07803	0.162	330.7
2019-12-07T13:39	86.16851	122.07471	0.165	331.1
2019-12-07T13:49	86.16891	122.07152	0.163	332.0
2019-12-07T13:59	86.16931	122.06833	0.165	332.3
2019-12-07T14:09	86.16972	122.06530	0.165	333.8
2019-12-07T14:19	86.17016	122.06228	0.173	335.2
2019-12-07T14:29	86.17060	122.05894	0.177	333.0
2019-12-07T14:39	86.17105	122.05561	0.181	333.8
2019-12-07T14:49	86.17149	122.05208	0.182	332.2
2019-12-07T14:59	86.17196	122.04837	0.190	332.1
2019-12-07T15:09	86.17246	122.04483	0.199	334.6
2019-12-07T15:19	86.17296	122.04131	0.200	335.0
2019-12-07T15:29	86.17350	122.03772	0.212	336.0
2019-12-07T15:39	86.17405	122.03412	0.216	336.5
2019-12-07T15:49	86.17461	122.03043	0.218	336.1
2019-12-07T15:59	86.17516	122.02679	0.219	336.4
2019-12-07T16:09	86.17573	122.02303	0.223	336.1
2019-12-07T16:19	86.17629	122.01907	0.223	334.7
2019-12-07T16:29	86.17686	122.01512	0.226	335.3
2019-12-07T16:39	86.17744	122.01100	0.229	334.4
2019-12-07T16:49	86.17801	122.00666	0.231	333.2
2019-12-07T16:59	86.17859	122.00223	0.235	333.1
2019-12-07T17:09	86.17919	121.99787	0.240	334.2
2019-12-07T17:19	86.17980	121.99360	0.244	335.2
2019-12-07T17:29	86.18041	121.98910	0.244	333.7
2019-12-07T17:39	86.18101	121.98432	0.243	331.9
2019-12-07T17:49	86.18161	121.97926	0.248	330.8
2019-12-07T17:59	86.18224	121.97388	0.260	330.2
2019-12-07T18:09	86.18285	121.96830	0.258	328.8
2019-12-07T18:19	86.18346	121.96248	0.261	327.7
2019-12-07T18:29	86.18409	121.95642	0.268	327.2
2019-12-07T18:39	86.18473	121.95003	0.276	326.4
2019-12-07T18:49	86.18537	121.94357	0.280	326.4
2019-12-07T18:59	86.18602	121.93690	0.281	325.4
2019-12-07T19:09	86.18664	121.93013	0.277	324.2
2019-12-07T19:19	86.18727	121.92324	0.280	324.0
2019-12-07T19:29	86.18793	121.91610	0.294	324.4
2019-12-07T19:39	86.18866	121.90888	0.315	326.7
2019-12-07T19:49	86.18944	121.90165	0.328	328.2
2019-12-07T19:59	86.19021	121.89382	0.335	326.0
2019-12-07T20:09	86.19101	121.88564	0.348	325.7
2019-12-07T20:19	86.19183	121.87781	0.351	327.7
2019-12-07T20:29	86.19267	121.86970	0.358	327.3
2019-12-07T20:39	86.19353	121.86158	0.367	328.1
2019-12-07T20:49	86.19445	121.85343	0.382	329.3
2019-12-07T20:59	86.19534	121.84477	0.382	327.2
2019-12-07T21:09	86.19624	121.83576	0.388	326.3
2019-12-07T21:19	86.19715	121.82658	0.394	326.2
2019-12-07T21:29	86.19809	121.81697	0.411	326.1
2019-12-07T21:39	86.19913	121.80745	0.437	328.7
2019-12-07T21:49	86.20021	121.79799	0.451	330.0
2019-12-07T21:59	86.20132	121.78837	0.460	330.1
2019-12-07T22:09	86.20243	121.77840	0.465	329.2
2019-12-07T22:19	86.20359	121.76829	0.482	330.0
2019-12-07T22:29	86.20476	121.75805	0.488	330.0
2019-12-07T22:39	86.20597	121.74751	0.501	329.9
2019-12-07T22:49	86.20718	121.73674	0.506	329.5
2019-12-07T22:59	86.20843	121.72594	0.519	330.3
2019-12-07T23:09	86.20963	121.71436	0.512	327.5
2019-12-07T23:19	86.21085	121.70279	0.519	328.0
2019-12-07T23:29	86.21215	121.69114	0.543	329.3
2019-12-07T23:39	86.21342	121.68013	0.527	330.2
2019-12-07T23:49	86.21470	121.66857	0.537	329.2
2019-12-07T23:59	86.21597	121.65811	0.521	331.5
2019-12-08T00:09	86.21726	121.64730	0.532	331.1
2019-12-08T00:19	86.21854	121.63647	0.528	330.8
2019-12-08T00:29	86.21982	121.62597	0.525	331.7
2019-12-08T00:39	86.22110	121.61586	0.517	332.3
2019-12-08T00:49	86.22237	121.60595	0.514	332.8
2019-12-08T00:59	86.22363	121.59627	0.509	333.2
2019-12-08T01:09	86.22489	121.58693	0.505	334.0
2019-12-08T01:19	86.22615	121.57787	0.502	334.7
2019-12-08T01:29	86.22741	121.56920	0.497	335.6
2019-12-08T01:39	86.22866	121.56086	0.493	336.4
2019-12-08T01:49	86.22990	121.55280	0.484	336.8
2019-12-08T01:59	86.23113	121.54493	0.482	337.3
2019-12-08T02:09	86.23236	121.53743	0.475	338.1
2019-12-08T02:19	86.23359	121.53024	0.476	339.1
2019-12-08T02:29	86.23481	121.52333	0.470	339.6
2019-12-08T02:39	86.23603	121.51656	0.467	340.0
2019-12-08T02:49	86.23724	121.51014	0.463	340.9
2019-12-08T02:59	86.23844	121.50388	0.455	341.1
2019-12-08T03:09	86.23964	121.49801	0.454	342.2
2019-12-08T03:19	86.24083	121.49224	0.449	342.3
2019-12-08T03:29	86.24202	121.48672	0.448	343.1
2019-12-08T03:39	86.24320	121.48142	0.442	343.6
2019-12-08T03:49	86.24437	121.47642	0.439	344.4
2019-12-08T03:59	86.24554	121.47169	0.435	345.1
2019-12-08T04:09	86.24671	121.46678	0.435	344.6
2019-12-08T04:19	86.24787	121.46253	0.429	346.5
2019-12-08T04:29	86.24901	121.45832	0.423	346.5
2019-12-08T04:39	86.25013	121.45419	0.417	346.5
2019-12-08T04:49	86.25126	121.45028	0.414	347.2
2019-12-08T04:59	86.25236	121.44632	0.408	346.8
2019-12-08T05:09	86.25346	121.44272	0.407	348.0
2019-12-08T05:19	86.25456	121.43916	0.403	348.0
2019-12-08T05:29	86.25564	121.43546	0.400	347.4
2019-12-08T05:39	86.25672	121.43201	0.396	348.2
2019-12-08T05:49	86.25779	121.42865	0.393	348.4
2019-12-08T05:59	86.25885	121.42518	0.390	347.9
2019-12-08T06:09	86.25990	121.42176	0.386	348.0
2019-12-08T06:19	86.26093	121.41834	0.381	347.9
2019-12-08T06:29	86.26197	121.41498	0.381	348.0
2019-12-08T06:39	86.26299	121.41162	0.376	347.9
2019-12-08T06:49	86.26401	121.40822	0.375	347.8
2019-12-08T06:59	86.26501	121.40481	0.371	347.5
2019-12-08T07:09	86.26602	121.40142	0.371	347.6
2019-12-08T07:19	86.26702	121.39785	0.369	346.9
2019-12-08T07:29	86.26801	121.39431	0.366	346.9
2019-12-08T07:39	86.26899	121.39075	0.363	346.7
2019-12-08T07:49	86.26996	121.38719	0.360	346.6
2019-12-08T07:59	86.27092	121.38348	0.358	346.0
2019-12-08T08:09	86.27189	121.37967	0.360	345.7
2019-12-08T08:19	86.27284	121.37589	0.353	345.5
2019-12-08T08:29	86.27379	121.37198	0.355	345.1
2019-12-08T08:39	86.27474	121.36796	0.354	344.6
2019-12-08T08:49	86.27568	121.36400	0.350	344.7
2019-12-08T08:59	86.27662	121.36005	0.350	344.7
2019-12-08T09:09	86.27755	121.35598	0.349	344.2
2019-12-08T09:19	86.27848	121.35186	0.347	343.9
2019-12-08T09:29	86.27941	121.34767	0.349	343.7
2019-12-08T09:39	86.28035	121.34350	0.351	343.9
2019-12-08T09:49	86.28128	121.33908	0.353	343.0
2019-12-08T09:59	86.28222	121.33472	0.353	343.3
2019-12-08T10:09	86.28316	121.33026	0.355	343.0
2019-12-08T10:19	86.28411	121.32583	0.356	343.1
2019-12-08T10:29	86.28506	121.32143	0.358	343.4
2019-12-08T10:39	86.28602	121.31702	0.358	343.3
2019-12-08T10:49	86.28697	121.31258	0.360	343.3
2019-12-08T10:59	86.28794	121.30813	0.364	343.4
2019-12-08T11:09	86.28892	121.30365	0.366	343.4
2019-12-08T11:19	86.28989	121.29921	0.366	343.6
2019-12-08T11:29	86.29089	121.29466	0.375	343.6
2019-12-08T11:39	86.29187	121.29028	0.369	343.9
2019-12-08T11:49	86.29287	121.28590	0.374	344.2
2019-12-08T11:59	86.29388	121.28159	0.378	344.6
2019-12-08T12:09	86.29490	121.27735	0.379	344.9
2019-12-08T12:19	86.29591	121.27297	0.379	344.4
2019-12-08T12:29	86.29694	121.26877	0.383	345.3
2019-12-08T12:39	86.29798	121.26466	0.384	345.6
2019-12-08T12:49	86.29902	121.26068	0.388	346.2
2019-12-08T12:59	86.30008	121.25674	0.391	346.5
2019-12-08T13:09	86.30114	121.25288	0.392	346.8
2019-12-08T13:19	86.30219	121.24893	0.390	346.4
2019-12-08T13:29	86.30326	121.24518	0.394	347.2
2019-12-08T13:39	86.30431	121.24137	0.389	346.9
2019-12-08T13:49	86.30537	121.23761	0.392	347.1
2019-12-08T13:59	86.30642	121.23372	0.386	346.5
2019-12-08T14:09	86.30746	121.23004	0.387	347.2
2019-12-08T14:19	86.30851	121.22676	0.383	348.6
2019-12-08T14:29	86.30956	121.22345	0.387	348.6
2019-12-08T14:39	86.31060	121.22039	0.381	349.3
2019-12-08T14:49	86.31162	121.21725	0.374	348.8
2019-12-08T14:59	86.31264	121.21456	0.374	350.4
2019-12-08T15:09	86.31366	121.21212	0.371	351.2
2019-12-08T15:19	86.31468	121.20995	0.371	352.2
2019-12-08T15:29	86.31568	121.20783	0.363	352.2
2019-12-08T15:39	86.31668	121.20585	0.361	352.7
2019-12-08T15:49	86.31765	121.20375	0.354	352.1
2019-12-08T15:59	86.31861	121.20217	0.348	354.0
2019-12-08T16:09	86.31959	121.20026	0.353	352.8
2019-12-08T16:19	86.32055	121.19864	0.348	353.8
2019-12-08T16:29	86.32151	121.19695	0.349	353.6
2019-12-08T16:39	86.32245	121.19540	0.341	354.0
2019-12-08T16:49	86.32340	121.19408	0.342	354.9
2019-12-08T16:59	86.32433	121.19283	0.337	355.1
2019-12-08T17:09	86.32526	121.19154	0.336	354.9
2019-12-08T17:19	86.32618	121.19033	0.334	355.2
2019-12-08T17:29	86.32709	121.18916	0.329	355.3
2019-12-08T17:39	86.32801	121.18801	0.331	355.4
2019-12-08T17:49	86.32890	121.18677	0.321	354.9
2019-12-08T17:59	86.32977	121.18545	0.317	354.5
2019-12-08T18:09	86.33063	121.18421	0.310	354.7
2019-12-08T18:19	86.33148	121.18302	0.309	354.9
2019-12-08T18:29	86.33233	121.18180	0.306	354.7
2019-12-08T18:39	86.33317	121.18064	0.303	354.9
2019-12-08T18:49	86.33400	121.17957	0.300	355.3
2019-12-08T18:59	86.33482	121.17848	0.296	355.1
2019-12-08T19:09	86.33563	121.17732	0.294	354.8
2019-12-08T19:19	86.33643	121.17604	0.289	354.2
2019-12-08T19:29	86.33723	121.17458	0.289	353.3
2019-12-08T19:39	86.33801	121.17287	0.285	352.0
2019-12-08T19:49	86.33878	121.17088	0.282	350.7
2019-12-08T19:59	86.33956	121.16894	0.282	350.9
2019-12-08T20:09	86.34033	121.16678	0.282	349.9
2019-12-08T20:19	86.34110	121.16469	0.282	350.2
2019-12-08T20:29	86.34187	121.16241	0.282	349.3
2019-12-08T20:39	86.34264	121.16008	0.281	349.0
2019-12-08T20:49	86.34341	121.15759	0.283	348.3
2019-12-08T20:59	86.34417	121.15493	0.282	347.5
2019-12-08T21:09	86.34493	121.15217	0.281	346.9
2019-12-08T21:19	86.34570	121.14942	0.285	347.2
2019-12-08T21:29	86.34647	121.14646	0.283	346.1
2019-12-08T21:39	86.34723	121.14339	0.284	345.6
2019-12-08T21:49	86.34799	121.14018	0.284	345.0
2019-12-08T21:59	86.34875	121.13696	0.285	345.0
2019-12-08T22:09	86.34950	121.13353	0.280	343.7
2019-12-08T22:19	86.35026	121.13017	0.284	344.2
2019-12-08T22:29	86.35102	121.12676	0.285	344.1
2019-12-08T22:39	86.35177	121.12323	0.283	343.4
2019-12-08T22:49	86.35253	121.11964	0.283	343.2
2019-12-08T22:59	86.35328	121.11592	0.283	342.4
2019-12-08T23:09	86.35402	121.11214	0.283	342.2
2019-12-08T23:19	86.35478	121.10823	0.285	341.7
2019-12-08T23:29	86.35553	121.10446	0.285	342.4
2019-12-08T23:39	86.35629	121.10067	0.288	342.5
2019-12-08T23:49	86.35707	121.09686	0.292	342.6
2019-12-08T23:59	86.35784	121.09318	0.291	343.2
2019-12-09T00:09	86.35860	121.08927	0.289	342.0
2019-12-09T00:19	86.35937	121.08540	0.289	342.2
2019-12-09T00:29	86.36014	121.08160	0.293	342.8
2019-12-09T00:39	86.36093	121.07793	0.295	343.5
2019-12-09T00:49	86.36173	121.07423	0.300	343.6
2019-12-09T00:59	86.36253	121.07067	0.301	344.3
2019-12-09T01:09	86.36334	121.06709	0.301	344.2
2019-12-09T01:19	86.36413	121.06328	0.299	343.1
2019-12-09T01:29	86.36494	121.05942	0.303	343.1
2019-12-09T01:39	86.36575	121.05612	0.301	345.5
2019-12-09T01:49	86.36655	121.05305	0.298	346.4
2019-12-09T01:59	86.36735	121.04995	0.297	346.2
2019-12-09T02:09	86.36816	121.04685	0.298	346.3
2019-12-09T02:19	86.36896	121.04384	0.297	346.6
2019-12-09T02:29	86.36976	121.04085	0.297	346.7
2019-12-09T02:39	86.37056	121.03788	0.294	346.7
2019-12-09T02:49	86.37135	121.03486	0.293	346.4
2019-12-09T02:59	86.37214	121.03183	0.294	346.4
2019-12-09T03:09	86.37293	121.02907	0.292	347.6
2019-12-09T03:19	86.37372	121.02623	0.291	347.2
2019-12-09T03:29	86.37451	121.02353	0.292	347.9
2019-12-09T03:39	86.37531	121.02085	0.293	348.0
2019-12-09T03:49	86.37611	121.01820	0.293	348.1
2019-12-09T03:59	86.37690	121.01550	0.291	347.8
2019-12-09T04:09	86.37770	121.01303	0.295	349.0
2019-12-09T04:19	86.37849	121.01030	0.289	347.6
2019-12-09T04:29	86.37928	121.00783	0.293	348.9
2019-12-09T04:39	86.38008	121.00527	0.294	348.6
2019-12-09T04:49	86.38087	121.00263	0.290	348.1
2019-12-09T04:59	86.38166	120.99986	0.291	347.5
2019-12-09T05:09	86.38244	120.99715	0.287	347.6
2019-12-09T05:19	86.38322	120.99458	0.287	348.3
2019-12-09T05:29	86.38400	120.99206	0.286	348.5
2019-12-09T05:39	86.38477	120.98961	0.282	348.6
2019-12-09T05:49	86.38554	120.98704	0.283	348.1
2019-12-09T05:59	86.38630	120.98452	0.281	348.2
2019-12-09T06:09	86.38706	120.98224	0.277	349.3
2019-12-09T06:19	86.38781	120.97972	0.277	348.0
2019-12-09T06:29	86.38855	120.97733	0.274	348.6
2019-12-09T06:39	86.38929	120.97471	0.272	347.4
2019-12-09T06:49	86.39003	120.97213	0.270	347.5
2019-12-09T06:59	86.39076	120.96983	0.268	348.8
2019-12-09T07:09	86.39150	120.96768	0.272	349.7
2019-12-09T07:19	86.39223	120.96547	0.269	349.3
2019-12-09T07:29	86.39295	120.96308	0.264	348.2
2019-12-09T07:39	86.39366	120.96052	0.262	347.3
2019-12-09T07:49	86.39438	120.95824	0.264	348.7
2019-12-09T07:59	86.39509	120.95571	0.260	347.3
2019-12-09T08:09	86.39579	120.95317	0.259	347.2
2019-12-09T08:19	86.39649	120.95066	0.259	347.4
2019-12-09T08:29	86.39719	120.94764	0.259	344.7
2019-12-09T08:39	86.39788	120.94509	0.256	347.0
2019-12-09T08:49	86.39857	120.94255	0.257	347.1
2019-12-09T08:59	86.39927	120.93983	0.257	346.1
2019-12-09T09:09	86.39997	120.93707	0.262	346.2
2019-12-09T09:19	86.40067	120.93422	0.260	345.6
2019-12-09T09:29	86.40137	120.93141	0.261	345.9
2019-12-09T09:39	86.40206	120.92847	0.257	345.1
2019-12-09T09:49	86.40276	120.92574	0.256	346.1
2019-12-09T09:59	86.40345	120.92305	0.258	346.4
2019-12-09T10:09	86.40415	120.92038	0.259	346.5
2019-12-09T10:19	86.40485	120.91757	0.261	345.9
2019-12-09T10:29	86.40557	120.91460	0.266	345.4
2019-12-09T10:39	86.40628	120.91214	0.264	347.9
2019-12-09T10:49	86.40700	120.90987	0.261	348.7
2019-12-09T10:59	86.40772	120.90787	0.264	350.2
2019-12-09T11:09	86.40844	120.90565	0.264	349.1
2019-12-09T11:19	86.40914	120.90337	0.258	348.5
2019-12-09T11:29	86.40985	120.90115	0.260	348.9
2019-12-09T11:39	86.41054	120.89934	0.253	350.8
2019-12-09T11:49	86.41124	120.89756	0.255	350.9
2019-12-09T11:59	86.41195	120.89572	0.258	350.7
2019-12-09T12:09	86.41267	120.89389	0.264	351.0
2019-12-09T12:19	86.41340	120.89242	0.266	352.8
2019-12-09T12:29	86.41413	120.89086	0.264	352.4
2019-12-09T12:39	86.41487	120.88929	0.267	352.4
2019-12-09T12:49	86.41561	120.88794	0.269	353.5
2019-12-09T12:59	86.41636	120.88673	0.271	354.2
2019-12-09T13:09	86.41711	120.88584	0.272	355.8
2019-12-09T13:19	86.41787	120.88499	0.271	356.0
2019-12-09T13:29	86.41863	120.88445	0.276	357.5
2019-12-09T13:39	86.41940	120.88413	0.277	358.5
2019-12-09T13:49	86.42017	120.88394	0.278	359.1
2019-12-09T13:59	86.42094	120.88382	0.277	359.4
2019-12-09T14:09	86.42170	120.88362	0.273	359.1
2019-12-09T14:19	86.42245	120.88352	0.272	359.5
2019-12-09T14:29	86.42319	120.88368	0.266	0.8
2019-12-09T14:39	86.42393	120.88404	0.266	1.7
2019-12-09T14:49	86.42467	120.88470	0.266	3.2
2019-12-09T14:59	86.42540	120.88543	0.263	3.6
2019-12-09T15:09	86.42613	120.88619	0.264	3.7
2019-12-09T15:19	86.42683	120.88686	0.254	3.4
2019-12-09T15:29	86.42754	120.88754	0.254	3.4
2019-12-09T15:39	86.42823	120.88837	0.249	4.3
2019-12-09T15:49	86.42889	120.88939	0.239	5.5
2019-12-09T15:59	86.42957	120.89087	0.246	7.7
2019-12-09T16:09	86.43023	120.89219	0.241	7.1
2019-12-09T16:19	86.43091	120.89378	0.247	8.3
2019-12-09T16:29	86.43158	120.89575	0.245	10.4
2019-12-09T16:39	86.43223	120.89719	0.238	7.8
2019-12-09T16:49	86.43288	120.89866	0.237	8.0
2019-12-09T16:59	86.43355	120.90007	0.242	7.5
2019-12-09T17:09	86.43422	120.90120	0.244	6.0
2019-12-09T17:19	86.43490	120.90219	0.244	5.2
2019-12-09T17:29	86.43557	120.90307	0.242	4.6
2019-12-09T17:39	86.43623	120.90402	0.239	5.1
2019-12-09T17:49	86.43688	120.90500	0.235	5.4
2019-12-09T17:59	86.43752	120.90614	0.233	6.3
2019-12-09T18:09	86.43816	120.90717	0.231	5.7
2019-12-09T18:19	86.43879	120.90814	0.228	5.5
2019-12-09T18:29	86.43942	120.90865	0.228	2.9
2019-12-09T18:39	86.44005	120.90900	0.225	2.0
2019-12-09T18:49	86.44066	120.90948	0.220	2.7
2019-12-09T18:59	86.44126	120.91003	0.216	3.3
2019-12-09T19:09	86.44185	120.91051	0.211	2.9
2019-12-09T19:19	86.44243	120.91071	0.210	1.2
2019-12-09T19:29	86.44303	120.91071	0.217	360.0
2019-12-09T19:39	86.44362	120.91076	0.212	0.4
2019-12-09T19:49	86.44423	120.91148	0.217	4.2
2019-12-09T19:59	86.44480	120.91212	0.207	4.0
2019-12-09T20:09	86.44538	120.91217	0.208	0.3
2019-12-09T20:19	86.44597	120.91200	0.212	359.0
2019-12-09T20:29	86.44656	120.91142	0.213	356.5
2019-12-09T20:39	86.44716	120.91068	0.217	355.6
2019-12-09T20:49	86.44776	120.90998	0.218	355.9
2019-12-09T20:59	86.44839	120.90957	0.227	357.7
2019-12-09T21:09	86.44899	120.90866	0.218	354.6
2019-12-09T21:19	86.44961	120.90826	0.224	357.7
2019-12-09T21:29	86.45022	120.90719	0.218	353.7
2019-12-09T21:39	86.45083	120.90593	0.222	352.7
2019-12-09T21:49	86.45145	120.90479	0.225	353.6
2019-12-09T21:59	86.45211	120.90394	0.239	355.4
2019-12-09T22:09	86.45277	120.90261	0.238	352.8
2019-12-09T22:19	86.45337	120.90115	0.222	351.6
2019-12-09T22:29	86.45397	120.90019	0.216	354.3
2019-12-09T22:39	86.45464	120.90033	0.239	0.7
2019-12-09T22:49	86.45531	120.90071	0.243	2.0
2019-12-09T22:59	86.45599	120.90012	0.244	356.9
2019-12-09T23:09	86.45665	120.89943	0.238	356.3
2019-12-09T23:19	86.45731	120.89902	0.241	357.8
2019-12-09T23:29	86.45800	120.89882	0.246	359.0
2019-12-09T23:39	86.45867	120.89847	0.244	358.1
2019-12-09T23:49	86.45936	120.89866	0.245	1.0
2019-12-09T23:59	86.46007	120.89935	0.257	3.4
2019-12-10T00:09	86.46081	120.90028	0.269	4.4
2019-12-10T00:19	86.46156	120.90143	0.268	5.5
2019-12-10T00:29	86.46228	120.90212	0.262	3.3
2019-12-10T00:39	86.46301	120.90259	0.261	2.3
2019-12-10T00:49	86.46374	120.90355	0.266	4.6
2019-12-10T00:59	86.46448	120.90456	0.266	4.8
2019-12-10T01:09	86.46523	120.90568	0.271	5.3
2019-12-10T01:19	86.46596	120.90646	0.265	3.7
2019-12-10T01:29	86.46672	120.90783	0.274	6.3
2019-12-10T01:39	86.46744	120.90855	0.260	3.5
2019-12-10T01:49	86.46818	120.90984	0.268	6.1
2019-12-10T01:59	86.46893	120.91120	0.271	6.4
2019-12-10T02:09	86.46970	120.91309	0.279	8.7
2019-12-10T02:19	86.47047	120.91541	0.282	10.5
2019-12-10T02:29	86.47121	120.91650	0.269	5.2
2019-12-10T02:39	86.47195	120.91774	0.266	5.9
2019-12-10T02:49	86.47270	120.91917	0.271	6.7
2019-12-10T02:59	86.47344	120.92071	0.269	7.3
2019-12-10T03:09	86.47419	120.92274	0.275	9.4
2019-12-10T03:19	86.47497	120.92602	0.290	14.5
2019-12-10T03:29	86.47576	120.92946	0.294	15.0
2019-12-10T03:39	86.47654	120.93234	0.287	12.8
2019-12-10T03:49	86.47731	120.93493	0.285	11.6
2019-12-10T03:59	86.47809	120.93799	0.286	13.7
2019-12-10T04:09	86.47887	120.94125	0.291	14.3
2019-12-10T04:19	86.47965	120.94423	0.289	13.2
2019-12-10T04:29	86.48040	120.94755	0.281	15.1
2019-12-10T04:39	86.48113	120.95050	0.268	14.1
2019-12-10T04:49	86.48185	120.95350	0.269	14.3
2019-12-10T04:59	86.48258	120.95674	0.273	15.2
2019-12-10T05:09	86.48331	120.96009	0.273	15.8
2019-12-10T05:19	86.48405	120.96362	0.279	16.2
2019-12-10T05:29	86.48481	120.96734	0.284	16.8
2019-12-10T05:39	86.48555	120.97125	0.279	18.0
2019-12-10T05:49	86.48627	120.97523	0.274	18.7
2019-12-10T05:59	86.48698	120.97915	0.270	18.6
2019-12-10T06:09	86.48768	120.98282	0.265	17.8
2019-12-10T06:19	86.48837	120.98616	0.259	16.5
2019-12-10T06:29	86.48904	120.98904	0.249	14.7
2019-12-10T06:39	86.48969	120.99178	0.243	14.4
2019-12-10T06:49	86.49034	120.99431	0.238	13.5
2019-12-10T06:59	86.49097	120.99695	0.236	14.3
2019-12-10T07:09	86.49161	120.99957	0.237	14.1
2019-12-10T07:19	86.49225	121.00243	0.241	15.2
2019-12-10T07:29	86.49289	121.00529	0.236	15.5
2019-12-10T07:39	86.49353	121.00765	0.238	12.6
2019-12-10T07:49	86.49416	121.00996	0.231	12.7
2019-12-10T07:59	86.49476	121.01215	0.223	12.5
2019-12-10T08:09	86.49535	121.01399	0.217	10.8
2019-12-10T08:19	86.49592	121.01571	0.206	10.6
2019-12-10T08:29	86.49648	121.01731	0.205	9.8
2019-12-10T08:39	86.49704	121.01879	0.206	9.1
2019-12-10T08:49	86.49759	121.02040	0.201	10.1
2019-12-10T08:59	86.49815	121.02232	0.206	11.9
2019-12-10T09:09	86.49870	121.02443	0.204	13.2
2019-12-10T09:19	86.49925	121.02640	0.201	12.4
2019-12-10T09:29	86.49980	121.02835	0.203	12.2
2019-12-10T09:39	86.50035	121.03025	0.204	11.8
2019-12-10T09:49	86.50090	121.03177	0.199	9.7
2019-12-10T09:59	86.50141	121.03311	0.189	9.0
2019-12-10T10:09	86.50194	121.03423	0.190	7.4
2019-12-10T10:19	86.50244	121.03520	0.181	6.8
2019-12-10T10:29	86.50293	121.03593	0.177	5.2
2019-12-10T10:39	86.50342	121.03681	0.178	6.3
2019-12-10T10:49	86.50391	121.03780	0.180	7.0
2019-12-10T10:59	86.50439	121.03850	0.174	5.1
2019-12-10T11:09	86.50489	121.03920	0.178	4.9
2019-12-10T11:19	86.50538	121.03983	0.180	4.4
2019-12-10T11:29	86.50589	121.04010	0.182	1.9
2019-12-10T11:39	86.50640	121.04070	0.184	4.1
2019-12-10T11:49	86.50691	121.04126	0.186	3.8
2019-12-10T11:59	86.50742	121.04142	0.181	1.1
2019-12-10T12:09	86.50796	121.04188	0.195	3.0
2019-12-10T12:19	86.50850	121.04233	0.196	2.9
2019-12-10T12:29	86.50903	121.04264	0.191	2.1
2019-12-10T12:39	86.50956	121.04291	0.191	1.7
2019-12-10T12:49	86.51009	121.04312	0.189	1.4
2019-12-10T12:59	86.51062	121.04344	0.192	2.1
2019-12-10T13:09	86.51116	121.04401	0.196	3.7
2019-12-10T13:19	86.51171	121.04427	0.198	1.6
2019-12-10T13:29	86.51226	121.04422	0.198	359.7
2019-12-10T13:39	86.51280	121.04388	0.195	357.8
2019-12-10T13:49	86.51333	121.04319	0.192	355.5
2019-12-10T13:59	86.51385	121.04255	0.185	355.7
2019-12-10T14:09	86.51436	121.04179	0.186	354.8
2019-12-10T14:19	86.51488	121.04124	0.186	356.3
2019-12-10T14:29	86.51541	121.04092	0.191	357.9
2019-12-10T14:39	86.51594	121.04108	0.192	1.0
2019-12-10T14:49	86.51643	121.04055	0.176	356.2
2019-12-10T14:59	86.51693	121.04028	0.180	358.2
2019-12-10T15:09	86.51745	121.04037	0.189	0.5
2019-12-10T15:19	86.51797	121.03979	0.185	356.1
2019-12-10T15:29	86.51846	121.03881	0.179	353.1
2019-12-10T15:39	86.51895	121.03768	0.179	352.1
2019-12-10T15:49	86.51946	121.03733	0.184	357.6
2019-12-10T15:59	86.51995	121.03675	0.177	355.9
2019-12-10T16:09	86.52041	121.03571	0.168	352.2
2019-12-10T16:19	86.52090	121.03448	0.176	351.2
2019-12-10T16:29	86.52138	121.03331	0.177	351.7
2019-12-10T16:39	86.52190	121.03255	0.187	354.9
2019-12-10T16:49	86.52244	121.03145	0.197	353.0
2019-12-10T16:59	86.52300	121.03033	0.201	353.0
2019-12-10T17:09	86.52356	121.02899	0.203	351.7
2019-12-10T17:19	86.52411	121.02725	0.204	349.3
2019-12-10T17:29	86.52466	121.02551	0.200	349.1
2019-12-10T17:39	86.52522	121.02389	0.205	350.1
2019-12-10T17:49	86.52578	121.02226	0.207	350.1
2019-12-10T17:59	86.52637	121.02047	0.215	349.6
2019-12-10T18:09	86.52698	121.01859	0.221	349.3
2019-12-10T18:19	86.52760	121.01665	0.228	349.3
2019-12-10T18:29	86.52822	121.01475	0.229	349.6
2019-12-10T18:39	86.52883	121.01173	0.226	343.1
2019-12-10T18:49	86.52941	121.00875	0.220	342.8
2019-12-10T18:59	86.53000	121.00585	0.223	343.6
2019-12-10T19:09	86.53062	121.00347	0.230	346.9
2019-12-10T19:19	86.53122	121.00004	0.228	340.9
2019-12-10T19:29	86.53185	120.99728	0.233	345.0
2019-12-10T19:39	86.53245	120.99472	0.225	345.7
2019-12-10T19:49	86.53304	120.99229	0.216	345.8
2019-12-10T19:59	86.53360	120.98981	0.209	345.0
2019-12-10T20:09	86.53415	120.98679	0.210	341.8
2019-12-10T20:19	86.53472	120.98365	0.217	341.7
2019-12-10T20:29	86.53529	120.98024	0.217	340.0
2019-12-10T20:39	86.53586	120.97649	0.221	338.4
2019-12-10T20:49	86.53641	120.97267	0.214	337.2
2019-12-10T20:59	86.53694	120.96761	0.219	329.9
2019-12-10T21:09	86.53748	120.96192	0.232	327.7
2019-12-10T21:19	86.53803	120.95622	0.233	327.9
2019-12-10T21:29	86.53858	120.95056	0.233	328.1
2019-12-10T21:39	86.53914	120.94516	0.233	329.7
2019-12-10T21:49	86.53970	120.93966	0.236	329.6
2019-12-10T21:59	86.54024	120.93398	0.230	327.6
2019-12-10T22:09	86.54082	120.92871	0.239	331.3
2019-12-10T22:19	86.54142	120.92432	0.235	336.1
2019-12-10T22:29	86.54203	120.91975	0.240	335.6
2019-12-10T22:39	86.54265	120.91521	0.244	336.2
2019-12-10T22:49	86.54324	120.91040	0.237	333.9
2019-12-10T22:59	86.54380	120.90536	0.231	331.8
2019-12-10T23:09	86.54436	120.90031	0.229	331.4
2019-12-10T23:19	86.54492	120.89561	0.227	333.3
2019-12-10T23:29	86.54548	120.89127	0.222	335.0
2019-12-10T23:39	86.54604	120.88708	0.220	335.6
2019-12-10T23:49	86.54657	120.88277	0.211	333.7
2019-12-10T23:59	86.54705	120.87806	0.202	329.6
2019-12-11T00:09	86.54756	120.87418	0.202	335.4
2019-12-11T00:19	86.54807	120.87074	0.198	337.9
2019-12-11T00:29	86.54859	120.86745	0.200	339.1
2019-12-11T00:39	86.54909	120.86414	0.193	338.2
2019-12-11T00:49	86.54957	120.86133	0.186	340.9
2019-12-11T00:59	86.55005	120.85912	0.179	344.5
2019-12-11T01:09	86.55051	120.85644	0.175	340.6
2019-12-11T01:19	86.55094	120.85385	0.165	340.2
2019-12-11T01:29	86.55142	120.85207	0.175	347.2
2019-12-11T01:39	86.55191	120.85080	0.179	351.2
2019-12-11T01:49	86.55236	120.84847	0.169	342.7
2019-12-11T01:59	86.55282	120.84649	0.173	345.6
2019-12-11T02:09	86.55331	120.84544	0.179	352.7
2019-12-11T02:19	86.55379	120.84429	0.173	351.7
2019-12-11T02:29	86.55428	120.84341	0.177	353.8
2019-12-11T02:39	86.55478	120.84268	0.180	355.0
2019-12-11T02:49	86.55527	120.84173	0.178	353.3
2019-12-11T02:59	86.55573	120.84072	0.170	352.6
2019-12-11T03:09	86.55619	120.83948	0.167	350.8
2019-12-11T03:19	86.55665	120.83802	0.169	349.2
2019-12-11T03:29	86.55709	120.83640	0.160	347.3
2019-12-11T03:39	86.55750	120.83489	0.152	347.6
2019-12-11T03:49	86.55787	120.83243	0.145	338.5
2019-12-11T03:59	86.55825	120.83052	0.142	343.1
2019-12-11T04:09	86.55862	120.82837	0.142	340.9
2019-12-11T04:19	86.55901	120.82625	0.147	341.9
2019-12-11T04:29	86.55940	120.82396	0.149	340.6
2019-12-11T04:39	86.55979	120.82179	0.147	341.5
2019-12-11T04:49	86.56019	120.81940	0.153	340.2
2019-12-11T04:59	86.56057	120.81709	0.148	340.3
2019-12-11T05:09	86.56096	120.81486	0.148	340.9
2019-12-11T05:19	86.56136	120.81256	0.150	340.7
2019-12-11T05:29	86.56176	120.81077	0.150	345.0
2019-12-11T05:39	86.56216	120.80871	0.152	343.0
2019-12-11T05:49	86.56256	120.80649	0.152	341.6
2019-12-11T05:59	86.56296	120.80457	0.150	344.0
2019-12-11T06:09	86.56337	120.80260	0.154	344.0
2019-12-11T06:19	86.56379	120.80069	0.156	344.6
2019-12-11T06:29	86.56420	120.79902	0.152	346.3
2019-12-11T06:39	86.56461	120.79676	0.154	341.5
2019-12-11T06:49	86.56498	120.79314	0.154	329.6
2019-12-11T06:59	86.56537	120.78938	0.162	329.9
2019-12-11T07:09	86.56577	120.78635	0.160	335.9
2019-12-11T07:19	86.56612	120.78288	0.148	329.5
2019-12-11T07:29	86.56650	120.77941	0.154	330.9
2019-12-11T07:39	86.56688	120.77662	0.152	336.6
2019-12-11T07:49	86.56727	120.77341	0.156	333.8
2019-12-11T07:59	86.56765	120.77014	0.153	332.6
2019-12-11T08:09	86.56803	120.76668	0.157	331.6
2019-12-11T08:19	86.56842	120.76332	0.156	332.4
2019-12-11T08:29	86.56883	120.76108	0.155	341.8
2019-12-11T08:39	86.56923	120.75945	0.148	346.3
2019-12-11T08:49	86.56962	120.75791	0.146	346.9
2019-12-11T08:59	86.57002	120.75671	0.146	349.8
2019-12-11T09:09	86.57042	120.75552	0.146	349.9
2019-12-11T09:19	86.57082	120.75437	0.144	350.1
2019-12-11T09:29	86.57122	120.75319	0.145	350.0
2019-12-11T09:39	86.57161	120.75153	0.146	345.8
2019-12-11T09:49	86.57201	120.74943	0.152	342.7
2019-12-11T09:59	86.57240	120.74689	0.149	338.4
2019-12-11T10:09	86.57277	120.74425	0.145	337.0
2019-12-11T10:19	86.57315	120.74188	0.148	339.8
2019-12-11T10:29	86.57353	120.73978	0.145	341.8
2019-12-11T10:39	86.57389	120.73644	0.146	330.5
2019-12-11T10:49	86.57425	120.73272	0.152	328.3
2019-12-11T10:59	86.57459	120.72793	0.161	320.4
2019-12-11T11:09	86.57491	120.72283	0.160	316.6
2019-12-11T11:19	86.57524	120.71772	0.162	317.2
2019-12-11T11:29	86.57558	120.71296	0.159	319.8
2019-12-11T11:39	86.57594	120.70829	0.163	321.9
2019-12-11T11:49	86.57625	120.70324	0.158	316.4
2019-12-11T11:59	86.57658	120.69800	0.162	315.8
2019-12-11T12:09	86.57687	120.69245	0.159	311.2
2019-12-11T12:19	86.57716	120.68677	0.161	310.8
2019-12-11T12:29	86.57745	120.68074	0.167	309.1
2019-12-11T12:39	86.57777	120.67507	0.168	313.3
2019-12-11T12:49	86.57807	120.66935	0.163	311.0
2019-12-11T12:59	86.57836	120.66364	0.162	310.8
2019-12-11T13:09	86.57862	120.65726	0.165	304.0
2019-12-11T13:19	86.57887	120.65038	0.173	301.3
2019-12-11T13:29	86.57911	120.64347	0.172	300.7
2019-12-11T13:39	86.57938	120.63661	0.178	303.8
2019-12-11T13:49	86.57967	120.63031	0.170	307.3
2019-12-11T13:59	86.57996	120.62348	0.180	305.4
2019-12-11T14:09	86.58024	120.61653	0.181	304.4
2019-12-11T14:19	86.58052	120.60974	0.177	304.4
2019-12-11T14:29	86.58080	120.60280	0.180	304.2
2019-12-11T14:39	86.58109	120.59596	0.180	305.4
2019-12-11T14:49	86.58138	120.58916	0.178	305.1
2019-12-11T14:59	86.58166	120.58238	0.177	304.9
2019-12-11T15:09	86.58195	120.57556	0.179	305.1
2019-12-11T15:19	86.58224	120.56878	0.180	305.9
2019-12-11T15:29	86.58255	120.56209	0.181	307.6
2019-12-11T15:39	86.58285	120.55535	0.182	307.2
2019-12-11T15:49	86.58314	120.54877	0.176	306.9
2019-12-11T15:59	86.58344	120.54229	0.176	307.8
2019-12-11T16:09	86.58375	120.53593	0.174	308.5
2019-12-11T16:19	86.58405	120.52976	0.172	309.6
2019-12-11T16:29	86.58436	120.52396	0.166	311.6
2019-12-11T16:39	86.58465	120.51789	0.169	309.5
2019-12-11T16:49	86.58493	120.51157	0.168	306.4
2019-12-11T16:59	86.58521	120.50516	0.171	306.4
2019-12-11T17:09	86.58549	120.49912	0.164	307.7
2019-12-11T17:19	86.58578	120.49311	0.166	309.0
2019-12-11T17:29	86.58607	120.48731	0.162	309.8
2019-12-11T17:39	86.58636	120.48156	0.162	310.2
2019-12-11T17:49	86.58665	120.47605	0.157	311.3
2019-12-11T17:59	86.58695	120.47069	0.157	313.2
2019-12-11T18:09	86.58724	120.46498	0.162	310.9
2019-12-11T18:19	86.58753	120.45928	0.160	310.5
2019-12-11T18:29	86.58780	120.45369	0.155	309.4
2019-12-11T18:39	86.58806	120.44793	0.155	307.1
2019-12-11T18:49	86.58828	120.44198	0.150	301.8
2019-12-11T18:59	86.58848	120.43598	0.147	299.0
2019-12-11T19:09	86.58867	120.43007	0.144	298.5
2019-12-11T19:19	86.58886	120.42409	0.145	297.8
2019-12-11T19:29	86.58905	120.41841	0.141	300.1
2019-12-11T19:39	86.58925	120.41278	0.139	299.9
2019-12-11T19:49	86.58944	120.40725	0.138	301.0
2019-12-11T19:59	86.58963	120.40170	0.137	299.8
2019-12-11T20:09	86.58982	120.39620	0.136	300.1
2019-12-11T20:19	86.59001	120.39094	0.132	301.4
2019-12-11T20:29	86.59020	120.38552	0.134	300.0
2019-12-11T20:39	86.59036	120.37991	0.133	295.7
2019-12-11T20:49	86.59053	120.37416	0.137	295.9
2019-12-11T20:59	86.59070	120.36890	0.128	298.8
2019-12-11T21:09	86.59087	120.36371	0.127	298.7
2019-12-11T21:19	86.59103	120.35823	0.131	296.2
2019-12-11T21:29	86.59120	120.35295	0.130	299.4
2019-12-11T21:39	86.59138	120.34800	0.123	300.4
2019-12-11T21:49	86.59156	120.34325	0.121	302.7
2019-12-11T21:59	86.59174	120.33833	0.124	301.8
2019-12-11T22:09	86.59193	120.33365	0.121	304.1
2019-12-11T22:19	86.59211	120.32894	0.121	303.3
2019-12-11T22:29	86.59231	120.32490	0.113	310.2
2019-12-11T22:39	86.59253	120.32076	0.117	310.7
2019-12-11T22:49	86.59274	120.31656	0.118	310.2
2019-12-11T22:59	86.59294	120.31226	0.119	309.1
2019-12-11T23:09	86.59315	120.30797	0.118	308.6
2019-12-11T23:19	86.59335	120.30367	0.117	308.4
2019-12-11T23:29	86.59355	120.29957	0.114	309.4
2019-12-11T23:39	86.59376	120.29546	0.115	310.5
2019-12-11T23:49	86.59395	120.29109	0.116	306.4
2019-12-11T23:59	86.59413	120.28707	0.108	307.2
2019-12-12T00:09	86.59430	120.28288	0.107	303.5
2019-12-12T00:19	86.59446	120.27873	0.106	303.3
2019-12-12T00:29	86.59462	120.27489	0.102	306.0
2019-12-12T00:39	86.59480	120.27093	0.106	306.6
2019-12-12T00:49	86.59499	120.26708	0.106	309.3
2019-12-12T00:59	86.59517	120.26307	0.108	307.6
2019-12-12T01:09	86.59534	120.25910	0.106	306.5
2019-12-12T01:19	86.59551	120.25511	0.104	304.8
2019-12-12T01:29	86.59567	120.25101	0.105	303.6
2019-12-12T01:39	86.59583	120.24697	0.103	303.0
2019-12-12T01:49	86.59598	120.24283	0.105	302.2
2019-12-12T01:59	86.59613	120.23878	0.102	301.8
2019-12-12T02:09	86.59627	120.23454	0.104	299.9
2019-12-12T02:19	86.59641	120.23021	0.105	298.1
2019-12-12T02:29	86.59654	120.22596	0.102	297.3
2019-12-12T02:39	86.59667	120.22167	0.102	296.3
2019-12-12T02:49	86.59679	120.21736	0.103	296.3
2019-12-12T02:59	86.59692	120.21301	0.104	296.6
2019-12-12T03:09	86.59704	120.20858	0.104	294.6
2019-12-12T03:19	86.59716	120.20429	0.101	294.4
2019-12-12T03:29	86.59727	120.19996	0.101	293.7
2019-12-12T03:39	86.59737	120.19549	0.102	290.4
2019-12-12T03:49	86.59747	120.19121	0.099	291.8
2019-12-12T03:59	86.59757	120.18663	0.104	290.4
2019-12-12T04:09	86.59766	120.18253	0.093	288.7
2019-12-12T04:19	86.59774	120.17829	0.095	288.6
2019-12-12T04:29	86.59782	120.17411	0.094	288.5
2019-12-12T04:39	86.59790	120.16996	0.093	288.0
2019-12-12T04:49	86.59798	120.16585	0.092	288.3
2019-12-12T04:59	86.59805	120.16183	0.090	286.7
2019-12-12T05:09	86.59812	120.15769	0.092	285.9
2019-12-12T05:19	86.59819	120.15395	0.083	286.3
2019-12-12T05:29	86.59826	120.15011	0.086	286.8
2019-12-12T05:39	86.59832	120.14612	0.088	285.1
2019-12-12T05:49	86.59838	120.14228	0.085	284.9
2019-12-12T05:59	86.59844	120.13842	0.085	283.8
2019-12-12T06:09	86.59849	120.13452	0.085	282.1
2019-12-12T06:19	86.59854	120.13074	0.083	282.4
2019-12-12T06:29	86.59858	120.12699	0.081	280.4
2019-12-12T06:39	86.59862	120.12345	0.077	280.9
2019-12-12T06:49	86.59866	120.11982	0.079	281.6
2019-12-12T06:59	86.59870	120.11640	0.074	280.5
2019-12-12T07:09	86.59874	120.11289	0.076	279.4
2019-12-12T07:19	86.59876	120.10941	0.075	277.0
2019-12-12T07:29	86.59879	120.10605	0.072	276.8
2019-12-12T07:39	86.59880	120.10265	0.073	274.8
2019-12-12T07:49	86.59881	120.09936	0.070	271.7
2019-12-12T07:59	86.59881	120.09604	0.071	270.8
2019-12-12T08:09	86.59881	120.09265	0.072	270.2
2019-12-12T08:19	86.59881	120.08922	0.073	270.2
2019-12-12T08:29	86.59881	120.08568	0.076	269.8
2019-12-12T08:39	86.59880	120.08220	0.074	267.6
2019-12-12T08:49	86.59880	120.07884	0.072	268.6
2019-12-12T08:59	86.59879	120.07537	0.074	266.8
2019-12-12T09:09	86.59877	120.07198	0.073	266.4
2019-12-12T09:19	86.59876	120.06838	0.077	265.2
2019-12-12T09:29	86.59874	120.06484	0.076	265.4
2019-12-12T09:39	86.59873	120.06141	0.073	266.1
2019-12-12T09:49	86.59872	120.05783	0.077	267.4
2019-12-12T09:59	86.59871	120.05415	0.079	267.5
2019-12-12T10:09	86.59870	120.05043	0.079	267.4
2019-12-12T10:19	86.59868	120.04679	0.078	266.6
2019-12-12T10:29	86.59867	120.04316	0.078	266.8
2019-12-12T10:39	86.59866	120.03939	0.081	266.4
2019-12-12T10:49	86.59864	120.03573	0.078	266.3
2019-12-12T10:59	86.59863	120.03203	0.079	266.5
2019-12-12T11:09	86.59861	120.02836	0.079	264.5
2019-12-12T11:19	86.59860	120.02456	0.081	268.0
2019-12-12T11:29	86.59858	120.02078	0.081	265.3
2019-12-12T11:39	86.59857	120.01709	0.079	267.2
2019-12-12T11:49	86.59856	120.01328	0.082	266.1
2019-12-12T11:59	86.59855	120.00946	0.082	268.6
2019-12-12T12:09	86.59853	120.00560	0.083	265.7
2019-12-12T12:19	86.59851	120.00168	0.084	264.7
2019-12-12T12:29	86.59849	119.99772	0.085	264.9
2019-12-12T12:39	86.59847	119.99375	0.085	263.9
2019-12-12T12:49	86.59844	119.98973	0.086	264.3
2019-12-12T12:59	86.59841	119.98563	0.088	261.6
2019-12-12T13:09	86.59837	119.98156	0.088	260.2
2019-12-12T13:19	86.59831	119.97755	0.088	258.1
2019-12-12T13:29	86.59827	119.97359	0.086	258.4
2019-12-12T13:39	86.59822	119.96954	0.088	258.2
2019-12-12T13:49	86.59816	119.96566	0.085	257.4
2019-12-12T13:59	86.59812	119.96165	0.087	259.1
2019-12-12T14:09	86.59809	119.95760	0.087	262.5
2019-12-12T14:19	86.59805	119.95369	0.084	261.1
2019-12-12T14:29	86.59801	119.94969	0.087	260.3
2019-12-12T14:39	86.59797	119.94563	0.088	260.0
2019-12-12T14:49	86.59793	119.94167	0.086	260.4
2019-12-12T14:59	86.59789	119.93770	0.086	260.9
2019-12-12T15:09	86.59786	119.93383	0.084	262.4
2019-12-12T15:19	86.59783	119.92993	0.084	263.6
2019-12-12T15:29	86.59781	119.92612	0.082	263.9
2019-12-12T15:39	86.59778	119.92228	0.083	262.8
2019-12-12T15:49	86.59776	119.91861	0.079	264.7
2019-12-12T15:59	86.59774	119.91471	0.084	264.0
2019-12-12T16:09	86.59772	119.91128	0.073	265.6
2019-12-12T16:19	86.59770	119.90767	0.077	264.4
2019-12-12T16:29	86.59768	119.90406	0.078	264.1
2019-12-12T16:39	86.59765	119.90054	0.076	263.1
2019-12-12T16:49	86.59762	119.89705	0.075	261.8
2019-12-12T16:59	86.59759	119.89361	0.074	261.4
2019-12-12T17:09	86.59756	119.89014	0.075	262.2
2019-12-12T17:19	86.59754	119.88682	0.071	264.2
2019-12-12T17:29	86.59752	119.88337	0.074	263.2
2019-12-12T17:39	86.59750	119.87994	0.074	264.1
2019-12-12T17:49	86.59747	119.87662	0.072	262.1
2019-12-12T17:59	86.59745	119.87343	0.069	264.8
2019-12-12T18:09	86.59743	119.87020	0.069	264.1
2019-12-12T18:19	86.59741	119.86699	0.069	261.7
2019-12-12T18:29	86.59737	119.86380	0.069	259.6
2019-12-12T18:39	86.59733	119.86066	0.069	257.8
2019-12-12T18:49	86.59730	119.85751	0.068	260.0
2019-12-12T18:59	86.59727	119.85447	0.066	260.0
2019-12-12T19:09	86.59724	119.85132	0.068	260.8
2019-12-12T19:19	86.59721	119.84813	0.069	263.2
2019-12-12T19:29	86.59719	119.84495	0.068	264.1
2019-12-12T19:39	86.59718	119.84177	0.068	264.7
2019-12-12T19:49	86.59715	119.83830	0.075	263.5
2019-12-12T19:59	86.59711	119.83425	0.088	259.8
2019-12-12T20:09	86.59706	119.83020	0.088	258.2
2019-12-12T20:19	86.59700	119.82573	0.098	257.3
2019-12-12T20:29	86.59694	119.82082	0.107	258.5
2019-12-12T20:39	86.59688	119.81568	0.112	258.4
2019-12-12T20:49	86.59681	119.81031	0.117	258.9
2019-12-12T20:59	86.59674	119.80499	0.117	256.4
2019-12-12T21:09	86.59666	119.79955	0.120	255.7
2019-12-12T21:19	86.59658	119.79409	0.119	257.6
2019-12-12T21:29	86.59652	119.78848	0.122	259.1
2019-12-12T21:39	86.59645	119.78259	0.129	258.3
2019-12-12T21:49	86.59636	119.77618	0.141	256.7
2019-12-12T21:59	86.59627	119.76953	0.146	257.1
2019-12-12T22:09	86.59616	119.76281	0.149	255.3
2019-12-12T22:19	86.59605	119.75580	0.155	254.6
2019-12-12T22:29	86.59589	119.74725	0.191	252.7
2019-12-12T22:39	86.59572	119.73908	0.185	251.1
2019-12-12T22:49	86.59555	119.73087	0.186	250.9
2019-12-12T22:59	86.59539	119.72276	0.183	251.0
2019-12-12T23:09	86.59522	119.71452	0.186	251.3
2019-12-12T23:19	86.59508	119.70652	0.179	252.9
2019-12-12T23:29	86.59492	119.69852	0.180	251.7
2019-12-12T23:39	86.59475	119.69015	0.189	251.3
2019-12-12T23:49	86.59459	119.68192	0.186	251.5
2019-12-12T23:59	86.59442	119.67331	0.194	252.1
2019-12-13T00:09	86.59426	119.66481	0.191	252.3
2019-12-13T00:19	86.59410	119.65613	0.194	253.1
2019-12-13T00:29	86.59394	119.64715	0.200	253.5
2019-12-13T00:39	86.59378	119.63810	0.202	253.3
2019-12-13T00:49	86.59362	119.62881	0.207	253.6
2019-12-13T00:59	86.59346	119.61962	0.205	253.5
2019-12-13T01:09	86.59331	119.61046	0.203	254.5
2019-12-13T01:19	86.59316	119.60136	0.201	255.1
2019-12-13T01:29	86.59302	119.59225	0.202	255.4
2019-12-13T01:39	86.59288	119.58326	0.199	254.9
2019-12-13T01:49	86.59274	119.57425	0.199	255.5
2019-12-13T01:59	86.59260	119.56499	0.204	256.0
2019-12-13T02:09	86.59248	119.55565	0.205	257.5
2019-12-13T02:19	86.59237	119.54629	0.204	258.8
2019-12-13T02:29	86.59227	119.53697	0.202	260.1
2019-12-13T02:39	86.59219	119.52779	0.198	261.7
2019-12-13T02:49	86.59212	119.51866	0.197	262.6
2019-12-13T02:59	86.59206	119.50970	0.193	263.9
2019-12-13T03:09	86.59201	119.50101	0.187	264.2
2019-12-13T03:19	86.59196	119.49256	0.182	264.6
2019-12-13T03:29	86.59194	119.48431	0.177	266.8
2019-12-13T03:39	86.59191	119.47615	0.175	267.1
2019-12-13T03:49	86.59190	119.46815	0.171	269.1
2019-12-13T03:59	86.59190	119.46035	0.167	269.8
2019-12-13T04:09	86.59190	119.45263	0.165	269.4
2019-12-13T04:19	86.59190	119.44497	0.164	269.8
2019-12-13T04:29	86.59190	119.43777	0.154	270.2
2019-12-13T04:39	86.59191	119.43051	0.156	271.4
2019-12-13T04:49	86.59193	119.42366	0.147	273.0
2019-12-13T04:59	86.59194	119.41663	0.151	272.0
2019-12-13T05:09	86.59196	119.40982	0.146	272.3
2019-12-13T05:19	86.59199	119.40325	0.141	273.8
2019-12-13T05:29	86.59202	119.39642	0.146	274.5
2019-12-13T05:39	86.59206	119.38959	0.147	275.4
2019-12-13T05:49	86.59209	119.38283	0.145	274.8
2019-12-13T05:59	86.59213	119.37601	0.147	275.6
2019-12-13T06:09	86.59217	119.36922	0.146	275.4
2019-12-13T06:19	86.59221	119.36235	0.148	275.6
2019-12-13T06:29	86.59226	119.35502	0.158	276.7
2019-12-13T06:39	86.59231	119.34804	0.150	276.8
2019-12-13T06:49	86.59236	119.34076	0.157	277.2
2019-12-13T06:59	86.59243	119.33327	0.162	277.9
2019-12-13T07:09	86.59248	119.32597	0.157	276.9
2019-12-13T07:19	86.59252	119.31879	0.155	276.2
2019-12-13T07:29	86.59258	119.31175	0.152	277.0
2019-12-13T07:39	86.59264	119.30449	0.157	277.8
2019-12-13T07:49	86.59269	119.29698	0.162	277.0
2019-12-13T07:59	86.59274	119.28979	0.155	276.9
2019-12-13T08:09	86.59280	119.28243	0.159	277.8
2019-12-13T08:19	86.59287	119.27506	0.160	279.0
2019-12-13T08:29	86.59294	119.26739	0.166	278.3
2019-12-13T08:39	86.59300	119.26012	0.157	278.1
2019-12-13T08:49	86.59308	119.25251	0.166	280.4
2019-12-13T08:59	86.59316	119.24507	0.161	279.5
