/* DATA DESCRIPTION:
Citation:	Haas, Christian (2020): Links to master tracks in different resolutions of POLARSTERN cruise PS122/2, Arctic Ocean - Arctic Ocean, 2019-12-13 - 2020-02-24 (Version 2) [dataset]. Alfred Wegener Institute, Helmholtz Centre for Polar and Marine Research, Bremerhaven, PANGAEA, https://doi.org/10.1594/PANGAEA.924674
Abstract:	Raw data acquired by position sensors on board RV Polarstern during expedition PS122_2 was processed to receive a validated master track which can be used as reference of further expedition data. During PS122_2 two Trimble Marine SPS461 GPS receivers and the iXBlue HYDRINS hydrographic survey inertial navigation system were used as navigation sensors. Data were downloaded from DAVIS SHIP data base (https://dship.o2a-data.de) with a resolution of 1 sec. Processing and evaluation of the data is outlined in the data processing report found at EPIC repository https://hdl.handle.net/10013/epic.1fdb256e-7b9c-4b61-9fbb-3e0dcf9d10ad. Processed data are provided as a master track with 1 sec resolution derived from the position sensors' data selected by priority and a generalized track with a reduced set of the most significant positions of the master track.
Other version:	Haas, Christian (2020): Master track of POLARSTERN cruise PS122/2 in 1 sec resolution (zipped, 36.7 MB) [dataset]. Alfred Wegener Institute, Helmholtz Centre for Polar and Marine Research, Bremerhaven, PANGAEA, https://doi.org/10.1594/PANGAEA.924672
Data processing report:	Processing report for navigation sensors from POLARSTERN cruise PS122/2 (URI: https://epic.awi.de/id/eprint/52559/12/PS122_2_nav_valid.pdf)
Further details:	Event list of POLARSTERN cruise PS122/2 (URI: https://www.pangaea.de/expeditions/events/PS122%2F2)
	Generalized master track of POLARSTERN cruise PS122/2 (Version 2) (URI: https://hs.pangaea.de/nav/mastertrack/ps/PS122_2_mastertrack_generalized_V2.zip)
	Trackline map of navigation sensors from POLARSTERN cruise PS122/2 (URI: https://epic.awi.de/id/eprint/52559/13/PS122_2_nav_valid.jpg)
Project(s):	Multidisciplinary drifting Observatory for the Study of Arctic Climate (MOSAiC) (URI: https://mosaic-expedition.org/)
Funding:	Alfred Wegener Institute, Helmholtz Centre for Polar and Marine Research, Bremerhaven (AWI) (URI: https://www.awi.de/), grant/award no. AFMOSAiC-1_00: Multidisciplinary drifting Observatory for the Study of Arctic Climate
	Alfred Wegener Institute, Helmholtz Centre for Polar and Marine Research, Bremerhaven (AWI) (URI: https://www.awi.de/), grant/award no. AWI_PS122_00: Multidisciplinary drifting Observatory for the Study of Arctic Climate / MOSAiC
Coverage:	MEDIAN LATITUDE: 87.330504 * MEDIAN LONGITUDE: 100.362035 * SOUTH-BOUND LATITUDE: 86.576292 * WEST-BOUND LONGITUDE: 55.585596 * NORTH-BOUND LATITUDE: 88.598703 * EAST-BOUND LONGITUDE: 119.227263
	DATE/TIME START: 2019-12-13T09:24:00 * DATE/TIME END: 2020-02-24T08:59:59
Event(s):	PS122/2-track * LATITUDE START: 86.593183 * LONGITUDE START: 119.242046 * LATITUDE END: 88.591065 * LONGITUDE END: 55.585682 * DATE/TIME START: 2019-12-13T09:04:00 * DATE/TIME END: 2020-02-24T08:59:59 * LOCATION: Arctic Ocean * CAMPAIGN: PS122/2 (MOSAiC20192020) * BASIS: Polarstern (URI: https://doi.org/10.17815/jlsrf-3-163) * METHOD/DEVICE: Underway cruise track measurements (CT)
Comment:	This dataset contains the master track in 10 min resolution, for other resolutions please see "Further details" and Other version" references. 
	Version 2, with an improved processing compared to V1.
Parameter(s):	DATE/TIME (Date/Time) * GEOCODE
	LATITUDE (Latitude) * GEOCODE
	LONGITUDE (Longitude) * GEOCODE
	Speed [kn] (Speed) * METHOD/DEVICE: Calculated * COMMENT: 10-min average
	Course [deg] (Course) * METHOD/DEVICE: Calculated * COMMENT: 10-min average
License:	Creative Commons Attribution 4.0 International (CC-BY-4.0) (URI: https://creativecommons.org/licenses/by/4.0/)
Size:	21022 data points
*/
Date/Time	Latitude	Longitude	Speed [kn]	Course [deg]
2019-12-13T09:24	86.59334	119.22726	0.164	280.5
2019-12-13T09:34	86.59343	119.22022	0.154	281.5
2019-12-13T09:44	86.59353	119.21330	0.152	283.5
2019-12-13T09:54	86.59363	119.20625	0.155	283.4
2019-12-13T10:04	86.59372	119.19929	0.153	282.2
2019-12-13T10:14	86.59381	119.19186	0.162	282.0
2019-12-13T10:24	86.59390	119.18475	0.155	281.9
2019-12-13T10:34	86.59399	119.17746	0.159	281.2
2019-12-13T10:44	86.59406	119.17082	0.144	280.1
2019-12-13T10:54	86.59413	119.16431	0.142	280.5
2019-12-13T11:04	86.59419	119.15725	0.153	278.2
2019-12-13T11:14	86.59425	119.15072	0.141	278.9
2019-12-13T11:24	86.59434	119.14428	0.141	282.6
2019-12-13T11:34	86.59442	119.13770	0.144	282.6
2019-12-13T11:44	86.59451	119.13129	0.140	282.3
2019-12-13T11:54	86.59460	119.12466	0.146	284.1
2019-12-13T12:04	86.59468	119.11829	0.139	281.3
2019-12-13T12:14	86.59470	119.11109	0.154	272.8
2019-12-13T12:24	86.59479	119.10467	0.141	283.3
2019-12-13T12:34	86.59489	119.09782	0.151	283.6
2019-12-13T12:44	86.59499	119.09101	0.150	283.5
2019-12-13T12:54	86.59507	119.08398	0.153	281.6
2019-12-13T13:04	86.59517	119.07749	0.143	284.1
2019-12-13T13:14	86.59526	119.07097	0.143	282.8
2019-12-13T13:24	86.59534	119.06440	0.143	281.3
2019-12-13T13:34	86.59543	119.05786	0.144	283.1
2019-12-13T13:44	86.59553	119.05180	0.135	286.4
2019-12-13T13:54	86.59565	119.04560	0.139	288.0
2019-12-13T14:04	86.59576	119.03935	0.140	286.9
2019-12-13T14:14	86.59587	119.03331	0.135	287.0
2019-12-13T14:24	86.59599	119.02733	0.134	287.6
2019-12-13T14:34	86.59610	119.02123	0.136	287.1
2019-12-13T14:44	86.59621	119.01516	0.136	287.3
2019-12-13T14:54	86.59632	119.00914	0.134	286.6
2019-12-13T15:04	86.59642	119.00318	0.133	287.2
2019-12-13T15:14	86.59653	118.99725	0.132	286.5
2019-12-13T15:24	86.59664	118.99136	0.132	287.0
2019-12-13T15:34	86.59674	118.98550	0.131	287.1
2019-12-13T15:44	86.59685	118.97965	0.131	287.2
2019-12-13T15:54	86.59696	118.97365	0.135	287.7
2019-12-13T16:04	86.59707	118.96815	0.124	288.1
2019-12-13T16:14	86.59718	118.96251	0.127	287.7
2019-12-13T16:24	86.59729	118.95696	0.125	289.1
2019-12-13T16:34	86.59740	118.95138	0.126	288.4
2019-12-13T16:44	86.59752	118.94577	0.127	288.9
2019-12-13T16:54	86.59763	118.94009	0.128	288.4
2019-12-13T17:04	86.59775	118.93460	0.125	289.9
2019-12-13T17:14	86.59787	118.92916	0.124	290.4
2019-12-13T17:24	86.59798	118.92373	0.123	289.3
2019-12-13T17:34	86.59809	118.91842	0.120	289.6
2019-12-13T17:44	86.59819	118.91302	0.121	287.5
2019-12-13T17:54	86.59829	118.90762	0.121	287.7
2019-12-13T18:04	86.59840	118.90214	0.123	288.0
2019-12-13T18:14	86.59851	118.89659	0.125	288.5
2019-12-13T18:24	86.59862	118.89110	0.124	288.3
2019-12-13T18:34	86.59873	118.88562	0.124	288.7
2019-12-13T18:44	86.59884	118.88021	0.122	288.5
2019-12-13T18:54	86.59894	118.87479	0.122	288.1
2019-12-13T19:04	86.59905	118.86933	0.123	288.2
2019-12-13T19:14	86.59916	118.86395	0.123	290.2
2019-12-13T19:24	86.59928	118.85853	0.123	290.0
2019-12-13T19:34	86.59940	118.85310	0.123	289.8
2019-12-13T19:44	86.59952	118.84771	0.123	290.3
2019-12-13T19:54	86.59963	118.84233	0.122	290.2
2019-12-13T20:04	86.59976	118.83696	0.123	290.9
2019-12-13T20:14	86.59988	118.83156	0.123	290.9
2019-12-13T20:24	86.60001	118.82619	0.124	292.6
2019-12-13T20:34	86.60014	118.82082	0.124	292.6
2019-12-13T20:44	86.60028	118.81542	0.126	293.2
2019-12-13T20:54	86.60042	118.81005	0.126	294.4
2019-12-13T21:04	86.60057	118.80467	0.126	294.2
2019-12-13T21:14	86.60071	118.79929	0.125	293.3
2019-12-13T21:24	86.60085	118.79397	0.125	294.5
2019-12-13T21:34	86.60100	118.78851	0.128	294.7
2019-12-13T21:44	86.60114	118.78322	0.123	293.8
2019-12-13T21:54	86.60128	118.77780	0.127	294.6
2019-12-13T22:04	86.60143	118.77247	0.126	295.6
2019-12-13T22:14	86.60159	118.76712	0.126	295.5
2019-12-13T22:24	86.60174	118.76186	0.125	296.3
2019-12-13T22:34	86.60190	118.75664	0.126	297.6
2019-12-13T22:44	86.60206	118.75144	0.125	297.5
2019-12-13T22:54	86.60222	118.74622	0.124	296.3
2019-12-13T23:04	86.60236	118.74099	0.124	295.6
2019-12-13T23:14	86.60251	118.73570	0.125	295.6
2019-12-13T23:24	86.60266	118.73049	0.123	295.1
2019-12-13T23:34	86.60280	118.72508	0.127	294.6
2019-12-13T23:44	86.60295	118.71970	0.125	293.9
2019-12-13T23:54	86.60309	118.71435	0.126	294.6
2019-12-14T00:04	86.60324	118.70917	0.123	296.0
2019-12-14T00:14	86.60341	118.70398	0.126	298.2
2019-12-14T00:24	86.60357	118.69881	0.125	297.8
2019-12-14T00:34	86.60374	118.69392	0.122	301.3
2019-12-14T00:44	86.60392	118.68927	0.117	302.0
2019-12-14T00:54	86.60408	118.68470	0.114	301.4
2019-12-14T01:04	86.60425	118.68019	0.115	302.9
2019-12-14T01:14	86.60442	118.67566	0.114	302.4
2019-12-14T01:24	86.60459	118.67108	0.114	301.4
2019-12-14T01:34	86.60475	118.66653	0.114	301.5
2019-12-14T01:44	86.60492	118.66200	0.114	302.3
2019-12-14T01:54	86.60510	118.65760	0.113	303.7
2019-12-14T02:04	86.60527	118.65327	0.112	304.3
2019-12-14T02:14	86.60545	118.64893	0.112	304.3
2019-12-14T02:24	86.60562	118.64475	0.109	304.8
2019-12-14T02:34	86.60579	118.64068	0.106	304.7
2019-12-14T02:44	86.60596	118.63660	0.107	305.3
2019-12-14T02:54	86.60612	118.63262	0.104	305.2
2019-12-14T03:04	86.60629	118.62870	0.102	304.9
2019-12-14T03:14	86.60645	118.62497	0.099	306.6
2019-12-14T03:24	86.60662	118.62136	0.098	308.3
2019-12-14T03:34	86.60677	118.61756	0.099	304.7
2019-12-14T03:44	86.60694	118.61406	0.097	309.6
2019-12-14T03:54	86.60711	118.61052	0.097	309.1
2019-12-14T04:04	86.60727	118.60660	0.099	302.9
2019-12-14T04:14	86.60743	118.60303	0.097	308.1
2019-12-14T04:24	86.60759	118.59929	0.098	305.4
2019-12-14T04:34	86.60775	118.59581	0.094	308.0
2019-12-14T04:44	86.60790	118.59223	0.094	305.6
2019-12-14T04:54	86.60806	118.58865	0.095	306.3
2019-12-14T05:04	86.60821	118.58510	0.093	305.9
2019-12-14T05:14	86.60836	118.58164	0.092	306.8
2019-12-14T05:24	86.60850	118.57835	0.086	305.4
2019-12-14T05:34	86.60864	118.57481	0.091	304.2
2019-12-14T05:44	86.60878	118.57126	0.091	303.6
2019-12-14T05:54	86.60892	118.56781	0.089	304.4
2019-12-14T06:04	86.60906	118.56431	0.089	303.1
2019-12-14T06:14	86.60918	118.56097	0.085	302.7
2019-12-14T06:24	86.60931	118.55772	0.083	303.7
2019-12-14T06:34	86.60944	118.55440	0.085	303.5
2019-12-14T06:44	86.60957	118.55113	0.083	303.1
2019-12-14T06:54	86.60969	118.54788	0.083	303.5
2019-12-14T07:04	86.60983	118.54476	0.083	306.5
2019-12-14T07:14	86.60997	118.54167	0.083	307.3
2019-12-14T07:24	86.61012	118.53852	0.086	308.6
2019-12-14T07:34	86.61025	118.53521	0.085	303.4
2019-12-14T07:44	86.61036	118.53174	0.085	299.2
2019-12-14T07:54	86.61050	118.52863	0.083	306.6
2019-12-14T08:04	86.61063	118.52552	0.082	306.2
2019-12-14T08:14	86.61076	118.52227	0.082	302.8
2019-12-14T08:24	86.61090	118.51902	0.087	307.2
2019-12-14T08:34	86.61104	118.51568	0.086	304.3
2019-12-14T08:44	86.61117	118.51244	0.083	304.3
2019-12-14T08:54	86.61130	118.50930	0.082	305.8
2019-12-14T09:04	86.61143	118.50604	0.083	303.7
2019-12-14T09:14	86.61155	118.50275	0.082	301.2
2019-12-14T09:24	86.61165	118.49930	0.083	297.5
2019-12-14T09:34	86.61174	118.49566	0.083	291.5
2019-12-14T09:44	86.61182	118.49198	0.083	289.5
2019-12-14T09:54	86.61190	118.48813	0.087	289.5
2019-12-14T10:04	86.61199	118.48458	0.082	293.4
2019-12-14T10:14	86.61209	118.48083	0.088	295.4
2019-12-14T10:24	86.61221	118.47744	0.083	299.8
2019-12-14T10:34	86.61231	118.47383	0.086	296.0
2019-12-14T10:44	86.61242	118.47025	0.085	296.5
2019-12-14T10:54	86.61251	118.46646	0.088	293.5
2019-12-14T11:04	86.61261	118.46267	0.088	293.1
2019-12-14T11:14	86.61272	118.45878	0.091	294.7
2019-12-14T11:24	86.61281	118.45504	0.086	292.5
2019-12-14T11:34	86.61289	118.45126	0.086	290.4
2019-12-14T11:44	86.61296	118.44736	0.087	287.4
2019-12-14T11:54	86.61305	118.44356	0.087	291.7
2019-12-14T12:04	86.61315	118.43953	0.093	293.1
2019-12-14T12:14	86.61326	118.43582	0.088	295.5
2019-12-14T12:24	86.61338	118.43210	0.090	298.4
2019-12-14T12:34	86.61349	118.42844	0.088	297.8
2019-12-14T12:44	86.61360	118.42485	0.086	298.1
2019-12-14T12:54	86.61371	118.42122	0.086	295.9
2019-12-14T13:04	86.61381	118.41773	0.083	296.9
2019-12-14T13:14	86.61391	118.41427	0.081	295.3
2019-12-14T13:24	86.61400	118.41097	0.078	295.1
2019-12-14T13:34	86.61409	118.40794	0.073	297.4
2019-12-14T13:44	86.61418	118.40478	0.075	296.0
2019-12-14T13:54	86.61427	118.40170	0.072	294.7
2019-12-14T14:04	86.61435	118.39860	0.072	294.0
2019-12-14T14:14	86.61442	118.39576	0.065	291.6
2019-12-14T14:24	86.61449	118.39289	0.067	294.3
2019-12-14T14:34	86.61456	118.38985	0.069	291.2
2019-12-14T14:44	86.61463	118.38685	0.068	290.1
2019-12-14T14:54	86.61469	118.38381	0.069	290.3
2019-12-14T15:04	86.61476	118.38081	0.068	290.4
2019-12-14T15:14	86.61482	118.37772	0.070	289.5
2019-12-14T15:24	86.61488	118.37475	0.067	288.4
2019-12-14T15:34	86.61495	118.37191	0.065	292.6
2019-12-14T15:44	86.61504	118.36939	0.062	300.1
2019-12-14T15:54	86.61511	118.36659	0.065	293.8
2019-12-14T16:04	86.61519	118.36395	0.062	295.7
2019-12-14T16:14	86.61525	118.36128	0.061	291.9
2019-12-14T16:24	86.61531	118.35854	0.062	289.3
2019-12-14T16:34	86.61536	118.35594	0.059	289.6
2019-12-14T16:44	86.61542	118.35324	0.062	291.6
2019-12-14T16:54	86.61549	118.35101	0.053	296.4
2019-12-14T17:04	86.61555	118.34860	0.055	292.5
2019-12-14T17:14	86.61559	118.34600	0.057	285.1
2019-12-14T17:24	86.61564	118.34373	0.051	289.6
2019-12-14T17:34	86.61572	118.34156	0.055	302.2
2019-12-14T17:44	86.61579	118.33933	0.053	297.1
2019-12-14T17:54	86.61585	118.33698	0.055	295.6
2019-12-14T18:04	86.61592	118.33459	0.056	295.3
2019-12-14T18:14	86.61599	118.33229	0.055	296.5
2019-12-14T18:24	86.61604	118.33005	0.052	293.5
2019-12-14T18:34	86.61611	118.32788	0.052	298.3
2019-12-14T18:44	86.61618	118.32575	0.052	299.6
2019-12-14T18:54	86.61622	118.32362	0.047	287.5
2019-12-14T19:04	86.61625	118.32130	0.050	279.1
2019-12-14T19:14	86.61628	118.31888	0.052	282.1
2019-12-14T19:24	86.61631	118.31643	0.054	283.5
2019-12-14T19:34	86.61635	118.31391	0.055	283.2
2019-12-14T19:44	86.61639	118.31139	0.056	286.0
2019-12-14T19:54	86.61644	118.30895	0.054	288.3
2019-12-14T20:04	86.61652	118.30639	0.062	297.8
2019-12-14T20:14	86.61660	118.30384	0.061	297.8
2019-12-14T20:24	86.61666	118.30103	0.065	292.5
2019-12-14T20:34	86.61673	118.29804	0.068	291.8
2019-12-14T20:44	86.61681	118.29497	0.071	293.6
2019-12-14T20:54	86.61689	118.29182	0.073	292.6
2019-12-14T21:04	86.61697	118.28868	0.072	292.0
2019-12-14T21:14	86.61704	118.28547	0.073	291.3
2019-12-14T21:24	86.61711	118.28219	0.074	289.9
2019-12-14T21:34	86.61719	118.27890	0.076	293.3
2019-12-14T21:44	86.61727	118.27542	0.079	290.8
2019-12-14T21:54	86.61735	118.27186	0.081	290.9
2019-12-14T22:04	86.61740	118.26837	0.076	283.3
2019-12-14T22:14	86.61745	118.26475	0.079	283.6
2019-12-14T22:24	86.61755	118.26116	0.084	294.7
2019-12-14T22:34	86.61764	118.25760	0.083	293.8
2019-12-14T22:44	86.61773	118.25395	0.084	292.6
2019-12-14T22:54	86.61781	118.25017	0.085	289.6
2019-12-14T23:04	86.61788	118.24634	0.085	287.1
2019-12-14T23:14	86.61795	118.24250	0.085	287.4
2019-12-14T23:24	86.61802	118.23853	0.088	286.5
2019-12-14T23:34	86.61808	118.23447	0.089	284.8
2019-12-14T23:44	86.61815	118.23052	0.088	286.9
2019-12-14T23:54	86.61822	118.22640	0.091	285.4
2019-12-15T00:04	86.61829	118.22223	0.092	286.3
2019-12-15T00:14	86.61836	118.21809	0.091	285.5
2019-12-15T00:24	86.61843	118.21400	0.090	285.9
2019-12-15T00:34	86.61850	118.20991	0.090	285.6
2019-12-15T00:44	86.61856	118.20583	0.090	285.1
2019-12-15T00:54	86.61862	118.20165	0.091	282.7
2019-12-15T01:04	86.61867	118.19752	0.090	282.9
2019-12-15T01:14	86.61873	118.19326	0.092	281.8
2019-12-15T01:24	86.61878	118.18918	0.089	282.9
2019-12-15T01:34	86.61884	118.18503	0.090	282.3
2019-12-15T01:44	86.61888	118.18091	0.089	280.6
2019-12-15T01:54	86.61892	118.17688	0.087	279.8
2019-12-15T02:04	86.61896	118.17281	0.088	280.0
2019-12-15T02:14	86.61900	118.16882	0.085	277.7
2019-12-15T02:24	86.61902	118.16496	0.083	277.2
2019-12-15T02:34	86.61905	118.16123	0.080	277.6
2019-12-15T02:44	86.61908	118.15750	0.080	276.4
2019-12-15T02:54	86.61911	118.15383	0.079	277.5
2019-12-15T03:04	86.61913	118.15018	0.078	276.7
2019-12-15T03:14	86.61916	118.14664	0.076	278.0
2019-12-15T03:24	86.61919	118.14309	0.076	277.1
2019-12-15T03:34	86.61921	118.13964	0.074	275.4
2019-12-15T03:44	86.61923	118.13628	0.072	277.7
2019-12-15T03:54	86.61926	118.13301	0.070	276.5
2019-12-15T04:04	86.61927	118.12981	0.068	273.4
2019-12-15T04:14	86.61928	118.12675	0.065	274.9
2019-12-15T04:24	86.61930	118.12377	0.064	274.8
2019-12-15T04:34	86.61931	118.12073	0.065	274.6
2019-12-15T04:44	86.61932	118.11776	0.063	273.0
2019-12-15T04:54	86.61933	118.11471	0.065	271.5
2019-12-15T05:04	86.61933	118.11157	0.067	270.5
2019-12-15T05:14	86.61933	118.10904	0.054	272.0
2019-12-15T05:24	86.61933	118.10636	0.057	268.3
2019-12-15T05:34	86.61932	118.10358	0.059	268.7
2019-12-15T05:44	86.61931	118.10093	0.056	266.2
2019-12-15T05:54	86.61930	118.09819	0.058	265.6
2019-12-15T06:04	86.61929	118.09543	0.059	265.3
2019-12-15T06:14	86.61928	118.09261	0.060	265.3
2019-12-15T06:24	86.61926	118.08986	0.059	265.6
2019-12-15T06:34	86.61925	118.08694	0.062	266.3
2019-12-15T06:44	86.61924	118.08405	0.062	265.1
2019-12-15T06:54	86.61923	118.08110	0.063	268.0
2019-12-15T07:04	86.61921	118.07802	0.066	264.9
2019-12-15T07:14	86.61920	118.07491	0.066	265.2
2019-12-15T07:24	86.61919	118.07178	0.067	266.8
2019-12-15T07:34	86.61918	118.06831	0.074	266.6
2019-12-15T07:44	86.61917	118.06497	0.071	267.2
2019-12-15T07:54	86.61916	118.06139	0.076	267.3
2019-12-15T08:04	86.61915	118.05790	0.074	267.0
2019-12-15T08:14	86.61914	118.05431	0.076	267.7
2019-12-15T08:24	86.61912	118.05069	0.077	265.7
2019-12-15T08:34	86.61910	118.04680	0.083	265.3
2019-12-15T08:44	86.61910	118.04314	0.078	268.0
2019-12-15T08:54	86.61908	118.03927	0.082	267.2
2019-12-15T09:04	86.61908	118.03535	0.083	268.2
2019-12-15T09:14	86.61908	118.03137	0.084	269.6
2019-12-15T09:24	86.61908	118.02728	0.087	270.5
2019-12-15T09:34	86.61908	118.02309	0.089	269.7
2019-12-15T09:44	86.61907	118.01891	0.089	269.1
2019-12-15T09:54	86.61907	118.01460	0.091	269.6
2019-12-15T10:04	86.61907	118.01018	0.094	270.8
2019-12-15T10:14	86.61908	118.00582	0.092	270.7
2019-12-15T10:24	86.61908	118.00123	0.098	270.5
2019-12-15T10:34	86.61908	117.99660	0.098	270.5
2019-12-15T10:44	86.61908	117.99172	0.104	269.7
2019-12-15T10:54	86.61908	117.98669	0.107	270.3
2019-12-15T11:04	86.61908	117.98159	0.108	270.2
2019-12-15T11:14	86.61908	117.97651	0.108	269.8
2019-12-15T11:24	86.61908	117.97140	0.108	270.0
2019-12-15T11:34	86.61908	117.96617	0.111	268.9
2019-12-15T11:44	86.61906	117.96098	0.110	267.7
2019-12-15T11:54	86.61906	117.95574	0.111	269.3
2019-12-15T12:04	86.61905	117.95049	0.111	269.1
2019-12-15T12:14	86.61904	117.94509	0.115	267.4
2019-12-15T12:24	86.61904	117.93965	0.115	269.2
2019-12-15T12:34	86.61903	117.93417	0.117	268.3
2019-12-15T12:44	86.61901	117.92856	0.119	267.0
2019-12-15T12:54	86.61899	117.92280	0.122	266.9
2019-12-15T13:04	86.61896	117.91706	0.122	265.1
2019-12-15T13:14	86.61894	117.91131	0.122	265.8
2019-12-15T13:24	86.61890	117.90530	0.128	264.1
2019-12-15T13:34	86.61887	117.89925	0.129	264.7
2019-12-15T13:44	86.61883	117.89314	0.130	264.3
2019-12-15T13:54	86.61879	117.88696	0.132	262.9
2019-12-15T14:04	86.61874	117.88094	0.129	262.2
2019-12-15T14:14	86.61869	117.87495	0.128	262.4
2019-12-15T14:24	86.61864	117.86902	0.127	262.4
2019-12-15T14:34	86.61860	117.86315	0.126	262.4
2019-12-15T14:44	86.61854	117.85732	0.125	261.2
2019-12-15T14:54	86.61849	117.85141	0.127	261.4
2019-12-15T15:04	86.61844	117.84549	0.127	261.3
2019-12-15T15:14	86.61838	117.83954	0.128	260.8
2019-12-15T15:24	86.61832	117.83358	0.128	260.4
2019-12-15T15:34	86.61826	117.82789	0.123	259.6
2019-12-15T15:44	86.61820	117.82204	0.126	259.5
2019-12-15T15:54	86.61813	117.81634	0.123	259.5
2019-12-15T16:04	86.61807	117.81063	0.124	259.1
2019-12-15T16:14	86.61800	117.80489	0.124	258.5
2019-12-15T16:24	86.61793	117.79912	0.125	257.8
2019-12-15T16:34	86.61785	117.79342	0.124	257.6
2019-12-15T16:44	86.61778	117.78771	0.124	257.3
2019-12-15T16:54	86.61769	117.78176	0.130	255.8
2019-12-15T17:04	86.61760	117.77586	0.129	256.4
2019-12-15T17:14	86.61755	117.77024	0.121	260.0
2019-12-15T17:24	86.61747	117.76443	0.126	258.0
2019-12-15T17:34	86.61739	117.75831	0.133	257.9
2019-12-15T17:44	86.61731	117.75214	0.135	256.9
2019-12-15T17:54	86.61721	117.74577	0.140	255.3
2019-12-15T18:04	86.61713	117.73981	0.130	256.7
2019-12-15T18:14	86.61703	117.73374	0.133	255.4
2019-12-15T18:24	86.61692	117.72722	0.144	253.6
2019-12-15T18:34	86.61682	117.72093	0.138	254.8
2019-12-15T18:44	86.61672	117.71453	0.141	254.8
2019-12-15T18:54	86.61662	117.70790	0.145	255.8
2019-12-15T19:04	86.61652	117.70106	0.149	256.5
2019-12-15T19:14	86.61641	117.69446	0.146	253.8
2019-12-15T19:24	86.61630	117.68787	0.145	255.1
2019-12-15T19:34	86.61622	117.68137	0.142	257.5
2019-12-15T19:44	86.61614	117.67467	0.146	257.9
2019-12-15T19:54	86.61603	117.66777	0.151	255.8
2019-12-15T20:04	86.61590	117.65991	0.174	254.2
2019-12-15T20:14	86.61577	117.65254	0.163	253.8
2019-12-15T20:24	86.61568	117.64570	0.149	256.6
2019-12-15T20:34	86.61557	117.63867	0.154	255.6
2019-12-15T20:44	86.61543	117.63024	0.186	254.0
2019-12-15T20:54	86.61533	117.62287	0.161	256.8
2019-12-15T21:04	86.61522	117.61513	0.169	256.8
2019-12-15T21:14	86.61512	117.60770	0.162	257.0
2019-12-15T21:24	86.61502	117.60015	0.164	257.8
2019-12-15T21:34	86.61491	117.59217	0.174	256.7
2019-12-15T21:44	86.61480	117.58400	0.178	256.9
2019-12-15T21:54	86.61469	117.57571	0.180	257.7
2019-12-15T22:04	86.61458	117.56735	0.182	257.4
2019-12-15T22:14	86.61446	117.55870	0.189	256.1
2019-12-15T22:24	86.61434	117.54994	0.191	257.1
2019-12-15T22:34	86.61420	117.54039	0.209	256.5
2019-12-15T22:44	86.61407	117.53108	0.203	257.1
2019-12-15T22:54	86.61395	117.52204	0.197	257.0
2019-12-15T23:04	86.61383	117.51299	0.197	257.4
2019-12-15T23:14	86.61372	117.50400	0.195	258.1
2019-12-15T23:24	86.61360	117.49423	0.212	258.3
2019-12-15T23:34	86.61348	117.48417	0.218	258.6
2019-12-15T23:44	86.61337	117.47428	0.214	259.2
2019-12-15T23:54	86.61327	117.46490	0.203	259.6
2019-12-16T00:04	86.61316	117.45572	0.199	258.9
2019-12-16T00:14	86.61303	117.44538	0.225	257.7
2019-12-16T00:24	86.61290	117.43674	0.189	256.5
2019-12-16T00:34	86.61277	117.42653	0.222	257.4
2019-12-16T00:44	86.61265	117.41644	0.219	259.0
2019-12-16T00:54	86.61255	117.40645	0.216	259.7
2019-12-16T01:04	86.61244	117.39631	0.219	259.7
2019-12-16T01:14	86.61233	117.38615	0.220	259.8
2019-12-16T01:24	86.61220	117.37584	0.224	258.3
2019-12-16T01:34	86.61207	117.36505	0.234	258.3
2019-12-16T01:44	86.61193	117.35398	0.241	258.0
2019-12-16T01:54	86.61178	117.34323	0.235	257.1
2019-12-16T02:04	86.61161	117.33180	0.251	255.7
2019-12-16T02:14	86.61140	117.31962	0.270	253.5
2019-12-16T02:24	86.61117	117.30735	0.274	252.3
2019-12-16T02:34	86.61094	117.29501	0.275	252.9
2019-12-16T02:44	86.61072	117.28279	0.272	252.9
2019-12-16T02:54	86.61051	117.27057	0.271	253.8
2019-12-16T03:04	86.61029	117.25766	0.286	254.2
2019-12-16T03:14	86.61009	117.24521	0.275	254.2
2019-12-16T03:24	86.60986	117.23230	0.287	253.4
2019-12-16T03:34	86.60965	117.21968	0.279	254.5
2019-12-16T03:44	86.60942	117.20750	0.272	252.4
2019-12-16T03:54	86.60915	117.19569	0.270	248.5
2019-12-16T04:04	86.60886	117.18307	0.288	248.8
2019-12-16T04:14	86.60860	117.16990	0.295	251.9
2019-12-16T04:24	86.60835	117.15657	0.298	252.4
2019-12-16T04:34	86.60810	117.14336	0.295	252.4
2019-12-16T04:44	86.60784	117.13207	0.259	248.5
2019-12-16T04:54	86.60759	117.12051	0.262	250.0
2019-12-16T05:04	86.60734	117.10910	0.259	249.7
2019-12-16T05:14	86.60707	117.09598	0.296	251.0
2019-12-16T05:24	86.60679	117.08219	0.311	250.7
2019-12-16T05:34	86.60650	117.06869	0.306	250.1
2019-12-16T05:44	86.60622	117.05645	0.280	248.8
2019-12-16T05:54	86.60594	117.04407	0.282	249.5
2019-12-16T06:04	86.60559	117.03207	0.286	243.4
2019-12-16T06:14	86.60523	117.01981	0.292	243.6
2019-12-16T06:24	86.60490	117.00724	0.293	246.2
2019-12-16T06:34	86.60459	116.99437	0.296	248.2
2019-12-16T06:44	86.60430	116.98112	0.302	249.6
2019-12-16T06:54	86.60400	116.96778	0.305	248.9
2019-12-16T07:04	86.60368	116.95335	0.328	249.6
2019-12-16T07:14	86.60337	116.93894	0.327	250.0
2019-12-16T07:24	86.60302	116.92476	0.326	247.9
2019-12-16T07:34	86.60272	116.90972	0.339	251.0
2019-12-16T07:44	86.60241	116.89396	0.354	252.0
2019-12-16T07:54	86.60212	116.87778	0.361	252.9
2019-12-16T08:04	86.60182	116.86199	0.354	252.2
2019-12-16T08:14	86.60153	116.84594	0.358	253.4
2019-12-16T08:24	86.60126	116.82898	0.375	254.7
2019-12-16T08:34	86.60099	116.81239	0.367	254.8
2019-12-16T08:44	86.60072	116.79571	0.369	254.6
2019-12-16T08:54	86.60046	116.77857	0.378	255.7
2019-12-16T09:04	86.60021	116.76072	0.392	256.6
2019-12-16T09:14	86.59998	116.74283	0.391	257.8
2019-12-16T09:24	86.59977	116.72369	0.415	259.7
2019-12-16T09:34	86.59957	116.70350	0.437	260.3
2019-12-16T09:44	86.59940	116.68411	0.419	261.5
2019-12-16T09:54	86.59924	116.66386	0.436	262.6
2019-12-16T10:04	86.59910	116.64357	0.436	263.5
2019-12-16T10:14	86.59899	116.62335	0.434	264.6
2019-12-16T10:24	86.59887	116.60349	0.426	264.4
2019-12-16T10:34	86.59877	116.58395	0.419	265.0
2019-12-16T10:44	86.59867	116.56474	0.412	264.9
2019-12-16T10:54	86.59858	116.54532	0.416	265.6
2019-12-16T11:04	86.59854	116.52554	0.423	267.9
2019-12-16T11:14	86.59849	116.50602	0.417	267.6
2019-12-16T11:24	86.59844	116.48614	0.425	267.8
2019-12-16T11:34	86.59844	116.46631	0.424	270.0
2019-12-16T11:44	86.59840	116.44671	0.419	268.2
2019-12-16T11:54	86.59838	116.42717	0.418	268.8
2019-12-16T12:04	86.59838	116.40742	0.422	270.0
2019-12-16T12:14	86.59839	116.38774	0.420	270.5
2019-12-16T12:24	86.59841	116.36815	0.419	270.9
2019-12-16T12:34	86.59844	116.34870	0.416	271.5
2019-12-16T12:44	86.59847	116.32927	0.415	271.4
2019-12-16T12:54	86.59851	116.30998	0.412	272.1
2019-12-16T13:04	86.59855	116.29077	0.410	272.0
2019-12-16T13:14	86.59860	116.27175	0.407	272.7
2019-12-16T13:24	86.59866	116.25273	0.407	272.8
2019-12-16T13:34	86.59873	116.23402	0.400	273.5
2019-12-16T13:44	86.59880	116.21546	0.397	273.6
2019-12-16T13:54	86.59886	116.19628	0.410	273.4
2019-12-16T14:04	86.59894	116.17837	0.384	274.2
2019-12-16T14:14	86.59903	116.16023	0.389	274.6
2019-12-16T14:24	86.59912	116.14220	0.386	275.0
2019-12-16T14:34	86.59922	116.12420	0.386	275.4
2019-12-16T14:44	86.59932	116.10632	0.384	275.4
2019-12-16T14:54	86.59943	116.08855	0.381	275.7
2019-12-16T15:04	86.59954	116.07096	0.378	276.0
2019-12-16T15:14	86.59964	116.05357	0.373	276.0
2019-12-16T15:24	86.59975	116.03632	0.371	276.0
2019-12-16T15:34	86.59987	116.01923	0.367	276.4
2019-12-16T15:44	86.59998	116.00224	0.365	276.6
2019-12-16T15:54	86.60010	115.98566	0.357	276.8
2019-12-16T16:04	86.60021	115.96921	0.354	276.6
2019-12-16T16:14	86.60033	115.95289	0.351	277.1
2019-12-16T16:24	86.60045	115.93685	0.345	277.0
2019-12-16T16:34	86.60056	115.92089	0.343	276.9
2019-12-16T16:44	86.60067	115.90504	0.341	276.7
2019-12-16T16:54	86.60079	115.88941	0.336	277.0
2019-12-16T17:04	86.60090	115.87394	0.333	276.8
2019-12-16T17:14	86.60101	115.85857	0.331	277.2
2019-12-16T17:24	86.60112	115.84338	0.327	277.0
2019-12-16T17:34	86.60123	115.82830	0.324	276.6
2019-12-16T17:44	86.60134	115.81338	0.321	277.3
2019-12-16T17:54	86.60146	115.79838	0.323	277.5
2019-12-16T18:04	86.60158	115.78346	0.321	277.8
2019-12-16T18:14	86.60169	115.76875	0.317	277.6
2019-12-16T18:24	86.60181	115.75420	0.313	277.7
2019-12-16T18:34	86.60193	115.73977	0.311	278.0
2019-12-16T18:44	86.60205	115.72552	0.307	277.8
2019-12-16T18:54	86.60216	115.71151	0.302	277.7
2019-12-16T19:04	86.60226	115.69759	0.299	277.3
2019-12-16T19:14	86.60237	115.68384	0.296	277.7
2019-12-16T19:24	86.60250	115.67022	0.294	278.9
2019-12-16T19:34	86.60263	115.65674	0.291	279.1
2019-12-16T19:44	86.60276	115.64362	0.284	279.4
2019-12-16T19:54	86.60288	115.63041	0.285	279.0
2019-12-16T20:04	86.60302	115.61733	0.283	280.0
2019-12-16T20:14	86.60316	115.60425	0.284	280.5
2019-12-16T20:24	86.60331	115.59127	0.282	280.7
2019-12-16T20:34	86.60346	115.57836	0.281	281.4
2019-12-16T20:44	86.60361	115.56545	0.281	281.3
2019-12-16T20:54	86.60376	115.55263	0.278	280.8
2019-12-16T21:04	86.60390	115.53964	0.282	280.6
2019-12-16T21:14	86.60406	115.52673	0.281	281.4
2019-12-16T21:24	86.60422	115.51367	0.284	281.5
2019-12-16T21:34	86.60437	115.50051	0.286	281.4
2019-12-16T21:44	86.60455	115.48728	0.289	282.4
2019-12-16T21:54	86.60472	115.47407	0.288	282.5
2019-12-16T22:04	86.60490	115.46087	0.289	283.1
2019-12-16T22:14	86.60509	115.44760	0.291	283.6
2019-12-16T22:24	86.60528	115.43446	0.289	284.0
2019-12-16T22:34	86.60546	115.42138	0.286	283.0
2019-12-16T22:44	86.60565	115.40840	0.284	283.5
2019-12-16T22:54	86.60584	115.39542	0.285	284.0
2019-12-16T23:04	86.60603	115.38240	0.286	284.0
2019-12-16T23:14	86.60623	115.36929	0.289	284.5
2019-12-16T23:24	86.60643	115.35634	0.285	284.8
2019-12-16T23:34	86.60663	115.34326	0.288	284.5
2019-12-16T23:44	86.60683	115.33031	0.285	284.6
2019-12-16T23:54	86.60704	115.31735	0.286	284.8
2019-12-17T00:04	86.60725	115.30432	0.288	285.2
2019-12-17T00:14	86.60747	115.29140	0.286	286.1
2019-12-17T00:24	86.60770	115.27836	0.290	286.8
2019-12-17T00:34	86.60796	115.26543	0.291	288.7
2019-12-17T00:44	86.60823	115.25275	0.287	289.8
2019-12-17T00:54	86.60850	115.24004	0.288	290.2
2019-12-17T01:04	86.60876	115.22736	0.286	289.0
2019-12-17T01:14	86.60902	115.21479	0.283	289.1
2019-12-17T01:24	86.60931	115.20218	0.288	290.9
2019-12-17T01:34	86.60962	115.18923	0.298	292.1
2019-12-17T01:44	86.60992	115.17657	0.291	292.0
2019-12-17T01:54	86.61022	115.16443	0.280	292.5
2019-12-17T02:04	86.61052	115.15204	0.285	292.3
2019-12-17T02:14	86.61086	115.13908	0.302	294.2
2019-12-17T02:24	86.61117	115.12620	0.296	292.2
2019-12-17T02:34	86.61153	115.11329	0.304	295.2
2019-12-17T02:44	86.61191	115.10071	0.301	297.1
2019-12-17T02:54	86.61229	115.08806	0.301	296.5
2019-12-17T03:04	86.61262	115.07603	0.283	295.3
2019-12-17T03:14	86.61292	115.06448	0.269	293.9
2019-12-17T03:24	86.61323	115.05292	0.270	294.3
2019-12-17T03:34	86.61354	115.04140	0.269	294.6
2019-12-17T03:44	86.61386	115.02983	0.272	295.0
2019-12-17T03:54	86.61420	115.01789	0.282	295.7
2019-12-17T04:04	86.61453	115.00626	0.274	295.4
2019-12-17T04:14	86.61486	114.99448	0.277	295.5
2019-12-17T04:24	86.61523	114.98254	0.287	297.9
2019-12-17T04:34	86.61563	114.97023	0.298	298.5
2019-12-17T04:44	86.61603	114.95811	0.295	299.2
2019-12-17T04:54	86.61644	114.94590	0.298	299.6
2019-12-17T05:04	86.61689	114.93442	0.293	303.7
2019-12-17T05:14	86.61734	114.92334	0.286	304.7
2019-12-17T05:24	86.61781	114.91216	0.291	305.2
2019-12-17T05:34	86.61827	114.90086	0.292	304.7
2019-12-17T05:44	86.61874	114.88983	0.290	306.2
2019-12-17T05:54	86.61920	114.87878	0.286	304.8
2019-12-17T06:04	86.61964	114.86771	0.284	304.1
2019-12-17T06:14	86.62007	114.85680	0.278	303.6
2019-12-17T06:24	86.62049	114.84620	0.271	304.0
2019-12-17T06:34	86.62088	114.83559	0.266	302.0
2019-12-17T06:44	86.62130	114.82490	0.274	304.0
2019-12-17T06:54	86.62172	114.81417	0.272	303.2
2019-12-17T07:04	86.62213	114.80344	0.271	302.9
2019-12-17T07:14	86.62252	114.79324	0.259	303.2
2019-12-17T07:24	86.62295	114.78371	0.256	307.7
2019-12-17T07:34	86.62339	114.77416	0.257	308.1
2019-12-17T07:44	86.62386	114.76414	0.271	308.5
2019-12-17T07:54	86.62431	114.75480	0.254	308.8
2019-12-17T08:04	86.62474	114.74550	0.252	308.4
2019-12-17T08:14	86.62517	114.73622	0.250	308.2
2019-12-17T08:24	86.62556	114.72716	0.238	306.3
2019-12-17T08:34	86.62596	114.71802	0.241	306.4
2019-12-17T08:44	86.62639	114.70928	0.243	310.4
2019-12-17T08:54	86.62684	114.70045	0.245	310.3
2019-12-17T09:04	86.62727	114.69187	0.240	310.7
2019-12-17T09:14	86.62773	114.68299	0.251	311.3
2019-12-17T09:24	86.62817	114.67433	0.243	311.0
2019-12-17T09:34	86.62863	114.66573	0.246	312.3
2019-12-17T09:44	86.62912	114.65688	0.256	313.0
2019-12-17T09:54	86.62959	114.64770	0.259	311.5
2019-12-17T10:04	86.63006	114.63836	0.259	310.4
2019-12-17T10:14	86.63052	114.62916	0.256	310.4
2019-12-17T10:24	86.63100	114.62004	0.260	312.0
2019-12-17T10:34	86.63150	114.61107	0.261	313.5
2019-12-17T10:44	86.63201	114.60223	0.262	314.4
2019-12-17T10:54	86.63254	114.59361	0.264	316.4
2019-12-17T11:04	86.63311	114.58415	0.287	315.8
2019-12-17T11:14	86.63367	114.57489	0.281	315.9
2019-12-17T11:24	86.63421	114.56584	0.272	315.2
2019-12-17T11:34	86.63475	114.55653	0.276	314.7
2019-12-17T11:44	86.63530	114.54742	0.277	315.9
2019-12-17T11:54	86.63585	114.53825	0.275	315.2
2019-12-17T12:04	86.63637	114.52901	0.271	313.9
2019-12-17T12:14	86.63690	114.51984	0.273	314.8
2019-12-17T12:24	86.63744	114.51062	0.275	315.0
2019-12-17T12:34	86.63798	114.50135	0.277	314.9
2019-12-17T12:44	86.63853	114.49207	0.278	315.2
2019-12-17T12:54	86.63909	114.48284	0.279	315.6
2019-12-17T13:04	86.63965	114.47369	0.280	316.5
2019-12-17T13:14	86.64020	114.46452	0.278	315.9
2019-12-17T13:24	86.64076	114.45546	0.278	316.6
2019-12-17T13:34	86.64133	114.44638	0.281	317.0
2019-12-17T13:44	86.64189	114.43709	0.279	315.4
2019-12-17T13:54	86.64243	114.42777	0.278	315.0
2019-12-17T14:04	86.64297	114.41840	0.277	314.6
2019-12-17T14:14	86.64351	114.40912	0.276	314.8
2019-12-17T14:24	86.64406	114.39981	0.277	315.0
2019-12-17T14:34	86.64460	114.39058	0.277	315.4
2019-12-17T14:44	86.64515	114.38135	0.277	315.4
2019-12-17T14:54	86.64570	114.37224	0.276	315.8
2019-12-17T15:04	86.64625	114.36317	0.275	316.1
2019-12-17T15:14	86.64680	114.35433	0.272	316.8
2019-12-17T15:24	86.64737	114.34557	0.275	318.0
2019-12-17T15:34	86.64796	114.33690	0.280	319.2
2019-12-17T15:44	86.64853	114.32842	0.272	319.1
2019-12-17T15:54	86.64905	114.31996	0.258	316.4
2019-12-17T16:04	86.64953	114.31143	0.250	314.2
2019-12-17T16:14	86.65003	114.30300	0.251	315.0
2019-12-17T16:24	86.65052	114.29489	0.246	316.2
2019-12-17T16:34	86.65102	114.28675	0.249	316.7
2019-12-17T16:44	86.65153	114.27867	0.248	316.7
2019-12-17T16:54	86.65202	114.27078	0.244	317.1
2019-12-17T17:04	86.65252	114.26289	0.244	317.1
2019-12-17T17:14	86.65301	114.25511	0.241	317.4
2019-12-17T17:24	86.65350	114.24762	0.237	318.3
2019-12-17T17:34	86.65399	114.24031	0.234	318.9
2019-12-17T17:44	86.65444	114.23301	0.223	316.7
2019-12-17T17:54	86.65488	114.22540	0.225	314.7
2019-12-17T18:04	86.65532	114.21771	0.226	314.4
2019-12-17T18:14	86.65575	114.21011	0.221	313.8
2019-12-17T18:24	86.65617	114.20265	0.219	314.4
2019-12-17T18:34	86.65659	114.19530	0.215	314.0
2019-12-17T18:44	86.65701	114.18792	0.217	314.3
2019-12-17T18:54	86.65742	114.18066	0.214	314.5
2019-12-17T19:04	86.65784	114.17337	0.215	314.7
2019-12-17T19:14	86.65827	114.16622	0.214	315.4
2019-12-17T19:24	86.65868	114.15899	0.214	314.8
2019-12-17T19:34	86.65910	114.15165	0.214	313.9
2019-12-17T19:44	86.65951	114.14446	0.212	314.7
2019-12-17T19:54	86.65992	114.13725	0.212	314.4
2019-12-17T20:04	86.66034	114.13007	0.213	315.0
2019-12-17T20:14	86.66075	114.12294	0.210	314.7
2019-12-17T20:24	86.66116	114.11585	0.208	314.4
2019-12-17T20:34	86.66156	114.10865	0.209	313.8
2019-12-17T20:44	86.66195	114.10136	0.209	312.9
2019-12-17T20:54	86.66235	114.09415	0.207	313.1
2019-12-17T21:04	86.66272	114.08687	0.204	311.7
2019-12-17T21:14	86.66310	114.07962	0.204	311.9
2019-12-17T21:24	86.66347	114.07232	0.203	311.3
2019-12-17T21:34	86.66384	114.06502	0.201	310.5
2019-12-17T21:44	86.66420	114.05767	0.201	310.2
2019-12-17T21:54	86.66454	114.05022	0.199	308.4
2019-12-17T22:04	86.66489	114.04274	0.201	308.7
2019-12-17T22:14	86.66524	114.03524	0.201	308.5
2019-12-17T22:24	86.66559	114.02772	0.201	308.5
2019-12-17T22:34	86.66593	114.02034	0.199	308.9
2019-12-17T22:44	86.66628	114.01295	0.199	309.0
2019-12-17T22:54	86.66663	114.00556	0.199	308.8
2019-12-17T23:04	86.66698	113.99808	0.201	308.9
2019-12-17T23:14	86.66731	113.99049	0.200	307.3
2019-12-17T23:24	86.66764	113.98298	0.198	307.3
2019-12-17T23:34	86.66798	113.97545	0.198	307.0
2019-12-17T23:44	86.66833	113.96789	0.203	308.7
2019-12-17T23:54	86.66870	113.96011	0.212	309.7
2019-12-18T00:04	86.66908	113.95238	0.212	310.4
2019-12-18T00:14	86.66947	113.94475	0.211	310.9
2019-12-18T00:24	86.66986	113.93708	0.214	311.3
2019-12-18T00:34	86.67024	113.92942	0.211	310.7
2019-12-18T00:44	86.67060	113.92167	0.207	308.5
2019-12-18T00:54	86.67094	113.91403	0.200	307.1
2019-12-18T01:04	86.67126	113.90633	0.199	305.8
2019-12-18T01:14	86.67159	113.89876	0.198	306.9
2019-12-18T01:24	86.67193	113.89140	0.197	308.4
2019-12-18T01:34	86.67229	113.88414	0.200	310.8
2019-12-18T01:44	86.67266	113.87678	0.203	310.6
2019-12-18T01:54	86.67302	113.86932	0.203	309.7
2019-12-18T02:04	86.67337	113.86177	0.202	308.7
2019-12-18T02:14	86.67378	113.85418	0.216	312.7
2019-12-18T02:24	86.67413	113.84645	0.206	308.4
2019-12-18T02:34	86.67447	113.83883	0.201	307.7
2019-12-18T02:44	86.67481	113.83155	0.194	308.4
2019-12-18T02:54	86.67514	113.82462	0.188	309.7
2019-12-18T03:04	86.67543	113.81763	0.179	305.3
2019-12-18T03:14	86.67571	113.81075	0.175	305.1
2019-12-18T03:24	86.67598	113.80393	0.173	304.6
2019-12-18T03:34	86.67626	113.79722	0.172	305.3
2019-12-18T03:44	86.67651	113.79059	0.165	303.2
2019-12-18T03:54	86.67676	113.78419	0.161	303.8
2019-12-18T04:04	86.67697	113.77779	0.154	300.2
2019-12-18T04:14	86.67718	113.77135	0.154	299.2
2019-12-18T04:24	86.67738	113.76496	0.151	298.0
2019-12-18T04:34	86.67757	113.75878	0.147	298.8
2019-12-18T04:44	86.67777	113.75253	0.147	297.8
2019-12-18T04:54	86.67795	113.74651	0.142	297.8
2019-12-18T05:04	86.67813	113.74061	0.139	297.9
2019-12-18T05:14	86.67830	113.73477	0.137	297.2
2019-12-18T05:24	86.67846	113.72900	0.133	295.3
2019-12-18T05:34	86.67861	113.72334	0.130	294.7
2019-12-18T05:44	86.67875	113.71786	0.124	292.6
2019-12-18T05:54	86.67887	113.71242	0.122	291.8
2019-12-18T06:04	86.67899	113.70724	0.116	291.2
2019-12-18T06:14	86.67911	113.70199	0.118	291.7
2019-12-18T06:24	86.67922	113.69689	0.113	289.9
2019-12-18T06:34	86.67931	113.69191	0.109	287.7
2019-12-18T06:44	86.67939	113.68706	0.106	287.2
2019-12-18T06:54	86.67947	113.68243	0.101	286.5
2019-12-18T07:04	86.67954	113.67794	0.096	283.5
2019-12-18T07:14	86.67959	113.67355	0.094	282.3
2019-12-18T07:24	86.67964	113.66916	0.093	280.3
2019-12-18T07:34	86.67968	113.66470	0.094	279.0
2019-12-18T07:44	86.67972	113.66038	0.091	278.8
2019-12-18T07:54	86.67977	113.65588	0.095	280.8
2019-12-18T08:04	86.67981	113.65118	0.099	278.3
2019-12-18T08:14	86.67985	113.64683	0.092	279.5
2019-12-18T08:24	86.67989	113.64242	0.093	278.8
2019-12-18T08:34	86.67992	113.63794	0.094	277.3
2019-12-18T08:44	86.67995	113.63345	0.094	276.4
2019-12-18T08:54	86.67998	113.62914	0.091	277.4
2019-12-18T09:04	86.68001	113.62481	0.091	276.7
2019-12-18T09:14	86.68004	113.62038	0.093	276.4
2019-12-18T09:24	86.68007	113.61584	0.095	276.8
2019-12-18T09:34	86.68010	113.61124	0.096	275.1
2019-12-18T09:44	86.68012	113.60633	0.103	275.3
2019-12-18T09:54	86.68016	113.60152	0.101	277.7
2019-12-18T10:04	86.68020	113.59653	0.105	277.1
2019-12-18T10:14	86.68024	113.59151	0.106	277.9
2019-12-18T10:24	86.68027	113.58648	0.106	277.1
2019-12-18T10:34	86.68030	113.58137	0.107	275.6
2019-12-18T10:44	86.68033	113.57598	0.113	274.7
2019-12-18T10:54	86.68034	113.57116	0.101	273.3
2019-12-18T11:04	86.68035	113.56613	0.105	270.7
2019-12-18T11:14	86.68036	113.56094	0.108	272.6
2019-12-18T11:24	86.68038	113.55572	0.109	272.9
2019-12-18T11:34	86.68039	113.55059	0.107	272.4
2019-12-18T11:44	86.68040	113.54535	0.109	271.2
2019-12-18T11:54	86.68040	113.54019	0.108	271.0
2019-12-18T12:04	86.68040	113.53490	0.110	269.9
2019-12-18T12:14	86.68041	113.52963	0.110	271.1
2019-12-18T12:24	86.68041	113.52427	0.112	271.0
2019-12-18T12:34	86.68042	113.51882	0.114	272.0
2019-12-18T12:44	86.68042	113.51330	0.115	269.7
2019-12-18T12:54	86.68042	113.50772	0.116	270.7
2019-12-18T13:04	86.68043	113.50224	0.114	271.0
2019-12-18T13:14	86.68043	113.49667	0.116	270.8
2019-12-18T13:24	86.68045	113.49113	0.116	272.2
2019-12-18T13:34	86.68046	113.48563	0.115	271.9
2019-12-18T13:44	86.68046	113.48009	0.115	271.1
2019-12-18T13:54	86.68047	113.47468	0.113	270.8
2019-12-18T14:04	86.68047	113.46917	0.115	270.5
2019-12-18T14:14	86.68047	113.46375	0.113	270.1
2019-12-18T14:24	86.68047	113.45839	0.112	270.3
2019-12-18T14:34	86.68047	113.45299	0.113	270.1
2019-12-18T14:44	86.68047	113.44765	0.111	270.4
2019-12-18T14:54	86.68048	113.44230	0.112	271.7
2019-12-18T15:04	86.68049	113.43697	0.111	271.6
2019-12-18T15:14	86.68049	113.43167	0.110	270.3
2019-12-18T15:24	86.68049	113.42652	0.108	269.4
2019-12-18T15:34	86.68049	113.42123	0.110	269.0
2019-12-18T15:44	86.68047	113.41609	0.107	267.8
2019-12-18T15:54	86.68047	113.41107	0.105	269.0
2019-12-18T16:04	86.68046	113.40609	0.104	267.9
2019-12-18T16:14	86.68045	113.40114	0.103	267.4
2019-12-18T16:24	86.68044	113.39636	0.100	268.5
2019-12-18T16:34	86.68043	113.39156	0.100	267.6
2019-12-18T16:44	86.68043	113.38673	0.101	271.7
2019-12-18T16:54	86.68043	113.38204	0.098	269.7
2019-12-18T17:04	86.68043	113.37740	0.097	270.3
2019-12-18T17:14	86.68043	113.37269	0.098	269.7
2019-12-18T17:24	86.68042	113.36823	0.093	268.1
2019-12-18T17:34	86.68042	113.36370	0.094	269.0
2019-12-18T17:44	86.68041	113.35919	0.094	267.7
2019-12-18T17:54	86.68040	113.35472	0.093	267.2
2019-12-18T18:04	86.68038	113.35042	0.090	266.2
2019-12-18T18:14	86.68036	113.34613	0.090	265.6
2019-12-18T18:24	86.68034	113.34190	0.088	265.4
2019-12-18T18:34	86.68033	113.33775	0.087	267.3
2019-12-18T18:44	86.68031	113.33364	0.086	265.6
2019-12-18T18:54	86.68029	113.32962	0.084	263.6
2019-12-18T19:04	86.68026	113.32553	0.086	263.8
2019-12-18T19:14	86.68024	113.32146	0.085	264.1
2019-12-18T19:24	86.68021	113.31745	0.084	263.2
2019-12-18T19:34	86.68017	113.31332	0.087	261.8
2019-12-18T19:44	86.68014	113.30938	0.083	261.5
2019-12-18T19:54	86.68011	113.30530	0.086	262.4
2019-12-18T20:04	86.68008	113.30120	0.086	264.3
2019-12-18T20:14	86.68006	113.29696	0.089	264.1
2019-12-18T20:24	86.68004	113.29268	0.089	266.3
2019-12-18T20:34	86.68002	113.28840	0.089	265.8
2019-12-18T20:44	86.68002	113.28410	0.090	268.3
2019-12-18T20:54	86.68001	113.27969	0.092	268.3
2019-12-18T21:04	86.68000	113.27525	0.093	268.0
2019-12-18T21:14	86.68000	113.27081	0.093	270.0
2019-12-18T21:24	86.67999	113.26630	0.094	268.3
2019-12-18T21:34	86.67999	113.26177	0.094	269.6
2019-12-18T21:44	86.67999	113.25721	0.095	270.6
2019-12-18T21:54	86.68000	113.25256	0.097	271.2
2019-12-18T22:04	86.68002	113.24778	0.100	273.5
2019-12-18T22:14	86.68003	113.24308	0.098	273.4
2019-12-18T22:24	86.68005	113.23821	0.102	273.4
2019-12-18T22:34	86.68007	113.23351	0.098	274.6
2019-12-18T22:44	86.68010	113.22866	0.102	276.2
2019-12-18T22:54	86.68013	113.22388	0.101	276.7
2019-12-18T23:04	86.68017	113.21878	0.107	276.6
2019-12-18T23:14	86.68020	113.21416	0.097	277.5
2019-12-18T23:24	86.68024	113.20925	0.103	277.4
2019-12-18T23:34	86.68028	113.20426	0.105	278.1
2019-12-18T23:44	86.68032	113.19940	0.102	277.7
2019-12-18T23:54	86.68036	113.19449	0.103	277.5
2019-12-19T00:04	86.68040	113.18954	0.104	278.5
2019-12-19T00:14	86.68045	113.18468	0.103	279.6
2019-12-19T00:24	86.68049	113.17975	0.104	279.1
2019-12-19T00:34	86.68054	113.17506	0.099	279.4
2019-12-19T00:44	86.68058	113.17030	0.100	278.5
2019-12-19T00:54	86.68063	113.16562	0.099	280.8
2019-12-19T01:04	86.68068	113.16093	0.099	280.0
2019-12-19T01:14	86.68072	113.15629	0.098	279.7
2019-12-19T01:24	86.68077	113.15174	0.096	280.4
2019-12-19T01:34	86.68081	113.14726	0.095	279.3
2019-12-19T01:44	86.68085	113.14268	0.097	278.5
2019-12-19T01:54	86.68089	113.13842	0.090	278.1
2019-12-19T02:04	86.68092	113.13413	0.090	278.5
2019-12-19T02:14	86.68096	113.12997	0.088	277.7
2019-12-19T02:24	86.68098	113.12588	0.086	276.2
2019-12-19T02:34	86.68101	113.12193	0.083	275.8
2019-12-19T02:44	86.68103	113.11800	0.082	275.4
2019-12-19T02:54	86.68104	113.11426	0.078	272.4
2019-12-19T03:04	86.68104	113.11065	0.075	270.1
2019-12-19T03:14	86.68103	113.10694	0.078	267.2
2019-12-19T03:24	86.68102	113.10350	0.072	266.9
2019-12-19T03:34	86.68101	113.10001	0.073	267.5
2019-12-19T03:44	86.68098	113.09658	0.072	262.5
2019-12-19T03:54	86.68096	113.09341	0.067	263.5
2019-12-19T04:04	86.68092	113.09005	0.071	259.4
2019-12-19T04:14	86.68089	113.08728	0.059	257.7
2019-12-19T04:24	86.68084	113.08431	0.064	255.1
2019-12-19T04:34	86.68079	113.08142	0.063	252.5
2019-12-19T04:44	86.68073	113.07874	0.060	249.7
2019-12-19T04:54	86.68068	113.07611	0.058	249.4
2019-12-19T05:04	86.68062	113.07368	0.054	249.2
2019-12-19T05:14	86.68057	113.07112	0.057	249.9
2019-12-19T05:24	86.68052	113.06846	0.058	253.0
2019-12-19T05:34	86.68046	113.06580	0.059	249.7
2019-12-19T05:44	86.68042	113.06324	0.056	251.9
2019-12-19T05:54	86.68036	113.06065	0.057	251.1
2019-12-19T06:04	86.68030	113.05799	0.060	247.3
2019-12-19T06:14	86.68025	113.05542	0.056	252.2
2019-12-19T06:24	86.68020	113.05282	0.058	249.7
2019-12-19T06:34	86.68014	113.05014	0.059	250.3
2019-12-19T06:44	86.68009	113.04763	0.056	249.8
2019-12-19T06:54	86.68003	113.04497	0.059	249.4
2019-12-19T07:04	86.67997	113.04232	0.059	249.6
2019-12-19T07:14	86.67992	113.03961	0.060	250.2
2019-12-19T07:24	86.67986	113.03690	0.060	250.0
2019-12-19T07:34	86.67980	113.03409	0.062	250.1
2019-12-19T07:44	86.67974	113.03143	0.060	249.0
2019-12-19T07:54	86.67968	113.02853	0.065	249.3
2019-12-19T08:04	86.67961	113.02561	0.066	247.7
2019-12-19T08:14	86.67955	113.02284	0.062	249.8
2019-12-19T08:24	86.67949	113.01998	0.064	249.5
2019-12-19T08:34	86.67942	113.01712	0.064	248.1
2019-12-19T08:44	86.67935	113.01417	0.066	248.3
2019-12-19T08:54	86.67929	113.01124	0.065	249.1
2019-12-19T09:04	86.67922	113.00823	0.067	249.7
2019-12-19T09:14	86.67915	113.00528	0.067	247.2
2019-12-19T09:24	86.67908	113.00222	0.068	249.3
2019-12-19T09:34	86.67903	112.99914	0.067	252.5
2019-12-19T09:44	86.67897	112.99587	0.071	252.9
2019-12-19T09:54	86.67892	112.99280	0.067	253.4
2019-12-19T10:04	86.67886	112.98960	0.070	253.2
2019-12-19T10:14	86.67881	112.98645	0.068	254.3
2019-12-19T10:24	86.67876	112.98323	0.070	254.8
2019-12-19T10:34	86.67871	112.97996	0.071	254.3
2019-12-19T10:44	86.67865	112.97679	0.069	253.4
2019-12-19T10:54	86.67860	112.97348	0.071	256.1
2019-12-19T11:04	86.67856	112.97026	0.069	255.7
2019-12-19T11:14	86.67850	112.96697	0.071	255.0
2019-12-19T11:24	86.67845	112.96361	0.072	255.6
2019-12-19T11:34	86.67840	112.96037	0.071	252.5
2019-12-19T11:44	86.67833	112.95724	0.070	249.8
2019-12-19T11:54	86.67827	112.95393	0.072	254.2
2019-12-19T12:04	86.67822	112.95059	0.072	254.4
2019-12-19T12:14	86.67818	112.94725	0.071	257.9
2019-12-19T12:24	86.67814	112.94379	0.074	257.9
2019-12-19T12:34	86.67808	112.94037	0.074	255.3
2019-12-19T12:44	86.67804	112.93695	0.073	256.2
2019-12-19T12:54	86.67800	112.93351	0.073	259.4
2019-12-19T13:04	86.67796	112.92969	0.081	260.8
2019-12-19T13:14	86.67794	112.92674	0.062	263.8
2019-12-19T13:24	86.67791	112.92322	0.074	260.7
2019-12-19T13:34	86.67788	112.91991	0.070	262.3
2019-12-19T13:44	86.67786	112.91635	0.075	263.4
2019-12-19T13:54	86.67784	112.91322	0.066	265.0
2019-12-19T14:04	86.67783	112.90970	0.074	265.0
2019-12-19T14:14	86.67781	112.90638	0.070	265.0
2019-12-19T14:24	86.67780	112.90300	0.071	265.6
2019-12-19T14:34	86.67778	112.89966	0.070	266.9
2019-12-19T14:44	86.67778	112.89643	0.067	267.4
2019-12-19T14:54	86.67778	112.89316	0.068	269.8
2019-12-19T15:04	86.67778	112.89010	0.064	270.5
2019-12-19T15:14	86.67778	112.88688	0.067	270.1
2019-12-19T15:24	86.67779	112.88382	0.064	272.5
2019-12-19T15:34	86.67778	112.88081	0.063	269.5
2019-12-19T15:44	86.67779	112.87799	0.059	271.0
2019-12-19T15:54	86.67779	112.87492	0.064	270.8
2019-12-19T16:04	86.67779	112.87187	0.064	268.7
2019-12-19T16:14	86.67778	112.86880	0.064	267.5
2019-12-19T16:24	86.67777	112.86599	0.059	266.8
2019-12-19T16:34	86.67776	112.86330	0.056	268.4
2019-12-19T16:44	86.67776	112.86052	0.058	267.8
2019-12-19T16:54	86.67775	112.85789	0.055	266.2
2019-12-19T17:04	86.67774	112.85533	0.054	265.1
2019-12-19T17:14	86.67772	112.85278	0.054	263.6
2019-12-19T17:24	86.67769	112.85030	0.053	258.0
2019-12-19T17:34	86.67766	112.84782	0.053	258.6
2019-12-19T17:44	86.67762	112.84535	0.053	256.3
2019-12-19T17:54	86.67759	112.84284	0.054	256.3
2019-12-19T18:04	86.67755	112.84046	0.052	252.9
2019-12-19T18:14	86.67750	112.83831	0.048	250.5
2019-12-19T18:24	86.67746	112.83611	0.049	250.3
2019-12-19T18:34	86.67741	112.83404	0.047	247.8
2019-12-19T18:44	86.67736	112.83184	0.049	249.7
2019-12-19T18:54	86.67731	112.82969	0.049	246.5
2019-12-19T19:04	86.67725	112.82747	0.051	245.8
2019-12-19T19:14	86.67719	112.82527	0.051	243.8
2019-12-19T19:24	86.67711	112.82312	0.052	240.2
2019-12-19T19:34	86.67704	112.82090	0.053	240.3
2019-12-19T19:44	86.67697	112.81827	0.060	245.3
2019-12-19T19:54	86.67691	112.81552	0.062	248.7
2019-12-19T20:04	86.67684	112.81281	0.061	247.4
2019-12-19T20:14	86.67678	112.81006	0.062	247.2
2019-12-19T20:24	86.67672	112.80726	0.062	249.4
2019-12-19T20:34	86.67665	112.80434	0.065	249.5
2019-12-19T20:44	86.67659	112.80115	0.070	252.2
2019-12-19T20:54	86.67653	112.79797	0.070	251.3
2019-12-19T21:04	86.67647	112.79475	0.070	252.9
2019-12-19T21:14	86.67641	112.79137	0.074	253.3
2019-12-19T21:24	86.67636	112.78797	0.074	254.3
2019-12-19T21:34	86.67631	112.78453	0.074	255.0
2019-12-19T21:44	86.67626	112.78110	0.073	257.6
2019-12-19T21:54	86.67623	112.77762	0.074	260.0
2019-12-19T22:04	86.67619	112.77419	0.073	260.3
2019-12-19T22:14	86.67616	112.77078	0.072	261.3
2019-12-19T22:24	86.67614	112.76748	0.070	262.3
2019-12-19T22:34	86.67611	112.76406	0.072	262.5
2019-12-19T22:44	86.67609	112.76078	0.069	263.4
2019-12-19T22:54	86.67607	112.75690	0.081	266.2
2019-12-19T23:04	86.67606	112.75388	0.063	267.3
2019-12-19T23:14	86.67607	112.75063	0.068	271.0
2019-12-19T23:24	86.67607	112.74721	0.071	271.0
2019-12-19T23:34	86.67608	112.74380	0.071	272.6
2019-12-19T23:44	86.67609	112.74056	0.068	272.9
2019-12-19T23:54	86.67611	112.73716	0.071	275.5
2019-12-20T00:04	86.67614	112.73384	0.070	277.9
2019-12-20T00:14	86.67617	112.73056	0.069	278.9
2019-12-20T00:24	86.67619	112.72717	0.071	278.6
2019-12-20T00:34	86.67623	112.72386	0.071	281.5
2019-12-20T00:44	86.67628	112.72062	0.070	283.5
2019-12-20T00:54	86.67633	112.71735	0.071	285.1
2019-12-20T01:04	86.67638	112.71408	0.071	285.5
2019-12-20T01:14	86.67644	112.71089	0.070	288.1
2019-12-20T01:24	86.67651	112.70775	0.070	289.9
2019-12-20T01:34	86.67658	112.70472	0.068	292.0
2019-12-20T01:44	86.67665	112.70160	0.070	292.4
2019-12-20T01:54	86.67673	112.69873	0.065	293.5
2019-12-20T02:04	86.67681	112.69590	0.065	295.6
2019-12-20T02:14	86.67689	112.69309	0.066	297.6
2019-12-20T02:24	86.67698	112.69035	0.065	298.1
2019-12-20T02:34	86.67706	112.68769	0.064	299.9
2019-12-20T02:44	86.67715	112.68522	0.060	300.8
2019-12-20T02:54	86.67724	112.68279	0.060	301.6
2019-12-20T03:04	86.67733	112.68044	0.059	303.2
2019-12-20T03:14	86.67741	112.67806	0.058	301.2
2019-12-20T03:24	86.67750	112.67578	0.058	305.4
2019-12-20T03:34	86.67760	112.67331	0.062	303.2
2019-12-20T03:44	86.67768	112.67131	0.052	306.3
2019-12-20T03:54	86.67779	112.66928	0.056	311.4
2019-12-20T04:04	86.67788	112.66726	0.054	308.2
2019-12-20T04:14	86.67797	112.66525	0.053	308.2
2019-12-20T04:24	86.67806	112.66335	0.051	309.1
2019-12-20T04:34	86.67815	112.66148	0.050	309.1
2019-12-20T04:44	86.67823	112.65964	0.049	308.5
2019-12-20T04:54	86.67832	112.65797	0.046	310.7
2019-12-20T05:04	86.67840	112.65631	0.046	310.8
2019-12-20T05:14	86.67848	112.65464	0.045	309.0
2019-12-20T05:24	86.67856	112.65292	0.046	308.9
2019-12-20T05:34	86.67863	112.65120	0.045	307.2
2019-12-20T05:44	86.67871	112.64963	0.042	309.6
2019-12-20T05:54	86.67878	112.64815	0.040	308.9
2019-12-20T06:04	86.67884	112.64651	0.042	304.9
2019-12-20T06:14	86.67890	112.64503	0.038	305.4
2019-12-20T06:24	86.67896	112.64356	0.037	303.6
2019-12-20T06:34	86.67901	112.64209	0.036	301.0
2019-12-20T06:44	86.67906	112.64052	0.037	298.0
2019-12-20T06:54	86.67910	112.63901	0.035	296.2
2019-12-20T07:04	86.67914	112.63744	0.036	294.1
2019-12-20T07:14	86.67918	112.63573	0.038	292.0
2019-12-20T07:24	86.67921	112.63419	0.034	288.9
2019-12-20T07:34	86.67925	112.63248	0.038	289.2
2019-12-20T07:44	86.67928	112.63066	0.040	287.0
2019-12-20T07:54	86.67930	112.62874	0.041	281.4
2019-12-20T08:04	86.67933	112.62669	0.044	281.8
2019-12-20T08:14	86.67935	112.62500	0.036	282.7
2019-12-20T08:24	86.67937	112.62307	0.041	280.7
2019-12-20T08:34	86.67939	112.62106	0.042	278.2
2019-12-20T08:44	86.67940	112.61903	0.043	277.0
2019-12-20T08:54	86.67942	112.61696	0.044	280.0
2019-12-20T09:04	86.67944	112.61482	0.045	278.6
2019-12-20T09:14	86.67946	112.61267	0.045	278.8
2019-12-20T09:24	86.67948	112.61042	0.047	278.9
2019-12-20T09:34	86.67950	112.60788	0.054	278.0
2019-12-20T09:44	86.67953	112.60572	0.046	283.5
2019-12-20T09:54	86.67956	112.60334	0.051	282.0
2019-12-20T10:04	86.67959	112.60088	0.052	282.4
2019-12-20T10:14	86.67963	112.59850	0.051	284.1
2019-12-20T10:24	86.67967	112.59603	0.053	284.2
2019-12-20T10:34	86.67971	112.59368	0.051	287.1
2019-12-20T10:44	86.67976	112.59108	0.057	288.1
2019-12-20T10:54	86.67980	112.58858	0.055	287.3
2019-12-20T11:04	86.67986	112.58614	0.055	291.6
2019-12-20T11:14	86.67991	112.58365	0.056	291.9
2019-12-20T11:24	86.67998	112.58116	0.057	295.0
2019-12-20T11:34	86.68005	112.57876	0.055	294.8
2019-12-20T11:44	86.68012	112.57631	0.057	296.4
2019-12-20T11:54	86.68019	112.57381	0.058	296.5
2019-12-20T12:04	86.68027	112.57140	0.058	299.1
2019-12-20T12:14	86.68035	112.56900	0.058	300.1
2019-12-20T12:24	86.68043	112.56655	0.059	300.6
2019-12-20T12:34	86.68052	112.56414	0.060	302.6
2019-12-20T12:44	86.68061	112.56175	0.060	303.5
2019-12-20T12:54	86.68071	112.55945	0.059	305.4
2019-12-20T13:04	86.68080	112.55712	0.060	305.4
2019-12-20T13:14	86.68092	112.55493	0.062	312.8
2019-12-20T13:24	86.68103	112.55263	0.063	310.4
2019-12-20T13:34	86.68115	112.55054	0.060	313.9
2019-12-20T13:44	86.68127	112.54837	0.063	314.5
2019-12-20T13:54	86.68140	112.54625	0.064	315.9
2019-12-20T14:04	86.68153	112.54411	0.065	316.4
2019-12-20T14:14	86.68166	112.54206	0.064	317.7
2019-12-20T14:24	86.68180	112.54008	0.066	321.1
2019-12-20T14:34	86.68194	112.53821	0.062	321.1
2019-12-20T14:44	86.68207	112.53629	0.064	321.1
2019-12-20T14:54	86.68221	112.53444	0.063	322.6
2019-12-20T15:04	86.68235	112.53269	0.061	323.5
2019-12-20T15:14	86.68249	112.53110	0.060	326.2
2019-12-20T15:24	86.68263	112.52953	0.059	326.5
2019-12-20T15:34	86.68276	112.52804	0.057	326.9
2019-12-20T15:44	86.68289	112.52665	0.056	328.7
2019-12-20T15:54	86.68302	112.52521	0.056	327.5
2019-12-20T16:04	86.68315	112.52386	0.053	327.9
2019-12-20T16:14	86.68327	112.52253	0.053	328.3
2019-12-20T16:24	86.68339	112.52128	0.051	329.3
2019-12-20T16:34	86.68351	112.51999	0.052	328.4
2019-12-20T16:44	86.68363	112.51877	0.048	328.1
2019-12-20T16:54	86.68375	112.51761	0.049	330.6
2019-12-20T17:04	86.68386	112.51645	0.047	329.2
2019-12-20T17:14	86.68396	112.51536	0.043	328.3
2019-12-20T17:24	86.68406	112.51432	0.042	329.0
2019-12-20T17:34	86.68416	112.51320	0.041	325.6
2019-12-20T17:44	86.68425	112.51212	0.041	326.3
2019-12-20T17:54	86.68434	112.51096	0.040	323.2
2019-12-20T18:04	86.68442	112.50995	0.036	324.2
2019-12-20T18:14	86.68450	112.50891	0.036	323.1
2019-12-20T18:24	86.68457	112.50790	0.034	321.6
2019-12-20T18:34	86.68465	112.50682	0.035	319.4
2019-12-20T18:44	86.68471	112.50585	0.030	318.3
2019-12-20T18:54	86.68477	112.50478	0.032	315.5
2019-12-20T19:04	86.68484	112.50365	0.033	314.3
2019-12-20T19:14	86.68489	112.50254	0.031	311.9
2019-12-20T19:24	86.68495	112.50137	0.031	309.2
2019-12-20T19:34	86.68500	112.50029	0.029	308.8
2019-12-20T19:44	86.68505	112.49912	0.030	306.5
2019-12-20T19:54	86.68510	112.49793	0.030	304.2
2019-12-20T20:04	86.68514	112.49668	0.031	303.2
2019-12-20T20:14	86.68519	112.49542	0.030	300.2
2019-12-20T20:24	86.68523	112.49409	0.031	296.7
2019-12-20T20:34	86.68526	112.49279	0.031	297.5
2019-12-20T20:44	86.68530	112.49140	0.031	293.4
2019-12-20T20:54	86.68533	112.48996	0.032	289.4
2019-12-20T21:04	86.68536	112.48849	0.032	290.0
2019-12-20T21:14	86.68539	112.48688	0.036	288.9
2019-12-20T21:24	86.68541	112.48543	0.031	285.1
2019-12-20T21:34	86.68544	112.48387	0.034	285.5
2019-12-20T21:44	86.68546	112.48226	0.035	284.7
2019-12-20T21:54	86.68549	112.48051	0.038	284.3
2019-12-20T22:04	86.68551	112.47878	0.037	284.0
2019-12-20T22:14	86.68555	112.47701	0.039	287.5
2019-12-20T22:24	86.68557	112.47521	0.039	285.1
2019-12-20T22:34	86.68561	112.47326	0.042	285.8
2019-12-20T22:44	86.68564	112.47123	0.044	288.2
2019-12-20T22:54	86.68567	112.46972	0.033	288.8
2019-12-20T23:04	86.68572	112.46785	0.042	293.2
2019-12-20T23:14	86.68577	112.46601	0.042	293.1
2019-12-20T23:24	86.68581	112.46388	0.046	287.6
2019-12-20T23:34	86.68585	112.46207	0.041	294.2
2019-12-20T23:44	86.68591	112.46006	0.046	294.4
2019-12-20T23:54	86.68596	112.45808	0.045	293.8
2019-12-21T00:04	86.68602	112.45613	0.046	297.9
2019-12-21T00:14	86.68608	112.45414	0.047	297.6
2019-12-21T00:24	86.68614	112.45208	0.049	298.8
2019-12-21T00:34	86.68621	112.45025	0.046	303.7
2019-12-21T00:44	86.68629	112.44827	0.049	303.3
2019-12-21T00:54	86.68637	112.44633	0.050	306.8
2019-12-21T01:04	86.68646	112.44447	0.050	308.3
2019-12-21T01:14	86.68654	112.44255	0.051	308.4
2019-12-21T01:24	86.68663	112.44070	0.051	310.4
2019-12-21T01:34	86.68673	112.43889	0.050	311.6
2019-12-21T01:44	86.68682	112.43711	0.050	312.0
2019-12-21T01:54	86.68692	112.43546	0.049	315.3
2019-12-21T02:04	86.68701	112.43377	0.050	315.2
2019-12-21T02:14	86.68712	112.43211	0.050	316.4
2019-12-21T02:24	86.68722	112.43053	0.049	317.8
2019-12-21T02:34	86.68732	112.42899	0.048	318.7
2019-12-21T02:44	86.68741	112.42771	0.044	322.5
2019-12-21T02:54	86.68751	112.42641	0.045	323.0
2019-12-21T03:04	86.68761	112.42518	0.043	323.2
2019-12-21T03:14	86.68771	112.42404	0.042	325.7
2019-12-21T03:24	86.68780	112.42298	0.041	327.7
2019-12-21T03:34	86.68789	112.42206	0.037	329.0
2019-12-21T03:44	86.68798	112.42107	0.037	326.8
2019-12-21T03:54	86.68806	112.42014	0.036	327.0
2019-12-21T04:04	86.68814	112.41940	0.032	331.0
2019-12-21T04:14	86.68821	112.41868	0.032	331.8
2019-12-21T04:24	86.68829	112.41804	0.030	333.5
2019-12-21T04:34	86.68837	112.41730	0.033	331.7
2019-12-21T04:44	86.68843	112.41701	0.025	346.0
2019-12-21T04:54	86.68850	112.41653	0.026	337.2
2019-12-21T05:04	86.68856	112.41615	0.022	339.0
2019-12-21T05:14	86.68861	112.41578	0.021	338.3
2019-12-21T05:24	86.68866	112.41541	0.019	336.3
2019-12-21T05:34	86.68870	112.41511	0.016	337.8
2019-12-21T05:44	86.68874	112.41490	0.013	339.9
2019-12-21T05:54	86.68877	112.41465	0.013	336.1
2019-12-21T06:04	86.68879	112.41439	0.011	330.0
2019-12-21T06:14	86.68881	112.41423	0.007	332.7
2019-12-21T06:24	86.68883	112.41409	0.007	335.5
2019-12-21T06:34	86.68884	112.41395	0.005	325.6
2019-12-21T06:44	86.68885	112.41370	0.006	295.3
2019-12-21T06:54	86.68885	112.41354	0.004	275.9
2019-12-21T07:04	86.68885	112.41338	0.003	259.3
2019-12-21T07:14	86.68884	112.41318	0.005	241.3
2019-12-21T07:24	86.68883	112.41301	0.005	224.6
2019-12-21T07:34	86.68882	112.41283	0.007	213.9
2019-12-21T07:44	86.68879	112.41255	0.010	215.2
2019-12-21T07:54	86.68876	112.41230	0.012	205.9
2019-12-21T08:04	86.68872	112.41194	0.017	205.2
2019-12-21T08:14	86.68870	112.41188	0.009	189.0
2019-12-21T08:24	86.68865	112.41166	0.016	197.1
2019-12-21T08:34	86.68861	112.41139	0.018	197.9
2019-12-21T08:44	86.68856	112.41115	0.018	196.5
2019-12-21T08:54	86.68851	112.41087	0.019	197.3
2019-12-21T09:04	86.68846	112.41059	0.019	198.1
2019-12-21T09:14	86.68840	112.41025	0.022	198.6
2019-12-21T09:24	86.68835	112.40991	0.021	199.8
2019-12-21T09:34	86.68828	112.40944	0.025	203.2
2019-12-21T09:44	86.68822	112.40905	0.025	198.8
2019-12-21T09:54	86.68817	112.40874	0.018	200.5
2019-12-21T10:04	86.68810	112.40821	0.026	204.8
2019-12-21T10:14	86.68804	112.40775	0.026	202.0
2019-12-21T10:24	86.68797	112.40722	0.026	204.7
2019-12-21T10:34	86.68789	112.40661	0.032	203.8
2019-12-21T10:44	86.68782	112.40585	0.029	213.0
2019-12-21T10:54	86.68775	112.40519	0.029	208.5
2019-12-21T11:04	86.68769	112.40460	0.025	209.7
2019-12-21T11:14	86.68763	112.40400	0.026	208.9
2019-12-21T11:24	86.68757	112.40332	0.027	211.6
2019-12-21T11:34	86.68750	112.40270	0.025	210.4
2019-12-21T11:44	86.68744	112.40209	0.025	210.4
2019-12-21T11:54	86.68738	112.40140	0.026	213.7
2019-12-21T12:04	86.68733	112.40083	0.022	212.9
2019-12-21T12:14	86.68728	112.40017	0.024	214.9
2019-12-21T12:24	86.68723	112.39960	0.020	216.3
2019-12-21T12:34	86.68719	112.39907	0.019	215.2
2019-12-21T12:44	86.68715	112.39854	0.020	214.0
2019-12-21T12:54	86.68710	112.39795	0.021	215.0
2019-12-21T13:04	86.68706	112.39757	0.014	214.0
2019-12-21T13:14	86.68704	112.39719	0.013	218.0
2019-12-21T13:24	86.68700	112.39681	0.014	213.8
2019-12-21T13:34	86.68697	112.39647	0.013	214.6
2019-12-21T13:44	86.68695	112.39626	0.011	203.7
2019-12-21T13:54	86.68692	112.39600	0.011	210.9
2019-12-21T14:04	86.68690	112.39577	0.010	208.5
2019-12-21T14:14	86.68687	112.39556	0.011	202.5
2019-12-21T14:24	86.68685	112.39548	0.006	197.6
2019-12-21T14:34	86.68683	112.39539	0.008	194.2
2019-12-21T14:44	86.68680	112.39534	0.010	185.5
2019-12-21T14:54	86.68679	112.39534	0.005	178.8
2019-12-21T15:04	86.68676	112.39539	0.010	174.8
2019-12-21T15:14	86.68674	112.39546	0.006	165.8
2019-12-21T15:24	86.68672	112.39556	0.010	168.3
2019-12-21T15:34	86.68670	112.39571	0.007	154.6
2019-12-21T15:44	86.68667	112.39604	0.011	140.9
2019-12-21T15:54	86.68665	112.39627	0.009	149.3
2019-12-21T16:04	86.68662	112.39662	0.013	145.2
2019-12-21T16:14	86.68660	112.39692	0.009	139.8
2019-12-21T16:24	86.68658	112.39736	0.013	136.9
2019-12-21T16:34	86.68654	112.39782	0.015	140.5
2019-12-21T16:44	86.68651	112.39839	0.017	135.2
2019-12-21T16:54	86.68648	112.39899	0.017	132.6
2019-12-21T17:04	86.68644	112.39970	0.020	134.2
2019-12-21T17:14	86.68639	112.40047	0.023	136.1
2019-12-21T17:24	86.68635	112.40122	0.023	137.3
2019-12-21T17:34	86.68629	112.40206	0.027	139.8
2019-12-21T17:44	86.68623	112.40288	0.028	142.9
2019-12-21T17:54	86.68616	112.40377	0.029	140.8
2019-12-21T18:04	86.68609	112.40483	0.034	139.2
2019-12-21T18:14	86.68601	112.40596	0.037	141.0
2019-12-21T18:24	86.68593	112.40708	0.037	141.3
2019-12-21T18:34	86.68585	112.40825	0.039	140.7
2019-12-21T18:44	86.68576	112.40955	0.041	138.9
2019-12-21T18:54	86.68567	112.41087	0.042	139.1
2019-12-21T19:04	86.68558	112.41227	0.044	139.2
2019-12-21T19:14	86.68548	112.41373	0.048	140.3
2019-12-21T19:24	86.68537	112.41528	0.050	139.6
2019-12-21T19:34	86.68526	112.41691	0.053	140.1
2019-12-21T19:44	86.68514	112.41858	0.054	140.1
2019-12-21T19:54	86.68503	112.42026	0.055	140.3
2019-12-21T20:04	86.68490	112.42198	0.058	142.2
2019-12-21T20:14	86.68477	112.42365	0.058	143.0
2019-12-21T20:24	86.68464	112.42544	0.061	142.1
2019-12-21T20:34	86.68450	112.42743	0.065	140.5
2019-12-21T20:44	86.68435	112.42924	0.064	143.8
2019-12-21T20:54	86.68421	112.43120	0.067	142.4
2019-12-21T21:04	86.68405	112.43319	0.069	143.1
2019-12-21T21:14	86.68390	112.43516	0.069	143.4
2019-12-21T21:24	86.68375	112.43707	0.068	143.8
2019-12-21T21:34	86.68358	112.43906	0.072	145.0
2019-12-21T21:44	86.68342	112.44101	0.072	145.5
2019-12-21T21:54	86.68325	112.44294	0.073	146.5
2019-12-21T22:04	86.68309	112.44485	0.072	146.5
2019-12-21T22:14	86.68292	112.44674	0.073	147.1
2019-12-21T22:24	86.68274	112.44860	0.073	148.1
2019-12-21T22:34	86.68257	112.45055	0.075	146.9
2019-12-21T22:44	86.68240	112.45258	0.073	144.8
2019-12-21T22:54	86.68223	112.45443	0.072	147.7
2019-12-21T23:04	86.68207	112.45629	0.072	147.3
2019-12-21T23:14	86.68190	112.45804	0.070	148.9
2019-12-21T23:24	86.68173	112.45973	0.070	149.9
2019-12-21T23:34	86.68157	112.46144	0.068	148.3
2019-12-21T23:44	86.68141	112.46304	0.067	150.4
2019-12-21T23:54	86.68125	112.46463	0.064	148.7
2019-12-22T00:04	86.68110	112.46628	0.065	148.2
2019-12-22T00:14	86.68095	112.46796	0.064	146.8
2019-12-22T00:24	86.68081	112.46961	0.062	146.2
2019-12-22T00:34	86.68067	112.47128	0.062	145.9
2019-12-22T00:44	86.68053	112.47290	0.059	144.6
2019-12-22T00:54	86.68041	112.47454	0.056	142.5
2019-12-22T01:04	86.68029	112.47618	0.055	142.1
2019-12-22T01:14	86.68017	112.47789	0.055	139.8
2019-12-22T01:24	86.68006	112.47967	0.055	137.8
2019-12-22T01:34	86.67995	112.48147	0.054	135.5
2019-12-22T01:44	86.67985	112.48336	0.054	133.6
2019-12-22T01:54	86.67975	112.48540	0.055	129.6
2019-12-22T02:04	86.67965	112.48739	0.055	130.7
2019-12-22T02:14	86.67956	112.48955	0.055	124.7
2019-12-22T02:24	86.67948	112.49171	0.055	124.9
2019-12-22T02:34	86.67939	112.49401	0.057	122.3
2019-12-22T02:44	86.67931	112.49640	0.058	120.0
2019-12-22T02:54	86.67923	112.49880	0.057	119.5
2019-12-22T03:04	86.67916	112.50126	0.058	118.1
2019-12-22T03:14	86.67908	112.50386	0.061	116.6
2019-12-22T03:24	86.67900	112.50657	0.063	116.8
2019-12-22T03:34	86.67893	112.50932	0.064	115.4
2019-12-22T03:44	86.67883	112.51197	0.065	122.0
2019-12-22T03:54	86.67874	112.51486	0.068	117.3
2019-12-22T04:04	86.67866	112.51784	0.070	116.9
2019-12-22T04:14	86.67856	112.52092	0.072	117.6
2019-12-22T04:24	86.67848	112.52410	0.073	115.4
2019-12-22T04:34	86.67838	112.52739	0.077	116.9
2019-12-22T04:44	86.67828	112.53091	0.082	116.3
2019-12-22T04:54	86.67819	112.53417	0.076	116.1
2019-12-22T05:04	86.67808	112.53773	0.083	116.9
2019-12-22T05:14	86.67797	112.54132	0.085	117.7
2019-12-22T05:24	86.67785	112.54501	0.089	119.7
2019-12-22T05:34	86.67772	112.54867	0.089	120.8
2019-12-22T05:44	86.67760	112.55237	0.090	120.7
2019-12-22T05:54	86.67746	112.55593	0.089	123.0
2019-12-22T06:04	86.67732	112.55955	0.092	124.8
2019-12-22T06:14	86.67716	112.56325	0.095	125.7
2019-12-22T06:24	86.67701	112.56677	0.092	127.4
2019-12-22T06:34	86.67684	112.57020	0.093	129.6
2019-12-22T06:44	86.67667	112.57355	0.093	131.4
2019-12-22T06:54	86.67649	112.57694	0.096	132.9
2019-12-22T07:04	86.67629	112.58020	0.098	135.7
2019-12-22T07:14	86.67610	112.58327	0.094	137.2
2019-12-22T07:24	86.67591	112.58618	0.092	138.4
2019-12-22T07:34	86.67572	112.58894	0.090	140.3
2019-12-22T07:44	86.67552	112.59163	0.090	141.2
2019-12-22T07:54	86.67533	112.59409	0.086	143.5
2019-12-22T08:04	86.67513	112.59668	0.090	143.0
2019-12-22T08:14	86.67494	112.59913	0.085	143.0
2019-12-22T08:24	86.67475	112.60149	0.086	145.0
2019-12-22T08:34	86.67456	112.60364	0.082	146.7
2019-12-22T08:44	86.67438	112.60573	0.079	146.2
2019-12-22T08:54	86.67419	112.60784	0.079	146.2
2019-12-22T09:04	86.67401	112.60990	0.079	146.9
2019-12-22T09:14	86.67383	112.61195	0.078	146.6
2019-12-22T09:24	86.67365	112.61389	0.078	148.5
2019-12-22T09:34	86.67347	112.61604	0.077	144.6
2019-12-22T09:44	86.67329	112.61820	0.078	144.8
2019-12-22T09:54	86.67311	112.62042	0.080	144.4
2019-12-22T10:04	86.67294	112.62264	0.079	144.0
2019-12-22T10:14	86.67275	112.62464	0.079	148.1
2019-12-22T10:24	86.67256	112.62663	0.081	149.2
2019-12-22T10:34	86.67237	112.62862	0.078	147.9
2019-12-22T10:44	86.67220	112.63056	0.075	147.3
2019-12-22T10:54	86.67202	112.63257	0.077	146.9
2019-12-22T11:04	86.67184	112.63458	0.075	146.1
2019-12-22T11:14	86.67168	112.63653	0.072	145.4
2019-12-22T11:24	86.67152	112.63847	0.070	144.9
2019-12-22T11:34	86.67136	112.64046	0.070	143.6
2019-12-22T11:44	86.67121	112.64229	0.067	145.4
2019-12-22T11:54	86.67105	112.64408	0.066	145.7
2019-12-22T12:04	86.67091	112.64585	0.064	144.7
2019-12-22T12:14	86.67077	112.64764	0.062	142.9
2019-12-22T12:24	86.67063	112.64945	0.064	143.6
2019-12-22T12:34	86.67049	112.65137	0.063	140.5
2019-12-22T12:44	86.67036	112.65365	0.067	135.1
2019-12-22T12:54	86.67024	112.65601	0.067	132.8
2019-12-22T13:04	86.67010	112.65830	0.068	135.3
2019-12-22T13:14	86.66997	112.66060	0.066	133.4
2019-12-22T13:24	86.66985	112.66292	0.066	133.0
2019-12-22T13:34	86.66973	112.66533	0.067	130.9
2019-12-22T13:44	86.66961	112.66795	0.070	128.3
2019-12-22T13:54	86.66949	112.67046	0.067	128.9
2019-12-22T14:04	86.66937	112.67275	0.064	131.6
2019-12-22T14:14	86.66925	112.67495	0.063	132.7
2019-12-22T14:24	86.66914	112.67718	0.063	132.1
2019-12-22T14:34	86.66902	112.67951	0.063	129.6
2019-12-22T14:44	86.66892	112.68197	0.064	126.5
2019-12-22T14:54	86.66880	112.68468	0.071	127.1
2019-12-22T15:04	86.66870	112.68724	0.065	124.8
2019-12-22T15:14	86.66859	112.69008	0.071	122.9
2019-12-22T15:24	86.66848	112.69308	0.074	121.5
2019-12-22T15:34	86.66838	112.69618	0.075	120.3
2019-12-22T15:44	86.66827	112.69932	0.076	120.2
2019-12-22T15:54	86.66816	112.70250	0.077	119.9
2019-12-22T16:04	86.66805	112.70571	0.078	121.3
2019-12-22T16:14	86.66794	112.70916	0.082	118.1
2019-12-22T16:24	86.66784	112.71244	0.078	118.7
2019-12-22T16:34	86.66773	112.71591	0.083	118.6
2019-12-22T16:44	86.66762	112.71943	0.084	119.1
2019-12-22T16:54	86.66750	112.72303	0.085	118.1
2019-12-22T17:04	86.66738	112.72685	0.092	119.6
2019-12-22T17:14	86.66725	112.73073	0.094	120.0
2019-12-22T17:24	86.66711	112.73476	0.098	120.7
2019-12-22T17:34	86.66695	112.73901	0.106	122.8
2019-12-22T17:44	86.66674	112.74330	0.116	129.5
2019-12-22T17:54	86.66652	112.74784	0.123	129.6
2019-12-22T18:04	86.66631	112.75233	0.123	130.0
2019-12-22T18:14	86.66607	112.75697	0.130	131.5
2019-12-22T18:24	86.66582	112.76170	0.133	132.1
2019-12-22T18:34	86.66555	112.76638	0.137	134.4
2019-12-22T18:44	86.66528	112.77110	0.139	134.9
2019-12-22T18:54	86.66500	112.77581	0.141	135.6
2019-12-22T19:04	86.66471	112.78065	0.144	135.4
2019-12-22T19:14	86.66441	112.78541	0.147	137.4
2019-12-22T19:24	86.66411	112.79024	0.149	137.2
2019-12-22T19:34	86.66380	112.79509	0.151	137.5
2019-12-22T19:44	86.66348	112.79997	0.153	138.2
2019-12-22T19:54	86.66316	112.80487	0.156	138.8
2019-12-22T20:04	86.66282	112.80988	0.161	139.2
2019-12-22T20:14	86.66248	112.81493	0.162	139.2
2019-12-22T20:24	86.66214	112.81998	0.163	139.5
2019-12-22T20:34	86.66180	112.82502	0.160	138.7
2019-12-22T20:44	86.66146	112.82973	0.158	141.3
2019-12-22T20:54	86.66113	112.83419	0.150	141.5
2019-12-22T21:04	86.66080	112.83857	0.150	142.3
2019-12-22T21:14	86.66049	112.84272	0.143	142.4
2019-12-22T21:24	86.66017	112.84676	0.142	143.4
2019-12-22T21:34	86.65986	112.85068	0.138	143.5
2019-12-22T21:44	86.65956	112.85453	0.137	144.0
2019-12-22T21:54	86.65926	112.85819	0.132	144.4
2019-12-22T22:04	86.65896	112.86184	0.131	144.2
2019-12-22T22:14	86.65866	112.86547	0.133	145.2
2019-12-22T22:24	86.65836	112.86904	0.131	145.0
2019-12-22T22:34	86.65807	112.87248	0.129	145.8
2019-12-22T22:44	86.65777	112.87609	0.130	144.2
2019-12-22T22:54	86.65748	112.87942	0.128	146.8
2019-12-22T23:04	86.65718	112.88267	0.127	147.5
2019-12-22T23:14	86.65688	112.88583	0.126	148.1
2019-12-22T23:24	86.65659	112.88906	0.125	147.2
2019-12-22T23:34	86.65630	112.89206	0.123	149.2
2019-12-22T23:44	86.65600	112.89517	0.124	148.3
2019-12-22T23:54	86.65571	112.89822	0.123	148.6
2019-12-23T00:04	86.65542	112.90133	0.122	147.8
2019-12-23T00:14	86.65513	112.90443	0.123	148.0
2019-12-23T00:24	86.65486	112.90744	0.118	147.6
2019-12-23T00:34	86.65459	112.91052	0.117	146.3
2019-12-23T00:44	86.65431	112.91363	0.118	146.4
2019-12-23T00:54	86.65404	112.91673	0.117	146.1
2019-12-23T01:04	86.65378	112.91983	0.115	145.6
2019-12-23T01:14	86.65352	112.92288	0.114	145.7
2019-12-23T01:24	86.65326	112.92601	0.113	144.4
2019-12-23T01:34	86.65301	112.92908	0.111	144.5
2019-12-23T01:44	86.65277	112.93224	0.110	142.8
2019-12-23T01:54	86.65252	112.93554	0.112	141.8
2019-12-23T02:04	86.65230	112.93858	0.104	142.0
2019-12-23T02:14	86.65207	112.94177	0.105	140.2
2019-12-23T02:24	86.65185	112.94502	0.105	139.5
2019-12-23T02:34	86.65163	112.94826	0.104	139.2
2019-12-23T02:44	86.65142	112.95156	0.104	138.3
2019-12-23T02:54	86.65120	112.95492	0.105	137.5
2019-12-23T03:04	86.65100	112.95837	0.104	135.6
2019-12-23T03:14	86.65080	112.96199	0.104	133.0
2019-12-23T03:24	86.65060	112.96546	0.102	134.5
2019-12-23T03:34	86.65041	112.96915	0.103	131.2
2019-12-23T03:44	86.65023	112.97294	0.104	129.9
2019-12-23T03:54	86.65004	112.97668	0.103	129.8
2019-12-23T04:04	86.64986	112.98050	0.103	128.9
2019-12-23T04:14	86.64968	112.98443	0.105	128.1
2019-12-23T04:24	86.64950	112.98834	0.105	128.6
2019-12-23T04:34	86.64932	112.99260	0.110	125.4
2019-12-23T04:44	86.64915	112.99682	0.109	125.7
2019-12-23T04:54	86.64897	113.00126	0.114	124.8
2019-12-23T05:04	86.64879	113.00564	0.113	125.0
2019-12-23T05:14	86.64860	113.01010	0.115	125.2
2019-12-23T05:24	86.64841	113.01453	0.116	126.4
2019-12-23T05:34	86.64822	113.01905	0.118	125.9
2019-12-23T05:44	86.64803	113.02356	0.118	126.3
2019-12-23T05:54	86.64784	113.02801	0.116	126.1
2019-12-23T06:04	86.64764	113.03260	0.119	126.0
2019-12-23T06:14	86.64744	113.03718	0.120	126.6
2019-12-23T06:24	86.64725	113.04175	0.118	125.7
2019-12-23T06:34	86.64705	113.04629	0.120	126.8
2019-12-23T06:44	86.64686	113.05085	0.119	126.3
2019-12-23T06:54	86.64666	113.05537	0.118	126.1
2019-12-23T07:04	86.64647	113.05990	0.119	126.8
2019-12-23T07:14	86.64626	113.06439	0.119	127.4
2019-12-23T07:24	86.64606	113.06872	0.116	128.4
2019-12-23T07:34	86.64586	113.07306	0.117	128.6
2019-12-23T07:44	86.64565	113.07733	0.118	130.1
2019-12-23T07:54	86.64544	113.08150	0.117	131.2
2019-12-23T08:04	86.64523	113.08576	0.117	130.1
2019-12-23T08:14	86.64502	113.08982	0.114	131.6
2019-12-23T08:24	86.64481	113.09393	0.115	130.9
2019-12-23T08:34	86.64461	113.09785	0.110	131.4
2019-12-23T08:44	86.64440	113.10187	0.112	131.1
2019-12-23T08:54	86.64420	113.10580	0.109	130.8
2019-12-23T09:04	86.64400	113.10966	0.108	131.3
2019-12-23T09:14	86.64380	113.11344	0.109	133.0
2019-12-23T09:24	86.64359	113.11713	0.108	133.8
2019-12-23T09:34	86.64338	113.12086	0.110	134.5
2019-12-23T09:44	86.64316	113.12445	0.108	135.3
2019-12-23T09:54	86.64294	113.12790	0.109	138.4
2019-12-23T10:04	86.64270	113.13118	0.109	140.8
2019-12-23T10:14	86.64246	113.13426	0.107	142.8
2019-12-23T10:24	86.64222	113.13728	0.107	143.7
2019-12-23T10:34	86.64199	113.14021	0.105	143.9
2019-12-23T10:44	86.64174	113.14301	0.107	146.6
2019-12-23T10:54	86.64150	113.14591	0.106	144.7
2019-12-23T11:04	86.64126	113.14876	0.105	144.8
2019-12-23T11:14	86.64102	113.15162	0.104	144.7
2019-12-23T11:24	86.64079	113.15444	0.102	144.6
2019-12-23T11:34	86.64056	113.15717	0.100	144.8
2019-12-23T11:44	86.64034	113.15983	0.099	145.7
2019-12-23T11:54	86.64011	113.16247	0.098	145.5
2019-12-23T12:04	86.63990	113.16510	0.094	144.0
2019-12-23T12:14	86.63968	113.16769	0.095	144.9
2019-12-23T12:24	86.63947	113.17027	0.095	144.8
2019-12-23T12:34	86.63926	113.17275	0.093	145.7
2019-12-23T12:44	86.63904	113.17524	0.093	145.3
2019-12-23T12:54	86.63884	113.17798	0.094	142.0
2019-12-23T13:04	86.63864	113.18055	0.089	142.3
2019-12-23T13:14	86.63847	113.18289	0.080	141.9
2019-12-23T13:24	86.63830	113.18525	0.078	140.6
2019-12-23T13:34	86.63814	113.18772	0.077	137.7
2019-12-23T13:44	86.63799	113.19015	0.076	137.5
2019-12-23T13:54	86.63784	113.19272	0.076	134.7
2019-12-23T14:04	86.63769	113.19532	0.076	134.0
2019-12-23T14:14	86.63755	113.19816	0.079	130.8
2019-12-23T14:24	86.63740	113.20114	0.082	130.1
2019-12-23T14:34	86.63726	113.20413	0.081	128.7
2019-12-23T14:44	86.63712	113.20704	0.080	129.5
2019-12-23T14:54	86.63698	113.21019	0.082	126.0
2019-12-23T15:04	86.63685	113.21340	0.082	124.9
2019-12-23T15:14	86.63673	113.21674	0.084	122.2
2019-12-23T15:24	86.63659	113.22028	0.090	123.7
2019-12-23T15:34	86.63645	113.22399	0.092	121.9
2019-12-23T15:44	86.63631	113.22777	0.095	122.5
2019-12-23T15:54	86.63617	113.23177	0.099	121.4
2019-12-23T16:04	86.63604	113.23584	0.099	119.3
2019-12-23T16:14	86.63590	113.24010	0.102	117.8
2019-12-23T16:24	86.63578	113.24436	0.101	117.3
2019-12-23T16:34	86.63565	113.24888	0.106	115.3
2019-12-23T16:44	86.63552	113.25354	0.108	114.7
2019-12-23T16:54	86.63540	113.25829	0.110	113.7
2019-12-23T17:04	86.63528	113.26323	0.113	112.9
2019-12-23T17:14	86.63515	113.26817	0.114	113.1
2019-12-23T17:24	86.63503	113.27327	0.117	112.8
2019-12-23T17:34	86.63490	113.27837	0.117	112.7
2019-12-23T17:44	86.63477	113.28354	0.119	113.0
2019-12-23T17:54	86.63465	113.28885	0.121	112.3
2019-12-23T18:04	86.63451	113.29410	0.121	113.7
2019-12-23T18:14	86.63438	113.29948	0.123	112.9
2019-12-23T18:24	86.63425	113.30482	0.122	112.0
2019-12-23T18:34	86.63412	113.31021	0.123	112.0
2019-12-23T18:44	86.63399	113.31551	0.121	112.6
2019-12-23T18:54	86.63385	113.32081	0.123	114.0
2019-12-23T19:04	86.63371	113.32603	0.121	114.7
2019-12-23T19:14	86.63355	113.33147	0.129	116.7
2019-12-23T19:24	86.63339	113.33689	0.129	117.8
2019-12-23T19:34	86.63323	113.34228	0.127	116.2
2019-12-23T19:44	86.63308	113.34753	0.123	115.9
2019-12-23T19:54	86.63293	113.35271	0.121	115.8
2019-12-23T20:04	86.63279	113.35790	0.121	115.3
2019-12-23T20:14	86.63264	113.36288	0.118	116.4
2019-12-23T20:24	86.63250	113.36801	0.120	115.3
2019-12-23T20:34	86.63235	113.37305	0.120	117.2
2019-12-23T20:44	86.63219	113.37812	0.122	118.3
2019-12-23T20:54	86.63203	113.38326	0.123	117.7
2019-12-23T21:04	86.63188	113.38841	0.122	116.6
2019-12-23T21:14	86.63173	113.39352	0.121	116.7
2019-12-23T21:24	86.63159	113.39835	0.113	115.4
2019-12-23T21:34	86.63146	113.40320	0.113	115.0
2019-12-23T21:44	86.63132	113.40802	0.114	116.6
2019-12-23T21:54	86.63117	113.41277	0.113	117.4
2019-12-23T22:04	86.63103	113.41742	0.111	117.9
2019-12-23T22:14	86.63088	113.42233	0.117	117.5
2019-12-23T22:24	86.63073	113.42711	0.115	118.6
2019-12-23T22:34	86.63058	113.43206	0.117	116.2
2019-12-23T22:44	86.63044	113.43701	0.116	115.9
2019-12-23T22:54	86.63030	113.44184	0.114	116.6
2019-12-23T23:04	86.63016	113.44674	0.115	115.7
2019-12-23T23:14	86.63001	113.45175	0.119	116.9
2019-12-23T23:24	86.62987	113.45676	0.118	115.8
2019-12-23T23:34	86.62973	113.46168	0.116	115.6
2019-12-23T23:44	86.62962	113.46650	0.110	112.0
2019-12-23T23:54	86.62951	113.47137	0.110	109.9
2019-12-24T00:04	86.62940	113.47627	0.111	110.5
2019-12-24T00:14	86.62930	113.48116	0.110	109.6
2019-12-24T00:24	86.62920	113.48609	0.111	109.7
2019-12-24T00:34	86.62909	113.49103	0.111	110.1
2019-12-24T00:44	86.62900	113.49597	0.110	108.0
2019-12-24T00:54	86.62890	113.50091	0.110	108.0
2019-12-24T01:04	86.62881	113.50591	0.111	107.6
2019-12-24T01:14	86.62872	113.51087	0.110	107.5
2019-12-24T01:24	86.62863	113.51585	0.110	106.6
2019-12-24T01:34	86.62855	113.52086	0.110	105.8
2019-12-24T01:44	86.62847	113.52596	0.112	105.0
2019-12-24T01:54	86.62839	113.53113	0.113	104.5
2019-12-24T02:04	86.62831	113.53635	0.114	104.1
2019-12-24T02:14	86.62824	113.54172	0.117	103.1
2019-12-24T02:24	86.62817	113.54719	0.119	102.2
2019-12-24T02:34	86.62809	113.55291	0.125	103.4
2019-12-24T02:44	86.62801	113.55858	0.124	103.6
2019-12-24T02:54	86.62794	113.56418	0.121	102.1
2019-12-24T03:04	86.62788	113.56993	0.123	99.7
2019-12-24T03:14	86.62783	113.57581	0.126	98.7
2019-12-24T03:24	86.62778	113.58170	0.126	97.8
2019-12-24T03:34	86.62772	113.58777	0.130	98.8
2019-12-24T03:44	86.62767	113.59395	0.132	98.7
2019-12-24T03:54	86.62761	113.60007	0.132	99.5
2019-12-24T04:04	86.62755	113.60626	0.133	99.5
2019-12-24T04:14	86.62749	113.61248	0.133	98.7
2019-12-24T04:24	86.62744	113.61884	0.136	97.6
2019-12-24T04:34	86.62738	113.62527	0.138	98.5
2019-12-24T04:44	86.62733	113.63185	0.141	98.3
2019-12-24T04:54	86.62728	113.63834	0.139	97.1
2019-12-24T05:04	86.62723	113.64491	0.141	97.9
2019-12-24T05:14	86.62717	113.65160	0.143	97.4
2019-12-24T05:24	86.62713	113.65828	0.142	96.6
2019-12-24T05:34	86.62708	113.66519	0.148	97.3
2019-12-24T05:44	86.62702	113.67226	0.151	97.9
2019-12-24T05:54	86.62696	113.67932	0.151	97.8
2019-12-24T06:04	86.62689	113.68652	0.154	99.2
2019-12-24T06:14	86.62684	113.69360	0.151	97.5
2019-12-24T06:24	86.62677	113.70086	0.156	98.8
2019-12-24T06:34	86.62671	113.70797	0.152	98.4
2019-12-24T06:44	86.62665	113.71510	0.153	98.2
2019-12-24T06:54	86.62659	113.72214	0.151	97.9
2019-12-24T07:04	86.62654	113.72885	0.143	97.2
2019-12-24T07:14	86.62649	113.73565	0.145	97.1
2019-12-24T07:24	86.62644	113.74237	0.144	98.1
2019-12-24T07:34	86.62637	113.74912	0.145	100.1
2019-12-24T07:44	86.62629	113.75598	0.148	101.1
2019-12-24T07:54	86.62620	113.76292	0.151	102.5
2019-12-24T08:04	86.62611	113.76978	0.149	102.3
2019-12-24T08:14	86.62602	113.77672	0.150	101.8
2019-12-24T08:24	86.62594	113.78362	0.149	102.0
2019-12-24T08:34	86.62585	113.79048	0.149	102.5
2019-12-24T08:44	86.62574	113.79744	0.152	104.3
2019-12-24T08:54	86.62563	113.80462	0.157	104.4
2019-12-24T09:04	86.62553	113.81166	0.154	103.9
2019-12-24T09:14	86.62544	113.81835	0.146	103.5
2019-12-24T09:24	86.62534	113.82521	0.149	103.0
2019-12-24T09:34	86.62525	113.83221	0.152	102.5
2019-12-24T09:44	86.62516	113.83886	0.145	102.7
2019-12-24T09:54	86.62507	113.84584	0.152	102.4
2019-12-24T10:04	86.62498	113.85279	0.151	102.9
2019-12-24T10:14	86.62488	113.85979	0.153	103.7
2019-12-24T10:24	86.62478	113.86675	0.152	103.5
2019-12-24T10:34	86.62467	113.87362	0.151	104.8
2019-12-24T10:44	86.62456	113.88061	0.153	105.0
2019-12-24T10:54	86.62445	113.88753	0.152	105.1
2019-12-24T11:04	86.62434	113.89447	0.153	105.6
2019-12-24T11:14	86.62422	113.90140	0.153	106.6
2019-12-24T11:24	86.62410	113.90822	0.151	106.1
2019-12-24T11:34	86.62400	113.91453	0.139	105.7
2019-12-24T11:44	86.62388	113.92068	0.137	107.3
2019-12-24T11:54	86.62377	113.92665	0.133	107.3
2019-12-24T12:04	86.62367	113.93252	0.130	106.1
2019-12-24T12:14	86.62356	113.93823	0.128	108.4
2019-12-24T12:24	86.62345	113.94396	0.128	108.2
2019-12-24T12:34	86.62334	113.94980	0.130	107.4
2019-12-24T12:44	86.62324	113.95593	0.136	106.6
2019-12-24T12:54	86.62311	113.96254	0.147	107.6
2019-12-24T13:04	86.62300	113.96952	0.154	105.2
2019-12-24T13:14	86.62290	113.97642	0.151	104.0
2019-12-24T13:24	86.62281	113.98354	0.155	102.1
2019-12-24T13:34	86.62273	113.99027	0.145	101.0
2019-12-24T13:44	86.62265	113.99724	0.151	100.7
2019-12-24T13:54	86.62258	114.00437	0.154	100.5
2019-12-24T14:04	86.62251	114.01141	0.151	99.6
2019-12-24T14:14	86.62246	114.01828	0.147	96.8
2019-12-24T14:24	86.62242	114.02527	0.149	95.0
2019-12-24T14:34	86.62238	114.03238	0.152	95.7
2019-12-24T14:44	86.62234	114.03968	0.156	95.3
2019-12-24T14:54	86.62230	114.04699	0.156	95.2
2019-12-24T15:04	86.62227	114.05439	0.157	93.8
2019-12-24T15:14	86.62224	114.06192	0.160	94.1
2019-12-24T15:24	86.62223	114.06915	0.154	91.5
2019-12-24T15:34	86.62223	114.07640	0.154	90.3
2019-12-24T15:44	86.62224	114.08366	0.154	88.3
2019-12-24T15:54	86.62225	114.09105	0.157	88.4
2019-12-24T16:04	86.62227	114.09867	0.162	88.2
2019-12-24T16:14	86.62229	114.10637	0.164	86.5
2019-12-24T16:24	86.62231	114.11438	0.170	87.7
2019-12-24T16:34	86.62233	114.12241	0.170	88.1
2019-12-24T16:44	86.62233	114.13062	0.174	89.7
2019-12-24T16:54	86.62233	114.13891	0.176	89.8
2019-12-24T17:04	86.62234	114.14708	0.173	89.2
2019-12-24T17:14	86.62234	114.15529	0.174	89.4
2019-12-24T17:24	86.62235	114.16355	0.175	89.3
2019-12-24T17:34	86.62236	114.17159	0.171	89.1
2019-12-24T17:44	86.62236	114.17971	0.172	89.4
2019-12-24T17:54	86.62238	114.18810	0.178	88.0
2019-12-24T18:04	86.62240	114.19655	0.179	87.9
2019-12-24T18:14	86.62241	114.20499	0.179	88.1
2019-12-24T18:24	86.62242	114.21357	0.182	89.6
2019-12-24T18:34	86.62243	114.22216	0.182	88.8
2019-12-24T18:44	86.62244	114.23061	0.179	88.3
2019-12-24T18:54	86.62246	114.23899	0.178	87.8
2019-12-24T19:04	86.62247	114.24741	0.179	89.3
2019-12-24T19:14	86.62246	114.25604	0.183	90.5
2019-12-24T19:24	86.62245	114.26468	0.183	91.5
2019-12-24T19:34	86.62243	114.27316	0.180	92.4
2019-12-24T19:44	86.62240	114.28158	0.179	92.8
2019-12-24T19:54	86.62238	114.28983	0.175	93.1
2019-12-24T20:04	86.62235	114.29795	0.173	93.1
2019-12-24T20:14	86.62232	114.30605	0.172	93.4
2019-12-24T20:24	86.62230	114.31430	0.175	93.1
2019-12-24T20:34	86.62227	114.32238	0.172	92.9
2019-12-24T20:44	86.62224	114.33019	0.166	93.6
2019-12-24T20:54	86.62221	114.33797	0.165	94.2
2019-12-24T21:04	86.62217	114.34570	0.165	95.3
2019-12-24T21:14	86.62212	114.35340	0.164	95.6
2019-12-24T21:24	86.62208	114.36108	0.164	95.4
2019-12-24T21:34	86.62204	114.36879	0.164	95.4
2019-12-24T21:44	86.62200	114.37649	0.164	95.3
2019-12-24T21:54	86.62195	114.38399	0.160	96.0
2019-12-24T22:04	86.62190	114.39158	0.162	96.0
2019-12-24T22:14	86.62185	114.39902	0.159	96.2
2019-12-24T22:24	86.62181	114.40628	0.155	95.9
2019-12-24T22:34	86.62176	114.41392	0.163	96.1
2019-12-24T22:44	86.62172	114.42127	0.156	95.0
2019-12-24T22:54	86.62169	114.42862	0.156	94.5
2019-12-24T23:04	86.62166	114.43607	0.159	94.0
2019-12-24T23:14	86.62163	114.44357	0.159	93.6
2019-12-24T23:24	86.62160	114.45072	0.152	93.6
2019-12-24T23:34	86.62158	114.45807	0.156	92.9
2019-12-24T23:44	86.62156	114.46526	0.153	93.6
2019-12-24T23:54	86.62154	114.47253	0.154	91.9
2019-12-25T00:04	86.62153	114.47975	0.153	91.4
2019-12-25T00:14	86.62152	114.48706	0.155	91.0
2019-12-25T00:24	86.62152	114.49416	0.151	90.7
2019-12-25T00:34	86.62151	114.50123	0.150	91.0
2019-12-25T00:44	86.62151	114.50836	0.151	90.7
2019-12-25T00:54	86.62150	114.51533	0.148	90.6
2019-12-25T01:04	86.62150	114.52234	0.149	90.5
2019-12-25T01:14	86.62150	114.52938	0.149	90.2
2019-12-25T01:24	86.62150	114.53640	0.149	89.8
2019-12-25T01:34	86.62150	114.54325	0.145	89.5
2019-12-25T01:44	86.62151	114.55027	0.149	89.1
2019-12-25T01:54	86.62152	114.55724	0.148	88.1
2019-12-25T02:04	86.62154	114.56422	0.148	87.9
2019-12-25T02:14	86.62155	114.57135	0.151	87.9
2019-12-25T02:24	86.62157	114.57852	0.152	87.5
2019-12-25T02:34	86.62159	114.58578	0.154	87.3
2019-12-25T02:44	86.62161	114.59303	0.154	87.4
2019-12-25T02:54	86.62163	114.60033	0.155	87.7
2019-12-25T03:04	86.62165	114.60769	0.156	86.4
2019-12-25T03:14	86.62168	114.61502	0.156	86.3
2019-12-25T03:24	86.62173	114.62244	0.158	84.2
2019-12-25T03:34	86.62178	114.62994	0.160	83.4
2019-12-25T03:44	86.62183	114.63750	0.161	83.5
2019-12-25T03:54	86.62187	114.64498	0.159	84.4
2019-12-25T04:04	86.62191	114.65241	0.158	84.4
2019-12-25T04:14	86.62196	114.66002	0.163	83.6
2019-12-25T04:24	86.62203	114.66789	0.169	81.9
2019-12-25T04:34	86.62209	114.67585	0.170	82.5
2019-12-25T04:44	86.62215	114.68387	0.171	83.3
2019-12-25T04:54	86.62221	114.69196	0.173	82.1
2019-12-25T05:04	86.62227	114.70003	0.172	83.5
2019-12-25T05:14	86.62235	114.70807	0.173	80.6
2019-12-25T05:24	86.62243	114.71599	0.171	80.2
2019-12-25T05:34	86.62251	114.72398	0.172	80.3
2019-12-25T05:44	86.62258	114.73184	0.169	80.8
2019-12-25T05:54	86.62265	114.73978	0.170	82.2
2019-12-25T06:04	86.62271	114.74778	0.172	81.8
2019-12-25T06:14	86.62278	114.75571	0.170	82.2
2019-12-25T06:24	86.62286	114.76348	0.168	79.8
2019-12-25T06:34	86.62294	114.77131	0.168	80.3
2019-12-25T06:44	86.62302	114.77918	0.170	79.7
2019-12-25T06:54	86.62310	114.78691	0.166	80.3
2019-12-25T07:04	86.62317	114.79484	0.170	81.6
2019-12-25T07:14	86.62323	114.80265	0.167	82.7
2019-12-25T07:24	86.62330	114.81033	0.165	81.5
2019-12-25T07:34	86.62336	114.81803	0.165	81.8
2019-12-25T07:44	86.62343	114.82569	0.164	81.6
2019-12-25T07:54	86.62349	114.83329	0.163	82.6
2019-12-25T08:04	86.62354	114.84075	0.159	83.2
2019-12-25T08:14	86.62361	114.84828	0.162	80.7
2019-12-25T08:24	86.62366	114.85577	0.160	83.2
2019-12-25T08:34	86.62372	114.86306	0.156	83.1
2019-12-25T08:44	86.62377	114.87020	0.152	83.3
2019-12-25T08:54	86.62380	114.87728	0.151	85.4
2019-12-25T09:04	86.62384	114.88446	0.153	84.6
2019-12-25T09:14	86.62390	114.89166	0.154	81.7
2019-12-25T09:24	86.62396	114.89881	0.153	81.4
2019-12-25T09:34	86.62402	114.90596	0.153	82.0
2019-12-25T09:44	86.62409	114.91297	0.150	81.4
2019-12-25T09:54	86.62415	114.92011	0.153	81.1
2019-12-25T10:04	86.62420	114.92726	0.152	83.9
2019-12-25T10:14	86.62424	114.93427	0.149	83.7
2019-12-25T10:24	86.62428	114.94120	0.148	84.4
2019-12-25T10:34	86.62433	114.94830	0.151	83.7
2019-12-25T10:44	86.62438	114.95530	0.150	82.6
2019-12-25T10:54	86.62443	114.96224	0.148	83.8
2019-12-25T11:04	86.62451	114.96897	0.146	78.6
2019-12-25T11:14	86.62459	114.97584	0.148	78.4
2019-12-25T11:24	86.62467	114.98268	0.148	79.2
2019-12-25T11:34	86.62472	114.98937	0.143	81.6
2019-12-25T11:44	86.62478	114.99586	0.139	82.2
2019-12-25T11:54	86.62483	115.00239	0.140	81.4
2019-12-25T12:04	86.62489	115.00870	0.135	81.2
2019-12-25T12:14	86.62493	115.01484	0.131	84.4
2019-12-25T12:24	86.62498	115.02098	0.131	81.9
2019-12-25T12:34	86.62503	115.02711	0.131	82.2
2019-12-25T12:44	86.62508	115.03332	0.133	82.2
2019-12-25T12:54	86.62512	115.03935	0.129	83.1
2019-12-25T13:04	86.62517	115.04529	0.127	82.1
2019-12-25T13:14	86.62522	115.05099	0.122	81.4
2019-12-25T13:24	86.62530	115.05707	0.132	76.8
2019-12-25T13:34	86.62537	115.06273	0.122	79.4
2019-12-25T13:44	86.62543	115.06847	0.124	78.7
2019-12-25T13:54	86.62552	115.07415	0.125	74.9
2019-12-25T14:04	86.62560	115.07980	0.123	76.6
2019-12-25T14:14	86.62570	115.08544	0.124	74.3
2019-12-25T14:24	86.62579	115.09103	0.123	73.7
2019-12-25T14:34	86.62587	115.09645	0.118	76.4
2019-12-25T14:44	86.62596	115.10182	0.118	75.1
2019-12-25T14:54	86.62605	115.10717	0.118	73.5
2019-12-25T15:04	86.62616	115.11263	0.123	70.6
2019-12-25T15:14	86.62629	115.11815	0.126	68.4
2019-12-25T15:24	86.62643	115.12374	0.128	67.7
2019-12-25T15:34	86.62656	115.12922	0.125	68.1
2019-12-25T15:44	86.62668	115.13459	0.123	68.1
2019-12-25T15:54	86.62682	115.14000	0.126	65.9
2019-12-25T16:04	86.62698	115.14550	0.129	64.7
2019-12-25T16:14	86.62713	115.15075	0.124	63.7
2019-12-25T16:24	86.62729	115.15615	0.128	63.0
2019-12-25T16:34	86.62747	115.16170	0.134	61.7
2019-12-25T16:44	86.62764	115.16718	0.131	62.5
2019-12-25T16:54	86.62780	115.17273	0.132	62.9
2019-12-25T17:04	86.62798	115.17827	0.134	61.2
2019-12-25T17:14	86.62818	115.18385	0.139	58.5
2019-12-25T17:24	86.62838	115.18933	0.135	59.1
2019-12-25T17:34	86.62856	115.19491	0.136	60.5
2019-12-25T17:44	86.62877	115.20066	0.143	58.5
2019-12-25T17:54	86.62897	115.20625	0.139	58.6
2019-12-25T18:04	86.62919	115.21200	0.146	56.7
2019-12-25T18:14	86.62942	115.21793	0.150	57.1
2019-12-25T18:24	86.62966	115.22408	0.156	56.5
2019-12-25T18:34	86.62990	115.23021	0.157	55.6
2019-12-25T18:44	86.63018	115.23640	0.165	52.4
2019-12-25T18:54	86.63047	115.24275	0.169	52.9
2019-12-25T19:04	86.63074	115.24911	0.166	54.0
2019-12-25T19:14	86.63098	115.25529	0.156	56.7
2019-12-25T19:24	86.63125	115.26160	0.165	54.0
2019-12-25T19:34	86.63151	115.26813	0.168	55.3
2019-12-25T19:44	86.63178	115.27455	0.167	54.5
2019-12-25T19:54	86.63204	115.28090	0.164	55.1
2019-12-25T20:04	86.63229	115.28714	0.160	55.3
2019-12-25T20:14	86.63256	115.29346	0.165	54.0
2019-12-25T20:24	86.63283	115.29997	0.168	54.7
2019-12-25T20:34	86.63311	115.30641	0.168	54.3
2019-12-25T20:44	86.63339	115.31297	0.172	54.0
2019-12-25T20:54	86.63367	115.31949	0.172	53.1
2019-12-25T21:04	86.63396	115.32599	0.171	53.5
2019-12-25T21:14	86.63423	115.33234	0.167	53.7
2019-12-25T21:24	86.63450	115.33872	0.166	54.5
2019-12-25T21:34	86.63475	115.34505	0.162	55.6
2019-12-25T21:44	86.63499	115.35128	0.158	56.6
2019-12-25T21:54	86.63526	115.35746	0.162	53.8
2019-12-25T22:04	86.63552	115.36347	0.159	53.3
2019-12-25T22:14	86.63575	115.36931	0.148	56.5
2019-12-25T22:24	86.63598	115.37553	0.156	57.6
2019-12-25T22:34	86.63620	115.38171	0.153	58.4
2019-12-25T22:44	86.63644	115.38813	0.160	57.9
2019-12-25T22:54	86.63666	115.39420	0.152	57.5
2019-12-25T23:04	86.63692	115.40047	0.160	55.8
2019-12-25T23:14	86.63718	115.40687	0.165	54.8
2019-12-25T23:24	86.63747	115.41333	0.172	52.6
2019-12-25T23:34	86.63774	115.41950	0.162	53.6
2019-12-25T23:44	86.63798	115.42559	0.156	55.8
2019-12-25T23:54	86.63821	115.43174	0.154	57.3
2019-12-26T00:04	86.63845	115.43792	0.156	56.5
2019-12-26T00:14	86.63869	115.44412	0.157	56.6
2019-12-26T00:24	86.63893	115.45035	0.158	56.4
2019-12-26T00:34	86.63917	115.45655	0.156	57.3
2019-12-26T00:44	86.63939	115.46263	0.151	58.3
2019-12-26T00:54	86.63960	115.46876	0.151	59.2
2019-12-26T01:04	86.63982	115.47505	0.155	59.0
2019-12-26T01:14	86.64005	115.48131	0.155	58.6
2019-12-26T01:24	86.64027	115.48756	0.155	58.1
2019-12-26T01:34	86.64050	115.49379	0.154	58.6
2019-12-26T01:44	86.64073	115.50009	0.156	58.3
2019-12-26T01:54	86.64095	115.50625	0.153	57.9
2019-12-26T02:04	86.64117	115.51244	0.153	58.5
2019-12-26T02:14	86.64139	115.51863	0.153	58.6
2019-12-26T02:24	86.64162	115.52492	0.155	58.7
2019-12-26T02:34	86.64184	115.53112	0.153	59.0
2019-12-26T02:44	86.64204	115.53735	0.150	61.3
2019-12-26T02:54	86.64225	115.54365	0.152	60.6
2019-12-26T03:04	86.64246	115.55000	0.155	59.9
2019-12-26T03:14	86.64267	115.55627	0.153	60.0
2019-12-26T03:24	86.64290	115.56291	0.163	59.5
2019-12-26T03:34	86.64312	115.56941	0.158	60.3
2019-12-26T03:44	86.64334	115.57585	0.158	59.2
2019-12-26T03:54	86.64357	115.58247	0.161	59.9
2019-12-26T04:04	86.64379	115.58912	0.162	60.0
2019-12-26T04:14	86.64401	115.59598	0.165	61.3
2019-12-26T04:24	86.64423	115.60296	0.166	62.2
2019-12-26T04:34	86.64444	115.60999	0.167	62.5
2019-12-26T04:44	86.64466	115.61702	0.168	62.1
2019-12-26T04:54	86.64489	115.62422	0.172	61.9
2019-12-26T05:04	86.64511	115.63141	0.171	62.3
2019-12-26T05:14	86.64534	115.63887	0.178	62.1
2019-12-26T05:24	86.64557	115.64622	0.175	62.0
2019-12-26T05:34	86.64579	115.65361	0.176	62.5
2019-12-26T05:44	86.64602	115.66092	0.174	62.2
2019-12-26T05:54	86.64625	115.66837	0.177	62.2
2019-12-26T06:04	86.64648	115.67562	0.174	61.4
2019-12-26T06:14	86.64671	115.68299	0.176	62.0
2019-12-26T06:24	86.64693	115.69045	0.177	62.7
2019-12-26T06:34	86.64715	115.69777	0.173	62.9
2019-12-26T06:44	86.64737	115.70493	0.169	62.8
2019-12-26T06:54	86.64758	115.71201	0.168	62.7
2019-12-26T07:04	86.64779	115.71907	0.167	62.9
2019-12-26T07:14	86.64801	115.72610	0.167	62.1
2019-12-26T07:24	86.64822	115.73310	0.166	62.5
2019-12-26T07:34	86.64843	115.74002	0.163	63.0
2019-12-26T07:44	86.64864	115.74696	0.165	62.6
2019-12-26T07:54	86.64885	115.75383	0.163	62.5
2019-12-26T08:04	86.64904	115.76066	0.160	64.3
2019-12-26T08:14	86.64923	115.76748	0.159	64.6
2019-12-26T08:24	86.64942	115.77404	0.154	63.6
2019-12-26T08:34	86.64961	115.78043	0.151	63.2
2019-12-26T08:44	86.64980	115.78674	0.149	62.9
2019-12-26T08:54	86.64999	115.79293	0.148	61.8
2019-12-26T09:04	86.65019	115.79913	0.149	60.8
2019-12-26T09:14	86.65040	115.80534	0.151	59.9
2019-12-26T09:24	86.65062	115.81158	0.152	60.0
2019-12-26T09:34	86.65081	115.81761	0.145	60.9
2019-12-26T09:44	86.65101	115.82349	0.143	59.7
2019-12-26T09:54	86.65122	115.82913	0.139	58.3
2019-12-26T10:04	86.65142	115.83455	0.135	57.4
2019-12-26T10:14	86.65163	115.83985	0.134	56.4
2019-12-26T10:24	86.65183	115.84484	0.128	55.3
2019-12-26T10:34	86.65204	115.84993	0.131	54.7
2019-12-26T10:44	86.65225	115.85465	0.125	52.4
2019-12-26T10:54	86.65248	115.85918	0.127	48.8
2019-12-26T11:04	86.65271	115.86360	0.124	48.7
2019-12-26T11:14	86.65292	115.86826	0.125	51.5
2019-12-26T11:24	86.65312	115.87266	0.117	52.4
2019-12-26T11:34	86.65331	115.87699	0.113	53.5
2019-12-26T11:44	86.65350	115.88135	0.115	53.1
2019-12-26T11:54	86.65369	115.88574	0.116	52.8
2019-12-26T12:04	86.65388	115.88988	0.110	52.1
2019-12-26T12:14	86.65407	115.89384	0.107	51.3
2019-12-26T12:24	86.65426	115.89764	0.105	49.3
2019-12-26T12:34	86.65445	115.90149	0.106	49.6
2019-12-26T12:44	86.65463	115.90484	0.097	46.9
2019-12-26T12:54	86.65481	115.90812	0.095	46.7
2019-12-26T13:04	86.65499	115.91144	0.095	47.4
2019-12-26T13:14	86.65518	115.91449	0.093	43.3
2019-12-26T13:24	86.65537	115.91736	0.090	42.1
2019-12-26T13:34	86.65556	115.92004	0.090	38.6
2019-12-26T13:44	86.65576	115.92256	0.089	36.6
2019-12-26T13:54	86.65596	115.92500	0.087	36.1
2019-12-26T14:04	86.65616	115.92722	0.086	32.7
2019-12-26T14:14	86.65635	115.92936	0.084	32.7
2019-12-26T14:24	86.65655	115.93145	0.084	31.5
2019-12-26T14:34	86.65676	115.93337	0.086	28.0
2019-12-26T14:44	86.65699	115.93520	0.090	25.1
2019-12-26T14:54	86.65721	115.93685	0.088	23.3
2019-12-26T15:04	86.65745	115.93867	0.093	24.1
2019-12-26T15:14	86.65771	115.94049	0.101	22.2
2019-12-26T15:24	86.65797	115.94216	0.100	20.4
2019-12-26T15:34	86.65823	115.94371	0.099	19.0
2019-12-26T15:44	86.65849	115.94517	0.097	18.5
2019-12-26T15:54	86.65874	115.94669	0.095	19.7
2019-12-26T16:04	86.65898	115.94815	0.094	19.1
2019-12-26T16:14	86.65924	115.94944	0.097	16.3
2019-12-26T16:24	86.65949	115.95084	0.096	17.6
2019-12-26T16:34	86.65975	115.95211	0.095	16.3
2019-12-26T16:44	86.66000	115.95338	0.095	16.3
2019-12-26T16:54	86.66027	115.95478	0.101	16.9
2019-12-26T17:04	86.66054	115.95601	0.102	14.6
2019-12-26T17:14	86.66084	115.95729	0.110	14.1
2019-12-26T17:24	86.66113	115.95854	0.109	13.9
2019-12-26T17:34	86.66144	115.95988	0.114	14.3
2019-12-26T17:44	86.66176	115.96122	0.117	14.0
2019-12-26T17:54	86.66207	115.96256	0.117	13.9
2019-12-26T18:04	86.66240	115.96394	0.122	13.7
2019-12-26T18:14	86.66271	115.96538	0.116	15.2
2019-12-26T18:24	86.66301	115.96681	0.112	15.5
2019-12-26T18:34	86.66330	115.96818	0.108	15.4
2019-12-26T18:44	86.66362	115.96941	0.117	12.7
2019-12-26T18:54	86.66394	115.97054	0.120	11.4
2019-12-26T19:04	86.66426	115.97158	0.116	10.7
2019-12-26T19:14	86.66457	115.97260	0.114	10.8
2019-12-26T19:24	86.66488	115.97356	0.111	10.4
2019-12-26T19:34	86.66520	115.97442	0.117	8.8
2019-12-26T19:44	86.66551	115.97532	0.112	9.7
2019-12-26T19:54	86.66581	115.97644	0.112	12.1
2019-12-26T20:04	86.66611	115.97742	0.111	10.7
2019-12-26T20:14	86.66642	115.97845	0.112	11.2
2019-12-26T20:24	86.66671	115.97949	0.108	11.6
2019-12-26T20:34	86.66700	115.98046	0.106	11.1
2019-12-26T20:44	86.66730	115.98145	0.109	11.1
2019-12-26T20:54	86.66758	115.98249	0.104	12.0
2019-12-26T21:04	86.66786	115.98340	0.103	10.8
2019-12-26T21:14	86.66814	115.98433	0.103	10.8
2019-12-26T21:24	86.66841	115.98524	0.100	11.0
2019-12-26T21:34	86.66868	115.98610	0.100	10.4
2019-12-26T21:44	86.66895	115.98702	0.097	11.5
2019-12-26T21:54	86.66922	115.98808	0.100	12.8
2019-12-26T22:04	86.66949	115.98923	0.101	13.7
2019-12-26T22:14	86.66976	115.99022	0.100	12.0
2019-12-26T22:24	86.67003	115.99115	0.097	11.7
2019-12-26T22:34	86.67028	115.99194	0.091	10.5
2019-12-26T22:44	86.67052	115.99288	0.089	12.7
2019-12-26T22:54	86.67077	115.99376	0.092	11.4
2019-12-26T23:04	86.67102	115.99447	0.091	9.5
2019-12-26T23:14	86.67128	115.99538	0.097	11.4
2019-12-26T23:24	86.67153	115.99620	0.091	10.8
2019-12-26T23:34	86.67177	115.99698	0.090	10.4
2019-12-26T23:44	86.67202	115.99769	0.090	9.5
2019-12-26T23:54	86.67226	115.99843	0.089	10.1
2019-12-27T00:04	86.67249	115.99898	0.085	7.8
2019-12-27T00:14	86.67270	115.99939	0.075	6.5
2019-12-27T00:24	86.67289	115.99997	0.068	10.3
2019-12-27T00:34	86.67306	116.00064	0.063	13.0
2019-12-27T00:44	86.67320	116.00114	0.054	11.1
2019-12-27T00:54	86.67335	116.00153	0.052	9.0
2019-12-27T01:04	86.67348	116.00187	0.050	8.0
2019-12-27T01:14	86.67361	116.00206	0.047	5.0
2019-12-27T01:24	86.67374	116.00236	0.046	7.8
2019-12-27T01:34	86.67386	116.00259	0.044	6.2
2019-12-27T01:44	86.67397	116.00270	0.040	3.4
2019-12-27T01:54	86.67408	116.00278	0.040	2.5
2019-12-27T02:04	86.67419	116.00280	0.039	0.6
2019-12-27T02:14	86.67430	116.00290	0.038	3.0
2019-12-27T02:24	86.67440	116.00293	0.036	1.0
2019-12-27T02:34	86.67449	116.00292	0.034	359.8
2019-12-27T02:44	86.67458	116.00285	0.031	357.3
2019-12-27T02:54	86.67466	116.00287	0.030	0.8
2019-12-27T03:04	86.67475	116.00295	0.030	2.9
2019-12-27T03:14	86.67483	116.00295	0.029	0.1
2019-12-27T03:24	86.67489	116.00285	0.024	355.1
2019-12-27T03:34	86.67497	116.00276	0.027	356.1
2019-12-27T03:44	86.67504	116.00262	0.026	353.6
2019-12-27T03:54	86.67511	116.00253	0.024	355.4
2019-12-27T04:04	86.67518	116.00238	0.027	353.5
2019-12-27T04:14	86.67525	116.00224	0.023	352.6
2019-12-27T04:24	86.67531	116.00207	0.024	351.0
2019-12-27T04:34	86.67538	116.00183	0.024	348.0
2019-12-27T04:44	86.67545	116.00158	0.026	348.9
2019-12-27T04:54	86.67551	116.00137	0.024	349.0
2019-12-27T05:04	86.67558	116.00100	0.026	343.0
2019-12-27T05:14	86.67565	116.00067	0.026	344.4
2019-12-27T05:24	86.67572	116.00021	0.025	337.9
2019-12-27T05:34	86.67579	115.99959	0.029	333.5
2019-12-27T05:44	86.67585	115.99892	0.027	329.1
2019-12-27T05:54	86.67593	115.99821	0.030	330.6
2019-12-27T06:04	86.67600	115.99741	0.030	326.1
2019-12-27T06:14	86.67607	115.99654	0.032	325.7
2019-12-27T06:24	86.67614	115.99564	0.032	323.7
2019-12-27T06:34	86.67621	115.99463	0.033	320.0
2019-12-27T06:44	86.67629	115.99345	0.036	317.2
2019-12-27T06:54	86.67637	115.99197	0.043	313.5
2019-12-27T07:04	86.67643	115.99100	0.030	318.5
2019-12-27T07:14	86.67651	115.98977	0.038	317.9
2019-12-27T07:24	86.67658	115.98851	0.038	315.2
2019-12-27T07:34	86.67666	115.98729	0.037	317.6
2019-12-27T07:44	86.67674	115.98596	0.040	315.7
2019-12-27T07:54	86.67682	115.98456	0.041	314.0
2019-12-27T08:04	86.67689	115.98300	0.042	310.0
2019-12-27T08:14	86.67698	115.98141	0.045	313.1
2019-12-27T08:24	86.67706	115.97987	0.044	312.8
2019-12-27T08:34	86.67715	115.97837	0.044	314.0
2019-12-27T08:44	86.67724	115.97688	0.045	315.8
2019-12-27T08:54	86.67733	115.97522	0.050	316.0
2019-12-27T09:04	86.67742	115.97392	0.041	318.1
2019-12-27T09:14	86.67752	115.97242	0.048	319.0
2019-12-27T09:24	86.67761	115.97110	0.043	320.1
2019-12-27T09:34	86.67772	115.96964	0.049	321.2
2019-12-27T09:44	86.67782	115.96813	0.049	319.5
2019-12-27T09:54	86.67793	115.96653	0.052	319.8
2019-12-27T10:04	86.67804	115.96500	0.052	322.0
2019-12-27T10:14	86.67815	115.96340	0.052	319.9
2019-12-27T10:24	86.67825	115.96199	0.046	320.5
2019-12-27T10:34	86.67836	115.96059	0.048	322.4
2019-12-27T10:44	86.67845	115.95914	0.046	319.1
2019-12-27T10:54	86.67854	115.95765	0.043	314.2
2019-12-27T11:04	86.67861	115.95609	0.042	309.1
2019-12-27T11:14	86.67869	115.95450	0.043	310.4
2019-12-27T11:24	86.67876	115.95289	0.041	305.8
2019-12-27T11:34	86.67882	115.95123	0.043	305.4
2019-12-27T11:44	86.67888	115.94988	0.034	305.0
2019-12-27T11:54	86.67893	115.94829	0.038	299.8
2019-12-27T12:04	86.67898	115.94668	0.038	297.8
2019-12-27T12:14	86.67902	115.94510	0.036	295.4
2019-12-27T12:24	86.67907	115.94370	0.033	296.7
2019-12-27T12:34	86.67911	115.94241	0.032	301.9
2019-12-27T12:44	86.67915	115.94129	0.028	303.3
2019-12-27T12:54	86.67920	115.94024	0.027	305.2
2019-12-27T13:04	86.67923	115.93924	0.024	300.8
2019-12-27T13:14	86.67927	115.93820	0.026	302.4
2019-12-27T13:24	86.67929	115.93742	0.018	297.0
2019-12-27T13:34	86.67931	115.93689	0.013	300.8
2019-12-27T13:44	86.67933	115.93625	0.015	294.6
2019-12-27T13:54	86.67934	115.93570	0.012	290.9
2019-12-27T14:04	86.67935	115.93501	0.014	279.4
2019-12-27T14:14	86.67935	115.93430	0.015	272.1
2019-12-27T14:24	86.67934	115.93336	0.020	264.8
2019-12-27T14:34	86.67934	115.93265	0.015	261.4
2019-12-27T14:44	86.67933	115.93176	0.019	256.8
2019-12-27T14:54	86.67931	115.93083	0.021	250.4
2019-12-27T15:04	86.67929	115.92995	0.019	251.3
2019-12-27T15:14	86.67927	115.92894	0.022	251.6
2019-12-27T15:24	86.67925	115.92800	0.021	247.7
2019-12-27T15:34	86.67922	115.92685	0.026	247.8
2019-12-27T15:44	86.67920	115.92582	0.023	247.5
2019-12-27T15:54	86.67917	115.92468	0.026	245.5
2019-12-27T16:04	86.67913	115.92345	0.029	243.3
2019-12-27T16:14	86.67910	115.92230	0.026	248.0
2019-12-27T16:24	86.67907	115.92102	0.029	248.9
2019-12-27T16:34	86.67904	115.91964	0.031	247.9
2019-12-27T16:44	86.67901	115.91830	0.031	245.7
2019-12-27T16:54	86.67897	115.91686	0.033	245.5
2019-12-27T17:04	86.67894	115.91541	0.032	250.9
2019-12-27T17:14	86.67891	115.91390	0.033	253.4
2019-12-27T17:24	86.67889	115.91233	0.034	254.9
2019-12-27T17:34	86.67887	115.91072	0.035	256.1
2019-12-27T17:44	86.67885	115.90930	0.030	257.7
2019-12-27T17:54	86.67883	115.90775	0.033	257.4
2019-12-27T18:04	86.67881	115.90612	0.034	261.2
2019-12-27T18:14	86.67880	115.90459	0.032	260.7
2019-12-27T18:24	86.67879	115.90301	0.033	263.8
2019-12-27T18:34	86.67878	115.90137	0.034	266.6
2019-12-27T18:44	86.67878	115.89964	0.036	268.6
2019-12-27T18:54	86.67878	115.89809	0.032	272.4
2019-12-27T19:04	86.67879	115.89659	0.031	274.0
2019-12-27T19:14	86.67880	115.89500	0.033	275.3
2019-12-27T19:24	86.67881	115.89339	0.034	277.0
2019-12-27T19:34	86.67882	115.89176	0.034	278.5
2019-12-27T19:44	86.67884	115.89021	0.033	281.2
2019-12-27T19:54	86.67887	115.88861	0.035	285.6
2019-12-27T20:04	86.67889	115.88693	0.036	284.7
2019-12-27T20:14	86.67892	115.88533	0.035	287.5
2019-12-27T20:24	86.67895	115.88365	0.037	287.4
2019-12-27T20:34	86.67899	115.88200	0.037	290.5
2019-12-27T20:44	86.67903	115.88040	0.036	293.7
2019-12-27T20:54	86.67907	115.87894	0.034	294.9
2019-12-27T21:04	86.67910	115.87753	0.032	293.8
2019-12-27T21:14	86.67915	115.87609	0.033	295.8
2019-12-27T21:24	86.67919	115.87455	0.036	295.7
2019-12-27T21:34	86.67924	115.87310	0.036	302.1
2019-12-27T21:44	86.67929	115.87167	0.036	302.7
2019-12-27T21:54	86.67935	115.87008	0.039	302.1
2019-12-27T22:04	86.67940	115.86867	0.033	298.1
2019-12-27T22:14	86.67944	115.86716	0.035	296.4
2019-12-27T22:24	86.67948	115.86585	0.031	297.6
2019-12-27T22:34	86.67953	115.86435	0.037	302.9
2019-12-27T22:44	86.67959	115.86304	0.034	306.1
2019-12-27T22:54	86.67964	115.86179	0.031	304.0
2019-12-27T23:04	86.67970	115.86034	0.037	304.7
2019-12-27T23:14	86.67975	115.85901	0.033	303.8
2019-12-27T23:24	86.67979	115.85757	0.034	299.0
2019-12-27T23:34	86.67982	115.85592	0.036	285.3
2019-12-27T23:44	86.67985	115.85437	0.034	286.6
2019-12-27T23:54	86.67987	115.85286	0.032	283.5
2019-12-28T00:04	86.67988	115.85149	0.029	280.1
2019-12-28T00:14	86.67988	115.85007	0.030	268.7
2019-12-28T00:24	86.67988	115.84878	0.027	271.4
2019-12-28T00:34	86.67988	115.84751	0.027	265.7
2019-12-28T00:44	86.67987	115.84627	0.026	261.1
2019-12-28T00:54	86.67984	115.84497	0.028	252.7
2019-12-28T01:04	86.67981	115.84375	0.028	244.2
2019-12-28T01:14	86.67977	115.84242	0.032	240.8
2019-12-28T01:24	86.67971	115.84088	0.038	237.4
2019-12-28T01:34	86.67963	115.83918	0.044	233.3
2019-12-28T01:44	86.67956	115.83752	0.043	233.9
2019-12-28T01:54	86.67948	115.83551	0.052	233.2
2019-12-28T02:04	86.67939	115.83345	0.053	233.6
2019-12-28T02:14	86.67929	115.83134	0.056	231.8
2019-12-28T02:24	86.67920	115.82921	0.057	231.7
2019-12-28T02:34	86.67906	115.82697	0.067	224.1
2019-12-28T02:44	86.67893	115.82479	0.064	224.8
2019-12-28T02:54	86.67881	115.82261	0.064	225.6
2019-12-28T03:04	86.67869	115.82026	0.066	227.9
2019-12-28T03:14	86.67856	115.81806	0.065	225.0
2019-12-28T03:24	86.67844	115.81603	0.061	224.3
2019-12-28T03:34	86.67829	115.81399	0.067	219.2
2019-12-28T03:44	86.67814	115.81194	0.069	218.0
2019-12-28T03:54	86.67798	115.80974	0.074	218.1
2019-12-28T04:04	86.67782	115.80729	0.078	221.0
2019-12-28T04:14	86.67767	115.80517	0.070	219.1
2019-12-28T04:24	86.67752	115.80268	0.075	224.2
2019-12-28T04:34	86.67736	115.80013	0.077	223.4
2019-12-28T04:44	86.67722	115.79754	0.074	226.5
2019-12-28T04:54	86.67708	115.79500	0.074	225.7
2019-12-28T05:04	86.67693	115.79244	0.075	225.4
2019-12-28T05:14	86.67680	115.79007	0.069	225.9
2019-12-28T05:24	86.67666	115.78763	0.070	227.0
2019-12-28T05:34	86.67654	115.78546	0.064	225.4
2019-12-28T05:44	86.67641	115.78301	0.069	227.7
2019-12-28T05:54	86.67629	115.78081	0.064	225.9
2019-12-28T06:04	86.67616	115.77854	0.066	225.7
2019-12-28T06:14	86.67604	115.77620	0.066	227.7
2019-12-28T06:24	86.67591	115.77394	0.066	226.0
2019-12-28T06:34	86.67580	115.77160	0.063	231.0
2019-12-28T06:44	86.67569	115.76931	0.062	230.6
2019-12-28T06:54	86.67558	115.76692	0.065	230.4
2019-12-28T07:04	86.67548	115.76491	0.053	231.6
2019-12-28T07:14	86.67538	115.76273	0.059	230.2
2019-12-28T07:24	86.67528	115.76057	0.058	231.5
2019-12-28T07:34	86.67518	115.75830	0.059	233.3
2019-12-28T07:44	86.67509	115.75613	0.055	234.6
2019-12-28T07:54	86.67501	115.75405	0.052	236.3
2019-12-28T08:04	86.67492	115.75206	0.052	233.4
2019-12-28T08:14	86.67484	115.74999	0.053	234.2
2019-12-28T08:24	86.67474	115.74796	0.055	230.1
2019-12-28T08:34	86.67466	115.74602	0.049	236.2
2019-12-28T08:44	86.67459	115.74397	0.050	238.7
2019-12-28T08:54	86.67451	115.74206	0.049	234.5
2019-12-28T09:04	86.67443	115.74017	0.049	233.2
2019-12-28T09:14	86.67435	115.73823	0.049	236.1
2019-12-28T09:24	86.67430	115.73624	0.046	244.4
2019-12-28T09:34	86.67425	115.73435	0.043	247.6
2019-12-28T09:44	86.67421	115.73234	0.045	249.5
2019-12-28T09:54	86.67416	115.73037	0.046	244.7
2019-12-28T10:04	86.67410	115.72858	0.043	240.4
2019-12-28T10:14	86.67404	115.72701	0.038	239.9
2019-12-28T10:24	86.67398	115.72554	0.040	231.0
2019-12-28T10:34	86.67392	115.72407	0.037	236.3
2019-12-28T10:44	86.67386	115.72264	0.037	233.4
2019-12-28T10:54	86.67379	115.72102	0.041	235.2
2019-12-28T11:04	86.67373	115.71947	0.040	234.1
2019-12-28T11:14	86.67366	115.71804	0.038	231.8
2019-12-28T11:24	86.67358	115.71660	0.041	226.6
2019-12-28T11:34	86.67350	115.71529	0.041	221.6
2019-12-28T11:44	86.67341	115.71409	0.040	217.9
2019-12-28T11:54	86.67331	115.71292	0.042	215.2
2019-12-28T12:04	86.67321	115.71188	0.042	211.5
2019-12-28T12:14	86.67311	115.71076	0.045	211.2
2019-12-28T12:24	86.67299	115.70957	0.048	211.8
2019-12-28T12:34	86.67287	115.70840	0.051	208.4
2019-12-28T12:44	86.67275	115.70745	0.048	204.2
2019-12-28T12:54	86.67261	115.70634	0.055	205.4
2019-12-28T13:04	86.67246	115.70507	0.059	206.6
2019-12-28T13:14	86.67231	115.70406	0.059	201.1
2019-12-28T13:24	86.67216	115.70306	0.059	200.6
2019-12-28T13:34	86.67199	115.70202	0.062	200.5
2019-12-28T13:44	86.67184	115.70104	0.061	199.8
2019-12-28T13:54	86.67167	115.70011	0.063	197.9
2019-12-28T14:04	86.67150	115.69926	0.064	196.2
2019-12-28T14:14	86.67132	115.69834	0.067	196.7
2019-12-28T14:24	86.67114	115.69752	0.068	194.6
2019-12-28T14:34	86.67095	115.69656	0.069	196.9
2019-12-28T14:44	86.67077	115.69565	0.068	196.2
2019-12-28T14:54	86.67058	115.69469	0.072	196.3
2019-12-28T15:04	86.67039	115.69389	0.072	193.5
2019-12-28T15:14	86.67019	115.69297	0.074	195.1
2019-12-28T15:24	86.66997	115.69197	0.081	195.0
2019-12-28T15:34	86.66976	115.69098	0.078	195.4
2019-12-28T15:44	86.66955	115.68997	0.079	195.4
2019-12-28T15:54	86.66934	115.68883	0.080	197.2
2019-12-28T16:04	86.66912	115.68747	0.083	200.1
2019-12-28T16:14	86.66891	115.68623	0.082	198.5
2019-12-28T16:24	86.66869	115.68489	0.083	199.7
2019-12-28T16:34	86.66847	115.68348	0.084	200.6
2019-12-28T16:44	86.66825	115.68206	0.087	200.1
2019-12-28T16:54	86.66802	115.68060	0.085	200.9
2019-12-28T17:04	86.66780	115.67913	0.086	201.0
2019-12-28T17:14	86.66758	115.67756	0.086	202.7
2019-12-28T17:24	86.66736	115.67597	0.087	202.4
2019-12-28T17:34	86.66714	115.67452	0.084	201.1
2019-12-28T17:44	86.66692	115.67303	0.085	201.6
2019-12-28T17:54	86.66671	115.67142	0.082	204.1
2019-12-28T18:04	86.66650	115.66983	0.083	203.6
2019-12-28T18:14	86.66629	115.66832	0.082	202.9
2019-12-28T18:24	86.66609	115.66682	0.079	203.5
2019-12-28T18:34	86.66589	115.66524	0.079	204.6
2019-12-28T18:44	86.66570	115.66372	0.077	204.6
2019-12-28T18:54	86.66550	115.66217	0.078	204.5
2019-12-28T19:04	86.66530	115.66068	0.077	203.9
2019-12-28T19:14	86.66511	115.65917	0.076	204.5
2019-12-28T19:24	86.66493	115.65771	0.070	205.8
2019-12-28T19:34	86.66476	115.65608	0.070	209.0
2019-12-28T19:44	86.66459	115.65451	0.069	208.2
2019-12-28T19:54	86.66444	115.65309	0.063	208.2
2019-12-28T20:04	86.66428	115.65168	0.063	207.9
2019-12-28T20:14	86.66413	115.65040	0.061	206.1
2019-12-28T20:24	86.66399	115.64921	0.058	205.4
2019-12-28T20:34	86.66383	115.64802	0.061	204.2
2019-12-28T20:44	86.66370	115.64716	0.053	199.8
2019-12-28T20:54	86.66355	115.64627	0.057	199.1
2019-12-28T21:04	86.66340	115.64538	0.056	199.6
2019-12-28T21:14	86.66326	115.64457	0.054	198.6
2019-12-28T21:24	86.66312	115.64385	0.052	196.8
2019-12-28T21:34	86.66298	115.64327	0.050	193.9
2019-12-28T21:44	86.66285	115.64277	0.049	192.4
2019-12-28T21:54	86.66271	115.64232	0.052	190.4
2019-12-28T22:04	86.66259	115.64202	0.043	188.5
2019-12-28T22:14	86.66246	115.64202	0.048	179.8
2019-12-28T22:24	86.66234	115.64182	0.042	185.8
2019-12-28T22:34	86.66222	115.64169	0.045	183.5
2019-12-28T22:44	86.66209	115.64181	0.047	176.7
2019-12-28T22:54	86.66194	115.64199	0.052	175.9
2019-12-28T23:04	86.66180	115.64234	0.052	171.9
2019-12-28T23:14	86.66165	115.64290	0.054	167.3
2019-12-28T23:24	86.66150	115.64348	0.055	167.4
2019-12-28T23:34	86.66135	115.64416	0.057	165.3
2019-12-28T23:44	86.66120	115.64484	0.055	165.0
2019-12-28T23:54	86.66105	115.64547	0.055	166.2
2019-12-29T00:04	86.66090	115.64604	0.055	167.7
2019-12-29T00:14	86.66077	115.64678	0.052	162.6
2019-12-29T00:24	86.66061	115.64767	0.061	162.1
2019-12-29T00:34	86.66044	115.64858	0.064	162.5
2019-12-29T00:44	86.66028	115.64954	0.061	160.9
2019-12-29T00:54	86.66009	115.65060	0.071	161.6
2019-12-29T01:04	86.65989	115.65191	0.078	159.3
2019-12-29T01:14	86.65970	115.65311	0.071	159.3
2019-12-29T01:24	86.65952	115.65427	0.070	159.6
2019-12-29T01:34	86.65933	115.65565	0.075	157.2
2019-12-29T01:44	86.65914	115.65711	0.075	155.7
2019-12-29T01:54	86.65895	115.65867	0.078	155.0
2019-12-29T02:04	86.65875	115.66023	0.077	155.0
2019-12-29T02:14	86.65855	115.66193	0.081	154.0
2019-12-29T02:24	86.65832	115.66391	0.092	153.1
2019-12-29T02:34	86.65810	115.66590	0.091	152.5
2019-12-29T02:44	86.65787	115.66808	0.093	150.6
2019-12-29T02:54	86.65766	115.66996	0.085	152.3
2019-12-29T03:04	86.65745	115.67161	0.083	155.4
2019-12-29T03:14	86.65725	115.67331	0.081	154.1
2019-12-29T03:24	86.65703	115.67487	0.085	157.4
2019-12-29T03:34	86.65682	115.67640	0.083	157.3
2019-12-29T03:44	86.65659	115.67819	0.091	155.7
2019-12-29T03:54	86.65635	115.67991	0.092	156.8
2019-12-29T04:04	86.65612	115.68156	0.090	157.3
2019-12-29T04:14	86.65589	115.68317	0.089	157.7
2019-12-29T04:24	86.65566	115.68480	0.092	158.0
2019-12-29T04:34	86.65542	115.68637	0.092	159.1
2019-12-29T04:44	86.65517	115.68781	0.093	161.1
2019-12-29T04:54	86.65493	115.68949	0.094	158.0
2019-12-29T05:04	86.65465	115.69139	0.107	158.0
2019-12-29T05:14	86.65432	115.69363	0.129	158.6
2019-12-29T05:24	86.65399	115.69581	0.128	158.9
2019-12-29T05:34	86.65367	115.69802	0.125	158.2
2019-12-29T05:44	86.65335	115.70023	0.124	158.0
2019-12-29T05:54	86.65306	115.70224	0.113	158.0
2019-12-29T06:04	86.65277	115.70450	0.113	155.1
2019-12-29T06:14	86.65250	115.70664	0.107	155.2
2019-12-29T06:24	86.65224	115.70854	0.102	156.9
2019-12-29T06:34	86.65199	115.71054	0.100	155.0
2019-12-29T06:44	86.65172	115.71266	0.109	155.8
2019-12-29T06:54	86.65142	115.71510	0.117	154.1
2019-12-29T07:04	86.65113	115.71756	0.118	154.0
2019-12-29T07:14	86.65084	115.72019	0.119	152.2
2019-12-29T07:24	86.65061	115.72244	0.095	149.9
2019-12-29T07:34	86.65039	115.72490	0.096	147.4
2019-12-29T07:44	86.65012	115.72743	0.109	150.6
2019-12-29T07:54	86.64984	115.73021	0.118	150.4
2019-12-29T08:04	86.64960	115.73309	0.105	144.9
2019-12-29T08:14	86.64936	115.73621	0.107	142.2
2019-12-29T08:24	86.64913	115.73943	0.109	141.6
2019-12-29T08:34	86.64889	115.74267	0.108	140.7
2019-12-29T08:44	86.64867	115.74592	0.107	140.3
2019-12-29T08:54	86.64843	115.74915	0.110	141.7
2019-12-29T09:04	86.64820	115.75254	0.109	139.0
2019-12-29T09:14	86.64797	115.75604	0.112	138.7
2019-12-29T09:24	86.64772	115.75966	0.116	138.8
2019-12-29T09:34	86.64748	115.76318	0.114	139.5
2019-12-29T09:44	86.64725	115.76620	0.106	143.1
2019-12-29T09:54	86.64699	115.76945	0.115	143.3
2019-12-29T10:04	86.64672	115.77317	0.125	141.0
2019-12-29T10:14	86.64645	115.77691	0.126	141.1
2019-12-29T10:24	86.64618	115.78041	0.123	143.0
2019-12-29T10:34	86.64595	115.78353	0.106	141.6
2019-12-29T10:44	86.64572	115.78688	0.108	139.2
2019-12-29T10:54	86.64550	115.79043	0.108	136.4
2019-12-29T11:04	86.64529	115.79408	0.108	134.7
2019-12-29T11:14	86.64505	115.79779	0.117	138.0
2019-12-29T11:24	86.64484	115.80157	0.111	134.3
2019-12-29T11:34	86.64464	115.80534	0.106	131.7
2019-12-29T11:44	86.64441	115.80915	0.115	136.0
2019-12-29T11:54	86.64415	115.81298	0.123	138.9
2019-12-29T12:04	86.64389	115.81667	0.122	140.3
2019-12-29T12:14	86.64366	115.82049	0.116	136.2
2019-12-29T12:24	86.64340	115.82451	0.126	137.8
2019-12-29T12:34	86.64314	115.82856	0.127	137.8
2019-12-29T12:44	86.64289	115.83271	0.125	135.7
2019-12-29T12:54	86.64261	115.83710	0.137	137.5
2019-12-29T13:04	86.64236	115.84166	0.132	133.2
2019-12-29T13:14	86.64210	115.84628	0.133	132.9
2019-12-29T13:24	86.64184	115.85098	0.137	133.6
2019-12-29T13:34	86.64157	115.85569	0.138	134.1
2019-12-29T13:44	86.64131	115.86036	0.137	134.1
2019-12-29T13:54	86.64103	115.86494	0.140	136.6
2019-12-29T14:04	86.64073	115.86927	0.140	139.4
2019-12-29T14:14	86.64042	115.87358	0.145	141.2
2019-12-29T14:24	86.64010	115.87771	0.143	142.4
2019-12-29T14:34	86.63978	115.88232	0.150	139.5
2019-12-29T14:44	86.63945	115.88724	0.158	139.1
2019-12-29T14:54	86.63910	115.89197	0.161	141.7
2019-12-29T15:04	86.63873	115.89662	0.165	143.4
2019-12-29T15:14	86.63836	115.90122	0.164	143.7
2019-12-29T15:24	86.63799	115.90580	0.167	144.7
2019-12-29T15:34	86.63761	115.91052	0.168	143.5
2019-12-29T15:44	86.63724	115.91530	0.166	142.7
2019-12-29T15:54	86.63688	115.92001	0.166	143.1
2019-12-29T16:04	86.63652	115.92489	0.166	141.4
2019-12-29T16:14	86.63616	115.92976	0.165	141.6
2019-12-29T16:24	86.63577	115.93458	0.171	143.5
2019-12-29T16:34	86.63539	115.93931	0.171	144.2
2019-12-29T16:44	86.63500	115.94399	0.172	144.9
2019-12-29T16:54	86.63461	115.94859	0.170	145.1
2019-12-29T17:04	86.63425	115.95309	0.161	143.8
2019-12-29T17:14	86.63387	115.95745	0.164	145.9
2019-12-29T17:24	86.63349	115.96190	0.167	145.7
2019-12-29T17:34	86.63311	115.96660	0.167	143.5
2019-12-29T17:44	86.63277	115.97122	0.158	141.8
2019-12-29T17:54	86.63241	115.97531	0.155	146.0
2019-12-29T18:04	86.63207	115.98001	0.158	141.1
2019-12-29T18:14	86.63172	115.98483	0.161	140.9
2019-12-29T18:24	86.63136	115.98958	0.166	142.7
2019-12-29T18:34	86.63099	115.99463	0.169	140.8
2019-12-29T18:44	86.63063	115.99972	0.168	140.2
2019-12-29T18:54	86.63027	116.00474	0.168	140.9
2019-12-29T19:04	86.62990	116.00938	0.165	143.4
2019-12-29T19:14	86.62955	116.01428	0.163	140.4
2019-12-29T19:24	86.62921	116.01882	0.157	142.3
2019-12-29T19:34	86.62884	116.02346	0.165	143.5
2019-12-29T19:44	86.62851	116.02792	0.152	141.4
2019-12-29T19:54	86.62820	116.03313	0.156	134.9
2019-12-29T20:04	86.62786	116.03775	0.158	141.8
2019-12-29T20:14	86.62751	116.04219	0.156	142.9
2019-12-29T20:24	86.62718	116.04649	0.152	143.2
2019-12-29T20:34	86.62685	116.05145	0.156	137.8
2019-12-29T20:44	86.62653	116.05642	0.158	138.3
2019-12-29T20:54	86.62620	116.06124	0.156	139.1
2019-12-29T21:04	86.62588	116.06578	0.148	139.6
2019-12-29T21:14	86.62557	116.07057	0.153	138.4
2019-12-29T21:24	86.62525	116.07500	0.147	140.3
2019-12-29T21:34	86.62492	116.07922	0.150	143.2
2019-12-29T21:44	86.62461	116.08365	0.146	139.9
2019-12-29T21:54	86.62435	116.08864	0.141	131.6
2019-12-29T22:04	86.62412	116.09310	0.126	131.5
2019-12-29T22:14	86.62389	116.09787	0.131	129.5
2019-12-29T22:24	86.62362	116.10272	0.140	132.8
2019-12-29T22:34	86.62331	116.10765	0.153	137.0
2019-12-29T22:44	86.62302	116.11265	0.147	133.9
2019-12-29T22:54	86.62276	116.11787	0.147	131.2
2019-12-29T23:04	86.62252	116.12310	0.140	127.6
2019-12-29T23:14	86.62227	116.12854	0.146	127.6
2019-12-29T23:24	86.62196	116.13396	0.160	134.2
2019-12-29T23:34	86.62167	116.13968	0.161	131.0
2019-12-29T23:44	86.62139	116.14563	0.162	128.7
2019-12-29T23:54	86.62110	116.15215	0.172	126.3
2019-12-30T00:04	86.62083	116.15917	0.179	123.6
2019-12-30T00:14	86.62055	116.16630	0.181	123.5
2019-12-30T00:24	86.62027	116.17360	0.185	123.2
2019-12-30T00:34	86.61998	116.18015	0.173	126.4
2019-12-30T00:44	86.61975	116.18592	0.150	125.0
2019-12-30T00:54	86.61955	116.19194	0.147	119.4
2019-12-30T01:04	86.61929	116.19864	0.170	122.9
2019-12-30T01:14	86.61903	116.20581	0.179	122.0
2019-12-30T01:24	86.61879	116.21359	0.186	117.2
2019-12-30T01:34	86.61856	116.22219	0.200	114.2
2019-12-30T01:44	86.61831	116.23101	0.208	116.0
2019-12-30T01:54	86.61805	116.23991	0.211	116.2
2019-12-30T02:04	86.61781	116.24860	0.203	114.9
2019-12-30T02:14	86.61760	116.25768	0.207	111.6
2019-12-30T02:24	86.61737	116.26727	0.220	112.5
2019-12-30T02:34	86.61714	116.27715	0.225	111.2
2019-12-30T02:44	86.61687	116.28731	0.236	114.1
2019-12-30T02:54	86.61662	116.29777	0.240	112.1
2019-12-30T03:04	86.61636	116.30850	0.246	112.2
2019-12-30T03:14	86.61613	116.31962	0.250	109.4
2019-12-30T03:24	86.61585	116.33052	0.253	113.6
2019-12-30T03:34	86.61556	116.34165	0.258	113.8
2019-12-30T03:44	86.61526	116.35310	0.266	113.9
2019-12-30T03:54	86.61496	116.36491	0.273	113.0
2019-12-30T04:04	86.61467	116.37676	0.273	112.8
2019-12-30T04:14	86.61436	116.38857	0.274	113.7
2019-12-30T04:24	86.61404	116.40049	0.279	114.8
2019-12-30T04:34	86.61370	116.41250	0.283	115.7
2019-12-30T04:44	86.61334	116.42449	0.285	116.4
2019-12-30T04:54	86.61298	116.43624	0.282	117.7
2019-12-30T05:04	86.61261	116.44819	0.287	117.7
2019-12-30T05:14	86.61223	116.46033	0.291	117.7
2019-12-30T05:24	86.61186	116.47231	0.289	118.0
2019-12-30T05:34	86.61145	116.48401	0.290	120.8
2019-12-30T05:44	86.61102	116.49558	0.290	121.9
2019-12-30T05:54	86.61057	116.50713	0.293	123.1
2019-12-30T06:04	86.61012	116.51834	0.289	124.2
2019-12-30T06:14	86.60969	116.52958	0.285	122.9
2019-12-30T06:24	86.60926	116.54036	0.278	124.2
2019-12-30T06:34	86.60880	116.55113	0.282	125.5
2019-12-30T06:44	86.60834	116.56192	0.284	125.9
2019-12-30T06:54	86.60787	116.57252	0.282	126.9
2019-12-30T07:04	86.60742	116.58305	0.276	125.7
2019-12-30T07:14	86.60698	116.59348	0.274	125.7
2019-12-30T07:24	86.60651	116.60357	0.275	128.5
2019-12-30T07:34	86.60610	116.61354	0.257	124.3
2019-12-30T07:44	86.60573	116.62306	0.243	123.2
2019-12-30T07:54	86.60533	116.63238	0.247	126.5
2019-12-30T08:04	86.60492	116.64149	0.243	126.9
2019-12-30T08:14	86.60452	116.65053	0.242	127.1
2019-12-30T08:24	86.60415	116.65927	0.229	125.6
2019-12-30T08:34	86.60376	116.66792	0.231	126.9
2019-12-30T08:44	86.60335	116.67669	0.237	128.0
2019-12-30T08:54	86.60294	116.68524	0.235	129.2
2019-12-30T09:04	86.60253	116.69422	0.242	127.8
2019-12-30T09:14	86.60215	116.70309	0.234	126.1
2019-12-30T09:24	86.60178	116.71206	0.233	124.8
2019-12-30T09:34	86.60142	116.72095	0.229	124.0
2019-12-30T09:44	86.60106	116.72991	0.231	124.0
2019-12-30T09:54	86.60071	116.73893	0.230	123.1
2019-12-30T10:04	86.60037	116.74797	0.229	122.4
2019-12-30T10:14	86.60004	116.75733	0.232	120.8
2019-12-30T10:24	86.59970	116.76674	0.235	121.4
2019-12-30T10:34	86.59936	116.77631	0.239	121.1
2019-12-30T10:44	86.59902	116.78625	0.245	119.8
2019-12-30T10:54	86.59869	116.79619	0.243	119.1
2019-12-30T11:04	86.59838	116.80633	0.244	117.5
2019-12-30T11:14	86.59807	116.81637	0.242	117.7
2019-12-30T11:24	86.59775	116.82665	0.248	117.7
2019-12-30T11:34	86.59742	116.83683	0.246	118.0
2019-12-30T11:44	86.59710	116.84706	0.247	117.8
2019-12-30T11:54	86.59678	116.85718	0.245	118.0
2019-12-30T12:04	86.59647	116.86721	0.243	118.0
2019-12-30T12:14	86.59613	116.87721	0.245	119.4
2019-12-30T12:24	86.59578	116.88694	0.243	121.3
2019-12-30T12:34	86.59543	116.89703	0.251	120.6
2019-12-30T12:44	86.59506	116.90745	0.259	120.6
2019-12-30T12:54	86.59469	116.91771	0.257	121.4
2019-12-30T13:04	86.59430	116.92811	0.262	121.9
2019-12-30T13:14	86.59392	116.93863	0.265	121.7
2019-12-30T13:24	86.59353	116.94916	0.265	121.9
2019-12-30T13:34	86.59313	116.96004	0.274	121.6
2019-12-30T13:44	86.59274	116.97107	0.274	120.7
2019-12-30T13:54	86.59234	116.98222	0.280	121.4
2019-12-30T14:04	86.59191	116.99353	0.287	122.4
2019-12-30T14:14	86.59149	117.00522	0.293	121.3
2019-12-30T14:24	86.59107	117.01676	0.289	121.3
2019-12-30T14:34	86.59064	117.02844	0.294	121.5
2019-12-30T14:44	86.59022	117.04024	0.294	120.8
2019-12-30T14:54	86.58980	117.05196	0.294	121.3
2019-12-30T15:04	86.58938	117.06400	0.298	120.2
2019-12-30T15:14	86.58897	117.07611	0.299	120.0
2019-12-30T15:24	86.58860	117.08825	0.292	116.9
2019-12-30T15:34	86.58823	117.10064	0.297	116.7
2019-12-30T15:44	86.58780	117.11293	0.306	120.6
2019-12-30T15:54	86.58735	117.12508	0.306	121.6
2019-12-30T16:04	86.58691	117.13734	0.308	121.4
2019-12-30T16:14	86.58649	117.14975	0.305	119.4
2019-12-30T16:24	86.58607	117.16222	0.307	119.4
2019-12-30T16:34	86.58568	117.17441	0.298	118.6
2019-12-30T16:44	86.58527	117.18645	0.297	119.6
2019-12-30T16:54	86.58483	117.19817	0.298	122.4
2019-12-30T17:04	86.58439	117.20974	0.294	122.3
2019-12-30T17:14	86.58397	117.22104	0.286	122.1
2019-12-30T17:24	86.58356	117.23228	0.284	121.8
2019-12-30T17:34	86.58314	117.24370	0.286	121.1
2019-12-30T17:44	86.58275	117.25468	0.275	121.2
2019-12-30T17:54	86.58237	117.26545	0.269	120.6
2019-12-30T18:04	86.58200	117.27623	0.267	120.1
2019-12-30T18:14	86.58163	117.28657	0.259	121.1
2019-12-30T18:24	86.58126	117.29676	0.255	121.0
2019-12-30T18:34	86.58091	117.30688	0.252	120.3
2019-12-30T18:44	86.58057	117.31677	0.245	119.8
2019-12-30T18:54	86.58024	117.32664	0.243	119.4
2019-12-30T19:04	86.57991	117.33621	0.236	119.6
2019-12-30T19:14	86.57959	117.34557	0.233	120.2
2019-12-30T19:24	86.57928	117.35501	0.231	118.8
2019-12-30T19:34	86.57901	117.36448	0.226	115.8
2019-12-30T19:44	86.57876	117.37396	0.222	113.3
2019-12-30T19:54	86.57852	117.38308	0.215	114.4
2019-12-30T20:04	86.57827	117.39188	0.208	114.7
2019-12-30T20:14	86.57805	117.40042	0.200	113.3
2019-12-30T20:24	86.57784	117.40878	0.196	113.4
2019-12-30T20:34	86.57763	117.41666	0.185	114.0
2019-12-30T20:44	86.57742	117.42431	0.180	114.2
2019-12-30T20:54	86.57723	117.43165	0.173	114.1
2019-12-30T21:04	86.57705	117.43909	0.172	112.0
2019-12-30T21:14	86.57688	117.44666	0.173	110.1
2019-12-30T21:24	86.57674	117.45403	0.166	107.4
2019-12-30T21:34	86.57664	117.46144	0.164	103.4
2019-12-30T21:44	86.57655	117.46896	0.165	101.4
2019-12-30T21:54	86.57646	117.47615	0.158	102.0
2019-12-30T22:04	86.57639	117.48350	0.160	98.4
2019-12-30T22:14	86.57637	117.49114	0.164	93.0
2019-12-30T22:24	86.57637	117.49881	0.165	89.6
2019-12-30T22:34	86.57634	117.50609	0.157	93.7
2019-12-30T22:44	86.57631	117.51324	0.154	94.7
2019-12-30T22:54	86.57629	117.52057	0.158	92.2
2019-12-30T23:04	86.57630	117.52775	0.155	88.8
2019-12-30T23:14	86.57638	117.53522	0.163	80.2
2019-12-30T23:24	86.57647	117.54277	0.165	79.1
2019-12-30T23:34	86.57655	117.55040	0.167	79.2
2019-12-30T23:44	86.57663	117.55810	0.168	80.0
2019-12-30T23:54	86.57669	117.56544	0.159	83.3
2019-12-31T00:04	86.57673	117.57259	0.155	83.6
2019-12-31T00:14	86.57678	117.57947	0.149	83.5
2019-12-31T00:24	86.57682	117.58618	0.145	84.0
2019-12-31T00:34	86.57686	117.59283	0.144	84.4
2019-12-31T00:44	86.57692	117.59963	0.148	81.4
2019-12-31T00:54	86.57700	117.60644	0.149	79.2
2019-12-31T01:04	86.57710	117.61344	0.155	76.2
2019-12-31T01:14	86.57722	117.62071	0.163	74.2
2019-12-31T01:24	86.57735	117.62778	0.158	73.4
2019-12-31T01:34	86.57747	117.63449	0.150	73.9
2019-12-31T01:44	86.57757	117.64105	0.146	74.9
2019-12-31T01:54	86.57767	117.64737	0.140	75.8
2019-12-31T02:04	86.57775	117.65359	0.137	77.6
2019-12-31T02:14	86.57783	117.65965	0.134	77.0
2019-12-31T02:24	86.57791	117.66563	0.131	78.2
2019-12-31T02:34	86.57799	117.67158	0.131	76.7
2019-12-31T02:44	86.57808	117.67752	0.132	75.2
2019-12-31T02:54	86.57817	117.68340	0.130	75.7
2019-12-31T03:04	86.57826	117.68921	0.129	76.1
2019-12-31T03:14	86.57835	117.69500	0.129	75.4
2019-12-31T03:24	86.57844	117.70085	0.130	75.7
2019-12-31T03:34	86.57852	117.70672	0.130	76.4
2019-12-31T03:44	86.57861	117.71257	0.130	75.4
2019-12-31T03:54	86.57871	117.71845	0.131	75.1
2019-12-31T04:04	86.57881	117.72415	0.128	73.7
2019-12-31T04:14	86.57891	117.73002	0.131	73.9
2019-12-31T04:24	86.57901	117.73581	0.130	73.5
2019-12-31T04:34	86.57911	117.74151	0.128	73.3
2019-12-31T04:44	86.57921	117.74720	0.127	73.7
2019-12-31T04:54	86.57931	117.75273	0.124	73.3
2019-12-31T05:04	86.57942	117.75826	0.125	72.3
2019-12-31T05:14	86.57952	117.76375	0.124	71.8
2019-12-31T05:24	86.57963	117.76911	0.122	70.7
2019-12-31T05:34	86.57974	117.77429	0.118	70.8
2019-12-31T05:44	86.57987	117.77941	0.119	67.1
2019-12-31T05:54	86.58000	117.78449	0.118	67.4
2019-12-31T06:04	86.58014	117.78948	0.119	64.6
2019-12-31T06:14	86.58028	117.79448	0.119	64.2
2019-12-31T06:24	86.58043	117.79928	0.116	62.5
2019-12-31T06:34	86.58060	117.80391	0.116	59.3
2019-12-31T06:44	86.58077	117.80832	0.115	56.0
2019-12-31T06:54	86.58095	117.81277	0.114	56.8
2019-12-31T07:04	86.58112	117.81692	0.110	54.3
2019-12-31T07:14	86.58131	117.82102	0.111	52.3
2019-12-31T07:24	86.58151	117.82497	0.110	50.5
2019-12-31T07:34	86.58171	117.82888	0.112	48.3
2019-12-31T07:44	86.58192	117.83260	0.110	46.8
2019-12-31T07:54	86.58214	117.83604	0.108	42.9
2019-12-31T08:04	86.58237	117.83930	0.108	40.5
2019-12-31T08:14	86.58262	117.84242	0.111	37.3
2019-12-31T08:24	86.58288	117.84547	0.115	34.6
2019-12-31T08:34	86.58316	117.84837	0.118	31.8
2019-12-31T08:44	86.58345	117.85119	0.121	30.1
2019-12-31T08:54	86.58374	117.85381	0.120	27.9
2019-12-31T09:04	86.58405	117.85639	0.123	26.8
2019-12-31T09:14	86.58436	117.85870	0.123	23.8
2019-12-31T09:24	86.58468	117.86094	0.126	22.5
2019-12-31T09:34	86.58501	117.86301	0.126	20.7
2019-12-31T09:44	86.58534	117.86501	0.126	19.9
2019-12-31T09:54	86.58567	117.86698	0.127	19.4
2019-12-31T10:04	86.58602	117.86858	0.132	15.2
2019-12-31T10:14	86.58638	117.87009	0.134	14.0
2019-12-31T10:24	86.58677	117.87156	0.145	12.6
2019-12-31T10:34	86.58720	117.87308	0.155	12.1
2019-12-31T10:44	86.58761	117.87468	0.154	12.9
2019-12-31T10:54	86.58805	117.87634	0.160	12.9
2019-12-31T11:04	86.58848	117.87801	0.162	12.8
2019-12-31T11:14	86.58894	117.87973	0.170	12.5
2019-12-31T11:24	86.58941	117.88140	0.172	12.0
2019-12-31T11:34	86.58989	117.88304	0.177	11.5
2019-12-31T11:44	86.59038	117.88472	0.178	11.7
2019-12-31T11:54	86.59087	117.88642	0.182	11.5
2019-12-31T12:04	86.59137	117.88818	0.185	11.8
2019-12-31T12:14	86.59188	117.89003	0.187	12.3
2019-12-31T12:24	86.59239	117.89201	0.190	12.9
2019-12-31T12:34	86.59292	117.89420	0.196	13.8
2019-12-31T12:44	86.59347	117.89628	0.202	12.7
2019-12-31T12:54	86.59404	117.89843	0.208	12.8
2019-12-31T13:04	86.59459	117.90074	0.207	13.9
2019-12-31T13:14	86.59516	117.90321	0.209	14.6
2019-12-31T13:24	86.59572	117.90581	0.211	15.3
2019-12-31T13:34	86.59630	117.90847	0.215	15.3
2019-12-31T13:44	86.59688	117.91136	0.219	16.4
2019-12-31T13:54	86.59747	117.91442	0.223	17.1
2019-12-31T14:04	86.59807	117.91751	0.224	17.1
2019-12-31T14:14	86.59866	117.92080	0.225	18.2
2019-12-31T14:24	86.59925	117.92430	0.225	19.4
2019-12-31T14:34	86.59984	117.92773	0.224	19.1
2019-12-31T14:44	86.60042	117.93122	0.223	19.6
2019-12-31T14:54	86.60101	117.93473	0.224	19.5
2019-12-31T15:04	86.60159	117.93849	0.224	21.0
2019-12-31T15:14	86.60216	117.94249	0.221	22.6
2019-12-31T15:24	86.60272	117.94648	0.218	23.1
2019-12-31T15:34	86.60327	117.95052	0.217	23.4
2019-12-31T15:44	86.60382	117.95464	0.217	23.8
2019-12-31T15:54	86.60438	117.95876	0.218	23.8
2019-12-31T16:04	86.60493	117.96292	0.218	24.0
2019-12-31T16:14	86.60547	117.96712	0.215	24.6
2019-12-31T16:24	86.60601	117.97130	0.213	24.7
2019-12-31T16:34	86.60654	117.97557	0.211	25.5
2019-12-31T16:44	86.60707	117.97981	0.210	25.5
2019-12-31T16:54	86.60759	117.98398	0.209	25.2
2019-12-31T17:04	86.60812	117.98813	0.210	24.9
2019-12-31T17:14	86.60865	117.99232	0.213	24.8
2019-12-31T17:24	86.60919	117.99652	0.213	24.8
2019-12-31T17:34	86.60973	118.00045	0.210	23.5
2019-12-31T17:44	86.61026	118.00432	0.209	23.2
2019-12-31T17:54	86.61080	118.00796	0.208	21.9
2019-12-31T18:04	86.61133	118.01160	0.209	21.8
2019-12-31T18:14	86.61188	118.01505	0.208	20.6
2019-12-31T18:24	86.61243	118.01855	0.212	20.5
2019-12-31T18:34	86.61298	118.02191	0.213	19.7
2019-12-31T18:44	86.61354	118.02496	0.209	18.1
2019-12-31T18:54	86.61410	118.02787	0.211	17.1
2019-12-31T19:04	86.61467	118.03054	0.213	15.5
2019-12-31T19:14	86.61523	118.03317	0.212	15.2
2019-12-31T19:24	86.61582	118.03552	0.217	13.3
2019-12-31T19:34	86.61643	118.03807	0.225	14.0
2019-12-31T19:44	86.61704	118.04049	0.225	13.2
2019-12-31T19:54	86.61765	118.04278	0.225	12.4
2019-12-31T20:04	86.61825	118.04463	0.221	10.3
2019-12-31T20:14	86.61889	118.04672	0.235	10.9
2019-12-31T20:24	86.61954	118.04881	0.239	10.7
2019-12-31T20:34	86.62022	118.05064	0.248	9.0
2019-12-31T20:44	86.62090	118.05225	0.248	7.9
2019-12-31T20:54	86.62159	118.05366	0.250	6.9
2019-12-31T21:04	86.62230	118.05493	0.254	6.1
2019-12-31T21:14	86.62302	118.05618	0.263	5.8
2019-12-31T21:24	86.62379	118.05753	0.277	5.9
2019-12-31T21:34	86.62457	118.05890	0.284	5.9
2019-12-31T21:44	86.62537	118.06018	0.290	5.4
2019-12-31T21:54	86.62621	118.06131	0.301	4.5
2019-12-31T22:04	86.62706	118.06225	0.306	3.7
2019-12-31T22:14	86.62791	118.06306	0.308	3.2
2019-12-31T22:24	86.62878	118.06396	0.314	3.5
2019-12-31T22:34	86.62965	118.06474	0.313	3.0
2019-12-31T22:44	86.63050	118.06532	0.308	2.3
2019-12-31T22:54	86.63137	118.06580	0.312	1.9
2019-12-31T23:04	86.63226	118.06624	0.320	1.6
2019-12-31T23:14	86.63317	118.06649	0.327	0.9
2019-12-31T23:24	86.63409	118.06669	0.332	0.7
2019-12-31T23:34	86.63503	118.06684	0.340	0.5
2019-12-31T23:44	86.63599	118.06720	0.346	1.3
2019-12-31T23:54	86.63695	118.06760	0.346	1.4
2020-01-01T00:04	86.63790	118.06780	0.342	0.7
2020-01-01T00:14	86.63885	118.06797	0.341	0.6
2020-01-01T00:24	86.63979	118.06811	0.339	0.5
2020-01-01T00:34	86.64073	118.06829	0.336	0.6
2020-01-01T00:44	86.64166	118.06854	0.335	0.9
2020-01-01T00:54	86.64260	118.06880	0.340	0.9
2020-01-01T01:04	86.64354	118.06916	0.340	1.3
2020-01-01T01:14	86.64448	118.06961	0.337	1.6
2020-01-01T01:24	86.64540	118.06991	0.332	1.1
2020-01-01T01:34	86.64632	118.07021	0.329	1.1
2020-01-01T01:44	86.64723	118.07058	0.329	1.4
2020-01-01T01:54	86.64813	118.07094	0.326	1.3
2020-01-01T02:04	86.64904	118.07131	0.326	1.4
2020-01-01T02:14	86.64995	118.07204	0.329	2.7
2020-01-01T02:24	86.65086	118.07281	0.328	2.8
2020-01-01T02:34	86.65177	118.07368	0.326	3.2
2020-01-01T02:44	86.65266	118.07450	0.323	3.1
2020-01-01T02:54	86.65355	118.07529	0.318	3.0
2020-01-01T03:04	86.65443	118.07608	0.317	3.0
2020-01-01T03:14	86.65530	118.07678	0.315	2.7
2020-01-01T03:24	86.65615	118.07755	0.307	3.0
2020-01-01T03:34	86.65701	118.07838	0.307	3.3
2020-01-01T03:44	86.65787	118.07935	0.310	3.8
2020-01-01T03:54	86.65873	118.08042	0.312	4.1
2020-01-01T04:04	86.65962	118.08191	0.323	5.5
2020-01-01T04:14	86.66052	118.08305	0.325	4.2
2020-01-01T04:24	86.66140	118.08385	0.317	3.0
2020-01-01T04:34	86.66228	118.08427	0.318	1.6
2020-01-01T04:44	86.66320	118.08476	0.328	1.8
2020-01-01T04:54	86.66412	118.08537	0.332	2.2
2020-01-01T05:04	86.66504	118.08578	0.333	1.5
2020-01-01T05:14	86.66597	118.08614	0.336	1.3
2020-01-01T05:24	86.66689	118.08640	0.329	1.0
2020-01-01T05:34	86.66781	118.08638	0.333	359.9
2020-01-01T05:44	86.66873	118.08614	0.332	359.1
2020-01-01T05:54	86.66964	118.08580	0.326	358.7
2020-01-01T06:04	86.67054	118.08517	0.325	357.7
2020-01-01T06:14	86.67146	118.08481	0.330	358.7
2020-01-01T06:24	86.67242	118.08392	0.347	356.9
2020-01-01T06:34	86.67340	118.08308	0.354	357.2
2020-01-01T06:44	86.67438	118.08204	0.353	356.5
2020-01-01T06:54	86.67536	118.08068	0.352	355.4
2020-01-01T07:04	86.67632	118.07882	0.349	353.6
2020-01-01T07:14	86.67729	118.07677	0.351	353.0
2020-01-01T07:24	86.67825	118.07437	0.351	351.8
2020-01-01T07:34	86.67913	118.07187	0.320	350.6
2020-01-01T07:44	86.67999	118.06887	0.317	348.6
2020-01-01T07:54	86.68088	118.06554	0.326	347.7
2020-01-01T08:04	86.68179	118.06214	0.336	347.8
2020-01-01T08:14	86.68269	118.05858	0.334	347.2
2020-01-01T08:24	86.68361	118.05481	0.340	346.7
2020-01-01T08:34	86.68456	118.05100	0.349	346.9
2020-01-01T08:44	86.68553	118.04695	0.361	346.5
2020-01-01T08:54	86.68652	118.04265	0.367	345.9
2020-01-01T09:04	86.68751	118.03832	0.367	345.8
2020-01-01T09:14	86.68851	118.03365	0.373	344.9
2020-01-01T09:24	86.68950	118.02891	0.372	344.6
2020-01-01T09:34	86.69052	118.02407	0.379	344.6
2020-01-01T09:44	86.69154	118.01919	0.383	344.6
2020-01-01T09:54	86.69256	118.01405	0.381	343.7
2020-01-01T10:04	86.69357	118.00897	0.379	343.8
2020-01-01T10:14	86.69458	118.00368	0.379	343.2
2020-01-01T10:24	86.69559	117.99840	0.378	343.2
2020-01-01T10:34	86.69660	117.99290	0.382	342.6
2020-01-01T10:44	86.69762	117.98737	0.386	342.7
2020-01-01T10:54	86.69865	117.98184	0.386	342.7
2020-01-01T11:04	86.69967	117.97633	0.386	342.8
2020-01-01T11:14	86.70069	117.97072	0.384	342.4
2020-01-01T11:24	86.70167	117.96498	0.374	341.5
2020-01-01T11:34	86.70265	117.95922	0.372	341.3
2020-01-01T11:44	86.70363	117.95332	0.373	340.9
2020-01-01T11:54	86.70463	117.94745	0.379	341.3
2020-01-01T12:04	86.70561	117.94170	0.374	341.5
2020-01-01T12:14	86.70658	117.93550	0.370	339.7
2020-01-01T12:24	86.70755	117.92953	0.371	340.6
2020-01-01T12:34	86.70852	117.92354	0.370	340.4
2020-01-01T12:44	86.70948	117.91752	0.367	340.2
2020-01-01T12:54	86.71043	117.91162	0.364	340.4
2020-01-01T13:04	86.71138	117.90544	0.366	339.6
2020-01-01T13:14	86.71234	117.89953	0.365	340.4
2020-01-01T13:24	86.71329	117.89341	0.366	339.8
2020-01-01T13:34	86.71423	117.88737	0.362	339.8
2020-01-01T13:44	86.71518	117.88134	0.362	339.9
2020-01-01T13:54	86.71611	117.87534	0.358	339.8
2020-01-01T14:04	86.71703	117.86941	0.354	339.8
2020-01-01T14:14	86.71794	117.86333	0.350	339.0
2020-01-01T14:24	86.71883	117.85730	0.342	338.7
2020-01-01T14:34	86.71971	117.85131	0.341	338.8
2020-01-01T14:44	86.72058	117.84523	0.338	338.3
2020-01-01T14:54	86.72145	117.83903	0.337	337.7
2020-01-01T15:04	86.72231	117.83271	0.335	337.2
2020-01-01T15:14	86.72316	117.82625	0.336	336.7
2020-01-01T15:24	86.72400	117.81966	0.332	335.9
2020-01-01T15:34	86.72484	117.81289	0.332	335.2
2020-01-01T15:44	86.72567	117.80611	0.328	334.9
2020-01-01T15:54	86.72648	117.79923	0.324	334.2
2020-01-01T16:04	86.72728	117.79225	0.324	333.7
2020-01-01T16:14	86.72807	117.78501	0.321	332.4
2020-01-01T16:24	86.72883	117.77729	0.316	329.8
2020-01-01T16:34	86.72959	117.76932	0.318	329.0
2020-01-01T16:44	86.73036	117.76114	0.324	328.8
2020-01-01T16:54	86.73112	117.75290	0.323	328.3
2020-01-01T17:04	86.73188	117.74453	0.325	328.1
2020-01-01T17:14	86.73265	117.73602	0.326	327.6
2020-01-01T17:24	86.73340	117.72752	0.321	327.1
2020-01-01T17:34	86.73412	117.71872	0.316	325.1
2020-01-01T17:44	86.73483	117.70958	0.319	324.1
2020-01-01T17:54	86.73555	117.70040	0.321	324.0
2020-01-01T18:04	86.73628	117.69112	0.323	323.9
2020-01-01T18:14	86.73701	117.68169	0.325	323.5
2020-01-01T18:24	86.73773	117.67222	0.325	323.3
2020-01-01T18:34	86.73846	117.66257	0.328	322.9
2020-01-01T18:44	86.73918	117.65294	0.327	323.0
2020-01-01T18:54	86.73989	117.64337	0.322	322.5
2020-01-01T19:04	86.74061	117.63344	0.327	321.6
2020-01-01T19:14	86.74133	117.62345	0.331	321.9
2020-01-01T19:24	86.74205	117.61343	0.332	321.8
2020-01-01T19:34	86.74278	117.60340	0.332	321.8
2020-01-01T19:44	86.74349	117.59317	0.330	320.6
2020-01-01T19:54	86.74419	117.58267	0.333	319.8
2020-01-01T20:04	86.74490	117.57208	0.336	319.9
2020-01-01T20:14	86.74562	117.56130	0.340	319.7
2020-01-01T20:24	86.74636	117.55032	0.348	319.8
2020-01-01T20:34	86.74710	117.53934	0.349	319.9
2020-01-01T20:44	86.74786	117.52835	0.353	320.5
2020-01-01T20:54	86.74862	117.51716	0.357	320.2
2020-01-01T21:04	86.74941	117.50620	0.360	321.6
2020-01-01T21:14	86.75019	117.49546	0.357	322.1
2020-01-01T21:24	86.75098	117.48486	0.358	322.8
2020-01-01T21:34	86.75177	117.47396	0.362	322.1
2020-01-01T21:44	86.75260	117.46315	0.370	323.5
2020-01-01T21:54	86.75344	117.45179	0.380	322.4
2020-01-01T22:04	86.75423	117.44115	0.360	323.0
2020-01-01T22:14	86.75505	117.43012	0.370	322.6
2020-01-01T22:24	86.75589	117.41929	0.374	323.9
2020-01-01T22:34	86.75673	117.40843	0.374	323.7
2020-01-01T22:44	86.75757	117.39738	0.378	323.5
2020-01-01T22:54	86.75846	117.38669	0.387	325.8
2020-01-01T23:04	86.75935	117.37615	0.385	326.1
2020-01-01T23:14	86.76024	117.36551	0.389	326.2
2020-01-01T23:24	86.76114	117.35491	0.388	326.3
2020-01-01T23:34	86.76205	117.34430	0.390	326.4
2020-01-01T23:44	86.76296	117.33370	0.392	326.7
2020-01-01T23:54	86.76389	117.32332	0.397	327.9
2020-01-02T00:04	86.76482	117.31312	0.393	328.2
2020-01-02T00:14	86.76574	117.30325	0.389	328.9
2020-01-02T00:24	86.76666	117.29329	0.389	328.6
2020-01-02T00:34	86.76759	117.28343	0.389	329.0
2020-01-02T00:44	86.76852	117.27363	0.391	329.4
2020-01-02T00:54	86.76945	117.26380	0.389	329.2
2020-01-02T01:04	86.77037	117.25415	0.385	329.4
2020-01-02T01:14	86.77128	117.24465	0.381	329.6
2020-01-02T01:24	86.77221	117.23520	0.384	330.1
2020-01-02T01:34	86.77312	117.22595	0.377	330.2
2020-01-02T01:44	86.77404	117.21652	0.383	330.1
2020-01-02T01:54	86.77499	117.20722	0.388	331.0
2020-01-02T02:04	86.77594	117.19788	0.392	331.2
2020-01-02T02:14	86.77688	117.18858	0.388	331.0
2020-01-02T02:24	86.77780	117.17936	0.380	330.6
2020-01-02T02:34	86.77871	117.17015	0.378	330.5
2020-01-02T02:44	86.77962	117.16098	0.375	330.3
2020-01-02T02:54	86.78051	117.15179	0.371	329.9
2020-01-02T03:04	86.78139	117.14270	0.367	330.0
2020-01-02T03:14	86.78226	117.13368	0.363	329.8
2020-01-02T03:24	86.78312	117.12449	0.362	329.1
2020-01-02T03:34	86.78399	117.11537	0.362	329.4
2020-01-02T03:44	86.78484	117.10628	0.358	329.1
2020-01-02T03:54	86.78568	117.09731	0.351	329.0
2020-01-02T04:04	86.78650	117.08829	0.348	328.5
2020-01-02T04:14	86.78732	117.07935	0.345	328.5
2020-01-02T04:24	86.78813	117.07016	0.346	327.6
2020-01-02T04:34	86.78894	117.06095	0.347	327.6
2020-01-02T04:44	86.78976	117.05173	0.348	327.7
2020-01-02T04:54	86.79056	117.04235	0.345	326.8
2020-01-02T05:04	86.79136	117.03286	0.345	326.3
2020-01-02T05:14	86.79216	117.02323	0.349	326.2
2020-01-02T05:24	86.79297	117.01352	0.349	325.9
2020-01-02T05:34	86.79377	117.00373	0.350	325.7
2020-01-02T05:44	86.79457	116.99384	0.349	325.2
2020-01-02T05:54	86.79536	116.98400	0.349	325.4
2020-01-02T06:04	86.79616	116.97403	0.351	325.1
2020-01-02T06:14	86.79697	116.96385	0.354	324.7
2020-01-02T06:24	86.79777	116.95353	0.356	324.3
2020-01-02T06:34	86.79857	116.94313	0.357	324.1
2020-01-02T06:44	86.79938	116.93267	0.360	324.3
2020-01-02T06:54	86.80020	116.92228	0.362	324.8
2020-01-02T07:04	86.80102	116.91172	0.364	324.4
2020-01-02T07:14	86.80185	116.90107	0.365	324.1
2020-01-02T07:24	86.80267	116.89035	0.366	324.0
2020-01-02T07:34	86.80349	116.87973	0.365	324.3
2020-01-02T07:44	86.80432	116.86891	0.368	323.8
2020-01-02T07:54	86.80515	116.85806	0.370	323.9
2020-01-02T08:04	86.80598	116.84716	0.372	324.0
2020-01-02T08:14	86.80682	116.83614	0.373	323.7
2020-01-02T08:24	86.80766	116.82501	0.377	323.7
2020-01-02T08:34	86.80852	116.81397	0.380	324.3
2020-01-02T08:44	86.80937	116.80298	0.377	324.2
2020-01-02T08:54	86.81022	116.79200	0.377	324.3
2020-01-02T09:04	86.81106	116.78081	0.378	323.7
2020-01-02T09:14	86.81191	116.76962	0.379	323.8
2020-01-02T09:24	86.81277	116.75815	0.383	323.2
2020-01-02T09:34	86.81361	116.74661	0.383	322.9
2020-01-02T09:44	86.81447	116.73517	0.384	323.4
2020-01-02T09:54	86.81533	116.72359	0.385	323.1
2020-01-02T10:04	86.81618	116.71198	0.387	323.1
2020-01-02T10:14	86.81704	116.70024	0.386	322.6
2020-01-02T10:24	86.81789	116.68871	0.385	323.2
2020-01-02T10:34	86.81875	116.67724	0.385	323.5
2020-01-02T10:44	86.81961	116.66588	0.384	323.8
2020-01-02T10:54	86.82048	116.65449	0.387	324.0
2020-01-02T11:04	86.82135	116.64303	0.388	323.9
2020-01-02T11:14	86.82224	116.63166	0.392	324.7
2020-01-02T11:24	86.82312	116.62025	0.391	324.4
2020-01-02T11:34	86.82401	116.60882	0.392	324.4
2020-01-02T11:44	86.82491	116.59739	0.396	324.9
2020-01-02T11:54	86.82580	116.58600	0.395	324.9
2020-01-02T12:04	86.82671	116.57481	0.394	325.5
2020-01-02T12:14	86.82758	116.56329	0.390	323.9
2020-01-02T12:24	86.82847	116.55210	0.390	325.1
2020-01-02T12:34	86.82935	116.54090	0.389	325.0
2020-01-02T12:44	86.83023	116.52950	0.390	324.4
2020-01-02T12:54	86.83111	116.51833	0.385	324.8
2020-01-02T13:04	86.83198	116.50702	0.387	324.5
2020-01-02T13:14	86.83284	116.49594	0.380	324.6
2020-01-02T13:24	86.83370	116.48499	0.379	324.9
2020-01-02T13:34	86.83455	116.47412	0.372	324.5
2020-01-02T13:44	86.83539	116.46325	0.372	324.4
2020-01-02T13:54	86.83623	116.45225	0.374	324.2
2020-01-02T14:04	86.83703	116.44151	0.361	323.7
2020-01-02T14:14	86.83783	116.43049	0.362	322.8
2020-01-02T14:24	86.83863	116.41961	0.358	322.9
2020-01-02T14:34	86.83942	116.40866	0.358	322.6
2020-01-02T14:44	86.84020	116.39791	0.354	323.0
2020-01-02T14:54	86.84098	116.38704	0.353	322.4
2020-01-02T15:04	86.84175	116.37643	0.347	322.7
2020-01-02T15:14	86.84251	116.36558	0.348	321.8
2020-01-02T15:24	86.84325	116.35480	0.343	321.5
2020-01-02T15:34	86.84399	116.34375	0.343	320.3
2020-01-02T15:44	86.84470	116.33313	0.333	320.8
2020-01-02T15:54	86.84542	116.32253	0.333	320.9
2020-01-02T16:04	86.84611	116.31188	0.327	319.9
2020-01-02T16:14	86.84681	116.30130	0.326	320.0
2020-01-02T16:24	86.84748	116.29070	0.321	319.1
2020-01-02T16:34	86.84815	116.27992	0.322	318.5
2020-01-02T16:44	86.84883	116.26905	0.325	318.6
2020-01-02T16:54	86.84948	116.25807	0.320	317.3
2020-01-02T17:04	86.85013	116.24683	0.323	316.5
2020-01-02T17:14	86.85077	116.23552	0.320	315.6
2020-01-02T17:24	86.85140	116.22426	0.317	315.4
2020-01-02T17:34	86.85202	116.21278	0.319	314.7
2020-01-02T17:44	86.85263	116.20114	0.318	313.7
2020-01-02T17:54	86.85323	116.18963	0.315	313.8
2020-01-02T18:04	86.85384	116.17824	0.313	314.1
2020-01-02T18:14	86.85443	116.16672	0.312	313.2
2020-01-02T18:24	86.85501	116.15514	0.310	312.5
2020-01-02T18:34	86.85559	116.14356	0.308	312.0
2020-01-02T18:44	86.85615	116.13198	0.307	311.8
2020-01-02T18:54	86.85674	116.12074	0.306	313.5
2020-01-02T19:04	86.85732	116.10942	0.305	312.9
2020-01-02T19:14	86.85787	116.09779	0.304	311.0
2020-01-02T19:24	86.85845	116.08623	0.309	312.5
2020-01-02T19:34	86.85902	116.07446	0.310	311.5
2020-01-02T19:44	86.85958	116.06273	0.307	311.1
2020-01-02T19:54	86.86016	116.05118	0.308	312.2
2020-01-02T20:04	86.86073	116.03955	0.308	311.9
2020-01-02T20:14	86.86130	116.02792	0.309	312.1
2020-01-02T20:24	86.86188	116.01619	0.310	311.8
2020-01-02T20:34	86.86245	116.00453	0.309	311.9
2020-01-02T20:44	86.86302	115.99276	0.311	311.8
2020-01-02T20:54	86.86360	115.98090	0.313	311.8
2020-01-02T21:04	86.86420	115.96899	0.319	312.7
2020-01-02T21:14	86.86481	115.95725	0.317	313.2
2020-01-02T21:24	86.86542	115.94560	0.318	313.8
2020-01-02T21:34	86.86604	115.93398	0.321	314.5
2020-01-02T21:44	86.86668	115.92246	0.322	315.2
2020-01-02T21:54	86.86732	115.91115	0.322	316.2
2020-01-02T22:04	86.86795	115.90020	0.313	316.6
2020-01-02T22:14	86.86860	115.88926	0.317	317.3
2020-01-02T22:24	86.86925	115.87830	0.319	317.5
2020-01-02T22:34	86.86990	115.86777	0.313	318.5
2020-01-02T22:44	86.87056	115.85722	0.315	318.8
2020-01-02T22:54	86.87123	115.84680	0.316	319.5
2020-01-02T23:04	86.87191	115.83667	0.315	320.9
2020-01-02T23:14	86.87259	115.82698	0.311	322.2
2020-01-02T23:24	86.87328	115.81756	0.309	323.2
2020-01-02T23:34	86.87397	115.80859	0.307	325.0
2020-01-02T23:44	86.87468	115.80019	0.302	326.9
2020-01-02T23:54	86.87538	115.79236	0.297	328.9
2020-01-03T00:04	86.87610	115.78499	0.296	330.7
2020-01-03T00:14	86.87682	115.77817	0.291	332.6
2020-01-03T00:24	86.87752	115.77186	0.281	333.8
2020-01-03T00:34	86.87820	115.76607	0.270	335.1
2020-01-03T00:44	86.87888	115.76068	0.268	336.8
2020-01-03T00:54	86.87957	115.75579	0.267	339.0
2020-01-03T01:04	86.88027	115.75156	0.264	341.7
2020-01-03T01:14	86.88096	115.74781	0.259	343.5
2020-01-03T01:24	86.88165	115.74462	0.256	345.9
2020-01-03T01:34	86.88232	115.74203	0.249	348.2
2020-01-03T01:44	86.88300	115.74019	0.245	351.5
2020-01-03T01:54	86.88367	115.73876	0.244	353.4
2020-01-03T02:04	86.88433	115.73757	0.240	354.4
2020-01-03T02:14	86.88497	115.73684	0.231	356.5
2020-01-03T02:24	86.88560	115.73638	0.226	357.7
2020-01-03T02:34	86.88621	115.73579	0.221	357.0
2020-01-03T02:44	86.88681	115.73519	0.215	356.9
2020-01-03T02:54	86.88741	115.73500	0.214	359.0
2020-01-03T03:04	86.88799	115.73509	0.210	0.5
2020-01-03T03:14	86.88858	115.73489	0.212	358.9
2020-01-03T03:24	86.88916	115.73505	0.209	0.8
2020-01-03T03:34	86.88972	115.73555	0.201	2.8
2020-01-03T03:44	86.89028	115.73595	0.203	2.2
2020-01-03T03:54	86.89083	115.73645	0.198	2.9
2020-01-03T04:04	86.89136	115.73700	0.189	3.2
2020-01-03T04:14	86.89189	115.73736	0.191	2.1
2020-01-03T04:24	86.89242	115.73785	0.193	2.8
2020-01-03T04:34	86.89295	115.73855	0.190	4.1
2020-01-03T04:44	86.89346	115.73930	0.185	4.5
2020-01-03T04:54	86.89396	115.73985	0.180	3.4
2020-01-03T05:04	86.89446	115.74048	0.182	3.9
2020-01-03T05:14	86.89494	115.74061	0.171	0.8
2020-01-03T05:24	86.89543	115.74067	0.176	0.4
2020-01-03T05:34	86.89591	115.74098	0.172	2.0
2020-01-03T05:44	86.89639	115.74130	0.174	2.1
2020-01-03T05:54	86.89685	115.74154	0.165	1.6
2020-01-03T06:04	86.89732	115.74169	0.168	1.0
2020-01-03T06:14	86.89777	115.74173	0.165	0.3
2020-01-03T06:24	86.89824	115.74172	0.166	359.9
2020-01-03T06:34	86.89869	115.74138	0.162	357.7
2020-01-03T06:44	86.89914	115.74098	0.162	357.2
2020-01-03T06:54	86.89958	115.74061	0.161	357.4
2020-01-03T07:04	86.90004	115.74015	0.164	356.9
2020-01-03T07:14	86.90048	115.73968	0.160	356.7
2020-01-03T07:24	86.90093	115.73903	0.163	355.6
2020-01-03T07:34	86.90137	115.73846	0.157	355.9
2020-01-03T07:44	86.90181	115.73777	0.162	355.2
2020-01-03T07:54	86.90225	115.73682	0.157	353.2
2020-01-03T08:04	86.90270	115.73567	0.166	352.2
2020-01-03T08:14	86.90317	115.73428	0.168	350.8
2020-01-03T08:24	86.90363	115.73286	0.171	350.7
2020-01-03T08:34	86.90410	115.73140	0.171	350.5
2020-01-03T08:44	86.90457	115.72977	0.171	349.3
2020-01-03T08:54	86.90504	115.72832	0.173	350.7
2020-01-03T09:04	86.90553	115.72660	0.177	349.1
2020-01-03T09:14	86.90602	115.72477	0.182	348.8
2020-01-03T09:24	86.90652	115.72280	0.184	348.0
2020-01-03T09:34	86.90703	115.72085	0.185	348.2
2020-01-03T09:44	86.90753	115.71896	0.186	348.6
2020-01-03T09:54	86.90803	115.71714	0.184	348.9
2020-01-03T10:04	86.90853	115.71544	0.182	349.5
2020-01-03T10:14	86.90903	115.71357	0.184	348.7
2020-01-03T10:24	86.90953	115.71170	0.184	348.5
2020-01-03T10:34	86.91003	115.70977	0.181	348.1
2020-01-03T10:44	86.91054	115.70796	0.188	349.2
2020-01-03T10:54	86.91110	115.70621	0.207	350.6
2020-01-03T11:04	86.91167	115.70431	0.208	349.8
2020-01-03T11:14	86.91222	115.70234	0.202	349.1
2020-01-03T11:24	86.91277	115.70033	0.202	348.9
2020-01-03T11:34	86.91333	115.69837	0.203	349.2
2020-01-03T11:44	86.91389	115.69651	0.208	350.0
2020-01-03T11:54	86.91445	115.69485	0.201	350.8
2020-01-03T12:04	86.91501	115.69324	0.206	351.3
2020-01-03T12:14	86.91558	115.69155	0.209	351.0
2020-01-03T12:24	86.91617	115.69016	0.213	352.8
2020-01-03T12:34	86.91678	115.68883	0.221	353.3
2020-01-03T12:44	86.91735	115.68752	0.207	353.0
2020-01-03T12:54	86.91791	115.68619	0.205	352.7
2020-01-03T13:04	86.91848	115.68473	0.207	352.2
2020-01-03T13:14	86.91909	115.68362	0.218	354.3
2020-01-03T13:24	86.91970	115.68238	0.222	353.8
2020-01-03T13:34	86.92032	115.68098	0.225	353.1
2020-01-03T13:44	86.92095	115.67961	0.228	353.3
2020-01-03T13:54	86.92161	115.67830	0.238	353.9
2020-01-03T14:04	86.92226	115.67718	0.237	354.8
2020-01-03T14:14	86.92292	115.67602	0.236	354.5
2020-01-03T14:24	86.92356	115.67502	0.231	355.2
2020-01-03T14:34	86.92416	115.67415	0.220	355.6
2020-01-03T14:44	86.92478	115.67333	0.222	355.9
2020-01-03T14:54	86.92540	115.67263	0.225	356.5
2020-01-03T15:04	86.92603	115.67187	0.226	356.3
2020-01-03T15:14	86.92666	115.67116	0.226	356.6
2020-01-03T15:24	86.92728	115.67054	0.224	357.0
2020-01-03T15:34	86.92789	115.66991	0.221	356.8
2020-01-03T15:44	86.92850	115.66949	0.218	357.9
2020-01-03T15:54	86.92909	115.66901	0.213	357.5
2020-01-03T16:04	86.92968	115.66856	0.213	357.6
2020-01-03T16:14	86.93028	115.66814	0.218	357.9
2020-01-03T16:24	86.93085	115.66754	0.206	356.8
2020-01-03T16:34	86.93143	115.66686	0.207	356.4
2020-01-03T16:44	86.93202	115.66613	0.214	356.2
2020-01-03T16:54	86.93261	115.66539	0.211	356.2
2020-01-03T17:04	86.93323	115.66443	0.225	355.2
2020-01-03T17:14	86.93387	115.66344	0.232	355.3
2020-01-03T17:24	86.93450	115.66222	0.227	354.1
2020-01-03T17:34	86.93510	115.66092	0.216	353.3
2020-01-03T17:44	86.93567	115.65934	0.209	351.7
2020-01-03T17:54	86.93626	115.65751	0.214	350.5
2020-01-03T18:04	86.93685	115.65549	0.217	349.7
2020-01-03T18:14	86.93748	115.65358	0.231	350.9
2020-01-03T18:24	86.93807	115.65123	0.218	348.0
2020-01-03T18:34	86.93868	115.64851	0.224	346.5
2020-01-03T18:44	86.93928	115.64563	0.224	345.7
2020-01-03T18:54	86.93988	115.64269	0.222	345.3
2020-01-03T19:04	86.94047	115.63970	0.220	344.8
2020-01-03T19:14	86.94106	115.63657	0.220	344.2
2020-01-03T19:24	86.94164	115.63336	0.221	343.8
2020-01-03T19:34	86.94223	115.63004	0.222	343.3
2020-01-03T19:44	86.94281	115.62667	0.218	342.7
2020-01-03T19:54	86.94339	115.62318	0.219	342.2
2020-01-03T20:04	86.94398	115.61944	0.222	341.1
2020-01-03T20:14	86.94456	115.61555	0.222	340.4
2020-01-03T20:24	86.94514	115.61162	0.224	340.3
2020-01-03T20:34	86.94573	115.60757	0.226	339.9
2020-01-03T20:44	86.94633	115.60342	0.230	339.7
2020-01-03T20:54	86.94693	115.59914	0.231	339.2
2020-01-03T21:04	86.94753	115.59484	0.231	339.1
2020-01-03T21:14	86.94814	115.59043	0.236	339.0
2020-01-03T21:24	86.94876	115.58593	0.237	338.7
2020-01-03T21:34	86.94938	115.58120	0.243	338.1
2020-01-03T21:44	86.95002	115.57663	0.244	338.9
2020-01-03T21:54	86.95065	115.57187	0.247	338.3
2020-01-03T22:04	86.95130	115.56712	0.250	338.6
2020-01-03T22:14	86.95196	115.56223	0.255	338.5
2020-01-03T22:24	86.95263	115.55717	0.260	338.1
2020-01-03T22:34	86.95331	115.55203	0.265	338.2
2020-01-03T22:44	86.95399	115.54693	0.265	338.4
2020-01-03T22:54	86.95469	115.54189	0.270	339.0
2020-01-03T23:04	86.95540	115.53683	0.273	339.2
2020-01-03T23:14	86.95612	115.53174	0.276	339.4
2020-01-03T23:24	86.95684	115.52670	0.277	339.6
2020-01-03T23:34	86.95758	115.52185	0.283	340.9
2020-01-03T23:44	86.95832	115.51704	0.281	340.9
2020-01-03T23:54	86.95907	115.51236	0.284	341.6
2020-01-04T00:04	86.95982	115.50780	0.285	342.2
2020-01-04T00:14	86.96059	115.50345	0.290	343.4
2020-01-04T00:24	86.96136	115.49932	0.288	344.1
2020-01-04T00:34	86.96213	115.49541	0.287	345.0
2020-01-04T00:44	86.96292	115.49143	0.294	345.0
2020-01-04T00:54	86.96371	115.48793	0.290	346.7
2020-01-04T01:04	86.96452	115.48452	0.299	347.4
2020-01-04T01:14	86.96534	115.48110	0.302	347.6
2020-01-04T01:24	86.96614	115.47783	0.297	347.9
2020-01-04T01:34	86.96694	115.47470	0.294	348.3
2020-01-04T01:44	86.96774	115.47177	0.292	349.0
2020-01-04T01:54	86.96856	115.46912	0.300	350.3
2020-01-04T02:04	86.96937	115.46659	0.297	350.7
2020-01-04T02:14	86.97019	115.46436	0.298	351.8
2020-01-04T02:24	86.97100	115.46233	0.292	352.4
2020-01-04T02:34	86.97179	115.46019	0.287	351.8
2020-01-04T02:44	86.97260	115.45859	0.294	354.1
2020-01-04T02:54	86.97340	115.45719	0.291	354.8
2020-01-04T03:04	86.97419	115.45562	0.285	354.0
2020-01-04T03:14	86.97497	115.45429	0.283	354.9
2020-01-04T03:24	86.97570	115.45336	0.262	356.2
2020-01-04T03:34	86.97645	115.45249	0.270	356.5
2020-01-04T03:44	86.97722	115.45172	0.279	357.0
2020-01-04T03:54	86.97797	115.45124	0.270	358.1
2020-01-04T04:04	86.97870	115.45090	0.262	358.6
2020-01-04T04:14	86.97943	115.45072	0.264	359.3
2020-01-04T04:24	86.98013	115.45069	0.250	359.9
2020-01-04T04:34	86.98084	115.45076	0.258	0.3
2020-01-04T04:44	86.98154	115.45082	0.251	0.3
2020-01-04T04:54	86.98224	115.45104	0.251	0.9
2020-01-04T05:04	86.98293	115.45119	0.247	0.7
2020-01-04T05:14	86.98359	115.45151	0.238	1.5
2020-01-04T05:24	86.98424	115.45168	0.234	0.8
2020-01-04T05:34	86.98487	115.45188	0.228	1.0
2020-01-04T05:44	86.98549	115.45213	0.225	1.2
2020-01-04T05:54	86.98611	115.45230	0.222	0.8
2020-01-04T06:04	86.98672	115.45244	0.218	0.7
2020-01-04T06:14	86.98731	115.45254	0.215	0.5
2020-01-04T06:24	86.98790	115.45251	0.212	359.9
2020-01-04T06:34	86.98848	115.45234	0.207	359.1
2020-01-04T06:44	86.98905	115.45206	0.206	358.5
2020-01-04T06:54	86.98962	115.45172	0.204	358.2
2020-01-04T07:04	86.99018	115.45115	0.203	357.0
2020-01-04T07:14	86.99073	115.45056	0.200	356.8
2020-01-04T07:24	86.99128	115.44984	0.196	356.0
2020-01-04T07:34	86.99182	115.44890	0.197	354.8
2020-01-04T07:44	86.99237	115.44796	0.199	354.9
2020-01-04T07:54	86.99291	115.44686	0.195	353.9
2020-01-04T08:04	86.99345	115.44561	0.197	353.1
2020-01-04T08:14	86.99399	115.44425	0.194	352.4
2020-01-04T08:24	86.99453	115.44291	0.196	352.6
2020-01-04T08:34	86.99507	115.44145	0.198	352.0
2020-01-04T08:44	86.99561	115.43994	0.197	351.7
2020-01-04T08:54	86.99616	115.43845	0.198	351.9
2020-01-04T09:04	86.99669	115.43662	0.195	349.7
2020-01-04T09:14	86.99724	115.43470	0.199	349.5
2020-01-04T09:24	86.99778	115.43269	0.200	349.1
2020-01-04T09:34	86.99834	115.43061	0.204	348.9
2020-01-04T09:44	86.99889	115.42832	0.202	347.7
2020-01-04T09:54	86.99943	115.42607	0.202	347.9
2020-01-04T10:04	86.99999	115.42370	0.206	347.5
2020-01-04T10:14	87.00056	115.42121	0.208	347.0
2020-01-04T10:24	87.00113	115.41860	0.212	346.5
2020-01-04T10:34	87.00170	115.41611	0.212	347.3
2020-01-04T10:44	87.00228	115.41355	0.214	347.0
2020-01-04T10:54	87.00286	115.41099	0.216	347.1
2020-01-04T11:04	87.00346	115.40841	0.220	347.3
2020-01-04T11:14	87.00406	115.40573	0.222	346.9
2020-01-04T11:24	87.00467	115.40302	0.224	346.9
2020-01-04T11:34	87.00527	115.40046	0.223	347.5
2020-01-04T11:44	87.00588	115.39809	0.224	348.5
2020-01-04T11:54	87.00650	115.39566	0.226	348.4
2020-01-04T12:04	87.00713	115.39343	0.230	349.5
2020-01-04T12:14	87.00775	115.39116	0.229	349.2
2020-01-04T12:24	87.00838	115.38891	0.231	349.4
2020-01-04T12:34	87.00902	115.38667	0.233	349.6
2020-01-04T12:44	87.00966	115.38463	0.233	350.5
2020-01-04T12:54	87.01030	115.38257	0.234	350.5
2020-01-04T13:04	87.01093	115.38078	0.232	351.7
2020-01-04T13:14	87.01158	115.37914	0.234	352.4
2020-01-04T13:24	87.01222	115.37763	0.233	353.0
2020-01-04T13:34	87.01286	115.37637	0.232	354.2
2020-01-04T13:44	87.01350	115.37520	0.232	354.6
2020-01-04T13:54	87.01414	115.37409	0.229	354.8
2020-01-04T14:04	87.01478	115.37314	0.233	355.6
2020-01-04T14:14	87.01542	115.37202	0.231	354.7
2020-01-04T14:24	87.01604	115.37136	0.223	356.8
2020-01-04T14:34	87.01666	115.37082	0.225	357.4
2020-01-04T14:44	87.01729	115.37024	0.225	357.2
2020-01-04T14:54	87.01790	115.36966	0.222	357.2
2020-01-04T15:04	87.01852	115.36904	0.221	357.0
2020-01-04T15:14	87.01913	115.36848	0.220	357.3
2020-01-04T15:24	87.01972	115.36823	0.215	358.7
2020-01-04T15:34	87.02031	115.36778	0.211	357.7
2020-01-04T15:44	87.02088	115.36764	0.206	359.3
2020-01-04T15:54	87.02146	115.36767	0.207	0.1
2020-01-04T16:04	87.02201	115.36784	0.200	0.9
2020-01-04T16:14	87.02256	115.36798	0.197	0.7
2020-01-04T16:24	87.02309	115.36827	0.191	1.6
2020-01-04T16:34	87.02362	115.36851	0.189	1.4
2020-01-04T16:44	87.02412	115.36880	0.183	1.7
2020-01-04T16:54	87.02463	115.36922	0.183	2.5
2020-01-04T17:04	87.02512	115.36950	0.177	1.6
2020-01-04T17:14	87.02560	115.37010	0.173	3.8
2020-01-04T17:24	87.02607	115.37048	0.170	2.4
2020-01-04T17:34	87.02655	115.37086	0.171	2.3
2020-01-04T17:44	87.02702	115.37095	0.170	0.6
2020-01-04T17:54	87.02749	115.37106	0.169	0.7
2020-01-04T18:04	87.02795	115.37109	0.165	0.2
2020-01-04T18:14	87.02840	115.37093	0.161	358.9
2020-01-04T18:24	87.02882	115.37064	0.152	358.0
2020-01-04T18:34	87.02923	115.37035	0.149	357.9
2020-01-04T18:44	87.02966	115.36995	0.155	357.3
2020-01-04T18:54	87.03010	115.36977	0.157	358.8
2020-01-04T19:04	87.03053	115.36982	0.157	0.3
2020-01-04T19:14	87.03097	115.36971	0.157	359.3
2020-01-04T19:24	87.03140	115.36956	0.153	359.0
2020-01-04T19:34	87.03182	115.36911	0.153	356.9
2020-01-04T19:44	87.03225	115.36853	0.153	355.9
2020-01-04T19:54	87.03266	115.36779	0.151	354.8
2020-01-04T20:04	87.03308	115.36683	0.151	353.2
2020-01-04T20:14	87.03349	115.36578	0.150	352.5
2020-01-04T20:24	87.03390	115.36467	0.148	352.0
2020-01-04T20:34	87.03432	115.36338	0.151	350.8
2020-01-04T20:44	87.03472	115.36195	0.150	349.8
2020-01-04T20:54	87.03514	115.36051	0.151	349.8
2020-01-04T21:04	87.03555	115.35901	0.151	349.3
2020-01-04T21:14	87.03597	115.35748	0.152	349.2
2020-01-04T21:24	87.03638	115.35588	0.152	348.7
2020-01-04T21:34	87.03681	115.35392	0.159	346.7
2020-01-04T21:44	87.03725	115.35143	0.167	343.9
2020-01-04T21:54	87.03765	115.34950	0.146	345.8
2020-01-04T22:04	87.03805	115.34750	0.150	345.6
2020-01-04T22:14	87.03847	115.34533	0.155	345.0
2020-01-04T22:24	87.03889	115.34294	0.158	343.6
2020-01-04T22:34	87.03932	115.34076	0.160	345.3
2020-01-04T22:44	87.03974	115.33853	0.159	344.9
2020-01-04T22:54	87.04020	115.33603	0.169	344.1
2020-01-04T23:04	87.04064	115.33368	0.165	344.7
2020-01-04T23:14	87.04108	115.33157	0.164	346.1
2020-01-04T23:24	87.04153	115.32959	0.167	347.2
2020-01-04T23:34	87.04199	115.32765	0.168	347.6
2020-01-04T23:44	87.04243	115.32571	0.163	347.2
2020-01-04T23:54	87.04288	115.32372	0.165	347.1
2020-01-05T00:04	87.04333	115.32172	0.167	347.1
2020-01-05T00:14	87.04378	115.31966	0.166	346.6
2020-01-05T00:24	87.04422	115.31769	0.165	347.2
2020-01-05T00:34	87.04467	115.31587	0.165	348.2
2020-01-05T00:44	87.04512	115.31401	0.167	348.0
2020-01-05T00:54	87.04557	115.31254	0.163	350.4
2020-01-05T01:04	87.04602	115.31084	0.165	348.9
2020-01-05T01:14	87.04647	115.30935	0.165	350.4
2020-01-05T01:24	87.04696	115.30739	0.181	348.4
2020-01-05T01:34	87.04745	115.30561	0.179	349.3
2020-01-05T01:44	87.04792	115.30424	0.172	351.5
2020-01-05T01:54	87.04841	115.30284	0.178	351.6
2020-01-05T02:04	87.04890	115.30167	0.178	353.0
2020-01-05T02:14	87.04939	115.30055	0.177	353.3
2020-01-05T02:24	87.04989	115.29898	0.182	350.7
2020-01-05T02:34	87.05036	115.29762	0.173	351.6
2020-01-05T02:44	87.05083	115.29650	0.169	352.9
2020-01-05T02:54	87.05131	115.29550	0.174	353.9
2020-01-05T03:04	87.05178	115.29471	0.169	355.0
2020-01-05T03:14	87.05226	115.29390	0.174	355.1
2020-01-05T03:24	87.05273	115.29323	0.170	355.8
2020-01-05T03:34	87.05319	115.29243	0.167	354.9
2020-01-05T03:44	87.05364	115.29222	0.160	358.6
2020-01-05T03:54	87.05408	115.29209	0.159	359.1
2020-01-05T04:04	87.05451	115.29221	0.157	0.8
2020-01-05T04:14	87.05495	115.29230	0.155	0.7
2020-01-05T04:24	87.05538	115.29250	0.156	1.4
2020-01-05T04:34	87.05581	115.29275	0.154	1.7
2020-01-05T04:44	87.05623	115.29304	0.152	2.0
2020-01-05T04:54	87.05663	115.29358	0.144	4.0
2020-01-05T05:04	87.05702	115.29418	0.140	4.6
2020-01-05T05:14	87.05740	115.29515	0.138	7.4
2020-01-05T05:24	87.05777	115.29607	0.134	7.3
2020-01-05T05:34	87.05813	115.29717	0.133	8.8
2020-01-05T05:44	87.05849	115.29828	0.130	9.1
2020-01-05T05:54	87.05884	115.29953	0.129	10.3
2020-01-05T06:04	87.05918	115.30083	0.126	11.0
2020-01-05T06:14	87.05952	115.30200	0.124	10.0
2020-01-05T06:24	87.05986	115.30319	0.123	10.3
2020-01-05T06:34	87.06019	115.30432	0.120	10.0
2020-01-05T06:44	87.06051	115.30540	0.117	9.9
2020-01-05T06:54	87.06082	115.30664	0.114	11.5
2020-01-05T07:04	87.06113	115.30771	0.114	10.0
2020-01-05T07:14	87.06143	115.30872	0.110	9.7
2020-01-05T07:24	87.06173	115.30985	0.110	10.9
2020-01-05T07:34	87.06202	115.31090	0.107	10.4
2020-01-05T07:44	87.06232	115.31187	0.109	9.5
2020-01-05T07:54	87.06263	115.31285	0.112	9.2
2020-01-05T08:04	87.06292	115.31361	0.107	7.5
2020-01-05T08:14	87.06322	115.31441	0.108	7.9
2020-01-05T08:24	87.06351	115.31506	0.105	6.6
2020-01-05T08:34	87.06380	115.31569	0.104	6.4
2020-01-05T08:44	87.06408	115.31611	0.104	4.3
2020-01-05T08:54	87.06436	115.31659	0.101	5.0
2020-01-05T09:04	87.06464	115.31705	0.101	4.8
2020-01-05T09:14	87.06491	115.31730	0.098	2.8
2020-01-05T09:24	87.06519	115.31758	0.100	2.9
2020-01-05T09:34	87.06548	115.31752	0.104	359.5
2020-01-05T09:44	87.06576	115.31760	0.099	0.8
2020-01-05T09:54	87.06604	115.31771	0.101	1.1
2020-01-05T10:04	87.06632	115.31799	0.103	2.9
2020-01-05T10:14	87.06661	115.31797	0.104	359.8
2020-01-05T10:24	87.06690	115.31803	0.105	0.6
2020-01-05T10:34	87.06719	115.31799	0.103	359.6
2020-01-05T10:44	87.06748	115.31789	0.103	359.0
2020-01-05T10:54	87.06776	115.31783	0.102	359.4
2020-01-05T11:04	87.06805	115.31777	0.104	359.4
2020-01-05T11:14	87.06835	115.31773	0.108	359.6
2020-01-05T11:24	87.06865	115.31761	0.109	358.9
2020-01-05T11:34	87.06895	115.31747	0.108	358.6
2020-01-05T11:44	87.06926	115.31732	0.111	358.6
2020-01-05T11:54	87.06957	115.31721	0.112	358.9
2020-01-05T12:04	87.06988	115.31708	0.112	358.9
2020-01-05T12:14	87.07019	115.31705	0.113	359.7
2020-01-05T12:24	87.07051	115.31699	0.115	359.5
2020-01-05T12:34	87.07083	115.31697	0.114	359.8
2020-01-05T12:44	87.07115	115.31688	0.114	359.1
2020-01-05T12:54	87.07148	115.31692	0.119	0.4
2020-01-05T13:04	87.07178	115.31709	0.110	1.7
2020-01-05T13:14	87.07209	115.31727	0.112	1.7
2020-01-05T13:24	87.07241	115.31750	0.114	2.1
2020-01-05T13:34	87.07275	115.31786	0.121	3.2
2020-01-05T13:44	87.07308	115.31819	0.120	2.9
2020-01-05T13:54	87.07342	115.31863	0.123	3.8
2020-01-05T14:04	87.07376	115.31912	0.124	4.1
2020-01-05T14:14	87.07410	115.31965	0.123	4.5
2020-01-05T14:24	87.07444	115.32018	0.121	4.7
2020-01-05T14:34	87.07478	115.32095	0.124	6.5
2020-01-05T14:44	87.07513	115.32172	0.125	6.5
2020-01-05T14:54	87.07547	115.32259	0.125	7.3
2020-01-05T15:04	87.07583	115.32352	0.129	7.6
2020-01-05T15:14	87.07619	115.32456	0.130	8.4
2020-01-05T15:24	87.07655	115.32573	0.133	9.4
2020-01-05T15:34	87.07691	115.32675	0.132	8.1
2020-01-05T15:44	87.07728	115.32786	0.135	8.7
2020-01-05T15:54	87.07765	115.32905	0.134	9.4
2020-01-05T16:04	87.07801	115.33022	0.132	9.4
2020-01-05T16:14	87.07837	115.33128	0.132	8.5
2020-01-05T16:24	87.07872	115.33256	0.127	10.7
2020-01-05T16:34	87.07907	115.33375	0.128	9.8
2020-01-05T16:44	87.07941	115.33487	0.123	9.6
2020-01-05T16:54	87.07974	115.33619	0.123	11.3
2020-01-05T17:04	87.08008	115.33752	0.122	11.5
2020-01-05T17:14	87.08040	115.33892	0.120	12.4
2020-01-05T17:24	87.08072	115.34027	0.118	12.2
2020-01-05T17:34	87.08103	115.34164	0.115	12.6
2020-01-05T17:44	87.08132	115.34300	0.106	13.5
2020-01-05T17:54	87.08159	115.34410	0.101	11.6
2020-01-05T18:04	87.08185	115.34526	0.094	12.9
2020-01-05T18:14	87.08210	115.34635	0.091	12.8
2020-01-05T18:24	87.08236	115.34755	0.098	12.9
2020-01-05T18:34	87.08266	115.34857	0.108	9.9
2020-01-05T18:44	87.08288	115.34950	0.081	12.2
2020-01-05T18:54	87.08312	115.35060	0.089	13.2
2020-01-05T19:04	87.08344	115.35137	0.116	7.0
2020-01-05T19:14	87.08374	115.35202	0.110	6.2
2020-01-05T19:24	87.08406	115.35246	0.113	4.1
2020-01-05T19:34	87.08437	115.35309	0.115	5.8
2020-01-05T19:44	87.08465	115.35357	0.099	5.1
2020-01-05T19:54	87.08485	115.35383	0.075	3.6
2020-01-05T20:04	87.08507	115.35382	0.079	359.9
2020-01-05T20:14	87.08533	115.35354	0.093	356.8
2020-01-05T20:24	87.08560	115.35320	0.098	356.3
2020-01-05T20:34	87.08586	115.35267	0.093	354.1
2020-01-05T20:44	87.08611	115.35212	0.091	353.7
2020-01-05T20:54	87.08635	115.35141	0.089	351.6
2020-01-05T21:04	87.08660	115.35072	0.091	352.0
2020-01-05T21:14	87.08687	115.34995	0.098	351.7
2020-01-05T21:24	87.08713	115.34910	0.095	350.6
2020-01-05T21:34	87.08740	115.34809	0.099	349.2
2020-01-05T21:44	87.08767	115.34685	0.098	346.7
2020-01-05T21:54	87.08793	115.34573	0.095	347.6
2020-01-05T22:04	87.08818	115.34458	0.094	347.1
2020-01-05T22:14	87.08842	115.34318	0.089	343.3
2020-01-05T22:24	87.08865	115.34172	0.087	342.1
2020-01-05T22:34	87.08886	115.34027	0.080	340.6
2020-01-05T22:44	87.08905	115.33875	0.074	338.0
2020-01-05T22:54	87.08923	115.33714	0.073	336.2
2020-01-05T23:04	87.08941	115.33535	0.070	332.2
2020-01-05T23:14	87.08958	115.33369	0.071	334.5
2020-01-05T23:24	87.08974	115.33193	0.065	330.6
2020-01-05T23:34	87.08989	115.32996	0.065	326.4
2020-01-05T23:44	87.09005	115.32792	0.068	326.7
2020-01-05T23:54	87.09022	115.32585	0.072	328.3
2020-01-06T00:04	87.09040	115.32358	0.077	327.3
2020-01-06T00:14	87.09059	115.32133	0.080	329.2
2020-01-06T00:24	87.09079	115.31917	0.082	331.1
2020-01-06T00:34	87.09099	115.31703	0.081	331.2
2020-01-06T00:44	87.09119	115.31484	0.084	331.5
2020-01-06T00:54	87.09140	115.31287	0.083	334.4
2020-01-06T01:04	87.09162	115.31079	0.087	334.1
2020-01-06T01:14	87.09185	115.30879	0.090	335.9
2020-01-06T01:24	87.09208	115.30691	0.090	337.7
2020-01-06T01:34	87.09231	115.30498	0.090	336.9
2020-01-06T01:44	87.09254	115.30312	0.090	337.9
2020-01-06T01:54	87.09277	115.30129	0.089	338.1
2020-01-06T02:04	87.09300	115.29952	0.090	339.0
2020-01-06T02:14	87.09324	115.29784	0.089	339.9
2020-01-06T02:24	87.09346	115.29611	0.088	338.9
2020-01-06T02:34	87.09369	115.29444	0.086	339.1
2020-01-06T02:44	87.09391	115.29277	0.087	339.6
2020-01-06T02:54	87.09414	115.29115	0.086	339.8
2020-01-06T03:04	87.09436	115.28954	0.087	340.1
2020-01-06T03:14	87.09460	115.28789	0.090	340.5
2020-01-06T03:24	87.09484	115.28642	0.089	342.5
2020-01-06T03:34	87.09507	115.28500	0.087	342.6
2020-01-06T03:44	87.09529	115.28343	0.086	340.5
2020-01-06T03:54	87.09551	115.28205	0.084	342.6
2020-01-06T04:04	87.09575	115.28047	0.091	341.5
2020-01-06T04:14	87.09599	115.27894	0.089	341.7
2020-01-06T04:24	87.09622	115.27749	0.088	342.6
2020-01-06T04:34	87.09645	115.27603	0.087	342.2
2020-01-06T04:44	87.09668	115.27461	0.085	342.3
2020-01-06T04:54	87.09691	115.27312	0.088	342.0
2020-01-06T05:04	87.09713	115.27172	0.084	342.4
2020-01-06T05:14	87.09735	115.27025	0.084	341.3
2020-01-06T05:24	87.09757	115.26868	0.084	340.1
2020-01-06T05:34	87.09780	115.26697	0.087	339.0
2020-01-06T05:44	87.09802	115.26521	0.086	338.3
2020-01-06T05:54	87.09823	115.26356	0.081	338.2
2020-01-06T06:04	87.09843	115.26179	0.078	335.7
2020-01-06T06:14	87.09862	115.25996	0.078	334.6
2020-01-06T06:24	87.09880	115.25826	0.072	334.2
2020-01-06T06:34	87.09898	115.25641	0.073	332.6
2020-01-06T06:44	87.09915	115.25445	0.071	329.7
2020-01-06T06:54	87.09931	115.25249	0.068	328.2
2020-01-06T07:04	87.09946	115.25038	0.064	323.5
2020-01-06T07:14	87.09961	115.24837	0.068	327.2
2020-01-06T07:24	87.09977	115.24637	0.069	327.8
2020-01-06T07:34	87.09992	115.24420	0.067	323.5
2020-01-06T07:44	87.10007	115.24213	0.066	325.0
2020-01-06T07:54	87.10021	115.23984	0.064	319.7
2020-01-06T08:04	87.10035	115.23756	0.067	321.6
2020-01-06T08:14	87.10050	115.23512	0.069	319.9
2020-01-06T08:24	87.10065	115.23276	0.070	322.0
2020-01-06T08:34	87.10082	115.23021	0.074	321.5
2020-01-06T08:44	87.10095	115.22789	0.064	318.6
2020-01-06T08:54	87.10108	115.22530	0.067	315.2
2020-01-06T09:04	87.10121	115.22265	0.066	313.0
2020-01-06T09:14	87.10134	115.21970	0.071	310.9
2020-01-06T09:24	87.10146	115.21671	0.071	309.8
2020-01-06T09:34	87.10159	115.21370	0.071	309.7
2020-01-06T09:44	87.10171	115.21070	0.070	309.1
2020-01-06T09:54	87.10184	115.20774	0.071	310.6
2020-01-06T10:04	87.10197	115.20468	0.073	310.5
2020-01-06T10:14	87.10210	115.20166	0.072	310.4
2020-01-06T10:24	87.10223	115.19857	0.072	308.8
2020-01-06T10:34	87.10236	115.19545	0.074	309.6
2020-01-06T10:44	87.10249	115.19234	0.073	309.4
2020-01-06T10:54	87.10262	115.18913	0.077	310.4
2020-01-06T11:04	87.10277	115.18595	0.077	311.5
2020-01-06T11:14	87.10291	115.18271	0.079	311.7
2020-01-06T11:24	87.10305	115.17948	0.078	311.0
2020-01-06T11:34	87.10320	115.17627	0.078	311.9
2020-01-06T11:44	87.10335	115.17311	0.079	313.0
2020-01-06T11:54	87.10350	115.16986	0.080	312.3
2020-01-06T12:04	87.10365	115.16675	0.080	314.6
2020-01-06T12:14	87.10381	115.16372	0.080	316.3
2020-01-06T12:24	87.10398	115.16064	0.082	316.5
2020-01-06T12:34	87.10414	115.15765	0.080	317.5
2020-01-06T12:44	87.10431	115.15469	0.081	318.7
2020-01-06T12:54	87.10447	115.15167	0.080	316.4
2020-01-06T13:04	87.10464	115.14865	0.083	318.3
2020-01-06T13:14	87.10480	115.14563	0.079	316.1
2020-01-06T13:24	87.10497	115.14266	0.081	318.1
2020-01-06T13:34	87.10514	115.13964	0.083	318.4
2020-01-06T13:44	87.10531	115.13674	0.080	318.9
2020-01-06T13:54	87.10548	115.13377	0.082	319.1
2020-01-06T14:04	87.10566	115.13088	0.083	320.5
2020-01-06T14:14	87.10583	115.12802	0.079	319.1
2020-01-06T14:24	87.10599	115.12521	0.078	319.2
2020-01-06T14:34	87.10616	115.12235	0.081	320.2
2020-01-06T14:44	87.10633	115.11955	0.080	320.4
2020-01-06T14:54	87.10650	115.11666	0.081	319.3
2020-01-06T15:04	87.10669	115.11376	0.087	322.5
2020-01-06T15:14	87.10691	115.11092	0.092	325.9
2020-01-06T15:24	87.10713	115.10798	0.098	327.0
2020-01-06T15:34	87.10737	115.10537	0.099	331.3
2020-01-06T15:44	87.10760	115.10280	0.095	330.5
2020-01-06T15:54	87.10781	115.10031	0.089	329.2
2020-01-06T16:04	87.10801	115.09777	0.083	326.1
2020-01-06T16:14	87.10817	115.09501	0.078	320.2
2020-01-06T16:24	87.10832	115.09222	0.074	316.4
2020-01-06T16:34	87.10841	115.08961	0.058	305.0
2020-01-06T16:44	87.10846	115.08681	0.054	288.8
2020-01-06T16:54	87.10849	115.08383	0.055	280.3
2020-01-06T17:04	87.10851	115.08095	0.053	277.3
2020-01-06T17:14	87.10852	115.07817	0.051	277.5
2020-01-06T17:24	87.10855	115.07533	0.052	278.1
2020-01-06T17:34	87.10858	115.07248	0.053	282.4
2020-01-06T17:44	87.10862	115.06964	0.054	287.2
2020-01-06T17:54	87.10866	115.06684	0.053	287.0
2020-01-06T18:04	87.10870	115.06387	0.056	283.8
2020-01-06T18:14	87.10875	115.06080	0.059	288.7
2020-01-06T18:24	87.10882	115.05772	0.060	292.1
2020-01-06T18:34	87.10889	115.05482	0.058	295.7
2020-01-06T18:44	87.10896	115.05195	0.058	295.9
2020-01-06T18:54	87.10903	115.04923	0.056	297.9
2020-01-06T19:04	87.10913	115.04646	0.062	305.0
2020-01-06T19:14	87.10926	115.04373	0.069	313.9
2020-01-06T19:24	87.10937	115.04119	0.060	310.0
2020-01-06T19:34	87.10946	115.03864	0.057	305.1
2020-01-06T19:44	87.10954	115.03581	0.059	299.8
2020-01-06T19:54	87.10961	115.03289	0.058	294.3
2020-01-06T20:04	87.10966	115.02985	0.059	289.6
2020-01-06T20:14	87.10972	115.02703	0.056	294.1
2020-01-06T20:24	87.10980	115.02405	0.061	297.3
2020-01-06T20:34	87.10988	115.02106	0.061	297.3
2020-01-06T20:44	87.10996	115.01793	0.064	297.0
2020-01-06T20:54	87.11003	115.01501	0.059	296.2
2020-01-06T21:04	87.11013	115.01206	0.063	302.0
2020-01-06T21:14	87.11022	115.00927	0.061	304.1
2020-01-06T21:24	87.11032	115.00652	0.062	306.7
2020-01-06T21:34	87.11042	115.00373	0.062	305.4
2020-01-06T21:44	87.11054	115.00090	0.066	309.5
2020-01-06T21:54	87.11067	114.99855	0.064	317.9
2020-01-06T22:04	87.11082	114.99590	0.071	317.5
2020-01-06T22:14	87.11099	114.99302	0.080	319.3
2020-01-06T22:24	87.11116	114.99036	0.080	322.7
2020-01-06T22:34	87.11132	114.98747	0.079	318.2
2020-01-06T22:44	87.11148	114.98479	0.074	318.6
2020-01-06T22:54	87.11164	114.98217	0.074	319.9
2020-01-06T23:04	87.11179	114.97987	0.069	323.0
2020-01-06T23:14	87.11195	114.97765	0.070	324.8
2020-01-06T23:24	87.11216	114.97555	0.084	332.9
2020-01-06T23:34	87.11236	114.97329	0.084	331.0
2020-01-06T23:44	87.11258	114.97086	0.089	330.5
2020-01-06T23:54	87.11280	114.96838	0.092	330.7
2020-01-07T00:04	87.11303	114.96571	0.095	329.5
2020-01-07T00:14	87.11325	114.96337	0.089	331.6
2020-01-07T00:24	87.11346	114.96123	0.087	333.4
2020-01-07T00:34	87.11371	114.95895	0.098	335.0
2020-01-07T00:44	87.11392	114.95689	0.085	333.8
2020-01-07T00:54	87.11409	114.95517	0.071	333.8
2020-01-07T01:04	87.11426	114.95363	0.067	335.6
2020-01-07T01:14	87.11443	114.95220	0.064	336.0
2020-01-07T01:24	87.11462	114.95064	0.076	338.1
2020-01-07T01:34	87.11483	114.94917	0.078	340.0
2020-01-07T01:44	87.11503	114.94755	0.079	338.4
2020-01-07T01:54	87.11521	114.94599	0.071	336.4
2020-01-07T02:04	87.11540	114.94456	0.073	339.3
2020-01-07T02:14	87.11560	114.94327	0.074	341.7
2020-01-07T02:24	87.11580	114.94213	0.075	343.8
2020-01-07T02:34	87.11598	114.94110	0.070	344.6
2020-01-07T02:44	87.11617	114.94022	0.069	346.7
2020-01-07T02:54	87.11638	114.93955	0.075	350.8
2020-01-07T03:04	87.11662	114.93886	0.088	351.7
2020-01-07T03:14	87.11685	114.93819	0.086	351.9
2020-01-07T03:24	87.11706	114.93765	0.075	352.6
2020-01-07T03:34	87.11724	114.93715	0.063	351.7
2020-01-07T03:44	87.11745	114.93691	0.076	356.7
2020-01-07T03:54	87.11767	114.93631	0.082	352.4
2020-01-07T04:04	87.11792	114.93578	0.089	353.8
2020-01-07T04:14	87.11817	114.93549	0.091	356.7
2020-01-07T04:24	87.11843	114.93517	0.093	356.4
2020-01-07T04:34	87.11867	114.93502	0.087	358.2
2020-01-07T04:44	87.11891	114.93486	0.087	358.0
2020-01-07T04:54	87.11918	114.93449	0.097	356.1
2020-01-07T05:04	87.11946	114.93403	0.101	355.3
2020-01-07T05:14	87.11969	114.93393	0.085	358.8
2020-01-07T05:24	87.11991	114.93331	0.081	351.9
2020-01-07T05:34	87.12009	114.93333	0.064	0.4
2020-01-07T05:44	87.12025	114.93335	0.058	0.4
2020-01-07T05:54	87.12041	114.93305	0.056	354.4
2020-01-07T06:04	87.12057	114.93317	0.059	2.1
2020-01-07T06:14	87.12075	114.93321	0.064	0.6
2020-01-07T06:24	87.12092	114.93324	0.060	0.5
2020-01-07T06:34	87.12106	114.93323	0.051	359.7
2020-01-07T06:44	87.12119	114.93348	0.046	5.7
2020-01-07T06:54	87.12133	114.93390	0.054	8.0
2020-01-07T07:04	87.12141	114.93427	0.028	14.4
2020-01-07T07:14	87.12149	114.93464	0.030	12.9
2020-01-07T07:24	87.12154	114.93495	0.020	16.4
2020-01-07T07:34	87.12161	114.93525	0.024	13.0
2020-01-07T07:44	87.12165	114.93604	0.021	44.1
2020-01-07T07:54	87.12165	114.93724	0.022	86.9
2020-01-07T08:04	87.12164	114.93830	0.020	107.0
2020-01-07T08:14	87.12164	114.93919	0.016	85.4
2020-01-07T08:24	87.12167	114.94006	0.019	56.3
2020-01-07T08:34	87.12171	114.94145	0.029	59.8
2020-01-07T08:44	87.12172	114.94270	0.023	76.5
2020-01-07T08:54	87.12176	114.94396	0.026	60.9
2020-01-07T09:04	87.12176	114.94512	0.021	84.0
2020-01-07T09:14	87.12172	114.94645	0.028	121.4
2020-01-07T09:24	87.12169	114.94773	0.026	115.4
2020-01-07T09:34	87.12165	114.94872	0.024	130.1
2020-01-07T09:44	87.12157	114.95097	0.051	126.8
2020-01-07T09:54	87.12149	114.95243	0.039	137.5
2020-01-07T10:04	87.12140	114.95402	0.041	135.8
2020-01-07T10:14	87.12136	114.95540	0.030	123.1
2020-01-07T10:24	87.12134	114.95687	0.027	104.0
2020-01-07T10:34	87.12131	114.95840	0.030	112.2
2020-01-07T10:44	87.12123	114.95994	0.039	134.7
2020-01-07T10:54	87.12113	114.96179	0.051	139.1
2020-01-07T11:04	87.12103	114.96349	0.048	139.5
2020-01-07T11:14	87.12093	114.96495	0.043	142.7
2020-01-07T11:24	87.12087	114.96642	0.035	130.9
2020-01-07T11:34	87.12075	114.96776	0.049	150.3
2020-01-07T11:44	87.12064	114.96939	0.050	143.4
2020-01-07T11:54	87.12059	114.97079	0.031	126.2
2020-01-07T12:04	87.12053	114.97158	0.024	143.4
2020-01-07T12:14	87.12043	114.97286	0.042	146.6
2020-01-07T12:24	87.12037	114.97429	0.034	130.4
2020-01-07T12:34	87.12034	114.97532	0.023	125.0
2020-01-07T12:44	87.12031	114.97669	0.027	114.4
2020-01-07T12:54	87.12030	114.97815	0.027	97.6
2020-01-07T13:04	87.12032	114.97983	0.032	71.8
2020-01-07T13:14	87.12029	114.98214	0.044	108.2
2020-01-07T13:24	87.12020	114.98476	0.056	123.0
2020-01-07T13:34	87.12014	114.98734	0.052	115.3
2020-01-07T13:44	87.12011	114.98958	0.041	102.2
2020-01-07T13:54	87.12009	114.99172	0.040	101.7
2020-01-07T14:04	87.12006	114.99394	0.042	106.4
2020-01-07T14:14	87.12001	114.99647	0.049	110.8
2020-01-07T14:24	87.11994	114.99917	0.055	116.9
2020-01-07T14:34	87.11987	115.00167	0.052	119.0
2020-01-07T14:44	87.11983	115.00441	0.051	105.3
2020-01-07T14:54	87.11975	115.00738	0.062	120.0
2020-01-07T15:04	87.11970	115.01002	0.051	109.3
2020-01-07T15:14	87.11965	115.01276	0.053	110.9
2020-01-07T15:24	87.11960	115.01562	0.054	107.9
2020-01-07T15:34	87.11955	115.01861	0.058	111.0
2020-01-07T15:44	87.11951	115.02140	0.052	102.9
2020-01-07T15:54	87.11945	115.02448	0.061	113.2
2020-01-07T16:04	87.11935	115.02740	0.063	123.6
2020-01-07T16:14	87.11928	115.03006	0.055	118.0
2020-01-07T16:24	87.11919	115.03293	0.061	121.1
2020-01-07T16:34	87.11908	115.03570	0.064	128.7
2020-01-07T16:44	87.11898	115.03855	0.062	123.8
2020-01-07T16:54	87.11885	115.04175	0.075	129.5
2020-01-07T17:04	87.11873	115.04539	0.079	123.2
2020-01-07T17:14	87.11864	115.04877	0.070	119.5
2020-01-07T17:24	87.11854	115.05191	0.066	120.9
2020-01-07T17:34	87.11843	115.05497	0.068	126.0
2020-01-07T17:44	87.11834	115.05810	0.065	119.4
2020-01-07T17:54	87.11822	115.06158	0.077	125.3
2020-01-07T18:04	87.11809	115.06483	0.076	128.7
2020-01-07T18:14	87.11800	115.06826	0.070	117.0
2020-01-07T18:24	87.11793	115.07171	0.067	111.3
2020-01-07T18:34	87.11784	115.07508	0.069	118.4
2020-01-07T18:44	87.11774	115.07809	0.066	124.3
2020-01-07T18:54	87.11764	115.08124	0.066	120.3
2020-01-07T19:04	87.11756	115.08432	0.064	119.4
2020-01-07T19:14	87.11747	115.08724	0.062	120.5
2020-01-07T19:24	87.11739	115.09014	0.060	119.7
2020-01-07T19:34	87.11729	115.09320	0.065	122.2
2020-01-07T19:44	87.11717	115.09631	0.071	127.2
2020-01-07T19:54	87.11706	115.09962	0.072	124.3
2020-01-07T20:04	87.11696	115.10295	0.071	121.1
2020-01-07T20:14	87.11684	115.10618	0.071	124.6
2020-01-07T20:24	87.11671	115.11052	0.092	121.1
2020-01-07T20:34	87.11657	115.11442	0.086	125.0
2020-01-07T20:44	87.11645	115.11865	0.089	120.5
2020-01-07T20:54	87.11633	115.12269	0.084	120.0
2020-01-07T21:04	87.11623	115.12567	0.065	123.8
2020-01-07T21:14	87.11612	115.12869	0.067	125.2
2020-01-07T21:24	87.11602	115.13193	0.070	122.4
2020-01-07T21:34	87.11590	115.13515	0.072	126.0
2020-01-07T21:44	87.11579	115.13839	0.072	125.9
2020-01-07T21:54	87.11567	115.14156	0.071	126.0
2020-01-07T22:04	87.11555	115.14442	0.068	130.3
2020-01-07T22:14	87.11542	115.14727	0.069	131.1
2020-01-07T22:24	87.11531	115.14924	0.053	138.2
2020-01-07T22:34	87.11519	115.15155	0.060	135.5
2020-01-07T22:44	87.11505	115.15362	0.063	143.5
2020-01-07T22:54	87.11492	115.15563	0.060	142.2
2020-01-07T23:04	87.11478	115.15761	0.064	145.9
2020-01-07T23:14	87.11462	115.15934	0.065	151.2
2020-01-07T23:24	87.11445	115.16068	0.066	158.5
2020-01-07T23:34	87.11428	115.16197	0.065	158.9
2020-01-07T23:44	87.11410	115.16315	0.066	161.2
2020-01-07T23:54	87.11394	115.16445	0.064	158.4
2020-01-08T00:04	87.11378	115.16582	0.062	156.6
2020-01-08T00:14	87.11363	115.16712	0.060	156.9
2020-01-08T00:24	87.11347	115.16841	0.060	157.1
2020-01-08T00:34	87.11332	115.16989	0.061	153.8
2020-01-08T00:44	87.11318	115.17159	0.058	147.8
2020-01-08T00:54	87.11306	115.17363	0.059	140.9
2020-01-08T01:04	87.11293	115.17593	0.062	138.0
2020-01-08T01:14	87.11280	115.17810	0.060	138.7
2020-01-08T01:24	87.11270	115.17999	0.052	138.9
2020-01-08T01:34	87.11261	115.18177	0.044	133.2
2020-01-08T01:44	87.11253	115.18354	0.043	132.0
2020-01-08T01:54	87.11242	115.18572	0.057	136.2
2020-01-08T02:04	87.11227	115.18815	0.068	139.5
2020-01-08T02:14	87.11216	115.19037	0.057	135.1
2020-01-08T02:24	87.11206	115.19240	0.051	133.6
2020-01-08T02:34	87.11197	115.19435	0.048	133.1
2020-01-08T02:44	87.11190	115.19638	0.045	124.4
2020-01-08T02:54	87.11182	115.19861	0.049	125.1
2020-01-08T03:04	87.11173	115.20115	0.057	126.5
2020-01-08T03:14	87.11163	115.20359	0.056	127.9
2020-01-08T03:24	87.11153	115.20596	0.056	130.3
2020-01-08T03:34	87.11143	115.20796	0.050	133.8
2020-01-08T03:44	87.11140	115.20983	0.036	110.1
2020-01-08T03:54	87.11138	115.21162	0.033	101.5
2020-01-08T04:04	87.11133	115.21358	0.039	115.6
2020-01-08T04:14	87.11127	115.21520	0.038	129.9
2020-01-08T04:24	87.11121	115.21646	0.031	132.3
2020-01-08T04:34	87.11113	115.21775	0.035	138.2
2020-01-08T04:44	87.11110	115.21841	0.017	134.3
2020-01-08T04:54	87.11109	115.21904	0.013	118.1
2020-01-08T05:04	87.11106	115.21963	0.013	127.3
2020-01-08T05:14	87.11107	115.22005	0.008	83.8
2020-01-08T05:24	87.11108	115.22055	0.011	57.5
2020-01-08T05:34	87.11110	115.22091	0.010	40.3
2020-01-08T05:44	87.11111	115.22142	0.010	69.1
2020-01-08T05:54	87.11112	115.22214	0.013	79.6
2020-01-08T06:04	87.11115	115.22296	0.018	55.9
2020-01-08T06:14	87.11116	115.22324	0.007	49.2
2020-01-08T06:24	87.11116	115.22402	0.014	87.5
2020-01-08T06:34	87.11116	115.22461	0.011	90.8
2020-01-08T06:44	87.11116	115.22524	0.011	88.7
2020-01-08T06:54	87.11117	115.22568	0.008	78.7
2020-01-08T07:04	87.11118	115.22595	0.006	49.9
2020-01-08T07:14	87.11120	115.22586	0.007	345.6
2020-01-08T07:24	87.11122	115.22547	0.012	324.5
2020-01-08T07:34	87.11125	115.22489	0.014	311.8
2020-01-08T07:44	87.11127	115.22437	0.012	306.5
2020-01-08T07:54	87.11128	115.22386	0.011	302.3
2020-01-08T08:04	87.11131	115.22308	0.017	304.9
2020-01-08T08:14	87.11136	115.22236	0.021	322.0
2020-01-08T08:24	87.11142	115.22149	0.026	322.7
2020-01-08T08:34	87.11146	115.22060	0.022	312.1
2020-01-08T08:44	87.11147	115.21933	0.024	283.5
2020-01-08T08:54	87.11148	115.21842	0.017	282.9
2020-01-08T09:04	87.11151	115.21730	0.022	295.4
2020-01-08T09:14	87.11158	115.21587	0.037	314.7
2020-01-08T09:24	87.11168	115.21434	0.044	321.1
2020-01-08T09:34	87.11177	115.21274	0.045	319.0
2020-01-08T09:44	87.11184	115.21130	0.037	315.7
2020-01-08T09:54	87.11194	115.20962	0.047	319.8
2020-01-08T10:04	87.11209	115.20808	0.059	331.6
2020-01-08T10:14	87.11223	115.20647	0.059	330.6
2020-01-08T10:24	87.11237	115.20461	0.059	325.3
2020-01-08T10:34	87.11249	115.20266	0.057	321.5
2020-01-08T10:44	87.11261	115.20060	0.056	318.1
2020-01-08T10:54	87.11270	115.19848	0.052	312.6
2020-01-08T11:04	87.11278	115.19641	0.046	305.8
2020-01-08T11:14	87.11285	115.19413	0.048	300.1
2020-01-08T11:24	87.11293	115.19170	0.054	305.0
2020-01-08T11:34	87.11303	115.18906	0.060	307.3
2020-01-08T11:44	87.11313	115.18649	0.058	306.9
2020-01-08T11:54	87.11322	115.18373	0.059	302.6
2020-01-08T12:04	87.11330	115.18100	0.058	301.0
2020-01-08T12:14	87.11343	115.17781	0.073	307.9
2020-01-08T12:24	87.11357	115.17451	0.078	310.1
2020-01-08T12:34	87.11370	115.17097	0.080	306.9
2020-01-08T12:44	87.11383	115.16760	0.076	306.4
2020-01-08T12:54	87.11395	115.16396	0.080	304.4
2020-01-08T13:04	87.11407	115.16071	0.072	305.0
2020-01-08T13:14	87.11417	115.15744	0.071	302.9
2020-01-08T13:24	87.11428	115.15413	0.071	302.8
2020-01-08T13:34	87.11441	115.15088	0.074	307.6
2020-01-08T13:44	87.11453	115.14776	0.072	308.8
2020-01-08T13:54	87.11464	115.14486	0.065	306.6
2020-01-08T14:04	87.11475	115.14203	0.064	306.2
2020-01-08T14:14	87.11488	115.13908	0.071	311.2
2020-01-08T14:24	87.11503	115.13589	0.079	313.1
2020-01-08T14:34	87.11518	115.13250	0.082	311.7
2020-01-08T14:44	87.11533	115.12918	0.080	311.5
2020-01-08T14:54	87.11548	115.12578	0.083	312.3
2020-01-08T15:04	87.11564	115.12231	0.086	312.7
2020-01-08T15:14	87.11583	115.11862	0.095	315.1
2020-01-08T15:24	87.11602	115.11495	0.096	316.2
2020-01-08T15:34	87.11621	115.11130	0.094	315.5
2020-01-08T15:44	87.11639	115.10763	0.094	315.0
2020-01-08T15:54	87.11660	115.10405	0.100	319.4
2020-01-08T16:04	87.11682	115.10040	0.101	319.3
2020-01-08T16:14	87.11703	115.09656	0.104	318.0
2020-01-08T16:24	87.11725	115.09280	0.104	318.8
2020-01-08T16:34	87.11744	115.08922	0.095	316.8
2020-01-08T16:44	87.11761	115.08586	0.087	315.6
2020-01-08T16:54	87.11779	115.08244	0.089	316.2
2020-01-08T17:04	87.11798	115.07898	0.094	318.0
2020-01-08T17:14	87.11819	115.07516	0.102	317.2
2020-01-08T17:24	87.11839	115.07112	0.103	314.9
2020-01-08T17:34	87.11860	115.06714	0.102	315.3
2020-01-08T17:44	87.11883	115.06286	0.114	317.3
2020-01-08T17:54	87.11907	115.05860	0.116	318.2
2020-01-08T18:04	87.11930	115.05416	0.117	316.4
2020-01-08T18:14	87.11952	115.04969	0.113	314.3
2020-01-08T18:24	87.11974	115.04507	0.114	312.7
2020-01-08T18:34	87.11996	115.04041	0.118	314.1
2020-01-08T18:44	87.12019	115.03574	0.118	314.3
2020-01-08T18:54	87.12041	115.03138	0.112	315.1
2020-01-08T19:04	87.12061	115.02710	0.105	312.4
2020-01-08T19:14	87.12081	115.02283	0.107	313.8
2020-01-08T19:24	87.12104	115.01880	0.108	317.6
2020-01-08T19:34	87.12125	115.01453	0.109	315.2
2020-01-08T19:44	87.12148	115.01023	0.114	316.7
2020-01-08T19:54	87.12172	115.00580	0.116	316.5
2020-01-08T20:04	87.12193	115.00156	0.109	315.3
2020-01-08T20:14	87.12217	114.99706	0.118	316.5
2020-01-08T20:24	87.12241	114.99237	0.121	315.6
2020-01-08T20:34	87.12267	114.98753	0.129	317.2
2020-01-08T20:44	87.12297	114.98228	0.142	318.2
2020-01-08T20:54	87.12326	114.97672	0.146	316.3
2020-01-08T21:04	87.12355	114.97113	0.145	315.7
2020-01-08T21:14	87.12382	114.96570	0.138	314.6
2020-01-08T21:24	87.12405	114.96025	0.130	310.9
2020-01-08T21:34	87.12429	114.95554	0.119	314.6
2020-01-08T21:44	87.12453	114.94988	0.134	310.2
2020-01-08T21:54	87.12473	114.94446	0.122	306.6
2020-01-08T22:04	87.12493	114.93887	0.125	306.2
2020-01-08T22:14	87.12515	114.93323	0.129	307.8
2020-01-08T22:24	87.12538	114.92765	0.130	309.0
2020-01-08T22:34	87.12561	114.92199	0.132	309.3
2020-01-08T22:44	87.12584	114.91610	0.134	307.5
2020-01-08T22:54	87.12605	114.91034	0.130	306.7
2020-01-08T23:04	87.12627	114.90424	0.135	305.2
2020-01-08T23:14	87.12648	114.89803	0.136	304.7
2020-01-08T23:24	87.12669	114.89175	0.135	303.0
2020-01-08T23:34	87.12689	114.88523	0.138	301.6
2020-01-08T23:44	87.12708	114.87870	0.136	300.1
2020-01-08T23:54	87.12726	114.87216	0.135	299.2
2020-01-09T00:04	87.12745	114.86543	0.139	299.2
2020-01-09T00:14	87.12764	114.85856	0.142	299.2
2020-01-09T00:24	87.12785	114.85144	0.148	299.7
2020-01-09T00:34	87.12804	114.84466	0.140	299.5
2020-01-09T00:44	87.12824	114.83752	0.148	299.2
2020-01-09T00:54	87.12845	114.83027	0.151	300.1
2020-01-09T01:04	87.12865	114.82286	0.152	298.4
2020-01-09T01:14	87.12884	114.81547	0.150	297.0
2020-01-09T01:24	87.12901	114.80793	0.150	295.1
2020-01-09T01:34	87.12920	114.80028	0.154	296.1
2020-01-09T01:44	87.12939	114.79241	0.157	295.3
2020-01-09T01:54	87.12958	114.78450	0.158	295.7
2020-01-09T02:04	87.12978	114.77654	0.160	296.3
2020-01-09T02:14	87.12999	114.76817	0.169	296.8
2020-01-09T02:24	87.13019	114.76004	0.163	296.2
2020-01-09T02:34	87.13039	114.75173	0.167	296.3
2020-01-09T02:44	87.13060	114.74355	0.165	296.3
2020-01-09T02:54	87.13081	114.73514	0.170	297.1
2020-01-09T03:04	87.13103	114.72677	0.170	297.6
2020-01-09T03:14	87.13126	114.71831	0.173	298.0
2020-01-09T03:24	87.13148	114.71011	0.169	299.2
2020-01-09T03:34	87.13172	114.70177	0.172	299.0
2020-01-09T03:44	87.13195	114.69343	0.173	299.6
2020-01-09T03:54	87.13219	114.68510	0.173	299.9
2020-01-09T04:04	87.13244	114.67674	0.175	300.8
2020-01-09T04:14	87.13269	114.66832	0.177	300.8
2020-01-09T04:24	87.13295	114.65976	0.180	300.9
2020-01-09T04:34	87.13320	114.65112	0.181	300.6
2020-01-09T04:44	87.13347	114.64237	0.184	300.8
2020-01-09T04:54	87.13372	114.63376	0.180	300.7
2020-01-09T05:04	87.13398	114.62504	0.183	300.8
2020-01-09T05:14	87.13424	114.61632	0.183	301.1
2020-01-09T05:24	87.13451	114.60745	0.186	301.0
2020-01-09T05:34	87.13477	114.59866	0.184	300.7
2020-01-09T05:44	87.13503	114.58987	0.185	300.9
2020-01-09T05:54	87.13530	114.58078	0.190	300.4
2020-01-09T06:04	87.13557	114.57176	0.189	300.9
2020-01-09T06:14	87.13584	114.56264	0.191	300.7
2020-01-09T06:24	87.13611	114.55354	0.190	300.7
2020-01-09T06:34	87.13638	114.54445	0.190	300.6
2020-01-09T06:44	87.13665	114.53523	0.192	300.2
2020-01-09T06:54	87.13691	114.52591	0.193	299.8
2020-01-09T07:04	87.13718	114.51674	0.191	300.3
2020-01-09T07:14	87.13745	114.50749	0.192	300.1
2020-01-09T07:24	87.13771	114.49822	0.192	299.7
2020-01-09T07:34	87.13797	114.48886	0.193	299.0
2020-01-09T07:44	87.13823	114.47944	0.193	299.0
2020-01-09T07:54	87.13849	114.47015	0.192	299.4
2020-01-09T08:04	87.13875	114.46107	0.188	299.9
2020-01-09T08:14	87.13902	114.45205	0.187	300.1
2020-01-09T08:24	87.13928	114.44303	0.188	300.6
2020-01-09T08:34	87.13954	114.43375	0.192	299.4
2020-01-09T08:44	87.13981	114.42451	0.191	299.8
2020-01-09T08:54	87.14006	114.41508	0.193	298.4
2020-01-09T09:04	87.14031	114.40565	0.192	298.2
2020-01-09T09:14	87.14057	114.39616	0.193	298.2
2020-01-09T09:24	87.14082	114.38662	0.194	298.1
2020-01-09T09:34	87.14108	114.37712	0.194	298.4
2020-01-09T09:44	87.14133	114.36751	0.195	297.5
2020-01-09T09:54	87.14158	114.35796	0.193	297.5
2020-01-09T10:04	87.14183	114.34831	0.196	297.7
2020-01-09T10:14	87.14208	114.33858	0.196	297.1
2020-01-09T10:24	87.14232	114.32888	0.195	296.7
2020-01-09T10:34	87.14257	114.31914	0.196	296.9
2020-01-09T10:44	87.14281	114.30947	0.195	297.2
2020-01-09T10:54	87.14306	114.29973	0.197	297.2
2020-01-09T11:04	87.14332	114.29005	0.196	297.6
2020-01-09T11:14	87.14357	114.28040	0.195	297.4
2020-01-09T11:24	87.14381	114.27063	0.196	296.7
2020-01-09T11:34	87.14406	114.26092	0.195	296.9
2020-01-09T11:44	87.14429	114.25118	0.194	296.0
2020-01-09T11:54	87.14454	114.24141	0.196	296.6
2020-01-09T12:04	87.14478	114.23174	0.195	296.9
2020-01-09T12:14	87.14502	114.22198	0.196	296.6
2020-01-09T12:24	87.14527	114.21237	0.193	296.9
2020-01-09T12:34	87.14551	114.20264	0.195	296.5
2020-01-09T12:44	87.14575	114.19285	0.196	296.5
2020-01-09T12:54	87.14600	114.18305	0.198	297.2
2020-01-09T13:04	87.14625	114.17328	0.197	297.3
2020-01-09T13:14	87.14651	114.16347	0.198	297.6
2020-01-09T13:24	87.14676	114.15365	0.198	297.3
2020-01-09T13:34	87.14702	114.14388	0.198	297.7
2020-01-09T13:44	87.14727	114.13410	0.197	297.3
2020-01-09T13:54	87.14753	114.12442	0.197	298.5
2020-01-09T14:04	87.14780	114.11472	0.199	299.0
2020-01-09T14:14	87.14807	114.10504	0.199	299.4
2020-01-09T14:24	87.14834	114.09534	0.200	299.6
2020-01-09T14:34	87.14861	114.08561	0.200	299.4
2020-01-09T14:44	87.14889	114.07594	0.200	300.0
2020-01-09T14:54	87.14916	114.06631	0.198	299.5
2020-01-09T15:04	87.14945	114.05676	0.199	300.9
2020-01-09T15:14	87.14974	114.04731	0.199	302.0
2020-01-09T15:24	87.15003	114.03786	0.199	301.5
2020-01-09T15:34	87.15031	114.02849	0.196	300.9
2020-01-09T15:44	87.15058	114.01906	0.195	300.0
2020-01-09T15:54	87.15085	114.00968	0.195	300.4
2020-01-09T16:04	87.15113	114.00042	0.194	301.5
2020-01-09T16:14	87.15144	113.99137	0.196	304.1
2020-01-09T16:24	87.15174	113.98240	0.194	304.0
2020-01-09T16:34	87.15203	113.97346	0.192	303.8
2020-01-09T16:44	87.15231	113.96445	0.190	301.9
2020-01-09T16:54	87.15260	113.95556	0.189	302.7
2020-01-09T17:04	87.15288	113.94665	0.189	302.4
2020-01-09T17:14	87.15317	113.93784	0.189	303.5
2020-01-09T17:24	87.15348	113.92902	0.193	305.2
2020-01-09T17:34	87.15377	113.92005	0.192	303.1
2020-01-09T17:44	87.15405	113.91131	0.187	303.6
2020-01-09T17:54	87.15434	113.90254	0.188	303.6
2020-01-09T18:04	87.15462	113.89388	0.184	302.5
2020-01-09T18:14	87.15488	113.88498	0.185	300.5
2020-01-09T18:24	87.15515	113.87614	0.186	301.9
2020-01-09T18:34	87.15542	113.86721	0.187	301.5
2020-01-09T18:44	87.15569	113.85842	0.184	301.5
2020-01-09T18:54	87.15594	113.84917	0.187	298.2
2020-01-09T19:04	87.15618	113.84002	0.186	298.6
2020-01-09T19:14	87.15643	113.83120	0.180	299.0
2020-01-09T19:24	87.15668	113.82236	0.182	299.8
2020-01-09T19:34	87.15693	113.81359	0.181	300.0
2020-01-09T19:44	87.15717	113.80474	0.180	298.7
2020-01-09T19:54	87.15741	113.79576	0.182	297.9
2020-01-09T20:04	87.15762	113.78696	0.176	296.7
2020-01-09T20:14	87.15784	113.77801	0.178	296.0
2020-01-09T20:24	87.15805	113.76886	0.180	295.0
2020-01-09T20:34	87.15827	113.75980	0.179	295.5
2020-01-09T20:44	87.15848	113.75094	0.176	296.0
2020-01-09T20:54	87.15868	113.74188	0.177	294.1
2020-01-09T21:04	87.15888	113.73290	0.175	293.8
2020-01-09T21:14	87.15909	113.72313	0.190	293.6
2020-01-09T21:24	87.15926	113.71465	0.163	291.9
2020-01-09T21:34	87.15943	113.70486	0.185	289.4
2020-01-09T21:44	87.15959	113.69529	0.180	288.7
2020-01-09T21:54	87.15975	113.68569	0.180	288.2
2020-01-09T22:04	87.15989	113.67602	0.180	287.0
2020-01-09T22:14	87.16003	113.66623	0.182	286.4
2020-01-09T22:24	87.16018	113.65633	0.184	286.6
2020-01-09T22:34	87.16032	113.64631	0.186	286.1
2020-01-09T22:44	87.16046	113.63631	0.185	285.6
2020-01-09T22:54	87.16060	113.62620	0.187	285.8
2020-01-09T23:04	87.16075	113.61590	0.191	286.0
2020-01-09T23:14	87.16087	113.60538	0.193	283.3
2020-01-09T23:24	87.16100	113.59467	0.197	283.9
2020-01-09T23:34	87.16113	113.58371	0.201	283.1
2020-01-09T23:44	87.16125	113.57280	0.200	283.0
2020-01-09T23:54	87.16138	113.56163	0.204	282.8
2020-01-10T00:04	87.16151	113.55036	0.206	283.1
2020-01-10T00:14	87.16164	113.53897	0.209	283.3
2020-01-10T00:24	87.16178	113.52722	0.215	282.9
2020-01-10T00:34	87.16192	113.51618	0.204	285.0
2020-01-10T00:44	87.16206	113.50466	0.212	284.0
2020-01-10T00:54	87.16220	113.49321	0.210	283.5
2020-01-10T01:04	87.16234	113.48175	0.210	284.0
2020-01-10T01:14	87.16249	113.47033	0.211	285.0
2020-01-10T01:24	87.16265	113.45879	0.213	285.1
2020-01-10T01:34	87.16280	113.44717	0.214	284.6
2020-01-10T01:44	87.16295	113.43548	0.215	284.4
2020-01-10T01:54	87.16310	113.42400	0.212	285.3
2020-01-10T02:04	87.16325	113.41257	0.210	284.3
2020-01-10T02:14	87.16339	113.40081	0.215	283.5
2020-01-10T02:24	87.16353	113.38931	0.211	284.3
2020-01-10T02:34	87.16368	113.37796	0.209	285.0
2020-01-10T02:44	87.16383	113.36655	0.211	285.0
2020-01-10T02:54	87.16399	113.35526	0.209	285.9
2020-01-10T03:04	87.16413	113.34375	0.211	284.2
2020-01-10T03:14	87.16429	113.33226	0.212	284.9
2020-01-10T03:24	87.16444	113.32051	0.216	284.5
2020-01-10T03:34	87.16458	113.30927	0.207	284.6
2020-01-10T03:44	87.16473	113.29772	0.212	284.6
2020-01-10T03:54	87.16489	113.28624	0.212	285.8
2020-01-10T04:04	87.16506	113.27455	0.217	286.2
2020-01-10T04:14	87.16522	113.26283	0.217	286.0
2020-01-10T04:24	87.16539	113.25119	0.216	286.4
2020-01-10T04:34	87.16556	113.23957	0.215	285.7
2020-01-10T04:44	87.16573	113.22785	0.218	286.8
2020-01-10T04:54	87.16591	113.21611	0.219	287.4
2020-01-10T05:04	87.16610	113.20431	0.221	288.0
2020-01-10T05:14	87.16631	113.19253	0.222	289.2
2020-01-10T05:24	87.16651	113.18074	0.223	289.5
2020-01-10T05:34	87.16673	113.16904	0.223	290.7
2020-01-10T05:44	87.16694	113.15734	0.222	290.2
2020-01-10T05:54	87.16716	113.14544	0.226	290.4
2020-01-10T06:04	87.16739	113.13352	0.227	290.8
2020-01-10T06:14	87.16761	113.12154	0.228	290.7
2020-01-10T06:24	87.16784	113.10971	0.226	291.3
2020-01-10T06:34	87.16807	113.09752	0.233	291.5
2020-01-10T06:44	87.16832	113.08549	0.232	292.9
2020-01-10T06:54	87.16859	113.07360	0.232	294.4
2020-01-10T07:04	87.16886	113.06181	0.231	294.8
2020-01-10T07:14	87.16913	113.05012	0.230	295.0
2020-01-10T07:24	87.16940	113.03849	0.229	295.4
2020-01-10T07:34	87.16967	113.02662	0.233	295.0
2020-01-10T07:44	87.16996	113.01512	0.228	296.3
2020-01-10T07:54	87.17024	113.00366	0.228	296.6
2020-01-10T08:04	87.17053	112.99224	0.228	297.0
2020-01-10T08:14	87.17080	112.98093	0.224	296.4
2020-01-10T08:24	87.17108	112.96960	0.226	296.8
2020-01-10T08:34	87.17136	112.95823	0.226	296.5
2020-01-10T08:44	87.17165	112.94695	0.226	297.5
2020-01-10T08:54	87.17194	112.93569	0.225	297.4
2020-01-10T09:04	87.17224	112.92443	0.227	298.2
2020-01-10T09:14	87.17253	112.91320	0.226	298.1
2020-01-10T09:24	87.17284	112.90180	0.230	298.4
2020-01-10T09:34	87.17314	112.89069	0.226	299.1
2020-01-10T09:44	87.17345	112.87951	0.227	298.9
2020-01-10T09:54	87.17375	112.86828	0.228	298.9
2020-01-10T10:04	87.17406	112.85710	0.227	298.8
2020-01-10T10:14	87.17435	112.84592	0.225	297.9
2020-01-10T10:24	87.17465	112.83474	0.226	298.6
2020-01-10T10:34	87.17494	112.82365	0.223	297.9
2020-01-10T10:44	87.17523	112.81235	0.227	298.0
2020-01-10T10:54	87.17553	112.80102	0.227	297.6
2020-01-10T11:04	87.17582	112.78974	0.226	297.9
2020-01-10T11:14	87.17611	112.77835	0.228	297.5
2020-01-10T11:24	87.17640	112.76683	0.229	297.1
2020-01-10T11:34	87.17669	112.75538	0.228	297.0
2020-01-10T11:44	87.17698	112.74388	0.229	297.0
2020-01-10T11:54	87.17726	112.73246	0.227	296.8
2020-01-10T12:04	87.17755	112.72086	0.230	296.7
2020-01-10T12:14	87.17782	112.70934	0.227	295.9
2020-01-10T12:24	87.17810	112.69785	0.227	296.1
2020-01-10T12:34	87.17837	112.68624	0.228	295.5
2020-01-10T12:44	87.17865	112.67468	0.227	295.6
2020-01-10T12:54	87.17892	112.66332	0.224	296.0
2020-01-10T13:04	87.17918	112.65187	0.224	295.0
2020-01-10T13:14	87.17945	112.64053	0.222	295.2
2020-01-10T13:24	87.17970	112.62902	0.224	294.7
2020-01-10T13:34	87.17997	112.61739	0.227	294.8
2020-01-10T13:44	87.18024	112.60578	0.227	295.1
2020-01-10T13:54	87.18049	112.59413	0.226	294.0
2020-01-10T14:04	87.18075	112.58246	0.226	294.1
2020-01-10T14:14	87.18101	112.57085	0.226	294.6
2020-01-10T14:24	87.18127	112.55906	0.229	294.1
2020-01-10T14:34	87.18153	112.54723	0.229	294.0
2020-01-10T14:44	87.18179	112.53548	0.229	294.8
2020-01-10T14:54	87.18206	112.52376	0.228	294.4
2020-01-10T15:04	87.18232	112.51199	0.229	294.7
2020-01-10T15:14	87.18259	112.50041	0.226	294.9
2020-01-10T15:24	87.18285	112.48879	0.227	294.9
2020-01-10T15:34	87.18311	112.47729	0.224	294.7
2020-01-10T15:44	87.18337	112.46574	0.225	294.9
2020-01-10T15:54	87.18363	112.45431	0.223	294.9
2020-01-10T16:04	87.18390	112.44274	0.226	295.2
2020-01-10T16:14	87.18417	112.43142	0.222	295.4
2020-01-10T16:24	87.18442	112.42020	0.219	295.0
2020-01-10T16:34	87.18468	112.40905	0.217	295.0
2020-01-10T16:44	87.18494	112.39792	0.218	295.6
2020-01-10T16:54	87.18520	112.38686	0.217	295.9
2020-01-10T17:04	87.18547	112.37572	0.220	296.3
2020-01-10T17:14	87.18574	112.36459	0.219	295.9
2020-01-10T17:24	87.18599	112.35350	0.215	294.5
2020-01-10T17:34	87.18627	112.34225	0.223	296.8
2020-01-10T17:44	87.18656	112.33121	0.222	298.2
2020-01-10T17:54	87.18684	112.31997	0.223	297.1
2020-01-10T18:04	87.18710	112.30889	0.217	295.3
2020-01-10T18:14	87.18736	112.29817	0.211	296.3
2020-01-10T18:24	87.18762	112.28766	0.209	297.3
2020-01-10T18:34	87.18790	112.27705	0.212	297.8
2020-01-10T18:44	87.18816	112.26640	0.211	296.7
2020-01-10T18:54	87.18843	112.25568	0.213	297.0
2020-01-10T19:04	87.18871	112.24481	0.217	297.9
2020-01-10T19:14	87.18903	112.23362	0.229	300.3
2020-01-10T19:24	87.18934	112.22255	0.224	299.3
2020-01-10T19:34	87.18964	112.21141	0.226	299.3
2020-01-10T19:44	87.18995	112.19998	0.231	299.0
2020-01-10T19:54	87.19024	112.18887	0.221	297.4
2020-01-10T20:04	87.19049	112.17796	0.213	295.6
2020-01-10T20:14	87.19076	112.16674	0.219	295.5
2020-01-10T20:24	87.19102	112.15570	0.217	296.2
2020-01-10T20:34	87.19127	112.14455	0.217	294.7
2020-01-10T20:44	87.19154	112.13341	0.219	296.2
2020-01-10T20:54	87.19181	112.12232	0.218	296.4
2020-01-10T21:04	87.19212	112.11088	0.230	298.6
2020-01-10T21:14	87.19244	112.09877	0.243	298.5
2020-01-10T21:24	87.19275	112.08770	0.226	300.0
2020-01-10T21:34	87.19304	112.07584	0.234	296.6
2020-01-10T21:44	87.19332	112.06419	0.229	296.0
2020-01-10T21:54	87.19354	112.05242	0.221	290.5
2020-01-10T22:04	87.19379	112.04075	0.224	293.4
2020-01-10T22:14	87.19408	112.02861	0.238	296.2
2020-01-10T22:24	87.19435	112.01633	0.237	294.3
2020-01-10T22:34	87.19456	112.00429	0.226	290.1
2020-01-10T22:44	87.19486	111.99195	0.242	295.9
2020-01-10T22:54	87.19515	111.97914	0.249	295.1
2020-01-10T23:04	87.19542	111.96674	0.239	294.1
2020-01-10T23:14	87.19573	111.95376	0.254	295.9
2020-01-10T23:24	87.19604	111.94064	0.256	295.6
2020-01-10T23:34	87.19635	111.92751	0.257	296.0
2020-01-10T23:44	87.19668	111.91420	0.263	297.0
2020-01-10T23:54	87.19698	111.90105	0.255	294.5
2020-01-11T00:04	87.19725	111.88788	0.253	293.4
2020-01-11T00:14	87.19757	111.87476	0.257	295.9
2020-01-11T00:24	87.19788	111.86198	0.251	296.4
2020-01-11T00:34	87.19817	111.84912	0.250	294.9
2020-01-11T00:44	87.19847	111.83653	0.246	296.0
2020-01-11T00:54	87.19877	111.82415	0.244	296.8
2020-01-11T01:04	87.19908	111.81200	0.241	297.6
2020-01-11T01:14	87.19940	111.79964	0.246	297.8
2020-01-11T01:24	87.19972	111.78722	0.246	297.4
2020-01-11T01:34	87.20006	111.77471	0.252	299.1
2020-01-11T01:44	87.20041	111.76203	0.257	299.7
2020-01-11T01:54	87.20076	111.74917	0.259	299.3
2020-01-11T02:04	87.20110	111.73645	0.254	298.4
2020-01-11T02:14	87.20140	111.72395	0.245	296.3
2020-01-11T02:24	87.20171	111.71140	0.246	296.5
2020-01-11T02:34	87.20201	111.69881	0.247	296.2
2020-01-11T02:44	87.20230	111.68675	0.237	296.8
2020-01-11T02:54	87.20260	111.67489	0.233	296.8
2020-01-11T03:04	87.20289	111.66329	0.229	297.3
2020-01-11T03:14	87.20318	111.65171	0.230	297.5
2020-01-11T03:24	87.20351	111.63992	0.238	299.5
2020-01-11T03:34	87.20385	111.62839	0.236	301.2
2020-01-11T03:44	87.20420	111.61668	0.241	301.2
2020-01-11T03:54	87.20456	111.60464	0.249	301.7
2020-01-11T04:04	87.20491	111.59252	0.248	300.9
2020-01-11T04:14	87.20523	111.58037	0.243	298.6
2020-01-11T04:24	87.20557	111.56851	0.240	299.9
2020-01-11T04:34	87.20592	111.55660	0.244	300.9
2020-01-11T04:44	87.20628	111.54447	0.250	301.7
2020-01-11T04:54	87.20664	111.53248	0.248	302.0
2020-01-11T05:04	87.20700	111.52021	0.251	301.1
2020-01-11T05:14	87.20738	111.50791	0.254	301.8
2020-01-11T05:24	87.20775	111.49607	0.248	303.0
2020-01-11T05:34	87.20813	111.48428	0.247	303.2
2020-01-11T05:44	87.20849	111.47250	0.245	302.6
2020-01-11T05:54	87.20885	111.46049	0.246	300.9
2020-01-11T06:04	87.20920	111.44829	0.250	301.0
2020-01-11T06:14	87.20959	111.43624	0.254	303.6
2020-01-11T06:24	87.21000	111.42430	0.255	305.0
2020-01-11T06:34	87.21040	111.41250	0.252	305.0
2020-01-11T06:44	87.21081	111.40029	0.260	304.7
2020-01-11T06:54	87.21121	111.38817	0.255	303.6
2020-01-11T07:04	87.21163	111.37639	0.257	306.5
2020-01-11T07:14	87.21207	111.36506	0.253	308.5
2020-01-11T07:24	87.21249	111.35389	0.249	308.1
2020-01-11T07:34	87.21292	111.34271	0.249	308.1
2020-01-11T07:44	87.21334	111.33161	0.246	308.0
2020-01-11T07:54	87.21377	111.32033	0.252	308.4
2020-01-11T08:04	87.21420	111.30922	0.248	308.2
2020-01-11T08:14	87.21461	111.29811	0.243	307.0
2020-01-11T08:24	87.21498	111.28708	0.236	305.0
2020-01-11T08:34	87.21535	111.27572	0.239	303.9
2020-01-11T08:44	87.21573	111.26467	0.237	305.3
2020-01-11T08:54	87.21614	111.25382	0.240	307.8
2020-01-11T09:04	87.21656	111.24277	0.246	308.2
2020-01-11T09:14	87.21700	111.23120	0.257	308.0
2020-01-11T09:24	87.21746	111.21977	0.259	309.6
2020-01-11T09:34	87.21793	111.20816	0.265	310.0
2020-01-11T09:44	87.21839	111.19683	0.258	310.0
2020-01-11T09:54	87.21882	111.18546	0.252	307.9
2020-01-11T10:04	87.21924	111.17414	0.249	307.3
2020-01-11T10:14	87.21966	111.16305	0.246	308.0
2020-01-11T10:24	87.22008	111.15204	0.244	308.1
2020-01-11T10:34	87.22054	111.14097	0.254	310.6
2020-01-11T10:44	87.22101	111.12994	0.257	311.5
2020-01-11T10:54	87.22147	111.11882	0.255	310.5
2020-01-11T11:04	87.22194	111.10771	0.256	310.8
2020-01-11T11:14	87.22240	111.09669	0.255	311.0
2020-01-11T11:24	87.22287	111.08599	0.251	312.0
2020-01-11T11:34	87.22332	111.07526	0.249	311.1
2020-01-11T11:44	87.22377	111.06487	0.243	311.9
2020-01-11T11:54	87.22422	111.05446	0.243	311.7
2020-01-11T12:04	87.22466	111.04423	0.238	311.6
2020-01-11T12:14	87.22510	111.03397	0.239	311.5
2020-01-11T12:24	87.22555	111.02359	0.243	311.9
2020-01-11T12:34	87.22600	111.01329	0.241	311.7
2020-01-11T12:44	87.22644	111.00314	0.238	312.0
2020-01-11T12:54	87.22688	110.99302	0.237	311.9
2020-01-11T13:04	87.22732	110.98296	0.237	312.4
2020-01-11T13:14	87.22777	110.97301	0.235	312.6
2020-01-11T13:24	87.22821	110.96303	0.236	312.7
2020-01-11T13:34	87.22865	110.95319	0.234	312.9
2020-01-11T13:44	87.22909	110.94341	0.233	313.0
2020-01-11T13:54	87.22952	110.93376	0.228	312.7
2020-01-11T14:04	87.22996	110.92415	0.229	313.1
2020-01-11T14:14	87.23039	110.91454	0.228	312.8
2020-01-11T14:24	87.23081	110.90494	0.225	312.2
2020-01-11T14:34	87.23123	110.89546	0.225	312.8
2020-01-11T14:44	87.23165	110.88603	0.224	312.9
2020-01-11T14:54	87.23208	110.87659	0.224	313.0
2020-01-11T15:04	87.23249	110.86729	0.220	312.7
2020-01-11T15:14	87.23290	110.85802	0.218	312.4
2020-01-11T15:24	87.23331	110.84884	0.218	312.8
2020-01-11T15:34	87.23373	110.83940	0.223	312.8
2020-01-11T15:44	87.23416	110.82985	0.227	313.0
2020-01-11T15:54	87.23459	110.82034	0.227	313.3
2020-01-11T16:04	87.23503	110.81083	0.229	313.8
2020-01-11T16:14	87.23547	110.80128	0.228	313.3
2020-01-11T16:24	87.23591	110.79169	0.229	313.4
2020-01-11T16:34	87.23633	110.78209	0.227	312.8
2020-01-11T16:44	87.23677	110.77252	0.227	313.1
2020-01-11T16:54	87.23720	110.76288	0.230	313.4
2020-01-11T17:04	87.23764	110.75319	0.231	313.3
2020-01-11T17:14	87.23808	110.74339	0.233	313.0
2020-01-11T17:24	87.23852	110.73348	0.233	312.4
2020-01-11T17:34	87.23896	110.72364	0.232	312.7
2020-01-11T17:44	87.23940	110.71377	0.233	312.9
2020-01-11T17:54	87.23984	110.70394	0.233	313.1
2020-01-11T18:04	87.24028	110.69386	0.236	312.2
2020-01-11T18:14	87.24072	110.68377	0.236	312.0
2020-01-11T18:24	87.24116	110.67333	0.241	311.3
2020-01-11T18:34	87.24160	110.66295	0.240	311.4
2020-01-11T18:44	87.24204	110.65258	0.239	311.2
2020-01-11T18:54	87.24247	110.64244	0.235	311.7
2020-01-11T19:04	87.24290	110.63242	0.231	311.3
2020-01-11T19:14	87.24330	110.62226	0.229	309.6
2020-01-11T19:24	87.24370	110.61227	0.224	309.5
2020-01-11T19:34	87.24410	110.60231	0.225	310.1
2020-01-11T19:44	87.24451	110.59211	0.231	310.1
2020-01-11T19:54	87.24492	110.58201	0.229	310.2
2020-01-11T20:04	87.24536	110.57157	0.239	310.9
2020-01-11T20:14	87.24578	110.56107	0.237	310.0
2020-01-11T20:24	87.24620	110.55056	0.236	309.7
2020-01-11T20:34	87.24662	110.54020	0.235	310.4
2020-01-11T20:44	87.24705	110.52933	0.244	309.6
2020-01-11T20:54	87.24745	110.51830	0.238	306.9
2020-01-11T21:04	87.24784	110.50695	0.242	305.8
2020-01-11T21:14	87.24828	110.49500	0.260	307.4
2020-01-11T21:24	87.24872	110.48406	0.245	309.6
2020-01-11T21:34	87.24915	110.47306	0.247	309.5
2020-01-11T21:44	87.24958	110.46176	0.249	308.4
2020-01-11T21:54	87.25000	110.45039	0.248	307.8
2020-01-11T22:04	87.25042	110.43930	0.243	308.1
2020-01-11T22:14	87.25083	110.42806	0.243	306.9
2020-01-11T22:24	87.25122	110.41631	0.248	305.1
2020-01-11T22:34	87.25165	110.40455	0.254	307.0
2020-01-11T22:44	87.25207	110.39284	0.252	306.8
2020-01-11T22:54	87.25248	110.38083	0.255	305.7
2020-01-11T23:04	87.25288	110.36826	0.261	303.7
2020-01-11T23:14	87.25327	110.35581	0.257	303.4
2020-01-11T23:24	87.25370	110.34332	0.265	305.6
2020-01-11T23:34	87.25416	110.33031	0.279	306.5
2020-01-11T23:44	87.25452	110.31766	0.254	300.7
2020-01-11T23:54	87.25487	110.30538	0.246	300.6
2020-01-12T00:04	87.25525	110.29243	0.262	301.6
2020-01-12T00:14	87.25565	110.27923	0.269	302.3
2020-01-12T00:24	87.25603	110.26631	0.261	301.5
2020-01-12T00:34	87.25641	110.25382	0.255	302.4
2020-01-12T00:44	87.25679	110.24137	0.254	302.4
2020-01-12T00:54	87.25717	110.22882	0.256	302.2
2020-01-12T01:04	87.25754	110.21645	0.251	302.1
2020-01-12T01:14	87.25788	110.20411	0.247	300.5
2020-01-12T01:24	87.25823	110.19179	0.246	300.4
2020-01-12T01:34	87.25857	110.17913	0.251	299.5
2020-01-12T01:44	87.25892	110.16637	0.252	299.4
2020-01-12T01:54	87.25925	110.15363	0.250	298.6
2020-01-12T02:04	87.25957	110.14072	0.250	297.3
2020-01-12T02:14	87.25989	110.12796	0.249	298.1
2020-01-12T02:24	87.26021	110.11499	0.251	297.5
2020-01-12T02:34	87.26053	110.10205	0.250	297.1
2020-01-12T02:44	87.26082	110.08899	0.248	295.2
2020-01-12T02:54	87.26110	110.07622	0.241	294.5
2020-01-12T03:04	87.26139	110.06313	0.247	294.4
2020-01-12T03:14	87.26167	110.05014	0.246	294.7
2020-01-12T03:24	87.26194	110.03700	0.245	292.9
2020-01-12T03:34	87.26219	110.02425	0.237	292.3
2020-01-12T03:44	87.26243	110.01127	0.240	291.3
2020-01-12T03:54	87.26267	109.99842	0.237	291.1
2020-01-12T04:04	87.26290	109.98560	0.236	291.2
2020-01-12T04:14	87.26314	109.97292	0.234	291.3
2020-01-12T04:24	87.26336	109.96026	0.232	290.4
2020-01-12T04:34	87.26360	109.94739	0.237	291.2
2020-01-12T04:44	87.26384	109.93473	0.234	291.7
2020-01-12T04:54	87.26406	109.92216	0.230	290.0
2020-01-12T05:04	87.26429	109.90951	0.232	290.6
2020-01-12T05:14	87.26451	109.89707	0.229	290.8
2020-01-12T05:24	87.26472	109.88473	0.225	289.3
2020-01-12T05:34	87.26491	109.87258	0.220	288.6
2020-01-12T05:44	87.26512	109.86006	0.228	289.0
2020-01-12T05:54	87.26533	109.84766	0.226	289.5
2020-01-12T06:04	87.26554	109.83540	0.224	290.2
2020-01-12T06:14	87.26576	109.82334	0.221	290.3
2020-01-12T06:24	87.26598	109.81111	0.225	290.7
2020-01-12T06:34	87.26620	109.79881	0.226	291.1
2020-01-12T06:44	87.26644	109.78635	0.231	291.9
2020-01-12T06:54	87.26670	109.77359	0.238	292.8
2020-01-12T07:04	87.26697	109.76040	0.247	293.4
2020-01-12T07:14	87.26724	109.74738	0.243	293.3
2020-01-12T07:24	87.26751	109.73422	0.247	293.9
2020-01-12T07:34	87.26779	109.72120	0.245	294.1
2020-01-12T07:44	87.26808	109.70805	0.249	294.9
2020-01-12T07:54	87.26838	109.69533	0.243	296.1
2020-01-12T08:04	87.26867	109.68246	0.245	295.6
2020-01-12T08:14	87.26897	109.66966	0.244	296.0
2020-01-12T08:24	87.26926	109.65673	0.245	295.3
2020-01-12T08:34	87.26957	109.64380	0.247	296.3
2020-01-12T08:44	87.26987	109.63077	0.249	296.1
2020-01-12T08:54	87.27018	109.61773	0.250	296.6
2020-01-12T09:04	87.27049	109.60476	0.248	296.5
2020-01-12T09:14	87.27081	109.59176	0.251	297.3
2020-01-12T09:24	87.27112	109.57889	0.247	296.7
2020-01-12T09:34	87.27143	109.56620	0.245	297.4
2020-01-12T09:44	87.27175	109.55347	0.247	297.8
2020-01-12T09:54	87.27207	109.54057	0.249	297.5
2020-01-12T10:04	87.27239	109.52759	0.250	297.1
2020-01-12T10:14	87.27270	109.51459	0.250	297.1
2020-01-12T10:24	87.27302	109.50159	0.250	297.2
2020-01-12T10:34	87.27333	109.48859	0.250	296.9
2020-01-12T10:44	87.27363	109.47562	0.247	296.0
2020-01-12T10:54	87.27394	109.46259	0.248	296.0
2020-01-12T11:04	87.27425	109.44954	0.250	296.5
2020-01-12T11:14	87.27456	109.43664	0.247	296.8
2020-01-12T11:24	87.27487	109.42362	0.250	296.9
2020-01-12T11:34	87.27520	109.41080	0.250	298.5
2020-01-12T11:44	87.27552	109.39817	0.245	298.0
2020-01-12T11:54	87.27585	109.38562	0.245	298.8
2020-01-12T12:04	87.27618	109.37302	0.247	299.0
2020-01-12T12:14	87.27653	109.36056	0.247	300.4
2020-01-12T12:24	87.27686	109.34812	0.244	299.3
2020-01-12T12:34	87.27720	109.33555	0.247	299.6
2020-01-12T12:44	87.27754	109.32299	0.247	299.7
2020-01-12T12:54	87.27792	109.31009	0.261	302.3
2020-01-12T13:04	87.27824	109.29734	0.246	297.9
2020-01-12T13:14	87.27853	109.28486	0.236	295.6
2020-01-12T13:24	87.27877	109.27278	0.225	293.3
2020-01-12T13:34	87.27902	109.26074	0.225	293.5
2020-01-12T13:44	87.27929	109.24877	0.226	294.9
2020-01-12T13:54	87.27952	109.23682	0.221	292.3
2020-01-12T14:04	87.27974	109.22503	0.216	291.3
2020-01-12T14:14	87.27996	109.21301	0.220	291.2
2020-01-12T14:24	87.28022	109.20087	0.228	294.6
2020-01-12T14:34	87.28052	109.18832	0.240	296.5
2020-01-12T14:44	87.28075	109.17663	0.217	292.8
2020-01-12T14:54	87.28097	109.16483	0.216	290.8
2020-01-12T15:04	87.28118	109.15293	0.218	291.0
2020-01-12T15:14	87.28140	109.14097	0.218	290.7
2020-01-12T15:24	87.28158	109.12885	0.217	287.4
2020-01-12T15:34	87.28175	109.11665	0.217	286.5
2020-01-12T15:44	87.28193	109.10425	0.222	287.2
2020-01-12T15:54	87.28211	109.09192	0.220	286.8
2020-01-12T16:04	87.28228	109.07916	0.226	285.6
2020-01-12T16:14	87.28246	109.06621	0.231	286.8
2020-01-12T16:24	87.28269	109.05333	0.234	290.2
2020-01-12T16:34	87.28287	109.04057	0.227	286.7
2020-01-12T16:44	87.28305	109.02815	0.222	287.5
2020-01-12T16:54	87.28325	109.01536	0.230	288.1
2020-01-12T17:04	87.28344	109.00267	0.227	287.6
2020-01-12T17:14	87.28365	108.98999	0.229	289.3
2020-01-12T17:24	87.28388	108.97703	0.235	290.1
2020-01-12T17:34	87.28411	108.96457	0.228	291.5
2020-01-12T17:44	87.28434	108.95186	0.233	291.3
2020-01-12T17:54	87.28458	108.93889	0.237	291.1
2020-01-12T18:04	87.28482	108.92556	0.244	291.0
2020-01-12T18:14	87.28507	108.91211	0.246	291.3
2020-01-12T18:24	87.28534	108.89827	0.255	292.2
2020-01-12T18:34	87.28561	108.88417	0.260	292.3
2020-01-12T18:44	87.28589	108.87026	0.258	293.0
2020-01-12T18:54	87.28618	108.85615	0.261	293.0
2020-01-12T19:04	87.28646	108.84182	0.265	292.8
2020-01-12T19:14	87.28675	108.82714	0.271	292.5
2020-01-12T19:24	87.28706	108.81225	0.277	293.8
2020-01-12T19:34	87.28738	108.79724	0.280	294.2
2020-01-12T19:44	87.28772	108.78196	0.289	295.5
2020-01-12T19:54	87.28806	108.76707	0.281	295.7
2020-01-12T20:04	87.28842	108.75179	0.291	296.5
2020-01-12T20:14	87.28879	108.73641	0.294	296.9
2020-01-12T20:24	87.28916	108.72085	0.297	296.9
2020-01-12T20:34	87.28955	108.70517	0.300	297.2
2020-01-12T20:44	87.28993	108.68923	0.305	297.0
2020-01-12T20:54	87.29030	108.67340	0.301	296.6
2020-01-12T21:04	87.29070	108.65662	0.318	296.3
2020-01-12T21:14	87.29111	108.64071	0.309	298.8
2020-01-12T21:24	87.29153	108.62410	0.321	298.4
2020-01-12T21:34	87.29197	108.60758	0.322	299.3
2020-01-12T21:44	87.29242	108.59092	0.327	300.0
2020-01-12T21:54	87.29287	108.57412	0.329	299.6
2020-01-12T22:04	87.29335	108.55694	0.338	300.2
2020-01-12T22:14	87.29383	108.53986	0.339	301.0
2020-01-12T22:24	87.29432	108.52274	0.339	301.0
2020-01-12T22:34	87.29480	108.50566	0.338	300.7
2020-01-12T22:44	87.29527	108.48866	0.336	300.6
2020-01-12T22:54	87.29575	108.47169	0.336	300.8
2020-01-12T23:04	87.29624	108.45479	0.336	301.5
2020-01-12T23:14	87.29672	108.43811	0.333	301.6
2020-01-12T23:24	87.29720	108.42135	0.334	301.5
2020-01-12T23:34	87.29768	108.40454	0.333	301.2
2020-01-12T23:44	87.29816	108.38798	0.329	301.2
2020-01-12T23:54	87.29863	108.37142	0.329	301.2
2020-01-13T00:04	87.29909	108.35478	0.328	300.6
2020-01-13T00:14	87.29956	108.33799	0.331	300.5
2020-01-13T00:24	87.30003	108.32103	0.333	300.4
2020-01-13T00:34	87.30050	108.30398	0.335	300.4
2020-01-13T00:44	87.30096	108.28724	0.329	300.5
2020-01-13T00:54	87.30143	108.27044	0.330	300.3
2020-01-13T01:04	87.30189	108.25364	0.330	300.3
2020-01-13T01:14	87.30236	108.23656	0.335	300.3
2020-01-13T01:24	87.30284	108.21929	0.340	300.5
2020-01-13T01:34	87.30332	108.20217	0.337	300.8
2020-01-13T01:44	87.30378	108.18517	0.333	300.1
2020-01-13T01:54	87.30424	108.16835	0.329	300.2
2020-01-13T02:04	87.30469	108.15155	0.328	299.8
2020-01-13T02:14	87.30515	108.13453	0.332	299.8
2020-01-13T02:24	87.30561	108.11745	0.334	300.1
2020-01-13T02:34	87.30609	108.10036	0.337	300.7
2020-01-13T02:44	87.30657	108.08326	0.336	300.7
2020-01-13T02:54	87.30704	108.06599	0.338	300.1
2020-01-13T03:04	87.30749	108.04846	0.339	298.8
2020-01-13T03:14	87.30794	108.03131	0.332	299.1
2020-01-13T03:24	87.30838	108.01398	0.333	298.4
2020-01-13T03:34	87.30881	107.99671	0.330	297.7
2020-01-13T03:44	87.30922	107.97928	0.331	297.1
2020-01-13T03:54	87.30966	107.96172	0.335	297.6
2020-01-13T04:04	87.31009	107.94408	0.336	297.5
2020-01-13T04:14	87.31052	107.92628	0.339	297.6
2020-01-13T04:24	87.31097	107.90820	0.345	297.7
2020-01-13T04:34	87.31141	107.89024	0.343	297.8
2020-01-13T04:44	87.31187	107.87204	0.349	298.3
2020-01-13T04:54	87.31233	107.85359	0.353	298.1
2020-01-13T05:04	87.31280	107.83512	0.355	298.6
2020-01-13T05:14	87.31329	107.81660	0.358	299.2
2020-01-13T05:24	87.31379	107.79803	0.361	299.7
2020-01-13T05:34	87.31429	107.77931	0.365	300.0
2020-01-13T05:44	87.31480	107.76030	0.369	299.8
2020-01-13T05:54	87.31533	107.74094	0.378	300.2
2020-01-13T06:04	87.31586	107.72150	0.380	300.4
2020-01-13T06:14	87.31639	107.70200	0.380	300.2
2020-01-13T06:24	87.31694	107.68241	0.384	300.8
2020-01-13T06:34	87.31750	107.66250	0.390	300.7
2020-01-13T06:44	87.31806	107.64263	0.393	301.5
2020-01-13T06:54	87.31864	107.62258	0.396	301.5
2020-01-13T07:04	87.31922	107.60254	0.398	301.9
2020-01-13T07:14	87.31981	107.58249	0.398	302.0
2020-01-13T07:24	87.32039	107.56223	0.400	301.6
2020-01-13T07:34	87.32099	107.54211	0.401	302.4
2020-01-13T07:44	87.32159	107.52195	0.403	302.7
2020-01-13T07:54	87.32220	107.50158	0.407	302.7
2020-01-13T08:04	87.32281	107.48136	0.403	302.6
2020-01-13T08:14	87.32342	107.46124	0.404	303.1
2020-01-13T08:24	87.32403	107.44121	0.402	303.2
2020-01-13T08:34	87.32465	107.42127	0.403	303.7
2020-01-13T08:44	87.32528	107.40129	0.404	303.9
2020-01-13T08:54	87.32591	107.38130	0.406	304.1
2020-01-13T09:04	87.32654	107.36130	0.406	304.2
2020-01-13T09:14	87.32719	107.34150	0.406	305.1
2020-01-13T09:24	87.32784	107.32170	0.407	305.3
2020-01-13T09:34	87.32851	107.30201	0.409	306.0
2020-01-13T09:44	87.32918	107.28253	0.407	306.6
2020-01-13T09:54	87.32986	107.26315	0.406	306.9
2020-01-13T10:04	87.33053	107.24387	0.404	306.9
2020-01-13T10:14	87.33121	107.22464	0.404	307.2
2020-01-13T10:24	87.33191	107.20511	0.413	307.5
2020-01-13T10:34	87.33261	107.18572	0.411	307.9
2020-01-13T10:44	87.33330	107.16658	0.406	307.9
2020-01-13T10:54	87.33400	107.14772	0.403	308.4
2020-01-13T11:04	87.33468	107.12906	0.398	308.3
2020-01-13T11:14	87.33537	107.11094	0.392	309.3
2020-01-13T11:24	87.33603	107.09265	0.387	307.8
2020-01-13T11:34	87.33669	107.07493	0.379	308.6
2020-01-13T11:44	87.33733	107.05723	0.377	308.2
2020-01-13T11:54	87.33797	107.03953	0.375	307.9
2020-01-13T12:04	87.33861	107.02222	0.369	308.4
2020-01-13T12:14	87.33924	107.00480	0.368	307.7
2020-01-13T12:24	87.33985	106.98783	0.360	308.0
2020-01-13T12:34	87.34046	106.97101	0.355	307.7
2020-01-13T12:44	87.34105	106.95426	0.352	307.2
2020-01-13T12:54	87.34164	106.93770	0.349	307.7
2020-01-13T13:04	87.34223	106.92116	0.348	307.5
2020-01-13T13:14	87.34281	106.90481	0.343	307.3
2020-01-13T13:24	87.34337	106.88865	0.338	307.0
2020-01-13T13:34	87.34393	106.87269	0.333	307.0
2020-01-13T13:44	87.34447	106.85685	0.329	306.7
2020-01-13T13:54	87.34502	106.84111	0.328	306.7
2020-01-13T14:04	87.34556	106.82552	0.324	306.8
2020-01-13T14:14	87.34608	106.81005	0.320	306.3
2020-01-13T14:24	87.34659	106.79471	0.314	305.6
2020-01-13T14:34	87.34710	106.77950	0.312	305.8
2020-01-13T14:44	87.34760	106.76432	0.311	305.5
2020-01-13T14:54	87.34810	106.74913	0.311	305.5
2020-01-13T15:04	87.34860	106.73394	0.310	305.3
2020-01-13T15:14	87.34909	106.71888	0.308	305.4
2020-01-13T15:24	87.34958	106.70362	0.310	304.8
2020-01-13T15:34	87.35007	106.68821	0.311	304.4
2020-01-13T15:44	87.35056	106.67267	0.313	304.2
2020-01-13T15:54	87.35105	106.65697	0.315	304.1
2020-01-13T16:04	87.35155	106.64111	0.319	304.1
2020-01-13T16:14	87.35204	106.62531	0.317	304.1
2020-01-13T16:24	87.35253	106.60943	0.319	304.0
2020-01-13T16:34	87.35303	106.59354	0.319	304.2
2020-01-13T16:44	87.35353	106.57761	0.319	303.8
2020-01-13T16:54	87.35402	106.56144	0.323	303.7
2020-01-13T17:04	87.35453	106.54516	0.326	303.9
2020-01-13T17:14	87.35503	106.52880	0.327	303.8
2020-01-13T17:24	87.35554	106.51231	0.329	303.6
2020-01-13T17:34	87.35605	106.49588	0.329	304.0
2020-01-13T17:44	87.35656	106.47911	0.335	303.6
2020-01-13T17:54	87.35708	106.46246	0.334	304.1
2020-01-13T18:04	87.35761	106.44571	0.336	304.1
2020-01-13T18:14	87.35813	106.42889	0.338	304.2
2020-01-13T18:24	87.35867	106.41216	0.338	304.7
2020-01-13T18:34	87.35921	106.39529	0.341	305.0
2020-01-13T18:44	87.35975	106.37840	0.342	305.0
2020-01-13T18:54	87.36031	106.36132	0.346	305.0
2020-01-13T19:04	87.36087	106.34409	0.350	305.3
2020-01-13T19:14	87.36143	106.32691	0.349	305.4
2020-01-13T19:24	87.36200	106.30977	0.350	305.7
2020-01-13T19:34	87.36258	106.29272	0.352	306.6
2020-01-13T19:44	87.36316	106.27585	0.350	307.1
2020-01-13T19:54	87.36376	106.25893	0.353	307.4
2020-01-13T20:04	87.36435	106.24212	0.351	307.5
2020-01-13T20:14	87.36495	106.22533	0.351	307.7
2020-01-13T20:24	87.36556	106.20871	0.351	308.4
2020-01-13T20:34	87.36618	106.19215	0.355	309.4
2020-01-13T20:44	87.36682	106.17564	0.356	310.0
2020-01-13T20:54	87.36747	106.15908	0.361	310.6
2020-01-13T21:04	87.36812	106.14254	0.361	310.8
2020-01-13T21:14	87.36878	106.12660	0.354	311.9
2020-01-13T21:24	87.36945	106.11041	0.361	312.1
2020-01-13T21:34	87.37012	106.09417	0.361	312.1
2020-01-13T21:44	87.37080	106.07804	0.361	312.4
2020-01-13T21:54	87.37147	106.06215	0.357	312.7
2020-01-13T22:04	87.37214	106.04628	0.355	312.5
2020-01-13T22:14	87.37279	106.03080	0.346	312.4
2020-01-13T22:24	87.37343	106.01549	0.344	312.7
2020-01-13T22:34	87.37408	106.00037	0.341	313.0
2020-01-13T22:44	87.37472	105.98523	0.339	312.6
2020-01-13T22:54	87.37537	105.97047	0.338	314.0
2020-01-13T23:04	87.37601	105.95569	0.334	313.2
2020-01-13T23:14	87.37664	105.94086	0.334	313.0
2020-01-13T23:24	87.37727	105.92609	0.332	312.9
2020-01-13T23:34	87.37788	105.91141	0.329	312.6
2020-01-13T23:44	87.37850	105.89684	0.327	312.8
2020-01-13T23:54	87.37912	105.88237	0.326	313.1
2020-01-14T00:04	87.37974	105.86781	0.327	312.9
2020-01-14T00:14	87.38036	105.85364	0.324	313.9
2020-01-14T00:24	87.38097	105.83920	0.323	312.7
2020-01-14T00:34	87.38157	105.82478	0.321	312.4
2020-01-14T00:44	87.38216	105.81068	0.315	312.6
2020-01-14T00:54	87.38276	105.79661	0.315	312.8
2020-01-14T01:04	87.38335	105.78251	0.314	312.5
2020-01-14T01:14	87.38394	105.76868	0.311	313.1
2020-01-14T01:24	87.38452	105.75508	0.305	312.9
2020-01-14T01:34	87.38509	105.74154	0.303	312.8
2020-01-14T01:44	87.38566	105.72816	0.300	312.9
2020-01-14T01:54	87.38621	105.71472	0.298	312.2
2020-01-14T02:04	87.38676	105.70175	0.290	312.7
2020-01-14T02:14	87.38729	105.68881	0.286	312.0
2020-01-14T02:24	87.38782	105.67580	0.286	311.8
2020-01-14T02:34	87.38834	105.66305	0.282	312.2
2020-01-14T02:44	87.38887	105.65050	0.280	312.7
2020-01-14T02:54	87.38939	105.63769	0.280	311.4
2020-01-14T03:04	87.38989	105.62469	0.279	310.2
2020-01-14T03:14	87.39039	105.61242	0.272	312.3
2020-01-14T03:24	87.39091	105.60026	0.271	312.7
2020-01-14T03:34	87.39136	105.58754	0.266	308.3
2020-01-14T03:44	87.39181	105.57510	0.259	308.1
2020-01-14T03:54	87.39225	105.56279	0.257	308.4
2020-01-14T04:04	87.39269	105.55055	0.255	308.1
2020-01-14T04:14	87.39314	105.53876	0.252	310.1
2020-01-14T04:24	87.39358	105.52650	0.257	308.7
2020-01-14T04:34	87.39403	105.51404	0.259	308.0
2020-01-14T04:44	87.39449	105.50205	0.256	310.1
2020-01-14T04:54	87.39495	105.49013	0.256	310.4
2020-01-14T05:04	87.39540	105.47798	0.256	309.2
2020-01-14T05:14	87.39582	105.46570	0.252	307.1
2020-01-14T05:24	87.39619	105.45292	0.249	303.0
2020-01-14T05:34	87.39658	105.44035	0.248	303.8
2020-01-14T05:44	87.39696	105.42785	0.247	304.1
2020-01-14T05:54	87.39735	105.41517	0.250	304.0
2020-01-14T06:04	87.39774	105.40252	0.250	304.1
2020-01-14T06:14	87.39813	105.38995	0.248	304.0
2020-01-14T06:24	87.39851	105.37736	0.248	303.8
2020-01-14T06:34	87.39893	105.36507	0.252	307.0
2020-01-14T06:44	87.39936	105.35295	0.253	308.4
2020-01-14T06:54	87.39981	105.34077	0.255	308.9
2020-01-14T07:04	87.40024	105.32862	0.253	308.2
2020-01-14T07:14	87.40065	105.31608	0.252	305.5
2020-01-14T07:24	87.40106	105.30362	0.252	306.2
2020-01-14T07:34	87.40149	105.29157	0.251	308.3
2020-01-14T07:44	87.40191	105.27925	0.250	306.5
2020-01-14T07:54	87.40231	105.26677	0.249	305.3
2020-01-14T08:04	87.40271	105.25442	0.249	306.0
2020-01-14T08:14	87.40313	105.24225	0.250	307.3
2020-01-14T08:24	87.40355	105.22967	0.255	306.3
2020-01-14T08:34	87.40393	105.21658	0.253	302.3
2020-01-14T08:44	87.40431	105.20343	0.255	302.7
2020-01-14T08:54	87.40472	105.19113	0.250	306.7
2020-01-14T09:04	87.40515	105.17787	0.264	305.2
2020-01-14T09:14	87.40560	105.16562	0.258	309.4
2020-01-14T09:24	87.40602	105.15296	0.255	305.9
2020-01-14T09:34	87.40641	105.14099	0.241	306.0
2020-01-14T09:44	87.40681	105.12869	0.247	305.7
2020-01-14T09:54	87.40721	105.11672	0.242	306.2
2020-01-14T10:04	87.40761	105.10482	0.241	306.5
2020-01-14T10:14	87.40801	105.09260	0.247	306.2
2020-01-14T10:24	87.40841	105.08057	0.243	306.4
2020-01-14T10:34	87.40881	105.06866	0.241	306.5
2020-01-14T10:44	87.40922	105.05669	0.245	307.2
2020-01-14T10:54	87.40964	105.04502	0.242	308.2
2020-01-14T11:04	87.41006	105.03380	0.237	309.6
2020-01-14T11:14	87.41045	105.02248	0.234	308.0
2020-01-14T11:24	87.41087	105.01145	0.233	309.6
2020-01-14T11:34	87.41128	105.00026	0.235	309.3
2020-01-14T11:44	87.41169	104.98909	0.235	309.4
2020-01-14T11:54	87.41209	104.97766	0.234	307.3
2020-01-14T12:04	87.41247	104.96660	0.227	307.7
2020-01-14T12:14	87.41285	104.95541	0.228	307.1
2020-01-14T12:24	87.41324	104.94453	0.225	308.1
2020-01-14T12:34	87.41365	104.93357	0.231	309.4
2020-01-14T12:44	87.41404	104.92283	0.225	309.1
2020-01-14T12:54	87.41441	104.91226	0.217	307.8
2020-01-14T13:04	87.41477	104.90092	0.225	305.3
2020-01-14T13:14	87.41511	104.89057	0.208	306.0
2020-01-14T13:24	87.41546	104.88008	0.213	306.8
2020-01-14T13:34	87.41581	104.87007	0.205	307.4
2020-01-14T13:44	87.41614	104.86021	0.199	306.6
2020-01-14T13:54	87.41646	104.85030	0.198	305.8
2020-01-14T14:04	87.41680	104.83988	0.209	305.8
2020-01-14T14:14	87.41712	104.82951	0.204	304.4
2020-01-14T14:24	87.41743	104.81938	0.198	303.8
2020-01-14T14:34	87.41774	104.80908	0.202	304.0
2020-01-14T14:44	87.41803	104.79851	0.201	301.3
2020-01-14T14:54	87.41832	104.78837	0.195	302.3
2020-01-14T15:04	87.41859	104.77778	0.198	299.8
2020-01-14T15:14	87.41886	104.76773	0.189	300.5
2020-01-14T15:24	87.41915	104.75720	0.201	302.1
2020-01-14T15:34	87.41944	104.74671	0.198	300.8
2020-01-14T15:44	87.41969	104.73615	0.194	297.9
2020-01-14T15:54	87.41992	104.72583	0.187	296.7
2020-01-14T16:04	87.42016	104.71559	0.187	297.2
2020-01-14T16:14	87.42039	104.70524	0.187	296.4
2020-01-14T16:24	87.42060	104.69516	0.181	295.5
2020-01-14T16:34	87.42082	104.68511	0.180	295.3
2020-01-14T16:44	87.42103	104.67480	0.183	294.3
2020-01-14T16:54	87.42125	104.66410	0.190	294.4
2020-01-14T17:04	87.42146	104.65324	0.192	293.4
2020-01-14T17:14	87.42167	104.64208	0.197	293.3
2020-01-14T17:24	87.42189	104.63087	0.198	293.6
2020-01-14T17:34	87.42212	104.61955	0.201	294.4
2020-01-14T17:44	87.42236	104.60815	0.203	294.8
2020-01-14T17:54	87.42260	104.59665	0.205	294.8
2020-01-14T18:04	87.42283	104.58566	0.197	295.3
2020-01-14T18:14	87.42308	104.57479	0.198	297.1
2020-01-14T18:24	87.42333	104.56412	0.194	297.1
2020-01-14T18:34	87.42358	104.55318	0.199	297.1
2020-01-14T18:44	87.42386	104.54252	0.199	300.1
2020-01-14T18:54	87.42413	104.53163	0.201	298.8
2020-01-14T19:04	87.42439	104.52076	0.200	298.5
2020-01-14T19:14	87.42469	104.51006	0.203	301.6
2020-01-14T19:24	87.42498	104.49892	0.208	300.0
2020-01-14T19:34	87.42527	104.48804	0.206	301.4
2020-01-14T19:44	87.42557	104.47696	0.208	300.3
2020-01-14T19:54	87.42585	104.46578	0.208	299.5
2020-01-14T20:04	87.42615	104.45467	0.209	300.8
2020-01-14T20:14	87.42647	104.44340	0.217	303.0
2020-01-14T20:24	87.42681	104.43246	0.214	304.4
2020-01-14T20:34	87.42716	104.42145	0.218	305.1
2020-01-14T20:44	87.42750	104.41071	0.213	305.4
2020-01-14T20:54	87.42787	104.39998	0.219	307.5
2020-01-14T21:04	87.42826	104.38964	0.218	310.0
2020-01-14T21:14	87.42865	104.37929	0.219	310.3
2020-01-14T21:24	87.42904	104.36882	0.219	309.5
2020-01-14T21:34	87.42942	104.35834	0.217	308.8
2020-01-14T21:44	87.42980	104.34771	0.221	308.9
2020-01-14T21:54	87.43020	104.33688	0.226	309.4
2020-01-14T22:04	87.43062	104.32609	0.231	311.0
2020-01-14T22:14	87.43105	104.31528	0.232	311.4
2020-01-14T22:24	87.43152	104.30455	0.243	314.6
2020-01-14T22:34	87.43201	104.29371	0.248	315.1
2020-01-14T22:44	87.43252	104.28293	0.252	316.4
2020-01-14T22:54	87.43309	104.27228	0.268	320.2
2020-01-14T23:04	87.43370	104.26133	0.281	321.0
2020-01-14T23:14	87.43432	104.25031	0.287	321.7
2020-01-14T23:24	87.43495	104.23968	0.283	322.8
2020-01-14T23:34	87.43557	104.22915	0.281	322.9
2020-01-14T23:44	87.43621	104.21860	0.288	323.8
2020-01-14T23:54	87.43685	104.20764	0.289	322.4
2020-01-15T00:04	87.43745	104.19691	0.276	321.2
2020-01-15T00:14	87.43803	104.18656	0.269	321.7
2020-01-15T00:24	87.43861	104.17636	0.265	321.8
2020-01-15T00:34	87.43911	104.16568	0.248	316.1
2020-01-15T00:44	87.43963	104.15458	0.261	316.8
2020-01-15T00:54	87.44020	104.14305	0.274	317.5
2020-01-15T01:04	87.44074	104.13170	0.268	317.1
2020-01-15T01:14	87.44131	104.11990	0.278	317.0
2020-01-15T01:24	87.44189	104.10822	0.281	318.0
2020-01-15T01:34	87.44248	104.09688	0.282	319.7
2020-01-15T01:44	87.44304	104.08568	0.270	318.2
2020-01-15T01:54	87.44356	104.07457	0.257	316.1
2020-01-15T02:04	87.44411	104.06349	0.268	318.3
2020-01-15T02:14	87.44464	104.05267	0.259	317.9
2020-01-15T02:24	87.44520	104.04187	0.265	319.1
2020-01-15T02:34	87.44575	104.03066	0.268	317.8
2020-01-15T02:44	87.44626	104.01935	0.258	315.4
2020-01-15T02:54	87.44671	104.00792	0.244	311.2
2020-01-15T03:04	87.44712	103.99641	0.238	309.1
2020-01-15T03:14	87.44756	103.98520	0.238	310.9
2020-01-15T03:24	87.44802	103.97414	0.244	313.3
2020-01-15T03:34	87.44850	103.96306	0.247	314.1
2020-01-15T03:44	87.44893	103.95149	0.243	310.2
2020-01-15T03:54	87.44934	103.93968	0.240	307.9
2020-01-15T04:04	87.44974	103.92771	0.240	306.9
2020-01-15T04:14	87.45019	103.91567	0.250	309.6
2020-01-15T04:24	87.45068	103.90338	0.264	311.9
2020-01-15T04:34	87.45114	103.89169	0.251	311.8
2020-01-15T04:44	87.45154	103.87942	0.243	306.2
2020-01-15T04:54	87.45191	103.86622	0.250	302.3
2020-01-15T05:04	87.45241	103.85292	0.279	310.4
2020-01-15T05:14	87.45287	103.83961	0.270	307.8
2020-01-15T05:24	87.45336	103.82516	0.291	307.4
2020-01-15T05:34	87.45386	103.80996	0.301	306.2
2020-01-15T05:44	87.45436	103.79433	0.308	305.7
2020-01-15T05:54	87.45485	103.77870	0.306	305.3
2020-01-15T06:04	87.45531	103.76317	0.300	304.1
2020-01-15T06:14	87.45572	103.74796	0.283	301.0
2020-01-15T06:24	87.45610	103.73318	0.274	300.3
2020-01-15T06:34	87.45649	103.71840	0.275	300.7
2020-01-15T06:44	87.45693	103.70379	0.281	303.9
2020-01-15T06:54	87.45736	103.68869	0.288	303.0
2020-01-15T07:04	87.45781	103.67329	0.294	303.2
2020-01-15T07:14	87.45826	103.65841	0.288	304.4
2020-01-15T07:24	87.45881	103.64313	0.313	308.8
2020-01-15T07:34	87.45931	103.62800	0.301	306.7
2020-01-15T07:44	87.45988	103.61219	0.327	309.4
2020-01-15T07:54	87.46046	103.59638	0.326	309.4
2020-01-15T08:04	87.46101	103.58017	0.326	307.5
2020-01-15T08:14	87.46146	103.56421	0.302	302.7
2020-01-15T08:24	87.46194	103.54814	0.309	303.9
2020-01-15T08:34	87.46245	103.53170	0.320	305.1
2020-01-15T08:44	87.46303	103.51438	0.345	306.9
2020-01-15T08:54	87.46363	103.49692	0.352	307.9
2020-01-15T09:04	87.46424	103.47924	0.358	308.0
2020-01-15T09:14	87.46488	103.46178	0.361	309.7
2020-01-15T09:24	87.46552	103.44456	0.358	310.1
2020-01-15T09:34	87.46616	103.42762	0.355	310.6
2020-01-15T09:44	87.46679	103.41127	0.344	310.8
2020-01-15T09:54	87.46740	103.39476	0.344	310.3
2020-01-15T10:04	87.46804	103.37855	0.344	311.5
2020-01-15T10:14	87.46867	103.36272	0.340	312.2
2020-01-15T10:24	87.46931	103.34701	0.338	312.4
2020-01-15T10:34	87.46995	103.33141	0.339	312.9
2020-01-15T10:44	87.47059	103.31569	0.341	313.0
2020-01-15T10:54	87.47125	103.30033	0.340	314.2
2020-01-15T11:04	87.47191	103.28550	0.335	315.4
2020-01-15T11:14	87.47258	103.27104	0.332	316.2
2020-01-15T11:24	87.47324	103.25679	0.329	316.6
2020-01-15T11:34	87.47392	103.24248	0.333	316.9
2020-01-15T11:44	87.47457	103.22878	0.319	317.1
2020-01-15T11:54	87.47520	103.21534	0.312	316.8
2020-01-15T12:04	87.47584	103.20197	0.313	317.5
2020-01-15T12:14	87.47650	103.18858	0.318	318.1
2020-01-15T12:24	87.47711	103.17572	0.299	317.1
2020-01-15T12:34	87.47771	103.16294	0.298	317.2
2020-01-15T12:44	87.47833	103.14997	0.301	317.0
2020-01-15T12:54	87.47896	103.13673	0.309	317.2
2020-01-15T13:04	87.47960	103.12338	0.313	317.5
2020-01-15T13:14	87.48022	103.11052	0.304	318.0
2020-01-15T13:24	87.48083	103.09798	0.295	317.7
2020-01-15T13:34	87.48144	103.08537	0.296	317.6
2020-01-15T13:44	87.48204	103.07289	0.295	317.9
2020-01-15T13:54	87.48266	103.06065	0.295	319.0
2020-01-15T14:04	87.48327	103.04865	0.289	319.0
2020-01-15T14:14	87.48388	103.03715	0.286	320.5
2020-01-15T14:24	87.48449	103.02553	0.286	320.1
2020-01-15T14:34	87.48509	103.01394	0.285	319.9
2020-01-15T14:44	87.48571	103.00259	0.285	321.1
2020-01-15T14:54	87.48633	102.99135	0.284	321.4
2020-01-15T15:04	87.48694	102.98060	0.277	322.2
2020-01-15T15:14	87.48754	102.97021	0.274	323.2
2020-01-15T15:24	87.48817	102.95992	0.276	324.0
2020-01-15T15:34	87.48879	102.94982	0.275	324.6
2020-01-15T15:44	87.48942	102.93968	0.277	324.8
2020-01-15T15:54	87.49005	102.92973	0.277	325.6
2020-01-15T16:04	87.49069	102.91988	0.275	325.7
2020-01-15T16:14	87.49133	102.91023	0.276	326.6
2020-01-15T16:24	87.49198	102.90080	0.278	327.7
2020-01-15T16:34	87.49265	102.89148	0.282	328.6
2020-01-15T16:44	87.49332	102.88226	0.284	329.2
2020-01-15T16:54	87.49402	102.87323	0.287	330.3
2020-01-15T17:04	87.49472	102.86431	0.290	331.1
2020-01-15T17:14	87.49540	102.85567	0.281	331.0
2020-01-15T17:24	87.49612	102.84760	0.287	333.7
2020-01-15T17:34	87.49689	102.83938	0.308	335.2
2020-01-15T17:44	87.49764	102.83146	0.297	335.2
2020-01-15T17:54	87.49837	102.82338	0.291	334.1
2020-01-15T18:04	87.49911	102.81515	0.296	334.1
2020-01-15T18:14	87.49986	102.80695	0.300	334.6
2020-01-15T18:24	87.50062	102.79888	0.302	335.2
2020-01-15T18:34	87.50139	102.79059	0.305	334.8
2020-01-15T18:44	87.50219	102.78237	0.316	335.9
2020-01-15T18:54	87.50300	102.77408	0.321	336.1
2020-01-15T19:04	87.50384	102.76560	0.329	336.1
2020-01-15T19:14	87.50469	102.75701	0.334	336.2
2020-01-15T19:24	87.50554	102.74840	0.335	336.3
2020-01-15T19:34	87.50640	102.73986	0.338	336.7
2020-01-15T19:44	87.50727	102.73141	0.339	337.0
2020-01-15T19:54	87.50813	102.72290	0.339	336.9
2020-01-15T20:04	87.50900	102.71445	0.340	337.1
2020-01-15T20:14	87.50988	102.70593	0.342	337.0
2020-01-15T20:24	87.51075	102.69716	0.342	336.4
2020-01-15T20:34	87.51162	102.68843	0.342	336.5
2020-01-15T20:44	87.51250	102.67960	0.344	336.4
2020-01-15T20:54	87.51341	102.67063	0.357	336.9
2020-01-15T21:04	87.51426	102.66202	0.336	336.4
2020-01-15T21:14	87.51514	102.65310	0.346	336.3
2020-01-15T21:24	87.51602	102.64420	0.345	336.3
2020-01-15T21:34	87.51690	102.63535	0.345	336.4
2020-01-15T21:44	87.51777	102.62646	0.343	336.2
2020-01-15T21:54	87.51865	102.61747	0.345	336.1
2020-01-15T22:04	87.51953	102.60844	0.346	336.0
2020-01-15T22:14	87.52040	102.59939	0.344	335.8
2020-01-15T22:24	87.52127	102.59030	0.344	335.7
2020-01-15T22:34	87.52212	102.58100	0.340	334.8
2020-01-15T22:44	87.52298	102.57174	0.340	335.0
2020-01-15T22:54	87.52383	102.56249	0.339	334.9
2020-01-15T23:04	87.52467	102.55292	0.337	333.8
2020-01-15T23:14	87.52551	102.54339	0.336	333.8
2020-01-15T23:24	87.52634	102.53382	0.333	333.5
2020-01-15T23:34	87.52717	102.52406	0.334	333.0
2020-01-15T23:44	87.52799	102.51430	0.333	332.9
2020-01-15T23:54	87.52881	102.50422	0.335	332.2
2020-01-16T00:04	87.52964	102.49424	0.334	332.4
2020-01-16T00:14	87.53045	102.48407	0.334	331.8
2020-01-16T00:24	87.53126	102.47367	0.334	331.1
2020-01-16T00:34	87.53207	102.46315	0.332	330.6
2020-01-16T00:44	87.53286	102.45252	0.331	330.1
2020-01-16T00:54	87.53366	102.44198	0.329	330.2
2020-01-16T01:04	87.53443	102.43120	0.324	329.0
2020-01-16T01:14	87.53519	102.42049	0.321	328.8
2020-01-16T01:24	87.53595	102.40956	0.322	328.3
2020-01-16T01:34	87.53670	102.39851	0.319	327.7
2020-01-16T01:44	87.53745	102.38732	0.321	327.3
2020-01-16T01:54	87.53818	102.37602	0.317	326.5
2020-01-16T02:04	87.53890	102.36473	0.312	326.0
2020-01-16T02:14	87.53961	102.35328	0.311	325.4
2020-01-16T02:24	87.54031	102.34164	0.308	324.3
2020-01-16T02:34	87.54100	102.33003	0.306	324.1
2020-01-16T02:44	87.54168	102.31832	0.304	323.6
2020-01-16T02:54	87.54234	102.30644	0.301	322.5
2020-01-16T03:04	87.54299	102.29441	0.299	321.6
2020-01-16T03:14	87.54364	102.28217	0.299	320.8
2020-01-16T03:24	87.54427	102.26985	0.297	320.3
2020-01-16T03:34	87.54490	102.25749	0.294	319.6
2020-01-16T03:44	87.54551	102.24497	0.293	318.8
2020-01-16T03:54	87.54611	102.23222	0.292	317.7
2020-01-16T04:04	87.54670	102.21950	0.289	317.4
2020-01-16T04:14	87.54729	102.20670	0.289	316.9
2020-01-16T04:24	87.54785	102.19387	0.285	316.0
2020-01-16T04:34	87.54841	102.18110	0.280	315.4
2020-01-16T04:44	87.54894	102.16810	0.278	313.9
2020-01-16T04:54	87.54947	102.15492	0.277	312.9
2020-01-16T05:04	87.54997	102.14182	0.270	311.6
2020-01-16T05:14	87.55044	102.12880	0.264	310.5
2020-01-16T05:24	87.55091	102.11546	0.265	309.2
2020-01-16T05:34	87.55135	102.10221	0.260	308.3
2020-01-16T05:44	87.55179	102.08886	0.258	307.3
2020-01-16T05:54	87.55221	102.07540	0.258	306.6
2020-01-16T06:04	87.55263	102.06171	0.258	305.4
2020-01-16T06:14	87.55303	102.04797	0.257	304.8
2020-01-16T06:24	87.55343	102.03385	0.259	303.1
2020-01-16T06:34	87.55383	102.01966	0.261	303.4
2020-01-16T06:44	87.55421	102.00513	0.262	301.7
2020-01-16T06:54	87.55458	101.99053	0.261	300.9
2020-01-16T07:04	87.55495	101.97597	0.260	300.8
2020-01-16T07:14	87.55531	101.96110	0.262	299.3
2020-01-16T07:24	87.55567	101.94621	0.263	299.6
2020-01-16T07:34	87.55603	101.93091	0.269	299.1
2020-01-16T07:44	87.55638	101.91538	0.270	298.0
2020-01-16T07:54	87.55672	101.89997	0.267	297.4
2020-01-16T08:04	87.55705	101.88459	0.264	296.7
2020-01-16T08:14	87.55739	101.86906	0.267	296.7
2020-01-16T08:24	87.55772	101.85342	0.269	296.8
2020-01-16T08:34	87.55805	101.83756	0.270	295.8
2020-01-16T08:44	87.55837	101.82190	0.266	295.3
2020-01-16T08:54	87.55869	101.80593	0.271	295.4
2020-01-16T09:04	87.55900	101.79009	0.268	294.9
2020-01-16T09:14	87.55930	101.77433	0.265	294.3
2020-01-16T09:24	87.55960	101.75842	0.266	293.5
2020-01-16T09:34	87.55988	101.74262	0.263	292.8
2020-01-16T09:44	87.56013	101.72725	0.253	291.2
2020-01-16T09:54	87.56037	101.71195	0.249	289.7
2020-01-16T10:04	87.56059	101.69665	0.248	289.2
2020-01-16T10:14	87.56081	101.68154	0.244	288.6
2020-01-16T10:24	87.56101	101.66635	0.244	287.2
2020-01-16T10:34	87.56120	101.65092	0.246	286.2
2020-01-16T10:44	87.56139	101.63543	0.247	285.8
2020-01-16T10:54	87.56158	101.61976	0.250	286.1
2020-01-16T11:04	87.56178	101.60441	0.245	286.5
2020-01-16T11:14	87.56197	101.58882	0.249	286.3
2020-01-16T11:24	87.56215	101.57326	0.247	285.5
2020-01-16T11:34	87.56234	101.55771	0.248	285.8
2020-01-16T11:44	87.56253	101.54181	0.253	286.0
2020-01-16T11:54	87.56274	101.52641	0.247	287.2
2020-01-16T12:04	87.56292	101.51060	0.251	285.1
2020-01-16T12:14	87.56309	101.49500	0.247	284.7
2020-01-16T12:24	87.56326	101.47925	0.248	284.0
2020-01-16T12:34	87.56341	101.46364	0.246	283.2
2020-01-16T12:44	87.56356	101.44811	0.244	282.7
2020-01-16T12:54	87.56369	101.43242	0.245	281.2
2020-01-16T13:04	87.56383	101.41694	0.242	281.4
2020-01-16T13:14	87.56396	101.40148	0.242	281.7
2020-01-16T13:24	87.56408	101.38628	0.237	280.7
2020-01-16T13:34	87.56418	101.37084	0.239	278.7
2020-01-16T13:44	87.56427	101.35533	0.239	277.3
2020-01-16T13:54	87.56429	101.33973	0.239	272.2
2020-01-16T14:04	87.56428	101.32382	0.243	268.5
2020-01-16T14:14	87.56427	101.30791	0.244	269.6
2020-01-16T14:24	87.56427	101.29171	0.248	269.8
2020-01-16T14:34	87.56426	101.27514	0.253	269.5
2020-01-16T14:44	87.56427	101.25871	0.251	270.3
2020-01-16T14:54	87.56426	101.24233	0.251	269.4
2020-01-16T15:04	87.56424	101.22600	0.250	268.7
2020-01-16T15:14	87.56420	101.20932	0.256	266.1
2020-01-16T15:24	87.56413	101.19246	0.259	264.4
2020-01-16T15:34	87.56404	101.17555	0.260	263.5
2020-01-16T15:44	87.56395	101.15859	0.262	263.0
2020-01-16T15:54	87.56387	101.14154	0.263	263.1
2020-01-16T16:04	87.56377	101.12457	0.262	262.6
2020-01-16T16:14	87.56366	101.10725	0.268	261.4
2020-01-16T16:24	87.56355	101.08990	0.269	261.2
2020-01-16T16:34	87.56343	101.07240	0.271	261.0
2020-01-16T16:44	87.56332	101.05508	0.268	261.3
2020-01-16T16:54	87.56320	101.03773	0.269	260.7
2020-01-16T17:04	87.56307	101.02030	0.270	260.7
2020-01-16T17:14	87.56294	101.00249	0.277	259.6
2020-01-16T17:24	87.56280	100.98498	0.272	259.8
2020-01-16T17:34	87.56264	100.96692	0.283	258.1
2020-01-16T17:44	87.56247	100.94849	0.289	257.8
2020-01-16T17:54	87.56230	100.92936	0.300	258.0
2020-01-16T18:04	87.56212	100.90990	0.305	257.9
2020-01-16T18:14	87.56193	100.89047	0.305	257.4
2020-01-16T18:24	87.56177	100.87155	0.296	258.6
2020-01-16T18:34	87.56160	100.85278	0.294	257.9
2020-01-16T18:44	87.56144	100.83407	0.292	258.8
2020-01-16T18:54	87.56128	100.81518	0.295	258.7
2020-01-16T19:04	87.56111	100.79632	0.295	258.1
2020-01-16T19:14	87.56095	100.77741	0.296	258.5
2020-01-16T19:24	87.56077	100.75825	0.301	257.6
2020-01-16T19:34	87.56059	100.73986	0.289	257.1
2020-01-16T19:44	87.56045	100.72162	0.284	259.8
2020-01-16T19:54	87.56030	100.70357	0.282	259.3
2020-01-16T20:04	87.56015	100.68550	0.282	259.0
2020-01-16T20:14	87.55999	100.66748	0.283	257.8
2020-01-16T20:24	87.55980	100.64888	0.293	256.7
2020-01-16T20:34	87.55962	100.62957	0.303	257.7
2020-01-16T20:44	87.55945	100.61032	0.302	258.2
2020-01-16T20:54	87.55927	100.59022	0.315	258.3
2020-01-16T21:04	87.55910	100.57096	0.302	257.9
2020-01-16T21:14	87.55891	100.55108	0.312	257.8
2020-01-16T21:24	87.55869	100.53132	0.313	255.2
2020-01-16T21:34	87.55851	100.51200	0.303	257.6
2020-01-16T21:44	87.55832	100.49310	0.298	256.9
2020-01-16T21:54	87.55811	100.47414	0.301	255.1
2020-01-16T22:04	87.55791	100.45564	0.293	255.8
2020-01-16T22:14	87.55772	100.43769	0.283	256.3
2020-01-16T22:24	87.55751	100.41970	0.286	254.5
2020-01-16T22:34	87.55729	100.40157	0.289	254.1
2020-01-16T22:44	87.55708	100.38393	0.281	254.6
2020-01-16T22:54	87.55688	100.36624	0.281	255.1
2020-01-16T23:04	87.55666	100.34814	0.289	254.2
2020-01-16T23:14	87.55642	100.33020	0.289	252.6
2020-01-16T23:24	87.55615	100.31244	0.290	250.1
2020-01-16T23:34	87.55584	100.29491	0.291	247.7
2020-01-16T23:44	87.55554	100.27758	0.287	247.8
2020-01-16T23:54	87.55523	100.26042	0.286	247.4
2020-01-17T00:04	87.55498	100.24403	0.267	250.4
2020-01-17T00:14	87.55474	100.22760	0.267	251.0
2020-01-17T00:24	87.55449	100.21118	0.268	250.1
2020-01-17T00:34	87.55419	100.19452	0.277	247.3
2020-01-17T00:44	87.55382	100.17764	0.292	242.8
2020-01-17T00:54	87.55350	100.16117	0.278	245.6
2020-01-17T01:04	87.55318	100.14493	0.275	245.1
2020-01-17T01:14	87.55284	100.12855	0.279	244.3
2020-01-17T01:24	87.55251	100.11228	0.277	244.6
2020-01-17T01:34	87.55215	100.09577	0.286	242.7
2020-01-17T01:44	87.55171	100.07861	0.307	239.2
2020-01-17T01:54	87.55127	100.06146	0.309	238.7
2020-01-17T02:04	87.55079	100.04419	0.316	237.2
2020-01-17T02:14	87.55036	100.02792	0.295	238.2
2020-01-17T02:24	87.54987	100.01128	0.310	235.7
2020-01-17T02:34	87.54935	99.99467	0.317	233.8
2020-01-17T02:44	87.54882	99.97811	0.321	232.7
2020-01-17T02:54	87.54827	99.96156	0.322	232.3
2020-01-17T03:04	87.54768	99.94470	0.335	230.9
2020-01-17T03:14	87.54707	99.92789	0.340	229.7
2020-01-17T03:24	87.54643	99.91114	0.345	228.3
2020-01-17T03:34	87.54574	99.89417	0.362	226.2
2020-01-17T03:44	87.54501	99.87713	0.370	225.3
2020-01-17T03:54	87.54428	99.85995	0.375	224.9
2020-01-17T04:04	87.54352	99.84372	0.370	222.7
2020-01-17T04:14	87.54280	99.82744	0.362	223.9
2020-01-17T04:24	87.54208	99.81160	0.356	223.4
2020-01-17T04:34	87.54132	99.79570	0.367	222.0
2020-01-17T04:44	87.54058	99.78030	0.358	221.6
2020-01-17T04:54	87.53982	99.76512	0.360	220.7
2020-01-17T05:04	87.53900	99.74992	0.376	218.7
2020-01-17T05:14	87.53818	99.73496	0.375	218.1
2020-01-17T05:24	87.53733	99.71985	0.385	217.4
2020-01-17T05:34	87.53645	99.70455	0.398	216.5
2020-01-17T05:44	87.53552	99.68958	0.406	214.8
2020-01-17T05:54	87.53455	99.67489	0.418	213.0
2020-01-17T06:04	87.53355	99.66064	0.421	211.7
2020-01-17T06:14	87.53256	99.64617	0.422	212.1
2020-01-17T06:24	87.53161	99.63339	0.395	210.1
2020-01-17T06:34	87.53072	99.62061	0.376	211.8
2020-01-17T06:44	87.52982	99.60795	0.380	211.1
2020-01-17T06:54	87.52891	99.59567	0.379	210.1
2020-01-17T07:04	87.52799	99.58380	0.379	209.1
2020-01-17T07:14	87.52705	99.57195	0.384	208.6
2020-01-17T07:24	87.52611	99.56027	0.386	208.0
2020-01-17T07:34	87.52515	99.54833	0.392	208.2
2020-01-17T07:44	87.52415	99.53608	0.405	208.1
2020-01-17T07:54	87.52315	99.52373	0.409	208.0
2020-01-17T08:04	87.52210	99.51079	0.430	208.0
2020-01-17T08:14	87.52105	99.49766	0.429	208.4
2020-01-17T08:24	87.52000	99.48437	0.430	208.8
2020-01-17T08:34	87.51896	99.47093	0.429	209.2
2020-01-17T08:44	87.51792	99.45758	0.430	208.9
2020-01-17T08:54	87.51690	99.44416	0.421	209.8
2020-01-17T09:04	87.51589	99.43083	0.418	209.8
2020-01-17T09:14	87.51489	99.41764	0.417	209.6
2020-01-17T09:24	87.51388	99.40426	0.418	210.0
2020-01-17T09:34	87.51288	99.39116	0.415	209.6
2020-01-17T09:44	87.51188	99.37829	0.414	209.1
2020-01-17T09:54	87.51088	99.36549	0.411	209.1
2020-01-17T10:04	87.50989	99.35270	0.408	209.4
2020-01-17T10:14	87.50894	99.34009	0.397	209.8
2020-01-17T10:24	87.50799	99.32771	0.391	209.7
2020-01-17T10:34	87.50706	99.31529	0.389	210.0
2020-01-17T10:44	87.50614	99.30311	0.381	210.1
2020-01-17T10:54	87.50524	99.29116	0.373	210.1
2020-01-17T11:04	87.50435	99.27900	0.375	210.6
2020-01-17T11:14	87.50344	99.26663	0.378	210.9
2020-01-17T11:24	87.50255	99.25458	0.373	210.4
2020-01-17T11:34	87.50166	99.24273	0.371	210.1
2020-01-17T11:44	87.50075	99.23062	0.377	210.3
2020-01-17T11:54	87.49988	99.21925	0.361	209.7
2020-01-17T12:04	87.49901	99.20741	0.364	210.7
2020-01-17T12:14	87.49814	99.19546	0.368	210.7
2020-01-17T12:24	87.49727	99.18381	0.363	210.3
2020-01-17T12:34	87.49639	99.17209	0.365	210.3
2020-01-17T12:44	87.49552	99.16033	0.364	210.5
2020-01-17T12:54	87.49465	99.14848	0.363	210.9
2020-01-17T13:04	87.49378	99.13684	0.363	210.3
2020-01-17T13:14	87.49292	99.12527	0.361	210.4
2020-01-17T13:24	87.49205	99.11358	0.362	210.6
2020-01-17T13:34	87.49119	99.10194	0.360	210.7
2020-01-17T13:44	87.49033	99.09050	0.359	210.2
2020-01-17T13:54	87.48947	99.07904	0.361	210.1
2020-01-17T14:04	87.48860	99.06748	0.363	210.2
2020-01-17T14:14	87.48772	99.05584	0.363	210.4
2020-01-17T14:24	87.48685	99.04419	0.364	210.3
2020-01-17T14:34	87.48598	99.03243	0.364	210.6
2020-01-17T14:44	87.48511	99.02080	0.362	210.5
2020-01-17T14:54	87.48424	99.00945	0.361	209.8
2020-01-17T15:04	87.48336	98.99805	0.365	209.6
2020-01-17T15:14	87.48248	98.98669	0.365	209.5
2020-01-17T15:24	87.48160	98.97547	0.363	209.3
2020-01-17T15:34	87.48072	98.96425	0.365	209.2
2020-01-17T15:44	87.47984	98.95308	0.362	209.3
2020-01-17T15:54	87.47896	98.94201	0.363	208.9
2020-01-17T16:04	87.47808	98.93105	0.361	208.7
2020-01-17T16:14	87.47719	98.92012	0.363	208.5
2020-01-17T16:24	87.47630	98.90902	0.366	208.8
2020-01-17T16:34	87.47541	98.89816	0.364	208.3
2020-01-17T16:44	87.47454	98.88734	0.359	208.5
2020-01-17T16:54	87.47365	98.87656	0.361	208.3
2020-01-17T17:04	87.47277	98.86567	0.363	208.4
2020-01-17T17:14	87.47188	98.85487	0.362	208.3
2020-01-17T17:24	87.47098	98.84387	0.368	208.3
2020-01-17T17:34	87.47009	98.83305	0.363	208.2
2020-01-17T17:44	87.46920	98.82229	0.363	208.1
2020-01-17T17:54	87.46831	98.81173	0.361	207.7
2020-01-17T18:04	87.46743	98.80111	0.361	207.9
2020-01-17T18:14	87.46654	98.79067	0.360	207.5
2020-01-17T18:24	87.46566	98.78009	0.359	208.0
2020-01-17T18:34	87.46480	98.76972	0.351	208.1
2020-01-17T18:44	87.46394	98.75935	0.350	208.2
2020-01-17T18:54	87.46310	98.74920	0.345	207.9
2020-01-17T19:04	87.46227	98.73931	0.338	207.8
2020-01-17T19:14	87.46144	98.72930	0.337	208.3
2020-01-17T19:24	87.46063	98.71957	0.333	207.8
2020-01-17T19:34	87.45982	98.71003	0.327	207.7
2020-01-17T19:44	87.45902	98.70054	0.326	207.7
2020-01-17T19:54	87.45824	98.69134	0.317	207.6
2020-01-17T20:04	87.45747	98.68241	0.312	207.2
2020-01-17T20:14	87.45670	98.67343	0.314	207.2
2020-01-17T20:24	87.45593	98.66478	0.309	206.6
2020-01-17T20:34	87.45516	98.65620	0.308	206.4
2020-01-17T20:44	87.45438	98.64754	0.315	206.1
2020-01-17T20:54	87.45364	98.63936	0.295	206.4
2020-01-17T21:04	87.45289	98.63097	0.303	206.3
2020-01-17T21:14	87.45214	98.62294	0.298	205.5
2020-01-17T21:24	87.45139	98.61480	0.302	205.6
2020-01-17T21:34	87.45063	98.60665	0.302	205.6
2020-01-17T21:44	87.44987	98.59846	0.303	205.7
2020-01-17T21:54	87.44911	98.59041	0.302	205.3
2020-01-17T22:04	87.44835	98.58243	0.300	205.2
2020-01-17T22:14	87.44760	98.57451	0.299	205.2
2020-01-17T22:24	87.44685	98.56659	0.299	205.1
2020-01-17T22:34	87.44610	98.55872	0.299	204.9
2020-01-17T22:44	87.44534	98.55091	0.300	204.7
2020-01-17T22:54	87.44459	98.54309	0.298	204.9
2020-01-17T23:04	87.44384	98.53531	0.297	204.8
2020-01-17T23:14	87.44309	98.52761	0.295	204.8
2020-01-17T23:24	87.44235	98.51992	0.296	204.7
2020-01-17T23:34	87.44161	98.51237	0.293	204.5
2020-01-17T23:44	87.44089	98.50501	0.286	204.5
2020-01-17T23:54	87.44018	98.49787	0.278	204.4
2020-01-18T00:04	87.43948	98.49083	0.278	204.0
2020-01-18T00:14	87.43880	98.48415	0.265	203.9
2020-01-18T00:24	87.43814	98.47744	0.263	204.3
2020-01-18T00:34	87.43747	98.47093	0.261	203.6
2020-01-18T00:44	87.43680	98.46437	0.266	203.4
2020-01-18T00:54	87.43611	98.45775	0.270	203.2
2020-01-18T01:04	87.43540	98.45123	0.276	202.4
2020-01-18T01:14	87.43468	98.44476	0.279	201.9
2020-01-18T01:24	87.43396	98.43849	0.277	201.4
2020-01-18T01:34	87.43325	98.43246	0.275	200.7
2020-01-18T01:44	87.43253	98.42636	0.277	200.8
2020-01-18T01:54	87.43182	98.42043	0.271	200.7
2020-01-18T02:04	87.43113	98.41478	0.266	200.0
2020-01-18T02:14	87.43044	98.40919	0.265	199.9
2020-01-18T02:24	87.42976	98.40399	0.258	199.0
2020-01-18T02:34	87.42909	98.39876	0.255	199.4
2020-01-18T02:44	87.42844	98.39369	0.246	199.4
2020-01-18T02:54	87.42779	98.38868	0.248	199.1
2020-01-18T03:04	87.42713	98.38366	0.252	198.8
2020-01-18T03:14	87.42647	98.37863	0.251	198.9
2020-01-18T03:24	87.42582	98.37341	0.251	199.6
2020-01-18T03:34	87.42519	98.36828	0.240	200.2
2020-01-18T03:44	87.42459	98.36346	0.229	199.9
2020-01-18T03:54	87.42396	98.35869	0.240	198.8
2020-01-18T04:04	87.42332	98.35391	0.241	198.7
2020-01-18T04:14	87.42269	98.34918	0.242	198.4
2020-01-18T04:24	87.42208	98.34477	0.230	198.0
2020-01-18T04:34	87.42151	98.34033	0.218	199.3
2020-01-18T04:44	87.42096	98.33630	0.207	198.4
2020-01-18T04:54	87.42042	98.33259	0.204	197.1
2020-01-18T05:04	87.41990	98.32904	0.196	197.0
2020-01-18T05:14	87.41938	98.32557	0.193	197.0
2020-01-18T05:24	87.41884	98.32242	0.202	194.6
2020-01-18T05:34	87.41830	98.31936	0.200	194.4
2020-01-18T05:44	87.41779	98.31659	0.190	193.7
2020-01-18T05:54	87.41728	98.31388	0.188	193.5
2020-01-18T06:04	87.41678	98.31139	0.185	192.6
2020-01-18T06:14	87.41631	98.30883	0.173	193.9
2020-01-18T06:24	87.41584	98.30659	0.173	192.1
2020-01-18T06:34	87.41536	98.30477	0.175	189.7
2020-01-18T06:44	87.41489	98.30300	0.172	189.6
2020-01-18T06:54	87.41441	98.30140	0.174	188.6
2020-01-18T07:04	87.41393	98.29994	0.175	187.8
2020-01-18T07:14	87.41345	98.29855	0.175	187.4
2020-01-18T07:24	87.41297	98.29721	0.173	187.2
2020-01-18T07:34	87.41249	98.29600	0.175	186.4
2020-01-18T07:44	87.41201	98.29469	0.174	187.0
2020-01-18T07:54	87.41153	98.29354	0.172	186.2
2020-01-18T08:04	87.41107	98.29254	0.167	185.6
2020-01-18T08:14	87.41062	98.29158	0.164	185.4
2020-01-18T08:24	87.41016	98.29075	0.164	184.7
2020-01-18T08:34	87.40971	98.29000	0.164	184.3
2020-01-18T08:44	87.40926	98.28920	0.164	184.5
2020-01-18T08:54	87.40881	98.28859	0.160	183.6
2020-01-18T09:04	87.40837	98.28786	0.159	184.3
2020-01-18T09:14	87.40796	98.28723	0.149	183.9
2020-01-18T09:24	87.40757	98.28663	0.143	184.0
2020-01-18T09:34	87.40717	98.28584	0.142	185.2
2020-01-18T09:44	87.40676	98.28494	0.148	185.7
2020-01-18T09:54	87.40635	98.28381	0.149	187.0
2020-01-18T10:04	87.40594	98.28271	0.148	187.0
2020-01-18T10:14	87.40555	98.28159	0.141	187.4
2020-01-18T10:24	87.40519	98.28056	0.133	187.3
2020-01-18T10:34	87.40487	98.28016	0.114	183.3
2020-01-18T10:44	87.40455	98.27981	0.115	182.8
2020-01-18T10:54	87.40424	98.27965	0.111	181.4
2020-01-18T11:04	87.40384	98.27861	0.147	186.7
2020-01-18T11:14	87.40345	98.27787	0.139	185.0
2020-01-18T11:24	87.40309	98.27723	0.133	184.5
2020-01-18T11:34	87.40271	98.27664	0.135	184.1
2020-01-18T11:44	87.40244	98.27709	0.098	175.6
2020-01-18T11:54	87.40217	98.27748	0.099	176.3
2020-01-18T12:04	87.40191	98.27820	0.093	172.8
2020-01-18T12:14	87.40165	98.27899	0.094	172.2
2020-01-18T12:24	87.40138	98.27993	0.097	170.9
2020-01-18T12:34	87.40107	98.28075	0.114	173.3
2020-01-18T12:44	87.40074	98.28138	0.120	175.1
2020-01-18T12:54	87.40042	98.28207	0.117	174.4
2020-01-18T13:04	87.40009	98.28283	0.116	173.8
2020-01-18T13:14	87.39978	98.28368	0.115	173.1
2020-01-18T13:24	87.39947	98.28469	0.112	171.5
2020-01-18T13:34	87.39916	98.28582	0.112	170.5
2020-01-18T13:44	87.39887	98.28696	0.107	170.0
2020-01-18T13:54	87.39858	98.28814	0.107	169.6
2020-01-18T14:04	87.39830	98.28950	0.103	167.6
2020-01-18T14:14	87.39802	98.29085	0.103	167.6
2020-01-18T14:24	87.39774	98.29249	0.102	164.8
2020-01-18T14:34	87.39747	98.29452	0.103	161.2
2020-01-18T14:44	87.39722	98.29677	0.096	157.6
2020-01-18T14:54	87.39702	98.29943	0.085	149.3
2020-01-18T15:04	87.39688	98.30260	0.074	135.3
2020-01-18T15:14	87.39675	98.30595	0.071	129.7
2020-01-18T15:24	87.39662	98.30912	0.070	132.6
2020-01-18T15:34	87.39648	98.31276	0.076	128.8
2020-01-18T15:44	87.39635	98.31595	0.070	132.0
2020-01-18T15:54	87.39621	98.31927	0.076	134.5
2020-01-18T16:04	87.39605	98.32252	0.078	136.7
2020-01-18T16:14	87.39589	98.32500	0.071	145.3
2020-01-18T16:24	87.39572	98.32729	0.072	148.6
2020-01-18T16:34	87.39556	98.32952	0.068	147.4
2020-01-18T16:44	87.39539	98.33203	0.074	146.1
2020-01-18T16:54	87.39525	98.33442	0.064	142.5
2020-01-18T17:04	87.39511	98.33691	0.063	140.2
2020-01-18T17:14	87.39497	98.33949	0.066	140.4
2020-01-18T17:24	87.39481	98.34204	0.069	142.9
2020-01-18T17:34	87.39466	98.34445	0.068	144.7
2020-01-18T17:44	87.39452	98.34673	0.064	144.2
2020-01-18T17:54	87.39438	98.34904	0.062	142.8
2020-01-18T18:04	87.39426	98.35112	0.054	140.8
2020-01-18T18:14	87.39414	98.35351	0.059	138.7
2020-01-18T18:24	87.39401	98.35557	0.056	143.2
2020-01-18T18:34	87.39387	98.35720	0.059	152.8
2020-01-18T18:44	87.39373	98.35875	0.055	152.6
2020-01-18T18:54	87.39359	98.36029	0.057	153.9
2020-01-18T19:04	87.39346	98.36171	0.052	153.8
2020-01-18T19:14	87.39333	98.36307	0.050	153.8
2020-01-18T19:24	87.39320	98.36433	0.051	156.3
2020-01-18T19:34	87.39308	98.36547	0.047	156.3
2020-01-18T19:44	87.39296	98.36666	0.048	156.3
2020-01-18T19:54	87.39285	98.36792	0.045	152.7
2020-01-18T20:04	87.39273	98.36933	0.050	152.5
2020-01-18T20:14	87.39261	98.37065	0.047	152.6
2020-01-18T20:24	87.39249	98.37209	0.050	151.9
2020-01-18T20:34	87.39236	98.37327	0.050	157.3
2020-01-18T20:44	87.39222	98.37510	0.059	149.4
2020-01-18T20:54	87.39213	98.37614	0.035	151.0
2020-01-18T21:04	87.39205	98.37778	0.042	140.0
2020-01-18T21:14	87.39194	98.37956	0.049	143.0
2020-01-18T21:24	87.39184	98.38100	0.043	146.6
2020-01-18T21:34	87.39175	98.38236	0.039	144.7
2020-01-18T21:44	87.39168	98.38361	0.034	143.2
2020-01-18T21:54	87.39161	98.38464	0.028	142.5
2020-01-18T22:04	87.39157	98.38565	0.023	133.7
2020-01-18T22:14	87.39151	98.38718	0.033	131.3
2020-01-18T22:24	87.39143	98.38871	0.039	140.4
2020-01-18T22:34	87.39139	98.38997	0.025	123.0
2020-01-18T22:44	87.39134	98.39123	0.026	127.4
2020-01-18T22:54	87.39131	98.39233	0.021	121.7
2020-01-18T23:04	87.39129	98.39311	0.015	119.7
2020-01-18T23:14	87.39129	98.39366	0.009	97.6
2020-01-18T23:24	87.39131	98.39425	0.011	58.1
2020-01-18T23:34	87.39133	98.39489	0.014	46.4
2020-01-18T23:44	87.39137	98.39554	0.018	37.0
2020-01-18T23:54	87.39141	98.39607	0.016	33.2
2020-01-19T00:04	87.39145	98.39667	0.018	32.8
2020-01-19T00:14	87.39150	98.39699	0.019	16.0
2020-01-19T00:24	87.39156	98.39734	0.022	14.5
2020-01-19T00:34	87.39163	98.39750	0.023	6.6
2020-01-19T00:44	87.39169	98.39791	0.022	17.6
2020-01-19T00:54	87.39175	98.39820	0.023	11.9
2020-01-19T01:04	87.39186	98.39802	0.041	356.1
2020-01-19T01:14	87.39199	98.39786	0.048	356.7
2020-01-19T01:24	87.39212	98.39816	0.044	6.6
2020-01-19T01:34	87.39225	98.39893	0.050	14.6
2020-01-19T01:44	87.39236	98.40014	0.045	26.0
2020-01-19T01:54	87.39246	98.40095	0.037	21.0
2020-01-19T02:04	87.39255	98.40219	0.038	32.0
2020-01-19T02:14	87.39262	98.40436	0.045	52.7
2020-01-19T02:24	87.39269	98.40664	0.044	57.4
2020-01-19T02:34	87.39277	98.40900	0.048	53.6
2020-01-19T02:44	87.39287	98.41106	0.050	41.9
2020-01-19T02:54	87.39297	98.41314	0.048	45.8
2020-01-19T03:04	87.39307	98.41512	0.049	41.7
2020-01-19T03:14	87.39318	98.41695	0.049	37.5
2020-01-19T03:24	87.39329	98.41944	0.058	44.8
2020-01-19T03:34	87.39339	98.42162	0.052	43.4
2020-01-19T03:44	87.39348	98.42316	0.041	38.2
2020-01-19T03:54	87.39357	98.42477	0.042	39.3
2020-01-19T04:04	87.39366	98.42599	0.037	32.5
2020-01-19T04:14	87.39375	98.42709	0.036	29.5
2020-01-19T04:24	87.39382	98.42839	0.035	37.9
2020-01-19T04:34	87.39391	98.42980	0.037	38.3
2020-01-19T04:44	87.39398	98.43125	0.036	40.9
2020-01-19T04:54	87.39404	98.43278	0.034	48.1
2020-01-19T05:04	87.39410	98.43430	0.032	49.8
2020-01-19T05:14	87.39416	98.43579	0.031	51.2
2020-01-19T05:24	87.39421	98.43716	0.030	48.5
2020-01-19T05:34	87.39430	98.43813	0.034	27.4
2020-01-19T05:44	87.39440	98.43857	0.036	11.4
2020-01-19T05:54	87.39451	98.43901	0.041	10.3
2020-01-19T06:04	87.39461	98.43931	0.037	7.6
2020-01-19T06:14	87.39471	98.43925	0.036	358.6
2020-01-19T06:24	87.39481	98.43921	0.038	358.9
2020-01-19T06:34	87.39492	98.43898	0.038	354.3
2020-01-19T06:44	87.39502	98.43872	0.039	353.6
2020-01-19T06:54	87.39515	98.43825	0.045	350.3
2020-01-19T07:04	87.39527	98.43728	0.048	340.7
2020-01-19T07:14	87.39541	98.43635	0.051	342.6
2020-01-19T07:24	87.39555	98.43552	0.052	344.7
2020-01-19T07:34	87.39569	98.43463	0.053	344.1
2020-01-19T07:44	87.39583	98.43373	0.054	344.1
2020-01-19T07:54	87.39596	98.43285	0.048	342.7
2020-01-19T08:04	87.39608	98.43181	0.046	338.2
2020-01-19T08:14	87.39619	98.43073	0.044	336.4
2020-01-19T08:24	87.39630	98.42947	0.046	333.0
2020-01-19T08:34	87.39643	98.42816	0.050	334.8
2020-01-19T08:44	87.39656	98.42659	0.053	331.1
2020-01-19T08:54	87.39671	98.42537	0.057	339.7
2020-01-19T09:04	87.39688	98.42396	0.065	339.3
2020-01-19T09:14	87.39706	98.42222	0.072	336.8
2020-01-19T09:24	87.39724	98.42048	0.070	336.0
2020-01-19T09:34	87.39741	98.41878	0.068	335.9
2020-01-19T09:44	87.39757	98.41693	0.065	332.4
2020-01-19T09:54	87.39771	98.41512	0.057	328.8
2020-01-19T10:04	87.39781	98.41317	0.050	320.0
2020-01-19T10:14	87.39791	98.41091	0.051	313.6
2020-01-19T10:24	87.39801	98.40853	0.053	312.6
2020-01-19T10:34	87.39812	98.40597	0.058	313.8
2020-01-19T10:44	87.39825	98.40328	0.065	317.4
2020-01-19T10:54	87.39838	98.40053	0.064	315.5
2020-01-19T11:04	87.39851	98.39782	0.064	316.0
2020-01-19T11:14	87.39866	98.39502	0.072	320.3
2020-01-19T11:24	87.39887	98.39212	0.088	327.4
2020-01-19T11:34	87.39908	98.38914	0.089	327.1
2020-01-19T11:44	87.39927	98.38625	0.085	326.3
2020-01-19T11:54	87.39948	98.38307	0.090	324.8
2020-01-19T12:04	87.39967	98.38001	0.084	323.5
2020-01-19T12:14	87.39985	98.37679	0.084	321.3
2020-01-19T12:24	87.40001	98.37328	0.082	315.2
2020-01-19T12:34	87.40017	98.36944	0.087	313.5
2020-01-19T12:44	87.40036	98.36499	0.099	312.9
2020-01-19T12:54	87.40053	98.36088	0.090	311.7
2020-01-19T13:04	87.40073	98.35625	0.105	314.2
2020-01-19T13:14	87.40093	98.35151	0.107	313.5
2020-01-19T13:24	87.40114	98.34672	0.108	313.6
2020-01-19T13:34	87.40136	98.34177	0.113	314.1
2020-01-19T13:44	87.40159	98.33676	0.117	315.4
2020-01-19T13:54	87.40183	98.33148	0.123	315.7
2020-01-19T14:04	87.40209	98.32626	0.124	316.7
2020-01-19T14:14	87.40237	98.32084	0.134	318.7
2020-01-19T14:24	87.40265	98.31533	0.137	318.9
2020-01-19T14:34	87.40295	98.30981	0.140	319.8
2020-01-19T14:44	87.40323	98.30448	0.135	319.9
2020-01-19T14:54	87.40352	98.29951	0.132	322.1
2020-01-19T15:04	87.40382	98.29482	0.131	324.2
2020-01-19T15:14	87.40413	98.29022	0.134	325.9
2020-01-19T15:24	87.40444	98.28540	0.137	325.0
2020-01-19T15:34	87.40474	98.28053	0.133	323.5
2020-01-19T15:44	87.40503	98.27515	0.136	319.9
2020-01-19T15:54	87.40532	98.26964	0.139	319.8
2020-01-19T16:04	87.40560	98.26395	0.138	317.9
2020-01-19T16:14	87.40589	98.25841	0.136	318.4
2020-01-19T16:24	87.40617	98.25280	0.138	318.5
2020-01-19T16:34	87.40647	98.24687	0.143	317.4
2020-01-19T16:44	87.40675	98.24089	0.141	316.1
2020-01-19T16:54	87.40703	98.23451	0.146	314.6
2020-01-19T17:04	87.40731	98.22843	0.140	314.9
2020-01-19T17:14	87.40758	98.22220	0.142	314.4
2020-01-19T17:24	87.40787	98.21594	0.146	315.7
2020-01-19T17:34	87.40817	98.20976	0.148	317.0
2020-01-19T17:44	87.40846	98.20369	0.144	316.6
2020-01-19T17:54	87.40876	98.19746	0.147	316.2
2020-01-19T18:04	87.40904	98.19127	0.145	315.9
2020-01-19T18:14	87.40933	98.18496	0.145	315.1
2020-01-19T18:24	87.40963	98.17854	0.150	315.7
2020-01-19T18:34	87.40992	98.17222	0.147	315.7
2020-01-19T18:44	87.41021	98.16585	0.147	315.3
2020-01-19T18:54	87.41046	98.15978	0.133	312.3
2020-01-19T19:04	87.41077	98.15305	0.155	315.1
2020-01-19T19:14	87.41114	98.14578	0.179	318.7
2020-01-19T19:24	87.41150	98.13857	0.173	317.5
2020-01-19T19:34	87.41184	98.13086	0.177	314.9
2020-01-19T19:44	87.41219	98.12321	0.175	314.8
2020-01-19T19:54	87.41256	98.11567	0.181	317.4
2020-01-19T20:04	87.41291	98.10822	0.176	316.5
2020-01-19T20:14	87.41327	98.10069	0.179	316.8
2020-01-19T20:24	87.41362	98.09333	0.174	316.6
2020-01-19T20:34	87.41396	98.08609	0.170	316.1
2020-01-19T20:44	87.41431	98.07897	0.170	317.1
2020-01-19T20:54	87.41466	98.07154	0.174	316.2
2020-01-19T21:04	87.41503	98.06434	0.177	318.7
2020-01-19T21:14	87.41540	98.05681	0.181	317.5
2020-01-19T21:24	87.41580	98.04934	0.188	319.8
2020-01-19T21:34	87.41622	98.04148	0.199	320.1
2020-01-19T21:44	87.41661	98.03359	0.190	317.5
2020-01-19T21:54	87.41695	98.02583	0.177	314.5
2020-01-19T22:04	87.41733	98.01778	0.190	316.5
2020-01-19T22:14	87.41777	98.00936	0.207	318.7
2020-01-19T22:24	87.41819	98.00092	0.206	318.3
2020-01-19T22:34	87.41863	97.99284	0.204	320.2
2020-01-19T22:44	87.41906	97.98465	0.204	319.4
2020-01-19T22:54	87.41948	97.97657	0.201	319.3
2020-01-19T23:04	87.41991	97.96860	0.201	320.0
2020-01-19T23:14	87.42034	97.96067	0.201	320.2
2020-01-19T23:24	87.42077	97.95291	0.199	320.8
2020-01-19T23:34	87.42120	97.94514	0.200	320.9
2020-01-19T23:44	87.42163	97.93731	0.203	321.2
2020-01-19T23:54	87.42207	97.92938	0.203	320.7
2020-01-20T00:04	87.42251	97.92140	0.204	320.8
2020-01-20T00:14	87.42294	97.91341	0.202	320.3
2020-01-20T00:24	87.42338	97.90532	0.205	320.3
2020-01-20T00:34	87.42382	97.89740	0.204	321.1
2020-01-20T00:44	87.42426	97.88931	0.204	320.0
2020-01-20T00:54	87.42466	97.88161	0.193	319.7
2020-01-20T01:04	87.42507	97.87385	0.192	319.2
2020-01-20T01:14	87.42547	97.86622	0.192	319.9
2020-01-20T01:24	87.42589	97.85829	0.199	319.7
2020-01-20T01:34	87.42630	97.85068	0.190	319.8
2020-01-20T01:44	87.42671	97.84321	0.192	321.0
2020-01-20T01:54	87.42712	97.83572	0.191	320.6
2020-01-20T02:04	87.42752	97.82827	0.189	320.3
2020-01-20T02:14	87.42794	97.82087	0.190	321.1
2020-01-20T02:24	87.42836	97.81313	0.199	321.0
2020-01-20T02:34	87.42879	97.80514	0.200	319.8
2020-01-20T02:44	87.42921	97.79740	0.197	320.6
2020-01-20T02:54	87.42963	97.78981	0.193	320.6
2020-01-20T03:04	87.43004	97.78204	0.194	319.7
2020-01-20T03:14	87.43046	97.77424	0.198	320.6
2020-01-20T03:24	87.43090	97.76600	0.206	319.8
2020-01-20T03:34	87.43135	97.75779	0.209	320.7
2020-01-20T03:44	87.43180	97.74960	0.211	321.1
2020-01-20T03:54	87.43226	97.74118	0.212	320.3
2020-01-20T04:04	87.43272	97.73279	0.214	320.8
2020-01-20T04:14	87.43318	97.72465	0.212	321.8
2020-01-20T04:24	87.43365	97.71648	0.216	322.3
2020-01-20T04:34	87.43412	97.70823	0.214	321.5
2020-01-20T04:44	87.43458	97.70024	0.211	322.3
2020-01-20T04:54	87.43502	97.69272	0.200	322.8
2020-01-20T05:04	87.43547	97.68514	0.201	322.6
2020-01-20T05:14	87.43591	97.67725	0.204	321.6
2020-01-20T05:24	87.43636	97.66943	0.203	321.7
2020-01-20T05:34	87.43680	97.66157	0.204	321.7
2020-01-20T05:44	87.43724	97.65393	0.200	322.1
2020-01-20T05:54	87.43767	97.64654	0.196	322.6
2020-01-20T06:04	87.43809	97.63953	0.189	323.4
2020-01-20T06:14	87.43852	97.63269	0.189	324.3
2020-01-20T06:24	87.43895	97.62590	0.189	324.6
2020-01-20T06:34	87.43937	97.61901	0.189	324.1
2020-01-20T06:44	87.43979	97.61197	0.190	323.4
2020-01-20T06:54	87.44021	97.60481	0.189	322.4
2020-01-20T07:04	87.44062	97.59754	0.189	321.7
2020-01-20T07:14	87.44104	97.59051	0.188	323.0
2020-01-20T07:24	87.44146	97.58380	0.185	324.4
2020-01-20T07:34	87.44187	97.57702	0.184	323.6
2020-01-20T07:44	87.44227	97.56976	0.186	321.1
2020-01-20T07:54	87.44266	97.56239	0.185	320.1
2020-01-20T08:04	87.44305	97.55467	0.187	318.5
2020-01-20T08:14	87.44342	97.54693	0.183	317.2
2020-01-20T08:24	87.44380	97.53932	0.182	317.8
2020-01-20T08:34	87.44417	97.53179	0.180	317.7
2020-01-20T08:44	87.44454	97.52424	0.180	317.7
2020-01-20T08:54	87.44492	97.51760	0.174	322.2
2020-01-20T09:04	87.44530	97.51124	0.172	323.7
2020-01-20T09:14	87.44568	97.50452	0.173	321.5
2020-01-20T09:24	87.44605	97.49779	0.172	321.0
2020-01-20T09:34	87.44642	97.49102	0.171	320.6
2020-01-20T09:44	87.44678	97.48413	0.171	319.9
2020-01-20T09:54	87.44714	97.47717	0.171	319.1
2020-01-20T10:04	87.44749	97.46995	0.172	317.6
2020-01-20T10:14	87.44784	97.46250	0.172	316.2
2020-01-20T10:24	87.44818	97.45481	0.174	315.1
2020-01-20T10:34	87.44853	97.44723	0.174	315.7
2020-01-20T10:44	87.44887	97.43963	0.174	315.6
2020-01-20T10:54	87.44921	97.43178	0.175	314.0
2020-01-20T11:04	87.44957	97.42446	0.174	317.6
2020-01-20T11:14	87.44994	97.41731	0.176	319.4
2020-01-20T11:24	87.45030	97.41022	0.173	318.9
2020-01-20T11:34	87.45066	97.40293	0.176	318.4
2020-01-20T11:44	87.45102	97.39559	0.174	317.4
2020-01-20T11:54	87.45137	97.38829	0.173	317.4
2020-01-20T12:04	87.45173	97.38080	0.176	316.9
2020-01-20T12:14	87.45209	97.37361	0.173	318.3
2020-01-20T12:24	87.45245	97.36631	0.175	318.0
2020-01-20T12:34	87.45280	97.35902	0.174	317.8
2020-01-20T12:44	87.45317	97.35145	0.178	317.1
2020-01-20T12:54	87.45352	97.34391	0.176	316.8
2020-01-20T13:04	87.45389	97.33646	0.178	318.1
2020-01-20T13:14	87.45426	97.32897	0.179	317.9
2020-01-20T13:24	87.45463	97.32125	0.180	316.8
2020-01-20T13:34	87.45500	97.31329	0.185	316.4
2020-01-20T13:44	87.45537	97.30549	0.184	317.3
2020-01-20T13:54	87.45576	97.29773	0.186	318.1
2020-01-20T14:04	87.45614	97.28987	0.187	317.9
2020-01-20T14:14	87.45653	97.28207	0.188	318.6
2020-01-20T14:24	87.45693	97.27429	0.189	318.9
2020-01-20T14:34	87.45731	97.26613	0.189	316.5
2020-01-20T14:44	87.45770	97.25829	0.187	318.0
2020-01-20T14:54	87.45809	97.25042	0.189	318.4
2020-01-20T15:04	87.45848	97.24260	0.188	318.4
2020-01-20T15:14	87.45887	97.23492	0.185	318.6
2020-01-20T15:24	87.45926	97.22729	0.187	319.4
2020-01-20T15:34	87.45966	97.21951	0.190	319.2
2020-01-20T15:44	87.46006	97.21185	0.189	319.7
2020-01-20T15:54	87.46046	97.20422	0.189	319.9
2020-01-20T16:04	87.46084	97.19609	0.188	316.4
2020-01-20T16:14	87.46122	97.18785	0.189	315.9
2020-01-20T16:24	87.46159	97.17950	0.188	315.0
2020-01-20T16:34	87.46196	97.17102	0.191	315.0
2020-01-20T16:44	87.46233	97.16249	0.189	314.0
2020-01-20T16:54	87.46270	97.15402	0.189	314.4
2020-01-20T17:04	87.46306	97.14611	0.183	316.5
2020-01-20T17:14	87.46344	97.13833	0.183	317.3
2020-01-20T17:24	87.46382	97.13087	0.181	318.9
2020-01-20T17:34	87.46418	97.12328	0.180	317.6
2020-01-20T17:44	87.46456	97.11574	0.180	318.2
2020-01-20T17:54	87.46493	97.10831	0.178	318.5
2020-01-20T18:04	87.46530	97.10109	0.176	319.3
2020-01-20T18:14	87.46566	97.09391	0.172	318.5
2020-01-20T18:24	87.46602	97.08665	0.175	318.7
2020-01-20T18:34	87.46638	97.07899	0.176	316.3
2020-01-20T18:44	87.46674	97.07108	0.182	316.1
2020-01-20T18:54	87.46714	97.06339	0.190	319.9
2020-01-20T19:04	87.46752	97.05599	0.181	319.3
2020-01-20T19:14	87.46789	97.04836	0.180	317.5
2020-01-20T19:24	87.46825	97.04061	0.177	316.0
2020-01-20T19:34	87.46856	97.03250	0.171	311.0
2020-01-20T19:44	87.46887	97.02439	0.170	310.8
2020-01-20T19:54	87.46918	97.01633	0.170	311.2
2020-01-20T20:04	87.46948	97.00826	0.169	310.6
2020-01-20T20:14	87.46982	97.00065	0.170	314.7
2020-01-20T20:24	87.47016	96.99300	0.172	315.2
2020-01-20T20:34	87.47049	96.98550	0.170	315.5
2020-01-20T20:44	87.47082	96.97757	0.171	312.6
2020-01-20T20:54	87.47110	96.96918	0.169	307.8
2020-01-20T21:04	87.47137	96.96014	0.173	303.9
2020-01-20T21:14	87.47166	96.95094	0.179	305.1
2020-01-20T21:24	87.47197	96.94223	0.179	309.4
2020-01-20T21:34	87.47229	96.93327	0.182	308.5
2020-01-20T21:44	87.47255	96.92353	0.182	301.7
2020-01-20T21:54	87.47283	96.91373	0.184	302.3
2020-01-20T22:04	87.47310	96.90392	0.185	302.5
2020-01-20T22:14	87.47336	96.89442	0.178	301.9
2020-01-20T22:24	87.47363	96.88528	0.174	303.7
2020-01-20T22:34	87.47389	96.87581	0.178	302.4
2020-01-20T22:44	87.47419	96.86665	0.180	306.0
2020-01-20T22:54	87.47452	96.85795	0.181	310.5
2020-01-20T23:04	87.47484	96.84923	0.181	310.3
2020-01-20T23:14	87.47517	96.84038	0.183	310.1
2020-01-20T23:24	87.47549	96.83161	0.181	309.6
2020-01-20T23:34	87.47579	96.82289	0.176	308.4
2020-01-20T23:44	87.47608	96.81369	0.178	305.1
2020-01-20T23:54	87.47635	96.80450	0.176	304.3
2020-01-21T00:04	87.47663	96.79534	0.176	304.5
2020-01-21T00:14	87.47692	96.78643	0.175	306.1
2020-01-21T00:24	87.47721	96.77753	0.176	306.4
2020-01-21T00:34	87.47750	96.76865	0.175	306.6
2020-01-21T00:44	87.47778	96.75957	0.176	305.2
2020-01-21T00:54	87.47804	96.75027	0.175	302.5
2020-01-21T01:04	87.47830	96.74052	0.181	301.5
2020-01-21T01:14	87.47858	96.73117	0.180	304.4
2020-01-21T01:24	87.47885	96.72178	0.177	303.0
2020-01-21T01:34	87.47913	96.71236	0.180	304.1
2020-01-21T01:44	87.47942	96.70312	0.178	304.9
2020-01-21T01:54	87.47969	96.69388	0.176	303.6
2020-01-21T02:04	87.47994	96.68453	0.173	301.4
2020-01-21T02:14	87.48018	96.67488	0.176	299.5
2020-01-21T02:24	87.48042	96.66534	0.174	299.8
2020-01-21T02:34	87.48066	96.65574	0.175	299.5
2020-01-21T02:44	87.48090	96.64648	0.171	301.4
2020-01-21T02:54	87.48115	96.63727	0.171	301.3
2020-01-21T03:04	87.48140	96.62818	0.169	301.6
2020-01-21T03:14	87.48164	96.61898	0.170	301.3
2020-01-21T03:24	87.48188	96.60963	0.170	299.7
2020-01-21T03:34	87.48211	96.60025	0.170	299.0
2020-01-21T03:44	87.48235	96.59081	0.174	300.6
2020-01-21T03:54	87.48261	96.58135	0.175	301.5
2020-01-21T04:04	87.48286	96.57181	0.176	300.9
2020-01-21T04:14	87.48312	96.56230	0.177	301.9
2020-01-21T04:24	87.48334	96.55238	0.176	297.0
2020-01-21T04:34	87.48355	96.54229	0.177	295.8
2020-01-21T04:44	87.48377	96.53220	0.178	296.5
2020-01-21T04:54	87.48399	96.52233	0.175	296.6
2020-01-21T05:04	87.48420	96.51249	0.173	296.0
2020-01-21T05:14	87.48440	96.50274	0.170	295.2
2020-01-21T05:24	87.48460	96.49296	0.171	295.3
2020-01-21T05:34	87.48480	96.48320	0.170	294.9
2020-01-21T05:44	87.48502	96.47352	0.171	296.9
2020-01-21T05:54	87.48523	96.46379	0.171	296.1
2020-01-21T06:04	87.48542	96.45378	0.173	293.5
2020-01-21T06:14	87.48562	96.44357	0.177	294.3
2020-01-21T06:24	87.48582	96.43384	0.169	294.7
2020-01-21T06:34	87.48600	96.42370	0.173	292.1
2020-01-21T06:44	87.48617	96.41377	0.169	291.6
2020-01-21T06:54	87.48633	96.40372	0.169	290.3
2020-01-21T07:04	87.48649	96.39361	0.170	289.9
2020-01-21T07:14	87.48666	96.38350	0.171	290.5
2020-01-21T07:24	87.48681	96.37345	0.168	289.3
2020-01-21T07:34	87.48696	96.36368	0.163	288.9
2020-01-21T07:44	87.48710	96.35372	0.165	287.7
2020-01-21T07:54	87.48724	96.34367	0.166	287.2
2020-01-21T08:04	87.48737	96.33353	0.167	286.4
2020-01-21T08:14	87.48749	96.32347	0.165	285.6
2020-01-21T08:24	87.48761	96.31342	0.164	285.1
2020-01-21T08:34	87.48772	96.30333	0.164	284.0
2020-01-21T08:44	87.48783	96.29326	0.164	283.9
2020-01-21T08:54	87.48793	96.28320	0.163	283.5
2020-01-21T09:04	87.48804	96.27329	0.161	283.4
2020-01-21T09:14	87.48813	96.26341	0.160	282.8
2020-01-21T09:24	87.48822	96.25339	0.161	280.4
2020-01-21T09:34	87.48829	96.24344	0.159	279.1
2020-01-21T09:44	87.48835	96.23327	0.162	277.8
2020-01-21T09:54	87.48841	96.22318	0.161	277.9
2020-01-21T10:04	87.48846	96.21320	0.159	277.1
2020-01-21T10:14	87.48851	96.20300	0.162	275.9
2020-01-21T10:24	87.48856	96.19283	0.161	276.5
2020-01-21T10:34	87.48861	96.18269	0.161	276.4
2020-01-21T10:44	87.48866	96.17241	0.163	276.0
2020-01-21T10:54	87.48870	96.16207	0.164	275.9
2020-01-21T11:04	87.48875	96.15195	0.161	276.2
2020-01-21T11:14	87.48879	96.14191	0.159	274.9
2020-01-21T11:24	87.48884	96.13176	0.161	276.3
2020-01-21T11:34	87.48889	96.12189	0.157	277.3
2020-01-21T11:44	87.48894	96.11186	0.159	276.7
2020-01-21T11:54	87.48899	96.10191	0.158	276.6
2020-01-21T12:04	87.48905	96.09212	0.156	277.2
2020-01-21T12:14	87.48910	96.08228	0.156	277.1
2020-01-21T12:24	87.48915	96.07229	0.159	276.5
2020-01-21T12:34	87.48920	96.06229	0.159	276.3
2020-01-21T12:44	87.48925	96.05230	0.159	276.4
2020-01-21T12:54	87.48930	96.04247	0.156	276.5
2020-01-21T13:04	87.48935	96.03264	0.156	277.1
2020-01-21T13:14	87.48940	96.02275	0.157	276.6
2020-01-21T13:24	87.48945	96.01289	0.157	276.8
2020-01-21T13:34	87.48951	96.00292	0.159	277.1
2020-01-21T13:44	87.48956	95.99289	0.159	276.5
2020-01-21T13:54	87.48961	95.98296	0.158	277.2
2020-01-21T14:04	87.48966	95.97298	0.158	276.6
2020-01-21T14:14	87.48971	95.96289	0.160	276.5
2020-01-21T14:24	87.48977	95.95282	0.160	276.9
2020-01-21T14:34	87.48981	95.94275	0.160	275.9
2020-01-21T14:44	87.48986	95.93261	0.161	276.2
2020-01-21T14:54	87.48990	95.92257	0.159	275.6
2020-01-21T15:04	87.48994	95.91254	0.159	275.3
2020-01-21T15:14	87.48998	95.90242	0.160	275.0
2020-01-21T15:24	87.49002	95.89236	0.159	275.3
2020-01-21T15:34	87.49006	95.88228	0.159	274.5
2020-01-21T15:44	87.49011	95.87219	0.160	276.1
2020-01-21T15:54	87.49015	95.86202	0.161	275.7
2020-01-21T16:04	87.49020	95.85233	0.154	276.3
2020-01-21T16:14	87.49024	95.84273	0.152	276.0
2020-01-21T16:24	87.49028	95.83262	0.160	274.7
2020-01-21T16:34	87.49031	95.82285	0.154	273.8
2020-01-21T16:44	87.49033	95.81315	0.153	273.4
2020-01-21T16:54	87.49036	95.80327	0.156	273.4
2020-01-21T17:04	87.49038	95.79363	0.152	273.6
2020-01-21T17:14	87.49041	95.78401	0.152	273.2
2020-01-21T17:24	87.49042	95.77428	0.154	272.2
2020-01-21T17:34	87.49044	95.76454	0.154	272.0
2020-01-21T17:44	87.49046	95.75469	0.155	272.4
2020-01-21T17:54	87.49047	95.74493	0.154	272.0
2020-01-21T18:04	87.49048	95.73525	0.153	271.4
2020-01-21T18:14	87.49048	95.72565	0.151	270.2
2020-01-21T18:24	87.49048	95.71618	0.149	270.3
2020-01-21T18:34	87.49049	95.70672	0.149	270.9
2020-01-21T18:44	87.49048	95.69721	0.150	268.6
2020-01-21T18:54	87.49046	95.68772	0.150	267.7
2020-01-21T19:04	87.49044	95.67835	0.148	266.8
2020-01-21T19:14	87.49040	95.66916	0.145	264.7
2020-01-21T19:24	87.49036	95.65977	0.149	263.3
2020-01-21T19:34	87.49030	95.65053	0.147	261.6
2020-01-21T19:44	87.49024	95.64141	0.145	261.7
2020-01-21T19:54	87.49018	95.63231	0.145	261.4
2020-01-21T20:04	87.49011	95.62318	0.146	260.4
2020-01-21T20:14	87.49004	95.61413	0.145	259.5
2020-01-21T20:24	87.48996	95.60492	0.147	260.0
2020-01-21T20:34	87.48989	95.59578	0.147	259.9
2020-01-21T20:44	87.48981	95.58670	0.146	258.6
2020-01-21T20:54	87.48974	95.57774	0.144	258.9
2020-01-21T21:04	87.48965	95.56872	0.146	257.6
2020-01-21T21:14	87.48956	95.55969	0.146	257.6
2020-01-21T21:24	87.48947	95.55080	0.144	257.2
2020-01-21T21:34	87.48938	95.54195	0.144	256.5
2020-01-21T21:44	87.48929	95.53317	0.142	256.7
2020-01-21T21:54	87.48920	95.52431	0.143	257.5
2020-01-21T22:04	87.48911	95.51553	0.143	256.0
2020-01-21T22:14	87.48900	95.50672	0.144	254.8
2020-01-21T22:24	87.48889	95.49835	0.138	253.5
2020-01-21T22:34	87.48877	95.48959	0.145	252.8
2020-01-21T22:44	87.48866	95.48093	0.143	253.1
2020-01-21T22:54	87.48854	95.47234	0.142	252.9
2020-01-21T23:04	87.48842	95.46391	0.140	251.8
2020-01-21T23:14	87.48830	95.45549	0.140	251.1
2020-01-21T23:24	87.48816	95.44710	0.141	249.5
2020-01-21T23:34	87.48802	95.43883	0.139	249.5
2020-01-21T23:44	87.48789	95.43037	0.142	249.9
2020-01-21T23:54	87.48775	95.42181	0.144	249.4
2020-01-22T00:04	87.48760	95.41323	0.145	249.0
2020-01-22T00:14	87.48745	95.40456	0.147	248.5
2020-01-22T00:24	87.48730	95.39603	0.145	248.0
2020-01-22T00:34	87.48715	95.38755	0.144	248.7
2020-01-22T00:44	87.48700	95.37921	0.142	247.7
2020-01-22T00:54	87.48684	95.37075	0.146	246.6
2020-01-22T01:04	87.48669	95.36233	0.144	246.8
2020-01-22T01:14	87.48653	95.35389	0.145	246.6
2020-01-22T01:24	87.48637	95.34538	0.146	246.8
2020-01-22T01:34	87.48621	95.33682	0.146	247.7
2020-01-22T01:44	87.48604	95.32821	0.149	246.2
2020-01-22T01:54	87.48589	95.31969	0.145	247.7
2020-01-22T02:04	87.48574	95.31119	0.145	247.7
2020-01-22T02:14	87.48559	95.30284	0.142	247.7
2020-01-22T02:24	87.48544	95.29441	0.144	247.7
2020-01-22T02:34	87.48529	95.28597	0.144	247.7
2020-01-22T02:44	87.48514	95.27754	0.143	248.5
2020-01-22T02:54	87.48500	95.26925	0.141	248.6
2020-01-22T03:04	87.48485	95.26093	0.142	248.1
2020-01-22T03:14	87.48470	95.25261	0.142	248.2
2020-01-22T03:24	87.48456	95.24447	0.139	248.2
2020-01-22T03:34	87.48442	95.23646	0.136	248.4
2020-01-22T03:44	87.48428	95.22841	0.136	248.8
2020-01-22T03:54	87.48415	95.22049	0.135	248.5
2020-01-22T04:04	87.48401	95.21248	0.136	248.6
2020-01-22T04:14	87.48387	95.20463	0.134	248.3
2020-01-22T04:24	87.48374	95.19686	0.132	248.3
2020-01-22T04:34	87.48360	95.18917	0.131	247.6
2020-01-22T04:44	87.48346	95.18161	0.129	247.7
2020-01-22T04:54	87.48333	95.17417	0.127	247.7
2020-01-22T05:04	87.48319	95.16678	0.127	246.7
2020-01-22T05:14	87.48304	95.15947	0.127	245.2
2020-01-22T05:24	87.48289	95.15237	0.125	244.4
2020-01-22T05:34	87.48274	95.14524	0.126	243.8
2020-01-22T05:44	87.48259	95.13818	0.123	245.1
2020-01-22T05:54	87.48245	95.13118	0.121	245.8
2020-01-22T06:04	87.48232	95.12431	0.119	245.7
2020-01-22T06:14	87.48218	95.11742	0.120	245.2
2020-01-22T06:24	87.48204	95.11059	0.118	245.9
2020-01-22T06:34	87.48190	95.10388	0.117	244.7
2020-01-22T06:44	87.48176	95.09711	0.118	244.9
2020-01-22T06:54	87.48163	95.09045	0.116	244.9
2020-01-22T07:04	87.48149	95.08391	0.114	245.0
2020-01-22T07:14	87.48136	95.07734	0.115	244.9
2020-01-22T07:24	87.48122	95.07095	0.113	243.3
2020-01-22T07:34	87.48107	95.06446	0.115	242.9
2020-01-22T07:44	87.48092	95.05810	0.114	241.6
2020-01-22T07:54	87.48077	95.05165	0.116	241.7
2020-01-22T08:04	87.48061	95.04506	0.119	241.1
2020-01-22T08:14	87.48045	95.03851	0.119	240.9
2020-01-22T08:24	87.48028	95.03215	0.117	239.5
2020-01-22T08:34	87.48012	95.02535	0.122	241.7
2020-01-22T08:44	87.47995	95.01883	0.120	239.3
2020-01-22T08:54	87.47977	95.01245	0.119	237.9
2020-01-22T09:04	87.47960	95.00609	0.119	238.0
2020-01-22T09:14	87.47942	94.99967	0.121	237.5
2020-01-22T09:24	87.47924	94.99324	0.121	237.4
2020-01-22T09:34	87.47907	94.98670	0.120	239.3
2020-01-22T09:44	87.47888	94.98019	0.123	237.1
2020-01-22T09:54	87.47870	94.97346	0.125	238.4
2020-01-22T10:04	87.47851	94.96655	0.128	238.4
2020-01-22T10:14	87.47833	94.95968	0.127	239.2
2020-01-22T10:24	87.47815	94.95283	0.127	238.6
2020-01-22T10:34	87.47796	94.94610	0.127	236.9
2020-01-22T10:44	87.47776	94.93942	0.128	236.1
2020-01-22T10:54	87.47756	94.93277	0.128	235.5
2020-01-22T11:04	87.47735	94.92611	0.128	235.2
2020-01-22T11:14	87.47715	94.91941	0.130	234.7
2020-01-22T11:24	87.47693	94.91268	0.131	234.2
2020-01-22T11:34	87.47672	94.90590	0.132	234.6
2020-01-22T11:44	87.47651	94.89931	0.130	233.6
2020-01-22T11:54	87.47629	94.89259	0.131	234.3
2020-01-22T12:04	87.47608	94.88579	0.133	234.4
2020-01-22T12:14	87.47587	94.87916	0.130	234.0
2020-01-22T12:24	87.47565	94.87253	0.131	233.4
2020-01-22T12:34	87.47544	94.86573	0.132	235.0
2020-01-22T12:44	87.47523	94.85920	0.128	233.9
2020-01-22T12:54	87.47502	94.85272	0.128	233.6
2020-01-22T13:04	87.47480	94.84623	0.131	232.1
2020-01-22T13:14	87.47457	94.84002	0.128	230.1
2020-01-22T13:24	87.47434	94.83386	0.129	229.3
2020-01-22T13:34	87.47410	94.82777	0.129	228.4
2020-01-22T13:44	87.47386	94.82162	0.131	228.1
2020-01-22T13:54	87.47362	94.81559	0.128	228.4
2020-01-22T14:04	87.47337	94.80936	0.132	228.2
2020-01-22T14:14	87.47314	94.80330	0.129	228.4
2020-01-22T14:24	87.47291	94.79691	0.131	230.7
2020-01-22T14:34	87.47268	94.79045	0.131	231.4
2020-01-22T14:44	87.47245	94.78387	0.132	232.1
2020-01-22T14:54	87.47223	94.77725	0.133	232.0
2020-01-22T15:04	87.47200	94.77059	0.134	232.0
2020-01-22T15:14	87.47177	94.76395	0.133	232.5
2020-01-22T15:24	87.47156	94.75742	0.129	233.6
2020-01-22T15:34	87.47134	94.75098	0.130	232.1
2020-01-22T15:44	87.47112	94.74445	0.130	233.1
2020-01-22T15:54	87.47090	94.73798	0.130	232.2
2020-01-22T16:04	87.47068	94.73149	0.131	232.1
2020-01-22T16:14	87.47045	94.72506	0.130	231.7
2020-01-22T16:24	87.47023	94.71862	0.131	231.3
2020-01-22T16:34	87.47000	94.71226	0.131	230.7
2020-01-22T16:44	87.46976	94.70579	0.133	230.8
2020-01-22T16:54	87.46953	94.69926	0.133	231.1
2020-01-22T17:04	87.46930	94.69270	0.134	231.2
2020-01-22T17:14	87.46907	94.68607	0.134	231.7
2020-01-22T17:24	87.46883	94.67932	0.137	231.4
2020-01-22T17:34	87.46859	94.67256	0.137	231.8
2020-01-22T17:44	87.46836	94.66577	0.137	232.2
2020-01-22T17:54	87.46813	94.65896	0.136	232.5
2020-01-22T18:04	87.46790	94.65190	0.140	233.1
2020-01-22T18:14	87.46767	94.64476	0.141	233.8
2020-01-22T18:24	87.46743	94.63752	0.143	233.7
2020-01-22T18:34	87.46720	94.63049	0.140	232.9
2020-01-22T18:44	87.46695	94.62356	0.140	231.7
2020-01-22T18:54	87.46671	94.61673	0.140	230.9
2020-01-22T19:04	87.46645	94.61008	0.141	228.8
2020-01-22T19:14	87.46620	94.60338	0.141	229.3
2020-01-22T19:24	87.46593	94.59677	0.142	227.7
2020-01-22T19:34	87.46567	94.59022	0.141	227.7
2020-01-22T19:44	87.46540	94.58344	0.144	228.7
2020-01-22T19:54	87.46514	94.57666	0.145	228.3
2020-01-22T20:04	87.46487	94.56977	0.147	228.5
2020-01-22T20:14	87.46460	94.56294	0.146	228.1
2020-01-22T20:24	87.46431	94.55519	0.161	230.2
2020-01-22T20:34	87.46405	94.54828	0.145	229.3
2020-01-22T20:44	87.46377	94.54127	0.149	228.6
2020-01-22T20:54	87.46349	94.53414	0.152	228.4
2020-01-22T21:04	87.46321	94.52717	0.151	227.3
2020-01-22T21:14	87.46292	94.52033	0.151	226.1
2020-01-22T21:24	87.46263	94.51334	0.153	226.9
2020-01-22T21:34	87.46233	94.50626	0.155	226.8
2020-01-22T21:44	87.46204	94.49913	0.155	227.2
2020-01-22T21:54	87.46174	94.49184	0.158	227.4
2020-01-22T22:04	87.46145	94.48477	0.154	227.2
2020-01-22T22:14	87.46119	94.47840	0.139	226.9
2020-01-22T22:24	87.46094	94.47225	0.134	227.2
2020-01-22T22:34	87.46067	94.46598	0.139	226.2
2020-01-22T22:44	87.46039	94.45995	0.140	223.3
2020-01-22T22:54	87.46010	94.45331	0.148	225.8
2020-01-22T23:04	87.45981	94.44629	0.154	226.8
2020-01-22T23:14	87.45952	94.43924	0.153	227.2
2020-01-22T23:24	87.45923	94.43239	0.152	226.1
2020-01-22T23:34	87.45894	94.42575	0.148	225.7
2020-01-22T23:44	87.45866	94.41930	0.144	225.5
2020-01-22T23:54	87.45838	94.41269	0.146	226.2
2020-01-23T00:04	87.45808	94.40615	0.148	224.7
2020-01-23T00:14	87.45781	94.39971	0.143	226.0
2020-01-23T00:24	87.45753	94.39157	0.163	232.8
2020-01-23T00:34	87.45727	94.38342	0.162	233.5
2020-01-23T00:44	87.45699	94.37606	0.154	229.7
2020-01-23T00:54	87.45674	94.36946	0.138	229.7
2020-01-23T01:04	87.45648	94.36257	0.145	229.2
2020-01-23T01:14	87.45621	94.35581	0.145	228.3
2020-01-23T01:24	87.45594	94.34888	0.147	229.1
2020-01-23T01:34	87.45568	94.34210	0.143	229.1
2020-01-23T01:44	87.45543	94.33518	0.144	230.0
2020-01-23T01:54	87.45517	94.32817	0.145	230.7
2020-01-23T02:04	87.45492	94.32112	0.144	231.3
2020-01-23T02:14	87.45465	94.31384	0.151	230.5
2020-01-23T02:24	87.45439	94.30625	0.153	232.4
2020-01-23T02:34	87.45415	94.29903	0.146	232.3
2020-01-23T02:44	87.45389	94.29169	0.149	231.8
2020-01-23T02:54	87.45364	94.28407	0.151	233.8
2020-01-23T03:04	87.45340	94.27592	0.157	236.2
2020-01-23T03:14	87.45314	94.26872	0.149	230.5
2020-01-23T03:24	87.45287	94.26168	0.149	229.3
2020-01-23T03:34	87.45261	94.25480	0.144	229.8
2020-01-23T03:44	87.45237	94.24821	0.136	230.8
2020-01-23T03:54	87.45214	94.24150	0.136	232.1
2020-01-23T04:04	87.45190	94.23532	0.130	229.8
2020-01-23T04:14	87.45168	94.22906	0.129	230.9
2020-01-23T04:24	87.45145	94.22251	0.133	231.9
2020-01-23T04:34	87.45122	94.21607	0.132	231.4
2020-01-23T04:44	87.45098	94.20970	0.134	229.6
2020-01-23T04:54	87.45075	94.20372	0.127	229.0
2020-01-23T05:04	87.45052	94.19776	0.125	229.6
2020-01-23T05:14	87.45030	94.19168	0.127	229.9
2020-01-23T05:24	87.45007	94.18571	0.126	229.2
2020-01-23T05:34	87.44984	94.17958	0.128	230.3
2020-01-23T05:44	87.44961	94.17320	0.131	231.2
2020-01-23T05:54	87.44938	94.16681	0.131	231.3
2020-01-23T06:04	87.44916	94.16046	0.129	231.8
2020-01-23T06:14	87.44894	94.15376	0.133	233.7
2020-01-23T06:24	87.44872	94.14778	0.126	229.8
2020-01-23T06:34	87.44848	94.14170	0.130	228.8
2020-01-23T06:44	87.44824	94.13533	0.133	230.1
2020-01-23T06:54	87.44802	94.12890	0.131	231.7
2020-01-23T07:04	87.44780	94.12277	0.127	230.9
2020-01-23T07:14	87.44758	94.11658	0.126	231.8
2020-01-23T07:24	87.44737	94.11031	0.126	232.8
2020-01-23T07:34	87.44716	94.10409	0.125	232.7
2020-01-23T07:44	87.44694	94.09787	0.126	232.1
2020-01-23T07:54	87.44672	94.09188	0.124	230.6
2020-01-23T08:04	87.44648	94.08587	0.130	228.1
2020-01-23T08:14	87.44622	94.07977	0.135	226.5
2020-01-23T08:24	87.44598	94.07326	0.136	230.1
2020-01-23T08:34	87.44574	94.06713	0.132	228.3
2020-01-23T08:44	87.44549	94.06097	0.134	227.6
2020-01-23T08:54	87.44524	94.05443	0.137	230.1
2020-01-23T09:04	87.44500	94.04807	0.134	229.8
2020-01-23T09:14	87.44476	94.04192	0.132	228.2
2020-01-23T09:24	87.44451	94.03590	0.132	227.0
2020-01-23T09:34	87.44427	94.02904	0.140	232.1
2020-01-23T09:44	87.44402	94.02233	0.140	230.3
2020-01-23T09:54	87.44377	94.01585	0.138	228.9
2020-01-23T10:04	87.44352	94.00980	0.132	227.3
2020-01-23T10:14	87.44328	94.00390	0.129	227.1
2020-01-23T10:24	87.44302	93.99789	0.134	226.3
2020-01-23T10:34	87.44275	93.99170	0.139	225.7
2020-01-23T10:44	87.44248	93.98572	0.138	224.2
2020-01-23T10:54	87.44220	93.97978	0.139	223.5
2020-01-23T11:04	87.44191	93.97365	0.142	224.0
2020-01-23T11:14	87.44163	93.96751	0.142	224.1
2020-01-23T11:24	87.44137	93.96150	0.134	226.1
2020-01-23T11:34	87.44109	93.95525	0.142	225.0
2020-01-23T11:44	87.44082	93.94977	0.133	221.6
2020-01-23T11:54	87.44055	93.94421	0.131	223.0
2020-01-23T12:04	87.44028	93.93867	0.132	222.5
2020-01-23T12:14	87.44002	93.93300	0.131	224.3
2020-01-23T12:24	87.43975	93.92721	0.134	224.0
2020-01-23T12:34	87.43949	93.92148	0.132	224.1
2020-01-23T12:44	87.43924	93.91587	0.128	224.9
2020-01-23T12:54	87.43899	93.90996	0.129	227.3
2020-01-23T13:04	87.43875	93.90403	0.131	226.9
2020-01-23T13:14	87.43852	93.89842	0.122	227.6
2020-01-23T13:24	87.43830	93.89317	0.115	227.1
2020-01-23T13:34	87.43808	93.88776	0.118	227.6
2020-01-23T13:44	87.43786	93.88232	0.118	227.9
2020-01-23T13:54	87.43764	93.87690	0.117	228.3
2020-01-23T14:04	87.43743	93.87143	0.118	228.4
2020-01-23T14:14	87.43722	93.86602	0.114	230.0
2020-01-23T14:24	87.43701	93.86060	0.116	228.7
2020-01-23T14:34	87.43679	93.85501	0.121	228.2
2020-01-23T14:44	87.43656	93.84891	0.128	229.9
2020-01-23T14:54	87.43633	93.84260	0.131	231.1
2020-01-23T15:04	87.43610	93.83614	0.133	231.7
2020-01-23T15:14	87.43587	93.82929	0.137	233.7
2020-01-23T15:24	87.43565	93.82279	0.133	231.9
2020-01-23T15:34	87.43542	93.81641	0.132	231.3
2020-01-23T15:44	87.43520	93.80998	0.130	232.8
2020-01-23T15:54	87.43498	93.80350	0.131	233.0
2020-01-23T16:04	87.43477	93.79666	0.135	235.0
2020-01-23T16:14	87.43455	93.78954	0.138	236.1
2020-01-23T16:24	87.43435	93.78219	0.140	237.9
2020-01-23T16:34	87.43415	93.77482	0.139	238.8
2020-01-23T16:44	87.43395	93.76735	0.140	239.6
2020-01-23T16:54	87.43376	93.76014	0.134	239.9
2020-01-23T17:04	87.43358	93.75237	0.141	242.6
2020-01-23T17:14	87.43341	93.74446	0.142	244.1
2020-01-23T17:24	87.43324	93.73667	0.139	244.4
2020-01-23T17:34	87.43310	93.72919	0.132	246.3
2020-01-23T17:44	87.43295	93.72187	0.129	245.9
2020-01-23T17:54	87.43280	93.71438	0.132	246.7
2020-01-23T18:04	87.43265	93.70621	0.143	247.0
2020-01-23T18:14	87.43250	93.69717	0.155	250.4
2020-01-23T18:24	87.43236	93.68831	0.152	250.2
2020-01-23T18:34	87.43221	93.68004	0.144	247.7
2020-01-23T18:44	87.43206	93.67196	0.142	247.0
2020-01-23T18:54	87.43191	93.66373	0.143	248.6
2020-01-23T19:04	87.43176	93.65558	0.142	248.2
2020-01-23T19:14	87.43162	93.64751	0.141	247.8
2020-01-23T19:24	87.43147	93.63941	0.141	248.1
2020-01-23T19:34	87.43133	93.63116	0.142	249.3
2020-01-23T19:44	87.43119	93.62287	0.143	249.7
2020-01-23T19:54	87.43106	93.61455	0.143	250.1
2020-01-23T20:04	87.43091	93.60663	0.139	246.8
2020-01-23T20:14	87.43076	93.59848	0.142	247.9
2020-01-23T20:24	87.43062	93.59066	0.136	247.9
2020-01-23T20:34	87.43046	93.58289	0.138	245.6
2020-01-23T20:44	87.43030	93.57532	0.135	244.7
2020-01-23T20:54	87.43015	93.56753	0.137	246.9
2020-01-23T21:04	87.43000	93.55988	0.134	246.9
2020-01-23T21:14	87.42985	93.55230	0.133	246.5
2020-01-23T21:24	87.42972	93.54474	0.132	248.1
2020-01-23T21:34	87.42958	93.53723	0.130	248.4
2020-01-23T21:44	87.42945	93.52974	0.130	248.0
2020-01-23T21:54	87.42931	93.52241	0.128	247.9
2020-01-23T22:04	87.42917	93.51491	0.132	246.9
2020-01-23T22:14	87.42903	93.50773	0.127	245.7
2020-01-23T22:24	87.42888	93.50015	0.133	247.5
2020-01-23T22:34	87.42874	93.49274	0.131	245.8
2020-01-23T22:44	87.42858	93.48557	0.129	244.0
2020-01-23T22:54	87.42842	93.47846	0.128	243.6
2020-01-23T23:04	87.42827	93.47128	0.128	245.0
2020-01-23T23:14	87.42812	93.46420	0.126	245.1
2020-01-23T23:24	87.42797	93.45714	0.126	244.7
2020-01-23T23:34	87.42783	93.45007	0.126	245.4
2020-01-23T23:44	87.42769	93.44306	0.124	246.4
2020-01-23T23:54	87.42756	93.43611	0.122	246.9
2020-01-24T00:04	87.42743	93.42939	0.118	247.0
2020-01-24T00:14	87.42730	93.42270	0.117	247.1
2020-01-24T00:24	87.42718	93.41608	0.116	246.9
2020-01-24T00:34	87.42706	93.40956	0.114	248.0
2020-01-24T00:44	87.42693	93.40282	0.118	247.4
2020-01-24T00:54	87.42682	93.39662	0.107	249.2
2020-01-24T01:04	87.42672	93.39027	0.110	249.0
2020-01-24T01:14	87.42660	93.38402	0.109	248.4
2020-01-24T01:24	87.42650	93.37795	0.105	248.7
2020-01-24T01:34	87.42639	93.37198	0.104	248.5
2020-01-24T01:44	87.42628	93.36618	0.102	247.1
2020-01-24T01:54	87.42618	93.36044	0.100	247.7
2020-01-24T02:04	87.42608	93.35483	0.097	249.3
2020-01-24T02:14	87.42599	93.34927	0.096	249.6
2020-01-24T02:24	87.42589	93.34380	0.095	248.2
2020-01-24T02:34	87.42579	93.33849	0.093	248.0
2020-01-24T02:44	87.42570	93.33312	0.093	249.1
2020-01-24T02:54	87.42561	93.32785	0.091	249.7
2020-01-24T03:04	87.42552	93.32249	0.093	248.6
2020-01-24T03:14	87.42541	93.31748	0.090	243.6
2020-01-24T03:24	87.42532	93.31238	0.089	248.1
2020-01-24T03:34	87.42524	93.30712	0.090	251.4
2020-01-24T03:44	87.42515	93.30188	0.091	248.9
2020-01-24T03:54	87.42505	93.29673	0.090	247.6
2020-01-24T04:04	87.42496	93.29173	0.087	247.8
2020-01-24T04:14	87.42487	93.28696	0.084	246.5
2020-01-24T04:24	87.42480	93.28220	0.081	251.9
2020-01-24T04:34	87.42473	93.27738	0.082	252.8
2020-01-24T04:44	87.42466	93.27260	0.081	252.9
2020-01-24T04:54	87.42459	93.26772	0.083	252.6
2020-01-24T05:04	87.42453	93.26286	0.082	253.0
2020-01-24T05:14	87.42446	93.25811	0.081	252.1
2020-01-24T05:24	87.42439	93.25334	0.081	251.5
2020-01-24T05:34	87.42431	93.24864	0.080	251.2
2020-01-24T05:44	87.42424	93.24394	0.081	250.6
2020-01-24T05:54	87.42416	93.23909	0.084	249.8
2020-01-24T06:04	87.42408	93.23452	0.079	249.2
2020-01-24T06:14	87.42400	93.22985	0.081	249.3
2020-01-24T06:24	87.42391	93.22520	0.082	246.7
2020-01-24T06:34	87.42381	93.22024	0.088	246.2
2020-01-24T06:44	87.42372	93.21555	0.083	246.8
2020-01-24T06:54	87.42364	93.21088	0.082	246.9
2020-01-24T07:04	87.42354	93.20631	0.081	245.5
2020-01-24T07:14	87.42345	93.20167	0.083	245.2
2020-01-24T07:24	87.42335	93.19703	0.083	244.9
2020-01-24T07:34	87.42325	93.19252	0.081	244.4
2020-01-24T07:44	87.42315	93.18799	0.081	244.8
2020-01-24T07:54	87.42305	93.18332	0.085	243.5
2020-01-24T08:04	87.42295	93.17898	0.078	243.5
2020-01-24T08:14	87.42285	93.17476	0.078	241.2
2020-01-24T08:24	87.42274	93.17010	0.084	243.5
2020-01-24T08:34	87.42264	93.16579	0.080	241.3
2020-01-24T08:44	87.42253	93.16158	0.078	241.1
2020-01-24T08:54	87.42242	93.15733	0.080	240.0
2020-01-24T09:04	87.42232	93.15304	0.079	241.3
2020-01-24T09:14	87.42220	93.14889	0.079	238.3
2020-01-24T09:24	87.42209	93.14485	0.077	237.9
2020-01-24T09:34	87.42197	93.14090	0.077	236.4
2020-01-24T09:44	87.42185	93.13699	0.077	235.9
2020-01-24T09:54	87.42173	93.13310	0.076	235.7
2020-01-24T10:04	87.42160	93.12925	0.079	232.5
2020-01-24T10:14	87.42147	93.12555	0.076	231.7
2020-01-24T10:24	87.42133	93.12194	0.076	230.6
2020-01-24T10:34	87.42120	93.11842	0.075	229.5
2020-01-24T10:44	87.42106	93.11485	0.077	228.8
2020-01-24T10:54	87.42092	93.11152	0.073	227.8
2020-01-24T11:04	87.42077	93.10810	0.077	226.4
2020-01-24T11:14	87.42062	93.10455	0.080	226.2
2020-01-24T11:24	87.42047	93.10093	0.081	226.4
2020-01-24T11:34	87.42033	93.09792	0.070	224.2
2020-01-24T11:44	87.42018	93.09461	0.076	224.9
2020-01-24T11:54	87.42003	93.09143	0.074	224.1
2020-01-24T12:04	87.41987	93.08813	0.077	223.8
2020-01-24T12:14	87.41972	93.08489	0.077	223.1
2020-01-24T12:24	87.41955	93.08140	0.082	223.4
2020-01-24T12:34	87.41940	93.07831	0.075	222.2
2020-01-24T12:44	87.41924	93.07500	0.079	222.7
2020-01-24T12:54	87.41907	93.07166	0.081	222.1
2020-01-24T13:04	87.41891	93.06835	0.080	221.9
2020-01-24T13:14	87.41874	93.06504	0.081	221.4
2020-01-24T13:24	87.41856	93.06165	0.083	221.6
2020-01-24T13:34	87.41838	93.05821	0.085	220.9
2020-01-24T13:44	87.41821	93.05495	0.081	220.7
2020-01-24T13:54	87.41804	93.05152	0.084	221.6
2020-01-24T14:04	87.41786	93.04807	0.085	221.2
2020-01-24T14:14	87.41769	93.04458	0.084	222.8
2020-01-24T14:24	87.41751	93.04111	0.085	221.2
2020-01-24T14:34	87.41734	93.03766	0.084	221.8
2020-01-24T14:44	87.41716	93.03411	0.086	222.0
2020-01-24T14:54	87.41698	93.03062	0.086	221.3
2020-01-24T15:04	87.41681	93.02716	0.084	221.7
2020-01-24T15:14	87.41663	93.02364	0.086	221.5
2020-01-24T15:24	87.41646	93.02013	0.084	222.6
2020-01-24T15:34	87.41628	93.01669	0.084	221.7
2020-01-24T15:44	87.41611	93.01334	0.082	221.2
2020-01-24T15:54	87.41593	93.01002	0.084	220.2
2020-01-24T16:04	87.41576	93.00659	0.083	222.2
2020-01-24T16:14	87.41559	93.00316	0.083	222.4
2020-01-24T16:24	87.41543	92.99970	0.083	223.0
2020-01-24T16:34	87.41526	92.99618	0.083	223.5
2020-01-24T16:44	87.41509	92.99283	0.081	222.0
2020-01-24T16:54	87.41493	92.98947	0.080	222.8
2020-01-24T17:04	87.41476	92.98610	0.081	222.5
2020-01-24T17:14	87.41459	92.98297	0.081	219.1
2020-01-24T17:24	87.41442	92.97973	0.079	221.5
2020-01-24T17:34	87.41426	92.97664	0.077	220.8
2020-01-24T17:44	87.41411	92.97343	0.075	223.7
2020-01-24T17:54	87.41396	92.97013	0.076	224.7
2020-01-24T18:04	87.41381	92.96667	0.077	227.1
2020-01-24T18:14	87.41367	92.96304	0.079	228.1
2020-01-24T18:24	87.41352	92.95928	0.080	229.7
2020-01-24T18:34	87.41339	92.95577	0.074	230.5
2020-01-24T18:44	87.41326	92.95216	0.075	231.2
2020-01-24T18:54	87.41313	92.94885	0.071	229.6
2020-01-24T19:04	87.41299	92.94534	0.078	227.2
2020-01-24T19:14	87.41285	92.94174	0.078	228.8
2020-01-24T19:24	87.41271	92.93840	0.074	227.1
2020-01-24T19:34	87.41257	92.93513	0.071	228.0
2020-01-24T19:44	87.41245	92.93190	0.069	230.0
2020-01-24T19:54	87.41233	92.92890	0.065	228.3
2020-01-24T20:04	87.41218	92.92632	0.068	218.1
2020-01-24T20:14	87.41202	92.92315	0.078	221.7
2020-01-24T20:24	87.41191	92.92162	0.048	211.5
2020-01-24T20:34	87.41176	92.91922	0.065	216.8
2020-01-24T20:44	87.41162	92.91697	0.062	216.4
2020-01-24T20:54	87.41149	92.91478	0.061	215.6
2020-01-24T21:04	87.41135	92.91250	0.063	216.2
2020-01-24T21:14	87.41122	92.91030	0.059	217.5
2020-01-24T21:24	87.41109	92.90807	0.057	219.3
2020-01-24T21:34	87.41097	92.90578	0.057	220.8
2020-01-24T21:44	87.41085	92.90373	0.056	216.7
2020-01-24T21:54	87.41074	92.90174	0.052	218.4
2020-01-24T22:04	87.41062	92.89974	0.053	218.0
2020-01-24T22:14	87.41049	92.89740	0.059	219.7
2020-01-24T22:24	87.41037	92.89481	0.061	223.7
2020-01-24T22:34	87.41027	92.89241	0.053	227.5
2020-01-24T22:44	87.41017	92.89026	0.050	224.8
2020-01-24T22:54	87.41007	92.88851	0.048	216.6
2020-01-24T23:04	87.40996	92.88728	0.044	206.7
2020-01-24T23:14	87.40984	92.88605	0.045	206.3
2020-01-24T23:24	87.40973	92.88462	0.047	209.7
2020-01-24T23:34	87.40962	92.88322	0.046	209.7
2020-01-24T23:44	87.40950	92.88169	0.051	209.4
2020-01-24T23:54	87.40936	92.88029	0.053	205.3
2020-01-25T00:04	87.40924	92.87880	0.052	207.8
2020-01-25T00:14	87.40909	92.87707	0.059	208.6
2020-01-25T00:24	87.40897	92.87558	0.051	208.6
2020-01-25T00:34	87.40886	92.87393	0.048	214.2
2020-01-25T00:44	87.40875	92.87240	0.045	213.5
2020-01-25T00:54	87.40864	92.87059	0.050	215.9
2020-01-25T01:04	87.40853	92.86884	0.049	215.5
2020-01-25T01:14	87.40841	92.86731	0.050	209.8
2020-01-25T01:24	87.40829	92.86568	0.051	211.6
2020-01-25T01:34	87.40818	92.86409	0.046	213.9
2020-01-25T01:44	87.40808	92.86259	0.043	214.2
2020-01-25T01:54	87.40798	92.86099	0.046	214.3
2020-01-25T02:04	87.40788	92.85952	0.043	213.8
2020-01-25T02:14	87.40778	92.85816	0.041	212.8
2020-01-25T02:24	87.40768	92.85674	0.042	213.2
2020-01-25T02:34	87.40757	92.85538	0.047	208.5
2020-01-25T02:44	87.40746	92.85403	0.045	209.1
2020-01-25T02:54	87.40734	92.85266	0.050	206.4
2020-01-25T03:04	87.40722	92.85139	0.047	206.3
2020-01-25T03:14	87.40710	92.85000	0.050	207.0
2020-01-25T03:24	87.40698	92.84876	0.047	205.1
2020-01-25T03:34	87.40688	92.84776	0.039	204.9
2020-01-25T03:44	87.40678	92.84699	0.039	198.9
2020-01-25T03:54	87.40667	92.84635	0.040	195.0
2020-01-25T04:04	87.40656	92.84585	0.042	191.4
2020-01-25T04:14	87.40648	92.84523	0.029	199.9
2020-01-25T04:24	87.40639	92.84397	0.040	210.9
2020-01-25T04:34	87.40630	92.84224	0.041	223.3
2020-01-25T04:44	87.40622	92.84051	0.040	224.6
2020-01-25T04:54	87.40614	92.83892	0.039	221.5
2020-01-25T05:04	87.40603	92.83775	0.044	205.4
2020-01-25T05:14	87.40593	92.83632	0.042	214.1
2020-01-25T05:24	87.40586	92.83477	0.036	223.9
2020-01-25T05:34	87.40579	92.83330	0.036	221.3
2020-01-25T05:44	87.40572	92.83232	0.029	213.4
2020-01-25T05:54	87.40565	92.83144	0.028	210.8
2020-01-25T06:04	87.40559	92.83100	0.025	196.6
2020-01-25T06:14	87.40552	92.83091	0.023	183.5
2020-01-25T06:24	87.40544	92.83121	0.029	170.5
2020-01-25T06:34	87.40537	92.83114	0.027	182.5
2020-01-25T06:44	87.40529	92.83040	0.030	203.9
2020-01-25T06:54	87.40522	92.82969	0.029	203.7
2020-01-25T07:04	87.40515	92.82904	0.027	203.0
2020-01-25T07:14	87.40506	92.82810	0.034	206.5
2020-01-25T07:24	87.40498	92.82739	0.033	200.3
2020-01-25T07:34	87.40488	92.82659	0.037	201.0
2020-01-25T07:44	87.40480	92.82614	0.031	193.4
2020-01-25T07:54	87.40472	92.82533	0.031	205.6
2020-01-25T08:04	87.40465	92.82470	0.026	203.5
2020-01-25T08:14	87.40459	92.82416	0.023	202.1
2020-01-25T08:24	87.40453	92.82366	0.025	199.2
2020-01-25T08:34	87.40446	92.82239	0.031	221.7
2020-01-25T08:44	87.40442	92.82051	0.035	240.5
2020-01-25T08:54	87.40438	92.81893	0.029	242.8
2020-01-25T09:04	87.40434	92.81759	0.025	240.1
2020-01-25T09:14	87.40432	92.81658	0.020	237.7
2020-01-25T09:24	87.40429	92.81588	0.014	237.0
2020-01-25T09:34	87.40426	92.81509	0.017	229.4
2020-01-25T09:44	87.40424	92.81448	0.013	227.7
2020-01-25T09:54	87.40420	92.81417	0.014	201.4
2020-01-25T10:04	87.40413	92.81443	0.028	171.5
2020-01-25T10:14	87.40407	92.81439	0.019	181.9
2020-01-25T10:24	87.40402	92.81393	0.021	200.5
2020-01-25T10:34	87.40393	92.81427	0.031	169.8
2020-01-25T10:44	87.40385	92.81484	0.031	162.8
2020-01-25T10:54	87.40373	92.81536	0.043	168.6
2020-01-25T11:04	87.40363	92.81599	0.038	164.1
2020-01-25T11:14	87.40356	92.81615	0.024	174.1
2020-01-25T11:24	87.40350	92.81648	0.023	166.1
2020-01-25T11:34	87.40343	92.81689	0.026	165.6
2020-01-25T11:44	87.40336	92.81759	0.028	155.5
2020-01-25T11:54	87.40330	92.81840	0.027	150.6
2020-01-25T12:04	87.40323	92.81927	0.027	148.5
2020-01-25T12:14	87.40317	92.82035	0.029	143.2
2020-01-25T12:24	87.40307	92.82218	0.047	140.7
2020-01-25T12:34	87.40297	92.82432	0.050	135.8
2020-01-25T12:44	87.40287	92.82633	0.048	137.0
2020-01-25T12:54	87.40276	92.82851	0.052	136.3
2020-01-25T13:04	87.40266	92.83055	0.050	138.3
2020-01-25T13:14	87.40258	92.83270	0.046	129.5
2020-01-25T13:24	87.40250	92.83523	0.051	125.7
2020-01-25T13:34	87.40242	92.83760	0.048	125.6
2020-01-25T13:44	87.40236	92.84027	0.049	117.0
2020-01-25T13:54	87.40231	92.84263	0.043	115.8
2020-01-25T14:04	87.40225	92.84513	0.045	115.9
2020-01-25T14:14	87.40220	92.84734	0.040	115.8
2020-01-25T14:24	87.40216	92.84977	0.043	113.9
2020-01-25T14:34	87.40211	92.85205	0.041	113.9
2020-01-25T14:44	87.40206	92.85449	0.044	115.1
2020-01-25T14:54	87.40201	92.85746	0.052	110.3
2020-01-25T15:04	87.40196	92.86036	0.051	110.7
2020-01-25T15:14	87.40192	92.86318	0.048	107.2
2020-01-25T15:24	87.40188	92.86597	0.048	107.7
2020-01-25T15:34	87.40185	92.86883	0.048	104.7
2020-01-25T15:44	87.40181	92.87173	0.049	103.2
2020-01-25T15:54	87.40179	92.87468	0.049	99.6
2020-01-25T16:04	87.40178	92.87747	0.046	96.5
2020-01-25T16:14	87.40177	92.88060	0.051	94.6
2020-01-25T16:24	87.40176	92.88410	0.057	93.5
2020-01-25T16:34	87.40175	92.88773	0.059	92.2
2020-01-25T16:44	87.40175	92.89117	0.056	89.7
2020-01-25T16:54	87.40176	92.89479	0.059	88.0
2020-01-25T17:04	87.40176	92.89836	0.058	87.1
2020-01-25T17:14	87.40178	92.90197	0.059	83.8
2020-01-25T17:24	87.40180	92.90570	0.061	82.6
2020-01-25T17:34	87.40183	92.90968	0.066	82.9
2020-01-25T17:44	87.40185	92.91350	0.063	82.8
2020-01-25T17:54	87.40188	92.91745	0.066	79.4
2020-01-25T18:04	87.40193	92.92148	0.068	75.1
2020-01-25T18:14	87.40199	92.92549	0.069	72.3
2020-01-25T18:24	87.40207	92.92971	0.074	68.2
2020-01-25T18:34	87.40216	92.93396	0.077	64.9
2020-01-25T18:44	87.40225	92.93826	0.078	64.0
2020-01-25T18:54	87.40236	92.94257	0.080	61.7
2020-01-25T19:04	87.40246	92.94670	0.078	60.2
2020-01-25T19:14	87.40257	92.95111	0.081	62.7
2020-01-25T19:24	87.40267	92.95567	0.083	64.0
2020-01-25T19:34	87.40277	92.96025	0.084	63.2
2020-01-25T19:44	87.40288	92.96453	0.079	61.5
2020-01-25T19:54	87.40298	92.96858	0.076	61.2
2020-01-25T20:04	87.40308	92.97238	0.072	59.3
2020-01-25T20:14	87.40317	92.97580	0.065	58.8
2020-01-25T20:24	87.40328	92.97941	0.071	56.5
2020-01-25T20:34	87.40339	92.98258	0.064	53.9
2020-01-25T20:44	87.40349	92.98550	0.061	51.7
2020-01-25T20:54	87.40359	92.98843	0.059	54.2
2020-01-25T21:04	87.40369	92.99162	0.063	55.7
2020-01-25T21:14	87.40379	92.99446	0.059	51.5
2020-01-25T21:24	87.40389	92.99740	0.061	52.0
2020-01-25T21:34	87.40397	93.00006	0.051	58.7
2020-01-25T21:44	87.40403	93.00303	0.054	63.4
2020-01-25T21:54	87.40410	93.00580	0.051	61.6
2020-01-25T22:04	87.40417	93.00874	0.054	62.3
2020-01-25T22:14	87.40424	93.01179	0.056	63.5
2020-01-25T22:24	87.40431	93.01491	0.056	64.4
2020-01-25T22:34	87.40438	93.01812	0.058	64.1
2020-01-25T22:44	87.40444	93.02143	0.059	66.1
2020-01-25T22:54	87.40451	93.02495	0.063	66.2
2020-01-25T23:04	87.40457	93.02908	0.070	73.8
2020-01-25T23:14	87.40456	93.03395	0.080	91.0
2020-01-25T23:24	87.40461	93.03898	0.084	77.6
2020-01-25T23:34	87.40467	93.04445	0.091	78.5
2020-01-25T23:44	87.40477	93.04867	0.078	62.1
2020-01-25T23:54	87.40484	93.05414	0.093	73.0
2020-01-26T00:04	87.40492	93.05913	0.086	70.1
2020-01-26T00:14	87.40497	93.06454	0.090	78.3
2020-01-26T00:24	87.40500	93.07045	0.097	84.8
2020-01-26T00:34	87.40506	93.07570	0.088	76.5
2020-01-26T00:44	87.40518	93.08059	0.092	60.0
2020-01-26T00:54	87.40532	93.08485	0.084	55.5
2020-01-26T01:04	87.40545	93.08960	0.091	58.3
2020-01-26T01:14	87.40558	93.09451	0.094	58.6
2020-01-26T01:24	87.40565	93.10070	0.104	76.7
2020-01-26T01:34	87.40570	93.10741	0.111	80.5
2020-01-26T01:44	87.40576	93.11426	0.114	79.5
2020-01-26T01:54	87.40583	93.12115	0.115	76.6
2020-01-26T02:04	87.40588	93.12851	0.121	82.7
2020-01-26T02:14	87.40592	93.13556	0.116	82.6
2020-01-26T02:24	87.40597	93.14314	0.125	81.1
2020-01-26T02:34	87.40605	93.15062	0.125	77.5
2020-01-26T02:44	87.40616	93.15778	0.123	70.9
2020-01-26T02:54	87.40630	93.16469	0.124	65.1
2020-01-26T03:04	87.40644	93.17205	0.129	67.9
2020-01-26T03:14	87.40654	93.18005	0.136	73.9
2020-01-26T03:24	87.40667	93.18822	0.141	70.8
2020-01-26T03:34	87.40680	93.19699	0.150	72.8
2020-01-26T03:44	87.40692	93.20542	0.144	72.2
2020-01-26T03:54	87.40705	93.21375	0.144	70.2
2020-01-26T04:04	87.40719	93.22183	0.140	70.1
2020-01-26T04:14	87.40735	93.23011	0.147	67.0
2020-01-26T04:24	87.40755	93.23802	0.148	60.6
2020-01-26T04:34	87.40776	93.24608	0.153	59.3
2020-01-26T04:44	87.40798	93.25415	0.152	59.6
2020-01-26T04:54	87.40820	93.26222	0.153	59.1
2020-01-26T05:04	87.40841	93.27038	0.154	59.4
2020-01-26T05:14	87.40864	93.27870	0.158	59.1
2020-01-26T05:24	87.40887	93.28696	0.157	58.8
2020-01-26T05:34	87.40910	93.29535	0.161	57.8
2020-01-26T05:44	87.40933	93.30392	0.162	59.2
2020-01-26T05:54	87.40957	93.31269	0.166	59.3
2020-01-26T06:04	87.40980	93.32132	0.163	59.8
2020-01-26T06:14	87.41003	93.33008	0.164	60.0
2020-01-26T06:24	87.41026	93.33883	0.166	58.9
2020-01-26T06:34	87.41050	93.34764	0.166	59.5
2020-01-26T06:44	87.41075	93.35627	0.167	57.4
2020-01-26T06:54	87.41101	93.36494	0.170	56.0
2020-01-26T07:04	87.41128	93.37366	0.171	55.9
2020-01-26T07:14	87.41156	93.38250	0.175	55.3
2020-01-26T07:24	87.41181	93.39193	0.178	59.2
2020-01-26T07:34	87.41207	93.40148	0.181	59.2
2020-01-26T07:44	87.41239	93.41141	0.198	54.5
2020-01-26T07:54	87.41254	93.42494	0.227	75.6
2020-01-26T08:04	87.41280	93.43650	0.209	63.8
2020-01-26T08:14	87.41302	93.44895	0.217	68.7
2020-01-26T08:24	87.41314	93.46180	0.214	77.9
2020-01-26T08:34	87.41329	93.47482	0.218	75.7
2020-01-26T08:44	87.41347	93.48781	0.220	73.4
2020-01-26T08:54	87.41361	93.50103	0.220	76.9
2020-01-26T09:04	87.41375	93.51476	0.229	77.4
2020-01-26T09:14	87.41391	93.52863	0.233	75.3
2020-01-26T09:24	87.41405	93.54367	0.249	78.7
2020-01-26T09:34	87.41421	93.55782	0.237	75.3
2020-01-26T09:44	87.41434	93.57209	0.236	78.7
2020-01-26T09:54	87.41449	93.58686	0.246	77.2
2020-01-26T10:04	87.41469	93.60049	0.232	72.4
2020-01-26T10:14	87.41482	93.61581	0.253	79.0
2020-01-26T10:24	87.41498	93.63125	0.257	77.3
2020-01-26T10:34	87.41512	93.64589	0.243	78.0
2020-01-26T10:44	87.41524	93.66079	0.246	79.6
2020-01-26T10:54	87.41545	93.67559	0.251	73.1
2020-01-26T11:04	87.41560	93.69043	0.247	77.3
2020-01-26T11:14	87.41573	93.70586	0.255	79.3
2020-01-26T11:24	87.41588	93.72145	0.259	78.0
2020-01-26T11:34	87.41600	93.73663	0.250	80.1
2020-01-26T11:44	87.41619	93.75157	0.252	74.2
2020-01-26T11:54	87.41627	93.76581	0.233	82.7
2020-01-26T12:04	87.41635	93.78020	0.235	83.2
2020-01-26T12:14	87.41650	93.79386	0.228	76.3
2020-01-26T12:24	87.41658	93.80869	0.243	83.1
2020-01-26T12:34	87.41667	93.82409	0.252	82.6
2020-01-26T12:44	87.41679	93.84061	0.272	80.8
2020-01-26T12:54	87.41690	93.85751	0.277	81.6
2020-01-26T13:04	87.41707	93.87484	0.287	78.1
2020-01-26T13:14	87.41718	93.89031	0.254	80.5
2020-01-26T13:24	87.41724	93.90523	0.243	84.9
2020-01-26T13:34	87.41733	93.92011	0.243	82.4
2020-01-26T13:44	87.41744	93.93678	0.273	81.9
2020-01-26T13:54	87.41758	93.95364	0.278	79.7
2020-01-26T14:04	87.41771	93.97048	0.277	79.9
2020-01-26T14:14	87.41784	93.98794	0.287	80.8
2020-01-26T14:24	87.41795	94.00545	0.287	82.0
2020-01-26T14:34	87.41809	94.02327	0.293	80.5
2020-01-26T14:44	87.41827	94.04035	0.285	76.4
2020-01-26T14:54	87.41841	94.05916	0.309	80.7
2020-01-26T15:04	87.41855	94.07637	0.284	79.7
2020-01-26T15:14	87.41887	94.09256	0.286	66.4
2020-01-26T15:24	87.41904	94.11061	0.299	78.3
2020-01-26T15:34	87.41922	94.12781	0.287	76.4
2020-01-26T15:44	87.41942	94.14583	0.301	76.5
2020-01-26T15:54	87.41963	94.16458	0.313	75.8
2020-01-26T16:04	87.41993	94.18184	0.299	69.2
2020-01-26T16:14	87.42012	94.20117	0.321	77.5
2020-01-26T16:24	87.42030	94.21979	0.309	77.6
2020-01-26T16:34	87.42060	94.23754	0.306	69.9
2020-01-26T16:44	87.42081	94.25644	0.316	75.8
2020-01-26T16:54	87.42099	94.27573	0.319	78.6
2020-01-26T17:04	87.42115	94.29475	0.314	78.9
2020-01-26T17:14	87.42145	94.31219	0.302	69.2
2020-01-26T17:24	87.42177	94.32954	0.303	68.0
2020-01-26T17:34	87.42209	94.34661	0.300	67.3
2020-01-26T17:44	87.42231	94.36545	0.316	75.0
2020-01-26T17:54	87.42264	94.38317	0.309	68.0
2020-01-26T18:04	87.42295	94.40019	0.298	67.5
2020-01-26T18:14	87.42317	94.41789	0.297	74.5
2020-01-26T18:24	87.42332	94.43663	0.308	80.1
2020-01-26T18:34	87.42348	94.45487	0.300	79.3
2020-01-26T18:44	87.42379	94.47140	0.290	67.1
2020-01-26T18:54	87.42403	94.49080	0.326	74.6
2020-01-26T19:04	87.42426	94.51164	0.347	76.1
2020-01-26T19:14	87.42449	94.53231	0.344	76.3
2020-01-26T19:24	87.42473	94.55324	0.349	75.7
2020-01-26T19:34	87.42496	94.57389	0.345	75.6
2020-01-26T19:44	87.42520	94.59395	0.335	75.5
2020-01-26T19:54	87.42543	94.61338	0.325	75.1
2020-01-26T20:04	87.42565	94.63181	0.308	75.2
2020-01-26T20:14	87.42590	94.65079	0.320	73.5
2020-01-26T20:24	87.42616	94.67001	0.324	73.3
2020-01-26T20:34	87.42639	94.68773	0.298	74.0
2020-01-26T20:44	87.42662	94.70516	0.294	73.4
2020-01-26T20:54	87.42688	94.72303	0.303	72.3
2020-01-26T21:04	87.42716	94.74131	0.313	70.6
2020-01-26T21:14	87.42747	94.76019	0.325	70.1
2020-01-26T21:24	87.42779	94.77886	0.322	69.3
2020-01-26T21:34	87.42809	94.79724	0.317	69.5
2020-01-26T21:44	87.42846	94.81426	0.306	64.2
2020-01-26T21:54	87.42890	94.82940	0.290	57.5
2020-01-26T22:04	87.42925	94.84607	0.298	64.8
2020-01-26T22:14	87.42958	94.86264	0.293	66.1
2020-01-26T22:24	87.42992	94.87900	0.291	65.2
2020-01-26T22:34	87.43027	94.89518	0.291	63.9
2020-01-26T22:44	87.43064	94.91114	0.290	62.8
2020-01-26T22:54	87.43103	94.92694	0.291	61.3
2020-01-26T23:04	87.43141	94.94267	0.289	61.3
2020-01-26T23:14	87.43177	94.95882	0.290	64.0
2020-01-26T23:24	87.43212	94.97473	0.286	63.8
2020-01-26T23:34	87.43248	94.99047	0.285	62.9
2020-01-26T23:44	87.43285	95.00588	0.282	61.8
2020-01-26T23:54	87.43321	95.02107	0.277	62.3
2020-01-27T00:04	87.43359	95.03579	0.274	59.8
2020-01-27T00:14	87.43397	95.05037	0.271	60.1
2020-01-27T00:24	87.43433	95.06495	0.269	61.0
2020-01-27T00:34	87.43467	95.07963	0.266	62.6
2020-01-27T00:44	87.43501	95.09375	0.259	61.3
2020-01-27T00:54	87.43534	95.10795	0.258	62.6
2020-01-27T01:04	87.43565	95.12211	0.254	64.1
2020-01-27T01:14	87.43595	95.13618	0.251	64.6
2020-01-27T01:24	87.43625	95.15030	0.252	64.4
2020-01-27T01:34	87.43656	95.16422	0.250	63.5
2020-01-27T01:44	87.43688	95.17783	0.247	62.4
2020-01-27T01:54	87.43719	95.19155	0.247	63.4
2020-01-27T02:04	87.43746	95.20539	0.244	66.2
2020-01-27T02:14	87.43770	95.21929	0.239	69.1
2020-01-27T02:24	87.43794	95.23304	0.237	68.9
2020-01-27T02:34	87.43818	95.24675	0.238	68.2
2020-01-27T02:44	87.43846	95.26021	0.239	64.9
2020-01-27T02:54	87.43876	95.27374	0.243	63.9
2020-01-27T03:04	87.43904	95.28790	0.249	66.3
2020-01-27T03:14	87.43933	95.30262	0.259	65.9
2020-01-27T03:24	87.43963	95.31721	0.259	65.1
2020-01-27T03:34	87.43993	95.33158	0.255	65.0
2020-01-27T03:44	87.44023	95.34607	0.256	65.7
2020-01-27T03:54	87.44052	95.36024	0.251	65.3
2020-01-27T04:04	87.44081	95.37435	0.251	64.8
2020-01-27T04:14	87.44112	95.38864	0.254	64.6
2020-01-27T04:24	87.44141	95.40322	0.257	65.6
2020-01-27T04:34	87.44170	95.41776	0.256	65.7
2020-01-27T04:44	87.44197	95.43219	0.251	67.6
2020-01-27T04:54	87.44223	95.44679	0.252	68.6
2020-01-27T05:04	87.44248	95.46095	0.245	68.0
2020-01-27T05:14	87.44276	95.47511	0.248	66.5
2020-01-27T05:24	87.44302	95.48903	0.243	67.2
2020-01-27T05:34	87.44325	95.50272	0.235	69.2
2020-01-27T05:44	87.44348	95.51616	0.232	68.5
2020-01-27T05:54	87.44371	95.52936	0.228	68.8
2020-01-27T06:04	87.44389	95.54247	0.220	73.2
2020-01-27T06:14	87.44403	95.55532	0.213	76.0
2020-01-27T06:24	87.44420	95.56802	0.212	73.8
2020-01-27T06:34	87.44437	95.58059	0.211	73.2
2020-01-27T06:44	87.44454	95.59302	0.209	72.3
2020-01-27T06:54	87.44476	95.60515	0.210	68.2
2020-01-27T07:04	87.44499	95.61691	0.206	66.3
2020-01-27T07:14	87.44521	95.62802	0.196	65.7
2020-01-27T07:24	87.44537	95.63877	0.181	72.1
2020-01-27T07:34	87.44552	95.64944	0.180	72.3
2020-01-27T07:44	87.44567	95.65995	0.177	71.9
2020-01-27T07:54	87.44585	95.66999	0.173	69.0
2020-01-27T08:04	87.44604	95.67979	0.172	65.8
2020-01-27T08:14	87.44621	95.68929	0.165	67.8
2020-01-27T08:24	87.44640	95.69805	0.156	64.6
2020-01-27T08:34	87.44660	95.70571	0.142	59.6
2020-01-27T08:44	87.44679	95.71338	0.142	60.2
2020-01-27T08:54	87.44698	95.72010	0.127	58.0
2020-01-27T09:04	87.44711	95.72625	0.109	65.3
2020-01-27T09:14	87.44718	95.73227	0.100	74.4
2020-01-27T09:24	87.44729	95.73770	0.095	66.3
2020-01-27T09:34	87.44737	95.74191	0.074	65.4
2020-01-27T09:44	87.44749	95.74532	0.069	52.9
2020-01-27T09:54	87.44758	95.74871	0.064	58.1
2020-01-27T10:04	87.44771	95.75272	0.080	53.8
2020-01-27T10:14	87.44780	95.75630	0.066	61.1
2020-01-27T10:24	87.44791	95.75942	0.063	52.4
2020-01-27T10:34	87.44798	95.76312	0.064	67.0
2020-01-27T10:44	87.44801	95.76634	0.053	76.5
2020-01-27T10:54	87.44805	95.76908	0.046	72.1
2020-01-27T11:04	87.44813	95.77144	0.047	54.0
2020-01-27T11:14	87.44814	95.77411	0.043	84.6
2020-01-27T11:24	87.44812	95.77689	0.045	97.6
2020-01-27T11:34	87.44811	95.77915	0.037	99.8
2020-01-27T11:44	87.44809	95.78193	0.045	97.6
2020-01-27T11:54	87.44808	95.78435	0.039	92.9
2020-01-27T12:04	87.44807	95.78671	0.038	96.1
2020-01-27T12:14	87.44807	95.78930	0.042	93.8
2020-01-27T12:24	87.44807	95.79155	0.036	89.0
2020-01-27T12:34	87.44806	95.79413	0.041	94.0
2020-01-27T12:44	87.44805	95.79667	0.041	95.1
2020-01-27T12:54	87.44804	95.79935	0.043	93.9
2020-01-27T13:04	87.44802	95.80205	0.044	98.5
2020-01-27T13:14	87.44801	95.80427	0.036	99.3
2020-01-27T13:24	87.44799	95.80665	0.038	96.4
2020-01-27T13:34	87.44799	95.80933	0.043	92.5
2020-01-27T13:44	87.44798	95.81195	0.042	95.5
2020-01-27T13:54	87.44796	95.81472	0.045	98.3
2020-01-27T14:04	87.44794	95.81700	0.037	99.8
2020-01-27T14:14	87.44792	95.81965	0.043	98.4
2020-01-27T14:24	87.44791	95.82226	0.042	95.9
2020-01-27T14:34	87.44790	95.82482	0.041	97.7
2020-01-27T14:44	87.44788	95.82746	0.043	99.1
2020-01-27T14:54	87.44785	95.83000	0.042	102.4
2020-01-27T15:04	87.44784	95.83268	0.044	98.7
2020-01-27T15:14	87.44782	95.83545	0.045	97.6
2020-01-27T15:24	87.44780	95.83802	0.042	98.9
2020-01-27T15:34	87.44779	95.84099	0.048	95.5
2020-01-27T15:44	87.44777	95.84406	0.049	95.7
2020-01-27T15:54	87.44776	95.84725	0.051	94.1
2020-01-27T16:04	87.44775	95.85043	0.051	94.1
2020-01-27T16:14	87.44774	95.85377	0.054	95.7
2020-01-27T16:24	87.44773	95.85717	0.055	94.5
2020-01-27T16:34	87.44772	95.86081	0.059	93.8
2020-01-27T16:44	87.44770	95.86428	0.056	94.4
2020-01-27T16:54	87.44769	95.86793	0.059	94.7
2020-01-27T17:04	87.44768	95.87158	0.059	92.4
2020-01-27T17:14	87.44767	95.87512	0.057	93.7
2020-01-27T17:24	87.44766	95.87873	0.058	93.5
2020-01-27T17:34	87.44766	95.88250	0.060	93.0
2020-01-27T17:44	87.44765	95.88599	0.056	91.5
2020-01-27T17:54	87.44765	95.88945	0.056	91.7
2020-01-27T18:04	87.44764	95.89304	0.058	90.9
2020-01-27T18:14	87.44764	95.89614	0.050	91.5
2020-01-27T18:24	87.44764	95.89928	0.050	91.1
2020-01-27T18:34	87.44764	95.90237	0.049	89.7
2020-01-27T18:44	87.44764	95.90492	0.041	88.0
2020-01-27T18:54	87.44765	95.90750	0.041	86.5
2020-01-27T19:04	87.44766	95.90980	0.037	86.9
2020-01-27T19:14	87.44767	95.91209	0.037	81.5
2020-01-27T19:24	87.44769	95.91417	0.034	80.3
2020-01-27T19:34	87.44770	95.91601	0.030	78.4
2020-01-27T19:44	87.44772	95.91784	0.030	75.8
2020-01-27T19:54	87.44775	95.91914	0.023	64.1
2020-01-27T20:04	87.44778	95.92062	0.026	65.4
2020-01-27T20:14	87.44781	95.92153	0.019	51.1
2020-01-27T20:24	87.44786	95.92248	0.022	43.7
2020-01-27T20:34	87.44791	95.92336	0.024	36.1
2020-01-27T20:44	87.44796	95.92384	0.020	23.3
2020-01-27T20:54	87.44802	95.92421	0.022	15.2
2020-01-27T21:04	87.44807	95.92421	0.016	0.3
2020-01-27T21:14	87.44812	95.92396	0.018	347.3
2020-01-27T21:24	87.44817	95.92356	0.021	342.0
2020-01-27T21:34	87.44823	95.92299	0.023	336.3
2020-01-27T21:44	87.44829	95.92217	0.026	329.9
2020-01-27T21:54	87.44837	95.92099	0.033	324.8
2020-01-27T22:04	87.44843	95.91977	0.029	318.1
2020-01-27T22:14	87.44850	95.91809	0.037	314.2
2020-01-27T22:24	87.44857	95.91627	0.039	311.5
2020-01-27T22:34	87.44865	95.91425	0.043	311.3
2020-01-27T22:44	87.44873	95.91212	0.045	311.3
2020-01-27T22:54	87.44882	95.90988	0.047	310.0
2020-01-27T23:04	87.44890	95.90739	0.050	306.5
2020-01-27T23:14	87.44899	95.90485	0.052	308.9
2020-01-27T23:24	87.44908	95.90222	0.053	306.6
2020-01-27T23:34	87.44917	95.89954	0.054	307.6
2020-01-27T23:44	87.44926	95.89688	0.054	307.6
2020-01-27T23:54	87.44936	95.89402	0.058	308.4
2020-01-28T00:04	87.44946	95.89090	0.061	305.4
2020-01-28T00:14	87.44956	95.88784	0.060	305.3
2020-01-28T00:24	87.44965	95.88482	0.059	304.6
2020-01-28T00:34	87.44975	95.88191	0.058	306.7
2020-01-28T00:44	87.44984	95.87880	0.060	303.8
2020-01-28T00:54	87.44995	95.87566	0.064	308.1
2020-01-28T01:04	87.45004	95.87282	0.057	306.6
2020-01-28T01:14	87.45014	95.86997	0.057	306.7
2020-01-28T01:24	87.45023	95.86727	0.054	307.1
2020-01-28T01:34	87.45031	95.86495	0.049	310.0
2020-01-28T01:44	87.45040	95.86278	0.047	312.7
2020-01-28T01:54	87.45049	95.86061	0.046	310.8
2020-01-28T02:04	87.45056	95.85861	0.043	310.9
2020-01-28T02:14	87.45064	95.85649	0.044	308.9
2020-01-28T02:24	87.45071	95.85495	0.034	313.7
2020-01-28T02:34	87.45077	95.85329	0.036	311.9
2020-01-28T02:44	87.45083	95.85162	0.034	307.8
2020-01-28T02:54	87.45089	95.85017	0.033	314.7
2020-01-28T03:04	87.45096	95.84894	0.032	321.9
2020-01-28T03:14	87.45103	95.84798	0.028	326.4
2020-01-28T03:24	87.45109	95.84707	0.027	328.2
2020-01-28T03:34	87.45115	95.84622	0.024	325.0
2020-01-28T03:44	87.45120	95.84543	0.024	328.2
2020-01-28T03:54	87.45127	95.84490	0.025	339.5
2020-01-28T04:04	87.45132	95.84431	0.021	332.9
2020-01-28T04:14	87.45137	95.84346	0.023	323.8
2020-01-28T04:24	87.45142	95.84256	0.022	319.1
2020-01-28T04:34	87.45145	95.84178	0.018	314.8
2020-01-28T04:44	87.45149	95.84124	0.018	331.9
2020-01-28T04:54	87.45154	95.84065	0.020	332.2
2020-01-28T05:04	87.45159	95.84000	0.020	327.7
2020-01-28T05:14	87.45164	95.83924	0.022	325.8
2020-01-28T05:24	87.45169	95.83851	0.022	328.1
2020-01-28T05:34	87.45174	95.83760	0.023	320.1
2020-01-28T05:44	87.45179	95.83683	0.020	322.2
2020-01-28T05:54	87.45184	95.83577	0.025	317.0
2020-01-28T06:04	87.45188	95.83444	0.027	307.5
2020-01-28T06:14	87.45192	95.83331	0.024	309.6
2020-01-28T06:24	87.45197	95.83173	0.031	304.6
2020-01-28T06:34	87.45202	95.83043	0.028	310.7
2020-01-28T06:44	87.45207	95.82892	0.031	308.5
2020-01-28T06:54	87.45212	95.82734	0.031	306.0
2020-01-28T07:04	87.45219	95.82544	0.037	305.6
2020-01-28T07:14	87.45224	95.82367	0.035	306.1
2020-01-28T07:24	87.45231	95.82158	0.041	305.4
2020-01-28T07:34	87.45238	95.81931	0.044	304.5
2020-01-28T07:44	87.45245	95.81693	0.047	305.2
2020-01-28T07:54	87.45252	95.81480	0.043	306.9
2020-01-28T08:04	87.45260	95.81267	0.044	309.4
2020-01-28T08:14	87.45269	95.81032	0.049	310.3
2020-01-28T08:24	87.45277	95.80751	0.054	303.4
2020-01-28T08:34	87.45286	95.80493	0.052	307.3
2020-01-28T08:44	87.45297	95.80259	0.053	315.6
2020-01-28T08:54	87.45308	95.80024	0.055	316.8
2020-01-28T09:04	87.45318	95.79737	0.059	308.5
2020-01-28T09:14	87.45328	95.79396	0.066	304.6
2020-01-28T09:24	87.45339	95.79018	0.072	303.1
2020-01-28T09:34	87.45351	95.78630	0.075	304.0
2020-01-28T09:44	87.45362	95.78246	0.074	303.3
2020-01-28T09:54	87.45374	95.77908	0.070	309.1
2020-01-28T10:04	87.45390	95.77677	0.068	327.0
2020-01-28T10:14	87.45407	95.77423	0.072	325.6
2020-01-28T10:24	87.45421	95.77097	0.073	314.2
2020-01-28T10:34	87.45436	95.76739	0.079	313.2
2020-01-28T10:44	87.45453	95.76433	0.078	321.4
2020-01-28T10:54	87.45471	95.76102	0.084	320.6
2020-01-28T11:04	87.45485	95.75682	0.084	307.4
2020-01-28T11:14	87.45498	95.75200	0.091	301.8
2020-01-28T11:24	87.45511	95.74738	0.088	302.3
2020-01-28T11:34	87.45527	95.74336	0.086	311.9
2020-01-28T11:44	87.45544	95.73959	0.085	314.8
2020-01-28T11:54	87.45561	95.73583	0.086	315.5
2020-01-28T12:04	87.45582	95.73256	0.093	325.8
2020-01-28T12:14	87.45607	95.72917	0.103	328.3
2020-01-28T12:24	87.45627	95.72485	0.102	317.4
2020-01-28T12:34	87.45644	95.72121	0.084	316.4
2020-01-28T12:44	87.45661	95.71718	0.087	312.6
2020-01-28T12:54	87.45679	95.71348	0.089	318.3
2020-01-28T13:04	87.45700	95.71031	0.092	326.5
2020-01-28T13:14	87.45723	95.70700	0.097	327.1
2020-01-28T13:24	87.45747	95.70413	0.097	331.8
2020-01-28T13:34	87.45767	95.70029	0.094	319.5
2020-01-28T13:44	87.45789	95.69652	0.099	322.5
2020-01-28T13:54	87.45808	95.69337	0.087	324.7
2020-01-28T14:04	87.45824	95.69069	0.070	322.1
2020-01-28T14:14	87.45844	95.68922	0.079	342.6
2020-01-28T14:24	87.45861	95.68689	0.069	327.4
2020-01-28T14:34	87.45874	95.68437	0.064	321.2
2020-01-28T14:44	87.45888	95.68176	0.065	319.9
2020-01-28T14:54	87.45902	95.67917	0.066	321.3
2020-01-28T15:04	87.45921	95.67691	0.077	331.9
2020-01-28T15:14	87.45939	95.67480	0.072	331.9
2020-01-28T15:24	87.45958	95.67259	0.077	332.8
2020-01-28T15:34	87.45976	95.67074	0.070	335.2
2020-01-28T15:44	87.45992	95.66869	0.069	331.5
2020-01-28T15:54	87.46008	95.66632	0.069	326.8
2020-01-28T16:04	87.46025	95.66372	0.073	325.5
2020-01-28T16:14	87.46042	95.66079	0.075	321.6
2020-01-28T16:24	87.46057	95.65794	0.071	320.1
2020-01-28T16:34	87.46071	95.65504	0.070	318.7
2020-01-28T16:44	87.46086	95.65185	0.073	315.6
2020-01-28T16:54	87.46100	95.64865	0.074	316.2
2020-01-28T17:04	87.46116	95.64535	0.077	316.9
2020-01-28T17:14	87.46130	95.64195	0.075	313.5
2020-01-28T17:24	87.46145	95.63848	0.077	314.5
2020-01-28T17:34	87.46160	95.63504	0.076	313.6
2020-01-28T17:44	87.46175	95.63157	0.078	314.6
2020-01-28T17:54	87.46190	95.62782	0.081	312.8
2020-01-28T18:04	87.46205	95.62365	0.085	308.7
2020-01-28T18:14	87.46219	95.61877	0.091	301.4
2020-01-28T18:24	87.46232	95.61380	0.094	302.3
2020-01-28T18:34	87.46250	95.60933	0.095	311.4
2020-01-28T18:44	87.46267	95.60496	0.093	311.4
2020-01-28T18:54	87.46283	95.59956	0.105	304.6
2020-01-28T19:04	87.46300	95.59432	0.102	304.9
2020-01-28T19:14	87.46311	95.58858	0.100	294.4
2020-01-28T19:24	87.46318	95.58377	0.081	288.2
2020-01-28T19:34	87.46325	95.57915	0.078	289.2
2020-01-28T19:44	87.46334	95.57487	0.075	295.0
2020-01-28T19:54	87.46344	95.56912	0.098	290.3
2020-01-28T20:04	87.46354	95.56466	0.081	298.7
2020-01-28T20:14	87.46366	95.55907	0.098	295.0
2020-01-28T20:24	87.46378	95.55311	0.105	294.6
2020-01-28T20:34	87.46391	95.54719	0.106	296.9
2020-01-28T20:44	87.46406	95.54111	0.111	299.4
2020-01-28T20:54	87.46424	95.53482	0.118	301.7
2020-01-28T21:04	87.46442	95.52838	0.122	303.1
2020-01-28T21:14	87.46462	95.52177	0.128	304.5
2020-01-28T21:24	87.46482	95.51444	0.136	300.9
2020-01-28T21:34	87.46505	95.50663	0.150	303.7
2020-01-28T21:44	87.46531	95.49907	0.154	308.4
2020-01-28T21:54	87.46557	95.49179	0.149	309.1
2020-01-28T22:04	87.46584	95.48435	0.152	308.7
2020-01-28T22:14	87.46609	95.47698	0.148	307.6
2020-01-28T22:24	87.46633	95.46988	0.143	307.6
2020-01-28T22:34	87.46657	95.46262	0.145	307.2
2020-01-28T22:44	87.46681	95.45513	0.147	305.9
2020-01-28T22:54	87.46703	95.44733	0.148	302.8
2020-01-28T23:04	87.46724	95.44023	0.136	303.8
2020-01-28T23:14	87.46744	95.43318	0.132	301.7
2020-01-28T23:24	87.46758	95.42597	0.126	294.3
2020-01-28T23:34	87.46771	95.41949	0.113	293.8
2020-01-28T23:44	87.46786	95.41339	0.113	300.4
2020-01-28T23:54	87.46803	95.40762	0.110	303.6
2020-01-29T00:04	87.46820	95.40192	0.109	303.9
2020-01-29T00:14	87.46837	95.39649	0.104	304.0
2020-01-29T00:24	87.46851	95.39087	0.104	300.6
2020-01-29T00:34	87.46865	95.38539	0.100	299.2
2020-01-29T00:44	87.46879	95.37967	0.104	298.9
2020-01-29T00:54	87.46892	95.37408	0.100	297.6
2020-01-29T01:04	87.46905	95.36872	0.098	299.2
2020-01-29T01:14	87.46918	95.36346	0.097	300.1
2020-01-29T01:24	87.46931	95.35828	0.095	300.0
2020-01-29T01:34	87.46943	95.35341	0.088	298.7
2020-01-29T01:44	87.46953	95.34847	0.085	293.3
2020-01-29T01:54	87.46962	95.34353	0.085	293.0
2020-01-29T02:04	87.46970	95.33845	0.086	290.7
2020-01-29T02:14	87.46978	95.33386	0.078	291.1
2020-01-29T02:24	87.46986	95.32919	0.079	289.8
2020-01-29T02:34	87.46994	95.32443	0.081	291.7
2020-01-29T02:44	87.47003	95.31958	0.084	293.1
2020-01-29T02:54	87.47011	95.31492	0.079	291.0
2020-01-29T03:04	87.47017	95.31039	0.075	285.5
2020-01-29T03:14	87.47021	95.30584	0.074	282.4
2020-01-29T03:24	87.47025	95.30134	0.073	281.4
2020-01-29T03:34	87.47029	95.29701	0.071	282.5
2020-01-29T03:44	87.47034	95.29256	0.073	284.4
2020-01-29T03:54	87.47038	95.28809	0.072	281.2
2020-01-29T04:04	87.47042	95.28354	0.074	280.6
2020-01-29T04:14	87.47046	95.27902	0.073	280.2
2020-01-29T04:24	87.47049	95.27481	0.068	281.2
2020-01-29T04:34	87.47053	95.27026	0.073	280.1
2020-01-29T04:44	87.47055	95.26639	0.062	277.8
2020-01-29T04:54	87.47058	95.26202	0.070	278.4
2020-01-29T05:04	87.47060	95.25768	0.069	276.8
2020-01-29T05:14	87.47062	95.25330	0.070	276.3
2020-01-29T05:24	87.47064	95.24895	0.069	275.8
2020-01-29T05:34	87.47066	95.24452	0.071	274.2
2020-01-29T05:44	87.47067	95.24030	0.067	274.7
2020-01-29T05:54	87.47068	95.23617	0.066	270.9
2020-01-29T06:04	87.47068	95.23200	0.066	270.4
2020-01-29T06:14	87.47067	95.22820	0.060	267.8
2020-01-29T06:24	87.47066	95.22458	0.058	265.6
2020-01-29T06:34	87.47066	95.22121	0.053	268.9
2020-01-29T06:44	87.47065	95.21794	0.052	266.4
2020-01-29T06:54	87.47064	95.21418	0.060	266.5
2020-01-29T07:04	87.47064	95.21151	0.042	270.0
2020-01-29T07:14	87.47063	95.20847	0.048	269.5
2020-01-29T07:24	87.47064	95.20584	0.042	271.0
2020-01-29T07:34	87.47064	95.20301	0.045	273.2
2020-01-29T07:44	87.47066	95.20043	0.042	280.2
2020-01-29T07:54	87.47069	95.19789	0.042	283.8
2020-01-29T08:04	87.47074	95.19504	0.048	289.5
2020-01-29T08:14	87.47079	95.19237	0.047	295.2
2020-01-29T08:24	87.47085	95.18988	0.044	297.2
2020-01-29T08:34	87.47091	95.18731	0.046	297.1
2020-01-29T08:44	87.47097	95.18489	0.044	299.3
2020-01-29T08:54	87.47100	95.18288	0.034	290.8
2020-01-29T09:04	87.47103	95.18091	0.033	289.7
2020-01-29T09:14	87.47106	95.17880	0.035	287.9
2020-01-29T09:24	87.47110	95.17671	0.036	293.8
2020-01-29T09:34	87.47116	95.17454	0.040	299.3
2020-01-29T09:44	87.47121	95.17262	0.036	301.9
2020-01-29T09:54	87.47126	95.17056	0.038	299.4
2020-01-29T10:04	87.47131	95.16879	0.034	305.3
2020-01-29T10:14	87.47136	95.16728	0.028	302.5
2020-01-29T10:24	87.47141	95.16567	0.031	304.6
2020-01-29T10:34	87.47145	95.16433	0.027	309.4
2020-01-29T10:44	87.47150	95.16320	0.026	315.1
2020-01-29T10:54	87.47157	95.16179	0.032	315.3
2020-01-29T11:04	87.47164	95.16017	0.037	315.8
2020-01-29T11:14	87.47172	95.15896	0.034	325.4
2020-01-29T11:24	87.47180	95.15817	0.032	337.2
2020-01-29T11:34	87.47190	95.15725	0.037	336.8
2020-01-29T11:44	87.47199	95.15673	0.035	346.5
2020-01-29T11:54	87.47208	95.15644	0.033	352.0
2020-01-29T12:04	87.47218	95.15654	0.036	2.7
2020-01-29T12:14	87.47224	95.15708	0.024	21.0
2020-01-29T12:24	87.47232	95.15809	0.032	29.3
2020-01-29T12:34	87.47240	95.15895	0.031	26.9
2020-01-29T12:44	87.47248	95.16008	0.033	32.3
2020-01-29T12:54	87.47256	95.16154	0.037	39.2
2020-01-29T13:04	87.47263	95.16311	0.037	42.7
2020-01-29T13:14	87.47271	95.16515	0.042	49.9
2020-01-29T13:24	87.47278	95.16792	0.052	58.4
2020-01-29T13:34	87.47285	95.17073	0.050	62.9
2020-01-29T13:44	87.47290	95.17318	0.043	65.1
2020-01-29T13:54	87.47294	95.17610	0.049	72.0
2020-01-29T14:04	87.47297	95.17979	0.060	78.2
2020-01-29T14:14	87.47302	95.18367	0.064	75.7
2020-01-29T14:24	87.47305	95.18788	0.068	79.3
2020-01-29T14:34	87.47309	95.19329	0.087	81.5
2020-01-29T14:44	87.47311	95.19877	0.087	85.1
2020-01-29T14:54	87.47312	95.20449	0.091	87.4
2020-01-29T15:04	87.47312	95.21079	0.100	88.6
2020-01-29T15:14	87.47313	95.21771	0.110	89.4
2020-01-29T15:24	87.47313	95.22512	0.118	90.4
2020-01-29T15:34	87.47312	95.23268	0.120	91.5
2020-01-29T15:44	87.47310	95.24001	0.117	92.6
2020-01-29T15:54	87.47308	95.24651	0.104	95.1
2020-01-29T16:04	87.47305	95.25301	0.104	95.4
2020-01-29T16:14	87.47305	95.26081	0.124	90.6
2020-01-29T16:24	87.47303	95.26901	0.130	92.0
2020-01-29T16:34	87.47300	95.27649	0.119	95.5
2020-01-29T16:44	87.47295	95.28408	0.122	98.4
2020-01-29T16:54	87.47292	95.29215	0.129	95.5
2020-01-29T17:04	87.47289	95.30087	0.139	94.3
2020-01-29T17:14	87.47286	95.30928	0.134	94.9
2020-01-29T17:24	87.47283	95.31805	0.139	93.8
2020-01-29T17:34	87.47284	95.32769	0.153	88.9
2020-01-29T17:44	87.47285	95.33643	0.139	88.2
2020-01-29T17:54	87.47285	95.34473	0.132	89.7
2020-01-29T18:04	87.47289	95.35376	0.144	85.2
2020-01-29T18:14	87.47292	95.36256	0.140	85.2
2020-01-29T18:24	87.47295	95.37121	0.138	85.0
2020-01-29T18:34	87.47297	95.37936	0.130	86.9
2020-01-29T18:44	87.47303	95.38891	0.153	82.6
2020-01-29T18:54	87.47308	95.39758	0.139	82.4
2020-01-29T19:04	87.47315	95.40690	0.150	79.8
2020-01-29T19:14	87.47328	95.41748	0.174	75.1
2020-01-29T19:24	87.47335	95.42720	0.157	79.9
2020-01-29T19:34	87.47350	95.43874	0.191	73.5
2020-01-29T19:44	87.47369	95.45145	0.213	71.3
2020-01-29T19:54	87.47388	95.46395	0.209	71.6
2020-01-29T20:04	87.47406	95.47657	0.211	71.4
2020-01-29T20:14	87.47425	95.48946	0.216	71.3
2020-01-29T20:24	87.47445	95.50137	0.201	70.0
2020-01-29T20:34	87.47463	95.51361	0.205	70.9
2020-01-29T20:44	87.47481	95.52630	0.211	72.1
2020-01-29T20:54	87.47500	95.53888	0.211	71.4
2020-01-29T21:04	87.47519	95.55132	0.209	70.8
2020-01-29T21:14	87.47536	95.56367	0.205	73.0
2020-01-29T21:24	87.47553	95.57615	0.208	72.0
2020-01-29T21:34	87.47570	95.58838	0.203	73.1
2020-01-29T21:44	87.47586	95.60092	0.207	73.4
2020-01-29T21:54	87.47602	95.61330	0.205	73.4
2020-01-29T22:04	87.47619	95.62564	0.205	72.8
2020-01-29T22:14	87.47636	95.63787	0.203	73.1
2020-01-29T22:24	87.47650	95.64995	0.198	74.8
2020-01-29T22:34	87.47664	95.66210	0.199	75.4
2020-01-29T22:44	87.47679	95.67413	0.198	74.2
2020-01-29T22:54	87.47694	95.68584	0.193	73.8
2020-01-29T23:04	87.47708	95.69785	0.197	75.4
2020-01-29T23:14	87.47721	95.70990	0.197	76.1
2020-01-29T23:24	87.47734	95.72197	0.197	76.2
2020-01-29T23:34	87.47746	95.73427	0.200	77.5
2020-01-29T23:44	87.47758	95.74642	0.197	77.1
2020-01-29T23:54	87.47769	95.75851	0.196	78.3
2020-01-30T00:04	87.47780	95.77080	0.199	78.9
2020-01-30T00:14	87.47789	95.78296	0.196	79.7
2020-01-30T00:24	87.47801	95.79530	0.200	77.9
2020-01-30T00:34	87.47811	95.80755	0.197	79.7
2020-01-30T00:44	87.47821	95.81978	0.197	79.3
2020-01-30T00:54	87.47832	95.83199	0.197	78.6
2020-01-30T01:04	87.47843	95.84436	0.200	78.3
2020-01-30T01:14	87.47854	95.85707	0.205	78.8
2020-01-30T01:24	87.47864	95.86963	0.202	79.7
2020-01-30T01:34	87.47873	95.88236	0.204	81.0
2020-01-30T01:44	87.47880	95.89469	0.197	82.5
2020-01-30T01:54	87.47888	95.90708	0.198	81.8
2020-01-30T02:04	87.47897	95.91956	0.200	81.1
2020-01-30T02:14	87.47904	95.93213	0.201	82.8
2020-01-30T02:24	87.47909	95.94497	0.204	84.3
2020-01-30T02:34	87.47916	95.95808	0.209	83.8
2020-01-30T02:44	87.47920	95.97118	0.208	85.1
2020-01-30T02:54	87.47925	95.98417	0.206	85.3
2020-01-30T03:04	87.47929	95.99718	0.206	86.5
2020-01-30T03:14	87.47933	96.01050	0.211	86.1
2020-01-30T03:24	87.47936	96.02400	0.214	86.9
2020-01-30T03:34	87.47939	96.03743	0.213	87.1
2020-01-30T03:44	87.47939	96.05093	0.214	89.7
2020-01-30T03:54	87.47940	96.06457	0.216	89.2
2020-01-30T04:04	87.47940	96.07816	0.215	89.7
2020-01-30T04:14	87.47938	96.09152	0.212	92.4
2020-01-30T04:24	87.47934	96.10457	0.207	93.9
2020-01-30T04:34	87.47930	96.11721	0.201	93.6
2020-01-30T04:44	87.47926	96.12981	0.200	94.1
2020-01-30T04:54	87.47920	96.14256	0.203	96.2
2020-01-30T05:04	87.47914	96.15510	0.200	96.4
2020-01-30T05:14	87.47907	96.16769	0.201	97.5
2020-01-30T05:24	87.47899	96.18024	0.201	98.1
2020-01-30T05:34	87.47889	96.19191	0.188	100.9
2020-01-30T05:44	87.47877	96.20316	0.183	103.3
2020-01-30T05:54	87.47861	96.21446	0.189	108.4
2020-01-30T06:04	87.47840	96.22570	0.193	112.6
2020-01-30T06:14	87.47820	96.23722	0.197	112.1
2020-01-30T06:24	87.47794	96.24915	0.211	116.3
2020-01-30T06:34	87.47765	96.26075	0.211	119.4
2020-01-30T06:44	87.47734	96.27218	0.213	121.7
2020-01-30T06:54	87.47703	96.28369	0.215	121.8
2020-01-30T07:04	87.47668	96.29507	0.219	124.6
2020-01-30T07:14	87.47631	96.30689	0.230	125.6
2020-01-30T07:24	87.47586	96.31907	0.253	130.2
2020-01-30T07:34	87.47533	96.33096	0.266	134.9
2020-01-30T07:44	87.47478	96.34281	0.274	136.8
2020-01-30T07:54	87.47423	96.35484	0.276	136.2
2020-01-30T08:04	87.47363	96.36715	0.291	137.8
2020-01-30T08:14	87.47298	96.37959	0.305	139.6
2020-01-30T08:24	87.47230	96.39221	0.316	140.6
2020-01-30T08:34	87.47161	96.40422	0.313	142.4
2020-01-30T08:44	87.47090	96.41600	0.319	144.1
2020-01-30T08:54	87.47013	96.42778	0.334	145.9
2020-01-30T09:04	87.46934	96.43899	0.335	147.8
2020-01-30T09:14	87.46853	96.44985	0.338	149.3
2020-01-30T09:24	87.46771	96.46035	0.340	150.6
2020-01-30T09:34	87.46685	96.47045	0.349	152.6
2020-01-30T09:44	87.46600	96.47935	0.337	155.1
2020-01-30T09:54	87.46516	96.48749	0.331	156.9
2020-01-30T10:04	87.46428	96.49579	0.341	157.1
2020-01-30T10:14	87.46343	96.50395	0.334	157.1
2020-01-30T10:24	87.46260	96.51083	0.318	159.8
2020-01-30T10:34	87.46182	96.51663	0.297	161.9
2020-01-30T10:44	87.46105	96.52184	0.289	163.3
2020-01-30T10:54	87.46030	96.52617	0.277	165.6
2020-01-30T11:04	87.45957	96.52962	0.268	168.2
2020-01-30T11:14	87.45887	96.53235	0.259	170.3
2020-01-30T11:24	87.45817	96.53439	0.254	172.6
2020-01-30T11:34	87.45748	96.53587	0.250	174.6
2020-01-30T11:44	87.45682	96.53707	0.236	175.3
2020-01-30T11:54	87.45621	96.53786	0.222	176.8
2020-01-30T12:04	87.45560	96.53917	0.220	174.5
2020-01-30T12:14	87.45497	96.53951	0.227	178.6
2020-01-30T12:24	87.45435	96.53964	0.224	179.5
2020-01-30T12:34	87.45370	96.54005	0.234	178.4
2020-01-30T12:44	87.45306	96.54017	0.230	179.5
2020-01-30T12:54	87.45241	96.54016	0.234	180.1
2020-01-30T13:04	87.45176	96.53979	0.235	181.4
2020-01-30T13:14	87.45111	96.53909	0.236	182.7
2020-01-30T13:24	87.45045	96.53807	0.238	183.9
2020-01-30T13:34	87.44978	96.53683	0.241	184.7
2020-01-30T13:44	87.44913	96.53537	0.234	185.7
2020-01-30T13:54	87.44851	96.53386	0.224	186.2
2020-01-30T14:04	87.44790	96.53228	0.220	186.6
2020-01-30T14:14	87.44728	96.53095	0.226	185.4
2020-01-30T14:24	87.44666	96.52951	0.225	185.9
2020-01-30T14:34	87.44603	96.52781	0.229	186.8
2020-01-30T14:44	87.44539	96.52628	0.229	186.2
2020-01-30T14:54	87.44477	96.52479	0.227	186.1
2020-01-30T15:04	87.44413	96.52327	0.230	186.1
2020-01-30T15:14	87.44347	96.52184	0.239	185.5
2020-01-30T15:24	87.44280	96.52046	0.242	185.3
2020-01-30T15:34	87.44216	96.51885	0.233	186.4
2020-01-30T15:44	87.44155	96.51692	0.223	188.0
2020-01-30T15:54	87.44096	96.51510	0.214	187.9
2020-01-30T16:04	87.44036	96.51353	0.216	186.7
2020-01-30T16:14	87.43975	96.51160	0.223	188.0
2020-01-30T16:24	87.43916	96.50977	0.211	188.0
2020-01-30T16:34	87.43859	96.50815	0.208	187.2
2020-01-30T16:44	87.43803	96.50662	0.205	186.9
2020-01-30T16:54	87.43747	96.50488	0.203	187.9
2020-01-30T17:04	87.43692	96.50317	0.198	188.0
2020-01-30T17:14	87.43642	96.50184	0.182	186.8
2020-01-30T17:24	87.43595	96.50065	0.171	186.4
2020-01-30T17:34	87.43549	96.49956	0.166	186.1
2020-01-30T17:44	87.43504	96.49843	0.164	186.4
2020-01-30T17:54	87.43460	96.49741	0.159	185.9
2020-01-30T18:04	87.43417	96.49654	0.155	185.2
2020-01-30T18:14	87.43376	96.49580	0.148	184.6
2020-01-30T18:24	87.43336	96.49497	0.144	185.4
2020-01-30T18:34	87.43297	96.49422	0.143	184.9
2020-01-30T18:44	87.43259	96.49346	0.138	185.1
2020-01-30T18:54	87.43221	96.49252	0.136	186.5
2020-01-30T19:04	87.43185	96.49144	0.130	187.7
2020-01-30T19:14	87.43152	96.49041	0.121	187.9
2020-01-30T19:24	87.43120	96.48924	0.118	189.2
2020-01-30T19:34	87.43089	96.48788	0.112	191.3
2020-01-30T19:44	87.43060	96.48654	0.108	191.5
2020-01-30T19:54	87.43034	96.48559	0.096	189.3
2020-01-30T20:04	87.43007	96.48426	0.098	192.6
2020-01-30T20:14	87.42987	96.48395	0.073	184.1
2020-01-30T20:24	87.42964	96.48291	0.085	191.3
2020-01-30T20:34	87.42941	96.48176	0.083	193.1
2020-01-30T20:44	87.42920	96.48048	0.081	194.8
2020-01-30T20:54	87.42901	96.47923	0.070	196.8
2020-01-30T21:04	87.42886	96.47816	0.058	197.2
2020-01-30T21:14	87.42873	96.47711	0.047	201.1
2020-01-30T21:24	87.42863	96.47606	0.041	204.3
2020-01-30T21:34	87.42854	96.47484	0.039	210.1
2020-01-30T21:44	87.42847	96.47366	0.030	219.4
2020-01-30T21:54	87.42843	96.47223	0.028	235.7
2020-01-30T22:04	87.42839	96.47078	0.026	243.5
2020-01-30T22:14	87.42838	96.46946	0.022	257.4
2020-01-30T22:24	87.42839	96.46800	0.024	273.6
2020-01-30T22:34	87.42839	96.46688	0.018	278.7
2020-01-30T22:44	87.42841	96.46585	0.017	284.7
2020-01-30T22:54	87.42843	96.46494	0.016	295.9
2020-01-30T23:04	87.42845	96.46399	0.017	298.4
2020-01-30T23:14	87.42846	96.46369	0.008	321.1
2020-01-30T23:24	87.42850	96.46319	0.016	329.5
2020-01-30T23:34	87.42853	96.46308	0.010	349.3
2020-01-30T23:44	87.42857	96.46306	0.015	359.2
2020-01-30T23:54	87.42865	96.46293	0.028	355.6
2020-01-31T00:04	87.42873	96.46280	0.028	355.7
2020-01-31T00:14	87.42881	96.46289	0.028	3.0
2020-01-31T00:24	87.42890	96.46315	0.034	6.9
2020-01-31T00:34	87.42901	96.46337	0.041	4.9
2020-01-31T00:44	87.42914	96.46348	0.045	2.4
2020-01-31T00:54	87.42928	96.46386	0.051	6.9
2020-01-31T01:04	87.42943	96.46461	0.056	12.5
2020-01-31T01:14	87.42959	96.46555	0.059	15.0
2020-01-31T01:24	87.42975	96.46644	0.060	13.7
2020-01-31T01:34	87.42989	96.46757	0.051	20.7
2020-01-31T01:44	87.43000	96.46879	0.047	24.8
2020-01-31T01:54	87.43012	96.47016	0.046	28.8
2020-01-31T02:04	87.43024	96.47173	0.052	29.2
2020-01-31T02:14	87.43037	96.47333	0.053	29.4
2020-01-31T02:24	87.43049	96.47491	0.050	30.8
2020-01-31T02:34	87.43061	96.47667	0.053	32.4
2020-01-31T02:44	87.43076	96.47824	0.058	26.0
2020-01-31T02:54	87.43091	96.47989	0.061	25.9
2020-01-31T03:04	87.43107	96.48167	0.064	26.5
2020-01-31T03:14	87.43122	96.48312	0.059	23.5
2020-01-31T03:24	87.43136	96.48436	0.054	21.9
2020-01-31T03:34	87.43151	96.48540	0.058	16.7
2020-01-31T03:44	87.43166	96.48622	0.053	14.3
2020-01-31T03:54	87.43181	96.48699	0.057	12.7
2020-01-31T04:04	87.43199	96.48751	0.064	7.5
2020-01-31T04:14	87.43219	96.48804	0.075	6.6
2020-01-31T04:24	87.43239	96.48879	0.072	9.6
2020-01-31T04:34	87.43269	96.48923	0.107	3.8
2020-01-31T04:44	87.43306	96.48947	0.134	1.6
2020-01-31T04:54	87.43345	96.48934	0.141	359.2
2020-01-31T05:04	87.43384	96.48929	0.141	359.7
2020-01-31T05:14	87.43426	96.48909	0.150	358.7
2020-01-31T05:24	87.43468	96.48870	0.155	357.7
2020-01-31T05:34	87.43513	96.48800	0.161	356.0
2020-01-31T05:44	87.43558	96.48689	0.164	353.7
2020-01-31T05:54	87.43609	96.48571	0.182	354.0
2020-01-31T06:04	87.43662	96.48438	0.194	353.7
2020-01-31T06:14	87.43712	96.48232	0.180	349.4
2020-01-31T06:24	87.43764	96.48013	0.191	349.4
2020-01-31T06:34	87.43814	96.47817	0.185	350.2
2020-01-31T06:44	87.43868	96.47582	0.196	348.9
2020-01-31T06:54	87.43925	96.47329	0.210	348.8
2020-01-31T07:04	87.43983	96.47072	0.214	348.9
2020-01-31T07:14	87.44041	96.46733	0.214	345.3
2020-01-31T07:24	87.44103	96.46411	0.231	347.1
2020-01-31T07:34	87.44167	96.46084	0.235	347.1
2020-01-31T07:44	87.44231	96.45708	0.238	345.3
2020-01-31T07:54	87.44296	96.45293	0.243	344.1
2020-01-31T08:04	87.44367	96.44933	0.261	347.2
2020-01-31T08:14	87.44440	96.44555	0.269	347.0
2020-01-31T08:24	87.44514	96.44156	0.274	346.5
2020-01-31T08:34	87.44590	96.43755	0.281	346.8
2020-01-31T08:44	87.44666	96.43339	0.283	346.4
2020-01-31T08:54	87.44744	96.42894	0.289	345.7
2020-01-31T09:04	87.44823	96.42451	0.293	345.9
2020-01-31T09:14	87.44903	96.42005	0.299	346.2
2020-01-31T09:24	87.44984	96.41555	0.300	346.1
2020-01-31T09:34	87.45066	96.41113	0.303	346.5
2020-01-31T09:44	87.45150	96.40674	0.309	346.9
2020-01-31T09:54	87.45234	96.40234	0.313	347.0
2020-01-31T10:04	87.45319	96.39779	0.315	346.7
2020-01-31T10:14	87.45406	96.39322	0.319	346.8
2020-01-31T10:24	87.45493	96.38862	0.322	346.8
2020-01-31T10:34	87.45580	96.38378	0.325	346.2
2020-01-31T10:44	87.45669	96.37893	0.328	346.3
2020-01-31T10:54	87.45759	96.37374	0.334	345.6
2020-01-31T11:04	87.45849	96.36845	0.335	345.4
2020-01-31T11:14	87.45938	96.36285	0.334	344.5
2020-01-31T11:24	87.46028	96.35736	0.337	344.9
2020-01-31T11:34	87.46119	96.35166	0.339	344.4
2020-01-31T11:44	87.46209	96.34576	0.337	343.8
2020-01-31T11:54	87.46298	96.33955	0.337	342.9
2020-01-31T12:04	87.46388	96.33359	0.338	343.7
2020-01-31T12:14	87.46478	96.32768	0.336	343.8
2020-01-31T12:24	87.46568	96.32197	0.338	344.4
2020-01-31T12:34	87.46659	96.31588	0.341	343.5
2020-01-31T12:44	87.46749	96.31023	0.334	344.4
2020-01-31T12:54	87.46836	96.30504	0.324	345.2
2020-01-31T13:04	87.46919	96.30040	0.311	346.3
2020-01-31T13:14	87.47001	96.29544	0.305	345.0
2020-01-31T13:24	87.47080	96.29091	0.294	345.8
2020-01-31T13:34	87.47160	96.28649	0.294	346.2
2020-01-31T13:44	87.47236	96.28250	0.281	347.0
2020-01-31T13:54	87.47311	96.27875	0.276	347.5
2020-01-31T14:04	87.47386	96.27563	0.275	349.6
2020-01-31T14:14	87.47458	96.27312	0.263	351.3
2020-01-31T14:24	87.47529	96.27090	0.259	352.2
2020-01-31T14:34	87.47597	96.26897	0.245	352.8
2020-01-31T14:44	87.47663	96.26780	0.237	355.5
2020-01-31T14:54	87.47726	96.26698	0.227	356.7
2020-01-31T15:04	87.47790	96.26712	0.232	0.5
2020-01-31T15:14	87.47851	96.26765	0.221	2.2
2020-01-31T15:24	87.47912	96.26899	0.218	5.6
2020-01-31T15:34	87.47972	96.27037	0.220	5.7
2020-01-31T15:44	87.48033	96.27180	0.218	5.9
2020-01-31T15:54	87.48088	96.27320	0.200	6.4
2020-01-31T16:04	87.48143	96.27451	0.201	5.9
2020-01-31T16:14	87.48200	96.27641	0.205	8.4
2020-01-31T16:24	87.48252	96.27844	0.191	9.7
2020-01-31T16:34	87.48301	96.28097	0.182	12.6
2020-01-31T16:44	87.48350	96.28377	0.179	14.3
2020-01-31T16:54	87.48395	96.28677	0.171	16.1
2020-01-31T17:04	87.48442	96.28949	0.174	14.3
2020-01-31T17:14	87.48489	96.29180	0.173	12.2
2020-01-31T17:24	87.48535	96.29435	0.170	13.7
2020-01-31T17:34	87.48577	96.29713	0.159	16.1
2020-01-31T17:44	87.48619	96.29995	0.156	16.6
2020-01-31T17:54	87.48661	96.30236	0.159	13.9
2020-01-31T18:04	87.48703	96.30500	0.155	15.6
2020-01-31T18:14	87.48746	96.30783	0.163	15.9
2020-01-31T18:24	87.48789	96.31147	0.162	20.7
2020-01-31T18:34	87.48830	96.31528	0.161	22.0
2020-01-31T18:44	87.48873	96.31949	0.167	23.4
2020-01-31T18:54	87.48912	96.32385	0.157	25.9
2020-01-31T19:04	87.48950	96.32802	0.154	25.3
2020-01-31T19:14	87.48991	96.33193	0.160	22.7
2020-01-31T19:24	87.49033	96.33519	0.159	18.8
2020-01-31T19:34	87.49075	96.33820	0.157	17.5
2020-01-31T19:44	87.49115	96.34097	0.152	16.7
2020-01-31T19:54	87.49154	96.34395	0.148	18.5
2020-01-31T20:04	87.49193	96.34698	0.147	18.9
2020-01-31T20:14	87.49232	96.34942	0.145	15.3
2020-01-31T20:24	87.49270	96.35173	0.141	14.9
2020-01-31T20:34	87.49307	96.35390	0.140	14.1
2020-01-31T20:44	87.49345	96.35593	0.137	13.4
2020-01-31T20:54	87.49380	96.35793	0.132	13.8
2020-01-31T21:04	87.49413	96.35959	0.122	12.3
2020-01-31T21:14	87.49445	96.36114	0.118	12.0
2020-01-31T21:24	87.49476	96.36298	0.115	14.5
2020-01-31T21:34	87.49504	96.36504	0.105	18.0
2020-01-31T21:44	87.49526	96.36713	0.086	22.3
2020-01-31T21:54	87.49548	96.36952	0.088	25.3
2020-01-31T22:04	87.49570	96.37183	0.085	25.4
2020-01-31T22:14	87.49589	96.37406	0.077	27.2
2020-01-31T22:24	87.49606	96.37575	0.067	23.4
2020-01-31T22:34	87.49621	96.37746	0.062	25.4
2020-01-31T22:44	87.49636	96.37909	0.060	25.6
2020-01-31T22:54	87.49651	96.38071	0.057	26.2
2020-01-31T23:04	87.49663	96.38230	0.052	28.5
2020-01-31T23:14	87.49675	96.38374	0.048	28.4
2020-01-31T23:24	87.49685	96.38511	0.043	30.3
2020-01-31T23:34	87.49695	96.38637	0.039	30.0
2020-01-31T23:44	87.49704	96.38771	0.039	33.0
2020-01-31T23:54	87.49711	96.38895	0.033	36.1
2020-02-01T00:04	87.49721	96.39019	0.041	28.4
2020-02-01T00:14	87.49730	96.39099	0.035	20.9
2020-02-01T00:24	87.49732	96.39119	0.007	26.6
2020-02-01T00:34	87.49733	96.39092	0.005	293.3
2020-02-01T00:44	87.49733	96.39017	0.012	272.1
2020-02-01T00:54	87.49727	96.38953	0.025	204.4
2020-02-01T01:04	87.49713	96.38895	0.049	190.7
2020-02-01T01:14	87.49695	96.38877	0.065	182.5
2020-02-01T01:24	87.49674	96.38851	0.078	183.0
2020-02-01T01:34	87.49648	96.38792	0.095	185.6
2020-02-01T01:44	87.49617	96.38698	0.110	187.8
2020-02-01T01:54	87.49580	96.38497	0.139	193.1
2020-02-01T02:04	87.49534	96.38168	0.172	197.5
2020-02-01T02:14	87.49480	96.37761	0.205	198.2
2020-02-01T02:24	87.49417	96.37252	0.242	199.3
2020-02-01T02:34	87.49342	96.36658	0.285	199.1
2020-02-01T02:44	87.49254	96.36039	0.332	197.1
2020-02-01T02:54	87.49154	96.35365	0.376	196.4
2020-02-01T03:04	87.49042	96.34629	0.419	196.1
2020-02-01T03:14	87.48920	96.33816	0.457	196.3
2020-02-01T03:24	87.48785	96.33004	0.502	194.8
2020-02-01T03:34	87.48636	96.32163	0.553	193.9
2020-02-01T03:44	87.48479	96.31318	0.581	193.3
2020-02-01T03:54	87.48311	96.30454	0.621	192.7
2020-02-01T04:04	87.48132	96.29560	0.658	192.4
2020-02-01T04:14	87.47945	96.28654	0.690	192.0
2020-02-01T04:24	87.47749	96.27732	0.719	191.7
2020-02-01T04:34	87.47546	96.26784	0.746	191.6
2020-02-01T04:44	87.47338	96.25820	0.768	191.5
2020-02-01T04:54	87.47122	96.24829	0.793	191.5
2020-02-01T05:04	87.46900	96.23808	0.814	191.5
2020-02-01T05:14	87.46673	96.22773	0.834	191.4
2020-02-01T05:24	87.46440	96.21708	0.855	191.4
2020-02-01T05:34	87.46204	96.20555	0.871	192.2
2020-02-01T05:44	87.45964	96.19334	0.886	192.7
2020-02-01T05:54	87.45721	96.18048	0.899	193.2
2020-02-01T06:04	87.45475	96.16739	0.909	193.3
2020-02-01T06:14	87.45227	96.15375	0.920	193.7
2020-02-01T06:24	87.44977	96.13942	0.928	194.3
2020-02-01T06:34	87.44729	96.12407	0.928	195.4
2020-02-01T06:44	87.44481	96.10776	0.928	196.4
2020-02-01T06:54	87.44235	96.09056	0.927	197.3
2020-02-01T07:04	87.43992	96.07250	0.925	198.3
2020-02-01T07:14	87.43751	96.05409	0.917	198.9
2020-02-01T07:24	87.43512	96.03516	0.911	199.6
2020-02-01T07:34	87.43277	96.01602	0.903	200.0
2020-02-01T07:44	87.43045	95.99639	0.893	200.8
2020-02-01T07:54	87.42821	95.97692	0.865	201.3
2020-02-01T08:04	87.42602	95.95760	0.848	201.6
2020-02-01T08:14	87.42388	95.93829	0.830	202.1
2020-02-01T08:24	87.42181	95.91873	0.811	203.0
2020-02-01T08:34	87.41980	95.89911	0.790	203.7
2020-02-01T08:44	87.41785	95.87953	0.771	204.3
2020-02-01T08:54	87.41596	95.86037	0.749	204.5
2020-02-01T09:04	87.41414	95.84108	0.727	205.5
2020-02-01T09:14	87.41240	95.82209	0.696	206.3
2020-02-01T09:24	87.41077	95.80412	0.658	206.4
2020-02-01T09:34	87.40918	95.78750	0.631	205.4
2020-02-01T09:44	87.40767	95.77213	0.600	204.7
2020-02-01T09:54	87.40620	95.75728	0.583	204.5
2020-02-01T10:04	87.40478	95.74346	0.556	203.9
2020-02-01T10:14	87.40343	95.73016	0.532	204.1
2020-02-01T10:24	87.40212	95.71728	0.517	204.0
2020-02-01T10:34	87.40092	95.70581	0.472	203.4
2020-02-01T10:44	87.39982	95.69590	0.428	202.2
2020-02-01T10:54	87.39873	95.68735	0.415	199.7
2020-02-01T11:04	87.39768	95.67866	0.405	200.6
2020-02-01T11:14	87.39671	95.67115	0.370	199.4
2020-02-01T11:24	87.39578	95.66458	0.351	197.8
2020-02-01T11:34	87.39485	95.65994	0.344	192.7
2020-02-01T11:44	87.39398	95.65817	0.313	185.3
2020-02-01T11:54	87.39310	95.65723	0.318	182.8
2020-02-01T12:04	87.39231	95.65736	0.283	179.6
2020-02-01T12:14	87.39148	95.65755	0.300	179.4
2020-02-01T12:24	87.39067	95.65862	0.292	176.6
2020-02-01T12:34	87.38985	95.66020	0.296	175.0
2020-02-01T12:44	87.38906	95.66267	0.288	171.9
2020-02-01T12:54	87.38824	95.66535	0.298	171.5
2020-02-01T13:04	87.38751	95.66972	0.274	164.8
2020-02-01T13:14	87.38674	95.67442	0.287	164.4
2020-02-01T13:24	87.38596	95.67954	0.293	163.3
2020-02-01T13:34	87.38517	95.68546	0.301	161.1
2020-02-01T13:44	87.38436	95.69170	0.309	160.7
2020-02-01T13:54	87.38354	95.69839	0.317	159.7
2020-02-01T14:04	87.38272	95.70578	0.317	157.5
2020-02-01T14:14	87.38190	95.71347	0.323	157.0
2020-02-01T14:24	87.38105	95.72146	0.332	156.7
2020-02-01T14:34	87.38019	95.72977	0.337	156.1
2020-02-01T14:44	87.37929	95.73795	0.352	157.5
2020-02-01T14:54	87.37836	95.74590	0.361	158.8
2020-02-01T15:04	87.37739	95.75379	0.369	159.4
2020-02-01T15:14	87.37641	95.76155	0.375	160.1
2020-02-01T15:24	87.37541	95.76937	0.384	160.4
2020-02-01T15:34	87.37438	95.77769	0.397	159.8
2020-02-01T15:44	87.37330	95.78641	0.414	159.7
2020-02-01T15:54	87.37221	95.79504	0.418	160.1
2020-02-01T16:04	87.37107	95.80333	0.432	161.5
2020-02-01T16:14	87.36989	95.81141	0.444	162.5
2020-02-01T16:24	87.36870	95.81924	0.449	163.2
2020-02-01T16:34	87.36750	95.82670	0.450	164.1
2020-02-01T16:44	87.36630	95.83380	0.448	164.8
2020-02-01T16:54	87.36510	95.84039	0.445	165.8
2020-02-01T17:04	87.36389	95.84607	0.445	167.8
2020-02-01T17:14	87.36270	95.85099	0.438	169.3
2020-02-01T17:24	87.36151	95.85515	0.434	170.9
2020-02-01T17:34	87.36033	95.85851	0.426	172.5
2020-02-01T17:44	87.35918	95.86120	0.419	173.9
2020-02-01T17:54	87.35803	95.86329	0.415	175.2
2020-02-01T18:04	87.35690	95.86494	0.407	176.1
2020-02-01T18:14	87.35579	95.86580	0.401	177.9
2020-02-01T18:24	87.35469	95.86597	0.394	179.6
2020-02-01T18:34	87.35362	95.86532	0.385	181.6
2020-02-01T18:44	87.35257	95.86399	0.380	183.3
2020-02-01T18:54	87.35155	95.86202	0.370	185.1
2020-02-01T19:04	87.35056	95.85944	0.359	186.9
2020-02-01T19:14	87.34960	95.85613	0.348	189.1
2020-02-01T19:24	87.34869	95.85230	0.337	190.9
2020-02-01T19:34	87.34780	95.84792	0.325	193.0
2020-02-01T19:44	87.34697	95.84302	0.311	195.2
2020-02-01T19:54	87.34617	95.83730	0.305	198.2
2020-02-01T20:04	87.34542	95.83126	0.288	200.5
2020-02-01T20:14	87.34471	95.82465	0.278	203.4
2020-02-01T20:24	87.34404	95.81780	0.265	205.5
2020-02-01T20:34	87.34342	95.81078	0.254	207.5
2020-02-01T20:44	87.34285	95.80371	0.235	210.1
2020-02-01T20:54	87.34233	95.79656	0.223	212.4
2020-02-01T21:04	87.34186	95.78940	0.208	215.0
2020-02-01T21:14	87.34143	95.78227	0.194	217.9
2020-02-01T21:24	87.34104	95.77494	0.187	220.9
2020-02-01T21:34	87.34068	95.76781	0.175	222.8
2020-02-01T21:44	87.34038	95.76100	0.158	225.9
2020-02-01T21:54	87.34010	95.75400	0.153	229.9
2020-02-01T22:04	87.33988	95.74720	0.140	234.3
2020-02-01T22:14	87.33970	95.74069	0.125	240.1
2020-02-01T22:24	87.33957	95.73438	0.116	245.3
2020-02-01T22:34	87.33948	95.72857	0.103	250.9
2020-02-01T22:44	87.33940	95.72301	0.097	254.4
2020-02-01T22:54	87.33935	95.71751	0.094	259.0
2020-02-01T23:04	87.33934	95.71250	0.084	265.9
2020-02-01T23:14	87.33931	95.70731	0.087	264.3
2020-02-01T23:24	87.33929	95.70182	0.092	264.9
2020-02-01T23:34	87.33928	95.69663	0.087	266.9
2020-02-01T23:44	87.33931	95.69163	0.085	278.3
2020-02-01T23:54	87.33935	95.68648	0.087	279.7
2020-02-02T00:04	87.33942	95.68180	0.082	286.6
2020-02-02T00:14	87.33951	95.67683	0.089	291.7
2020-02-02T00:24	87.33961	95.67249	0.081	297.1
2020-02-02T00:34	87.33974	95.66833	0.083	303.2
2020-02-02T00:44	87.33987	95.66425	0.083	305.0
2020-02-02T00:54	87.34004	95.66056	0.087	314.6
2020-02-02T01:04	87.34023	95.65706	0.090	319.5
2020-02-02T01:14	87.34042	95.65365	0.090	320.9
2020-02-02T01:24	87.34063	95.65032	0.092	322.8
2020-02-02T01:34	87.34085	95.64687	0.099	324.5
2020-02-02T01:44	87.34109	95.64366	0.100	327.7
2020-02-02T01:54	87.34132	95.64038	0.099	326.3
2020-02-02T02:04	87.34152	95.63681	0.095	321.4
2020-02-02T02:14	87.34173	95.63333	0.095	322.3
2020-02-02T02:24	87.34194	95.62976	0.097	321.9
2020-02-02T02:34	87.34215	95.62589	0.099	319.4
2020-02-02T02:44	87.34236	95.62190	0.099	317.9
2020-02-02T02:54	87.34255	95.61794	0.096	316.6
2020-02-02T03:04	87.34275	95.61375	0.099	315.0
2020-02-02T03:14	87.34295	95.60968	0.101	317.8
2020-02-02T03:24	87.34316	95.60550	0.102	316.7
2020-02-02T03:34	87.34336	95.60101	0.104	313.7
2020-02-02T03:44	87.34354	95.59623	0.103	309.1
2020-02-02T03:54	87.34370	95.59126	0.101	304.7
2020-02-02T04:04	87.34384	95.58584	0.104	300.0
2020-02-02T04:14	87.34398	95.57995	0.110	296.3
2020-02-02T04:24	87.34410	95.57388	0.110	293.2
2020-02-02T04:34	87.34421	95.56718	0.118	289.2
2020-02-02T04:44	87.34430	95.56028	0.120	286.8
2020-02-02T04:54	87.34438	95.55263	0.130	281.9
2020-02-02T05:04	87.34444	95.54440	0.139	279.4
2020-02-02T05:14	87.34449	95.53549	0.150	277.1
2020-02-02T05:24	87.34454	95.52579	0.163	275.5
2020-02-02T05:34	87.34457	95.51548	0.172	274.0
2020-02-02T05:44	87.34460	95.50430	0.187	273.3
2020-02-02T05:54	87.34462	95.49238	0.199	272.0
2020-02-02T06:04	87.34464	95.47958	0.214	271.9
2020-02-02T06:14	87.34465	95.46606	0.226	271.1
2020-02-02T06:24	87.34466	95.45170	0.240	270.6
2020-02-02T06:34	87.34466	95.43664	0.251	270.5
2020-02-02T06:44	87.34467	95.42072	0.266	270.4
2020-02-02T06:54	87.34467	95.40406	0.278	270.7
2020-02-02T07:04	87.34469	95.38647	0.293	271.2
2020-02-02T07:14	87.34472	95.36807	0.307	271.9
2020-02-02T07:24	87.34476	95.34876	0.322	272.3
2020-02-02T07:34	87.34481	95.32881	0.333	273.4
2020-02-02T07:44	87.34488	95.30831	0.343	274.4
2020-02-02T07:54	87.34498	95.28744	0.350	275.9
2020-02-02T08:04	87.34510	95.26603	0.359	276.5
2020-02-02T08:14	87.34522	95.24410	0.369	277.1
2020-02-02T08:24	87.34536	95.22161	0.379	277.9
2020-02-02T08:34	87.34553	95.19864	0.388	278.9
2020-02-02T08:44	87.34572	95.17520	0.397	279.8
2020-02-02T08:54	87.34593	95.15121	0.407	280.9
2020-02-02T09:04	87.34617	95.12657	0.420	282.0
2020-02-02T09:14	87.34644	95.10141	0.430	282.7
2020-02-02T09:24	87.34671	95.07590	0.437	283.3
2020-02-02T09:34	87.34701	95.05017	0.442	284.1
2020-02-02T09:44	87.34734	95.02415	0.449	285.3
2020-02-02T09:54	87.34767	94.99857	0.443	285.6
2020-02-02T10:04	87.34801	94.97309	0.442	286.2
2020-02-02T10:14	87.34836	94.94829	0.432	286.9
2020-02-02T10:24	87.34870	94.92387	0.425	286.8
2020-02-02T10:34	87.34905	94.89939	0.426	286.9
2020-02-02T10:44	87.34936	94.87685	0.392	287.0
2020-02-02T10:54	87.34967	94.85444	0.389	286.5
2020-02-02T11:04	87.34997	94.83275	0.377	286.7
2020-02-02T11:14	87.35026	94.81173	0.365	286.6
2020-02-02T11:24	87.35054	94.79126	0.355	286.5
2020-02-02T11:34	87.35083	94.77126	0.349	287.5
2020-02-02T11:44	87.35113	94.75155	0.344	287.7
2020-02-02T11:54	87.35142	94.73227	0.338	288.3
2020-02-02T12:04	87.35173	94.71329	0.334	289.2
2020-02-02T12:14	87.35204	94.69460	0.331	290.1
2020-02-02T12:24	87.35235	94.67621	0.326	290.1
2020-02-02T12:34	87.35263	94.65826	0.315	288.6
2020-02-02T12:44	87.35292	94.64087	0.308	289.9
2020-02-02T12:54	87.35322	94.62388	0.302	290.8
2020-02-02T13:04	87.35352	94.60749	0.293	291.5
2020-02-02T13:14	87.35381	94.59143	0.286	291.3
2020-02-02T13:24	87.35409	94.57578	0.279	291.3
2020-02-02T13:34	87.35436	94.56030	0.275	290.6
2020-02-02T13:44	87.35462	94.54518	0.268	290.5
2020-02-02T13:54	87.35488	94.53044	0.262	290.9
2020-02-02T14:04	87.35513	94.51596	0.257	290.6
2020-02-02T14:14	87.35536	94.50176	0.250	289.7
2020-02-02T14:24	87.35558	94.48778	0.245	288.7
2020-02-02T14:34	87.35580	94.47410	0.241	289.2
2020-02-02T14:44	87.35601	94.46056	0.238	288.8
2020-02-02T14:54	87.35624	94.44735	0.234	290.2
2020-02-02T15:04	87.35646	94.43444	0.229	290.5
2020-02-02T15:14	87.35667	94.42174	0.224	289.4
2020-02-02T15:24	87.35687	94.40928	0.219	289.0
2020-02-02T15:34	87.35705	94.39691	0.216	287.9
2020-02-02T15:44	87.35721	94.38498	0.206	286.2
2020-02-02T15:54	87.35736	94.37305	0.205	285.1
2020-02-02T16:04	87.35749	94.36128	0.202	284.1
2020-02-02T16:14	87.35762	94.34949	0.201	283.0
2020-02-02T16:24	87.35774	94.33788	0.197	282.3
2020-02-02T16:34	87.35785	94.32624	0.198	282.2
2020-02-02T16:44	87.35796	94.31444	0.200	281.0
2020-02-02T16:54	87.35806	94.30265	0.199	280.6
2020-02-02T17:04	87.35815	94.29060	0.203	279.3
2020-02-02T17:14	87.35823	94.27833	0.206	278.2
2020-02-02T17:24	87.35832	94.26589	0.209	278.8
2020-02-02T17:34	87.35841	94.25315	0.214	278.5
2020-02-02T17:44	87.35851	94.24007	0.220	279.3
2020-02-02T17:54	87.35861	94.22675	0.224	279.3
2020-02-02T18:04	87.35872	94.21322	0.228	280.1
2020-02-02T18:14	87.35884	94.19949	0.232	280.9
2020-02-02T18:24	87.35896	94.18556	0.235	280.8
2020-02-02T18:34	87.35910	94.17111	0.245	281.3
2020-02-02T18:44	87.35925	94.15636	0.250	282.3
2020-02-02T18:54	87.35942	94.14129	0.258	284.3
2020-02-02T19:04	87.35961	94.12577	0.267	285.0
2020-02-02T19:14	87.35982	94.10979	0.276	286.1
2020-02-02T19:24	87.36006	94.09333	0.286	287.3
2020-02-02T19:34	87.36032	94.07625	0.298	288.1
2020-02-02T19:44	87.36060	94.05877	0.307	289.3
2020-02-02T19:54	87.36092	94.04095	0.317	291.1
2020-02-02T20:04	87.36127	94.02271	0.329	293.1
2020-02-02T20:14	87.36166	94.00408	0.339	294.4
2020-02-02T20:24	87.36208	93.98492	0.351	295.4
2020-02-02T20:34	87.36255	93.96524	0.367	297.2
2020-02-02T20:44	87.36306	93.94507	0.381	298.7
2020-02-02T20:54	87.36360	93.92457	0.392	300.0
2020-02-02T21:04	87.36419	93.90379	0.403	301.5
2020-02-02T21:14	87.36482	93.88250	0.419	302.8
2020-02-02T21:24	87.36550	93.86127	0.430	305.2
2020-02-02T21:34	87.36624	93.84040	0.435	307.5
2020-02-02T21:44	87.36700	93.81956	0.441	308.6
2020-02-02T21:54	87.36779	93.79889	0.445	309.8
2020-02-02T22:04	87.36860	93.77892	0.439	311.2
2020-02-02T22:14	87.36943	93.75916	0.443	312.5
2020-02-02T22:24	87.37027	93.73936	0.448	313.1
2020-02-02T22:34	87.37113	93.71974	0.447	313.5
2020-02-02T22:44	87.37199	93.69987	0.452	313.4
2020-02-02T22:54	87.37286	93.68000	0.453	313.6
2020-02-02T23:04	87.37375	93.66010	0.460	314.4
2020-02-02T23:14	87.37468	93.64112	0.458	316.9
2020-02-02T23:24	87.37563	93.62252	0.458	318.0
2020-02-02T23:34	87.37658	93.60447	0.455	319.2
2020-02-02T23:44	87.37753	93.58681	0.450	319.7
2020-02-02T23:54	87.37850	93.56979	0.445	321.0
2020-02-03T00:04	87.37945	93.55286	0.442	320.9
2020-02-03T00:14	87.38041	93.53617	0.441	321.5
2020-02-03T00:24	87.38135	93.51964	0.436	321.4
2020-02-03T00:34	87.38229	93.50331	0.431	321.5
2020-02-03T00:44	87.38324	93.48727	0.431	322.3
2020-02-03T00:54	87.38418	93.47147	0.427	322.5
2020-02-03T01:04	87.38510	93.45605	0.419	322.8
2020-02-03T01:14	87.38602	93.44092	0.413	323.0
2020-02-03T01:24	87.38693	93.42606	0.410	323.5
2020-02-03T01:34	87.38784	93.41194	0.401	324.7
2020-02-03T01:44	87.38876	93.39816	0.400	325.6
2020-02-03T01:54	87.38966	93.38470	0.392	325.7
2020-02-03T02:04	87.39054	93.37157	0.384	325.9
2020-02-03T02:14	87.39141	93.35894	0.374	326.4
2020-02-03T02:24	87.39227	93.34674	0.370	327.3
2020-02-03T02:34	87.39312	93.33513	0.359	328.0
2020-02-03T02:44	87.39396	93.32389	0.355	328.7
2020-02-03T02:54	87.39479	93.31292	0.348	329.0
2020-02-03T03:04	87.39561	93.30233	0.342	329.5
2020-02-03T03:14	87.39640	93.29227	0.331	330.2
2020-02-03T03:24	87.39718	93.28263	0.321	330.6
2020-02-03T03:34	87.39794	93.27363	0.310	331.6
2020-02-03T03:44	87.39867	93.26536	0.297	333.0
2020-02-03T03:54	87.39939	93.25756	0.287	333.6
2020-02-03T04:04	87.40009	93.25014	0.281	334.5
2020-02-03T04:14	87.40080	93.24317	0.278	335.8
2020-02-03T04:24	87.40147	93.23703	0.262	337.5
2020-02-03T04:34	87.40214	93.23152	0.257	339.5
2020-02-03T04:44	87.40278	93.22652	0.246	340.7
2020-02-03T04:54	87.40341	93.22156	0.242	340.4
2020-02-03T05:04	87.40403	93.21727	0.233	342.5
2020-02-03T05:14	87.40464	93.21352	0.229	344.5
2020-02-03T05:24	87.40523	93.20981	0.220	344.1
2020-02-03T05:34	87.40579	93.20597	0.212	342.9
2020-02-03T05:44	87.40634	93.20276	0.204	345.2
2020-02-03T05:54	87.40688	93.20029	0.198	348.3
2020-02-03T06:04	87.40740	93.19851	0.188	351.1
2020-02-03T06:14	87.40789	93.19733	0.180	353.9
2020-02-03T06:24	87.40840	93.19676	0.184	357.1
2020-02-03T06:34	87.40892	93.19677	0.187	0.0
2020-02-03T06:44	87.40945	93.19745	0.189	3.4
2020-02-03T06:54	87.40997	93.19919	0.189	8.7
2020-02-03T07:04	87.41043	93.20159	0.172	13.1
2020-02-03T07:14	87.41089	93.20423	0.170	14.6
2020-02-03T07:24	87.41134	93.20719	0.170	16.4
2020-02-03T07:34	87.41176	93.21045	0.160	19.3
2020-02-03T07:44	87.41219	93.21431	0.166	22.3
2020-02-03T07:54	87.41260	93.21920	0.169	28.0
2020-02-03T08:04	87.41299	93.22429	0.163	30.4
2020-02-03T08:14	87.41339	93.22990	0.170	32.5
2020-02-03T08:24	87.41377	93.23628	0.172	37.0
2020-02-03T08:34	87.41415	93.24221	0.165	35.6
2020-02-03T08:44	87.41453	93.24831	0.169	36.0
2020-02-03T08:54	87.41490	93.25595	0.184	42.3
2020-02-03T09:04	87.41529	93.26392	0.189	43.3
2020-02-03T09:14	87.41569	93.27281	0.205	44.8
2020-02-03T09:24	87.41609	93.28237	0.212	47.1
2020-02-03T09:34	87.41651	93.29238	0.222	47.0
2020-02-03T09:44	87.41688	93.30274	0.214	51.9
2020-02-03T09:54	87.41729	93.31409	0.237	51.0
2020-02-03T10:04	87.41773	93.32573	0.246	50.1
2020-02-03T10:14	87.41818	93.33759	0.252	49.7
2020-02-03T10:24	87.41862	93.34967	0.251	51.1
2020-02-03T10:34	87.41907	93.36125	0.248	49.4
2020-02-03T10:44	87.41954	93.37332	0.258	49.3
2020-02-03T10:54	87.42002	93.38567	0.264	49.3
2020-02-03T11:04	87.42049	93.39859	0.269	51.0
2020-02-03T11:14	87.42098	93.41105	0.269	48.5
2020-02-03T11:24	87.42150	93.42405	0.282	48.3
2020-02-03T11:34	87.42204	93.43726	0.289	47.9
2020-02-03T11:44	87.42258	93.45071	0.292	48.2
2020-02-03T11:54	87.42314	93.46446	0.299	48.1
2020-02-03T12:04	87.42371	93.47840	0.306	47.4
2020-02-03T12:14	87.42430	93.49291	0.316	47.9
2020-02-03T12:24	87.42489	93.50756	0.318	48.2
2020-02-03T12:34	87.42549	93.52233	0.322	48.0
2020-02-03T12:44	87.42609	93.53733	0.324	48.4
2020-02-03T12:54	87.42667	93.55253	0.323	49.6
2020-02-03T13:04	87.42723	93.56775	0.320	50.3
2020-02-03T13:14	87.42780	93.58312	0.322	50.4
2020-02-03T13:24	87.42838	93.59884	0.329	50.6
2020-02-03T13:34	87.42895	93.61436	0.324	50.7
2020-02-03T13:44	87.42952	93.62996	0.325	50.9
2020-02-03T13:54	87.43007	93.64552	0.321	51.6
2020-02-03T14:04	87.43062	93.66141	0.324	52.3
2020-02-03T14:14	87.43118	93.67739	0.326	52.2
2020-02-03T14:24	87.43171	93.69346	0.321	53.7
2020-02-03T14:34	87.43222	93.70992	0.323	55.3
2020-02-03T14:44	87.43274	93.72676	0.330	55.4
2020-02-03T14:54	87.43323	93.74335	0.320	56.6
2020-02-03T15:04	87.43369	93.76000	0.316	58.3
2020-02-03T15:14	87.43412	93.77658	0.310	59.5
2020-02-03T15:24	87.43455	93.79320	0.309	60.1
2020-02-03T15:34	87.43497	93.80975	0.307	60.4
2020-02-03T15:44	87.43537	93.82612	0.300	61.5
2020-02-03T15:54	87.43575	93.84212	0.291	62.3
2020-02-03T16:04	87.43612	93.85848	0.295	63.1
2020-02-03T16:14	87.43647	93.87475	0.292	64.0
2020-02-03T16:24	87.43681	93.89106	0.289	65.4
2020-02-03T16:34	87.43713	93.90728	0.286	66.0
2020-02-03T16:44	87.43745	93.92363	0.288	65.9
2020-02-03T16:54	87.43776	93.93954	0.279	66.5
2020-02-03T17:04	87.43806	93.95540	0.277	67.1
2020-02-03T17:14	87.43836	93.97099	0.273	67.0
2020-02-03T17:24	87.43865	93.98659	0.272	67.2
2020-02-03T17:34	87.43894	94.00207	0.269	67.7
2020-02-03T17:44	87.43922	94.01706	0.262	67.0
2020-02-03T17:54	87.43949	94.03183	0.257	67.5
2020-02-03T18:04	87.43976	94.04617	0.250	67.4
2020-02-03T18:14	87.44003	94.06059	0.251	67.6
2020-02-03T18:24	87.44029	94.07487	0.248	67.9
2020-02-03T18:34	87.44054	94.08884	0.242	68.0
2020-02-03T18:44	87.44080	94.10269	0.242	67.0
2020-02-03T18:54	87.44107	94.11643	0.242	66.1
2020-02-03T19:04	87.44133	94.12983	0.235	66.7
2020-02-03T19:14	87.44159	94.14315	0.234	66.2
2020-02-03T19:24	87.44185	94.15646	0.234	66.2
2020-02-03T19:34	87.44210	94.16984	0.233	67.1
2020-02-03T19:44	87.44235	94.18298	0.230	66.9
2020-02-03T19:54	87.44260	94.19602	0.227	67.2
2020-02-03T20:04	87.44284	94.20875	0.222	67.1
2020-02-03T20:14	87.44308	94.22133	0.220	66.5
2020-02-03T20:24	87.44332	94.23387	0.219	66.9
2020-02-03T20:34	87.44357	94.24624	0.218	65.5
2020-02-03T20:44	87.44383	94.25847	0.217	64.8
2020-02-03T20:54	87.44409	94.27069	0.218	64.2
2020-02-03T21:04	87.44437	94.28306	0.222	63.2
2020-02-03T21:14	87.44466	94.29536	0.223	62.5
2020-02-03T21:24	87.44496	94.30767	0.225	61.4
2020-02-03T21:34	87.44529	94.32032	0.235	59.6
2020-02-03T21:44	87.44565	94.33342	0.247	58.3
2020-02-03T21:54	87.44604	94.34706	0.261	57.1
2020-02-03T22:04	87.44645	94.36099	0.267	56.7
2020-02-03T22:14	87.44688	94.37544	0.278	56.5
2020-02-03T22:24	87.44732	94.39019	0.285	56.0
2020-02-03T22:34	87.44778	94.40531	0.294	55.5
2020-02-03T22:44	87.44826	94.42095	0.304	55.5
2020-02-03T22:54	87.44876	94.43663	0.309	54.4
2020-02-03T23:04	87.44929	94.45284	0.322	53.8
2020-02-03T23:14	87.44982	94.46939	0.327	54.2
2020-02-03T23:24	87.45034	94.48582	0.323	54.5
2020-02-03T23:34	87.45085	94.50276	0.327	56.2
2020-02-03T23:44	87.45136	94.51998	0.331	56.4
2020-02-03T23:54	87.45188	94.53736	0.336	56.0
2020-02-04T00:04	87.45237	94.55386	0.319	55.9
2020-02-04T00:14	87.45284	94.56980	0.306	56.5
2020-02-04T00:24	87.45326	94.58506	0.287	58.2
2020-02-04T00:34	87.45368	94.60022	0.285	58.3
2020-02-04T00:44	87.45408	94.61552	0.284	59.6
2020-02-04T00:54	87.45445	94.63065	0.277	60.9
2020-02-04T01:04	87.45484	94.64560	0.277	59.6
2020-02-04T01:14	87.45523	94.66050	0.276	59.8
2020-02-04T01:24	87.45560	94.67492	0.266	59.9
2020-02-04T01:34	87.45609	94.69070	0.309	54.8
2020-02-04T01:44	87.45663	94.70742	0.331	53.9
2020-02-04T01:54	87.45718	94.72468	0.338	54.6
2020-02-04T02:04	87.45772	94.74252	0.346	55.5
2020-02-04T02:14	87.45829	94.75974	0.343	53.4
2020-02-04T02:24	87.45885	94.77637	0.334	52.6
2020-02-04T02:34	87.45939	94.79250	0.322	53.1
2020-02-04T02:44	87.45989	94.80832	0.311	54.3
2020-02-04T02:54	87.46037	94.82384	0.303	54.8
2020-02-04T03:04	87.46082	94.83890	0.288	56.4
2020-02-04T03:14	87.46123	94.85394	0.282	58.2
2020-02-04T03:24	87.46164	94.86907	0.283	58.6
2020-02-04T03:34	87.46206	94.88445	0.289	58.1
2020-02-04T03:44	87.46250	94.89901	0.279	56.2
2020-02-04T03:54	87.46293	94.91353	0.280	55.8
2020-02-04T04:04	87.46337	94.92797	0.278	55.7
2020-02-04T04:14	87.46381	94.94232	0.279	55.2
2020-02-04T04:24	87.46426	94.95648	0.278	54.4
2020-02-04T04:34	87.46472	94.97046	0.277	53.4
2020-02-04T04:44	87.46517	94.98403	0.270	53.3
2020-02-04T04:54	87.46560	94.99752	0.266	54.0
2020-02-04T05:04	87.46602	95.01077	0.260	54.1
2020-02-04T05:14	87.46646	95.02395	0.261	53.4
2020-02-04T05:24	87.46689	95.03699	0.259	53.1
2020-02-04T05:34	87.46733	95.04990	0.260	52.2
2020-02-04T05:44	87.46776	95.06264	0.255	52.8
2020-02-04T05:54	87.46819	95.07538	0.254	52.9
2020-02-04T06:04	87.46859	95.08783	0.247	53.3
2020-02-04T06:14	87.46898	95.09989	0.237	54.0
2020-02-04T06:24	87.46936	95.11178	0.233	54.3
2020-02-04T06:34	87.46973	95.12345	0.228	54.4
2020-02-04T06:44	87.47008	95.13487	0.222	55.0
2020-02-04T06:54	87.47042	95.14578	0.213	54.5
2020-02-04T07:04	87.47077	95.15652	0.211	54.0
2020-02-04T07:14	87.47111	95.16705	0.207	53.8
2020-02-04T07:24	87.47144	95.17743	0.204	53.8
2020-02-04T07:34	87.47176	95.18726	0.194	53.6
2020-02-04T07:44	87.47208	95.19683	0.190	53.1
2020-02-04T07:54	87.47238	95.20606	0.182	53.5
2020-02-04T08:04	87.47267	95.21488	0.175	53.2
2020-02-04T08:14	87.47296	95.22326	0.169	51.7
2020-02-04T08:24	87.47325	95.23133	0.164	51.5
2020-02-04T08:34	87.47352	95.23903	0.158	50.8
2020-02-04T08:44	87.47380	95.24636	0.153	49.5
2020-02-04T08:54	87.47407	95.25325	0.147	47.9
2020-02-04T09:04	87.47435	95.25986	0.145	46.4
2020-02-04T09:14	87.47463	95.26598	0.139	44.5
2020-02-04T09:24	87.47490	95.27182	0.136	42.9
2020-02-04T09:34	87.47519	95.27714	0.133	39.5
2020-02-04T09:44	87.47547	95.28220	0.130	38.0
2020-02-04T09:54	87.47576	95.28685	0.126	35.8
2020-02-04T10:04	87.47604	95.29128	0.125	34.1
2020-02-04T10:14	87.47634	95.29536	0.125	31.1
2020-02-04T10:24	87.47665	95.29900	0.124	27.7
2020-02-04T10:34	87.47697	95.30247	0.127	25.6
2020-02-04T10:44	87.47728	95.30541	0.123	22.3
2020-02-04T10:54	87.47761	95.30823	0.126	20.7
2020-02-04T11:04	87.47795	95.31074	0.130	17.9
2020-02-04T11:14	87.47830	95.31307	0.130	16.4
2020-02-04T11:24	87.47866	95.31505	0.134	13.5
2020-02-04T11:34	87.47904	95.31694	0.139	12.4
2020-02-04T11:44	87.47943	95.31858	0.142	10.5
2020-02-04T11:54	87.47982	95.32014	0.143	10.0
2020-02-04T12:04	87.48022	95.32144	0.145	8.1
2020-02-04T12:14	87.48063	95.32270	0.149	7.7
2020-02-04T12:24	87.48104	95.32377	0.150	6.5
2020-02-04T12:34	87.48147	95.32471	0.155	5.5
2020-02-04T12:44	87.48191	95.32569	0.157	5.7
2020-02-04T12:54	87.48234	95.32650	0.158	4.6
2020-02-04T13:04	87.48279	95.32720	0.161	4.0
2020-02-04T13:14	87.48324	95.32794	0.164	4.1
2020-02-04T13:24	87.48370	95.32875	0.167	4.4
2020-02-04T13:34	87.48417	95.32928	0.168	2.9
2020-02-04T13:44	87.48464	95.32999	0.171	3.8
2020-02-04T13:54	87.48512	95.33069	0.172	3.7
2020-02-04T14:04	87.48560	95.33134	0.172	3.4
2020-02-04T14:14	87.48608	95.33203	0.173	3.6
2020-02-04T14:24	87.48655	95.33271	0.172	3.6
2020-02-04T14:34	87.48703	95.33341	0.170	3.7
2020-02-04T14:44	87.48751	95.33409	0.173	3.5
2020-02-04T14:54	87.48798	95.33495	0.170	4.6
2020-02-04T15:04	87.48845	95.33580	0.169	4.6
2020-02-04T15:14	87.48892	95.33658	0.171	4.1
2020-02-04T15:24	87.48939	95.33740	0.169	4.4
2020-02-04T15:34	87.48985	95.33819	0.168	4.3
2020-02-04T15:44	87.49031	95.33896	0.167	4.2
2020-02-04T15:54	87.49077	95.33969	0.165	4.0
2020-02-04T16:04	87.49123	95.34062	0.166	5.1
2020-02-04T16:14	87.49167	95.34137	0.160	4.2
2020-02-04T16:24	87.49210	95.34203	0.156	3.8
2020-02-04T16:34	87.49254	95.34276	0.158	4.2
2020-02-04T16:44	87.49296	95.34341	0.152	3.8
2020-02-04T16:54	87.49338	95.34405	0.152	3.8
2020-02-04T17:04	87.49380	95.34476	0.151	4.2
2020-02-04T17:14	87.49422	95.34536	0.150	3.6
2020-02-04T17:24	87.49462	95.34600	0.146	4.0
2020-02-04T17:34	87.49502	95.34658	0.144	3.6
2020-02-04T17:44	87.49541	95.34715	0.140	3.6
2020-02-04T17:54	87.49580	95.34762	0.139	3.0
2020-02-04T18:04	87.49618	95.34811	0.137	3.2
2020-02-04T18:14	87.49655	95.34849	0.134	2.6
2020-02-04T18:24	87.49691	95.34873	0.130	1.7
2020-02-04T18:34	87.49727	95.34879	0.127	0.4
2020-02-04T18:44	87.49762	95.34879	0.127	360.0
2020-02-04T18:54	87.49797	95.34872	0.126	359.5
2020-02-04T19:04	87.49832	95.34850	0.126	358.4
2020-02-04T19:14	87.49866	95.34825	0.125	358.2
2020-02-04T19:24	87.49901	95.34766	0.126	355.8
2020-02-04T19:34	87.49937	95.34709	0.130	356.0
2020-02-04T19:44	87.49969	95.34596	0.116	351.2
2020-02-04T19:54	87.50003	95.34504	0.122	353.2
2020-02-04T20:04	87.50036	95.34395	0.121	351.9
2020-02-04T20:14	87.50070	95.34276	0.122	351.1
2020-02-04T20:24	87.50103	95.34147	0.122	350.5
2020-02-04T20:34	87.50136	95.34001	0.121	349.0
2020-02-04T20:44	87.50169	95.33837	0.122	347.8
2020-02-04T20:54	87.50202	95.33666	0.123	347.3
2020-02-04T21:04	87.50236	95.33480	0.125	346.5
2020-02-04T21:14	87.50269	95.33274	0.123	344.8
2020-02-04T21:24	87.50303	95.33056	0.128	344.5
2020-02-04T21:34	87.50337	95.32809	0.129	342.5
2020-02-04T21:44	87.50373	95.32537	0.134	341.5
2020-02-04T21:54	87.50409	95.32254	0.138	341.2
2020-02-04T22:04	87.50446	95.31953	0.142	340.6
2020-02-04T22:14	87.50484	95.31628	0.146	339.6
2020-02-04T22:24	87.50523	95.31277	0.151	338.7
2020-02-04T22:34	87.50563	95.30897	0.154	337.2
2020-02-04T22:44	87.50603	95.30519	0.158	338.0
2020-02-04T22:54	87.50646	95.30110	0.167	337.4
2020-02-04T23:04	87.50689	95.29676	0.168	336.2
2020-02-04T23:14	87.50732	95.29245	0.169	336.5
2020-02-04T23:24	87.50777	95.28790	0.178	336.4
2020-02-04T23:34	87.50824	95.28336	0.181	336.9
2020-02-04T23:44	87.50871	95.27858	0.187	336.4
2020-02-04T23:54	87.50920	95.27362	0.192	336.2
2020-02-05T00:04	87.50970	95.26861	0.197	336.5
2020-02-05T00:14	87.51022	95.26367	0.202	337.5
2020-02-05T00:24	87.51075	95.25857	0.206	337.2
2020-02-05T00:34	87.51128	95.25336	0.208	336.9
2020-02-05T00:44	87.51180	95.24760	0.209	334.4
2020-02-05T00:54	87.51234	95.24192	0.215	335.6
2020-02-05T01:04	87.51289	95.23651	0.215	336.8
2020-02-05T01:14	87.51344	95.23131	0.214	337.6
2020-02-05T01:24	87.51400	95.22597	0.219	337.6
2020-02-05T01:34	87.51458	95.22076	0.222	338.5
2020-02-05T01:44	87.51516	95.21599	0.221	340.3
2020-02-05T01:54	87.51574	95.21111	0.222	339.9
2020-02-05T02:04	87.51633	95.20644	0.226	341.2
2020-02-05T02:14	87.51691	95.20163	0.223	340.3
2020-02-05T02:24	87.51751	95.19709	0.225	341.7
2020-02-05T02:34	87.51810	95.19270	0.226	342.4
2020-02-05T02:44	87.51869	95.18872	0.221	343.7
2020-02-05T02:54	87.51933	95.18510	0.235	346.1
2020-02-05T03:04	87.51994	95.18142	0.226	345.4
2020-02-05T03:14	87.52055	95.17805	0.228	346.7
2020-02-05T03:24	87.52118	95.17473	0.234	347.2
2020-02-05T03:34	87.52180	95.17109	0.228	345.6
2020-02-05T03:44	87.52240	95.16720	0.225	344.5
2020-02-05T03:54	87.52301	95.16349	0.225	345.1
2020-02-05T04:04	87.52362	95.15956	0.230	344.6
2020-02-05T04:14	87.52421	95.15586	0.221	344.9
2020-02-05T04:24	87.52480	95.15180	0.221	343.4
2020-02-05T04:34	87.52540	95.14777	0.224	343.8
2020-02-05T04:44	87.52599	95.14328	0.224	341.8
2020-02-05T04:54	87.52655	95.13870	0.212	340.4
2020-02-05T05:04	87.52708	95.13380	0.205	338.2
2020-02-05T05:14	87.52759	95.12881	0.201	337.2
2020-02-05T05:24	87.52809	95.12346	0.199	335.3
2020-02-05T05:34	87.52860	95.11793	0.202	334.9
2020-02-05T05:44	87.52911	95.11261	0.203	335.9
2020-02-05T05:54	87.52961	95.10661	0.203	332.7
2020-02-05T06:04	87.53011	95.10034	0.202	331.3
2020-02-05T06:14	87.53060	95.09418	0.203	331.9
2020-02-05T06:24	87.53112	95.08803	0.208	332.7
2020-02-05T06:34	87.53161	95.08154	0.204	330.4
2020-02-05T06:44	87.53210	95.07557	0.200	332.5
2020-02-05T06:54	87.53259	95.06953	0.198	331.8
2020-02-05T07:04	87.53307	95.06339	0.198	331.3
2020-02-05T07:14	87.53356	95.05728	0.199	331.6
2020-02-05T07:24	87.53404	95.05135	0.195	332.0
2020-02-05T07:34	87.53450	95.04521	0.193	330.5
2020-02-05T07:44	87.53497	95.03899	0.195	330.4
2020-02-05T07:54	87.53544	95.03247	0.195	328.8
2020-02-05T08:04	87.53591	95.02561	0.200	327.9
2020-02-05T08:14	87.53636	95.01869	0.196	327.0
2020-02-05T08:24	87.53682	95.01112	0.200	324.2
2020-02-05T08:34	87.53727	95.00316	0.204	322.9
2020-02-05T08:44	87.53772	94.99527	0.204	323.3
2020-02-05T08:54	87.53817	94.98698	0.205	321.4
2020-02-05T09:04	87.53864	94.97877	0.213	323.4
2020-02-05T09:14	87.53914	94.97058	0.221	325.0
2020-02-05T09:24	87.53965	94.96231	0.221	324.7
2020-02-05T09:34	87.54015	94.95399	0.222	324.6
2020-02-05T09:44	87.54063	94.94526	0.219	322.1
2020-02-05T09:54	87.54110	94.93620	0.219	320.3
2020-02-05T10:04	87.54156	94.92703	0.220	319.8
2020-02-05T10:14	87.54203	94.91759	0.222	318.9
2020-02-05T10:24	87.54249	94.90787	0.224	317.8
2020-02-05T10:34	87.54296	94.89806	0.228	318.3
2020-02-05T10:44	87.54343	94.88847	0.225	318.9
2020-02-05T10:54	87.54392	94.87876	0.232	319.8
2020-02-05T11:04	87.54439	94.86915	0.225	318.9
2020-02-05T11:14	87.54485	94.85962	0.220	318.0
2020-02-05T11:24	87.54535	94.84998	0.234	320.5
2020-02-05T11:34	87.54586	94.83946	0.244	318.4
2020-02-05T11:44	87.54633	94.82942	0.231	318.0
2020-02-05T11:54	87.54681	94.81904	0.235	317.0
2020-02-05T12:04	87.54733	94.80881	0.246	320.1
2020-02-05T12:14	87.54786	94.79821	0.250	319.2
2020-02-05T12:24	87.54839	94.78771	0.252	320.0
2020-02-05T12:34	87.54897	94.77727	0.264	322.5
2020-02-05T12:44	87.54955	94.76641	0.266	321.1
2020-02-05T12:54	87.55008	94.75609	0.249	320.4
2020-02-05T13:04	87.55058	94.74566	0.241	318.3
2020-02-05T13:14	87.55110	94.73506	0.248	318.9
2020-02-05T13:24	87.55165	94.72423	0.258	319.9
2020-02-05T13:34	87.55225	94.71300	0.276	321.2
2020-02-05T13:44	87.55286	94.70222	0.275	323.0
2020-02-05T13:54	87.55349	94.69145	0.282	324.0
2020-02-05T14:04	87.55409	94.68055	0.271	321.9
2020-02-05T14:14	87.55471	94.66956	0.282	323.2
2020-02-05T14:24	87.55534	94.65864	0.281	323.3
2020-02-05T14:34	87.55594	94.64778	0.275	322.6
2020-02-05T14:44	87.55657	94.63712	0.279	324.1
2020-02-05T14:54	87.55719	94.62659	0.274	323.8
2020-02-05T15:04	87.55781	94.61556	0.282	323.2
2020-02-05T15:14	87.55846	94.60484	0.285	324.8
2020-02-05T15:24	87.55908	94.59420	0.275	323.7
2020-02-05T15:34	87.55972	94.58347	0.283	324.5
2020-02-05T15:44	87.56032	94.57274	0.272	322.7
2020-02-05T15:54	87.56090	94.56318	0.256	325.2
2020-02-05T16:04	87.56146	94.55402	0.244	324.9
2020-02-05T16:14	87.56202	94.54542	0.241	326.8
2020-02-05T16:24	87.56259	94.53671	0.247	327.3
2020-02-05T16:34	87.56317	94.52798	0.246	327.0
2020-02-05T16:44	87.56375	94.51984	0.244	329.3
2020-02-05T16:54	87.56433	94.51153	0.246	328.9
2020-02-05T17:04	87.56491	94.50350	0.241	329.3
2020-02-05T17:14	87.56548	94.49562	0.238	329.6
2020-02-05T17:24	87.56604	94.48800	0.235	330.2
2020-02-05T17:34	87.56659	94.48055	0.228	330.0
2020-02-05T17:44	87.56710	94.47338	0.214	329.3
2020-02-05T17:54	87.56760	94.46650	0.208	329.6
2020-02-05T18:04	87.56810	94.46001	0.205	331.1
2020-02-05T18:14	87.56857	94.45386	0.194	331.1
2020-02-05T18:24	87.56903	94.44798	0.188	331.4
2020-02-05T18:34	87.56950	94.44207	0.191	331.7
2020-02-05T18:44	87.56997	94.43626	0.192	332.4
2020-02-05T18:54	87.57043	94.43053	0.189	332.4
2020-02-05T19:04	87.57089	94.42493	0.187	332.8
2020-02-05T19:14	87.57135	94.41949	0.183	333.0
2020-02-05T19:24	87.57179	94.41399	0.182	332.6
2020-02-05T19:34	87.57223	94.40902	0.173	333.9
2020-02-05T19:44	87.57264	94.40400	0.168	333.0
2020-02-05T19:54	87.57305	94.39943	0.162	334.5
2020-02-05T20:04	87.57344	94.39496	0.157	334.3
2020-02-05T20:14	87.57382	94.39064	0.150	334.0
2020-02-05T20:24	87.57419	94.38646	0.148	334.5
2020-02-05T20:34	87.57455	94.38245	0.145	335.1
2020-02-05T20:44	87.57490	94.37859	0.140	335.2
2020-02-05T20:54	87.57525	94.37462	0.138	334.1
2020-02-05T21:04	87.57561	94.37085	0.144	336.4
2020-02-05T21:14	87.57596	94.36726	0.135	336.2
2020-02-05T21:24	87.57629	94.36355	0.132	334.7
2020-02-05T21:34	87.57662	94.35967	0.132	333.5
2020-02-05T21:44	87.57694	94.35613	0.128	335.0
2020-02-05T21:54	87.57727	94.35241	0.130	334.3
2020-02-05T22:04	87.57761	94.34874	0.134	335.4
2020-02-05T22:14	87.57791	94.34469	0.126	330.8
2020-02-05T22:24	87.57821	94.34026	0.127	327.9
2020-02-05T22:34	87.57851	94.33578	0.126	327.3
2020-02-05T22:44	87.57881	94.33140	0.129	329.0
2020-02-05T22:54	87.57912	94.32682	0.131	327.9
2020-02-05T23:04	87.57945	94.32276	0.134	332.5
2020-02-05T23:14	87.57977	94.31885	0.128	332.5
2020-02-05T23:24	87.58008	94.31471	0.129	330.9
2020-02-05T23:34	87.58039	94.31029	0.131	329.2
2020-02-05T23:44	87.58074	94.30559	0.142	329.8
2020-02-05T23:54	87.58105	94.30048	0.136	325.3
2020-02-06T00:04	87.58139	94.29526	0.148	327.5
2020-02-06T00:14	87.58173	94.29019	0.144	327.6
2020-02-06T00:24	87.58206	94.28480	0.145	325.5
2020-02-06T00:34	87.58242	94.27964	0.152	329.0
2020-02-06T00:44	87.58278	94.27461	0.150	329.5
2020-02-06T00:54	87.58315	94.26930	0.156	328.8
2020-02-06T01:04	87.58351	94.26292	0.162	323.2
2020-02-06T01:14	87.58389	94.25623	0.169	323.1
2020-02-06T01:24	87.58429	94.24999	0.173	326.7
2020-02-06T01:34	87.58467	94.24369	0.169	325.5
2020-02-06T01:44	87.58504	94.23767	0.162	325.6
2020-02-06T01:54	87.58541	94.23174	0.161	326.0
2020-02-06T02:04	87.58581	94.22509	0.174	324.6
2020-02-06T02:14	87.58622	94.21846	0.180	325.9
2020-02-06T02:24	87.58665	94.21181	0.185	327.0
2020-02-06T02:34	87.58709	94.20511	0.189	327.5
2020-02-06T02:44	87.58752	94.19885	0.179	328.0
2020-02-06T02:54	87.58791	94.19349	0.162	329.9
2020-02-06T03:04	87.58830	94.18832	0.163	331.3
2020-02-06T03:14	87.58868	94.18250	0.163	327.1
2020-02-06T03:24	87.58913	94.17586	0.191	328.3
2020-02-06T03:34	87.58961	94.16908	0.199	328.9
2020-02-06T03:44	87.59007	94.16210	0.196	327.3
2020-02-06T03:54	87.59051	94.15567	0.186	328.4
2020-02-06T04:04	87.59090	94.15027	0.163	329.9
2020-02-06T04:14	87.59134	94.14378	0.188	328.5
2020-02-06T04:24	87.59179	94.13743	0.188	329.2
2020-02-06T04:34	87.59227	94.13095	0.197	330.2
2020-02-06T04:44	87.59280	94.12357	0.223	330.0
2020-02-06T04:54	87.59323	94.11711	0.182	327.5
2020-02-06T05:04	87.59368	94.11054	0.190	328.4
2020-02-06T05:14	87.59413	94.10334	0.196	326.3
2020-02-06T05:24	87.59457	94.09643	0.189	326.5
2020-02-06T05:34	87.59498	94.08991	0.179	326.5
2020-02-06T05:44	87.59534	94.08412	0.156	325.9
2020-02-06T05:54	87.59569	94.07969	0.143	332.2
2020-02-06T06:04	87.59610	94.07594	0.158	338.9
2020-02-06T06:14	87.59649	94.07269	0.149	340.7
2020-02-06T06:24	87.59692	94.06956	0.162	343.0
2020-02-06T06:34	87.59732	94.06631	0.152	341.2
2020-02-06T06:44	87.59768	94.06420	0.133	346.1
2020-02-06T06:54	87.59809	94.06203	0.153	347.6
2020-02-06T07:04	87.59848	94.05943	0.143	344.1
2020-02-06T07:14	87.59893	94.05679	0.168	346.3
2020-02-06T07:24	87.59937	94.05427	0.162	346.4
2020-02-06T07:34	87.59976	94.05138	0.148	342.9
2020-02-06T07:44	87.60019	94.04824	0.162	343.1
2020-02-06T07:54	87.60069	94.04566	0.183	347.7
2020-02-06T08:04	87.60117	94.04290	0.179	346.6
2020-02-06T08:14	87.60167	94.04046	0.185	348.5
2020-02-06T08:24	87.60214	94.03741	0.175	344.8
2020-02-06T08:34	87.60265	94.03353	0.193	342.4
2020-02-06T08:44	87.60312	94.02973	0.176	341.0
2020-02-06T08:54	87.60362	94.02619	0.188	343.6
2020-02-06T09:04	87.60411	94.02318	0.184	345.8
2020-02-06T09:14	87.60463	94.01995	0.192	345.3
2020-02-06T09:24	87.60515	94.01637	0.194	343.9
2020-02-06T09:34	87.60561	94.01307	0.174	343.5
2020-02-06T09:44	87.60606	94.01017	0.168	345.0
2020-02-06T09:54	87.60648	94.00756	0.154	345.2
2020-02-06T10:04	87.60689	94.00461	0.156	343.5
2020-02-06T10:14	87.60730	94.00102	0.155	339.6
2020-02-06T10:24	87.60769	93.99730	0.151	338.3
2020-02-06T10:34	87.60803	93.99404	0.133	338.4
2020-02-06T10:44	87.60836	93.99061	0.130	336.7
2020-02-06T10:54	87.60870	93.98712	0.134	336.8
2020-02-06T11:04	87.60904	93.98357	0.133	336.3
2020-02-06T11:14	87.60937	93.97995	0.131	335.4
2020-02-06T11:24	87.60969	93.97600	0.129	332.7
2020-02-06T11:34	87.61001	93.97192	0.131	332.1
2020-02-06T11:44	87.61032	93.96770	0.129	330.5
2020-02-06T11:54	87.61065	93.96353	0.133	331.9
2020-02-06T12:04	87.61098	93.95947	0.133	332.8
2020-02-06T12:14	87.61133	93.95582	0.136	336.3
2020-02-06T12:24	87.61169	93.95207	0.144	337.1
2020-02-06T12:34	87.61208	93.94831	0.149	337.9
2020-02-06T12:44	87.61246	93.94494	0.147	339.8
2020-02-06T12:54	87.61284	93.94147	0.144	338.8
2020-02-06T13:04	87.61318	93.93834	0.133	339.4
2020-02-06T13:14	87.61356	93.93501	0.144	339.7
2020-02-06T13:24	87.61394	93.93141	0.149	338.8
2020-02-06T13:34	87.61433	93.92809	0.147	340.3
2020-02-06T13:44	87.61467	93.92486	0.133	338.7
2020-02-06T13:54	87.61498	93.92175	0.121	337.3
2020-02-06T14:04	87.61532	93.91844	0.130	337.6
2020-02-06T14:14	87.61564	93.91572	0.123	340.7
2020-02-06T14:24	87.61595	93.91314	0.118	340.9
2020-02-06T14:34	87.61628	93.91023	0.125	339.6
2020-02-06T14:44	87.61663	93.90714	0.136	340.1
2020-02-06T14:54	87.61696	93.90390	0.127	337.6
2020-02-06T15:04	87.61725	93.90063	0.116	335.1
2020-02-06T15:14	87.61756	93.89743	0.123	337.0
2020-02-06T15:24	87.61788	93.89400	0.125	335.8
2020-02-06T15:34	87.61818	93.89036	0.119	332.9
2020-02-06T15:44	87.61845	93.88669	0.114	331.2
2020-02-06T15:54	87.61874	93.88308	0.117	332.6
2020-02-06T16:04	87.61901	93.87939	0.109	329.6
2020-02-06T16:14	87.61925	93.87611	0.101	330.9
2020-02-06T16:24	87.61951	93.87280	0.104	331.6
2020-02-06T16:34	87.61977	93.86940	0.107	331.6
2020-02-06T16:44	87.62006	93.86556	0.119	331.2
2020-02-06T16:54	87.62036	93.86146	0.127	331.0
2020-02-06T17:04	87.62068	93.85740	0.129	332.0
2020-02-06T17:14	87.62099	93.85371	0.124	333.7
2020-02-06T17:24	87.62130	93.85049	0.121	336.4
2020-02-06T17:34	87.62161	93.84714	0.124	336.1
2020-02-06T17:44	87.62193	93.84420	0.122	338.9
2020-02-06T17:54	87.62222	93.84140	0.111	337.9
2020-02-06T18:04	87.62250	93.83887	0.108	339.5
2020-02-06T18:14	87.62277	93.83655	0.103	340.4
2020-02-06T18:24	87.62305	93.83428	0.107	341.5
2020-02-06T18:34	87.62334	93.83189	0.110	341.1
2020-02-06T18:44	87.62361	93.82970	0.103	341.5
2020-02-06T18:54	87.62387	93.82748	0.099	340.5
2020-02-06T19:04	87.62413	93.82534	0.099	341.1
2020-02-06T19:14	87.62439	93.82327	0.100	342.0
2020-02-06T19:24	87.62466	93.82119	0.103	342.3
2020-02-06T19:34	87.62487	93.81980	0.078	344.5
2020-02-06T19:44	87.62508	93.81815	0.079	341.8
2020-02-06T19:54	87.62528	93.81657	0.077	342.3
2020-02-06T20:04	87.62547	93.81488	0.073	339.8
2020-02-06T20:14	87.62567	93.81306	0.075	338.8
2020-02-06T20:24	87.62585	93.81101	0.071	334.5
2020-02-06T20:34	87.62599	93.80899	0.061	330.6
2020-02-06T20:44	87.62614	93.80702	0.059	330.3
2020-02-06T20:54	87.62627	93.80506	0.057	329.3
2020-02-06T21:04	87.62641	93.80318	0.057	330.3
2020-02-06T21:14	87.62654	93.80150	0.054	332.3
2020-02-06T21:24	87.62668	93.79983	0.054	332.4
2020-02-06T21:34	87.62680	93.79819	0.052	331.7
2020-02-06T21:44	87.62693	93.79662	0.051	332.5
2020-02-06T21:54	87.62706	93.79493	0.053	331.8
2020-02-06T22:04	87.62718	93.79314	0.053	329.8
2020-02-06T22:14	87.62732	93.79142	0.054	331.6
2020-02-06T22:24	87.62745	93.78961	0.054	330.2
2020-02-06T22:34	87.62758	93.78796	0.055	333.2
2020-02-06T22:44	87.62772	93.78630	0.055	333.5
2020-02-06T22:54	87.62786	93.78447	0.059	332.1
2020-02-06T23:04	87.62800	93.78294	0.056	335.9
2020-02-06T23:14	87.62815	93.78135	0.056	334.9
2020-02-06T23:24	87.62828	93.77982	0.054	335.1
2020-02-06T23:34	87.62842	93.77838	0.055	337.1
2020-02-06T23:44	87.62857	93.77685	0.059	337.1
2020-02-06T23:54	87.62873	93.77523	0.063	337.3
2020-02-07T00:04	87.62889	93.77372	0.062	338.9
2020-02-07T00:14	87.62905	93.77232	0.061	340.2
2020-02-07T00:24	87.62921	93.77128	0.059	344.9
2020-02-07T00:34	87.62941	93.76995	0.073	344.3
2020-02-07T00:44	87.62965	93.76862	0.087	346.8
2020-02-07T00:54	87.62991	93.76739	0.095	349.0
2020-02-07T01:04	87.63015	93.76622	0.088	348.6
2020-02-07T01:14	87.63039	93.76527	0.088	350.7
2020-02-07T01:24	87.63061	93.76407	0.081	347.4
2020-02-07T01:34	87.63081	93.76262	0.075	343.4
2020-02-07T01:44	87.63100	93.76157	0.070	347.0
2020-02-07T01:54	87.63118	93.76070	0.069	349.2
2020-02-07T02:04	87.63139	93.75948	0.075	346.0
2020-02-07T02:14	87.63158	93.75808	0.074	343.6
2020-02-07T02:24	87.63178	93.75651	0.075	341.9
2020-02-07T02:34	87.63198	93.75471	0.078	339.9
2020-02-07T02:44	87.63219	93.75302	0.077	341.0
2020-02-07T02:54	87.63238	93.75186	0.072	346.0
2020-02-07T03:04	87.63257	93.75065	0.073	345.6
2020-02-07T03:14	87.63278	93.74945	0.075	346.3
2020-02-07T03:24	87.63296	93.74876	0.068	351.4
2020-02-07T03:34	87.63317	93.74803	0.073	351.4
2020-02-07T03:44	87.63335	93.74735	0.067	351.4
2020-02-07T03:54	87.63354	93.74684	0.069	353.6
2020-02-07T04:04	87.63373	93.74626	0.068	352.8
2020-02-07T04:14	87.63391	93.74609	0.066	357.7
2020-02-07T04:24	87.63410	93.74597	0.068	358.6
2020-02-07T04:34	87.63429	93.74574	0.068	357.0
2020-02-07T04:44	87.63447	93.74582	0.067	1.0
2020-02-07T04:54	87.63465	93.74612	0.066	3.9
2020-02-07T05:04	87.63484	93.74625	0.066	1.7
2020-02-07T05:14	87.63503	93.74644	0.068	2.4
2020-02-07T05:24	87.63521	93.74670	0.067	3.3
2020-02-07T05:34	87.63540	93.74705	0.067	4.5
2020-02-07T05:44	87.63558	93.74748	0.066	5.6
2020-02-07T05:54	87.63576	93.74798	0.066	6.5
2020-02-07T06:04	87.63594	93.74855	0.066	7.3
2020-02-07T06:14	87.63613	93.74915	0.066	7.8
2020-02-07T06:24	87.63631	93.74973	0.067	7.3
2020-02-07T06:34	87.63649	93.75041	0.064	9.1
2020-02-07T06:44	87.63666	93.75127	0.064	11.6
2020-02-07T06:54	87.63683	93.75205	0.064	10.4
2020-02-07T07:04	87.63701	93.75288	0.064	11.1
2020-02-07T07:14	87.63718	93.75380	0.063	12.6
2020-02-07T07:24	87.63735	93.75474	0.063	12.7
2020-02-07T07:34	87.63752	93.75573	0.063	13.5
2020-02-07T07:44	87.63769	93.75670	0.064	13.1
2020-02-07T07:54	87.63786	93.75765	0.062	13.1
2020-02-07T08:04	87.63804	93.75851	0.065	11.3
2020-02-07T08:14	87.63820	93.75949	0.062	13.6
2020-02-07T08:24	87.63837	93.76056	0.062	15.0
2020-02-07T08:34	87.63853	93.76161	0.061	14.7
2020-02-07T08:44	87.63870	93.76271	0.063	15.0
2020-02-07T08:54	87.63888	93.76368	0.065	12.8
2020-02-07T09:04	87.63907	93.76466	0.072	11.6
2020-02-07T09:14	87.63926	93.76566	0.070	12.4
2020-02-07T09:24	87.63942	93.76689	0.061	17.4
2020-02-07T09:34	87.63958	93.76818	0.059	18.9
2020-02-07T09:44	87.63974	93.76945	0.060	18.3
2020-02-07T09:54	87.63989	93.77063	0.058	17.6
2020-02-07T10:04	87.64004	93.77190	0.057	19.1
2020-02-07T10:14	87.64019	93.77319	0.057	19.5
2020-02-07T10:24	87.64034	93.77430	0.057	16.7
2020-02-07T10:34	87.64049	93.77525	0.054	15.2
2020-02-07T10:44	87.64063	93.77632	0.054	17.1
2020-02-07T10:54	87.64077	93.77746	0.054	18.4
2020-02-07T11:04	87.64091	93.77851	0.052	17.2
2020-02-07T11:14	87.64105	93.77957	0.054	17.0
2020-02-07T11:24	87.64119	93.78045	0.051	14.9
2020-02-07T11:34	87.64133	93.78125	0.050	13.7
2020-02-07T11:44	87.64147	93.78175	0.052	8.1
2020-02-07T11:54	87.64160	93.78238	0.049	10.9
2020-02-07T12:04	87.64174	93.78303	0.050	11.0
2020-02-07T12:14	87.64188	93.78361	0.051	9.8
2020-02-07T12:24	87.64202	93.78395	0.049	5.9
2020-02-07T12:34	87.64216	93.78475	0.052	13.2
2020-02-07T12:44	87.64230	93.78623	0.055	23.4
2020-02-07T12:54	87.64245	93.78742	0.058	17.6
2020-02-07T13:04	87.64260	93.78838	0.057	14.3
2020-02-07T13:14	87.64276	93.78934	0.058	14.2
2020-02-07T13:24	87.64292	93.79003	0.059	10.1
2020-02-07T13:34	87.64308	93.79103	0.058	14.8
2020-02-07T13:44	87.64323	93.79248	0.060	20.9
2020-02-07T13:54	87.64340	93.79391	0.064	19.4
2020-02-07T14:04	87.64356	93.79504	0.061	16.1
2020-02-07T14:14	87.64374	93.79656	0.066	19.8
2020-02-07T14:24	87.64390	93.79845	0.064	25.9
2020-02-07T14:34	87.64406	93.80059	0.069	27.6
2020-02-07T14:44	87.64424	93.80230	0.067	22.0
2020-02-07T14:54	87.64442	93.80382	0.069	19.1
2020-02-07T15:04	87.64460	93.80536	0.069	19.2
2020-02-07T15:14	87.64480	93.80691	0.075	17.7
2020-02-07T15:24	87.64498	93.80863	0.070	21.2
2020-02-07T15:34	87.64517	93.81040	0.071	21.5
2020-02-07T15:44	87.64537	93.81231	0.079	21.1
2020-02-07T15:54	87.64556	93.81365	0.070	16.5
2020-02-07T16:04	87.64576	93.81518	0.076	17.3
2020-02-07T16:14	87.64596	93.81663	0.075	16.5
2020-02-07T16:24	87.64616	93.81812	0.074	17.4
2020-02-07T16:34	87.64635	93.81976	0.076	18.7
2020-02-07T16:44	87.64655	93.82144	0.076	18.9
2020-02-07T16:54	87.64676	93.82307	0.076	18.4
2020-02-07T17:04	87.64696	93.82486	0.078	19.7
2020-02-07T17:14	87.64716	93.82650	0.076	18.4
2020-02-07T17:24	87.64735	93.82881	0.077	26.4
2020-02-07T17:34	87.64754	93.83104	0.075	26.3
2020-02-07T17:44	87.64774	93.83332	0.079	25.3
2020-02-07T17:54	87.64795	93.83522	0.080	20.5
2020-02-07T18:04	87.64815	93.83735	0.080	23.3
2020-02-07T18:14	87.64835	93.83953	0.079	24.0
2020-02-07T18:24	87.64854	93.84180	0.078	25.6
2020-02-07T18:34	87.64874	93.84423	0.080	26.5
2020-02-07T18:44	87.64894	93.84673	0.079	27.6
2020-02-07T18:54	87.64913	93.84913	0.079	26.9
2020-02-07T19:04	87.64932	93.85148	0.076	27.1
2020-02-07T19:14	87.64951	93.85375	0.076	26.2
2020-02-07T19:24	87.64970	93.85633	0.076	29.9
2020-02-07T19:34	87.64988	93.85890	0.077	29.6
2020-02-07T19:44	87.65006	93.86104	0.072	25.9
2020-02-07T19:54	87.65024	93.86314	0.072	25.4
2020-02-07T20:04	87.65042	93.86512	0.071	24.4
2020-02-07T20:14	87.65061	93.86710	0.073	23.6
2020-02-07T20:24	87.65080	93.86893	0.075	21.0
2020-02-07T20:34	87.65099	93.87069	0.073	20.9
2020-02-07T20:44	87.65118	93.87247	0.073	21.2
2020-02-07T20:54	87.65138	93.87397	0.075	17.1
2020-02-07T21:04	87.65159	93.87531	0.079	14.6
2020-02-07T21:14	87.65179	93.87665	0.075	15.4
2020-02-07T21:24	87.65200	93.87758	0.075	10.5
2020-02-07T21:34	87.65220	93.87861	0.076	11.6
2020-02-07T21:44	87.65242	93.87964	0.079	11.1
2020-02-07T21:54	87.65263	93.88028	0.078	7.0
2020-02-07T22:04	87.65285	93.88091	0.080	6.6
2020-02-07T22:14	87.65308	93.88142	0.082	5.3
2020-02-07T22:24	87.65330	93.88178	0.081	3.7
2020-02-07T22:34	87.65353	93.88206	0.083	2.9
2020-02-07T22:44	87.65378	93.88214	0.088	0.8
2020-02-07T22:54	87.65402	93.88204	0.086	359.0
2020-02-07T23:04	87.65427	93.88183	0.091	358.1
2020-02-07T23:14	87.65451	93.88165	0.088	358.2
2020-02-07T23:24	87.65477	93.88140	0.092	357.7
2020-02-07T23:34	87.65503	93.88120	0.093	358.2
2020-02-07T23:44	87.65528	93.88100	0.091	358.2
2020-02-07T23:54	87.65553	93.88117	0.089	1.5
2020-02-08T00:04	87.65578	93.88122	0.091	0.5
2020-02-08T00:14	87.65604	93.88138	0.092	1.5
2020-02-08T00:24	87.65628	93.88171	0.088	3.1
2020-02-08T00:34	87.65653	93.88199	0.091	2.6
2020-02-08T00:44	87.65678	93.88195	0.089	359.6
2020-02-08T00:54	87.65706	93.88180	0.102	358.8
2020-02-08T01:04	87.65734	93.88168	0.099	359.0
2020-02-08T01:14	87.65761	93.88183	0.097	1.3
2020-02-08T01:24	87.65788	93.88189	0.099	0.5
2020-02-08T01:34	87.65816	93.88201	0.099	1.1
2020-02-08T01:44	87.65843	93.88219	0.099	1.5
2020-02-08T01:54	87.65871	93.88233	0.100	1.2
2020-02-08T02:04	87.65899	93.88249	0.101	1.3
2020-02-08T02:14	87.65927	93.88257	0.104	0.6
2020-02-08T02:24	87.65956	93.88282	0.102	2.0
2020-02-08T02:34	87.65983	93.88321	0.099	3.3
2020-02-08T02:44	87.66012	93.88338	0.105	1.4
2020-02-08T02:54	87.66042	93.88338	0.105	0.0
2020-02-08T03:04	87.66071	93.88388	0.106	4.0
2020-02-08T03:14	87.66101	93.88395	0.107	0.6
2020-02-08T03:24	87.66129	93.88422	0.103	2.2
2020-02-08T03:34	87.66159	93.88450	0.106	2.2
2020-02-08T03:44	87.66189	93.88448	0.110	359.9
2020-02-08T03:54	87.66221	93.88426	0.114	358.4
2020-02-08T04:04	87.66252	93.88403	0.111	358.3
2020-02-08T04:14	87.66283	93.88380	0.112	358.3
2020-02-08T04:24	87.66314	93.88351	0.111	357.8
2020-02-08T04:34	87.66346	93.88327	0.117	358.3
2020-02-08T04:44	87.66378	93.88298	0.115	357.8
2020-02-08T04:54	87.66410	93.88235	0.116	355.5
2020-02-08T05:04	87.66443	93.88187	0.118	356.6
2020-02-08T05:14	87.66476	93.88104	0.119	354.2
2020-02-08T05:24	87.66509	93.88015	0.119	353.7
2020-02-08T05:34	87.66540	93.87948	0.113	355.1
2020-02-08T05:44	87.66572	93.87838	0.118	352.2
2020-02-08T05:54	87.66605	93.87720	0.118	351.5
2020-02-08T06:04	87.66637	93.87577	0.119	349.9
2020-02-08T06:14	87.66671	93.87422	0.122	349.3
2020-02-08T06:24	87.66706	93.87243	0.129	348.2
2020-02-08T06:34	87.66738	93.87080	0.119	348.4
2020-02-08T06:44	87.66772	93.86887	0.126	347.0
2020-02-08T06:54	87.66807	93.86677	0.128	346.0
2020-02-08T07:04	87.66840	93.86471	0.124	345.9
2020-02-08T07:14	87.66874	93.86252	0.128	345.5
2020-02-08T07:24	87.66908	93.86026	0.126	344.7
2020-02-08T07:34	87.66942	93.85833	0.126	347.0
2020-02-08T07:44	87.66973	93.85638	0.116	345.8
2020-02-08T07:54	87.67003	93.85477	0.111	347.8
2020-02-08T08:04	87.67032	93.85334	0.104	348.4
2020-02-08T08:14	87.67057	93.85189	0.095	347.1
2020-02-08T08:24	87.67083	93.85029	0.095	345.8
2020-02-08T08:34	87.67108	93.84839	0.094	342.7
2020-02-08T08:44	87.67132	93.84628	0.094	340.8
2020-02-08T08:54	87.67158	93.84403	0.098	340.4
2020-02-08T09:04	87.67184	93.84150	0.101	338.5
2020-02-08T09:14	87.67211	93.83903	0.103	339.4
2020-02-08T09:24	87.67239	93.83644	0.108	339.5
2020-02-08T09:34	87.67264	93.83418	0.098	340.2
2020-02-08T09:44	87.67292	93.83151	0.105	338.3
2020-02-08T09:54	87.67320	93.82856	0.110	336.9
2020-02-08T10:04	87.67347	93.82633	0.103	341.6
2020-02-08T10:14	87.67374	93.82346	0.108	337.1
2020-02-08T10:24	87.67406	93.81972	0.125	334.1
2020-02-08T10:34	87.67434	93.81637	0.114	334.6
2020-02-08T10:44	87.67464	93.81331	0.116	337.3
2020-02-08T10:54	87.67494	93.81013	0.119	337.0
2020-02-08T11:04	87.67526	93.80677	0.123	336.4
2020-02-08T11:14	87.67554	93.80384	0.110	337.1
2020-02-08T11:24	87.67580	93.80102	0.105	336.9
2020-02-08T11:34	87.67608	93.79811	0.107	336.7
2020-02-08T11:44	87.67636	93.79522	0.111	337.8
2020-02-08T11:54	87.67663	93.79241	0.105	337.0
2020-02-08T12:04	87.67692	93.78933	0.114	336.7
2020-02-08T12:14	87.67729	93.78526	0.146	336.0
2020-02-08T12:24	87.67771	93.78086	0.163	336.8
2020-02-08T12:34	87.67814	93.77618	0.168	336.1
2020-02-08T12:44	87.67856	93.77149	0.168	336.0
2020-02-08T12:54	87.67898	93.76664	0.166	334.8
2020-02-08T13:04	87.67941	93.76118	0.174	332.8
2020-02-08T13:14	87.67982	93.75660	0.162	335.6
2020-02-08T13:24	87.68022	93.75238	0.156	336.8
2020-02-08T13:34	87.68057	93.74899	0.135	338.6
2020-02-08T13:44	87.68087	93.74627	0.117	340.3
2020-02-08T13:54	87.68118	93.74361	0.116	340.5
2020-02-08T14:04	87.68148	93.74096	0.116	340.6
2020-02-08T14:14	87.68181	93.73835	0.123	342.0
2020-02-08T14:24	87.68216	93.73542	0.135	341.6
2020-02-08T14:34	87.68257	93.73224	0.151	342.2
2020-02-08T14:44	87.68293	93.72859	0.142	338.1
2020-02-08T14:54	87.68334	93.72485	0.156	339.6
2020-02-08T15:04	87.68375	93.72109	0.158	339.7
2020-02-08T15:14	87.68412	93.71779	0.143	340.3
2020-02-08T15:24	87.68449	93.71417	0.143	338.4
2020-02-08T15:34	87.68493	93.70989	0.169	338.4
2020-02-08T15:44	87.68537	93.70522	0.173	336.9
2020-02-08T15:54	87.68583	93.70035	0.180	336.8
2020-02-08T16:04	87.68630	93.69547	0.184	337.4
2020-02-08T16:14	87.68681	93.69056	0.195	338.6
2020-02-08T16:24	87.68729	93.68482	0.192	334.3
2020-02-08T16:34	87.68777	93.67940	0.191	335.6
2020-02-08T16:44	87.68825	93.67387	0.193	335.3
2020-02-08T16:54	87.68872	93.66831	0.187	334.4
2020-02-08T17:04	87.68920	93.66267	0.192	334.7
2020-02-08T17:14	87.68969	93.65694	0.194	334.7
2020-02-08T17:24	87.69016	93.65189	0.185	336.7
2020-02-08T17:34	87.69064	93.64716	0.186	338.3
2020-02-08T17:44	87.69113	93.64192	0.190	336.5
2020-02-08T17:54	87.69158	93.63680	0.180	335.6
2020-02-08T18:04	87.69200	93.63211	0.166	335.8
2020-02-08T18:14	87.69241	93.62735	0.160	334.4
2020-02-08T18:24	87.69280	93.62294	0.155	335.6
2020-02-08T18:34	87.69317	93.61864	0.148	335.2
2020-02-08T18:44	87.69358	93.61356	0.164	333.4
2020-02-08T18:54	87.69395	93.60838	0.154	330.8
2020-02-08T19:04	87.69432	93.60390	0.149	334.1
2020-02-08T19:14	87.69474	93.59862	0.169	333.1
2020-02-08T19:24	87.69516	93.59341	0.169	333.4
2020-02-08T19:34	87.69556	93.58875	0.159	334.8
2020-02-08T19:44	87.69602	93.58325	0.185	334.5
2020-02-08T19:54	87.69648	93.57821	0.181	336.1
2020-02-08T20:04	87.69691	93.57372	0.165	336.9
2020-02-08T20:14	87.69728	93.56972	0.146	336.7
2020-02-08T20:24	87.69762	93.56524	0.139	332.1
2020-02-08T20:34	87.69797	93.56038	0.146	331.2
2020-02-08T20:44	87.69838	93.55485	0.166	331.1
2020-02-08T20:54	87.69877	93.54919	0.164	330.1
2020-02-08T21:04	87.69920	93.54412	0.170	334.5
2020-02-08T21:14	87.69963	93.53883	0.173	333.8
2020-02-08T21:24	87.70005	93.53351	0.171	333.2
2020-02-08T21:34	87.70047	93.52799	0.171	332.2
2020-02-08T21:44	87.70084	93.52278	0.153	330.6
2020-02-08T21:54	87.70118	93.51772	0.141	328.7
2020-02-08T22:04	87.70152	93.51224	0.147	327.6
2020-02-08T22:14	87.70190	93.50679	0.157	329.8
2020-02-08T22:24	87.70232	93.50104	0.172	331.2
2020-02-08T22:34	87.70272	93.49402	0.178	325.2
2020-02-08T22:44	87.70308	93.48794	0.157	326.0
2020-02-08T22:54	87.70345	93.48214	0.155	327.4
2020-02-08T23:04	87.70386	93.47562	0.175	327.6
2020-02-08T23:14	87.70427	93.46939	0.175	329.1
2020-02-08T23:24	87.70468	93.46315	0.171	328.2
2020-02-08T23:34	87.70507	93.45636	0.172	325.3
2020-02-08T23:44	87.70545	93.45003	0.165	326.3
2020-02-08T23:54	87.70582	93.44366	0.161	325.3
2020-02-09T00:04	87.70616	93.43752	0.152	324.3
2020-02-09T00:14	87.70649	93.43155	0.146	324.0
2020-02-09T00:24	87.70684	93.42446	0.163	321.1
2020-02-09T00:34	87.70721	93.41682	0.171	320.0
2020-02-09T00:44	87.70753	93.41061	0.146	322.2
2020-02-09T00:54	87.70780	93.40520	0.125	321.6
2020-02-09T01:04	87.70803	93.39982	0.112	316.5
2020-02-09T01:14	87.70826	93.39483	0.110	319.5
2020-02-09T01:24	87.70850	93.38987	0.113	320.9
2020-02-09T01:34	87.70874	93.38470	0.114	319.1
2020-02-09T01:44	87.70898	93.37938	0.115	318.1
2020-02-09T01:54	87.70925	93.37393	0.126	321.6
2020-02-09T02:04	87.70958	93.36779	0.146	322.9
2020-02-09T02:14	87.70990	93.36129	0.150	321.4
2020-02-09T02:24	87.71023	93.35475	0.151	321.5
2020-02-09T02:34	87.71059	93.34782	0.162	322.0
2020-02-09T02:44	87.71099	93.34053	0.179	324.1
2020-02-09T02:54	87.71141	93.33345	0.182	325.9
2020-02-09T03:04	87.71183	93.32667	0.180	327.3
2020-02-09T03:14	87.71225	93.31995	0.179	327.4
2020-02-09T03:24	87.71266	93.31318	0.177	326.5
2020-02-09T03:34	87.71301	93.30696	0.155	324.9
2020-02-09T03:44	87.71330	93.30127	0.132	321.8
2020-02-09T03:54	87.71358	93.29546	0.132	320.9
2020-02-09T04:04	87.71389	93.28929	0.143	321.6
2020-02-09T04:14	87.71434	93.28114	0.199	323.9
2020-02-09T04:24	87.71476	93.27330	0.189	323.5
2020-02-09T04:34	87.71517	93.26604	0.181	324.7
2020-02-09T04:44	87.71555	93.25889	0.172	323.4
2020-02-09T04:54	87.71599	93.25101	0.194	324.3
2020-02-09T05:04	87.71644	93.24270	0.201	323.7
2020-02-09T05:14	87.71689	93.23418	0.202	322.7
2020-02-09T05:24	87.71732	93.22564	0.199	322.0
2020-02-09T05:34	87.71776	93.21692	0.201	321.6
2020-02-09T05:44	87.71819	93.20861	0.196	322.5
2020-02-09T05:54	87.71861	93.20057	0.189	322.5
2020-02-09T06:04	87.71905	93.19233	0.198	323.3
2020-02-09T06:14	87.71949	93.18442	0.195	324.5
2020-02-09T06:24	87.71990	93.17724	0.180	325.2
2020-02-09T06:34	87.72030	93.17018	0.177	325.2
2020-02-09T06:44	87.72071	93.16289	0.180	324.6
2020-02-09T06:54	87.72115	93.15504	0.194	324.6
2020-02-09T07:04	87.72161	93.14682	0.202	324.3
2020-02-09T07:14	87.72201	93.13920	0.182	323.2
2020-02-09T07:24	87.72242	93.13170	0.181	323.5
2020-02-09T07:34	87.72284	93.12442	0.184	325.6
2020-02-09T07:44	87.72329	93.11594	0.202	323.1
2020-02-09T07:54	87.72373	93.10714	0.202	321.5
2020-02-09T08:04	87.72413	93.09936	0.185	323.0
2020-02-09T08:14	87.72452	93.09205	0.174	323.1
2020-02-09T08:24	87.72489	93.08502	0.165	322.5
2020-02-09T08:34	87.72519	93.07940	0.135	323.4
2020-02-09T08:44	87.72555	93.07279	0.163	324.5
2020-02-09T08:54	87.72601	93.06457	0.203	324.6
2020-02-09T09:04	87.72647	93.05692	0.198	326.6
2020-02-09T09:14	87.72689	93.04884	0.188	322.2
2020-02-09T09:24	87.72728	93.04080	0.181	320.7
2020-02-09T09:34	87.72765	93.03195	0.186	317.1
2020-02-09T09:44	87.72794	93.02424	0.150	312.7
2020-02-09T09:54	87.72823	93.01676	0.149	314.4
2020-02-09T10:04	87.72857	93.00974	0.159	321.0
2020-02-09T10:14	87.72889	93.00291	0.150	319.5
2020-02-09T10:24	87.72920	92.99612	0.149	319.4
2020-02-09T10:34	87.72959	92.98829	0.181	321.8
2020-02-09T10:44	87.73005	92.97998	0.202	324.0
2020-02-09T10:54	87.73050	92.97166	0.200	323.6
2020-02-09T11:04	87.73091	92.96329	0.190	321.0
2020-02-09T11:14	87.73129	92.95501	0.182	319.6
2020-02-09T11:24	87.73166	92.94677	0.179	318.9
2020-02-09T11:34	87.73203	92.93915	0.171	320.5
2020-02-09T11:44	87.73240	92.93174	0.170	321.6
2020-02-09T11:54	87.73275	92.92488	0.159	322.0
2020-02-09T12:04	87.73309	92.91783	0.158	320.4
2020-02-09T12:14	87.73344	92.91047	0.164	320.3
2020-02-09T12:24	87.73379	92.90328	0.165	321.6
2020-02-09T12:34	87.73415	92.89657	0.161	323.6
2020-02-09T12:44	87.73449	92.89017	0.152	323.3
2020-02-09T12:54	87.73485	92.88409	0.156	326.3
2020-02-09T13:04	87.73524	92.87693	0.173	324.0
2020-02-09T13:14	87.73562	92.86959	0.172	322.6
2020-02-09T13:24	87.73603	92.86183	0.184	323.1
2020-02-09T13:34	87.73643	92.85420	0.179	322.8
2020-02-09T13:44	87.73681	92.84682	0.173	322.6
2020-02-09T13:54	87.73721	92.83913	0.180	322.6
2020-02-09T14:04	87.73760	92.83157	0.177	322.6
2020-02-09T14:14	87.73797	92.82445	0.169	323.1
2020-02-09T14:24	87.73835	92.81713	0.173	323.0
2020-02-09T14:34	87.73873	92.80980	0.172	322.7
2020-02-09T14:44	87.73912	92.80217	0.176	321.9
2020-02-09T14:54	87.73949	92.79478	0.170	322.0
2020-02-09T15:04	87.73986	92.78713	0.172	320.7
2020-02-09T15:14	87.74024	92.77944	0.174	321.2
2020-02-09T15:24	87.74061	92.77137	0.176	319.3
2020-02-09T15:34	87.74098	92.76344	0.174	319.7
2020-02-09T15:44	87.74134	92.75558	0.172	319.7
2020-02-09T15:54	87.74171	92.74755	0.176	319.5
2020-02-09T16:04	87.74209	92.73989	0.174	321.3
2020-02-09T16:14	87.74248	92.73163	0.183	320.3
2020-02-09T16:24	87.74287	92.72372	0.178	321.0
2020-02-09T16:34	87.74324	92.71552	0.179	319.5
2020-02-09T16:44	87.74364	92.70732	0.184	320.7
2020-02-09T16:54	87.74401	92.69884	0.181	318.4
2020-02-09T17:04	87.74439	92.69031	0.182	318.4
2020-02-09T17:14	87.74477	92.68183	0.182	318.7
2020-02-09T17:24	87.74517	92.67315	0.189	319.5
2020-02-09T17:34	87.74558	92.66443	0.191	319.8
2020-02-09T17:44	87.74598	92.65549	0.193	318.9
2020-02-09T17:54	87.74638	92.64631	0.196	318.4
2020-02-09T18:04	87.74679	92.63700	0.196	317.7
2020-02-09T18:14	87.74721	92.62794	0.199	319.8
2020-02-09T18:24	87.74763	92.61865	0.201	319.2
2020-02-09T18:34	87.74806	92.60931	0.202	319.1
2020-02-09T18:44	87.74849	92.59984	0.206	319.4
2020-02-09T18:54	87.74893	92.59021	0.208	319.2
2020-02-09T19:04	87.74936	92.58078	0.206	319.6
2020-02-09T19:14	87.74981	92.57109	0.211	319.6
2020-02-09T19:24	87.75026	92.56199	0.207	321.6
2020-02-09T19:34	87.75071	92.55190	0.216	318.8
2020-02-09T19:44	87.75118	92.54212	0.217	320.4
2020-02-09T19:54	87.75164	92.53237	0.216	320.5
2020-02-09T20:04	87.75212	92.52261	0.222	321.7
2020-02-09T20:14	87.75261	92.51295	0.222	322.0
2020-02-09T20:24	87.75307	92.50399	0.210	322.9
2020-02-09T20:34	87.75352	92.49499	0.204	321.5
2020-02-09T20:44	87.75395	92.48614	0.199	321.2
2020-02-09T20:54	87.75439	92.47722	0.202	321.4
2020-02-09T21:04	87.75492	92.46773	0.234	325.2
2020-02-09T21:14	87.75548	92.45813	0.243	326.1
2020-02-09T21:24	87.75604	92.44852	0.243	326.1
2020-02-09T21:34	87.75664	92.43940	0.253	329.4
2020-02-09T21:44	87.75725	92.43034	0.252	329.5
2020-02-09T21:54	87.75784	92.42135	0.247	329.2
2020-02-09T22:04	87.75842	92.41196	0.247	327.6
2020-02-09T22:14	87.75895	92.40219	0.237	324.6
2020-02-09T22:24	87.75948	92.39249	0.233	324.2
2020-02-09T22:34	87.76003	92.38296	0.239	325.8
2020-02-09T22:44	87.76048	92.37401	0.206	322.2
2020-02-09T22:54	87.76090	92.36406	0.206	317.2
2020-02-09T23:04	87.76124	92.35610	0.166	317.7
2020-02-09T23:14	87.76165	92.34692	0.196	318.8
2020-02-09T23:24	87.76216	92.33738	0.227	323.8
2020-02-09T23:34	87.76249	92.32970	0.162	318.2
2020-02-09T23:44	87.76283	92.32199	0.162	318.0
2020-02-09T23:54	87.76317	92.31412	0.167	318.4
2020-02-10T00:04	87.76357	92.30603	0.182	321.4
2020-02-10T00:14	87.76405	92.29745	0.210	325.1
2020-02-10T00:24	87.76453	92.28906	0.208	325.5
2020-02-10T00:34	87.76499	92.28097	0.202	325.8
2020-02-10T00:44	87.76535	92.27421	0.160	323.5
2020-02-10T00:54	87.76567	92.26793	0.147	323.2
2020-02-10T01:04	87.76601	92.26160	0.151	324.0
2020-02-10T01:14	87.76634	92.25548	0.144	323.4
2020-02-10T01:24	87.76669	92.24933	0.155	326.2
2020-02-10T01:34	87.76711	92.24146	0.185	323.5
2020-02-10T01:44	87.76752	92.23405	0.181	324.9
2020-02-10T01:54	87.76792	92.22667	0.177	324.1
2020-02-10T02:04	87.76831	92.21943	0.175	324.7
2020-02-10T02:14	87.76870	92.21221	0.172	324.0
2020-02-10T02:24	87.76909	92.20476	0.174	323.1
2020-02-10T02:34	87.76946	92.19728	0.171	322.2
2020-02-10T02:44	87.76983	92.18981	0.168	321.4
2020-02-10T02:54	87.77017	92.18273	0.158	321.3
2020-02-10T03:04	87.77050	92.17610	0.150	321.9
2020-02-10T03:14	87.77086	92.16894	0.165	322.6
2020-02-10T03:24	87.77122	92.16177	0.163	322.1
2020-02-10T03:34	87.77158	92.15450	0.165	321.8
2020-02-10T03:44	87.77195	92.14706	0.169	321.9
2020-02-10T03:54	87.77231	92.13983	0.163	321.8
2020-02-10T04:04	87.77266	92.13254	0.164	321.5
2020-02-10T04:14	87.77299	92.12566	0.152	320.8
2020-02-10T04:24	87.77331	92.11871	0.149	319.2
2020-02-10T04:34	87.77363	92.11165	0.153	319.7
2020-02-10T04:44	87.77396	92.10496	0.152	321.9
2020-02-10T04:54	87.77431	92.09754	0.162	320.4
2020-02-10T05:04	87.77467	92.09020	0.167	322.0
2020-02-10T05:14	87.77503	92.08287	0.165	321.5
2020-02-10T05:24	87.77538	92.07556	0.163	321.3
2020-02-10T05:34	87.77574	92.06797	0.166	320.2
2020-02-10T05:44	87.77609	92.05999	0.169	318.6
2020-02-10T05:54	87.77644	92.05212	0.167	318.7
2020-02-10T06:04	87.77679	92.04384	0.172	317.6
2020-02-10T06:14	87.77712	92.03581	0.165	317.2
2020-02-10T06:24	87.77746	92.02755	0.166	316.0
2020-02-10T06:34	87.77780	92.01905	0.172	316.4
2020-02-10T06:44	87.77815	92.01043	0.174	316.4
2020-02-10T06:54	87.77851	92.00163	0.178	316.3
2020-02-10T07:04	87.77886	91.99281	0.177	316.0
2020-02-10T07:14	87.77921	91.98367	0.179	314.5
2020-02-10T07:24	87.77956	91.97477	0.178	315.7
2020-02-10T07:34	87.77992	91.96553	0.181	314.6
2020-02-10T07:44	87.78027	91.95623	0.180	314.1
2020-02-10T07:54	87.78062	91.94667	0.185	313.9
2020-02-10T08:04	87.78097	91.93713	0.183	313.2
2020-02-10T08:14	87.78132	91.92740	0.186	313.1
2020-02-10T08:24	87.78168	91.91774	0.187	313.8
2020-02-10T08:34	87.78205	91.90793	0.192	314.5
2020-02-10T08:44	87.78243	91.89819	0.191	314.8
2020-02-10T08:54	87.78280	91.88810	0.195	313.8
2020-02-10T09:04	87.78318	91.87803	0.195	314.1
2020-02-10T09:14	87.78357	91.86777	0.200	314.5
2020-02-10T09:24	87.78395	91.85752	0.198	313.9
2020-02-10T09:34	87.78432	91.84749	0.193	313.5
2020-02-10T09:44	87.78468	91.83746	0.192	313.3
2020-02-10T09:54	87.78504	91.82754	0.188	312.9
2020-02-10T10:04	87.78540	91.81753	0.191	313.2
2020-02-10T10:14	87.78577	91.80760	0.190	313.4
2020-02-10T10:24	87.78613	91.79751	0.191	312.8
2020-02-10T10:34	87.78648	91.78759	0.189	313.0
2020-02-10T10:44	87.78685	91.77779	0.189	313.8
2020-02-10T10:54	87.78721	91.76814	0.186	313.8
2020-02-10T11:04	87.78755	91.75855	0.183	313.4
2020-02-10T11:14	87.78791	91.74878	0.187	313.4
2020-02-10T11:24	87.78825	91.73969	0.175	313.9
2020-02-10T11:34	87.78860	91.73010	0.182	313.1
2020-02-10T11:44	87.78895	91.72079	0.181	314.3
2020-02-10T11:54	87.78927	91.71112	0.179	311.4
2020-02-10T12:04	87.78959	91.70186	0.172	311.7
2020-02-10T12:14	87.78992	91.69224	0.179	311.7
2020-02-10T12:24	87.79024	91.68270	0.174	310.6
2020-02-10T12:34	87.79055	91.67333	0.173	311.1
2020-02-10T12:44	87.79087	91.66389	0.173	310.6
2020-02-10T12:54	87.79117	91.65437	0.171	309.2
2020-02-10T13:04	87.79146	91.64490	0.168	308.6
2020-02-10T13:14	87.79174	91.63560	0.164	308.2
2020-02-10T13:24	87.79202	91.62605	0.167	307.5
2020-02-10T13:34	87.79231	91.61672	0.166	308.6
2020-02-10T13:44	87.79258	91.60746	0.162	307.7
2020-02-10T13:54	87.79286	91.59808	0.163	307.0
2020-02-10T14:04	87.79314	91.58874	0.164	308.0
2020-02-10T14:14	87.79339	91.57989	0.153	306.5
2020-02-10T14:24	87.79365	91.57101	0.154	307.2
2020-02-10T14:34	87.79390	91.56196	0.155	305.8
2020-02-10T14:44	87.79414	91.55293	0.152	304.8
2020-02-10T14:54	87.79437	91.54367	0.154	303.4
2020-02-10T15:04	87.79461	91.53429	0.156	303.6
2020-02-10T15:14	87.79484	91.52529	0.150	303.5
2020-02-10T15:24	87.79507	91.51615	0.150	302.3
2020-02-10T15:34	87.79528	91.50718	0.147	302.1
2020-02-10T15:44	87.79550	91.49784	0.151	301.2
2020-02-10T15:54	87.79571	91.48852	0.149	300.0
2020-02-10T16:04	87.79593	91.47926	0.150	301.5
2020-02-10T16:14	87.79614	91.46993	0.151	301.2
2020-02-10T16:24	87.79635	91.46049	0.151	299.8
2020-02-10T16:34	87.79657	91.45107	0.152	301.0
2020-02-10T16:44	87.79677	91.44164	0.150	299.3
2020-02-10T16:54	87.79698	91.43196	0.154	299.7
2020-02-10T17:04	87.79720	91.42213	0.156	299.5
2020-02-10T17:14	87.79740	91.41216	0.157	298.4
2020-02-10T17:24	87.79761	91.40213	0.158	298.3
2020-02-10T17:34	87.79781	91.39190	0.159	297.4
2020-02-10T17:44	87.79802	91.38137	0.164	297.4
2020-02-10T17:54	87.79824	91.37062	0.168	297.5
2020-02-10T18:04	87.79845	91.35980	0.168	297.2
2020-02-10T18:14	87.79867	91.34864	0.173	297.0
2020-02-10T18:24	87.79890	91.33727	0.178	297.9
2020-02-10T18:34	87.79913	91.32582	0.178	297.3
2020-02-10T18:44	87.79936	91.31408	0.183	297.6
2020-02-10T18:54	87.79961	91.30212	0.188	298.5
2020-02-10T19:04	87.79986	91.28983	0.192	297.6
2020-02-10T19:14	87.80012	91.27768	0.192	299.0
2020-02-10T19:24	87.80038	91.26504	0.198	297.9
2020-02-10T19:34	87.80064	91.25214	0.202	298.4
2020-02-10T19:44	87.80092	91.23902	0.206	298.5
2020-02-10T19:54	87.80119	91.22583	0.207	298.5
2020-02-10T20:04	87.80148	91.21221	0.215	299.0
2020-02-10T20:14	87.80178	91.19845	0.218	299.5
2020-02-10T20:24	87.80207	91.18464	0.218	299.1
2020-02-10T20:34	87.80238	91.17087	0.221	300.5
2020-02-10T20:44	87.80270	91.15682	0.226	300.7
2020-02-10T20:54	87.80302	91.14286	0.224	300.6
2020-02-10T21:04	87.80333	91.12886	0.224	300.2
2020-02-10T21:14	87.80365	91.11470	0.227	300.7
2020-02-10T21:24	87.80398	91.10033	0.230	300.6
2020-02-10T21:34	87.80431	91.08583	0.232	300.5
2020-02-10T21:44	87.80463	91.07138	0.231	300.5
2020-02-10T21:54	87.80498	91.05689	0.235	301.8
2020-02-10T22:04	87.80533	91.04218	0.239	302.0
2020-02-10T22:14	87.80569	91.02736	0.242	302.2
2020-02-10T22:24	87.80605	91.01278	0.239	302.9
2020-02-10T22:34	87.80641	90.99801	0.241	302.5
2020-02-10T22:44	87.80677	90.98332	0.242	303.1
2020-02-10T22:54	87.80713	90.96879	0.238	302.9
2020-02-10T23:04	87.80750	90.95435	0.238	303.3
2020-02-10T23:14	87.80785	90.94001	0.234	302.6
2020-02-10T23:24	87.80820	90.92572	0.235	302.9
2020-02-10T23:34	87.80856	90.91135	0.236	303.2
2020-02-10T23:44	87.80890	90.89727	0.230	302.6
2020-02-10T23:54	87.80925	90.88310	0.231	302.2
2020-02-11T00:04	87.80959	90.86881	0.232	302.1
2020-02-11T00:14	87.80993	90.85468	0.231	302.6
2020-02-11T00:24	87.81027	90.84075	0.226	302.1
2020-02-11T00:34	87.81058	90.82670	0.224	300.4
2020-02-11T00:44	87.81089	90.81290	0.220	300.4
2020-02-11T00:54	87.81120	90.79937	0.217	300.9
2020-02-11T01:04	87.81149	90.78582	0.214	299.4
2020-02-11T01:14	87.81177	90.77246	0.209	298.2
2020-02-11T01:24	87.81205	90.75929	0.207	299.2
2020-02-11T01:34	87.81231	90.74634	0.202	298.1
2020-02-11T01:44	87.81255	90.73360	0.195	296.2
2020-02-11T01:54	87.81278	90.72108	0.191	295.6
2020-02-11T02:04	87.81304	90.70800	0.202	297.3
2020-02-11T02:14	87.81329	90.69526	0.197	297.3
2020-02-11T02:24	87.81354	90.68246	0.198	297.4
2020-02-11T02:34	87.81380	90.66969	0.198	297.6
2020-02-11T02:44	87.81404	90.65704	0.194	296.6
2020-02-11T02:54	87.81428	90.64461	0.192	297.5
2020-02-11T03:04	87.81452	90.63233	0.189	296.9
2020-02-11T03:14	87.81473	90.62034	0.181	294.4
2020-02-11T03:24	87.81491	90.60864	0.174	292.4
2020-02-11T03:34	87.81511	90.59660	0.179	292.9
2020-02-11T03:44	87.81528	90.58448	0.177	290.3
2020-02-11T03:54	87.81544	90.57237	0.176	289.5
2020-02-11T04:04	87.81560	90.55988	0.180	288.1
2020-02-11T04:14	87.81577	90.54702	0.187	289.1
2020-02-11T04:24	87.81594	90.53441	0.183	289.5
2020-02-11T04:34	87.81611	90.52157	0.186	288.9
2020-02-11T04:44	87.81626	90.50917	0.179	288.0
2020-02-11T04:54	87.81643	90.49651	0.184	289.2
2020-02-11T05:04	87.81659	90.48354	0.187	287.9
2020-02-11T05:14	87.81674	90.47040	0.189	287.1
2020-02-11T05:24	87.81688	90.45717	0.188	285.3
2020-02-11T05:34	87.81702	90.44367	0.192	285.4
2020-02-11T05:44	87.81716	90.43016	0.191	284.7
2020-02-11T05:54	87.81730	90.41678	0.191	285.9
2020-02-11T06:04	87.81745	90.40321	0.194	286.4
2020-02-11T06:14	87.81760	90.38950	0.195	285.8
2020-02-11T06:24	87.81775	90.37538	0.201	285.4
2020-02-11T06:34	87.81790	90.36110	0.203	285.5
2020-02-11T06:44	87.81805	90.34688	0.202	285.4
2020-02-11T06:54	87.81820	90.33208	0.210	284.9
2020-02-11T07:04	87.81835	90.31707	0.213	284.6
2020-02-11T07:14	87.81850	90.30211	0.213	285.4
2020-02-11T07:24	87.81866	90.28707	0.214	285.5
2020-02-11T07:34	87.81882	90.27133	0.223	284.5
2020-02-11T07:44	87.81898	90.25497	0.232	284.6
2020-02-11T07:54	87.81914	90.23846	0.233	284.3
2020-02-11T08:04	87.81930	90.22230	0.229	285.0
2020-02-11T08:14	87.81947	90.20546	0.238	284.6
2020-02-11T08:24	87.81964	90.18799	0.247	284.1
2020-02-11T08:34	87.81980	90.16995	0.254	283.1
2020-02-11T08:44	87.81997	90.15186	0.255	283.8
2020-02-11T08:54	87.82015	90.13355	0.259	284.5
2020-02-11T09:04	87.82034	90.11506	0.262	285.0
2020-02-11T09:14	87.82053	90.09627	0.266	285.1
2020-02-11T09:24	87.82072	90.07744	0.267	285.3
2020-02-11T09:34	87.82093	90.05891	0.264	286.0
2020-02-11T09:44	87.82113	90.04053	0.263	286.7
2020-02-11T09:54	87.82135	90.02220	0.263	287.3
2020-02-11T10:04	87.82157	90.00352	0.268	287.2
2020-02-11T10:14	87.82179	89.98473	0.269	287.0
2020-02-11T10:24	87.82202	89.96611	0.268	288.1
2020-02-11T10:34	87.82223	89.94809	0.258	287.1
2020-02-11T10:44	87.82244	89.92975	0.262	286.8
2020-02-11T10:54	87.82266	89.91187	0.257	287.8
2020-02-11T11:04	87.82289	89.89424	0.255	288.7
2020-02-11T11:14	87.82312	89.87639	0.258	289.2
2020-02-11T11:24	87.82337	89.85826	0.264	290.0
2020-02-11T11:34	87.82364	89.84002	0.268	291.4
2020-02-11T11:44	87.82392	89.82156	0.271	291.2
2020-02-11T11:54	87.82419	89.80331	0.268	291.4
2020-02-11T12:04	87.82444	89.78499	0.267	290.3
2020-02-11T12:14	87.82471	89.76666	0.268	290.8
2020-02-11T12:24	87.82497	89.74869	0.264	291.3
2020-02-11T12:34	87.82525	89.73079	0.263	291.8
2020-02-11T12:44	87.82552	89.71320	0.259	292.1
2020-02-11T12:54	87.82578	89.69622	0.250	292.2
2020-02-11T13:04	87.82604	89.67921	0.250	291.7
2020-02-11T13:14	87.82630	89.66233	0.250	292.5
2020-02-11T13:24	87.82656	89.64593	0.242	292.4
2020-02-11T13:34	87.82680	89.62966	0.239	291.9
2020-02-11T13:44	87.82704	89.61339	0.238	291.3
2020-02-11T13:54	87.82728	89.59733	0.235	291.2
2020-02-11T14:04	87.82750	89.58161	0.229	290.6
2020-02-11T14:14	87.82773	89.56606	0.227	291.0
2020-02-11T14:24	87.82794	89.55084	0.221	290.2
2020-02-11T14:34	87.82815	89.53569	0.220	289.8
2020-02-11T14:44	87.82836	89.52088	0.216	290.8
2020-02-11T14:54	87.82856	89.50624	0.212	289.7
2020-02-11T15:04	87.82876	89.49161	0.212	289.4
2020-02-11T15:14	87.82895	89.47725	0.207	289.2
2020-02-11T15:24	87.82913	89.46285	0.207	288.5
2020-02-11T15:34	87.82931	89.44892	0.201	289.5
2020-02-11T15:44	87.82950	89.43486	0.203	289.0
2020-02-11T15:54	87.82967	89.42102	0.199	288.3
2020-02-11T16:04	87.82984	89.40733	0.196	287.8
2020-02-11T16:14	87.83000	89.39395	0.191	287.4
2020-02-11T16:24	87.83017	89.38051	0.193	288.7
2020-02-11T16:34	87.83033	89.36716	0.192	288.3
2020-02-11T16:44	87.83051	89.35375	0.193	288.7
2020-02-11T16:54	87.83067	89.34057	0.189	287.6
2020-02-11T17:04	87.83082	89.32737	0.189	287.5
2020-02-11T17:14	87.83098	89.31421	0.188	287.5
2020-02-11T17:24	87.83114	89.30101	0.188	287.3
2020-02-11T17:34	87.83129	89.28744	0.193	286.7
2020-02-11T17:44	87.83145	89.27382	0.194	287.2
2020-02-11T17:54	87.83161	89.25998	0.198	287.5
2020-02-11T18:04	87.83179	89.24611	0.199	288.0
2020-02-11T18:14	87.83198	89.23192	0.205	289.5
2020-02-11T18:24	87.83217	89.21769	0.206	289.5
2020-02-11T18:34	87.83236	89.20309	0.211	289.3
2020-02-11T18:44	87.83256	89.18845	0.213	290.3
2020-02-11T18:54	87.83277	89.17350	0.217	290.2
2020-02-11T19:04	87.83300	89.15839	0.221	291.5
2020-02-11T19:14	87.83323	89.14299	0.225	291.6
2020-02-11T19:24	87.83347	89.12725	0.231	291.8
2020-02-11T19:34	87.83373	89.11135	0.236	293.5
2020-02-11T19:44	87.83400	89.09499	0.243	293.7
2020-02-11T19:54	87.83428	89.07847	0.246	294.0
2020-02-11T20:04	87.83457	89.06161	0.252	294.5
2020-02-11T20:14	87.83488	89.04461	0.257	296.0
2020-02-11T20:24	87.83519	89.02745	0.259	295.9
2020-02-11T20:34	87.83554	89.01020	0.265	297.7
2020-02-11T20:44	87.83589	88.99276	0.269	298.2
2020-02-11T20:54	87.83626	88.97524	0.273	299.1
2020-02-11T21:04	87.83663	88.95738	0.277	298.9
2020-02-11T21:14	87.83701	88.93943	0.280	299.5
2020-02-11T21:24	87.83740	88.92128	0.284	299.6
2020-02-11T21:34	87.83780	88.90297	0.287	300.0
2020-02-11T21:44	87.83822	88.88440	0.294	300.8
2020-02-11T21:54	87.83864	88.86589	0.294	301.2
2020-02-11T22:04	87.83906	88.84721	0.296	300.9
2020-02-11T22:14	87.83950	88.82825	0.302	301.6
2020-02-11T22:24	87.83994	88.80925	0.302	301.4
2020-02-11T22:34	87.84038	88.79002	0.305	301.2
2020-02-11T22:44	87.84083	88.77125	0.303	302.8
2020-02-11T22:54	87.84129	88.75213	0.308	302.6
2020-02-11T23:04	87.84177	88.73266	0.316	303.3
2020-02-11T23:14	87.84226	88.71358	0.313	304.3
2020-02-11T23:24	87.84276	88.69451	0.313	304.4
2020-02-11T23:34	87.84326	88.67550	0.315	305.1
2020-02-11T23:44	87.84376	88.65646	0.315	305.1
2020-02-11T23:54	87.84426	88.63765	0.312	305.4
2020-02-12T00:04	87.84476	88.61880	0.312	305.0
2020-02-12T00:14	87.84527	88.59991	0.314	305.6
2020-02-12T00:24	87.84577	88.58132	0.311	305.9
2020-02-12T00:34	87.84628	88.56281	0.311	306.3
2020-02-12T00:44	87.84680	88.54445	0.310	306.7
2020-02-12T00:54	87.84732	88.52608	0.312	307.3
2020-02-12T01:04	87.84784	88.50795	0.308	307.4
2020-02-12T01:14	87.84836	88.48998	0.306	307.5
2020-02-12T01:24	87.84886	88.47253	0.296	307.2
2020-02-12T01:34	87.84935	88.45511	0.294	306.8
2020-02-12T01:44	87.84983	88.43796	0.290	306.9
2020-02-12T01:54	87.85030	88.42123	0.283	307.1
2020-02-12T02:04	87.85077	88.40481	0.279	307.3
2020-02-12T02:14	87.85122	88.38862	0.271	306.4
2020-02-12T02:24	87.85166	88.37267	0.268	306.5
2020-02-12T02:34	87.85209	88.35698	0.262	306.1
2020-02-12T02:44	87.85251	88.34164	0.256	306.1
2020-02-12T02:54	87.85292	88.32670	0.249	306.0
2020-02-12T03:04	87.85332	88.31207	0.245	306.3
2020-02-12T03:14	87.85369	88.29794	0.233	305.3
2020-02-12T03:24	87.85406	88.28392	0.230	304.7
2020-02-12T03:34	87.85441	88.27019	0.225	304.8
2020-02-12T03:44	87.85478	88.25667	0.225	305.9
2020-02-12T03:54	87.85514	88.24313	0.224	305.4
2020-02-12T04:04	87.85548	88.23000	0.215	304.6
2020-02-12T04:14	87.85582	88.21671	0.217	304.3
2020-02-12T04:24	87.85616	88.20375	0.213	305.0
2020-02-12T04:34	87.85650	88.19088	0.213	305.4
2020-02-12T04:44	87.85684	88.17779	0.216	305.2
2020-02-12T04:54	87.85719	88.16455	0.218	305.2
2020-02-12T05:04	87.85754	88.15138	0.217	305.3
2020-02-12T05:14	87.85790	88.13799	0.221	305.3
2020-02-12T05:24	87.85825	88.12442	0.223	305.0
2020-02-12T05:34	87.85864	88.11016	0.237	305.9
2020-02-12T05:44	87.85902	88.09589	0.236	305.6
2020-02-12T05:54	87.85938	88.08090	0.240	303.1
2020-02-12T06:04	87.85976	88.06582	0.245	304.2
2020-02-12T06:14	87.86018	88.05033	0.257	305.9
2020-02-12T06:24	87.86070	88.03399	0.289	310.4
2020-02-12T06:34	87.86126	88.01789	0.295	312.9
2020-02-12T06:44	87.86181	88.00224	0.289	313.2
2020-02-12T06:54	87.86233	87.98619	0.285	310.9
2020-02-12T07:04	87.86284	87.96948	0.289	309.2
2020-02-12T07:14	87.86331	87.95312	0.279	308.0
2020-02-12T07:24	87.86376	87.93740	0.267	307.7
2020-02-12T07:34	87.86422	87.92103	0.273	306.5
2020-02-12T07:44	87.86470	87.90447	0.283	308.3
2020-02-12T07:54	87.86519	87.88782	0.284	308.1
2020-02-12T08:04	87.86567	87.87094	0.285	307.4
2020-02-12T08:14	87.86619	87.85361	0.298	308.7
2020-02-12T08:24	87.86674	87.83637	0.304	310.6
2020-02-12T08:34	87.86727	87.81885	0.304	309.4
2020-02-12T08:44	87.86782	87.80106	0.309	309.4
2020-02-12T08:54	87.86838	87.78292	0.316	309.6
2020-02-12T09:04	87.86898	87.76477	0.326	311.7
2020-02-12T09:14	87.86958	87.74635	0.328	311.2
2020-02-12T09:24	87.87019	87.72775	0.332	311.3
2020-02-12T09:34	87.87081	87.70911	0.336	312.0
2020-02-12T09:44	87.87144	87.69018	0.340	311.9
2020-02-12T09:54	87.87209	87.67109	0.347	312.6
2020-02-12T10:04	87.87274	87.65219	0.343	312.5
2020-02-12T10:14	87.87340	87.63299	0.350	312.9
2020-02-12T10:24	87.87407	87.61405	0.350	313.6
2020-02-12T10:34	87.87476	87.59504	0.356	314.5
2020-02-12T10:44	87.87547	87.57594	0.361	315.1
2020-02-12T10:54	87.87618	87.55685	0.361	315.1
2020-02-12T11:04	87.87689	87.53766	0.363	315.2
2020-02-12T11:14	87.87762	87.51890	0.361	316.2
2020-02-12T11:24	87.87834	87.49981	0.365	315.8
2020-02-12T11:34	87.87908	87.48124	0.362	316.8
2020-02-12T11:44	87.87982	87.46242	0.367	316.9
2020-02-12T11:54	87.88057	87.44389	0.365	317.5
2020-02-12T12:04	87.88132	87.42537	0.367	317.8
2020-02-12T12:14	87.88207	87.40712	0.363	318.0
2020-02-12T12:24	87.88283	87.38916	0.363	318.8
2020-02-12T12:34	87.88357	87.37119	0.360	318.4
2020-02-12T12:44	87.88433	87.35359	0.359	319.3
2020-02-12T12:54	87.88507	87.33610	0.353	318.8
2020-02-12T13:04	87.88581	87.31892	0.350	319.3
2020-02-12T13:14	87.88654	87.30191	0.346	319.3
2020-02-12T13:24	87.88728	87.28500	0.351	320.2
2020-02-12T13:34	87.88802	87.26820	0.346	319.9
2020-02-12T13:44	87.88875	87.25149	0.344	319.9
2020-02-12T13:54	87.88946	87.23504	0.337	319.7
2020-02-12T14:04	87.89017	87.21896	0.332	320.0
2020-02-12T14:14	87.89087	87.20312	0.327	320.1
2020-02-12T14:24	87.89155	87.18725	0.324	319.5
2020-02-12T14:34	87.89224	87.17152	0.323	319.9
2020-02-12T14:44	87.89292	87.15570	0.322	319.5
2020-02-12T14:54	87.89360	87.13997	0.321	319.6
2020-02-12T15:04	87.89428	87.12474	0.319	320.8
2020-02-12T15:14	87.89495	87.10967	0.312	320.3
2020-02-12T15:24	87.89561	87.09481	0.308	320.4
2020-02-12T15:34	87.89625	87.07991	0.305	319.8
2020-02-12T15:44	87.89689	87.06489	0.303	319.0
2020-02-12T15:54	87.89754	87.05022	0.305	320.5
2020-02-12T16:04	87.89818	87.03541	0.302	319.7
2020-02-12T16:14	87.89884	87.02063	0.306	320.3
2020-02-12T16:24	87.89950	87.00586	0.309	320.9
2020-02-12T16:34	87.90016	86.99097	0.308	320.4
2020-02-12T16:44	87.90080	86.97588	0.305	319.2
2020-02-12T16:54	87.90145	86.96056	0.308	319.0
2020-02-12T17:04	87.90208	86.94482	0.309	317.8
2020-02-12T17:14	87.90270	86.92894	0.304	316.5
2020-02-12T17:24	87.90332	86.91301	0.307	316.9
2020-02-12T17:34	87.90394	86.89667	0.310	316.0
2020-02-12T17:44	87.90449	86.88099	0.286	313.8
2020-02-12T17:54	87.90511	86.86374	0.318	314.5
2020-02-12T18:04	87.90566	86.84698	0.296	311.9
2020-02-12T18:14	87.90620	86.82968	0.300	310.7
2020-02-12T18:24	87.90674	86.81178	0.305	309.4
2020-02-12T18:34	87.90729	86.79305	0.316	309.0
2020-02-12T18:44	87.90787	86.77421	0.323	310.0
2020-02-12T18:54	87.90844	86.75447	0.332	308.7
2020-02-12T19:04	87.90904	86.73467	0.336	309.3
2020-02-12T19:14	87.90963	86.71433	0.343	308.9
2020-02-12T19:24	87.91022	86.69383	0.343	308.3
2020-02-12T19:34	87.91080	86.67268	0.347	307.0
2020-02-12T19:44	87.91139	86.65093	0.354	306.3
2020-02-12T19:54	87.91203	86.62873	0.371	308.4
2020-02-12T20:04	87.91266	86.60583	0.376	307.1
2020-02-12T20:14	87.91324	86.58310	0.365	305.2
2020-02-12T20:24	87.91377	86.55942	0.363	301.3
2020-02-12T20:34	87.91431	86.53514	0.374	301.8
2020-02-12T20:44	87.91487	86.51043	0.381	301.8
2020-02-12T20:54	87.91543	86.48568	0.381	301.8
2020-02-12T21:04	87.91602	86.46075	0.390	303.2
2020-02-12T21:14	87.91661	86.43580	0.390	303.1
2020-02-12T21:24	87.91719	86.41080	0.387	302.2
2020-02-12T21:34	87.91775	86.38550	0.389	301.7
2020-02-12T21:44	87.91833	86.35995	0.393	301.7
2020-02-12T21:54	87.91896	86.33496	0.398	304.8
2020-02-12T22:04	87.91957	86.30982	0.395	303.8
2020-02-12T22:14	87.92019	86.28470	0.397	304.3
2020-02-12T22:24	87.92080	86.25906	0.401	303.4
2020-02-12T22:34	87.92145	86.23342	0.408	304.8
2020-02-12T22:44	87.92209	86.20815	0.403	305.0
2020-02-12T22:54	87.92272	86.18304	0.399	304.8
2020-02-12T23:04	87.92340	86.15761	0.412	306.4
2020-02-12T23:14	87.92407	86.13239	0.408	306.2
2020-02-12T23:24	87.92471	86.10682	0.406	304.9
2020-02-12T23:34	87.92537	86.08077	0.414	304.8
2020-02-12T23:44	87.92602	86.05476	0.413	304.8
2020-02-12T23:54	87.92665	86.02886	0.406	303.9
2020-02-13T00:04	87.92730	86.00303	0.408	304.6
2020-02-13T00:14	87.92795	85.97749	0.408	305.4
2020-02-13T00:24	87.92860	85.95200	0.404	304.9
2020-02-13T00:34	87.92921	85.92692	0.394	304.2
2020-02-13T00:44	87.92983	85.90226	0.390	304.7
2020-02-13T00:54	87.93044	85.87726	0.392	304.0
2020-02-13T01:04	87.93102	85.85213	0.389	302.8
2020-02-13T01:14	87.93161	85.82737	0.384	303.2
2020-02-13T01:24	87.93219	85.80326	0.377	303.9
2020-02-13T01:34	87.93278	85.77951	0.375	304.6
2020-02-13T01:44	87.93336	85.75597	0.370	304.3
2020-02-13T01:54	87.93393	85.73259	0.366	304.0
2020-02-13T02:04	87.93448	85.70928	0.361	303.1
2020-02-13T02:14	87.93499	85.68600	0.355	301.7
2020-02-13T02:24	87.93552	85.66297	0.354	302.4
2020-02-13T02:34	87.93602	85.64037	0.344	301.7
2020-02-13T02:44	87.93655	85.61751	0.351	302.5
2020-02-13T02:54	87.93705	85.59472	0.347	301.6
2020-02-13T03:04	87.93758	85.57177	0.352	302.5
2020-02-13T03:14	87.93811	85.54893	0.352	302.9
2020-02-13T03:24	87.93874	85.52524	0.383	306.7
2020-02-13T03:34	87.93943	85.50106	0.399	308.4
2020-02-13T03:44	87.94010	85.47663	0.396	307.1
2020-02-13T03:54	87.94069	85.45241	0.380	304.5
2020-02-13T04:04	87.94128	85.42827	0.377	304.2
2020-02-13T04:14	87.94187	85.40424	0.375	304.1
2020-02-13T04:24	87.94244	85.38009	0.375	303.6
2020-02-13T04:34	87.94300	85.35617	0.368	302.8
2020-02-13T04:44	87.94358	85.33178	0.379	303.7
2020-02-13T04:54	87.94416	85.30762	0.375	303.8
2020-02-13T05:04	87.94473	85.28354	0.374	303.6
2020-02-13T05:14	87.94543	85.25863	0.407	307.8
2020-02-13T05:24	87.94611	85.23302	0.412	306.6
2020-02-13T05:34	87.94680	85.20696	0.419	306.6
2020-02-13T05:44	87.94749	85.18063	0.420	306.1
2020-02-13T05:54	87.94815	85.15446	0.414	305.4
2020-02-13T06:04	87.94872	85.12844	0.393	301.5
2020-02-13T06:14	87.94933	85.10161	0.409	302.4
2020-02-13T06:24	87.94994	85.07457	0.411	302.0
2020-02-13T06:34	87.95057	85.04731	0.418	302.9
2020-02-13T06:44	87.95127	85.01868	0.446	304.3
2020-02-13T06:54	87.95199	84.98938	0.459	304.8
2020-02-13T07:04	87.95271	84.95950	0.464	304.0
2020-02-13T07:14	87.95341	84.92972	0.457	303.1
2020-02-13T07:24	87.95407	84.89980	0.453	301.8
2020-02-13T07:34	87.95468	84.87041	0.437	300.3
2020-02-13T07:44	87.95534	84.83979	0.460	301.2
2020-02-13T07:54	87.95596	84.80896	0.454	299.4
2020-02-13T08:04	87.95653	84.77805	0.446	297.2
2020-02-13T08:14	87.95710	84.74687	0.450	297.2
2020-02-13T08:24	87.95767	84.71597	0.447	297.5
2020-02-13T08:34	87.95826	84.68450	0.455	297.6
2020-02-13T08:44	87.95887	84.65216	0.469	297.9
2020-02-13T08:54	87.95941	84.61977	0.460	295.4
2020-02-13T09:04	87.95991	84.58720	0.455	293.4
2020-02-13T09:14	87.96041	84.55353	0.467	292.6
2020-02-13T09:24	87.96098	84.51951	0.482	295.2
2020-02-13T09:34	87.96155	84.48511	0.487	295.1
2020-02-13T09:44	87.96210	84.45065	0.483	294.0
2020-02-13T09:54	87.96265	84.41559	0.490	293.7
2020-02-13T10:04	87.96319	84.38025	0.492	293.3
2020-02-13T10:14	87.96371	84.34506	0.488	292.8
2020-02-13T10:24	87.96417	84.31027	0.475	290.5
2020-02-13T10:34	87.96457	84.27555	0.466	287.8
2020-02-13T10:44	87.96502	84.24080	0.473	290.0
2020-02-13T10:54	87.96551	84.20561	0.483	291.5
2020-02-13T11:04	87.96600	84.17050	0.481	291.3
2020-02-13T11:14	87.96649	84.13531	0.483	291.4
2020-02-13T11:24	87.96696	84.10066	0.474	291.0
2020-02-13T11:34	87.96742	84.06609	0.472	290.7
2020-02-13T11:44	87.96791	84.03130	0.478	291.8
2020-02-13T11:54	87.96839	83.99624	0.479	290.9
2020-02-13T12:04	87.96878	83.96139	0.467	287.8
2020-02-13T12:14	87.96909	83.92694	0.453	284.2
2020-02-13T12:24	87.96944	83.89227	0.459	285.7
2020-02-13T12:34	87.96987	83.85726	0.474	289.4
2020-02-13T12:44	87.97037	83.82184	0.486	291.8
2020-02-13T12:54	87.97082	83.78709	0.471	289.7
2020-02-13T13:04	87.97120	83.75284	0.458	287.7
2020-02-13T13:14	87.97161	83.71816	0.466	288.4
2020-02-13T13:24	87.97201	83.68371	0.462	288.2
2020-02-13T13:34	87.97242	83.64934	0.462	288.4
2020-02-13T13:44	87.97273	83.61626	0.436	285.0
2020-02-13T13:54	87.97300	83.58357	0.427	283.0
2020-02-13T14:04	87.97323	83.55070	0.427	281.4
2020-02-13T14:14	87.97347	83.51782	0.427	281.4
2020-02-13T14:24	87.97370	83.48460	0.432	281.4
2020-02-13T14:34	87.97399	83.45133	0.436	283.6
2020-02-13T14:44	87.97432	83.41853	0.434	285.9
2020-02-13T14:54	87.97462	83.38618	0.426	285.0
2020-02-13T15:04	87.97487	83.35397	0.420	282.5
2020-02-13T15:14	87.97512	83.32234	0.412	282.3
2020-02-13T15:24	87.97542	83.29146	0.408	285.6
2020-02-13T15:34	87.97574	83.26048	0.411	286.4
2020-02-13T15:44	87.97602	83.22947	0.406	283.9
2020-02-13T15:54	87.97629	83.19859	0.405	284.4
2020-02-13T16:04	87.97663	83.16812	0.406	287.4
2020-02-13T16:14	87.97703	83.13649	0.427	289.7
2020-02-13T16:24	87.97751	83.10247	0.465	291.8
2020-02-13T16:34	87.97801	83.06775	0.477	292.3
2020-02-13T16:44	87.97848	83.03466	0.453	291.8
2020-02-13T16:54	87.97893	83.00191	0.446	291.3
2020-02-13T17:04	87.97939	82.96844	0.456	291.2
2020-02-13T17:14	87.97980	82.93576	0.441	290.0
2020-02-13T17:24	87.98023	82.90367	0.435	290.4
2020-02-13T17:34	87.98064	82.87062	0.446	289.8
2020-02-13T17:44	87.98106	82.83654	0.458	289.3
2020-02-13T17:54	87.98147	82.80306	0.449	289.0
2020-02-13T18:04	87.98190	82.76919	0.456	289.8
2020-02-13T18:14	87.98232	82.73525	0.457	289.6
2020-02-13T18:24	87.98273	82.70083	0.461	288.8
2020-02-13T18:34	87.98315	82.66604	0.466	288.9
2020-02-13T18:44	87.98357	82.63208	0.455	289.1
2020-02-13T18:54	87.98397	82.59847	0.450	288.9
2020-02-13T19:04	87.98439	82.56843	0.410	291.8
2020-02-13T19:14	87.98484	82.53733	0.425	292.2
2020-02-13T19:24	87.98528	82.50589	0.428	291.7
2020-02-13T19:34	87.98572	82.47352	0.440	291.3
2020-02-13T19:44	87.98617	82.44217	0.428	292.1
2020-02-13T19:54	87.98661	82.41076	0.428	291.9
2020-02-13T20:04	87.98705	82.37942	0.427	291.8
2020-02-13T20:14	87.98747	82.34810	0.424	291.0
2020-02-13T20:24	87.98789	82.31717	0.420	291.3
2020-02-13T20:34	87.98832	82.28655	0.416	291.5
2020-02-13T20:44	87.98876	82.25566	0.422	292.2
2020-02-13T20:54	87.98920	82.22451	0.424	291.8
2020-02-13T21:04	87.98962	82.19376	0.417	291.5
2020-02-13T21:14	87.99005	82.16330	0.414	291.8
2020-02-13T21:24	87.99049	82.13195	0.427	292.1
2020-02-13T21:34	87.99095	82.10089	0.425	292.8
2020-02-13T21:44	87.99139	82.07043	0.416	292.4
2020-02-13T21:54	87.99183	82.04077	0.406	292.8
2020-02-13T22:04	87.99230	82.01115	0.411	294.6
2020-02-13T22:14	87.99281	81.98136	0.418	296.1
2020-02-13T22:24	87.99332	81.95183	0.414	295.9
2020-02-13T22:34	87.99383	81.92285	0.410	297.0
2020-02-13T22:44	87.99435	81.89405	0.409	297.4
2020-02-13T22:54	87.99486	81.86512	0.408	296.7
2020-02-13T23:04	87.99538	81.83677	0.402	297.3
2020-02-13T23:14	87.99588	81.80805	0.404	296.6
2020-02-13T23:24	87.99643	81.78013	0.403	299.2
2020-02-13T23:34	87.99694	81.75257	0.394	298.3
2020-02-13T23:44	87.99746	81.72488	0.395	298.2
2020-02-13T23:54	87.99798	81.69743	0.392	298.3
2020-02-14T00:04	87.99848	81.66976	0.392	297.5
2020-02-14T00:14	87.99899	81.64249	0.388	297.9
2020-02-14T00:24	87.99950	81.61554	0.386	298.7
2020-02-14T00:34	88.00001	81.58911	0.379	298.8
2020-02-14T00:44	88.00050	81.56302	0.372	298.3
2020-02-14T00:54	88.00096	81.53708	0.366	297.1
2020-02-14T01:04	88.00143	81.51145	0.363	297.6
2020-02-14T01:14	88.00191	81.48630	0.360	298.6
2020-02-14T01:24	88.00236	81.46173	0.349	298.0
2020-02-14T01:34	88.00281	81.43677	0.353	297.5
2020-02-14T01:44	88.00326	81.41169	0.354	297.1
2020-02-14T01:54	88.00370	81.38688	0.349	296.9
2020-02-14T02:04	88.00416	81.36248	0.349	298.6
2020-02-14T02:14	88.00462	81.33846	0.343	298.7
2020-02-14T02:24	88.00508	81.31474	0.339	298.8
2020-02-14T02:34	88.00552	81.29152	0.333	299.0
2020-02-14T02:44	88.00598	81.26847	0.333	299.8
2020-02-14T02:54	88.00644	81.24558	0.330	299.6
2020-02-14T03:04	88.00688	81.22274	0.327	298.9
2020-02-14T03:14	88.00730	81.20042	0.319	298.8
2020-02-14T03:24	88.00773	81.17821	0.317	298.8
2020-02-14T03:34	88.00815	81.15699	0.306	299.8
2020-02-14T03:44	88.00857	81.13594	0.304	300.0
2020-02-14T03:54	88.00899	81.11460	0.307	299.5
2020-02-14T04:04	88.00939	81.09331	0.302	298.3
2020-02-14T04:14	88.00978	81.07246	0.296	298.3
2020-02-14T04:24	88.01015	81.05206	0.289	298.0
2020-02-14T04:34	88.01053	81.03186	0.287	298.5
2020-02-14T04:44	88.01091	81.01175	0.286	298.4
2020-02-14T04:54	88.01127	80.99203	0.279	298.0
2020-02-14T05:04	88.01164	80.97242	0.278	298.1
2020-02-14T05:14	88.01200	80.95299	0.276	298.6
2020-02-14T05:24	88.01238	80.93354	0.279	299.3
2020-02-14T05:34	88.01274	80.91451	0.270	298.3
2020-02-14T05:44	88.01310	80.89554	0.270	298.6
2020-02-14T05:54	88.01344	80.87673	0.266	298.2
2020-02-14T06:04	88.01378	80.85847	0.257	297.8
2020-02-14T06:14	88.01411	80.84035	0.256	298.0
2020-02-14T06:24	88.01445	80.82236	0.255	298.3
2020-02-14T06:34	88.01478	80.80436	0.255	298.2
2020-02-14T06:44	88.01512	80.78645	0.254	298.3
2020-02-14T06:54	88.01544	80.76898	0.248	298.5
2020-02-14T07:04	88.01578	80.75128	0.251	298.4
2020-02-14T07:14	88.01612	80.73410	0.247	299.8
2020-02-14T07:24	88.01646	80.71675	0.249	299.6
2020-02-14T07:34	88.01680	80.69937	0.250	299.9
2020-02-14T07:44	88.01717	80.68245	0.248	301.9
2020-02-14T07:54	88.01755	80.66572	0.250	303.6
2020-02-14T08:04	88.01795	80.64878	0.255	304.3
2020-02-14T08:14	88.01836	80.63169	0.259	304.7
2020-02-14T08:24	88.01877	80.61460	0.258	304.6
2020-02-14T08:34	88.01917	80.59743	0.259	304.3
2020-02-14T08:44	88.01961	80.58059	0.262	307.0
2020-02-14T08:54	88.02005	80.56346	0.266	306.8
2020-02-14T09:04	88.02050	80.54610	0.268	306.4
2020-02-14T09:14	88.02095	80.52851	0.273	306.8
2020-02-14T09:24	88.02142	80.51168	0.268	308.7
2020-02-14T09:34	88.02189	80.49473	0.270	308.8
2020-02-14T09:44	88.02237	80.47794	0.272	309.9
2020-02-14T09:54	88.02283	80.46225	0.256	310.5
2020-02-14T10:04	88.02330	80.44724	0.250	311.8
2020-02-14T10:14	88.02377	80.43224	0.253	312.7
2020-02-14T10:24	88.02426	80.41761	0.253	314.1
2020-02-14T10:34	88.02474	80.40365	0.243	314.6
2020-02-14T10:44	88.02523	80.39020	0.245	317.0
2020-02-14T10:54	88.02574	80.37770	0.238	319.4
2020-02-14T11:04	88.02625	80.36518	0.241	319.9
2020-02-14T11:14	88.02675	80.35248	0.240	319.0
2020-02-14T11:24	88.02726	80.33981	0.240	319.2
2020-02-14T11:34	88.02776	80.32759	0.237	320.3
2020-02-14T11:44	88.02828	80.31603	0.234	322.2
2020-02-14T11:54	88.02880	80.30501	0.232	324.0
2020-02-14T12:04	88.02932	80.29450	0.229	325.4
2020-02-14T12:14	88.02986	80.28444	0.230	327.2
2020-02-14T12:24	88.03039	80.27456	0.226	327.2
2020-02-14T12:34	88.03092	80.26494	0.226	328.2
2020-02-14T12:44	88.03145	80.25550	0.225	328.7
2020-02-14T12:54	88.03199	80.24649	0.222	329.9
2020-02-14T13:04	88.03252	80.23781	0.221	331.0
2020-02-14T13:14	88.03307	80.22954	0.221	332.4
2020-02-14T13:24	88.03360	80.22136	0.219	332.5
2020-02-14T13:34	88.03415	80.21364	0.218	334.1
2020-02-14T13:44	88.03468	80.20677	0.210	336.1
2020-02-14T13:54	88.03522	80.20005	0.212	336.9
2020-02-14T14:04	88.03575	80.19373	0.206	337.8
2020-02-14T14:14	88.03629	80.18747	0.208	338.2
2020-02-14T14:24	88.03683	80.18165	0.208	339.8
2020-02-14T14:34	88.03738	80.17642	0.208	341.9
2020-02-14T14:44	88.03793	80.17168	0.205	343.4
2020-02-14T14:54	88.03845	80.16690	0.198	342.6
2020-02-14T15:04	88.03897	80.16226	0.193	342.8
2020-02-14T15:14	88.03947	80.15813	0.188	344.2
2020-02-14T15:24	88.03999	80.15466	0.193	347.2
2020-02-14T15:34	88.04050	80.15098	0.188	346.0
2020-02-14T15:44	88.04100	80.14739	0.187	346.3
2020-02-14T15:54	88.04150	80.14396	0.183	346.7
2020-02-14T16:04	88.04199	80.14089	0.180	347.9
2020-02-14T16:14	88.04247	80.13851	0.177	350.5
2020-02-14T16:24	88.04294	80.13615	0.170	350.2
2020-02-14T16:34	88.04339	80.13316	0.167	347.3
2020-02-14T16:44	88.04386	80.12986	0.172	346.4
2020-02-14T16:54	88.04430	80.12648	0.167	345.6
2020-02-14T17:04	88.04474	80.12298	0.163	344.6
2020-02-14T17:14	88.04518	80.12005	0.164	347.3
2020-02-14T17:24	88.04563	80.11696	0.167	346.8
2020-02-14T17:34	88.04606	80.11474	0.155	349.9
2020-02-14T17:44	88.04646	80.11246	0.146	349.0
2020-02-14T17:54	88.04687	80.11032	0.150	349.9
2020-02-14T18:04	88.04728	80.10825	0.152	350.4
2020-02-14T18:14	88.04768	80.10653	0.145	351.6
2020-02-14T18:24	88.04805	80.10502	0.135	352.1
2020-02-14T18:34	88.04843	80.10396	0.134	354.5
2020-02-14T18:44	88.04880	80.10231	0.138	351.6
2020-02-14T18:54	88.04923	80.10031	0.154	350.8
2020-02-14T19:04	88.04964	80.09781	0.150	348.2
2020-02-14T19:14	88.05005	80.09536	0.152	348.6
2020-02-14T19:24	88.05044	80.09229	0.146	345.0
2020-02-14T19:34	88.05083	80.08920	0.146	344.9
2020-02-14T19:44	88.05121	80.08599	0.140	343.8
2020-02-14T19:54	88.05160	80.08395	0.143	350.0
2020-02-14T20:04	88.05199	80.08198	0.142	350.2
2020-02-14T20:14	88.05237	80.08010	0.140	350.5
2020-02-14T20:24	88.05277	80.07829	0.145	351.2
2020-02-14T20:34	88.05316	80.07698	0.144	353.6
2020-02-14T20:44	88.05359	80.07532	0.154	352.4
2020-02-14T20:54	88.05398	80.07430	0.142	355.0
2020-02-14T21:04	88.05437	80.07289	0.140	352.9
2020-02-14T21:14	88.05479	80.06989	0.156	346.5
2020-02-14T21:24	88.05522	80.06582	0.162	342.1
2020-02-14T21:34	88.05564	80.06042	0.165	336.4
2020-02-14T21:44	88.05608	80.05424	0.175	334.4
2020-02-14T21:54	88.05649	80.05052	0.155	342.9
2020-02-14T22:04	88.05688	80.04765	0.146	346.1
2020-02-14T22:14	88.05726	80.04594	0.137	351.2
2020-02-14T22:24	88.05766	80.04376	0.149	349.7
2020-02-14T22:34	88.05809	80.04059	0.159	345.9
2020-02-14T22:44	88.05851	80.03665	0.159	342.4
2020-02-14T22:54	88.05891	80.03165	0.158	337.2
2020-02-14T23:04	88.05933	80.02690	0.160	338.8
2020-02-14T23:14	88.05973	80.02260	0.154	340.1
2020-02-14T23:24	88.06012	80.01748	0.152	335.8
2020-02-14T23:34	88.06050	80.01340	0.148	340.4
2020-02-14T23:44	88.06089	80.01027	0.146	344.8
2020-02-14T23:54	88.06127	80.00780	0.140	347.5
2020-02-15T00:04	88.06163	80.00474	0.135	343.9
2020-02-15T00:14	88.06199	80.00144	0.134	342.5
2020-02-15T00:24	88.06234	79.99813	0.133	342.3
2020-02-15T00:34	88.06269	79.99514	0.133	344.1
2020-02-15T00:44	88.06304	79.99175	0.133	341.9
2020-02-15T00:54	88.06338	79.98857	0.129	342.5
2020-02-15T01:04	88.06372	79.98569	0.127	343.9
2020-02-15T01:14	88.06405	79.98231	0.123	340.6
2020-02-15T01:24	88.06438	79.97960	0.124	344.6
2020-02-15T01:34	88.06470	79.97704	0.121	345.1
2020-02-15T01:44	88.06501	79.97434	0.115	343.4
2020-02-15T01:54	88.06530	79.97163	0.112	342.8
2020-02-15T02:04	88.06560	79.96911	0.110	343.8
2020-02-15T02:14	88.06588	79.96633	0.108	341.8
2020-02-15T02:24	88.06616	79.96428	0.102	345.9
2020-02-15T02:34	88.06641	79.96223	0.095	344.7
2020-02-15T02:44	88.06665	79.96067	0.089	347.7
2020-02-15T02:54	88.06687	79.95856	0.084	342.2
2020-02-15T03:04	88.06708	79.95639	0.079	340.7
2020-02-15T03:14	88.06728	79.95402	0.076	337.8
2020-02-15T03:24	88.06747	79.95136	0.075	334.5
2020-02-15T03:34	88.06764	79.94877	0.071	333.8
2020-02-15T03:44	88.06780	79.94590	0.067	328.5
2020-02-15T03:54	88.06795	79.94278	0.066	324.8
2020-02-15T04:04	88.06810	79.93999	0.064	327.9
2020-02-15T04:14	88.06825	79.93715	0.063	326.5
2020-02-15T04:24	88.06837	79.93456	0.055	324.7
2020-02-15T04:34	88.06848	79.93151	0.053	316.1
2020-02-15T04:44	88.06859	79.92847	0.054	317.4
2020-02-15T04:54	88.06869	79.92536	0.053	314.4
2020-02-15T05:04	88.06879	79.92221	0.052	313.0
2020-02-15T05:14	88.06888	79.91916	0.049	311.3
2020-02-15T05:24	88.06896	79.91610	0.048	308.6
2020-02-15T05:34	88.06906	79.91254	0.056	308.9
2020-02-15T05:44	88.06911	79.91010	0.036	304.5
2020-02-15T05:54	88.06919	79.90742	0.042	309.9
2020-02-15T06:04	88.06925	79.90469	0.040	304.1
2020-02-15T06:14	88.06931	79.90197	0.039	302.6
2020-02-15T06:24	88.06937	79.89883	0.044	300.0
2020-02-15T06:34	88.06942	79.89529	0.046	290.2
2020-02-15T06:44	88.06945	79.89147	0.048	283.2
2020-02-15T06:54	88.06947	79.88776	0.046	279.6
2020-02-15T07:04	88.06946	79.88413	0.044	265.6
2020-02-15T07:14	88.06944	79.88023	0.048	261.8
2020-02-15T07:24	88.06941	79.87636	0.048	258.2
2020-02-15T07:34	88.06938	79.87265	0.046	257.1
2020-02-15T07:44	88.06935	79.86910	0.045	254.2
2020-02-15T07:54	88.06931	79.86576	0.043	252.5
2020-02-15T08:04	88.06929	79.86185	0.048	258.3
2020-02-15T08:14	88.06925	79.85795	0.049	255.6
2020-02-15T08:24	88.06922	79.85370	0.053	259.2
2020-02-15T08:34	88.06919	79.84950	0.052	256.5
2020-02-15T08:44	88.06916	79.84540	0.051	258.1
2020-02-15T08:54	88.06914	79.84131	0.050	262.0
2020-02-15T09:04	88.06912	79.83716	0.051	262.0
2020-02-15T09:14	88.06910	79.83334	0.047	258.1
2020-02-15T09:24	88.06907	79.83048	0.036	256.4
2020-02-15T09:34	88.06904	79.82798	0.033	248.8
2020-02-15T09:44	88.06900	79.82532	0.035	248.1
2020-02-15T09:54	88.06897	79.82266	0.034	251.3
2020-02-15T10:04	88.06893	79.81974	0.038	247.6
2020-02-15T10:14	88.06890	79.81729	0.033	246.3
2020-02-15T10:24	88.06886	79.81476	0.034	245.4
2020-02-15T10:34	88.06881	79.81204	0.037	243.1
2020-02-15T10:44	88.06878	79.80956	0.033	247.1
2020-02-15T10:54	88.06875	79.80706	0.032	251.4
2020-02-15T11:04	88.06872	79.80487	0.028	253.3
2020-02-15T11:14	88.06868	79.80196	0.038	247.9
2020-02-15T11:24	88.06866	79.79958	0.030	255.6
2020-02-15T11:34	88.06863	79.79705	0.033	248.9
2020-02-15T11:44	88.06861	79.79516	0.025	247.7
2020-02-15T11:54	88.06858	79.79362	0.022	239.8
2020-02-15T12:04	88.06855	79.79202	0.022	244.6
2020-02-15T12:14	88.06851	79.79021	0.025	240.3
2020-02-15T12:24	88.06848	79.78824	0.027	241.6
2020-02-15T12:34	88.06845	79.78634	0.026	243.3
2020-02-15T12:44	88.06842	79.78464	0.023	242.7
2020-02-15T12:54	88.06837	79.78229	0.032	241.6
2020-02-15T13:04	88.06834	79.78009	0.029	245.7
2020-02-15T13:14	88.06830	79.77783	0.032	239.8
2020-02-15T13:24	88.06825	79.77550	0.033	239.3
2020-02-15T13:34	88.06822	79.77308	0.032	248.5
2020-02-15T13:44	88.06820	79.77091	0.027	253.5
2020-02-15T13:54	88.06818	79.76852	0.030	258.5
2020-02-15T14:04	88.06816	79.76659	0.024	256.3
2020-02-15T14:14	88.06814	79.76465	0.025	250.9
2020-02-15T14:24	88.06812	79.76290	0.022	253.3
2020-02-15T14:34	88.06810	79.76155	0.018	242.8
2020-02-15T14:44	88.06808	79.76015	0.019	243.8
2020-02-15T14:54	88.06805	79.75901	0.016	238.5
2020-02-15T15:04	88.06802	79.75791	0.018	229.0
2020-02-15T15:14	88.06800	79.75706	0.013	234.8
2020-02-15T15:24	88.06798	79.75639	0.012	223.5
2020-02-15T15:34	88.06796	79.75607	0.008	208.8
2020-02-15T15:44	88.06794	79.75602	0.006	185.5
2020-02-15T15:54	88.06793	79.75596	0.005	187.3
2020-02-15T16:04	88.06792	79.75605	0.002	154.9
2020-02-15T16:14	88.06791	79.75632	0.005	141.9
2020-02-15T16:24	88.06789	79.75656	0.007	154.5
2020-02-15T16:34	88.06788	79.75672	0.005	158.3
2020-02-15T16:44	88.06786	79.75708	0.007	140.5
2020-02-15T16:54	88.06783	79.75729	0.010	166.0
2020-02-15T17:04	88.06782	79.75687	0.008	219.0
2020-02-15T17:14	88.06780	79.75664	0.006	208.2
2020-02-15T17:24	88.06779	79.75662	0.003	184.0
2020-02-15T17:34	88.06779	79.75659	0.001	200.7
2020-02-15T17:44	88.06779	79.75658	0.001	189.4
2020-02-15T17:54	88.06778	79.75651	0.002	208.3
2020-02-15T18:04	88.06778	79.75645	0.001	211.1
2020-02-15T18:14	88.06777	79.75633	0.003	214.5
2020-02-15T18:24	88.06777	79.75615	0.004	213.3
2020-02-15T18:34	88.06775	79.75588	0.005	219.7
2020-02-15T18:44	88.06775	79.75565	0.004	231.3
2020-02-15T18:54	88.06775	79.75558	0.001	222.5
2020-02-15T19:04	88.06775	79.75561	0.000	71.9
2020-02-15T19:14	88.06774	79.75559	0.001	204.1
2020-02-15T19:24	88.06774	79.75563	0.001	86.3
2020-02-15T19:34	88.06775	79.75582	0.002	70.1
2020-02-15T19:44	88.06775	79.75601	0.002	70.3
2020-02-15T19:54	88.06774	79.75565	0.005	236.3
2020-02-15T20:04	88.06773	79.75502	0.009	235.4
2020-02-15T20:14	88.06771	79.75437	0.009	240.2
2020-02-15T20:24	88.06770	79.75378	0.008	244.6
2020-02-15T20:34	88.06770	79.75296	0.010	253.8
2020-02-15T20:44	88.06769	79.75259	0.005	258.1
2020-02-15T20:54	88.06768	79.75173	0.011	248.1
2020-02-15T21:04	88.06767	79.75096	0.010	249.2
2020-02-15T21:14	88.06766	79.75005	0.012	243.6
2020-02-15T21:24	88.06764	79.74929	0.010	243.8
2020-02-15T21:34	88.06763	79.74862	0.010	238.0
2020-02-15T21:44	88.06762	79.74787	0.010	242.1
2020-02-15T21:54	88.06760	79.74701	0.013	234.6
2020-02-15T22:04	88.06759	79.74664	0.005	237.7
2020-02-15T22:14	88.06757	79.74579	0.012	242.1
2020-02-15T22:24	88.06757	79.74507	0.009	255.5
2020-02-15T22:34	88.06755	79.74403	0.014	245.0
2020-02-15T22:44	88.06753	79.74271	0.018	241.4
2020-02-15T22:54	88.06750	79.74136	0.019	240.1
2020-02-15T23:04	88.06747	79.73984	0.021	243.0
2020-02-15T23:14	88.06744	79.73831	0.021	239.5
2020-02-15T23:24	88.06740	79.73662	0.027	229.7
2020-02-15T23:34	88.06737	79.73532	0.019	237.6
2020-02-15T23:44	88.06733	79.73337	0.028	239.0
2020-02-15T23:54	88.06729	79.73163	0.025	236.9
2020-02-16T00:04	88.06725	79.73029	0.022	228.1
2020-02-16T00:14	88.06721	79.72859	0.025	235.5
2020-02-16T00:24	88.06717	79.72682	0.026	235.3
2020-02-16T00:34	88.06712	79.72447	0.033	238.4
2020-02-16T00:44	88.06707	79.72230	0.031	238.5
2020-02-16T00:54	88.06702	79.71984	0.035	239.0
2020-02-16T01:04	88.06699	79.71805	0.026	238.2
2020-02-16T01:14	88.06694	79.71603	0.030	235.1
2020-02-16T01:24	88.06690	79.71429	0.025	237.0
2020-02-16T01:34	88.06686	79.71268	0.024	234.3
2020-02-16T01:44	88.06683	79.71132	0.020	234.7
2020-02-16T01:54	88.06680	79.70967	0.024	238.4
2020-02-16T02:04	88.06677	79.70846	0.018	232.9
2020-02-16T02:14	88.06673	79.70694	0.023	232.8
2020-02-16T02:24	88.06669	79.70584	0.018	229.4
2020-02-16T02:34	88.06667	79.70465	0.018	234.6
2020-02-16T02:44	88.06663	79.70345	0.019	231.9
2020-02-16T02:54	88.06661	79.70233	0.017	234.1
2020-02-16T03:04	88.06659	79.70152	0.012	237.7
2020-02-16T03:14	88.06657	79.70062	0.014	232.3
2020-02-16T03:24	88.06654	79.69969	0.014	232.2
2020-02-16T03:34	88.06654	79.69943	0.004	235.8
2020-02-16T03:44	88.06653	79.69927	0.003	218.6
2020-02-16T03:54	88.06651	79.69885	0.009	214.3
2020-02-16T04:04	88.06649	79.69863	0.006	208.1
2020-02-16T04:14	88.06648	79.69826	0.006	228.9
2020-02-16T04:24	88.06647	79.69805	0.004	215.0
2020-02-16T04:34	88.06646	79.69780	0.006	212.0
2020-02-16T04:44	88.06645	79.69768	0.003	214.7
2020-02-16T04:54	88.06644	79.69765	0.003	184.8
2020-02-16T05:04	88.06642	79.69765	0.007	180.6
2020-02-16T05:14	88.06642	79.69825	0.007	88.3
2020-02-16T05:24	88.06644	79.70086	0.032	78.7
2020-02-16T05:34	88.06650	79.70615	0.068	70.7
2020-02-16T05:44	88.06653	79.71139	0.064	83.1
2020-02-16T05:54	88.06654	79.71533	0.048	84.8
2020-02-16T06:04	88.06654	79.71796	0.032	90.4
2020-02-16T06:14	88.06653	79.71931	0.017	97.1
2020-02-16T06:24	88.06655	79.72187	0.032	79.4
2020-02-16T06:34	88.06656	79.72330	0.018	74.7
2020-02-16T06:44	88.06657	79.72495	0.020	83.6
2020-02-16T06:54	88.06661	79.72782	0.039	64.7
2020-02-16T07:04	88.06662	79.73010	0.028	85.5
2020-02-16T07:14	88.06663	79.73195	0.023	79.6
2020-02-16T07:24	88.06666	79.73420	0.029	70.6
2020-02-16T07:34	88.06669	79.73729	0.039	72.3
2020-02-16T07:44	88.06673	79.74065	0.043	71.5
2020-02-16T07:54	88.06676	79.74286	0.030	65.7
2020-02-16T08:04	88.06678	79.74407	0.016	63.9
2020-02-16T08:14	88.06682	79.74621	0.029	63.3
2020-02-16T08:24	88.06685	79.74828	0.028	63.7
2020-02-16T08:34	88.06687	79.74985	0.019	77.5
2020-02-16T08:44	88.06690	79.75206	0.029	66.1
2020-02-16T08:54	88.06694	79.75438	0.032	61.6
2020-02-16T09:04	88.06695	79.75519	0.011	70.2
2020-02-16T09:14	88.06694	79.75514	0.004	188.5
2020-02-16T09:24	88.06693	79.75446	0.009	242.5
2020-02-16T09:34	88.06692	79.75412	0.005	246.5
2020-02-16T09:44	88.06691	79.75350	0.008	245.4
2020-02-16T09:54	88.06690	79.75291	0.009	230.1
2020-02-16T10:04	88.06688	79.75241	0.008	230.3
2020-02-16T10:14	88.06687	79.75198	0.007	230.9
2020-02-16T10:24	88.06686	79.75140	0.009	233.5
2020-02-16T10:34	88.06684	79.75076	0.009	236.8
2020-02-16T10:44	88.06682	79.74970	0.015	235.9
2020-02-16T10:54	88.06680	79.74862	0.015	239.5
2020-02-16T11:04	88.06676	79.74739	0.019	233.4
2020-02-16T11:14	88.06675	79.74661	0.011	239.8
2020-02-16T11:24	88.06673	79.74561	0.014	238.1
2020-02-16T11:34	88.06671	79.74463	0.013	241.7
2020-02-16T11:44	88.06669	79.74364	0.014	238.7
2020-02-16T11:54	88.06666	79.74251	0.017	234.4
2020-02-16T12:04	88.06664	79.74145	0.015	239.9
2020-02-16T12:14	88.06663	79.74054	0.013	242.0
2020-02-16T12:24	88.06661	79.73972	0.012	239.8
2020-02-16T12:34	88.06658	79.73827	0.021	236.4
2020-02-16T12:44	88.06654	79.73655	0.024	238.8
2020-02-16T12:54	88.06651	79.73517	0.020	236.0
2020-02-16T13:04	88.06648	79.73376	0.020	240.4
2020-02-16T13:14	88.06652	79.73475	0.019	40.7
2020-02-16T13:24	88.06663	79.73975	0.073	56.6
2020-02-16T13:34	88.06678	79.74577	0.091	53.8
2020-02-16T13:44	88.06694	79.75189	0.094	52.0
2020-02-16T13:54	88.06709	79.75673	0.078	49.1
2020-02-16T14:04	88.06719	79.76007	0.057	45.9
2020-02-16T14:14	88.06728	79.76277	0.045	46.6
2020-02-16T14:24	88.06736	79.76505	0.040	44.4
2020-02-16T14:34	88.06737	79.76591	0.011	68.4
2020-02-16T14:44	88.06738	79.76620	0.004	52.4
2020-02-16T14:54	88.06732	79.76482	0.025	221.3
2020-02-16T15:04	88.06724	79.76277	0.039	219.7
2020-02-16T15:14	88.06716	79.75974	0.048	230.4
2020-02-16T15:24	88.06711	79.75572	0.051	252.4
2020-02-16T15:34	88.06705	79.75207	0.050	242.0
2020-02-16T15:44	88.06697	79.74791	0.059	239.1
2020-02-16T15:54	88.06688	79.74336	0.064	240.5
2020-02-16T16:04	88.06679	79.73881	0.063	241.5
2020-02-16T16:14	88.06671	79.73394	0.067	241.4
2020-02-16T16:24	88.06662	79.72941	0.063	241.6
2020-02-16T16:34	88.06654	79.72457	0.065	244.2
2020-02-16T16:44	88.06646	79.71962	0.067	243.7
2020-02-16T16:54	88.06638	79.71465	0.068	243.3
2020-02-16T17:04	88.06628	79.71012	0.064	239.1
2020-02-16T17:14	88.06617	79.70552	0.069	234.5
2020-02-16T17:24	88.06610	79.70260	0.044	234.3
2020-02-16T17:34	88.06610	79.70082	0.022	267.5
2020-02-16T17:44	88.06612	79.69920	0.021	292.7
2020-02-16T17:54	88.06618	79.69887	0.021	349.1
2020-02-16T18:04	88.06623	79.69905	0.018	7.0
2020-02-16T18:14	88.06627	79.69888	0.014	351.0
2020-02-16T18:24	88.06634	79.69886	0.026	359.6
2020-02-16T18:34	88.06643	79.69877	0.032	358.1
2020-02-16T18:44	88.06656	79.69963	0.049	12.3
2020-02-16T18:54	88.06674	79.70125	0.066	17.4
2020-02-16T19:04	88.06693	79.70421	0.077	27.8
2020-02-16T19:14	88.06713	79.70803	0.088	31.9
2020-02-16T19:24	88.06731	79.71137	0.076	32.1
2020-02-16T19:34	88.06748	79.71358	0.064	24.6
2020-02-16T19:44	88.06761	79.71428	0.050	9.7
2020-02-16T19:54	88.06776	79.71358	0.054	351.0
2020-02-16T20:04	88.06787	79.71166	0.045	328.9
2020-02-16T20:14	88.06798	79.70965	0.046	328.0
2020-02-16T20:24	88.06807	79.70739	0.044	321.6
2020-02-16T20:34	88.06815	79.70470	0.042	308.2
2020-02-16T20:44	88.06821	79.70136	0.046	298.1
2020-02-16T20:54	88.06821	79.69612	0.064	271.5
2020-02-16T21:04	88.06824	79.69050	0.069	278.6
2020-02-16T21:14	88.06828	79.68391	0.081	280.0
2020-02-16T21:24	88.06834	79.67623	0.096	282.8
2020-02-16T21:34	88.06844	79.67022	0.083	298.0
2020-02-16T21:44	88.06849	79.66395	0.078	282.5
2020-02-16T21:54	88.06854	79.65798	0.074	282.7
2020-02-16T22:04	88.06858	79.65191	0.075	281.4
2020-02-16T22:14	88.06862	79.64413	0.096	279.8
2020-02-16T22:24	88.06871	79.63721	0.090	290.4
2020-02-16T22:34	88.06883	79.63128	0.084	301.5
2020-02-16T22:44	88.06897	79.62603	0.082	308.8
2020-02-16T22:54	88.06912	79.61960	0.093	303.1
2020-02-16T23:04	88.06925	79.61316	0.092	301.4
2020-02-16T23:14	88.06937	79.60646	0.092	298.5
2020-02-16T23:24	88.06949	79.60206	0.068	308.7
2020-02-16T23:34	88.06956	79.59720	0.065	293.9
2020-02-16T23:44	88.06951	79.59018	0.087	257.1
2020-02-16T23:54	88.06947	79.58339	0.083	260.4
2020-02-17T00:04	88.06943	79.57657	0.084	259.3
2020-02-17T00:14	88.06938	79.56969	0.085	259.0
2020-02-17T00:24	88.06933	79.56294	0.084	257.6
2020-02-17T00:34	88.06928	79.55624	0.083	257.9
2020-02-17T00:44	88.06922	79.54964	0.083	255.2
2020-02-17T00:54	88.06916	79.54284	0.085	255.2
2020-02-17T01:04	88.06911	79.53714	0.072	253.8
2020-02-17T01:14	88.06905	79.53097	0.078	254.4
2020-02-17T01:24	88.06899	79.52464	0.079	255.2
2020-02-17T01:34	88.06893	79.51835	0.080	253.6
2020-02-17T01:44	88.06888	79.51157	0.084	257.5
2020-02-17T01:54	88.06889	79.50447	0.086	273.2
2020-02-17T02:04	88.06898	79.49695	0.097	289.4
2020-02-17T02:14	88.06912	79.48946	0.103	297.9
2020-02-17T02:24	88.06920	79.48121	0.105	287.5
2020-02-17T02:34	88.06928	79.47177	0.118	284.3
2020-02-17T02:44	88.06940	79.46280	0.116	290.7
2020-02-17T02:54	88.06954	79.45393	0.119	295.4
2020-02-17T03:04	88.06967	79.44574	0.110	295.5
2020-02-17T03:14	88.06978	79.43694	0.113	289.1
2020-02-17T03:24	88.06990	79.42826	0.114	293.1
2020-02-17T03:34	88.07004	79.41920	0.122	295.3
2020-02-17T03:44	88.07018	79.41015	0.120	294.0
2020-02-17T03:54	88.07028	79.40053	0.122	287.3
2020-02-17T04:04	88.07036	79.39065	0.123	283.8
2020-02-17T04:14	88.07045	79.38070	0.124	284.0
2020-02-17T04:24	88.07055	79.37015	0.133	286.1
2020-02-17T04:34	88.07066	79.35939	0.136	286.9
2020-02-17T04:44	88.07081	79.34888	0.139	293.6
2020-02-17T04:54	88.07101	79.33865	0.143	300.1
2020-02-17T05:04	88.07123	79.32895	0.141	303.4
2020-02-17T05:14	88.07146	79.31954	0.140	305.6
2020-02-17T05:24	88.07167	79.30955	0.144	302.5
2020-02-17T05:34	88.07187	79.29873	0.150	299.4
2020-02-17T05:44	88.07206	79.28825	0.143	297.3
2020-02-17T05:54	88.07219	79.27833	0.130	292.3
2020-02-17T06:04	88.07228	79.26797	0.129	283.9
2020-02-17T06:14	88.07235	79.25699	0.135	280.4
2020-02-17T06:24	88.07242	79.24592	0.137	281.5
2020-02-17T06:34	88.07248	79.23481	0.136	278.0
2020-02-17T06:44	88.07252	79.22342	0.139	275.9
2020-02-17T06:54	88.07256	79.21253	0.133	277.3
2020-02-17T07:04	88.07257	79.20231	0.124	272.1
2020-02-17T07:14	88.07255	79.19167	0.129	265.9
2020-02-17T07:24	88.07256	79.18072	0.133	271.9
2020-02-17T07:34	88.07263	79.17030	0.129	281.2
2020-02-17T07:44	88.07265	79.15930	0.133	273.5
2020-02-17T07:54	88.07267	79.14818	0.135	272.1
2020-02-17T08:04	88.07269	79.13705	0.135	273.0
2020-02-17T08:14	88.07271	79.12622	0.131	273.3
2020-02-17T08:24	88.07274	79.11545	0.131	274.9
2020-02-17T08:34	88.07277	79.10425	0.136	274.7
2020-02-17T08:44	88.07278	79.09250	0.142	271.4
2020-02-17T08:54	88.07280	79.08052	0.145	273.0
2020-02-17T09:04	88.07282	79.06917	0.138	272.6
2020-02-17T09:14	88.07283	79.05789	0.137	271.5
2020-02-17T09:24	88.07284	79.04643	0.139	271.8
2020-02-17T09:34	88.07286	79.03457	0.144	272.7
2020-02-17T09:44	88.07288	79.02269	0.144	273.7
2020-02-17T09:54	88.07292	79.01090	0.143	274.4
2020-02-17T10:04	88.07295	78.99844	0.151	275.1
2020-02-17T10:14	88.07300	78.98595	0.152	277.1
2020-02-17T10:24	88.07306	78.97362	0.151	278.1
2020-02-17T10:34	88.07312	78.96128	0.151	277.8
2020-02-17T10:44	88.07318	78.94830	0.158	277.2
2020-02-17T10:54	88.07325	78.93496	0.164	279.3
2020-02-17T11:04	88.07331	78.92123	0.168	278.0
2020-02-17T11:14	88.07338	78.90747	0.168	277.8
2020-02-17T11:24	88.07344	78.89275	0.180	277.8
2020-02-17T11:34	88.07351	78.87836	0.176	277.3
2020-02-17T11:44	88.07358	78.86472	0.167	279.7
2020-02-17T11:54	88.07367	78.85130	0.165	281.0
2020-02-17T12:04	88.07376	78.83831	0.160	281.1
2020-02-17T12:14	88.07386	78.82556	0.158	283.1
2020-02-17T12:24	88.07395	78.81269	0.159	281.5
2020-02-17T12:34	88.07401	78.80026	0.152	278.6
2020-02-17T12:44	88.07405	78.78770	0.153	275.0
2020-02-17T12:54	88.07408	78.77459	0.159	274.8
2020-02-17T13:04	88.07412	78.76102	0.165	274.8
2020-02-17T13:14	88.07416	78.74707	0.169	274.7
2020-02-17T13:24	88.07419	78.73335	0.167	274.4
2020-02-17T13:34	88.07422	78.71973	0.165	273.1
2020-02-17T13:44	88.07424	78.70559	0.171	272.5
2020-02-17T13:54	88.07426	78.69160	0.169	272.8
2020-02-17T14:04	88.07427	78.67765	0.169	270.7
2020-02-17T14:14	88.07430	78.66467	0.158	274.3
2020-02-17T14:24	88.07435	78.65162	0.159	276.5
2020-02-17T14:34	88.07439	78.63849	0.159	274.3
2020-02-17T14:44	88.07443	78.62563	0.156	275.4
2020-02-17T14:54	88.07449	78.61335	0.150	279.1
2020-02-17T15:04	88.07456	78.60168	0.143	279.3
2020-02-17T15:14	88.07461	78.59023	0.140	277.5
2020-02-17T15:24	88.07463	78.57891	0.137	273.8
2020-02-17T15:34	88.07466	78.56808	0.131	274.8
2020-02-17T15:44	88.07469	78.55677	0.137	273.8
2020-02-17T15:54	88.07470	78.54530	0.139	271.6
2020-02-17T16:04	88.07472	78.53359	0.142	273.3
2020-02-17T16:14	88.07477	78.52127	0.150	276.1
2020-02-17T16:24	88.07483	78.50902	0.150	278.4
2020-02-17T16:34	88.07491	78.49644	0.155	280.9
2020-02-17T16:44	88.07500	78.48400	0.154	282.3
2020-02-17T16:54	88.07510	78.47149	0.155	282.9
2020-02-17T17:04	88.07519	78.45897	0.155	282.9
2020-02-17T17:14	88.07530	78.44628	0.158	283.7
2020-02-17T17:24	88.07542	78.43346	0.161	285.6
2020-02-17T17:34	88.07553	78.42043	0.163	285.2
2020-02-17T17:44	88.07566	78.40765	0.161	286.1
2020-02-17T17:54	88.07577	78.39513	0.156	284.2
2020-02-17T18:04	88.07586	78.38290	0.152	283.3
2020-02-17T18:14	88.07595	78.37114	0.146	282.5
2020-02-17T18:24	88.07604	78.35990	0.140	283.3
2020-02-17T18:34	88.07613	78.34893	0.136	283.5
2020-02-17T18:44	88.07622	78.33818	0.135	285.1
2020-02-17T18:54	88.07633	78.32745	0.135	285.7
2020-02-17T19:04	88.07643	78.31706	0.131	286.1
2020-02-17T19:14	88.07652	78.30650	0.132	285.3
2020-02-17T19:24	88.07662	78.29621	0.129	285.1
2020-02-17T19:34	88.07671	78.28621	0.125	285.4
2020-02-17T19:44	88.07680	78.27614	0.126	284.9
2020-02-17T19:54	88.07689	78.26643	0.122	285.2
2020-02-17T20:04	88.07697	78.25694	0.119	285.1
2020-02-17T20:14	88.07709	78.24770	0.120	291.3
2020-02-17T20:24	88.07721	78.23860	0.118	291.5
2020-02-17T20:34	88.07734	78.22964	0.117	292.3
2020-02-17T20:44	88.07746	78.22083	0.115	292.7
2020-02-17T20:54	88.07758	78.21202	0.115	292.6
2020-02-17T21:04	88.07770	78.20312	0.115	291.2
2020-02-17T21:14	88.07783	78.19436	0.116	294.0
2020-02-17T21:24	88.07797	78.18563	0.116	294.7
2020-02-17T21:34	88.07811	78.17681	0.118	295.4
2020-02-17T21:44	88.07826	78.16767	0.124	296.8
2020-02-17T21:54	88.07842	78.15922	0.116	298.8
2020-02-17T22:04	88.07857	78.15056	0.119	298.1
2020-02-17T22:14	88.07872	78.14221	0.114	298.0
2020-02-17T22:24	88.07888	78.13396	0.115	299.5
2020-02-17T22:34	88.07902	78.12548	0.115	296.9
2020-02-17T22:44	88.07916	78.11715	0.112	296.1
2020-02-17T22:54	88.07930	78.10859	0.116	297.1
2020-02-17T23:04	88.07946	78.10020	0.116	299.1
2020-02-17T23:14	88.07962	78.09226	0.112	301.5
2020-02-17T23:24	88.07981	78.08414	0.118	304.2
2020-02-17T23:34	88.08000	78.07623	0.117	305.5
2020-02-17T23:44	88.08018	78.06836	0.115	304.2
2020-02-17T23:54	88.08036	78.06051	0.114	304.2
2020-02-18T00:04	88.08053	78.05268	0.113	303.1
2020-02-18T00:14	88.08070	78.04499	0.111	303.2
2020-02-18T00:24	88.08087	78.03736	0.112	304.5
2020-02-18T00:34	88.08106	78.02946	0.116	305.1
2020-02-18T00:44	88.08125	78.02161	0.118	306.9
2020-02-18T00:54	88.08145	78.01371	0.119	306.8
2020-02-18T01:04	88.08167	78.00591	0.122	309.7
2020-02-18T01:14	88.08189	77.99821	0.122	310.3
2020-02-18T01:24	88.08211	77.99060	0.122	311.2
2020-02-18T01:34	88.08234	77.98293	0.123	311.3
2020-02-18T01:44	88.08255	77.97500	0.123	309.1
2020-02-18T01:54	88.08277	77.96711	0.123	309.2
2020-02-18T02:04	88.08299	77.95908	0.125	309.1
2020-02-18T02:14	88.08320	77.95086	0.125	307.7
2020-02-18T02:24	88.08341	77.94280	0.125	308.8
2020-02-18T02:34	88.08364	77.93481	0.126	310.5
2020-02-18T02:44	88.08387	77.92671	0.128	310.4
2020-02-18T02:54	88.08410	77.91837	0.129	309.1
2020-02-18T03:04	88.08431	77.91003	0.126	307.1
2020-02-18T03:14	88.08451	77.90168	0.122	304.9
2020-02-18T03:24	88.08471	77.89351	0.123	306.9
2020-02-18T03:34	88.08493	77.88536	0.126	308.6
2020-02-18T03:44	88.08516	77.87690	0.132	309.8
2020-02-18T03:54	88.08542	77.86866	0.136	313.3
2020-02-18T04:04	88.08568	77.85989	0.141	311.6
2020-02-18T04:14	88.08595	77.85114	0.141	311.9
2020-02-18T04:24	88.08621	77.84207	0.145	311.0
2020-02-18T04:34	88.08648	77.83299	0.148	312.3
2020-02-18T04:44	88.08676	77.82372	0.148	311.3
2020-02-18T04:54	88.08705	77.81389	0.157	311.4
2020-02-18T05:04	88.08736	77.80362	0.167	312.2
2020-02-18T05:14	88.08769	77.79336	0.172	314.2
2020-02-18T05:24	88.08805	77.78257	0.184	315.2
2020-02-18T05:34	88.08844	77.77131	0.194	315.8
2020-02-18T05:44	88.08884	77.75976	0.200	316.0
2020-02-18T05:54	88.08924	77.74746	0.207	314.5
2020-02-18T06:04	88.08966	77.73433	0.219	314.0
2020-02-18T06:14	88.09009	77.72031	0.228	312.4
2020-02-18T06:24	88.09053	77.70590	0.234	312.5
2020-02-18T06:34	88.09098	77.69153	0.238	313.6
2020-02-18T06:44	88.09145	77.67612	0.250	312.4
2020-02-18T06:54	88.09194	77.66002	0.262	312.5
2020-02-18T07:04	88.09246	77.64376	0.271	313.9
2020-02-18T07:14	88.09300	77.62663	0.281	313.0
2020-02-18T07:24	88.09354	77.60893	0.290	313.0
2020-02-18T07:34	88.09412	77.59123	0.295	314.2
2020-02-18T07:44	88.09470	77.57337	0.299	314.4
2020-02-18T07:54	88.09527	77.55498	0.303	313.3
2020-02-18T08:04	88.09588	77.53631	0.311	314.2
2020-02-18T08:14	88.09649	77.51769	0.315	315.0
2020-02-18T08:24	88.09711	77.49855	0.319	314.1
2020-02-18T08:34	88.09776	77.47885	0.331	314.7
2020-02-18T08:44	88.09840	77.45850	0.336	313.7
2020-02-18T08:54	88.09904	77.43790	0.338	313.2
2020-02-18T09:04	88.09971	77.41751	0.341	314.5
2020-02-18T09:14	88.10039	77.39714	0.345	315.2
2020-02-18T09:24	88.10108	77.37696	0.346	315.9
2020-02-18T09:34	88.10175	77.35661	0.343	315.0
2020-02-18T09:44	88.10243	77.33640	0.343	315.3
2020-02-18T09:54	88.10311	77.31593	0.347	315.3
2020-02-18T10:04	88.10380	77.29546	0.348	315.5
2020-02-18T10:14	88.10451	77.27501	0.351	316.1
2020-02-18T10:24	88.10524	77.25442	0.360	317.1
2020-02-18T10:34	88.10600	77.23372	0.369	318.1
2020-02-18T10:44	88.10676	77.21311	0.367	318.1
2020-02-18T10:54	88.10750	77.19255	0.361	317.4
2020-02-18T11:04	88.10824	77.17181	0.363	317.2
2020-02-18T11:14	88.10898	77.15054	0.367	316.5
2020-02-18T11:24	88.10974	77.12889	0.376	316.9
2020-02-18T11:34	88.11049	77.10699	0.374	315.9
2020-02-18T11:44	88.11123	77.08467	0.376	315.2
2020-02-18T11:54	88.11197	77.06229	0.376	315.2
2020-02-18T12:04	88.11271	77.03993	0.376	315.2
2020-02-18T12:14	88.11346	77.01791	0.377	316.2
2020-02-18T12:24	88.11424	76.99593	0.381	316.9
2020-02-18T12:34	88.11502	76.97387	0.384	317.1
2020-02-18T12:44	88.11580	76.95236	0.380	317.9
2020-02-18T12:54	88.11660	76.93082	0.385	318.6
2020-02-18T13:04	88.11738	76.90955	0.375	317.9
2020-02-18T13:14	88.11816	76.88860	0.374	318.6
2020-02-18T13:24	88.11894	76.86802	0.373	319.3
2020-02-18T13:34	88.11974	76.84775	0.374	320.2
2020-02-18T13:44	88.12053	76.82748	0.372	320.0
2020-02-18T13:54	88.12132	76.80764	0.369	320.6
2020-02-18T14:04	88.12211	76.78787	0.368	320.7
2020-02-18T14:14	88.12291	76.76835	0.367	321.1
2020-02-18T14:24	88.12372	76.74896	0.371	321.9
2020-02-18T14:34	88.12454	76.72965	0.373	322.3
2020-02-18T14:44	88.12537	76.71040	0.375	322.8
2020-02-18T14:54	88.12619	76.69091	0.376	322.4
2020-02-18T15:04	88.12703	76.67182	0.377	323.4
2020-02-18T15:14	88.12788	76.65231	0.381	323.0
2020-02-18T15:24	88.12876	76.63293	0.389	324.2
2020-02-18T15:34	88.12964	76.61346	0.391	324.2
2020-02-18T15:44	88.13052	76.59379	0.392	323.9
2020-02-18T15:54	88.13140	76.57416	0.392	324.0
2020-02-18T16:04	88.13230	76.55448	0.399	324.7
2020-02-18T16:14	88.13321	76.53455	0.401	324.4
2020-02-18T16:24	88.13413	76.51447	0.405	324.5
2020-02-18T16:34	88.13505	76.49398	0.411	324.2
2020-02-18T16:44	88.13597	76.47340	0.408	323.8
2020-02-18T16:54	88.13688	76.45251	0.411	323.5
2020-02-18T17:04	88.13781	76.43157	0.415	323.8
2020-02-18T17:14	88.13876	76.41056	0.420	324.2
2020-02-18T17:24	88.13970	76.38949	0.420	324.1
2020-02-18T17:34	88.14066	76.36840	0.424	324.5
2020-02-18T17:44	88.14165	76.34728	0.434	325.4
2020-02-18T17:54	88.14264	76.32642	0.430	325.5
2020-02-18T18:04	88.14362	76.30541	0.431	325.3
2020-02-18T18:14	88.14464	76.28418	0.441	325.9
2020-02-18T18:24	88.14568	76.26306	0.449	326.8
2020-02-18T18:34	88.14673	76.24204	0.450	327.0
2020-02-18T18:44	88.14777	76.22141	0.445	327.4
2020-02-18T18:54	88.14881	76.20085	0.444	327.4
2020-02-18T19:04	88.14984	76.18032	0.441	327.2
2020-02-18T19:14	88.15086	76.15962	0.441	327.0
2020-02-18T19:24	88.15187	76.13885	0.435	326.3
2020-02-18T19:34	88.15287	76.11758	0.436	325.5
2020-02-18T19:44	88.15386	76.09612	0.437	325.3
2020-02-18T19:54	88.15484	76.07445	0.433	324.5
2020-02-18T20:04	88.15584	76.05302	0.438	325.4
2020-02-18T20:14	88.15684	76.03155	0.435	325.2
2020-02-18T20:24	88.15784	76.01036	0.437	325.9
2020-02-18T20:34	88.15883	75.98917	0.433	325.6
2020-02-18T20:44	88.15982	75.96779	0.431	325.0
2020-02-18T20:54	88.16079	75.94650	0.429	325.0
2020-02-18T21:04	88.16175	75.92481	0.427	324.1
2020-02-18T21:14	88.16272	75.90318	0.428	324.3
2020-02-18T21:24	88.16367	75.88159	0.425	324.1
2020-02-18T21:34	88.16462	75.86010	0.421	323.9
2020-02-18T21:44	88.16556	75.83829	0.421	323.4
2020-02-18T21:54	88.16649	75.81650	0.420	323.3
2020-02-18T22:04	88.16741	75.79454	0.416	322.6
2020-02-18T22:14	88.16833	75.77241	0.418	322.5
2020-02-18T22:24	88.16927	75.75019	0.424	323.0
2020-02-18T22:34	88.17022	75.72783	0.427	323.0
2020-02-18T22:44	88.17119	75.70519	0.434	323.1
2020-02-18T22:54	88.17213	75.68240	0.429	322.4
2020-02-18T23:04	88.17308	75.65936	0.432	322.2
2020-02-18T23:14	88.17403	75.63595	0.435	321.9
2020-02-18T23:24	88.17499	75.61211	0.442	321.8
2020-02-18T23:34	88.17595	75.58792	0.442	321.2
2020-02-18T23:44	88.17687	75.56337	0.437	319.9
2020-02-18T23:54	88.17778	75.53841	0.434	318.8
2020-02-19T00:04	88.17868	75.51305	0.434	318.1
2020-02-19T00:14	88.17956	75.48729	0.434	317.2
2020-02-19T00:24	88.18044	75.46102	0.435	316.4
2020-02-19T00:34	88.18133	75.43448	0.442	316.7
2020-02-19T00:44	88.18225	75.40750	0.452	317.0
2020-02-19T00:54	88.18318	75.38028	0.458	317.3
2020-02-19T01:04	88.18412	75.35288	0.460	317.2
2020-02-19T01:14	88.18506	75.32542	0.462	317.3
2020-02-19T01:24	88.18600	75.29807	0.460	317.3
2020-02-19T01:34	88.18694	75.27042	0.463	317.1
2020-02-19T01:44	88.18789	75.24241	0.467	317.0
2020-02-19T01:54	88.18886	75.21384	0.477	317.1
2020-02-19T02:04	88.18984	75.18517	0.478	317.0
2020-02-19T02:14	88.19083	75.15576	0.489	316.9
2020-02-19T02:24	88.19186	75.12576	0.503	317.4
2020-02-19T02:34	88.19290	75.09469	0.515	316.8
2020-02-19T02:44	88.19399	75.06314	0.531	317.6
2020-02-19T02:54	88.19510	75.03074	0.545	317.6
2020-02-19T03:04	88.19626	74.99720	0.564	317.7
2020-02-19T03:14	88.19744	74.96401	0.566	318.4
2020-02-19T03:24	88.19864	74.93009	0.579	318.5
2020-02-19T03:34	88.19986	74.89565	0.588	318.5
2020-02-19T03:44	88.20109	74.86091	0.592	318.5
2020-02-19T03:54	88.20233	74.82569	0.598	318.3
2020-02-19T04:04	88.20358	74.79027	0.600	318.2
2020-02-19T04:14	88.20483	74.75464	0.604	318.3
2020-02-19T04:24	88.20609	74.71875	0.607	318.2
2020-02-19T04:34	88.20734	74.68293	0.606	318.2
2020-02-19T04:44	88.20860	74.64711	0.606	318.3
2020-02-19T04:54	88.20987	74.61122	0.611	318.6
2020-02-19T05:04	88.21114	74.57521	0.612	318.6
2020-02-19T05:14	88.21242	74.53929	0.612	318.8
2020-02-19T05:24	88.21372	74.50295	0.620	318.8
2020-02-19T05:34	88.21503	74.46618	0.627	318.9
2020-02-19T05:44	88.21635	74.42911	0.632	318.9
2020-02-19T05:54	88.21767	74.39167	0.634	318.6
2020-02-19T06:04	88.21899	74.35379	0.636	318.2
2020-02-19T06:14	88.22030	74.31581	0.636	318.1
2020-02-19T06:24	88.22162	74.27764	0.637	317.9
2020-02-19T06:34	88.22293	74.23902	0.639	317.6
2020-02-19T06:44	88.22423	74.20022	0.638	317.3
2020-02-19T06:54	88.22553	74.16109	0.641	317.1
2020-02-19T07:04	88.22683	74.12202	0.639	317.1
2020-02-19T07:14	88.22814	74.08297	0.640	317.2
2020-02-19T07:24	88.22944	74.04397	0.639	317.3
2020-02-19T07:34	88.23074	74.00502	0.639	317.3
2020-02-19T07:44	88.23204	73.96620	0.637	317.4
2020-02-19T07:54	88.23334	73.92726	0.637	317.3
2020-02-19T08:04	88.23464	73.88848	0.636	317.4
2020-02-19T08:14	88.23594	73.84991	0.632	317.4
2020-02-19T08:24	88.23723	73.81150	0.631	317.6
2020-02-19T08:34	88.23852	73.77310	0.629	317.5
2020-02-19T08:44	88.23979	73.73479	0.625	317.4
2020-02-19T08:54	88.24105	73.69671	0.617	317.0
2020-02-19T09:04	88.24229	73.65883	0.612	316.9
2020-02-19T09:14	88.24353	73.62082	0.612	316.8
2020-02-19T09:24	88.24476	73.58294	0.609	316.7
2020-02-19T09:34	88.24598	73.54531	0.605	316.7
2020-02-19T09:44	88.24718	73.50791	0.598	316.5
2020-02-19T09:54	88.24838	73.47067	0.595	316.4
2020-02-19T10:04	88.24957	73.43363	0.592	316.5
2020-02-19T10:14	88.25076	73.39689	0.587	316.5
2020-02-19T10:24	88.25194	73.36031	0.586	316.7
2020-02-19T10:34	88.25312	73.32392	0.582	316.7
2020-02-19T10:44	88.25428	73.28749	0.581	316.5
2020-02-19T10:54	88.25545	73.25136	0.577	316.6
2020-02-19T11:04	88.25660	73.21550	0.571	316.6
2020-02-19T11:14	88.25774	73.17987	0.566	316.5
2020-02-19T11:24	88.25886	73.14423	0.561	316.0
2020-02-19T11:34	88.25995	73.10975	0.544	316.1
2020-02-19T11:44	88.26106	73.07422	0.558	315.9
2020-02-19T11:54	88.26216	73.03862	0.554	315.5
2020-02-19T12:04	88.26322	73.00454	0.533	315.8
2020-02-19T12:14	88.26430	72.96979	0.543	315.7
2020-02-19T12:24	88.26536	72.93534	0.537	315.6
2020-02-19T12:34	88.26643	72.90108	0.535	315.8
2020-02-19T12:44	88.26749	72.86688	0.535	315.9
2020-02-19T12:54	88.26855	72.83305	0.530	316.0
2020-02-19T13:04	88.26960	72.79944	0.525	315.9
2020-02-19T13:14	88.27065	72.76580	0.525	315.8
2020-02-19T13:24	88.27169	72.73211	0.525	315.9
2020-02-19T13:34	88.27274	72.69846	0.526	316.1
2020-02-19T13:44	88.27379	72.66457	0.526	315.6
2020-02-19T13:54	88.27483	72.63079	0.524	315.7
2020-02-19T14:04	88.27589	72.59715	0.527	316.3
2020-02-19T14:14	88.27693	72.56308	0.527	315.6
2020-02-19T14:24	88.27798	72.52898	0.527	315.6
2020-02-19T14:34	88.27901	72.49539	0.520	315.7
2020-02-19T14:44	88.28005	72.46184	0.520	315.8
2020-02-19T14:54	88.28107	72.42799	0.520	315.3
2020-02-19T15:04	88.28210	72.39403	0.522	315.4
2020-02-19T15:14	88.28315	72.36000	0.525	315.7
2020-02-19T15:24	88.28420	72.32598	0.527	316.0
2020-02-19T15:34	88.28526	72.29182	0.529	315.9
2020-02-19T15:44	88.28632	72.25787	0.530	316.4
2020-02-19T15:54	88.28739	72.22374	0.532	316.3
2020-02-19T16:04	88.28847	72.18967	0.535	316.8
2020-02-19T16:14	88.28956	72.15567	0.536	317.0
2020-02-19T16:24	88.29064	72.12146	0.535	316.6
2020-02-19T16:34	88.29172	72.08720	0.536	316.7
2020-02-19T16:44	88.29279	72.05271	0.534	316.1
2020-02-19T16:54	88.29387	72.01813	0.537	316.4
2020-02-19T17:04	88.29497	71.98283	0.548	316.3
2020-02-19T17:14	88.29602	71.94939	0.519	316.4
2020-02-19T17:24	88.29707	71.91519	0.527	316.0
2020-02-19T17:34	88.29812	71.88091	0.527	315.9
2020-02-19T17:44	88.29916	71.84632	0.527	315.5
2020-02-19T17:54	88.30020	71.81183	0.524	315.4
2020-02-19T18:04	88.30123	71.77757	0.521	315.4
2020-02-19T18:14	88.30226	71.74328	0.521	315.4
2020-02-19T18:24	88.30329	71.70948	0.518	315.9
2020-02-19T18:34	88.30433	71.67474	0.527	315.4
2020-02-19T18:44	88.30532	71.64189	0.499	315.5
2020-02-19T18:54	88.30632	71.60832	0.507	315.1
2020-02-19T19:04	88.30729	71.57485	0.501	314.7
2020-02-19T19:14	88.30825	71.54170	0.493	314.4
2020-02-19T19:24	88.30919	71.50865	0.487	313.8
2020-02-19T19:34	88.31009	71.47550	0.480	312.8
2020-02-19T19:44	88.31097	71.44225	0.475	311.9
2020-02-19T19:54	88.31184	71.40893	0.473	311.6
2020-02-19T20:04	88.31278	71.37618	0.485	314.3
2020-02-19T20:14	88.31372	71.34367	0.483	314.5
2020-02-19T20:24	88.31466	71.31140	0.481	314.7
2020-02-19T20:34	88.31562	71.27881	0.487	315.0
2020-02-19T20:44	88.31656	71.24646	0.482	314.7
2020-02-19T20:54	88.31749	71.21427	0.478	314.6
2020-02-19T21:04	88.31842	71.18241	0.474	314.8
2020-02-19T21:14	88.31935	71.15070	0.474	315.0
2020-02-19T21:24	88.32027	71.11895	0.472	314.8
2020-02-19T21:34	88.32113	71.08719	0.455	312.6
2020-02-19T21:44	88.32196	71.05514	0.451	311.4
2020-02-19T21:54	88.32278	71.02358	0.444	311.5
2020-02-19T22:04	88.32361	70.99207	0.447	312.1
2020-02-19T22:14	88.32443	70.96081	0.444	312.2
2020-02-19T22:24	88.32528	70.92961	0.449	313.0
2020-02-19T22:34	88.32614	70.89842	0.449	313.1
2020-02-19T22:44	88.32699	70.86758	0.448	313.6
2020-02-19T22:54	88.32784	70.83688	0.444	313.4
2020-02-19T23:04	88.32869	70.80654	0.442	313.9
2020-02-19T23:14	88.32953	70.77627	0.439	313.7
2020-02-19T23:24	88.33037	70.74626	0.435	313.6
2020-02-19T23:34	88.33120	70.71632	0.434	313.7
2020-02-19T23:44	88.33203	70.68643	0.432	313.5
2020-02-19T23:54	88.33283	70.65689	0.424	313.1
2020-02-20T00:04	88.33361	70.62734	0.419	312.4
2020-02-20T00:14	88.33439	70.59775	0.417	312.0
2020-02-20T00:24	88.33516	70.56775	0.420	311.6
2020-02-20T00:34	88.33594	70.53792	0.419	311.9
2020-02-20T00:44	88.33671	70.50794	0.419	311.5
2020-02-20T00:54	88.33748	70.47783	0.418	311.2
2020-02-20T01:04	88.33825	70.44822	0.417	312.2
2020-02-20T01:14	88.33902	70.41848	0.414	311.5
2020-02-20T01:24	88.33976	70.38862	0.412	310.8
2020-02-20T01:34	88.34050	70.35879	0.408	310.4
2020-02-20T01:44	88.34122	70.32917	0.404	310.2
2020-02-20T01:54	88.34196	70.29946	0.407	310.5
2020-02-20T02:04	88.34270	70.26995	0.408	311.1
2020-02-20T02:14	88.34342	70.24105	0.396	310.6
2020-02-20T02:24	88.34412	70.21177	0.397	309.9
2020-02-20T02:34	88.34485	70.18219	0.404	310.5
2020-02-20T02:44	88.34561	70.15283	0.408	311.6
2020-02-20T02:54	88.34636	70.12347	0.408	311.6
2020-02-20T03:04	88.34709	70.09406	0.404	310.9
2020-02-20T03:14	88.34787	70.06416	0.419	312.2
2020-02-20T03:24	88.34868	70.03388	0.428	312.7
2020-02-20T03:34	88.34947	70.00349	0.425	312.2
2020-02-20T03:44	88.35029	69.97311	0.431	313.1
2020-02-20T03:54	88.35111	69.94313	0.428	313.5
2020-02-20T04:04	88.35193	69.91336	0.426	313.7
2020-02-20T04:14	88.35276	69.88359	0.428	314.0
2020-02-20T04:24	88.35358	69.85390	0.428	314.1
2020-02-20T04:34	88.35440	69.82440	0.425	314.1
2020-02-20T04:44	88.35523	69.79459	0.428	314.0
2020-02-20T04:54	88.35606	69.76506	0.428	314.5
2020-02-20T05:04	88.35689	69.73548	0.427	314.3
2020-02-20T05:14	88.35772	69.70597	0.427	314.4
2020-02-20T05:24	88.35855	69.67660	0.425	314.6
2020-02-20T05:34	88.35937	69.64769	0.421	314.9
2020-02-20T05:44	88.36019	69.61897	0.417	314.8
2020-02-20T05:54	88.36100	69.59051	0.414	314.9
2020-02-20T06:04	88.36180	69.56218	0.410	314.7
2020-02-20T06:14	88.36259	69.53401	0.407	314.6
2020-02-20T06:24	88.36339	69.50605	0.406	314.9
2020-02-20T06:34	88.36418	69.47811	0.405	314.8
2020-02-20T06:44	88.36497	69.45045	0.401	314.9
2020-02-20T06:54	88.36575	69.42332	0.395	315.2
2020-02-20T07:04	88.36651	69.39624	0.392	314.8
2020-02-20T07:14	88.36727	69.36943	0.389	315.0
2020-02-20T07:24	88.36803	69.34300	0.384	315.1
2020-02-20T07:34	88.36878	69.31656	0.383	315.0
2020-02-20T07:44	88.36953	69.28996	0.383	314.7
2020-02-20T07:54	88.37027	69.26328	0.383	314.4
2020-02-20T08:04	88.37101	69.23661	0.380	314.1
2020-02-20T08:14	88.37174	69.20990	0.379	313.9
2020-02-20T08:24	88.37248	69.18310	0.382	314.2
2020-02-20T08:34	88.37321	69.15656	0.379	314.2
2020-02-20T08:44	88.37394	69.12987	0.379	314.0
2020-02-20T08:54	88.37469	69.10300	0.385	314.6
2020-02-20T09:04	88.37544	69.07638	0.382	314.7
2020-02-20T09:14	88.37620	69.04976	0.385	315.1
2020-02-20T09:24	88.37696	69.02326	0.385	315.4
2020-02-20T09:34	88.37772	68.99694	0.385	315.8
2020-02-20T09:44	88.37848	68.97080	0.382	315.7
2020-02-20T09:54	88.37926	68.94462	0.386	316.3
2020-02-20T10:04	88.38003	68.91901	0.381	316.8
2020-02-20T10:14	88.38081	68.89325	0.386	317.2
2020-02-20T10:24	88.38159	68.86788	0.381	317.4
2020-02-20T10:34	88.38238	68.84284	0.383	318.3
2020-02-20T10:44	88.38319	68.81825	0.382	319.2
2020-02-20T10:54	88.38400	68.79392	0.384	320.0
2020-02-20T11:04	88.38482	68.76996	0.381	320.4
2020-02-20T11:14	88.38566	68.74629	0.385	321.5
2020-02-20T11:24	88.38650	68.72290	0.385	322.0
2020-02-20T11:34	88.38735	68.69976	0.386	322.6
2020-02-20T11:44	88.38821	68.67695	0.386	323.2
2020-02-20T11:54	88.38908	68.65439	0.386	323.8
2020-02-20T12:04	88.38995	68.63251	0.384	324.8
2020-02-20T12:14	88.39083	68.61078	0.388	325.5
2020-02-20T12:24	88.39173	68.58951	0.388	326.4
2020-02-20T12:34	88.39264	68.56858	0.388	327.0
2020-02-20T12:44	88.39355	68.54805	0.388	327.7
2020-02-20T12:54	88.39446	68.52813	0.386	328.6
2020-02-20T13:04	88.39538	68.50907	0.382	329.8
2020-02-20T13:14	88.39630	68.49068	0.382	331.0
2020-02-20T13:24	88.39725	68.47300	0.385	332.5
2020-02-20T13:34	88.39820	68.45575	0.384	333.1
2020-02-20T13:44	88.39917	68.43934	0.384	334.5
2020-02-20T13:54	88.40014	68.42349	0.386	335.6
2020-02-20T14:04	88.40112	68.40817	0.385	336.4
2020-02-20T14:14	88.40210	68.39368	0.383	337.6
2020-02-20T14:24	88.40308	68.37951	0.380	338.0
2020-02-20T14:34	88.40406	68.36569	0.378	338.5
2020-02-20T14:44	88.40504	68.35281	0.375	339.9
2020-02-20T14:54	88.40602	68.34046	0.374	340.7
2020-02-20T15:04	88.40700	68.32866	0.372	341.5
2020-02-20T15:14	88.40797	68.31742	0.369	342.2
2020-02-20T15:24	88.40894	68.30643	0.364	342.4
2020-02-20T15:34	88.40989	68.29571	0.360	342.7
2020-02-20T15:44	88.41083	68.28547	0.355	343.3
2020-02-20T15:54	88.41179	68.27586	0.357	344.4
2020-02-20T16:04	88.41274	68.26683	0.356	345.3
2020-02-20T16:14	88.41369	68.25825	0.351	345.9
2020-02-20T16:24	88.41463	68.24998	0.350	346.4
2020-02-20T16:34	88.41555	68.24147	0.342	345.7
2020-02-20T16:44	88.41648	68.23268	0.345	345.3
2020-02-20T16:54	88.41739	68.22381	0.340	345.0
2020-02-20T17:04	88.41829	68.21516	0.335	345.1
2020-02-20T17:14	88.41918	68.20643	0.331	344.8
2020-02-20T17:24	88.42004	68.19759	0.324	344.3
2020-02-20T17:34	88.42091	68.18935	0.324	345.4
2020-02-20T17:44	88.42177	68.18128	0.320	345.5
2020-02-20T17:54	88.42261	68.17289	0.314	344.6
2020-02-20T18:04	88.42342	68.16412	0.303	343.4
2020-02-20T18:14	88.42421	68.15555	0.297	343.4
2020-02-20T18:24	88.42498	68.14757	0.291	344.3
2020-02-20T18:34	88.42575	68.13916	0.289	343.3
2020-02-20T18:44	88.42649	68.13029	0.280	341.8
2020-02-20T18:54	88.42721	68.12093	0.276	340.4
2020-02-20T19:04	88.42792	68.11092	0.273	338.7
2020-02-20T19:14	88.42862	68.10034	0.272	337.4
2020-02-20T19:24	88.42931	68.08972	0.270	337.1
2020-02-20T19:34	88.42998	68.07816	0.268	334.8
2020-02-20T19:44	88.43064	68.06607	0.265	333.2
2020-02-20T19:54	88.43130	68.05375	0.269	333.1
2020-02-20T20:04	88.43197	68.04116	0.270	332.7
2020-02-20T20:14	88.43264	68.02825	0.273	332.3
2020-02-20T20:24	88.43333	68.01463	0.282	331.6
2020-02-20T20:34	88.43400	68.00018	0.279	329.4
2020-02-20T20:44	88.43464	67.98529	0.275	327.8
2020-02-20T20:54	88.43530	67.97022	0.281	328.2
2020-02-20T21:04	88.43598	67.95508	0.285	328.5
2020-02-20T21:14	88.43666	67.94001	0.286	328.8
2020-02-20T21:24	88.43732	67.92396	0.286	326.5
2020-02-20T21:34	88.43798	67.90702	0.289	325.0
2020-02-20T21:44	88.43864	67.89015	0.290	325.2
2020-02-20T21:54	88.43931	67.87310	0.293	325.3
2020-02-20T22:04	88.43999	67.85529	0.301	324.6
2020-02-20T22:14	88.44066	67.83764	0.297	324.4
2020-02-20T22:24	88.44135	67.81938	0.305	324.1
2020-02-20T22:34	88.44205	67.80047	0.312	323.6
2020-02-20T22:44	88.44278	67.78032	0.328	323.1
2020-02-20T22:54	88.44350	67.75893	0.334	321.3
2020-02-20T23:04	88.44424	67.73647	0.345	320.5
2020-02-20T23:14	88.44499	67.71430	0.347	321.3
2020-02-20T23:24	88.44574	67.69244	0.344	321.7
2020-02-20T23:34	88.44650	67.67046	0.347	321.8
2020-02-20T23:44	88.44727	67.64887	0.347	322.6
2020-02-20T23:54	88.44805	67.62715	0.351	322.9
2020-02-21T00:04	88.44883	67.60571	0.350	323.3
2020-02-21T00:14	88.44961	67.58481	0.349	324.3
2020-02-21T00:24	88.45039	67.56435	0.342	324.4
2020-02-21T00:34	88.45116	67.54433	0.341	325.1
2020-02-21T00:44	88.45195	67.52459	0.343	325.9
2020-02-21T00:54	88.45273	67.50521	0.338	326.2
2020-02-21T01:04	88.45351	67.48622	0.336	326.7
2020-02-21T01:14	88.45429	67.46763	0.334	327.3
2020-02-21T01:24	88.45507	67.44897	0.332	326.9
2020-02-21T01:34	88.45583	67.43055	0.328	327.0
2020-02-21T01:44	88.45659	67.41231	0.327	327.3
2020-02-21T01:54	88.45737	67.39423	0.330	327.9
2020-02-21T02:04	88.45815	67.37657	0.327	328.5
2020-02-21T02:14	88.45892	67.35924	0.325	328.9
2020-02-21T02:24	88.45969	67.34207	0.325	329.3
2020-02-21T02:34	88.46048	67.32505	0.328	329.9
2020-02-21T02:44	88.46127	67.30842	0.326	330.4
2020-02-21T02:54	88.46205	67.29177	0.324	330.2
2020-02-21T03:04	88.46284	67.27546	0.325	331.0
2020-02-21T03:14	88.46362	67.25918	0.322	330.8
2020-02-21T03:24	88.46440	67.24325	0.322	331.5
2020-02-21T03:34	88.46519	67.22757	0.321	331.9
2020-02-21T03:44	88.46597	67.21193	0.319	331.8
2020-02-21T03:54	88.46676	67.19622	0.320	331.8
2020-02-21T04:04	88.46753	67.18057	0.317	331.6
2020-02-21T04:14	88.46832	67.16498	0.321	332.2
2020-02-21T04:24	88.46910	67.14937	0.318	331.9
2020-02-21T04:34	88.46988	67.13366	0.319	331.8
2020-02-21T04:44	88.47064	67.11778	0.314	330.9
2020-02-21T04:54	88.47141	67.10177	0.317	331.0
2020-02-21T05:04	88.47219	67.08582	0.318	331.3
2020-02-21T05:14	88.47296	67.06947	0.319	330.5
2020-02-21T05:24	88.47372	67.05317	0.315	330.3
2020-02-21T05:34	88.47448	67.03686	0.315	330.2
2020-02-21T05:44	88.47524	67.02048	0.316	330.2
2020-02-21T05:54	88.47600	67.00425	0.314	330.3
2020-02-21T06:04	88.47675	66.98810	0.312	330.3
2020-02-21T06:14	88.47750	66.97183	0.311	330.0
2020-02-21T06:24	88.47824	66.95540	0.311	329.6
2020-02-21T06:34	88.47899	66.93901	0.311	329.8
2020-02-21T06:44	88.47973	66.92259	0.311	329.7
2020-02-21T06:54	88.48048	66.90637	0.310	330.0
2020-02-21T07:04	88.48123	66.88979	0.312	329.5
2020-02-21T07:14	88.48197	66.87319	0.311	329.5
2020-02-21T07:24	88.48271	66.85643	0.311	329.1
2020-02-21T07:34	88.48347	66.83955	0.315	329.3
2020-02-21T07:44	88.48422	66.82233	0.318	328.9
2020-02-21T07:54	88.48497	66.80539	0.315	329.2
2020-02-21T08:04	88.48573	66.78818	0.318	329.0
2020-02-21T08:14	88.48648	66.77113	0.316	329.1
2020-02-21T08:24	88.48726	66.75387	0.324	329.6
2020-02-21T08:34	88.48803	66.73680	0.321	329.6
2020-02-21T08:44	88.48880	66.71964	0.323	329.7
2020-02-21T08:54	88.48958	66.70271	0.324	330.2
2020-02-21T09:04	88.49036	66.68584	0.321	330.1
2020-02-21T09:14	88.49113	66.66921	0.321	330.6
2020-02-21T09:24	88.49190	66.65268	0.318	330.5
2020-02-21T09:34	88.49267	66.63641	0.315	330.7
2020-02-21T09:44	88.49343	66.62065	0.312	331.4
2020-02-21T09:54	88.49418	66.60467	0.310	330.8
2020-02-21T10:04	88.49494	66.58939	0.309	332.1
2020-02-21T10:14	88.49569	66.57397	0.307	331.7
2020-02-21T10:24	88.49643	66.55880	0.303	331.7
2020-02-21T10:34	88.49718	66.54358	0.306	332.0
2020-02-21T10:44	88.49792	66.52897	0.300	332.6
2020-02-21T10:54	88.49866	66.51414	0.301	332.3
2020-02-21T11:04	88.49940	66.49975	0.300	333.1
2020-02-21T11:14	88.50014	66.48569	0.297	333.5
2020-02-21T11:24	88.50088	66.47207	0.295	334.2
2020-02-21T11:34	88.50161	66.45840	0.295	334.1
2020-02-21T11:44	88.50235	66.44500	0.293	334.5
2020-02-21T11:54	88.50308	66.43139	0.295	334.2
2020-02-21T12:04	88.50384	66.41785	0.300	334.9
2020-02-21T12:14	88.50460	66.40505	0.300	336.4
2020-02-21T12:24	88.50536	66.39303	0.295	337.5
2020-02-21T12:34	88.50611	66.38109	0.293	337.5
2020-02-21T12:44	88.50685	66.36924	0.287	337.2
2020-02-21T12:54	88.50758	66.35774	0.285	337.8
2020-02-21T13:04	88.50830	66.34644	0.281	337.9
2020-02-21T13:14	88.50903	66.33551	0.282	338.7
2020-02-21T13:24	88.50975	66.32461	0.278	338.5
2020-02-21T13:34	88.51047	66.31391	0.276	338.7
2020-02-21T13:44	88.51117	66.30325	0.271	338.4
2020-02-21T13:54	88.51186	66.29236	0.269	337.8
2020-02-21T14:04	88.51256	66.28199	0.273	339.2
2020-02-21T14:14	88.51326	66.27155	0.269	338.8
2020-02-21T14:24	88.51397	66.26097	0.273	338.8
2020-02-21T14:34	88.51467	66.25023	0.273	338.5
2020-02-21T14:44	88.51538	66.23936	0.274	338.2
2020-02-21T14:54	88.51608	66.22873	0.272	338.6
2020-02-21T15:04	88.51679	66.21798	0.273	338.5
2020-02-21T15:14	88.51749	66.20704	0.273	338.1
2020-02-21T15:24	88.51821	66.19527	0.281	337.0
2020-02-21T15:34	88.51893	66.18347	0.282	337.1
2020-02-21T15:44	88.51966	66.17162	0.283	337.1
2020-02-21T15:54	88.52039	66.15932	0.287	336.6
2020-02-21T16:04	88.52112	66.14662	0.289	335.9
2020-02-21T16:14	88.52187	66.13383	0.295	336.2
2020-02-21T16:24	88.52262	66.12080	0.296	335.9
2020-02-21T16:34	88.52338	66.10747	0.298	335.5
2020-02-21T16:44	88.52413	66.09377	0.302	335.1
2020-02-21T16:54	88.52490	66.07995	0.302	334.9
2020-02-21T17:04	88.52565	66.06667	0.300	335.8
2020-02-21T17:14	88.52644	66.05306	0.311	336.1
2020-02-21T17:24	88.52723	66.03939	0.309	335.8
2020-02-21T17:34	88.52802	66.02557	0.314	336.0
2020-02-21T17:44	88.52881	66.01166	0.312	335.7
2020-02-21T17:54	88.52960	65.99765	0.313	335.6
2020-02-21T18:04	88.53040	65.98342	0.316	335.4
2020-02-21T18:14	88.53120	65.96903	0.318	335.3
2020-02-21T18:24	88.53202	65.95478	0.321	335.8
2020-02-21T18:34	88.53282	65.94006	0.318	334.8
2020-02-21T18:44	88.53362	65.92613	0.315	336.0
2020-02-21T18:54	88.53441	65.91223	0.315	336.0
2020-02-21T19:04	88.53521	65.89839	0.314	336.1
2020-02-21T19:14	88.53601	65.88481	0.315	336.6
2020-02-21T19:24	88.53681	65.87144	0.313	336.9
2020-02-21T19:34	88.53761	65.85801	0.313	336.8
2020-02-21T19:44	88.53840	65.84446	0.310	336.3
2020-02-21T19:54	88.53917	65.83111	0.303	336.2
2020-02-21T20:04	88.53992	65.81822	0.294	336.3
2020-02-21T20:14	88.54068	65.80529	0.297	336.5
2020-02-21T20:24	88.54140	65.79257	0.287	336.0
2020-02-21T20:34	88.54213	65.77976	0.285	335.7
2020-02-21T20:44	88.54286	65.76673	0.289	335.6
2020-02-21T20:54	88.54358	65.75359	0.286	335.1
2020-02-21T21:04	88.54428	65.74045	0.282	334.8
2020-02-21T21:14	88.54498	65.72714	0.279	334.1
2020-02-21T21:24	88.54566	65.71384	0.272	333.4
2020-02-21T21:34	88.54633	65.70130	0.268	334.7
2020-02-21T21:44	88.54698	65.68806	0.264	332.7
2020-02-21T21:54	88.54762	65.67490	0.260	332.4
2020-02-21T22:04	88.54825	65.66199	0.257	332.7
2020-02-21T22:14	88.54891	65.64939	0.263	334.0
2020-02-21T22:24	88.54956	65.63790	0.257	336.0
2020-02-21T22:34	88.55017	65.62632	0.243	334.3
2020-02-21T22:44	88.55071	65.61271	0.231	327.5
2020-02-21T22:54	88.55124	65.59829	0.231	325.4
2020-02-21T23:04	88.55177	65.58379	0.232	325.3
2020-02-21T23:14	88.55229	65.56928	0.230	325.0
2020-02-21T23:24	88.55280	65.55498	0.223	324.4
2020-02-21T23:34	88.55331	65.54077	0.224	324.7
2020-02-21T23:44	88.55380	65.52696	0.218	324.8
2020-02-21T23:54	88.55431	65.51318	0.222	325.7
2020-02-22T00:04	88.55482	65.49904	0.224	325.0
2020-02-22T00:14	88.55531	65.48496	0.217	324.0
2020-02-22T00:24	88.55579	65.47074	0.217	323.5
2020-02-22T00:34	88.55627	65.45640	0.215	322.7
2020-02-22T00:44	88.55675	65.44237	0.215	323.7
2020-02-22T00:54	88.55723	65.42812	0.217	323.5
2020-02-22T01:04	88.55772	65.41365	0.219	323.2
2020-02-22T01:14	88.55821	65.39945	0.218	323.8
2020-02-22T01:24	88.55869	65.38451	0.222	322.3
2020-02-22T01:34	88.55917	65.36983	0.216	322.0
2020-02-22T01:44	88.55964	65.35522	0.215	322.0
2020-02-22T01:54	88.56009	65.34114	0.207	322.0
2020-02-22T02:04	88.56053	65.32719	0.203	321.6
2020-02-22T02:14	88.56099	65.31333	0.208	323.0
2020-02-22T02:24	88.56146	65.29972	0.207	323.6
2020-02-22T02:34	88.56191	65.28636	0.203	323.5
2020-02-22T02:44	88.56236	65.27384	0.197	324.9
2020-02-22T02:54	88.56279	65.26200	0.190	325.8
2020-02-22T03:04	88.56322	65.25032	0.187	325.7
2020-02-22T03:14	88.56366	65.23757	0.196	324.1
2020-02-22T03:24	88.56409	65.22430	0.196	322.2
2020-02-22T03:34	88.56452	65.21077	0.195	321.3
2020-02-22T03:44	88.56495	65.19705	0.198	321.3
2020-02-22T03:54	88.56537	65.18345	0.194	320.9
2020-02-22T04:04	88.56578	65.16989	0.193	320.7
2020-02-22T04:14	88.56621	65.15618	0.197	321.1
2020-02-22T04:24	88.56662	65.14229	0.194	319.9
2020-02-22T04:34	88.56701	65.12827	0.189	318.2
2020-02-22T04:44	88.56740	65.11437	0.188	318.3
2020-02-22T04:54	88.56779	65.10046	0.189	318.4
2020-02-22T05:04	88.56817	65.08620	0.187	316.6
2020-02-22T05:14	88.56853	65.07214	0.181	315.6
2020-02-22T05:24	88.56887	65.05842	0.174	314.9
2020-02-22T05:34	88.56921	65.04454	0.174	314.3
2020-02-22T05:44	88.56955	65.03070	0.175	314.7
2020-02-22T05:54	88.56988	65.01674	0.173	313.5
2020-02-22T06:04	88.57021	65.00269	0.174	313.5
2020-02-22T06:14	88.57053	64.98797	0.174	310.5
2020-02-22T06:24	88.57083	64.97311	0.172	309.2
2020-02-22T06:34	88.57114	64.95875	0.171	311.2
2020-02-22T06:44	88.57146	64.94375	0.178	310.8
2020-02-22T06:54	88.57177	64.92932	0.169	310.0
2020-02-22T07:04	88.57207	64.91498	0.169	310.5
2020-02-22T07:14	88.57236	64.90091	0.163	309.1
2020-02-22T07:24	88.57263	64.88702	0.159	308.2
2020-02-22T07:34	88.57291	64.87331	0.159	309.3
2020-02-22T07:44	88.57318	64.85881	0.162	306.8
2020-02-22T07:54	88.57342	64.84515	0.150	305.4
2020-02-22T08:04	88.57364	64.83127	0.148	302.7
2020-02-22T08:14	88.57386	64.81807	0.143	304.1
2020-02-22T08:24	88.57408	64.80448	0.145	302.7
2020-02-22T08:34	88.57428	64.79102	0.140	300.8
2020-02-22T08:44	88.57448	64.77686	0.146	299.9
2020-02-22T08:54	88.57469	64.76193	0.152	298.6
2020-02-22T09:04	88.57489	64.74760	0.148	300.1
2020-02-22T09:14	88.57509	64.73415	0.141	301.1
2020-02-22T09:24	88.57523	64.72171	0.122	293.6
2020-02-22T09:34	88.57538	64.71019	0.116	297.2
2020-02-22T09:44	88.57552	64.69790	0.122	295.5
2020-02-22T09:54	88.57566	64.68478	0.128	293.4
2020-02-22T10:04	88.57580	64.67235	0.121	293.6
2020-02-22T10:14	88.57593	64.66083	0.114	295.0
2020-02-22T10:24	88.57608	64.64963	0.113	297.9
2020-02-22T10:34	88.57622	64.63874	0.110	297.6
2020-02-22T10:44	88.57635	64.62821	0.105	296.7
2020-02-22T10:54	88.57649	64.61709	0.112	297.1
2020-02-22T11:04	88.57663	64.60543	0.115	295.2
2020-02-22T11:14	88.57677	64.59276	0.124	294.4
2020-02-22T11:24	88.57693	64.58001	0.127	296.2
2020-02-22T11:34	88.57706	64.56694	0.126	292.1
2020-02-22T11:44	88.57716	64.55482	0.114	288.0
2020-02-22T11:54	88.57726	64.54312	0.111	289.0
2020-02-22T12:04	88.57736	64.53073	0.117	288.6
2020-02-22T12:14	88.57746	64.51882	0.113	288.9
2020-02-22T12:24	88.57757	64.50787	0.105	291.8
2020-02-22T12:34	88.57767	64.49717	0.103	291.6
2020-02-22T12:44	88.57778	64.48614	0.105	290.5
2020-02-22T12:54	88.57787	64.47564	0.100	290.4
2020-02-22T13:04	88.57798	64.46522	0.100	291.7
2020-02-22T13:14	88.57808	64.45545	0.095	293.1
2020-02-22T13:24	88.57818	64.44561	0.095	291.6
2020-02-22T13:34	88.57829	64.43568	0.097	294.0
2020-02-22T13:44	88.57840	64.42504	0.104	294.0
2020-02-22T13:54	88.57851	64.41530	0.094	292.9
2020-02-22T14:04	88.57859	64.40603	0.089	290.9
2020-02-22T14:14	88.57866	64.39721	0.082	286.8
2020-02-22T14:24	88.57871	64.38799	0.084	281.9
2020-02-22T14:34	88.57874	64.37918	0.079	277.5
2020-02-22T14:44	88.57877	64.36990	0.084	278.4
2020-02-22T14:54	88.57878	64.36155	0.075	272.6
2020-02-22T15:04	88.57878	64.35316	0.075	270.2
2020-02-22T15:14	88.57876	64.34443	0.078	265.2
2020-02-22T15:24	88.57869	64.33519	0.086	252.5
2020-02-22T15:34	88.57858	64.32533	0.096	246.4
2020-02-22T15:44	88.57844	64.31509	0.104	241.3
2020-02-22T15:54	88.57828	64.30493	0.107	237.6
2020-02-22T16:04	88.57811	64.29403	0.115	237.9
2020-02-22T16:14	88.57794	64.28285	0.118	237.5
2020-02-22T16:24	88.57776	64.27100	0.124	238.9
2020-02-22T16:34	88.57758	64.25856	0.129	239.5
2020-02-22T16:44	88.57741	64.24334	0.149	246.4
2020-02-22T16:54	88.57727	64.22761	0.150	249.7
2020-02-22T17:04	88.57710	64.21214	0.151	246.8
2020-02-22T17:14	88.57694	64.19663	0.151	246.6
2020-02-22T17:24	88.57680	64.17976	0.159	251.7
2020-02-22T17:34	88.57669	64.16119	0.170	257.0
2020-02-22T17:44	88.57660	64.14205	0.174	259.4
2020-02-22T17:54	88.57654	64.12215	0.179	262.7
2020-02-22T18:04	88.57651	64.10210	0.180	266.6
2020-02-22T18:14	88.57648	64.08208	0.179	267.1
2020-02-22T18:24	88.57645	64.06155	0.184	266.4
2020-02-22T18:34	88.57642	64.04056	0.188	266.6
2020-02-22T18:44	88.57637	64.01991	0.186	264.6
2020-02-22T18:54	88.57633	63.99909	0.187	265.5
2020-02-22T19:04	88.57630	63.97799	0.189	266.6
2020-02-22T19:14	88.57627	63.95609	0.196	267.1
2020-02-22T19:24	88.57626	63.93359	0.201	268.9
2020-02-22T19:34	88.57626	63.91035	0.208	269.5
2020-02-22T19:44	88.57626	63.88660	0.213	270.8
2020-02-22T19:54	88.57628	63.86221	0.218	271.7
2020-02-22T20:04	88.57628	63.83810	0.216	269.8
2020-02-22T20:14	88.57628	63.81435	0.213	269.6
2020-02-22T20:24	88.57628	63.79054	0.213	270.0
2020-02-22T20:34	88.57629	63.76622	0.218	271.6
2020-02-22T20:44	88.57631	63.74149	0.221	272.0
2020-02-22T20:54	88.57633	63.71651	0.224	271.8
2020-02-22T21:04	88.57635	63.69172	0.222	271.2
2020-02-22T21:14	88.57637	63.66641	0.227	272.0
2020-02-22T21:24	88.57637	63.63996	0.237	270.4
2020-02-22T21:34	88.57637	63.61287	0.242	270.0
2020-02-22T21:44	88.57636	63.58578	0.242	268.6
2020-02-22T21:54	88.57634	63.55927	0.237	268.5
2020-02-22T22:04	88.57633	63.53248	0.240	269.3
2020-02-22T22:14	88.57632	63.50578	0.239	269.2
2020-02-22T22:24	88.57631	63.47948	0.235	268.7
2020-02-22T22:34	88.57628	63.45312	0.236	267.9
2020-02-22T22:44	88.57627	63.42726	0.231	268.7
2020-02-22T22:54	88.57625	63.40224	0.224	268.5
2020-02-22T23:04	88.57624	63.37683	0.227	268.9
2020-02-22T23:14	88.57623	63.35170	0.225	269.0
2020-02-22T23:24	88.57623	63.32619	0.228	270.1
2020-02-22T23:34	88.57626	63.30045	0.231	273.2
2020-02-22T23:44	88.57633	63.27437	0.234	275.6
2020-02-22T23:54	88.57640	63.24827	0.235	276.8
2020-02-23T00:04	88.57648	63.22249	0.232	276.5
2020-02-23T00:14	88.57655	63.19759	0.224	276.8
2020-02-23T00:24	88.57661	63.17263	0.224	275.7
2020-02-23T00:34	88.57668	63.14772	0.224	275.8
2020-02-23T00:44	88.57674	63.12173	0.234	275.8
2020-02-23T00:54	88.57681	63.09543	0.236	275.7
2020-02-23T01:04	88.57689	63.07007	0.229	277.2
2020-02-23T01:14	88.57699	63.04488	0.228	279.2
2020-02-23T01:24	88.57710	63.01974	0.228	280.2
2020-02-23T01:34	88.57721	62.99497	0.225	280.2
2020-02-23T01:44	88.57732	62.97018	0.226	280.7
2020-02-23T01:54	88.57744	62.94573	0.222	280.5
2020-02-23T02:04	88.57757	62.92094	0.227	282.0
2020-02-23T02:14	88.57772	62.89522	0.237	283.7
2020-02-23T02:24	88.57789	62.86901	0.242	284.7
2020-02-23T02:34	88.57807	62.84227	0.247	284.9
2020-02-23T02:44	88.57820	62.81565	0.242	281.2
2020-02-23T02:54	88.57831	62.79040	0.229	279.7
2020-02-23T03:04	88.57840	62.76583	0.222	278.7
2020-02-23T03:14	88.57851	62.74060	0.229	280.2
2020-02-23T03:24	88.57864	62.71503	0.233	281.4
2020-02-23T03:34	88.57879	62.68944	0.235	283.5
2020-02-23T03:44	88.57897	62.66438	0.233	285.9
2020-02-23T03:54	88.57916	62.63896	0.237	286.5
2020-02-23T04:04	88.57934	62.61350	0.237	286.2
2020-02-23T04:14	88.57953	62.58801	0.238	286.7
2020-02-23T04:24	88.57974	62.56255	0.239	288.5
2020-02-23T04:34	88.57995	62.53714	0.239	288.3
2020-02-23T04:44	88.58017	62.51142	0.243	289.5
2020-02-23T04:54	88.58043	62.48449	0.258	291.5
2020-02-23T05:04	88.58071	62.45692	0.265	291.7
2020-02-23T05:14	88.58095	62.43073	0.249	290.4
2020-02-23T05:24	88.58117	62.40481	0.244	288.9
2020-02-23T05:34	88.58140	62.37898	0.245	290.1
2020-02-23T05:44	88.58162	62.35329	0.243	289.3
2020-02-23T05:54	88.58185	62.32832	0.237	290.1
2020-02-23T06:04	88.58209	62.30289	0.243	291.0
2020-02-23T06:14	88.58235	62.27670	0.251	292.0
2020-02-23T06:24	88.58260	62.25015	0.252	290.5
2020-02-23T06:34	88.58287	62.22361	0.255	292.4
2020-02-23T06:44	88.58318	62.19672	0.265	295.3
2020-02-23T06:54	88.58350	62.16927	0.270	295.1
2020-02-23T07:04	88.58381	62.14153	0.271	294.2
2020-02-23T07:14	88.58411	62.11380	0.269	293.6
2020-02-23T07:24	88.58438	62.08590	0.267	291.8
2020-02-23T07:34	88.58468	62.05756	0.274	292.9
2020-02-23T07:44	88.58497	62.02894	0.276	292.6
2020-02-23T07:54	88.58529	62.00027	0.279	293.9
2020-02-23T08:04	88.58561	61.97213	0.276	295.0
2020-02-23T08:14	88.58590	61.94318	0.278	292.5
2020-02-23T08:24	88.58618	61.91472	0.272	291.8
2020-02-23T08:34	88.58646	61.88542	0.278	290.7
2020-02-23T08:44	88.58673	61.85681	0.273	291.3
2020-02-23T08:54	88.58701	61.82896	0.267	292.3
2020-02-23T09:04	88.58730	61.80067	0.272	292.6
2020-02-23T09:14	88.58759	61.77250	0.270	292.4
2020-02-23T09:24	88.58787	61.74437	0.269	291.7
2020-02-23T09:34	88.58816	61.71584	0.274	292.5
2020-02-23T09:44	88.58846	61.68643	0.282	292.5
2020-02-23T09:54	88.58876	61.65662	0.286	292.3
2020-02-23T10:04	88.58906	61.62658	0.288	292.4
2020-02-23T10:14	88.58936	61.59651	0.288	292.1
2020-02-23T10:24	88.58966	61.56634	0.287	291.6
2020-02-23T10:34	88.58994	61.53661	0.283	291.4
2020-02-23T10:44	88.59024	61.50642	0.288	291.8
2020-02-23T10:54	88.59056	61.47562	0.296	292.8
2020-02-23T11:04	88.59086	61.44456	0.296	291.9
2020-02-23T11:14	88.59117	61.41339	0.298	292.1
2020-02-23T11:24	88.59149	61.38233	0.298	292.7
2020-02-23T11:34	88.59179	61.35129	0.295	291.5
2020-02-23T11:44	88.59208	61.32069	0.290	291.0
2020-02-23T11:54	88.59235	61.29030	0.286	289.7
2020-02-23T12:04	88.59262	61.25966	0.289	290.2
2020-02-23T12:14	88.59288	61.22935	0.284	289.2
2020-02-23T12:24	88.59314	61.19895	0.284	289.1
2020-02-23T12:34	88.59339	61.16883	0.281	288.6
2020-02-23T12:44	88.59364	61.13849	0.282	288.3
2020-02-23T12:54	88.59386	61.10849	0.277	286.8
2020-02-23T13:04	88.59410	61.07795	0.283	287.8
2020-02-23T13:14	88.59434	61.04712	0.285	287.3
2020-02-23T13:24	88.59457	61.01604	0.287	287.1
2020-02-23T13:34	88.59479	60.98481	0.287	286.3
2020-02-23T13:44	88.59500	60.95349	0.286	285.0
2020-02-23T13:54	88.59519	60.92276	0.280	283.9
2020-02-23T14:04	88.59536	60.89221	0.277	283.4
2020-02-23T14:14	88.59552	60.86180	0.274	282.1
2020-02-23T14:24	88.59567	60.83092	0.278	281.2
2020-02-23T14:34	88.59580	60.79979	0.278	279.5
2020-02-23T14:44	88.59594	60.76846	0.281	279.9
2020-02-23T14:54	88.59607	60.73745	0.278	279.8
2020-02-23T15:04	88.59622	60.70675	0.276	281.2
2020-02-23T15:14	88.59633	60.67574	0.277	278.6
2020-02-23T15:24	88.59644	60.64397	0.283	278.2
2020-02-23T15:34	88.59656	60.61195	0.286	278.8
2020-02-23T15:44	88.59669	60.57888	0.295	278.9
2020-02-23T15:54	88.59682	60.54517	0.301	279.1
2020-02-23T16:04	88.59694	60.51034	0.310	277.6
2020-02-23T16:14	88.59705	60.47586	0.307	277.6
2020-02-23T16:24	88.59714	60.44161	0.304	276.4
2020-02-23T16:34	88.59724	60.40682	0.309	276.8
2020-02-23T16:44	88.59733	60.37192	0.309	275.6
2020-02-23T16:54	88.59739	60.33747	0.305	274.5
2020-02-23T17:04	88.59746	60.30273	0.307	274.5
2020-02-23T17:14	88.59752	60.26764	0.310	274.2
2020-02-23T17:24	88.59759	60.23208	0.314	274.4
2020-02-23T17:34	88.59767	60.19613	0.318	275.0
2020-02-23T17:44	88.59772	60.16012	0.318	273.9
2020-02-23T17:54	88.59777	60.12399	0.319	272.8
2020-02-23T18:04	88.59783	60.08723	0.325	274.1
2020-02-23T18:14	88.59789	60.04980	0.330	273.8
2020-02-23T18:24	88.59795	60.01122	0.341	273.6
2020-02-23T18:34	88.59801	59.97228	0.344	273.6
2020-02-23T18:44	88.59807	59.93274	0.349	273.8
2020-02-23T18:54	88.59814	59.89281	0.353	273.9
2020-02-23T19:04	88.59821	59.85247	0.356	274.0
2020-02-23T19:14	88.59826	59.81334	0.345	272.9
2020-02-23T19:24	88.59830	59.77405	0.346	272.6
2020-02-23T19:34	88.59833	59.73425	0.351	272.1
2020-02-23T19:44	88.59838	59.69421	0.353	272.6
2020-02-23T19:54	88.59842	59.65357	0.358	272.5
2020-02-23T20:04	88.59845	59.61344	0.354	271.7
2020-02-23T20:14	88.59849	59.57290	0.357	272.4
2020-02-23T20:24	88.59852	59.53237	0.357	271.6
2020-02-23T20:34	88.59857	59.49140	0.361	273.2
2020-02-23T20:44	88.59864	59.44974	0.368	273.4
2020-02-23T20:54	88.59867	59.40828	0.365	272.0
2020-02-23T21:04	88.59869	59.36697	0.364	271.1
2020-02-23T21:14	88.59870	59.32543	0.366	270.6
2020-02-23T21:24	88.59870	59.28450	0.360	270.2
2020-02-23T21:34	88.59870	59.24285	0.367	269.9
2020-02-23T21:44	88.59870	59.20028	0.375	270.2
2020-02-23T21:54	88.59869	59.15752	0.376	269.2
2020-02-23T22:04	88.59867	59.11425	0.381	268.9
2020-02-23T22:14	88.59864	59.07120	0.379	268.3
2020-02-23T22:24	88.59860	59.02767	0.384	268.2
2020-02-23T22:34	88.59854	58.98400	0.385	266.9
2020-02-23T22:44	88.59849	58.93985	0.389	267.3
2020-02-23T22:54	88.59842	58.89491	0.396	266.6
2020-02-23T23:04	88.59835	58.84956	0.400	266.1
2020-02-23T23:14	88.59826	58.80343	0.407	265.8
2020-02-23T23:24	88.59817	58.75696	0.411	265.0
2020-02-23T23:34	88.59808	58.70985	0.416	265.8
2020-02-23T23:44	88.59798	58.66246	0.419	264.9
2020-02-23T23:54	88.59788	58.61432	0.426	265.3
2020-02-24T00:04	88.59777	58.56502	0.436	265.1
2020-02-24T00:14	88.59767	58.51504	0.442	265.1
2020-02-24T00:24	88.59753	58.46647	0.431	263.5
2020-02-24T00:34	88.59741	58.41771	0.432	264.1
2020-02-24T00:44	88.59725	58.37104	0.415	261.9
2020-02-24T00:54	88.59709	58.32360	0.422	262.6
2020-02-24T01:04	88.59693	58.27518	0.431	262.2
2020-02-24T01:14	88.59675	58.22614	0.437	261.5
2020-02-24T01:24	88.59656	58.17707	0.438	260.9
2020-02-24T01:34	88.59636	58.12822	0.437	260.6
2020-02-24T01:44	88.59616	58.07862	0.443	260.8
2020-02-24T01:54	88.59598	58.02823	0.450	261.4
2020-02-24T02:04	88.59579	57.97806	0.448	261.4
2020-02-24T02:14	88.59564	57.92797	0.445	263.1
2020-02-24T02:24	88.59550	57.87825	0.442	263.5
2020-02-24T02:34	88.59536	57.82887	0.439	263.1
2020-02-24T02:44	88.59522	57.77915	0.442	263.6
2020-02-24T02:54	88.59509	57.72947	0.441	264.2
2020-02-24T03:04	88.59496	57.67988	0.441	263.5
2020-02-24T03:14	88.59478	57.63102	0.436	261.5
2020-02-24T03:24	88.59463	57.58129	0.442	263.2
2020-02-24T03:34	88.59451	57.53105	0.446	264.4
2020-02-24T03:44	88.59438	57.48089	0.446	263.9
2020-02-24T03:54	88.59423	57.43031	0.450	263.1
2020-02-24T04:04	88.59407	57.37943	0.453	263.0
2020-02-24T04:14	88.59391	57.32796	0.458	262.7
2020-02-24T04:24	88.59376	57.27540	0.468	263.1
2020-02-24T04:34	88.59360	57.22222	0.473	263.4
2020-02-24T04:44	88.59348	57.16801	0.481	264.6
2020-02-24T04:54	88.59337	57.11301	0.488	265.4
2020-02-24T05:04	88.59326	57.05688	0.497	265.8
2020-02-24T05:14	88.59316	56.99972	0.507	265.8
2020-02-24T05:24	88.59307	56.94173	0.514	266.2
2020-02-24T05:34	88.59297	56.88321	0.519	266.2
2020-02-24T05:44	88.59287	56.82430	0.522	266.1
2020-02-24T05:54	88.59279	56.76527	0.523	266.8
2020-02-24T06:04	88.59270	56.70617	0.524	266.3
2020-02-24T06:14	88.59261	56.64622	0.531	266.4
2020-02-24T06:24	88.59253	56.58498	0.542	267.0
2020-02-24T06:34	88.59245	56.52392	0.541	266.9
2020-02-24T06:44	88.59236	56.46223	0.546	266.9
2020-02-24T06:54	88.59226	56.40052	0.547	266.0
2020-02-24T07:04	88.59214	56.33740	0.560	265.9
2020-02-24T07:14	88.59205	56.27450	0.558	266.4
2020-02-24T07:24	88.59196	56.21083	0.564	266.7
2020-02-24T07:34	88.59188	56.14688	0.567	267.1
2020-02-24T07:44	88.59180	56.08230	0.572	267.4
2020-02-24T07:54	88.59171	56.01712	0.578	266.8
2020-02-24T08:04	88.59162	55.95173	0.580	266.6
2020-02-24T08:14	88.59153	55.88591	0.583	267.0
2020-02-24T08:24	88.59143	55.82046	0.580	266.3
2020-02-24T08:34	88.59133	55.75504	0.580	266.7
2020-02-24T08:44	88.59123	55.69020	0.575	266.4
2020-02-24T08:54	88.59112	55.62526	0.576	265.9
2020-02-24T08:59	88.59107	55.58560	0.588	267.0
