/* DATA DESCRIPTION:
Citation:	Kanzow, Torsten (2020): Links to master tracks in different resolutions of POLARSTERN cruise PS122/3, Arctic Ocean - Longyearbyen, 2020-02-24 - 2020-06-04 (Version 2) [dataset]. Alfred Wegener Institute, Helmholtz Centre for Polar and Marine Research, Bremerhaven, PANGAEA, https://doi.org/10.1594/PANGAEA.924681
Abstract:	Raw data acquired by position sensors on board RV Polarstern during expedition PS122_3 was processed to receive a validated master track which can be used as reference of further expedition data. During PS122_3 two Trimble Marine SPS461 GPS receivers and the iXBlue HYDRINS hydrographic survey inertial navigation system were used as navigation sensors. Data were downloaded from DAVIS SHIP data base (https://dship.o2a-data.de) with a resolution of 1 sec. Processing and evaluation of the data is outlined in the data processing report found at EPIC repository https://hdl.handle.net/10013/epic.7f6b45e2-0cfb-4987-84e6-57f31a64727d. Processed data are provided as a master track with 1 sec resolution derived from the position sensors' data selected by priority and a generalized track with a reduced set of the most significant positions of the master track.
Other version:	Kanzow, Torsten (2020): Master track of POLARSTERN cruise PS122/3 in 1 sec resolution (zipped, 52 MB) [dataset]. Alfred Wegener Institute, Helmholtz Centre for Polar and Marine Research, Bremerhaven, PANGAEA, https://doi.org/10.1594/PANGAEA.924678
Data processing report:	Processing report for navigation sensors from POLARSTERN cruise PS122/3 (URI: https://epic.awi.de/id/eprint/52560/29/PS122_3_nav_valid.pdf)
Further details:	Event list of POLARSTERN cruise PS122/3 (URI: https://www.pangaea.de/expeditions/events/PS122%2F3)
	Generalized master track of POLARSTERN cruise PS122/3 (Version 2) (URI: https://hs.pangaea.de/nav/mastertrack/ps/PS122_3_mastertrack_generalized_V2.zip)
	Trackline map of navigation sensors from POLARSTERN cruise PS122/3 (URI: https://epic.awi.de/id/eprint/52560/30/PS122_3_nav_valid.jpg)
Project(s):	Multidisciplinary drifting Observatory for the Study of Arctic Climate (MOSAiC) (URI: https://mosaic-expedition.org/)
Funding:	Alfred Wegener Institute, Helmholtz Centre for Polar and Marine Research, Bremerhaven (AWI) (URI: https://www.awi.de/), grant/award no. AFMOSAiC-1_00: Multidisciplinary drifting Observatory for the Study of Arctic Climate
	Alfred Wegener Institute, Helmholtz Centre for Polar and Marine Research, Bremerhaven (AWI) (URI: https://www.awi.de/), grant/award no. AWI_PS122_00: Multidisciplinary drifting Observatory for the Study of Arctic Climate / MOSAiC
Coverage:	MEDIAN LATITUDE: 84.883999 * MEDIAN LONGITUDE: 16.644706 * SOUTH-BOUND LATITUDE: 78.111713 * WEST-BOUND LONGITUDE: 7.955815 * NORTH-BOUND LATITUDE: 88.590895 * EAST-BOUND LONGITUDE: 55.451237
	DATE/TIME START: 2020-02-24T09:20:00 * DATE/TIME END: 2020-06-04T06:29:59
Event(s):	PS122/3-track * LATITUDE START: 88.591064 * LONGITUDE START: 55.585572 * LATITUDE END: 78.234121 * LONGITUDE END: 15.624074 * DATE/TIME START: 2020-02-24T09:00:00 * DATE/TIME END: 2020-06-04T06:30:00 * LOCATION: Arctic Ocean * CAMPAIGN: PS122/3 (MOSAiC20192020) * BASIS: Polarstern (URI: https://doi.org/10.17815/jlsrf-3-163) * METHOD/DEVICE: Underway cruise track measurements (CT)
Comment:	This dataset contains the master track in 10 min resolution, for other resolutions please see "Further details" and Other version" references. 
	Version 2, with an improved processing compared to V1.
Parameter(s):	DATE/TIME (Date/Time) * GEOCODE
	LATITUDE (Latitude) * GEOCODE
	LONGITUDE (Longitude) * GEOCODE
	Speed [kn] (Speed) * METHOD/DEVICE: Calculated * COMMENT: 10-min average
	Course [deg] (Course) * METHOD/DEVICE: Calculated * COMMENT: 10-min average
License:	Creative Commons Attribution 4.0 International (CC-BY-4.0) (URI: https://creativecommons.org/licenses/by/4.0/)
Size:	29056 data points
*/
Date/Time	Latitude	Longitude	Speed [kn]	Course [deg]
2020-02-24T09:20	88.59089	55.45124	0.598	267.1
2020-02-24T09:30	88.59080	55.38335	0.602	266.7
2020-02-24T09:40	88.59069	55.31520	0.605	266.5
2020-02-24T09:50	88.59058	55.24789	0.597	266.1
2020-02-24T10:00	88.59044	55.18267	0.580	265.0
2020-02-24T10:10	88.59028	55.11820	0.574	264.4
2020-02-24T10:20	88.59012	55.05309	0.580	264.3
2020-02-24T10:30	88.58994	54.98989	0.564	263.5
2020-02-24T10:40	88.58978	54.92552	0.573	264.1
2020-02-24T10:50	88.58961	54.86136	0.572	263.9
2020-02-24T11:00	88.58947	54.79591	0.582	264.9
2020-02-24T11:10	88.58933	54.72902	0.595	265.2
2020-02-24T11:20	88.58919	54.66229	0.593	265.3
2020-02-24T11:30	88.58903	54.59720	0.580	264.4
2020-02-24T11:40	88.58886	54.53226	0.579	263.8
2020-02-24T11:50	88.58869	54.46803	0.573	264.0
2020-02-24T12:00	88.58853	54.40375	0.573	264.4
2020-02-24T12:10	88.58838	54.33995	0.569	264.3
2020-02-24T12:20	88.58821	54.27738	0.558	263.9
2020-02-24T12:30	88.58805	54.21476	0.558	264.1
2020-02-24T12:40	88.58791	54.15125	0.566	264.9
2020-02-24T12:50	88.58778	54.08788	0.564	265.2
2020-02-24T13:00	88.58765	54.02453	0.564	265.3
2020-02-24T13:10	88.58751	53.96101	0.566	264.8
2020-02-24T13:20	88.58737	53.89814	0.560	264.9
2020-02-24T13:30	88.58723	53.83546	0.559	264.8
2020-02-24T13:40	88.58709	53.77349	0.552	264.7
2020-02-24T13:50	88.58695	53.71327	0.537	264.6
2020-02-24T14:00	88.58682	53.65198	0.546	265.1
2020-02-24T14:10	88.58668	53.59063	0.547	264.9
2020-02-24T14:20	88.58655	53.52950	0.545	265.2
2020-02-24T14:30	88.58641	53.46854	0.544	264.8
2020-02-24T14:40	88.58629	53.40781	0.541	265.3
2020-02-24T14:50	88.58616	53.34743	0.538	265.2
2020-02-24T15:00	88.58604	53.28691	0.540	265.2
2020-02-24T15:10	88.58590	53.22642	0.540	264.9
2020-02-24T15:20	88.58577	53.16595	0.539	265.1
2020-02-24T15:30	88.58565	53.10553	0.539	265.3
2020-02-24T15:40	88.58551	53.04504	0.540	264.8
2020-02-24T15:50	88.58538	52.98434	0.542	265.0
2020-02-24T16:00	88.58525	52.92412	0.537	265.0
2020-02-24T16:10	88.58513	52.86326	0.543	265.5
2020-02-24T16:20	88.58501	52.80241	0.543	265.3
2020-02-24T16:30	88.58488	52.74159	0.543	265.3
2020-02-24T16:40	88.58475	52.67927	0.556	265.3
2020-02-24T16:50	88.58463	52.61830	0.544	265.1
2020-02-24T17:00	88.58450	52.55732	0.544	265.1
2020-02-24T17:10	88.58436	52.49773	0.532	265.0
2020-02-24T17:20	88.58423	52.43645	0.547	265.0
2020-02-24T17:30	88.58410	52.37526	0.547	264.8
2020-02-24T17:40	88.58395	52.31406	0.547	264.6
2020-02-24T17:50	88.58381	52.25228	0.552	264.7
2020-02-24T18:00	88.58367	52.19002	0.556	264.8
2020-02-24T18:10	88.58353	52.12853	0.550	264.7
2020-02-24T18:20	88.58337	52.06659	0.554	264.1
2020-02-24T18:30	88.58323	52.00479	0.552	264.8
2020-02-24T18:40	88.58309	51.94275	0.555	264.7
2020-02-24T18:50	88.58294	51.88059	0.556	264.6
2020-02-24T19:00	88.58280	51.81873	0.553	264.6
2020-02-24T19:10	88.58265	51.75680	0.554	264.6
2020-02-24T19:20	88.58250	51.69482	0.555	264.6
2020-02-24T19:30	88.58236	51.63282	0.555	264.6
2020-02-24T19:40	88.58222	51.57076	0.555	265.0
2020-02-24T19:50	88.58209	51.50852	0.557	264.9
2020-02-24T20:00	88.58195	51.44640	0.556	265.1
2020-02-24T20:10	88.58182	51.38442	0.554	265.0
2020-02-24T20:20	88.58167	51.32258	0.554	264.6
2020-02-24T20:30	88.58152	51.26066	0.555	264.3
2020-02-24T20:40	88.58137	51.19879	0.554	264.6
2020-02-24T20:50	88.58122	51.13667	0.556	264.5
2020-02-24T21:00	88.58107	51.07443	0.558	264.5
2020-02-24T21:10	88.58092	51.01216	0.558	264.4
2020-02-24T21:20	88.58078	50.94987	0.558	264.6
2020-02-24T21:30	88.58061	50.88754	0.559	263.9
2020-02-24T21:40	88.58045	50.82514	0.560	264.0
2020-02-24T21:50	88.58029	50.76317	0.556	264.3
2020-02-24T22:00	88.58013	50.70116	0.556	263.9
2020-02-24T22:10	88.57995	50.64048	0.545	263.3
2020-02-24T22:20	88.57978	50.57746	0.566	263.8
2020-02-24T22:30	88.57960	50.51566	0.555	263.2
2020-02-24T22:40	88.57942	50.45353	0.558	263.4
2020-02-24T22:50	88.57923	50.39117	0.561	263.1
2020-02-24T23:00	88.57905	50.32894	0.559	263.3
2020-02-24T23:10	88.57887	50.26642	0.562	263.3
2020-02-24T23:20	88.57869	50.20421	0.559	263.3
2020-02-24T23:30	88.57850	50.14216	0.558	263.0
2020-02-24T23:40	88.57831	50.08002	0.559	263.0
2020-02-24T23:50	88.57812	50.01812	0.557	263.1
2020-02-25T00:00	88.57793	49.95635	0.556	263.0
2020-02-25T00:10	88.57773	49.89441	0.558	262.6
2020-02-25T00:20	88.57753	49.83266	0.557	262.4
2020-02-25T00:30	88.57732	49.77101	0.556	262.3
2020-02-25T00:40	88.57711	49.70937	0.556	262.3
2020-02-25T00:50	88.57691	49.64751	0.558	262.3
2020-02-25T01:00	88.57669	49.58566	0.559	262.0
2020-02-25T01:10	88.57646	49.52384	0.559	261.7
2020-02-25T01:20	88.57624	49.46227	0.557	261.6
2020-02-25T01:30	88.57602	49.40051	0.558	261.8
2020-02-25T01:40	88.57579	49.33868	0.559	261.6
2020-02-25T01:50	88.57556	49.27810	0.548	261.5
2020-02-25T02:00	88.57533	49.21708	0.552	261.4
2020-02-25T02:10	88.57510	49.15423	0.569	261.4
2020-02-25T02:20	88.57488	49.09286	0.555	261.7
2020-02-25T02:30	88.57467	49.03319	0.539	262.2
2020-02-25T02:40	88.57446	48.97104	0.562	262.1
2020-02-25T02:50	88.57425	48.91175	0.536	262.2
2020-02-25T03:00	88.57404	48.85156	0.545	262.0
2020-02-25T03:10	88.57383	48.79147	0.544	261.9
2020-02-25T03:20	88.57362	48.73165	0.542	261.9
2020-02-25T03:30	88.57341	48.67245	0.536	262.0
2020-02-25T03:40	88.57321	48.61371	0.531	262.2
2020-02-25T03:50	88.57300	48.55463	0.535	262.1
2020-02-25T04:00	88.57280	48.49602	0.531	262.2
2020-02-25T04:10	88.57260	48.43777	0.527	262.1
2020-02-25T04:20	88.57240	48.37989	0.524	262.2
2020-02-25T04:30	88.57220	48.32189	0.525	262.1
2020-02-25T04:40	88.57201	48.26421	0.522	262.4
2020-02-25T04:50	88.57181	48.20541	0.531	262.2
2020-02-25T05:00	88.57162	48.14893	0.511	262.5
2020-02-25T05:10	88.57143	48.09163	0.519	262.4
2020-02-25T05:20	88.57123	48.03418	0.520	262.3
2020-02-25T05:30	88.57104	47.97686	0.519	262.3
2020-02-25T05:40	88.57085	47.91964	0.519	262.2
2020-02-25T05:50	88.57065	47.86254	0.518	262.2
2020-02-25T06:00	88.57045	47.80564	0.516	261.9
2020-02-25T06:10	88.57024	47.74872	0.517	261.8
2020-02-25T06:20	88.57003	47.69169	0.518	261.6
2020-02-25T06:30	88.56982	47.63489	0.516	261.5
2020-02-25T06:40	88.56961	47.57773	0.519	261.8
2020-02-25T06:50	88.56940	47.52036	0.521	261.5
2020-02-25T07:00	88.56918	47.46288	0.523	261.4
2020-02-25T07:10	88.56896	47.40546	0.522	261.3
2020-02-25T07:20	88.56872	47.34805	0.523	260.7
2020-02-25T07:30	88.56850	47.29035	0.525	261.1
2020-02-25T07:40	88.56827	47.23288	0.524	261.0
2020-02-25T07:50	88.56803	47.17520	0.526	260.6
2020-02-25T08:00	88.56780	47.11760	0.525	260.9
2020-02-25T08:10	88.56756	47.05986	0.526	260.9
2020-02-25T08:20	88.56731	47.00230	0.526	260.1
2020-02-25T08:30	88.56706	46.94463	0.527	260.2
2020-02-25T08:40	88.56681	46.88720	0.525	260.2
2020-02-25T08:50	88.56655	46.82966	0.527	259.7
2020-02-25T09:00	88.56629	46.77214	0.526	259.9
2020-02-25T09:10	88.56603	46.71499	0.524	259.5
2020-02-25T09:20	88.56576	46.65801	0.523	259.3
2020-02-25T09:30	88.56547	46.60081	0.526	258.8
2020-02-25T09:40	88.56520	46.54405	0.521	259.1
2020-02-25T09:50	88.56492	46.48733	0.521	258.8
2020-02-25T10:00	88.56463	46.43091	0.519	258.5
2020-02-25T10:10	88.56433	46.37448	0.520	258.2
2020-02-25T10:20	88.56402	46.31875	0.515	257.3
2020-02-25T10:30	88.56371	46.26283	0.517	257.6
2020-02-25T10:40	88.56339	46.20752	0.512	257.1
2020-02-25T10:50	88.56307	46.15214	0.513	256.9
2020-02-25T11:00	88.56273	46.09718	0.511	256.4
2020-02-25T11:10	88.56240	46.04251	0.508	256.3
2020-02-25T11:20	88.56206	45.98777	0.509	256.3
2020-02-25T11:30	88.56174	45.93320	0.507	256.6
2020-02-25T11:40	88.56140	45.87906	0.504	256.1
2020-02-25T11:50	88.56107	45.82525	0.501	256.1
2020-02-25T12:00	88.56073	45.77189	0.497	256.1
2020-02-25T12:10	88.56040	45.71914	0.492	255.8
2020-02-25T12:20	88.56006	45.66676	0.489	255.6
2020-02-25T12:30	88.55972	45.61482	0.486	255.3
2020-02-25T12:40	88.55937	45.56351	0.481	255.1
2020-02-25T12:50	88.55902	45.51272	0.477	254.4
2020-02-25T13:00	88.55865	45.46246	0.473	254.1
2020-02-25T13:10	88.55828	45.41282	0.469	253.4
2020-02-25T13:20	88.55790	45.36361	0.466	253.0
2020-02-25T13:30	88.55752	45.31512	0.461	252.5
2020-02-25T13:40	88.55714	45.26698	0.457	252.6
2020-02-25T13:50	88.55675	45.21919	0.455	252.3
2020-02-25T14:00	88.55637	45.17152	0.454	252.2
2020-02-25T14:10	88.55597	45.12400	0.454	251.8
2020-02-25T14:20	88.55559	45.07699	0.448	252.1
2020-02-25T14:30	88.55520	45.03015	0.447	251.9
2020-02-25T14:40	88.55481	44.98356	0.446	251.5
2020-02-25T14:50	88.55441	44.93747	0.442	251.2
2020-02-25T15:00	88.55401	44.89183	0.439	250.8
2020-02-25T15:10	88.55360	44.84631	0.439	250.6
2020-02-25T15:20	88.55320	44.80124	0.435	250.5
2020-02-25T15:30	88.55280	44.75622	0.434	250.5
2020-02-25T15:40	88.55239	44.71157	0.432	250.1
2020-02-25T15:50	88.55197	44.66724	0.430	249.6
2020-02-25T16:00	88.55155	44.62299	0.430	249.6
2020-02-25T16:10	88.55113	44.57907	0.428	249.1
2020-02-25T16:20	88.55071	44.53540	0.425	249.3
2020-02-25T16:30	88.55029	44.49182	0.425	248.9
2020-02-25T16:40	88.54986	44.44811	0.427	248.8
2020-02-25T16:50	88.54943	44.40507	0.422	248.5
2020-02-25T17:00	88.54899	44.36196	0.424	248.0
2020-02-25T17:10	88.54855	44.31914	0.421	248.0
2020-02-25T17:20	88.54810	44.27622	0.423	247.7
2020-02-25T17:30	88.54765	44.23348	0.423	247.4
2020-02-25T17:40	88.54719	44.19084	0.423	247.1
2020-02-25T17:50	88.54673	44.14826	0.423	246.8
2020-02-25T18:00	88.54626	44.10578	0.423	246.5
2020-02-25T18:10	88.54579	44.06333	0.423	246.5
2020-02-25T18:20	88.54532	44.02093	0.423	246.2
2020-02-25T18:30	88.54483	43.97864	0.425	245.6
2020-02-25T18:40	88.54435	43.93621	0.425	245.8
2020-02-25T18:50	88.54385	43.89389	0.426	245.3
2020-02-25T19:00	88.54335	43.85162	0.427	245.0
2020-02-25T19:10	88.54284	43.80925	0.428	244.9
2020-02-25T19:20	88.54233	43.76689	0.430	244.5
2020-02-25T19:30	88.54181	43.72455	0.430	244.4
2020-02-25T19:40	88.54129	43.68208	0.432	244.3
2020-02-25T19:50	88.54075	43.63977	0.434	243.5
2020-02-25T20:00	88.54023	43.59719	0.433	244.3
2020-02-25T20:10	88.53969	43.55476	0.435	243.5
2020-02-25T20:20	88.53915	43.51214	0.437	243.4
2020-02-25T20:30	88.53860	43.46938	0.439	243.3
2020-02-25T20:40	88.53806	43.42659	0.439	243.7
2020-02-25T20:50	88.53751	43.38367	0.441	243.5
2020-02-25T21:00	88.53696	43.34064	0.442	243.5
2020-02-25T21:10	88.53642	43.29759	0.442	243.6
2020-02-25T21:20	88.53586	43.25433	0.446	243.2
2020-02-25T21:30	88.53530	43.21106	0.446	243.2
2020-02-25T21:40	88.53475	43.16785	0.445	243.4
2020-02-25T21:50	88.53420	43.12454	0.445	243.6
2020-02-25T22:00	88.53364	43.08098	0.448	243.7
2020-02-25T22:10	88.53309	43.03730	0.450	243.5
2020-02-25T22:20	88.53253	42.99359	0.449	243.8
2020-02-25T22:30	88.53198	42.95023	0.447	243.5
2020-02-25T22:40	88.53144	42.90664	0.447	244.1
2020-02-25T22:50	88.53089	42.86323	0.447	243.8
2020-02-25T23:00	88.53033	42.81971	0.449	243.6
2020-02-25T23:10	88.52979	42.77633	0.446	243.9
2020-02-25T23:20	88.52924	42.73332	0.443	243.8
2020-02-25T23:30	88.52869	42.69058	0.442	243.4
2020-02-25T23:40	88.52814	42.64797	0.441	243.4
2020-02-25T23:50	88.52760	42.60574	0.437	243.3
2020-02-26T00:00	88.52705	42.56396	0.435	242.8
2020-02-26T00:10	88.52651	42.52180	0.436	243.6
2020-02-26T00:20	88.52596	42.47989	0.435	243.1
2020-02-26T00:30	88.52541	42.43794	0.436	243.0
2020-02-26T00:40	88.52488	42.39712	0.424	243.1
2020-02-26T00:50	88.52434	42.35660	0.422	243.0
2020-02-26T01:00	88.52381	42.31655	0.418	242.7
2020-02-26T01:10	88.52328	42.27645	0.418	242.9
2020-02-26T01:20	88.52275	42.23674	0.415	242.7
2020-02-26T01:30	88.52223	42.19739	0.410	242.9
2020-02-26T01:40	88.52171	42.15839	0.408	242.6
2020-02-26T01:50	88.52119	42.12003	0.403	242.2
2020-02-26T02:00	88.52067	42.08191	0.401	242.0
2020-02-26T02:10	88.52014	42.04419	0.399	241.5
2020-02-26T02:20	88.51962	42.00687	0.394	241.7
2020-02-26T02:30	88.51909	41.96957	0.395	241.4
2020-02-26T02:40	88.51858	41.93244	0.393	241.6
2020-02-26T02:50	88.51804	41.89563	0.393	240.8
2020-02-26T03:00	88.51753	41.85887	0.389	241.7
2020-02-26T03:10	88.51702	41.82222	0.388	241.8
2020-02-26T03:20	88.51653	41.78592	0.382	242.3
2020-02-26T03:30	88.51603	41.74992	0.381	241.7
2020-02-26T03:40	88.51553	41.71414	0.379	241.7
2020-02-26T03:50	88.51503	41.67842	0.379	241.7
2020-02-26T04:00	88.51453	41.64290	0.377	241.6
2020-02-26T04:10	88.51404	41.60769	0.373	241.7
2020-02-26T04:20	88.51355	41.57274	0.371	241.6
2020-02-26T04:30	88.51305	41.53795	0.371	241.0
2020-02-26T04:40	88.51255	41.50350	0.368	240.9
2020-02-26T04:50	88.51205	41.46933	0.366	240.8
2020-02-26T05:00	88.51156	41.43500	0.367	241.0
2020-02-26T05:10	88.51106	41.40099	0.366	240.5
2020-02-26T05:20	88.51055	41.36693	0.368	240.0
2020-02-26T05:30	88.51004	41.33300	0.367	239.9
2020-02-26T05:40	88.50952	41.29944	0.365	239.5
2020-02-26T05:50	88.50899	41.26597	0.367	238.7
2020-02-26T06:00	88.50847	41.23257	0.365	239.1
2020-02-26T06:10	88.50794	41.19899	0.368	238.8
2020-02-26T06:20	88.50741	41.16546	0.368	238.8
2020-02-26T06:30	88.50690	41.13232	0.362	239.1
2020-02-26T06:40	88.50638	41.09888	0.366	239.1
2020-02-26T06:50	88.50585	41.06552	0.367	238.7
2020-02-26T07:00	88.50531	41.03225	0.367	238.5
2020-02-26T07:10	88.50479	40.99883	0.367	238.8
2020-02-26T07:20	88.50425	40.96557	0.368	238.1
2020-02-26T07:30	88.50371	40.93225	0.367	238.6
2020-02-26T07:40	88.50318	40.89905	0.367	238.4
2020-02-26T07:50	88.50264	40.86552	0.371	238.2
2020-02-26T08:00	88.50209	40.83204	0.371	238.2
2020-02-26T08:10	88.50155	40.79892	0.369	237.7
2020-02-26T08:20	88.50099	40.76555	0.372	237.6
2020-02-26T08:30	88.50044	40.73225	0.371	237.8
2020-02-26T08:40	88.49989	40.69881	0.373	237.7
2020-02-26T08:50	88.49934	40.66552	0.371	237.7
2020-02-26T09:00	88.49877	40.63106	0.384	237.9
2020-02-26T09:10	88.49823	40.59866	0.362	237.6
2020-02-26T09:20	88.49768	40.56531	0.373	237.6
2020-02-26T09:30	88.49712	40.53158	0.376	237.9
2020-02-26T09:40	88.49657	40.49810	0.373	238.1
2020-02-26T09:50	88.49602	40.46464	0.373	237.9
2020-02-26T10:00	88.49547	40.43098	0.375	238.1
2020-02-26T10:10	88.49492	40.39715	0.377	238.1
2020-02-26T10:20	88.49437	40.36325	0.377	238.4
2020-02-26T10:30	88.49382	40.32961	0.374	238.3
2020-02-26T10:40	88.49327	40.29589	0.376	238.0
2020-02-26T10:50	88.49272	40.26230	0.374	238.4
2020-02-26T11:00	88.49217	40.22893	0.373	238.0
2020-02-26T11:10	88.49163	40.19559	0.372	238.1
2020-02-26T11:20	88.49107	40.16214	0.375	237.9
2020-02-26T11:30	88.49050	40.12880	0.377	237.0
2020-02-26T11:40	88.48995	40.09589	0.371	237.3
2020-02-26T11:50	88.48940	40.06273	0.372	237.8
2020-02-26T12:00	88.48884	40.03024	0.369	236.8
2020-02-26T12:10	88.48827	39.99771	0.369	236.7
2020-02-26T12:20	88.48771	39.96483	0.372	237.2
2020-02-26T12:30	88.48714	39.93273	0.368	235.9
2020-02-26T12:40	88.48657	39.90111	0.364	235.8
2020-02-26T12:50	88.48600	39.87002	0.361	235.0
2020-02-26T13:00	88.48545	39.83909	0.355	236.1
2020-02-26T13:10	88.48490	39.80872	0.350	235.8
2020-02-26T13:20	88.48434	39.77904	0.346	234.7
2020-02-26T13:30	88.48379	39.74965	0.344	234.6
2020-02-26T13:40	88.48325	39.72082	0.337	234.7
2020-02-26T13:50	88.48271	39.69211	0.336	234.6
2020-02-26T14:00	88.48216	39.66395	0.333	233.8
2020-02-26T14:10	88.48162	39.63612	0.329	233.9
2020-02-26T14:20	88.48108	39.60872	0.327	233.1
2020-02-26T14:30	88.48054	39.58168	0.323	233.1
2020-02-26T14:40	88.48000	39.55511	0.319	232.6
2020-02-26T14:50	88.47946	39.52890	0.319	231.8
2020-02-26T15:00	88.47890	39.50294	0.319	231.1
2020-02-26T15:10	88.47834	39.47775	0.314	230.1
2020-02-26T15:20	88.47780	39.45230	0.312	231.3
2020-02-26T15:30	88.47724	39.42694	0.316	230.2
2020-02-26T15:40	88.47668	39.40178	0.312	230.4
2020-02-26T15:50	88.47612	39.37725	0.311	229.0
2020-02-26T16:00	88.47557	39.35254	0.308	230.2
2020-02-26T16:10	88.47501	39.32819	0.308	229.3
2020-02-26T16:20	88.47446	39.30398	0.306	229.4
2020-02-26T16:30	88.47390	39.27990	0.305	229.1
2020-02-26T16:40	88.47335	39.25568	0.306	229.3
2020-02-26T16:50	88.47279	39.23159	0.305	229.2
2020-02-26T17:00	88.47224	39.20797	0.302	228.7
2020-02-26T17:10	88.47169	39.18419	0.301	229.3
2020-02-26T17:20	88.47115	39.16061	0.300	229.0
2020-02-26T17:30	88.47060	39.13707	0.300	228.9
2020-02-26T17:40	88.47005	39.11348	0.300	229.2
2020-02-26T17:50	88.46951	39.09001	0.298	229.2
2020-02-26T18:00	88.46898	39.06643	0.297	229.7
2020-02-26T18:10	88.46844	39.04284	0.299	229.5
2020-02-26T18:20	88.46789	39.01921	0.301	229.2
2020-02-26T18:30	88.46735	38.99568	0.298	229.5
2020-02-26T18:40	88.46681	38.97219	0.300	229.0
2020-02-26T18:50	88.46626	38.94850	0.302	229.1
2020-02-26T19:00	88.46571	38.92470	0.302	229.4
2020-02-26T19:10	88.46516	38.90098	0.303	229.1
2020-02-26T19:20	88.46461	38.87676	0.307	229.5
2020-02-26T19:30	88.46406	38.85286	0.304	229.3
2020-02-26T19:40	88.46350	38.82811	0.310	230.3
2020-02-26T19:50	88.46296	38.80342	0.310	230.3
2020-02-26T20:00	88.46241	38.77862	0.310	230.7
2020-02-26T20:10	88.46186	38.75373	0.312	230.4
2020-02-26T20:20	88.46130	38.72877	0.313	230.4
2020-02-26T20:30	88.46075	38.70377	0.314	230.5
2020-02-26T20:40	88.46020	38.67880	0.312	230.6
2020-02-26T20:50	88.45964	38.65369	0.315	230.6
2020-02-26T21:00	88.45910	38.62881	0.311	230.7
2020-02-26T21:10	88.45853	38.60368	0.317	230.1
2020-02-26T21:20	88.45796	38.57869	0.317	229.8
2020-02-26T21:30	88.45740	38.55353	0.317	230.3
2020-02-26T21:40	88.45684	38.52824	0.317	230.6
2020-02-26T21:50	88.45627	38.50307	0.319	230.0
2020-02-26T22:00	88.45570	38.47767	0.320	230.4
2020-02-26T22:10	88.45514	38.45231	0.319	230.4
2020-02-26T22:20	88.45456	38.42716	0.319	229.9
2020-02-26T22:30	88.45400	38.40175	0.321	230.4
2020-02-26T22:40	88.45342	38.37644	0.321	230.0
2020-02-26T22:50	88.45287	38.35124	0.316	230.8
2020-02-26T23:00	88.45228	38.32597	0.323	229.5
2020-02-26T23:10	88.45172	38.30065	0.319	230.6
2020-02-26T23:20	88.45115	38.27536	0.320	230.2
2020-02-26T23:30	88.45059	38.24987	0.320	230.9
2020-02-26T23:40	88.45003	38.22472	0.317	230.7
2020-02-26T23:50	88.44948	38.19959	0.316	230.8
2020-02-27T00:00	88.44892	38.17467	0.316	230.2
2020-02-27T00:10	88.44836	38.15001	0.314	230.0
2020-02-27T00:20	88.44779	38.12540	0.315	229.6
2020-02-27T00:30	88.44722	38.10068	0.317	229.6
2020-02-27T00:40	88.44666	38.07631	0.312	229.6
2020-02-27T00:50	88.44610	38.05239	0.309	229.2
2020-02-27T01:00	88.44554	38.02866	0.307	229.1
2020-02-27T01:10	88.44498	38.00503	0.306	229.1
2020-02-27T01:20	88.44444	37.98205	0.298	228.8
2020-02-27T01:30	88.44389	37.95921	0.299	228.4
2020-02-27T01:40	88.44333	37.93694	0.295	227.5
2020-02-27T01:50	88.44279	37.91478	0.292	227.9
2020-02-27T02:00	88.44224	37.89270	0.292	227.7
2020-02-27T02:10	88.44170	37.87095	0.288	227.7
2020-02-27T02:20	88.44116	37.84942	0.287	227.3
2020-02-27T02:30	88.44062	37.82787	0.287	227.4
2020-02-27T02:40	88.44008	37.80663	0.285	226.9
2020-02-27T02:50	88.43954	37.78548	0.284	226.9
2020-02-27T03:00	88.43902	37.76492	0.276	226.9
2020-02-27T03:10	88.43848	37.74462	0.278	225.8
2020-02-27T03:20	88.43795	37.72479	0.273	225.4
2020-02-27T03:30	88.43742	37.70524	0.271	225.1
2020-02-27T03:40	88.43688	37.68590	0.271	224.5
2020-02-27T03:50	88.43635	37.66657	0.269	225.0
2020-02-27T04:00	88.43582	37.64785	0.265	223.9
2020-02-27T04:10	88.43529	37.62925	0.265	223.6
2020-02-27T04:20	88.43475	37.61093	0.265	222.8
2020-02-27T04:30	88.43422	37.59258	0.261	223.7
2020-02-27T04:40	88.43369	37.57443	0.262	223.1
2020-02-27T04:50	88.43316	37.55594	0.265	223.4
2020-02-27T05:00	88.43263	37.53766	0.262	223.5
2020-02-27T05:10	88.43210	37.51933	0.261	223.7
2020-02-27T05:20	88.43157	37.50127	0.261	222.9
2020-02-27T05:30	88.43104	37.48300	0.263	223.3
2020-02-27T05:40	88.43051	37.46505	0.261	222.7
2020-02-27T05:50	88.42997	37.44708	0.261	222.7
2020-02-27T06:00	88.42943	37.42905	0.264	222.4
2020-02-27T06:10	88.42890	37.41112	0.260	222.9
2020-02-27T06:20	88.42836	37.39305	0.264	222.6
2020-02-27T06:30	88.42784	37.37504	0.260	223.2
2020-02-27T06:40	88.42730	37.35689	0.264	222.8
2020-02-27T06:50	88.42677	37.33881	0.262	222.9
2020-02-27T07:00	88.42623	37.32064	0.265	222.7
2020-02-27T07:10	88.42569	37.30241	0.265	223.0
2020-02-27T07:20	88.42515	37.28385	0.267	223.4
2020-02-27T07:30	88.42461	37.26493	0.270	223.9
2020-02-27T07:40	88.42408	37.24569	0.270	224.8
2020-02-27T07:50	88.42355	37.22602	0.271	225.9
2020-02-27T08:00	88.42301	37.20638	0.277	224.7
2020-02-27T08:10	88.42248	37.18613	0.276	226.7
2020-02-27T08:20	88.42195	37.16589	0.277	226.3
2020-02-27T08:30	88.42142	37.14549	0.278	226.6
2020-02-27T08:40	88.42089	37.12476	0.279	227.4
2020-02-27T08:50	88.42036	37.10388	0.283	227.2
2020-02-27T09:00	88.41984	37.08306	0.279	227.8
2020-02-27T09:10	88.41931	37.06220	0.282	227.4
2020-02-27T09:20	88.41876	37.04103	0.287	227.0
2020-02-27T09:30	88.41823	37.01974	0.285	227.9
2020-02-27T09:40	88.41770	36.99861	0.284	227.6
2020-02-27T09:50	88.41717	36.97699	0.287	228.4
2020-02-27T10:00	88.41665	36.95534	0.285	229.2
2020-02-27T10:10	88.41612	36.93342	0.291	228.6
2020-02-27T10:20	88.41558	36.91174	0.290	228.0
2020-02-27T10:30	88.41505	36.89016	0.286	228.6
2020-02-27T10:40	88.41452	36.86846	0.289	228.5
2020-02-27T10:50	88.41400	36.84646	0.289	229.3
2020-02-27T11:00	88.41347	36.82446	0.291	229.0
2020-02-27T11:10	88.41291	36.80188	0.301	228.5
2020-02-27T11:20	88.41240	36.77985	0.287	229.9
2020-02-27T11:30	88.41188	36.75739	0.291	230.3
2020-02-27T11:40	88.41136	36.73497	0.292	230.0
2020-02-27T11:50	88.41085	36.71216	0.292	231.2
2020-02-27T12:00	88.41034	36.68964	0.291	230.7
2020-02-27T12:10	88.40983	36.66705	0.291	231.0
2020-02-27T12:20	88.40932	36.64435	0.292	231.0
2020-02-27T12:30	88.40882	36.62171	0.291	231.1
2020-02-27T12:40	88.40831	36.59909	0.290	231.2
2020-02-27T12:50	88.40781	36.57668	0.288	231.2
2020-02-27T13:00	88.40732	36.55410	0.288	231.8
2020-02-27T13:10	88.40682	36.53158	0.287	231.7
2020-02-27T13:20	88.40633	36.50925	0.285	231.6
2020-02-27T13:30	88.40584	36.48677	0.286	231.9
2020-02-27T13:40	88.40535	36.46430	0.285	232.1
2020-02-27T13:50	88.40487	36.44190	0.284	232.2
2020-02-27T14:00	88.40439	36.41963	0.282	232.4
2020-02-27T14:10	88.40391	36.39724	0.282	232.7
2020-02-27T14:20	88.40344	36.37532	0.278	232.2
2020-02-27T14:30	88.40297	36.35335	0.279	232.4
2020-02-27T14:40	88.40251	36.33172	0.273	232.6
2020-02-27T14:50	88.40204	36.31007	0.274	232.4
2020-02-27T15:00	88.40158	36.28855	0.274	232.2
2020-02-27T15:10	88.40111	36.26702	0.273	232.5
2020-02-27T15:20	88.40066	36.24555	0.271	232.8
2020-02-27T15:30	88.40020	36.22412	0.272	232.3
2020-02-27T15:40	88.39974	36.20249	0.273	232.8
2020-02-27T15:50	88.39928	36.18135	0.269	232.2
2020-02-27T16:00	88.39882	36.16016	0.270	232.3
2020-02-27T16:10	88.39837	36.13881	0.271	232.6
2020-02-27T16:20	88.39791	36.11765	0.269	232.4
2020-02-27T16:30	88.39745	36.09642	0.270	232.3
2020-02-27T16:40	88.39699	36.07536	0.269	232.1
2020-02-27T16:50	88.39653	36.05425	0.270	231.9
2020-02-27T17:00	88.39607	36.03335	0.268	231.8
2020-02-27T17:10	88.39561	36.01235	0.269	232.0
2020-02-27T17:20	88.39515	35.99142	0.269	231.8
2020-02-27T17:30	88.39468	35.97041	0.270	231.8
2020-02-27T17:40	88.39422	35.94956	0.268	231.7
2020-02-27T17:50	88.39376	35.92866	0.268	232.0
2020-02-27T18:00	88.39331	35.90776	0.267	232.1
2020-02-27T18:10	88.39284	35.88696	0.268	231.5
2020-02-27T18:20	88.39237	35.86602	0.271	231.3
2020-02-27T18:30	88.39191	35.84511	0.270	231.6
2020-02-27T18:40	88.39144	35.82429	0.270	231.2
2020-02-27T18:50	88.39097	35.80333	0.270	231.6
2020-02-27T19:00	88.39050	35.78245	0.270	231.3
2020-02-27T19:10	88.39003	35.76164	0.270	231.3
2020-02-27T19:20	88.38955	35.74076	0.273	230.8
2020-02-27T19:30	88.38908	35.71984	0.271	231.5
2020-02-27T19:40	88.38861	35.69888	0.273	231.1
2020-02-27T19:50	88.38813	35.67789	0.273	231.0
2020-02-27T20:00	88.38765	35.65697	0.273	231.0
2020-02-27T20:10	88.38717	35.63589	0.276	230.7
2020-02-27T20:20	88.38669	35.61470	0.276	231.0
2020-02-27T20:30	88.38620	35.59340	0.279	230.9
2020-02-27T20:40	88.38571	35.57213	0.278	230.8
2020-02-27T20:50	88.38522	35.55072	0.280	230.9
2020-02-27T21:00	88.38472	35.52924	0.283	230.4
2020-02-27T21:10	88.38422	35.50744	0.285	231.0
2020-02-27T21:20	88.38371	35.48554	0.287	230.7
2020-02-27T21:30	88.38320	35.46337	0.290	230.9
2020-02-27T21:40	88.38271	35.44123	0.287	231.5
2020-02-27T21:50	88.38220	35.41875	0.292	231.4
2020-02-27T22:00	88.38168	35.39603	0.296	231.3
2020-02-27T22:10	88.38118	35.37316	0.295	232.1
2020-02-27T22:20	88.38068	35.35023	0.295	232.3
2020-02-27T22:30	88.38018	35.32737	0.295	232.0
2020-02-27T22:40	88.37967	35.30438	0.296	232.3
2020-02-27T22:50	88.37918	35.28158	0.292	232.6
2020-02-27T23:00	88.37869	35.25853	0.294	232.9
2020-02-27T23:10	88.37821	35.23564	0.291	233.4
2020-02-27T23:20	88.37773	35.21282	0.290	233.4
2020-02-27T23:30	88.37725	35.19002	0.290	233.4
2020-02-27T23:40	88.37677	35.16744	0.286	233.5
2020-02-27T23:50	88.37629	35.14488	0.288	233.1
2020-02-28T00:00	88.37583	35.12246	0.283	233.9
2020-02-28T00:10	88.37536	35.10033	0.283	233.0
2020-02-28T00:20	88.37489	35.07841	0.280	233.0
2020-02-28T00:30	88.37443	35.05670	0.277	233.2
2020-02-28T00:40	88.37397	35.03512	0.276	233.1
2020-02-28T00:50	88.37351	35.01371	0.275	232.8
2020-02-28T01:00	88.37305	34.99253	0.272	232.8
2020-02-28T01:10	88.37259	34.97152	0.272	232.2
2020-02-28T01:20	88.37213	34.95047	0.271	232.6
2020-02-28T01:30	88.37168	34.93002	0.264	232.4
2020-02-28T01:40	88.37123	34.90963	0.264	232.2
2020-02-28T01:50	88.37077	34.88937	0.265	231.5
2020-02-28T02:00	88.37033	34.86937	0.259	232.1
2020-02-28T02:10	88.36988	34.84960	0.259	231.3
2020-02-28T02:20	88.36944	34.82989	0.258	231.5
2020-02-28T02:30	88.36898	34.81037	0.257	231.0
2020-02-28T02:40	88.36855	34.79119	0.251	231.5
2020-02-28T02:50	88.36810	34.77176	0.256	231.2
2020-02-28T03:00	88.36765	34.75269	0.255	230.2
2020-02-28T03:10	88.36720	34.73410	0.250	229.8
2020-02-28T03:20	88.36676	34.71569	0.247	230.0
2020-02-28T03:30	88.36631	34.69748	0.247	229.2
2020-02-28T03:40	88.36586	34.67938	0.247	228.8
2020-02-28T03:50	88.36541	34.66153	0.245	228.4
2020-02-28T04:00	88.36495	34.64380	0.246	227.7
2020-02-28T04:10	88.36449	34.62685	0.241	226.2
2020-02-28T04:20	88.36402	34.60953	0.244	226.8
2020-02-28T04:30	88.36355	34.59234	0.244	226.3
2020-02-28T04:40	88.36310	34.57573	0.237	226.1
2020-02-28T04:50	88.36263	34.55872	0.243	226.0
2020-02-28T05:00	88.36216	34.54208	0.240	225.6
2020-02-28T05:10	88.36169	34.52560	0.239	225.2
2020-02-28T05:20	88.36122	34.50938	0.237	224.7
2020-02-28T05:30	88.36075	34.49319	0.238	224.6
2020-02-28T05:40	88.36028	34.47692	0.238	224.8
2020-02-28T05:50	88.35981	34.46063	0.238	224.8
2020-02-28T06:00	88.35935	34.44449	0.237	224.6
2020-02-28T06:10	88.35888	34.42822	0.238	224.8
2020-02-28T06:20	88.35841	34.41214	0.235	224.9
2020-02-28T06:30	88.35794	34.39619	0.237	224.0
2020-02-28T06:40	88.35748	34.38028	0.234	224.5
2020-02-28T06:50	88.35701	34.36450	0.234	224.1
2020-02-28T07:00	88.35654	34.34865	0.235	224.2
2020-02-28T07:10	88.35607	34.33274	0.237	223.8
2020-02-28T07:20	88.35559	34.31689	0.236	224.0
2020-02-28T07:30	88.35512	34.30092	0.239	223.8
2020-02-28T07:40	88.35465	34.28498	0.236	224.3
2020-02-28T07:50	88.35418	34.26877	0.237	224.9
2020-02-28T08:00	88.35371	34.25256	0.239	224.5
2020-02-28T08:10	88.35323	34.23650	0.240	223.9
2020-02-28T08:20	88.35274	34.22064	0.240	223.2
2020-02-28T08:30	88.35225	34.20432	0.244	223.9
2020-02-28T08:40	88.35176	34.18772	0.246	224.3
2020-02-28T08:50	88.35127	34.17077	0.250	224.7
2020-02-28T09:00	88.35079	34.15382	0.247	225.3
2020-02-28T09:10	88.35030	34.13683	0.250	224.8
2020-02-28T09:20	88.34979	34.11984	0.252	224.3
2020-02-28T09:30	88.34931	34.10258	0.251	225.5
2020-02-28T09:40	88.34881	34.08520	0.253	225.5
2020-02-28T09:50	88.34832	34.06784	0.252	225.5
2020-02-28T10:00	88.34781	34.04947	0.265	226.1
2020-02-28T10:10	88.34734	34.03284	0.243	225.4
2020-02-28T10:20	88.34685	34.01554	0.252	225.4
2020-02-28T10:30	88.34636	33.99807	0.253	225.9
2020-02-28T10:40	88.34588	33.98055	0.250	226.6
2020-02-28T10:50	88.34540	33.96318	0.250	226.1
2020-02-28T11:00	88.34492	33.94606	0.248	225.9
2020-02-28T11:10	88.34444	33.92891	0.248	226.1
2020-02-28T11:20	88.34397	33.91158	0.247	227.0
2020-02-28T11:30	88.34352	33.89421	0.244	227.7
2020-02-28T11:40	88.34307	33.87689	0.243	227.9
2020-02-28T11:50	88.34261	33.85989	0.241	227.4
2020-02-28T12:00	88.34216	33.84290	0.241	227.2
2020-02-28T12:10	88.34170	33.82618	0.241	226.4
2020-02-28T12:20	88.34123	33.80987	0.238	225.6
2020-02-28T12:30	88.34078	33.79355	0.237	226.0
2020-02-28T12:40	88.34032	33.77735	0.235	226.1
2020-02-28T12:50	88.33988	33.76117	0.232	226.7
2020-02-28T13:00	88.33944	33.74521	0.231	226.2
2020-02-28T13:10	88.33900	33.72938	0.229	226.1
2020-02-28T13:20	88.33855	33.71378	0.229	225.4
2020-02-28T13:30	88.33811	33.69832	0.225	225.7
2020-02-28T13:40	88.33768	33.68310	0.224	225.1
2020-02-28T13:50	88.33723	33.66803	0.224	224.7
2020-02-28T14:00	88.33681	33.65339	0.217	224.9
2020-02-28T14:10	88.33638	33.63874	0.218	224.5
2020-02-28T14:20	88.33594	33.62444	0.216	223.9
2020-02-28T14:30	88.33552	33.61027	0.214	223.9
2020-02-28T14:40	88.33508	33.59630	0.213	223.3
2020-02-28T14:50	88.33466	33.58224	0.213	223.6
2020-02-28T15:00	88.33422	33.56860	0.212	222.4
2020-02-28T15:10	88.33378	33.55509	0.212	222.0
2020-02-28T15:20	88.33334	33.54202	0.210	220.8
2020-02-28T15:30	88.33291	33.52882	0.210	221.3
2020-02-28T15:40	88.33246	33.51580	0.211	220.3
2020-02-28T15:50	88.33201	33.50319	0.209	219.3
2020-02-28T16:00	88.33156	33.49059	0.208	219.4
2020-02-28T16:10	88.33111	33.47768	0.212	219.7
2020-02-28T16:20	88.33067	33.46400	0.215	221.8
2020-02-28T16:30	88.33022	33.44961	0.221	223.0
2020-02-28T16:40	88.32976	33.43551	0.221	222.1
2020-02-28T16:50	88.32929	33.42207	0.219	220.0
2020-02-28T17:00	88.32883	33.40886	0.217	219.7
2020-02-28T17:10	88.32836	33.39617	0.215	218.4
2020-02-28T17:20	88.32789	33.38357	0.215	218.1
2020-02-28T17:30	88.32743	33.37092	0.213	218.5
2020-02-28T17:40	88.32697	33.35809	0.214	219.1
2020-02-28T17:50	88.32651	33.34538	0.211	219.3
2020-02-28T18:00	88.32606	33.33260	0.213	219.2
2020-02-28T18:10	88.32559	33.31963	0.217	218.9
2020-02-28T18:20	88.32512	33.30663	0.216	219.4
2020-02-28T18:30	88.32465	33.29350	0.218	219.2
2020-02-28T18:40	88.32418	33.28024	0.220	219.3
2020-02-28T18:50	88.32371	33.26657	0.222	220.3
2020-02-28T19:00	88.32324	33.25255	0.223	221.5
2020-02-28T19:10	88.32277	33.23826	0.227	221.5
2020-02-28T19:20	88.32230	33.22421	0.226	220.9
2020-02-28T19:30	88.32182	33.21005	0.227	221.2
2020-02-28T19:40	88.32135	33.19601	0.225	221.1
2020-02-28T19:50	88.32088	33.18167	0.228	221.6
2020-02-28T20:00	88.32040	33.16717	0.231	221.5
2020-02-28T20:10	88.31990	33.15330	0.230	219.5
2020-02-28T20:20	88.31941	33.13939	0.230	219.8
2020-02-28T20:30	88.31893	33.12519	0.231	220.6
2020-02-28T20:40	88.31843	33.11094	0.233	220.3
2020-02-28T20:50	88.31794	33.09678	0.233	219.9
2020-02-28T21:00	88.31746	33.08229	0.231	221.5
2020-02-28T21:10	88.31696	33.06766	0.237	220.7
2020-02-28T21:20	88.31647	33.05287	0.235	221.7
2020-02-28T21:30	88.31598	33.03781	0.238	222.0
2020-02-28T21:40	88.31549	33.02229	0.241	223.0
2020-02-28T21:50	88.31500	33.00695	0.240	222.6
2020-02-28T22:00	88.31450	32.99140	0.242	222.9
2020-02-28T22:10	88.31400	32.97607	0.242	222.1
2020-02-28T22:20	88.31351	32.96037	0.242	223.3
2020-02-28T22:30	88.31302	32.94455	0.245	223.1
2020-02-28T22:40	88.31251	32.92883	0.246	222.6
2020-02-28T22:50	88.31201	32.91312	0.246	222.6
2020-02-28T23:00	88.31151	32.89699	0.249	223.3
2020-02-28T23:10	88.31101	32.88073	0.250	223.8
2020-02-28T23:20	88.31050	32.86488	0.247	223.0
2020-02-28T23:30	88.30999	32.84931	0.248	221.9
2020-02-28T23:40	88.30949	32.83373	0.246	222.4
2020-02-28T23:50	88.30898	32.81853	0.245	221.2
2020-02-29T00:00	88.30847	32.80306	0.245	222.1
2020-02-29T00:10	88.30796	32.78712	0.250	222.7
2020-02-29T00:20	88.30746	32.77130	0.245	223.3
2020-02-29T00:30	88.30697	32.75501	0.247	224.5
2020-02-29T00:40	88.30648	32.73909	0.245	223.8
2020-02-29T00:50	88.30600	32.72369	0.240	223.1
2020-02-29T01:00	88.30550	32.70808	0.244	222.9
2020-02-29T01:10	88.30503	32.69227	0.240	224.6
2020-02-29T01:20	88.30456	32.67643	0.237	225.3
2020-02-29T01:30	88.30410	32.66076	0.236	225.1
2020-02-29T01:40	88.30364	32.64491	0.237	225.4
2020-02-29T01:50	88.30317	32.62937	0.235	224.8
2020-02-29T02:00	88.30271	32.61402	0.233	224.6
2020-02-29T02:10	88.30226	32.59852	0.232	225.3
2020-02-29T02:20	88.30181	32.58296	0.232	225.8
2020-02-29T02:30	88.30135	32.56781	0.231	224.4
2020-02-29T02:40	88.30089	32.55232	0.234	224.9
2020-02-29T02:50	88.30043	32.53642	0.236	225.9
2020-02-29T03:00	88.29997	32.52135	0.232	224.1
2020-02-29T03:10	88.29951	32.50700	0.226	222.7
2020-02-29T03:20	88.29906	32.49243	0.225	223.8
2020-02-29T03:30	88.29860	32.47789	0.227	223.2
2020-02-29T03:40	88.29815	32.46341	0.225	223.5
2020-02-29T03:50	88.29769	32.44890	0.225	223.7
2020-02-29T04:00	88.29723	32.43445	0.227	222.9
2020-02-29T04:10	88.29678	32.41968	0.226	224.4
2020-02-29T04:20	88.29632	32.40594	0.221	221.7
2020-02-29T04:30	88.29586	32.39243	0.221	220.8
2020-02-29T04:40	88.29539	32.37892	0.223	220.5
2020-02-29T04:50	88.29492	32.36599	0.217	219.7
2020-02-29T05:00	88.29446	32.35351	0.215	218.4
2020-02-29T05:10	88.29399	32.34186	0.210	216.5
2020-02-29T05:20	88.29351	32.33081	0.208	214.8
2020-02-29T05:30	88.29305	32.31954	0.207	215.7
2020-02-29T05:40	88.29258	32.30857	0.205	215.0
2020-02-29T05:50	88.29212	32.29732	0.204	216.3
2020-02-29T06:00	88.29167	32.28603	0.203	216.6
2020-02-29T06:10	88.29122	32.27483	0.202	216.6
2020-02-29T06:20	88.29077	32.26352	0.203	216.7
2020-02-29T06:30	88.29030	32.25232	0.206	215.8
2020-02-29T06:40	88.28985	32.24106	0.205	216.2
2020-02-29T06:50	88.28939	32.22984	0.202	216.6
2020-02-29T07:00	88.28894	32.21856	0.205	216.3
2020-02-29T07:10	88.28848	32.20742	0.204	216.0
2020-02-29T07:20	88.28802	32.19613	0.205	216.3
2020-02-29T07:30	88.28756	32.18498	0.203	216.2
2020-02-29T07:40	88.28709	32.17413	0.205	214.7
2020-02-29T07:50	88.28665	32.16284	0.200	217.3
2020-02-29T08:00	88.28621	32.15130	0.203	217.8
2020-02-29T08:10	88.28576	32.13992	0.203	217.2
2020-02-29T08:20	88.28531	32.12844	0.205	217.2
2020-02-29T08:30	88.28485	32.11692	0.207	216.9
2020-02-29T08:40	88.28440	32.10556	0.203	217.1
2020-02-29T08:50	88.28394	32.09426	0.205	216.5
2020-02-29T09:00	88.28347	32.08337	0.205	215.0
2020-02-29T09:10	88.28301	32.07242	0.205	215.1
2020-02-29T09:20	88.28254	32.06146	0.206	215.0
2020-02-29T09:30	88.28207	32.05053	0.207	214.8
2020-02-29T09:40	88.28160	32.03964	0.204	215.2
2020-02-29T09:50	88.28114	32.02852	0.205	215.8
2020-02-29T10:00	88.28067	32.01741	0.209	215.1
2020-02-29T10:10	88.28021	32.00562	0.207	217.9
2020-02-29T10:20	88.27975	31.99420	0.206	216.8
2020-02-29T10:30	88.27929	31.98257	0.208	217.1
2020-02-29T10:40	88.27883	31.97091	0.209	217.2
2020-02-29T10:50	88.27837	31.95898	0.210	217.9
2020-02-29T11:00	88.27791	31.94696	0.210	218.3
2020-02-29T11:10	88.27745	31.93539	0.208	217.0
2020-02-29T11:20	88.27699	31.92421	0.205	216.1
2020-02-29T11:30	88.27654	31.91299	0.204	216.6
2020-02-29T11:40	88.27608	31.90163	0.204	217.0
2020-02-29T11:50	88.27563	31.89059	0.202	216.4
2020-02-29T12:00	88.27517	31.87979	0.202	215.5
2020-02-29T12:10	88.27471	31.86896	0.205	214.9
2020-02-29T12:20	88.27425	31.85830	0.201	215.2
2020-02-29T12:30	88.27379	31.84799	0.199	214.2
2020-02-29T12:40	88.27334	31.83769	0.197	214.5
2020-02-29T12:50	88.27289	31.82698	0.199	215.6
2020-02-29T13:00	88.27245	31.81635	0.197	215.9
2020-02-29T13:10	88.27201	31.80549	0.198	216.5
2020-02-29T13:20	88.27157	31.79520	0.194	215.3
2020-02-29T13:30	88.27112	31.78512	0.195	214.3
2020-02-29T13:40	88.27067	31.77525	0.195	213.3
2020-02-29T13:50	88.27023	31.76660	0.184	210.8
2020-02-29T14:00	88.26978	31.75822	0.187	209.2
2020-02-29T14:10	88.26933	31.74914	0.191	211.2
2020-02-29T14:20	88.26888	31.74017	0.188	211.2
2020-02-29T14:30	88.26843	31.73150	0.187	210.4
2020-02-29T14:40	88.26799	31.72339	0.183	208.9
2020-02-29T14:50	88.26754	31.71623	0.177	206.1
2020-02-29T15:00	88.26709	31.70976	0.178	203.3
2020-02-29T15:10	88.26663	31.70330	0.180	203.0
2020-02-29T15:20	88.26617	31.69666	0.181	203.5
2020-02-29T15:30	88.26570	31.69008	0.182	203.2
2020-02-29T15:40	88.26525	31.68302	0.181	205.2
2020-02-29T15:50	88.26479	31.67634	0.180	203.9
2020-02-29T16:00	88.26435	31.66965	0.174	204.7
2020-02-29T16:10	88.26391	31.66341	0.175	203.0
2020-02-29T16:20	88.26348	31.65730	0.169	203.2
2020-02-29T16:30	88.26304	31.65195	0.168	200.4
2020-02-29T16:40	88.26261	31.64733	0.162	198.1
2020-02-29T16:50	88.26220	31.64253	0.157	199.4
2020-02-29T17:00	88.26179	31.63774	0.156	199.6
2020-02-29T17:10	88.26138	31.63340	0.156	197.7
2020-02-29T17:20	88.26096	31.62975	0.156	194.8
2020-02-29T17:30	88.26054	31.62663	0.155	192.7
2020-02-29T17:40	88.26012	31.62347	0.157	192.7
2020-02-29T17:50	88.25970	31.62003	0.155	194.1
2020-02-29T18:00	88.25930	31.61537	0.152	199.5
2020-02-29T18:10	88.25890	31.61071	0.151	199.7
2020-02-29T18:20	88.25851	31.60640	0.148	198.6
2020-02-29T18:30	88.25812	31.60258	0.149	196.3
2020-02-29T18:40	88.25772	31.59924	0.148	194.3
2020-02-29T18:50	88.25732	31.59611	0.148	193.4
2020-02-29T19:00	88.25693	31.59322	0.142	192.9
2020-02-29T19:10	88.25653	31.58982	0.150	194.4
2020-02-29T19:20	88.25615	31.58648	0.141	195.1
2020-02-29T19:30	88.25578	31.58284	0.140	196.5
2020-02-29T19:40	88.25539	31.57999	0.143	192.7
2020-02-29T19:50	88.25501	31.57678	0.142	194.4
2020-02-29T20:00	88.25462	31.57370	0.144	193.6
2020-02-29T20:10	88.25423	31.57071	0.144	193.2
2020-02-29T20:20	88.25384	31.56753	0.145	193.9
2020-02-29T20:30	88.25345	31.56377	0.148	196.1
2020-02-29T20:40	88.25305	31.55997	0.148	196.4
2020-02-29T20:50	88.25266	31.55622	0.148	196.2
2020-02-29T21:00	88.25226	31.55268	0.150	195.1
2020-02-29T21:10	88.25186	31.54947	0.148	193.8
2020-02-29T21:20	88.25145	31.54661	0.150	192.1
2020-02-29T21:30	88.25105	31.54383	0.150	191.8
2020-02-29T21:40	88.25063	31.54058	0.154	193.4
2020-02-29T21:50	88.25022	31.53724	0.152	194.0
2020-02-29T22:00	88.24981	31.53407	0.152	193.3
2020-02-29T22:10	88.24939	31.53106	0.157	192.2
2020-02-29T22:20	88.24897	31.52791	0.155	192.9
2020-02-29T22:30	88.24853	31.52457	0.160	193.3
2020-02-29T22:40	88.24810	31.52115	0.161	193.5
2020-02-29T22:50	88.24766	31.51813	0.161	191.9
2020-02-29T23:00	88.24723	31.51515	0.160	191.8
2020-02-29T23:10	88.24679	31.51224	0.161	191.5
2020-02-29T23:20	88.24635	31.50910	0.161	192.4
2020-02-29T23:30	88.24592	31.50563	0.162	193.7
2020-02-29T23:40	88.24547	31.50213	0.165	193.5
2020-02-29T23:50	88.24503	31.49872	0.164	193.3
2020-03-01T00:00	88.24459	31.49534	0.162	193.3
2020-03-01T00:10	88.24416	31.49156	0.162	194.9
2020-03-01T00:20	88.24373	31.48729	0.162	196.9
2020-03-01T00:30	88.24329	31.48277	0.164	197.7
2020-03-01T00:40	88.24285	31.47825	0.166	197.5
2020-03-01T00:50	88.24242	31.47402	0.162	196.8
2020-03-01T01:00	88.24199	31.47014	0.161	195.4
2020-03-01T01:10	88.24156	31.46659	0.158	194.4
2020-03-01T01:20	88.24114	31.46314	0.157	194.0
2020-03-01T01:30	88.24072	31.46023	0.153	192.1
2020-03-01T01:40	88.24030	31.45731	0.156	192.0
2020-03-01T01:50	88.23989	31.45432	0.151	192.7
2020-03-01T02:00	88.23949	31.45118	0.149	193.4
2020-03-01T02:10	88.23909	31.44860	0.147	191.2
2020-03-01T02:20	88.23868	31.44665	0.148	188.4
2020-03-01T02:30	88.23828	31.44443	0.147	189.6
2020-03-01T02:40	88.23789	31.44188	0.144	191.3
2020-03-01T02:50	88.23749	31.43939	0.144	191.1
2020-03-01T03:00	88.23711	31.43680	0.141	191.7
2020-03-01T03:10	88.23675	31.43426	0.134	192.1
2020-03-01T03:20	88.23639	31.43240	0.131	189.1
2020-03-01T03:30	88.23603	31.43024	0.131	190.6
2020-03-01T03:40	88.23568	31.42780	0.130	192.0
2020-03-01T03:50	88.23532	31.42623	0.129	187.7
2020-03-01T04:00	88.23498	31.42483	0.125	187.2
2020-03-01T04:10	88.23464	31.42349	0.123	187.0
2020-03-01T04:20	88.23431	31.42272	0.120	184.1
2020-03-01T04:30	88.23396	31.42180	0.125	184.7
2020-03-01T04:40	88.23365	31.42089	0.114	185.1
2020-03-01T04:50	88.23332	31.42000	0.117	184.8
2020-03-01T05:00	88.23301	31.41929	0.114	184.0
2020-03-01T05:10	88.23270	31.41883	0.112	182.6
2020-03-01T05:20	88.23239	31.41847	0.111	182.1
2020-03-01T05:30	88.23208	31.41822	0.111	181.4
2020-03-01T05:40	88.23177	31.41810	0.111	180.7
2020-03-01T05:50	88.23147	31.41767	0.109	182.5
2020-03-01T06:00	88.23117	31.41742	0.107	181.5
2020-03-01T06:10	88.23089	31.41731	0.103	180.7
2020-03-01T06:20	88.23059	31.41727	0.105	180.2
2020-03-01T06:30	88.23031	31.41724	0.103	180.2
2020-03-01T06:40	88.23003	31.41720	0.101	180.2
2020-03-01T06:50	88.22975	31.41724	0.099	179.8
2020-03-01T07:00	88.22948	31.41717	0.099	180.4
2020-03-01T07:10	88.22921	31.41714	0.098	180.2
2020-03-01T07:20	88.22894	31.41699	0.095	181.0
2020-03-01T07:30	88.22867	31.41693	0.098	180.4
2020-03-01T07:40	88.22842	31.41671	0.091	181.5
2020-03-01T07:50	88.22816	31.41661	0.093	180.6
2020-03-01T08:00	88.22790	31.41622	0.093	182.7
2020-03-01T08:10	88.22764	31.41575	0.094	183.2
2020-03-01T08:20	88.22738	31.41521	0.093	183.7
2020-03-01T08:30	88.22713	31.41473	0.093	183.3
2020-03-01T08:40	88.22686	31.41425	0.095	183.2
2020-03-01T08:50	88.22660	31.41351	0.093	185.0
2020-03-01T09:00	88.22634	31.41254	0.096	186.5
2020-03-01T09:10	88.22606	31.41121	0.100	188.5
2020-03-01T09:20	88.22579	31.40977	0.099	189.4
2020-03-01T09:30	88.22552	31.40847	0.098	188.5
2020-03-01T09:40	88.22526	31.40767	0.095	185.4
2020-03-01T09:50	88.22499	31.40688	0.096	185.2
2020-03-01T10:00	88.22473	31.40612	0.096	185.1
2020-03-01T10:10	88.22446	31.40555	0.097	183.7
2020-03-01T10:20	88.22418	31.40506	0.100	183.2
2020-03-01T10:30	88.22392	31.40474	0.094	182.1
2020-03-01T10:40	88.22366	31.40441	0.095	182.2
2020-03-01T10:50	88.22339	31.40405	0.096	182.4
2020-03-01T11:00	88.22311	31.40356	0.099	183.1
2020-03-01T11:10	88.22284	31.40298	0.098	183.8
2020-03-01T11:20	88.22257	31.40229	0.100	184.4
2020-03-01T11:30	88.22229	31.40149	0.101	185.1
2020-03-01T11:40	88.22201	31.40052	0.099	186.3
2020-03-01T11:50	88.22174	31.39966	0.099	185.6
2020-03-01T12:00	88.22147	31.39866	0.099	186.5
2020-03-01T12:10	88.22119	31.39766	0.101	186.3
2020-03-01T12:20	88.22091	31.39659	0.100	186.8
2020-03-01T12:30	88.22064	31.39563	0.099	186.3
2020-03-01T12:40	88.22037	31.39501	0.097	184.1
2020-03-01T12:50	88.22010	31.39426	0.098	184.9
2020-03-01T13:00	88.21982	31.39376	0.100	183.2
2020-03-01T13:10	88.21956	31.39335	0.093	182.8
2020-03-01T13:20	88.21929	31.39277	0.097	183.9
2020-03-01T13:30	88.21902	31.39199	0.098	185.1
2020-03-01T13:40	88.21875	31.39108	0.097	186.0
2020-03-01T13:50	88.21850	31.39003	0.090	187.6
2020-03-01T14:00	88.21826	31.38894	0.088	187.9
2020-03-01T14:10	88.21802	31.38791	0.088	187.5
2020-03-01T14:20	88.21778	31.38693	0.084	187.4
2020-03-01T14:30	88.21755	31.38593	0.086	187.5
2020-03-01T14:40	88.21732	31.38503	0.084	186.9
2020-03-01T14:50	88.21709	31.38416	0.082	186.8
2020-03-01T15:00	88.21686	31.38318	0.082	187.7
2020-03-01T15:10	88.21665	31.38229	0.078	187.4
2020-03-01T15:20	88.21643	31.38124	0.079	188.6
2020-03-01T15:30	88.21623	31.38023	0.074	188.8
2020-03-01T15:40	88.21603	31.37913	0.071	189.9
2020-03-01T15:50	88.21584	31.37833	0.070	187.3
2020-03-01T16:00	88.21565	31.37762	0.069	186.6
2020-03-01T16:10	88.21545	31.37694	0.069	186.3
2020-03-01T16:20	88.21526	31.37638	0.070	185.2
2020-03-01T16:30	88.21506	31.37596	0.071	183.8
2020-03-01T16:40	88.21487	31.37573	0.068	182.2
2020-03-01T16:50	88.21469	31.37553	0.067	181.9
2020-03-01T17:00	88.21451	31.37534	0.064	181.9
2020-03-01T17:10	88.21432	31.37528	0.066	180.6
2020-03-01T17:20	88.21414	31.37526	0.066	180.2
2020-03-01T17:30	88.21396	31.37537	0.065	178.9
2020-03-01T17:40	88.21379	31.37557	0.062	178.0
2020-03-01T17:50	88.21361	31.37582	0.063	177.4
2020-03-01T18:00	88.21343	31.37595	0.066	178.7
2020-03-01T18:10	88.21326	31.37621	0.063	177.3
2020-03-01T18:20	88.21308	31.37645	0.063	177.5
2020-03-01T18:30	88.21291	31.37675	0.064	177.0
2020-03-01T18:40	88.21273	31.37697	0.064	177.8
2020-03-01T18:50	88.21255	31.37732	0.064	176.6
2020-03-01T19:00	88.21237	31.37764	0.064	176.7
2020-03-01T19:10	88.21219	31.37773	0.065	179.2
2020-03-01T19:20	88.21201	31.37798	0.066	177.5
2020-03-01T19:30	88.21181	31.37814	0.071	178.5
2020-03-01T19:40	88.21165	31.37797	0.058	181.9
2020-03-01T19:50	88.21147	31.37787	0.065	181.0
2020-03-01T20:00	88.21128	31.37767	0.066	182.0
2020-03-01T20:10	88.21109	31.37750	0.068	181.6
2020-03-01T20:20	88.21090	31.37728	0.071	182.0
2020-03-01T20:30	88.21069	31.37691	0.073	183.3
2020-03-01T20:40	88.21049	31.37640	0.073	184.5
2020-03-01T20:50	88.21028	31.37582	0.077	184.9
2020-03-01T21:00	88.21007	31.37504	0.075	186.7
2020-03-01T21:10	88.20985	31.37430	0.080	186.0
2020-03-01T21:20	88.20964	31.37334	0.077	188.1
2020-03-01T21:30	88.20942	31.37214	0.079	189.8
2020-03-01T21:40	88.20920	31.37109	0.082	188.3
2020-03-01T21:50	88.20897	31.36992	0.082	189.3
2020-03-01T22:00	88.20874	31.36788	0.086	195.5
2020-03-01T22:10	88.20851	31.36581	0.087	195.5
2020-03-01T22:20	88.20828	31.36324	0.087	199.5
2020-03-01T22:30	88.20804	31.36083	0.089	197.7
2020-03-01T22:40	88.20781	31.35866	0.089	196.1
2020-03-01T22:50	88.20757	31.35672	0.089	194.2
2020-03-01T23:00	88.20733	31.35465	0.089	195.2
2020-03-01T23:10	88.20710	31.35265	0.085	195.4
2020-03-01T23:20	88.20687	31.35067	0.088	194.7
2020-03-01T23:30	88.20662	31.34864	0.090	194.7
2020-03-01T23:40	88.20637	31.34601	0.095	198.2
2020-03-01T23:50	88.20614	31.34336	0.091	199.2
2020-03-02T00:00	88.20588	31.34025	0.099	200.7
2020-03-02T00:10	88.20565	31.33714	0.089	203.3
2020-03-02T00:20	88.20541	31.33409	0.094	201.6
2020-03-02T00:30	88.20517	31.33081	0.093	203.4
2020-03-02T00:40	88.20494	31.32700	0.095	206.9
2020-03-02T00:50	88.20469	31.32195	0.105	212.9
2020-03-02T01:00	88.20448	31.31686	0.097	216.4
2020-03-02T01:10	88.20425	31.31168	0.100	215.8
2020-03-02T01:20	88.20401	31.30707	0.102	210.7
2020-03-02T01:30	88.20379	31.30381	0.087	204.9
2020-03-02T01:40	88.20355	31.30081	0.092	201.6
2020-03-02T01:50	88.20331	31.29805	0.092	199.9
2020-03-02T02:00	88.20306	31.29566	0.093	196.8
2020-03-02T02:10	88.20282	31.29348	0.092	195.6
2020-03-02T02:20	88.20257	31.29147	0.094	194.0
2020-03-02T02:30	88.20232	31.28952	0.091	194.0
2020-03-02T02:40	88.20206	31.28747	0.097	193.9
2020-03-02T02:50	88.20179	31.28569	0.098	191.9
2020-03-02T03:00	88.20154	31.28270	0.097	200.4
2020-03-02T03:10	88.20131	31.27899	0.095	206.1
2020-03-02T03:20	88.20106	31.27427	0.103	211.3
2020-03-02T03:30	88.20083	31.26916	0.102	214.5
2020-03-02T03:40	88.20060	31.26412	0.100	214.6
2020-03-02T03:50	88.20036	31.25952	0.101	211.1
2020-03-02T04:00	88.20012	31.25467	0.103	212.1
2020-03-02T04:10	88.19989	31.24993	0.099	212.9
2020-03-02T04:20	88.19965	31.24515	0.102	212.0
2020-03-02T04:30	88.19941	31.23978	0.104	215.7
2020-03-02T04:40	88.19918	31.23415	0.104	217.7
2020-03-02T04:50	88.19895	31.22852	0.105	217.5
2020-03-02T05:00	88.19872	31.22349	0.100	214.7
2020-03-02T05:10	88.19849	31.22012	0.093	204.2
2020-03-02T05:20	88.19824	31.21732	0.095	199.4
2020-03-02T05:30	88.19798	31.21511	0.095	195.3
2020-03-02T05:40	88.19772	31.21291	0.099	194.6
2020-03-02T05:50	88.19745	31.21079	0.100	194.0
2020-03-02T06:00	88.19718	31.20885	0.099	192.8
2020-03-02T06:10	88.19690	31.20671	0.102	193.8
2020-03-02T06:20	88.19662	31.20361	0.108	198.9
2020-03-02T06:30	88.19635	31.19895	0.110	208.7
2020-03-02T06:40	88.19608	31.19450	0.108	207.7
2020-03-02T06:50	88.19581	31.18978	0.113	208.4
2020-03-02T07:00	88.19553	31.18551	0.111	205.9
2020-03-02T07:10	88.19524	31.18103	0.117	205.8
2020-03-02T07:20	88.19496	31.17701	0.110	204.6
2020-03-02T07:30	88.19468	31.17379	0.107	199.8
2020-03-02T07:40	88.19441	31.16971	0.108	205.3
2020-03-02T07:50	88.19413	31.16556	0.110	205.3
2020-03-02T08:00	88.19386	31.16192	0.107	202.6
2020-03-02T08:10	88.19357	31.15827	0.111	201.9
2020-03-02T08:20	88.19329	31.15474	0.108	201.7
2020-03-02T08:30	88.19301	31.15132	0.109	201.0
2020-03-02T08:40	88.19272	31.14742	0.114	202.9
2020-03-02T08:50	88.19242	31.14445	0.115	197.1
2020-03-02T09:00	88.19211	31.14080	0.118	200.6
2020-03-02T09:10	88.19181	31.13623	0.121	205.5
2020-03-02T09:20	88.19150	31.13153	0.122	205.9
2020-03-02T09:30	88.19119	31.12743	0.123	202.2
2020-03-02T09:40	88.19083	31.12393	0.132	197.5
2020-03-02T09:50	88.19049	31.12066	0.128	196.9
2020-03-02T10:00	88.19014	31.11738	0.132	196.4
2020-03-02T10:10	88.18981	31.11367	0.129	199.1
2020-03-02T10:20	88.18947	31.11015	0.128	198.3
2020-03-02T10:30	88.18912	31.10633	0.133	199.1
2020-03-02T10:40	88.18876	31.10214	0.139	200.0
2020-03-02T10:50	88.18840	31.09743	0.139	202.6
2020-03-02T11:00	88.18803	31.09237	0.143	203.8
2020-03-02T11:10	88.18767	31.08760	0.143	202.3
2020-03-02T11:20	88.18730	31.08369	0.139	198.7
2020-03-02T11:30	88.18692	31.07968	0.144	198.5
2020-03-02T11:40	88.18655	31.07552	0.143	199.4
2020-03-02T11:50	88.18617	31.07110	0.145	200.3
2020-03-02T12:00	88.18581	31.06595	0.143	204.2
2020-03-02T12:10	88.18543	31.06080	0.147	203.5
2020-03-02T12:20	88.18507	31.05651	0.139	200.7
2020-03-02T12:30	88.18472	31.05173	0.140	203.0
2020-03-02T12:40	88.18436	31.04631	0.141	206.0
2020-03-02T12:50	88.18399	31.04101	0.146	204.4
2020-03-02T13:00	88.18363	31.03619	0.143	202.6
2020-03-02T13:10	88.18326	31.03126	0.143	203.2
2020-03-02T13:20	88.18290	31.02595	0.142	205.2
2020-03-02T13:30	88.18255	31.01961	0.146	209.8
2020-03-02T13:40	88.18220	31.01321	0.145	210.3
2020-03-02T13:50	88.18185	31.00767	0.142	206.6
2020-03-02T14:00	88.18149	31.00209	0.144	206.3
2020-03-02T14:10	88.18116	30.99622	0.139	208.9
2020-03-02T14:20	88.18082	30.99062	0.138	207.6
2020-03-02T14:30	88.18048	30.98479	0.140	208.5
2020-03-02T14:40	88.18013	30.97815	0.145	211.6
2020-03-02T14:50	88.17980	30.96940	0.155	220.1
2020-03-02T15:00	88.17948	30.96018	0.157	222.2
2020-03-02T15:10	88.17916	30.95224	0.147	218.3
2020-03-02T15:20	88.17884	30.94562	0.139	213.1
2020-03-02T15:30	88.17849	30.94139	0.133	201.4
2020-03-02T15:40	88.17815	30.93807	0.129	197.1
2020-03-02T15:50	88.17783	30.93517	0.120	196.0
2020-03-02T16:00	88.17750	30.93249	0.124	194.3
2020-03-02T16:10	88.17716	30.92910	0.127	197.9
2020-03-02T16:20	88.17683	30.92278	0.139	211.5
2020-03-02T16:30	88.17648	30.91595	0.149	211.7
2020-03-02T16:40	88.17612	30.90956	0.149	209.4
2020-03-02T16:50	88.17576	30.90358	0.146	208.1
2020-03-02T17:00	88.17541	30.89755	0.145	208.4
2020-03-02T17:10	88.17506	30.89270	0.136	204.2
2020-03-02T17:20	88.17473	30.88837	0.130	202.4
2020-03-02T17:30	88.17438	30.88414	0.133	201.4
2020-03-02T17:40	88.17403	30.87985	0.137	201.1
2020-03-02T17:50	88.17367	30.87560	0.138	200.8
2020-03-02T18:00	88.17330	30.87174	0.140	198.5
2020-03-02T18:10	88.17294	30.86802	0.139	197.8
2020-03-02T18:20	88.17257	30.86479	0.138	195.6
2020-03-02T18:30	88.17218	30.86132	0.143	196.2
2020-03-02T18:40	88.17180	30.85802	0.144	195.2
2020-03-02T18:50	88.17142	30.85522	0.141	193.2
2020-03-02T19:00	88.17102	30.85212	0.145	194.2
2020-03-02T19:10	88.17063	30.84855	0.147	196.2
2020-03-02T19:20	88.17025	30.84451	0.147	198.5
2020-03-02T19:30	88.16986	30.84050	0.147	198.3
2020-03-02T19:40	88.16948	30.83651	0.145	198.5
2020-03-02T19:50	88.16909	30.83287	0.146	196.6
2020-03-02T20:00	88.16870	30.82929	0.147	196.2
2020-03-02T20:10	88.16831	30.82529	0.147	198.3
2020-03-02T20:20	88.16793	30.82132	0.144	198.6
2020-03-02T20:30	88.16755	30.81726	0.145	198.8
2020-03-02T20:40	88.16717	30.81363	0.144	196.9
2020-03-02T20:50	88.16677	30.81016	0.147	195.7
2020-03-02T21:00	88.16639	30.80681	0.142	195.8
2020-03-02T21:10	88.16600	30.80356	0.146	194.8
2020-03-02T21:20	88.16562	30.80020	0.144	195.5
2020-03-02T21:30	88.16523	30.79671	0.146	196.0
2020-03-02T21:40	88.16484	30.79297	0.144	197.4
2020-03-02T21:50	88.16448	30.78964	0.138	196.2
2020-03-02T22:00	88.16410	30.78656	0.140	194.7
2020-03-02T22:10	88.16372	30.78351	0.139	194.7
2020-03-02T22:20	88.16334	30.78016	0.144	195.6
2020-03-02T22:30	88.16295	30.77603	0.149	198.6
2020-03-02T22:40	88.16254	30.77154	0.155	199.5
2020-03-02T22:50	88.16214	30.76711	0.153	199.5
2020-03-02T23:00	88.16173	30.76272	0.156	199.0
2020-03-02T23:10	88.16133	30.75819	0.154	199.9
2020-03-02T23:20	88.16093	30.75357	0.152	200.5
2020-03-02T23:30	88.16052	30.74858	0.158	201.4
2020-03-02T23:40	88.16012	30.74374	0.156	201.0
2020-03-02T23:50	88.15973	30.74009	0.146	196.8
2020-03-03T00:00	88.15933	30.73643	0.152	196.2
2020-03-03T00:10	88.15892	30.73198	0.156	199.3
2020-03-03T00:20	88.15850	30.72661	0.161	202.7
2020-03-03T00:30	88.15810	30.72168	0.158	201.2
2020-03-03T00:40	88.15768	30.71684	0.161	200.4
2020-03-03T00:50	88.15726	30.71197	0.159	200.7
2020-03-03T01:00	88.15684	30.70706	0.163	200.4
2020-03-03T01:10	88.15642	30.70076	0.168	205.8
2020-03-03T01:20	88.15602	30.69318	0.167	211.7
2020-03-03T01:30	88.15565	30.68646	0.156	209.9
2020-03-03T01:40	88.15528	30.67963	0.155	210.7
2020-03-03T01:50	88.15489	30.67289	0.158	209.6
2020-03-03T02:00	88.15452	30.66622	0.156	209.7
2020-03-03T02:10	88.15414	30.66002	0.152	208.1
2020-03-03T02:20	88.15375	30.65468	0.154	203.7
2020-03-03T02:30	88.15336	30.64997	0.150	201.4
2020-03-03T02:40	88.15296	30.64502	0.156	201.6
2020-03-03T02:50	88.15257	30.64000	0.153	202.4
2020-03-03T03:00	88.15219	30.63519	0.149	202.1
2020-03-03T03:10	88.15181	30.63013	0.149	203.3
2020-03-03T03:20	88.15144	30.62522	0.146	203.1
2020-03-03T03:30	88.15107	30.62071	0.143	201.4
2020-03-03T03:40	88.15069	30.61692	0.142	198.1
2020-03-03T03:50	88.15031	30.61359	0.143	195.7
2020-03-03T04:00	88.14991	30.61006	0.148	196.1
2020-03-03T04:10	88.14954	30.60663	0.139	196.7
2020-03-03T04:20	88.14918	30.60322	0.137	196.7
2020-03-03T04:30	88.14882	30.59956	0.137	198.1
2020-03-03T04:40	88.14845	30.59563	0.139	199.1
2020-03-03T04:50	88.14809	30.59239	0.134	196.3
2020-03-03T05:00	88.14775	30.58958	0.129	194.7
2020-03-03T05:10	88.14739	30.58704	0.130	193.2
2020-03-03T05:20	88.14705	30.58525	0.127	189.4
2020-03-03T05:30	88.14669	30.58350	0.128	189.1
2020-03-03T05:40	88.14633	30.58124	0.134	191.4
2020-03-03T05:50	88.14598	30.57878	0.130	192.8
2020-03-03T06:00	88.14563	30.57607	0.127	194.3
2020-03-03T06:10	88.14529	30.57377	0.128	192.1
2020-03-03T06:20	88.14494	30.57131	0.130	192.8
2020-03-03T06:30	88.14458	30.56888	0.130	192.5
2020-03-03T06:40	88.14423	30.56656	0.129	192.1
2020-03-03T06:50	88.14388	30.56479	0.128	189.3
2020-03-03T07:00	88.14352	30.56287	0.131	189.9
2020-03-03T07:10	88.14318	30.56073	0.127	191.3
2020-03-03T07:20	88.14284	30.55862	0.123	191.6
2020-03-03T07:30	88.14250	30.55656	0.126	191.0
2020-03-03T07:40	88.14217	30.55437	0.120	192.3
2020-03-03T07:50	88.14189	30.55272	0.106	190.5
2020-03-03T08:00	88.14160	30.55148	0.105	187.9
2020-03-03T08:10	88.14129	30.54957	0.112	191.6
2020-03-03T08:20	88.14099	30.54730	0.112	193.7
2020-03-03T08:30	88.14068	30.54507	0.113	193.2
2020-03-03T08:40	88.14037	30.54333	0.114	190.3
2020-03-03T08:50	88.14006	30.54151	0.115	190.7
2020-03-03T09:00	88.13972	30.53940	0.126	191.3
2020-03-03T09:10	88.13937	30.53707	0.126	192.5
2020-03-03T09:20	88.13904	30.53500	0.122	191.4
2020-03-03T09:30	88.13872	30.53315	0.119	190.5
2020-03-03T09:40	88.13839	30.53169	0.117	188.4
2020-03-03T09:50	88.13802	30.52956	0.135	190.6
2020-03-03T10:00	88.13770	30.52763	0.119	191.0
2020-03-03T10:10	88.13736	30.52545	0.126	191.6
2020-03-03T10:20	88.13699	30.52326	0.136	190.9
2020-03-03T10:30	88.13663	30.52099	0.133	191.6
2020-03-03T10:40	88.13626	30.51898	0.132	190.3
2020-03-03T10:50	88.13590	30.51661	0.135	191.8
2020-03-03T11:00	88.13553	30.51395	0.137	193.2
2020-03-03T11:10	88.13516	30.51133	0.134	193.2
2020-03-03T11:20	88.13480	30.50848	0.136	194.2
2020-03-03T11:30	88.13443	30.50541	0.137	195.3
2020-03-03T11:40	88.13407	30.50238	0.134	195.3
2020-03-03T11:50	88.13371	30.49929	0.135	195.6
2020-03-03T12:00	88.13334	30.49616	0.137	195.5
2020-03-03T12:10	88.13298	30.49326	0.136	194.4
2020-03-03T12:20	88.13262	30.49043	0.134	194.4
2020-03-03T12:30	88.13225	30.48749	0.135	194.8
2020-03-03T12:40	88.13189	30.48429	0.136	196.0
2020-03-03T12:50	88.13152	30.48085	0.139	196.9
2020-03-03T13:00	88.13114	30.47794	0.141	194.0
2020-03-03T13:10	88.13079	30.47546	0.129	193.1
2020-03-03T13:20	88.13041	30.47330	0.138	190.6
2020-03-03T13:30	88.13004	30.47062	0.137	193.3
2020-03-03T13:40	88.12968	30.46772	0.136	194.5
2020-03-03T13:50	88.12932	30.46487	0.134	194.5
2020-03-03T14:00	88.12899	30.46215	0.121	195.3
2020-03-03T14:10	88.12868	30.45997	0.117	192.6
2020-03-03T14:20	88.12836	30.45767	0.118	193.3
2020-03-03T14:30	88.12803	30.45516	0.123	193.9
2020-03-03T14:40	88.12770	30.45235	0.123	195.5
2020-03-03T14:50	88.12736	30.44937	0.128	196.0
2020-03-03T15:00	88.12703	30.44685	0.122	194.1
2020-03-03T15:10	88.12669	30.44413	0.127	194.7
2020-03-03T15:20	88.12636	30.44184	0.123	192.7
2020-03-03T15:30	88.12603	30.43983	0.120	191.3
2020-03-03T15:40	88.12571	30.43773	0.116	192.3
2020-03-03T15:50	88.12539	30.43553	0.118	192.7
2020-03-03T16:00	88.12508	30.43364	0.117	191.0
2020-03-03T16:10	88.12476	30.43162	0.116	191.9
2020-03-03T16:20	88.12445	30.42977	0.115	191.0
2020-03-03T16:30	88.12412	30.42793	0.118	190.6
2020-03-03T16:40	88.12380	30.42631	0.118	189.3
2020-03-03T16:50	88.12348	30.42489	0.117	188.2
2020-03-03T17:00	88.12316	30.42334	0.116	189.1
2020-03-03T17:10	88.12286	30.42193	0.111	188.6
2020-03-03T17:20	88.12254	30.42042	0.114	189.0
2020-03-03T17:30	88.12224	30.41855	0.111	191.5
2020-03-03T17:40	88.12194	30.41659	0.111	192.0
2020-03-03T17:50	88.12162	30.41460	0.116	191.7
2020-03-03T18:00	88.12132	30.41304	0.111	189.5
2020-03-03T18:10	88.12102	30.41231	0.107	184.6
2020-03-03T18:20	88.12073	30.41155	0.106	184.8
2020-03-03T18:30	88.12042	30.41028	0.112	187.7
2020-03-03T18:40	88.12013	30.40916	0.104	187.3
2020-03-03T18:50	88.11985	30.40837	0.102	185.2
2020-03-03T19:00	88.11956	30.40736	0.104	186.6
2020-03-03T19:10	88.11929	30.40653	0.098	185.7
2020-03-03T19:20	88.11901	30.40585	0.102	184.5
2020-03-03T19:30	88.11874	30.40501	0.098	185.8
2020-03-03T19:40	88.11846	30.40394	0.102	187.1
2020-03-03T19:50	88.11817	30.40281	0.103	187.4
2020-03-03T20:00	88.11789	30.40222	0.102	183.9
2020-03-03T20:10	88.11762	30.40215	0.097	180.5
2020-03-03T20:20	88.11734	30.40194	0.100	181.5
2020-03-03T20:30	88.11707	30.40173	0.097	181.4
2020-03-03T20:40	88.11681	30.40131	0.095	183.0
2020-03-03T20:50	88.11655	30.40069	0.095	184.4
2020-03-03T21:00	88.11627	30.40008	0.099	184.1
2020-03-03T21:10	88.11598	30.39910	0.104	186.5
2020-03-03T21:20	88.11570	30.39799	0.102	187.4
2020-03-03T21:30	88.11542	30.39663	0.103	189.0
2020-03-03T21:40	88.11515	30.39579	0.099	185.8
2020-03-03T21:50	88.11487	30.39549	0.100	182.0
2020-03-03T22:00	88.11459	30.39547	0.099	180.1
2020-03-03T22:10	88.11432	30.39565	0.100	178.8
2020-03-03T22:20	88.11405	30.39616	0.097	176.4
2020-03-03T22:30	88.11379	30.39742	0.094	170.9
2020-03-03T22:40	88.11355	30.39798	0.089	175.7
2020-03-03T22:50	88.11330	30.39656	0.091	190.6
2020-03-03T23:00	88.11304	30.39454	0.095	194.7
2020-03-03T23:10	88.11279	30.39257	0.095	194.3
2020-03-03T23:20	88.11253	30.39117	0.094	190.2
2020-03-03T23:30	88.11227	30.39042	0.094	185.4
2020-03-03T23:40	88.11201	30.39017	0.093	181.8
2020-03-03T23:50	88.11176	30.39002	0.091	181.1
2020-03-04T00:00	88.11151	30.38995	0.091	180.5
2020-03-04T00:10	88.11126	30.38988	0.091	180.5
2020-03-04T00:20	88.11100	30.38945	0.094	183.1
2020-03-04T00:30	88.11074	30.38948	0.093	179.8
2020-03-04T00:40	88.11048	30.38954	0.094	179.6
2020-03-04T00:50	88.11021	30.38951	0.098	180.2
2020-03-04T01:00	88.10995	30.38920	0.093	182.3
2020-03-04T01:10	88.10970	30.38916	0.090	180.2
2020-03-04T01:20	88.10946	30.38913	0.086	180.2
2020-03-04T01:30	88.10922	30.38918	0.087	179.6
2020-03-04T01:40	88.10895	30.38800	0.099	188.2
2020-03-04T01:50	88.10868	30.38651	0.095	190.7
2020-03-04T02:00	88.10842	30.38497	0.096	191.0
2020-03-04T02:10	88.10814	30.38290	0.104	193.7
2020-03-04T02:20	88.10789	30.38144	0.094	190.7
2020-03-04T02:30	88.10763	30.38038	0.093	187.8
2020-03-04T02:40	88.10740	30.37922	0.085	189.3
2020-03-04T02:50	88.10718	30.37774	0.080	192.8
2020-03-04T03:00	88.10699	30.37633	0.072	193.4
2020-03-04T03:10	88.10678	30.37549	0.073	187.8
2020-03-04T03:20	88.10657	30.37522	0.076	182.4
2020-03-04T03:30	88.10636	30.37503	0.077	181.7
2020-03-04T03:40	88.10615	30.37517	0.077	178.8
2020-03-04T03:50	88.10591	30.37533	0.084	178.7
2020-03-04T04:00	88.10569	30.37541	0.079	179.3
2020-03-04T04:10	88.10548	30.37477	0.077	185.7
2020-03-04T04:20	88.10528	30.37433	0.073	184.0
2020-03-04T04:30	88.10507	30.37624	0.077	162.9
2020-03-04T04:40	88.10486	30.37844	0.082	161.3
2020-03-04T04:50	88.10465	30.38016	0.078	164.7
2020-03-04T05:00	88.10444	30.38158	0.078	167.5
2020-03-04T05:10	88.10422	30.38299	0.079	167.7
2020-03-04T05:20	88.10402	30.38413	0.074	169.5
2020-03-04T05:30	88.10381	30.38539	0.078	168.9
2020-03-04T05:40	88.10359	30.38648	0.078	170.5
2020-03-04T05:50	88.10337	30.38800	0.083	167.4
2020-03-04T06:00	88.10316	30.38956	0.078	166.2
2020-03-04T06:10	88.10293	30.39160	0.084	163.1
2020-03-04T06:20	88.10272	30.39431	0.083	157.2
2020-03-04T06:30	88.10252	30.39731	0.082	154.1
2020-03-04T06:40	88.10230	30.40045	0.087	154.5
2020-03-04T06:50	88.10209	30.40367	0.085	153.1
2020-03-04T07:00	88.10185	30.40765	0.098	150.9
2020-03-04T07:10	88.10166	30.41114	0.079	148.4
2020-03-04T07:20	88.10146	30.41517	0.088	146.6
2020-03-04T07:30	88.10126	30.41950	0.090	145.0
2020-03-04T07:40	88.10108	30.42315	0.078	146.2
2020-03-04T07:50	88.10089	30.42635	0.076	149.8
2020-03-04T08:00	88.10070	30.43010	0.084	147.8
2020-03-04T08:10	88.10048	30.43385	0.090	150.3
2020-03-04T08:20	88.10026	30.43714	0.088	153.6
2020-03-04T08:30	88.10003	30.44058	0.092	153.5
2020-03-04T08:40	88.09983	30.44379	0.081	151.9
2020-03-04T08:50	88.09961	30.44720	0.090	153.0
2020-03-04T09:00	88.09939	30.45031	0.085	154.1
2020-03-04T09:10	88.09918	30.45356	0.088	153.8
2020-03-04T09:20	88.09895	30.45692	0.089	153.2
2020-03-04T09:30	88.09875	30.46061	0.086	149.1
2020-03-04T09:40	88.09852	30.46401	0.091	153.4
2020-03-04T09:50	88.09832	30.46724	0.082	152.0
2020-03-04T10:00	88.09813	30.47011	0.078	153.9
2020-03-04T10:10	88.09794	30.47295	0.077	153.8
2020-03-04T10:20	88.09772	30.47596	0.085	154.9
2020-03-04T10:30	88.09752	30.47922	0.084	152.2
2020-03-04T10:40	88.09732	30.48222	0.080	153.5
2020-03-04T10:50	88.09712	30.48508	0.081	154.8
2020-03-04T11:00	88.09692	30.48764	0.078	156.9
2020-03-04T11:10	88.09673	30.48975	0.070	159.0
2020-03-04T11:20	88.09655	30.49175	0.070	159.9
2020-03-04T11:30	88.09636	30.49422	0.074	156.6
2020-03-04T11:40	88.09617	30.49697	0.077	154.6
2020-03-04T11:50	88.09599	30.49930	0.070	156.5
2020-03-04T12:00	88.09581	30.50139	0.070	159.3
2020-03-04T12:10	88.09568	30.50256	0.050	163.8
2020-03-04T12:20	88.09556	30.50455	0.049	150.8
2020-03-04T12:30	88.09543	30.50748	0.058	143.2
2020-03-04T12:40	88.09528	30.50997	0.060	150.2
2020-03-04T12:50	88.09513	30.51287	0.064	147.2
2020-03-04T13:00	88.09499	30.51581	0.061	144.8
2020-03-04T13:10	88.09486	30.51883	0.062	144.0
2020-03-04T13:20	88.09473	30.52149	0.055	144.3
2020-03-04T13:30	88.09461	30.52406	0.054	145.5
2020-03-04T13:40	88.09449	30.52663	0.054	145.1
2020-03-04T13:50	88.09439	30.52941	0.049	137.2
2020-03-04T14:00	88.09429	30.53243	0.050	133.5
2020-03-04T14:10	88.09420	30.53545	0.050	133.3
2020-03-04T14:20	88.09409	30.53819	0.050	139.3
2020-03-04T14:30	88.09398	30.54023	0.046	148.4
2020-03-04T14:40	88.09389	30.54214	0.039	143.9
2020-03-04T14:50	88.09382	30.54461	0.040	132.1
2020-03-04T15:00	88.09375	30.54712	0.039	130.2
2020-03-04T15:10	88.09368	30.54986	0.042	128.0
2020-03-04T15:20	88.09361	30.55310	0.045	120.9
2020-03-04T15:30	88.09355	30.55630	0.044	119.5
2020-03-04T15:40	88.09350	30.55972	0.045	113.2
2020-03-04T15:50	88.09341	30.56289	0.050	130.1
2020-03-04T16:00	88.09333	30.56616	0.051	129.4
2020-03-04T16:10	88.09323	30.56956	0.053	129.4
2020-03-04T16:20	88.09316	30.57202	0.040	132.8
2020-03-04T16:30	88.09308	30.57527	0.048	125.3
2020-03-04T16:40	88.09301	30.57847	0.045	121.7
2020-03-04T16:50	88.09294	30.58218	0.051	119.7
2020-03-04T17:00	88.09287	30.58608	0.054	120.5
2020-03-04T17:10	88.09280	30.58946	0.047	121.6
2020-03-04T17:20	88.09272	30.59307	0.052	123.4
2020-03-04T17:30	88.09267	30.59726	0.054	110.7
2020-03-04T17:40	88.09259	30.60073	0.049	122.7
2020-03-04T17:50	88.09253	30.60429	0.048	117.7
2020-03-04T18:00	88.09247	30.60836	0.054	115.4
2020-03-04T18:10	88.09237	30.61244	0.059	124.7
2020-03-04T18:20	88.09228	30.61659	0.061	124.8
2020-03-04T18:30	88.09219	30.62031	0.055	125.7
2020-03-04T18:40	88.09210	30.62416	0.056	124.5
2020-03-04T18:50	88.09202	30.62810	0.056	122.1
2020-03-04T19:00	88.09195	30.63206	0.053	115.9
2020-03-04T19:10	88.09187	30.63652	0.061	118.1
2020-03-04T19:20	88.09181	30.64046	0.053	116.0
2020-03-04T19:30	88.09174	30.64499	0.060	114.2
2020-03-04T19:40	88.09167	30.64949	0.059	114.1
2020-03-04T19:50	88.09160	30.65406	0.060	115.0
2020-03-04T20:00	88.09153	30.65859	0.061	116.8
2020-03-04T20:10	88.09144	30.66298	0.061	119.7
2020-03-04T20:20	88.09137	30.66722	0.057	117.9
2020-03-04T20:30	88.09129	30.67146	0.058	118.2
2020-03-04T20:40	88.09121	30.67578	0.060	119.8
2020-03-04T20:50	88.09114	30.68016	0.058	115.6
2020-03-04T21:00	88.09109	30.68444	0.055	110.0
2020-03-04T21:10	88.09104	30.68894	0.057	107.9
2020-03-04T21:20	88.09098	30.69319	0.055	112.7
2020-03-04T21:30	88.09091	30.69693	0.051	119.0
2020-03-04T21:40	88.09083	30.70059	0.053	123.5
2020-03-04T21:50	88.09076	30.70424	0.051	121.7
2020-03-04T22:00	88.09069	30.70811	0.053	118.4
2020-03-04T22:10	88.09063	30.71195	0.050	112.3
2020-03-04T22:20	88.09058	30.71572	0.049	111.9
2020-03-04T22:30	88.09053	30.71934	0.048	115.3
2020-03-04T22:40	88.09047	30.72278	0.046	115.2
2020-03-04T22:50	88.09042	30.72614	0.045	116.2
2020-03-04T23:00	88.09036	30.72940	0.044	116.2
2020-03-04T23:10	88.09032	30.73268	0.043	113.4
2020-03-04T23:20	88.09027	30.73614	0.044	111.1
2020-03-04T23:30	88.09022	30.73950	0.044	113.0
2020-03-04T23:40	88.09018	30.74255	0.039	111.8
2020-03-04T23:50	88.09014	30.74534	0.037	114.7
2020-03-05T00:00	88.09010	30.74774	0.033	120.1
2020-03-05T00:10	88.09005	30.74990	0.030	120.6
2020-03-05T00:20	88.09002	30.75196	0.027	114.8
2020-03-05T00:30	88.09000	30.75456	0.032	103.9
2020-03-05T00:40	88.08998	30.75730	0.033	99.8
2020-03-05T00:50	88.08997	30.75966	0.029	96.8
2020-03-05T01:00	88.08998	30.76195	0.028	88.7
2020-03-05T01:10	88.08999	30.76389	0.023	81.3
2020-03-05T01:20	88.08999	30.76614	0.027	85.7
2020-03-05T01:30	88.08999	30.76831	0.026	90.5
2020-03-05T01:40	88.08997	30.77017	0.023	106.4
2020-03-05T01:50	88.08996	30.77179	0.020	99.5
2020-03-05T02:00	88.08996	30.77285	0.013	100.6
2020-03-05T02:10	88.08994	30.77394	0.014	114.7
2020-03-05T02:20	88.08993	30.77515	0.015	105.0
2020-03-05T02:30	88.08992	30.77620	0.013	107.6
2020-03-05T02:40	88.08990	30.77726	0.014	111.7
2020-03-05T02:50	88.08989	30.77826	0.013	107.0
2020-03-05T03:00	88.08990	30.77926	0.012	81.5
2020-03-05T03:10	88.08991	30.78003	0.010	69.6
2020-03-05T03:20	88.08993	30.78121	0.016	63.7
2020-03-05T03:30	88.08995	30.78267	0.020	62.1
2020-03-05T03:40	88.08998	30.78400	0.019	57.3
2020-03-05T03:50	88.09001	30.78540	0.019	62.8
2020-03-05T04:00	88.09005	30.78712	0.026	51.6
2020-03-05T04:10	88.09009	30.78809	0.017	42.6
2020-03-05T04:20	88.09013	30.78913	0.021	36.1
2020-03-05T04:30	88.09017	30.78975	0.016	28.2
2020-03-05T04:40	88.09022	30.79073	0.019	37.4
2020-03-05T04:50	88.09027	30.79207	0.026	39.0
2020-03-05T05:00	88.09032	30.79352	0.024	45.8
2020-03-05T05:10	88.09036	30.79497	0.024	46.3
2020-03-05T05:20	88.09042	30.79646	0.028	39.9
2020-03-05T05:30	88.09048	30.79798	0.027	43.0
2020-03-05T05:40	88.09053	30.79953	0.028	42.4
2020-03-05T05:50	88.09059	30.80075	0.023	38.6
2020-03-05T06:00	88.09064	30.80215	0.026	39.7
2020-03-05T06:10	88.09069	30.80333	0.023	38.6
2020-03-05T06:20	88.09074	30.80413	0.020	28.0
2020-03-05T06:30	88.09080	30.80520	0.025	31.0
2020-03-05T06:40	88.09086	30.80616	0.023	29.3
2020-03-05T06:50	88.09091	30.80710	0.023	29.3
2020-03-05T07:00	88.09098	30.80836	0.029	31.0
2020-03-05T07:10	88.09105	30.80973	0.029	34.0
2020-03-05T07:20	88.09113	30.81119	0.034	30.8
2020-03-05T07:30	88.09119	30.81217	0.025	27.6
2020-03-05T07:40	88.09126	30.81309	0.025	26.0
2020-03-05T07:50	88.09130	30.81349	0.014	19.5
2020-03-05T08:00	88.09135	30.81364	0.020	5.0
2020-03-05T08:10	88.09140	30.81374	0.018	3.8
2020-03-05T08:20	88.09147	30.81405	0.024	9.1
2020-03-05T08:30	88.09155	30.81446	0.030	9.4
2020-03-05T08:40	88.09162	30.81500	0.028	13.5
2020-03-05T08:50	88.09170	30.81566	0.028	16.0
2020-03-05T09:00	88.09179	30.81601	0.032	7.6
2020-03-05T09:10	88.09187	30.81644	0.029	10.3
2020-03-05T09:20	88.09194	30.81703	0.027	15.5
2020-03-05T09:30	88.09201	30.81724	0.027	5.4
2020-03-05T09:40	88.09210	30.81723	0.030	359.7
2020-03-05T09:50	88.09217	30.81769	0.026	12.2
2020-03-05T10:00	88.09222	30.81802	0.021	10.9
2020-03-05T10:10	88.09231	30.81852	0.032	10.6
2020-03-05T10:20	88.09240	30.81906	0.034	11.1
2020-03-05T10:30	88.09252	30.81982	0.043	12.3
2020-03-05T10:40	88.09262	30.82023	0.039	7.4
2020-03-05T10:50	88.09271	30.82054	0.032	6.7
2020-03-05T11:00	88.09279	30.82049	0.028	358.7
2020-03-05T11:10	88.09284	30.82041	0.018	357.0
2020-03-05T11:20	88.09290	30.82003	0.022	348.4
2020-03-05T11:30	88.09297	30.81968	0.025	350.4
2020-03-05T11:40	88.09304	30.81927	0.023	347.8
2020-03-05T11:50	88.09311	30.81848	0.028	340.1
2020-03-05T12:00	88.09318	30.81784	0.028	344.1
2020-03-05T12:10	88.09327	30.81734	0.033	349.6
2020-03-05T12:20	88.09336	30.81695	0.032	351.8
2020-03-05T12:30	88.09345	30.81636	0.032	347.0
2020-03-05T12:40	88.09352	30.81568	0.026	341.7
2020-03-05T12:50	88.09358	30.81491	0.025	337.9
2020-03-05T13:00	88.09364	30.81408	0.023	334.5
2020-03-05T13:10	88.09371	30.81325	0.026	337.4
2020-03-05T13:20	88.09378	30.81209	0.031	333.4
2020-03-05T13:30	88.09385	30.81101	0.028	332.5
2020-03-05T13:40	88.09395	30.80965	0.038	334.3
2020-03-05T13:50	88.09408	30.80770	0.054	334.3
2020-03-05T14:00	88.09416	30.80626	0.033	327.9
2020-03-05T14:10	88.09425	30.80475	0.037	330.5
2020-03-05T14:20	88.09435	30.80308	0.044	332.8
2020-03-05T14:30	88.09447	30.80107	0.047	329.1
2020-03-05T14:40	88.09457	30.79895	0.045	325.5
2020-03-05T14:50	88.09463	30.79737	0.029	319.1
2020-03-05T15:00	88.09468	30.79580	0.027	315.4
2020-03-05T15:10	88.09474	30.79391	0.031	312.8
2020-03-05T15:20	88.09480	30.79205	0.032	315.9
2020-03-05T15:30	88.09486	30.79037	0.028	313.7
2020-03-05T15:40	88.09494	30.78768	0.043	311.7
2020-03-05T15:50	88.09501	30.78491	0.041	307.0
2020-03-05T16:00	88.09508	30.78179	0.046	304.9
2020-03-05T16:10	88.09519	30.77831	0.058	314.4
2020-03-05T16:20	88.09530	30.77535	0.052	317.5
2020-03-05T16:30	88.09536	30.77374	0.028	317.2
2020-03-05T16:40	88.09542	30.77214	0.031	321.4
2020-03-05T16:50	88.09551	30.76999	0.039	319.1
2020-03-05T17:00	88.09559	30.76796	0.039	321.5
2020-03-05T17:10	88.09569	30.76600	0.042	325.7
2020-03-05T17:20	88.09576	30.76393	0.036	316.2
2020-03-05T17:30	88.09583	30.76217	0.032	319.0
2020-03-05T17:40	88.09588	30.75995	0.034	308.5
2020-03-05T17:50	88.09595	30.75740	0.038	305.8
2020-03-05T18:00	88.09604	30.75477	0.047	317.6
2020-03-05T18:10	88.09617	30.75219	0.056	326.7
2020-03-05T18:20	88.09634	30.74856	0.076	324.9
2020-03-05T18:30	88.09652	30.74544	0.075	330.2
2020-03-05T18:40	88.09666	30.74234	0.063	323.8
2020-03-05T18:50	88.09677	30.73936	0.052	316.3
2020-03-05T19:00	88.09683	30.73682	0.038	306.8
2020-03-05T19:10	88.09692	30.73389	0.046	311.1
2020-03-05T19:20	88.09702	30.73062	0.054	314.0
2020-03-05T19:30	88.09714	30.72654	0.066	312.3
2020-03-05T19:40	88.09724	30.72274	0.057	306.9
2020-03-05T19:50	88.09738	30.71850	0.071	314.5
2020-03-05T20:00	88.09750	30.71431	0.067	311.8
2020-03-05T20:10	88.09761	30.71027	0.062	309.2
2020-03-05T20:20	88.09772	30.70641	0.061	311.0
2020-03-05T20:30	88.09785	30.70205	0.070	312.0
2020-03-05T20:40	88.09799	30.69728	0.076	311.1
2020-03-05T20:50	88.09810	30.69368	0.058	312.5
2020-03-05T21:00	88.09818	30.69025	0.050	305.8
2020-03-05T21:10	88.09832	30.68460	0.083	305.5
2020-03-05T21:20	88.09844	30.67857	0.084	300.9
2020-03-05T21:30	88.09850	30.67379	0.061	291.0
2020-03-05T21:40	88.09859	30.66866	0.070	298.6
2020-03-05T21:50	88.09870	30.66321	0.077	302.1
2020-03-05T22:00	88.09881	30.65768	0.077	300.4
2020-03-05T22:10	88.09894	30.65163	0.085	302.1
2020-03-05T22:20	88.09910	30.64475	0.101	305.7
2020-03-05T22:30	88.09924	30.63791	0.097	302.3
2020-03-05T22:40	88.09937	30.63154	0.090	301.9
2020-03-05T22:50	88.09947	30.62622	0.073	299.2
2020-03-05T23:00	88.09952	30.62197	0.054	289.5
2020-03-05T23:10	88.09959	30.61649	0.070	290.5
2020-03-05T23:20	88.09967	30.61038	0.078	290.5
2020-03-05T23:30	88.09974	30.60382	0.082	287.7
2020-03-05T23:40	88.09978	30.59864	0.064	285.1
2020-03-05T23:50	88.09981	30.59344	0.063	278.7
2020-03-06T00:00	88.09982	30.58756	0.070	274.8
2020-03-06T00:10	88.09987	30.58001	0.092	281.1
2020-03-06T00:20	88.09994	30.57181	0.101	284.6
2020-03-06T00:30	88.10003	30.56320	0.107	286.9
2020-03-06T00:40	88.10014	30.55413	0.115	289.5
2020-03-06T00:50	88.10017	30.54650	0.092	278.1
2020-03-06T01:00	88.10019	30.53845	0.096	272.7
2020-03-06T01:10	88.10019	30.53036	0.097	271.4
2020-03-06T01:20	88.10023	30.52157	0.106	276.7
2020-03-06T01:30	88.10028	30.51154	0.121	278.4
2020-03-06T01:40	88.10033	30.50110	0.126	278.2
2020-03-06T01:50	88.10038	30.49108	0.121	279.8
2020-03-06T02:00	88.10045	30.48069	0.126	280.5
2020-03-06T02:10	88.10052	30.46964	0.134	280.6
2020-03-06T02:20	88.10061	30.45701	0.154	282.3
2020-03-06T02:30	88.10066	30.44700	0.121	278.4
2020-03-06T02:40	88.10066	30.44036	0.079	270.7
2020-03-06T02:50	88.10064	30.43468	0.068	263.3
2020-03-06T03:00	88.10063	30.42770	0.083	268.5
2020-03-06T03:10	88.10069	30.41923	0.103	281.0
2020-03-06T03:20	88.10075	30.40818	0.134	280.5
2020-03-06T03:30	88.10081	30.39709	0.134	278.3
2020-03-06T03:40	88.10082	30.38633	0.129	272.6
2020-03-06T03:50	88.10087	30.37396	0.149	277.2
2020-03-06T04:00	88.10091	30.36123	0.152	274.2
2020-03-06T04:10	88.10093	30.34821	0.155	272.8
2020-03-06T04:20	88.10095	30.33571	0.149	273.1
2020-03-06T04:30	88.10092	30.32523	0.125	265.8
2020-03-06T04:40	88.10086	30.31708	0.100	257.1
2020-03-06T04:50	88.10081	30.30867	0.102	259.1
2020-03-06T05:00	88.10076	30.29952	0.110	261.7
2020-03-06T05:10	88.10070	30.28927	0.124	259.5
2020-03-06T05:20	88.10068	30.27884	0.125	266.6
2020-03-06T05:30	88.10071	30.26641	0.149	274.5
2020-03-06T05:40	88.10072	30.25388	0.150	270.4
2020-03-06T05:50	88.10073	30.23675	0.204	271.6
2020-03-06T06:00	88.10077	30.21778	0.227	273.8
2020-03-06T06:10	88.10083	30.19950	0.219	275.2
2020-03-06T06:20	88.10090	30.18090	0.223	276.7
2020-03-06T06:30	88.10093	30.16304	0.213	273.1
2020-03-06T06:40	88.10089	30.14784	0.182	265.5
2020-03-06T06:50	88.10082	30.13074	0.206	262.5
2020-03-06T07:00	88.10080	30.11421	0.197	268.3
2020-03-06T07:10	88.10085	30.09341	0.249	274.2
2020-03-06T07:20	88.10090	30.07228	0.253	273.6
2020-03-06T07:30	88.10093	30.05149	0.248	272.8
2020-03-06T07:40	88.10095	30.03245	0.227	271.5
2020-03-06T07:50	88.10092	30.01746	0.179	266.5
2020-03-06T08:00	88.10084	30.00424	0.160	260.1
2020-03-06T08:10	88.10078	29.98968	0.175	263.0
2020-03-06T08:20	88.10074	29.97367	0.192	265.9
2020-03-06T08:30	88.10076	29.95495	0.223	271.2
2020-03-06T08:40	88.10076	29.93658	0.219	270.4
2020-03-06T08:50	88.10075	29.91813	0.220	269.3
2020-03-06T09:00	88.10078	29.89837	0.236	272.3
2020-03-06T09:10	88.10083	29.87817	0.242	274.6
2020-03-06T09:20	88.10088	29.85805	0.241	274.3
2020-03-06T09:30	88.10093	29.83656	0.257	274.1
2020-03-06T09:40	88.10099	29.81393	0.271	274.2
2020-03-06T09:50	88.10104	29.79188	0.264	274.1
2020-03-06T10:00	88.10108	29.77067	0.253	273.3
2020-03-06T10:10	88.10111	29.75001	0.247	272.1
2020-03-06T10:20	88.10110	29.73082	0.229	269.2
2020-03-06T10:30	88.10107	29.71143	0.232	267.2
2020-03-06T10:40	88.10103	29.69210	0.231	266.4
2020-03-06T10:50	88.10100	29.67213	0.238	267.9
2020-03-06T11:00	88.10100	29.65110	0.251	269.8
2020-03-06T11:10	88.10099	29.62962	0.256	269.3
2020-03-06T11:20	88.10096	29.60842	0.253	267.8
2020-03-06T11:30	88.10093	29.58722	0.253	266.9
2020-03-06T11:40	88.10088	29.56577	0.256	266.5
2020-03-06T11:50	88.10083	29.54353	0.266	266.3
2020-03-06T12:00	88.10081	29.52059	0.274	267.9
2020-03-06T12:10	88.10077	29.49864	0.262	266.7
2020-03-06T12:20	88.10069	29.47908	0.235	263.0
2020-03-06T12:30	88.10058	29.46008	0.230	260.6
2020-03-06T12:40	88.10047	29.44071	0.234	260.5
2020-03-06T12:50	88.10034	29.42215	0.226	258.1
2020-03-06T13:00	88.10020	29.40343	0.229	257.2
2020-03-06T13:10	88.10009	29.38380	0.238	260.3
2020-03-06T13:20	88.09998	29.36382	0.242	260.1
2020-03-06T13:30	88.09981	29.34660	0.214	254.0
2020-03-06T13:40	88.09966	29.32958	0.211	254.5
2020-03-06T13:50	88.09950	29.31184	0.219	255.2
2020-03-06T14:00	88.09937	29.29310	0.229	257.9
2020-03-06T14:10	88.09923	29.27456	0.227	257.2
2020-03-06T14:20	88.09907	29.25507	0.239	256.6
2020-03-06T14:30	88.09894	29.23257	0.273	260.1
2020-03-06T14:40	88.09881	29.20969	0.278	260.1
2020-03-06T14:50	88.09866	29.18812	0.263	258.0
2020-03-06T15:00	88.09849	29.16652	0.265	257.1
2020-03-06T15:10	88.09835	29.14472	0.266	258.7
2020-03-06T15:20	88.09819	29.12275	0.269	257.3
2020-03-06T15:30	88.09805	29.09956	0.281	260.4
2020-03-06T15:40	88.09792	29.07501	0.297	260.9
2020-03-06T15:50	88.09780	29.05012	0.301	261.6
2020-03-06T16:00	88.09768	29.02519	0.302	261.3
2020-03-06T16:10	88.09753	29.00107	0.293	260.1
2020-03-06T16:20	88.09737	28.97970	0.262	256.8
2020-03-06T16:30	88.09721	28.95838	0.261	257.4
2020-03-06T16:40	88.09704	28.93658	0.268	256.6
2020-03-06T16:50	88.09685	28.91544	0.262	255.1
2020-03-06T17:00	88.09667	28.89372	0.268	255.7
2020-03-06T17:10	88.09646	28.87220	0.268	254.0
2020-03-06T17:20	88.09627	28.85084	0.265	254.7
2020-03-06T17:30	88.09609	28.82969	0.261	256.2
2020-03-06T17:40	88.09591	28.80809	0.267	255.5
2020-03-06T17:50	88.09574	28.78654	0.264	257.2
2020-03-06T18:00	88.09557	28.76478	0.268	256.2
2020-03-06T18:10	88.09540	28.74328	0.264	257.0
2020-03-06T18:20	88.09523	28.72160	0.267	256.4
2020-03-06T18:30	88.09505	28.70023	0.264	256.0
2020-03-06T18:40	88.09489	28.67897	0.261	257.0
2020-03-06T18:50	88.09471	28.65793	0.260	256.0
2020-03-06T19:00	88.09453	28.63736	0.255	255.2
2020-03-06T19:10	88.09435	28.61679	0.255	254.8
2020-03-06T19:20	88.09416	28.59680	0.249	254.0
2020-03-06T19:30	88.09396	28.57681	0.250	253.5
2020-03-06T19:40	88.09376	28.55670	0.251	253.7
2020-03-06T19:50	88.09356	28.53640	0.254	253.3
2020-03-06T20:00	88.09336	28.51597	0.255	253.6
2020-03-06T20:10	88.09316	28.49560	0.254	253.8
2020-03-06T20:20	88.09297	28.47530	0.253	254.1
2020-03-06T20:30	88.09276	28.45496	0.255	252.7
2020-03-06T20:40	88.09256	28.43469	0.253	253.9
2020-03-06T20:50	88.09236	28.41463	0.252	252.9
2020-03-06T21:00	88.09215	28.39486	0.249	252.1
2020-03-06T21:10	88.09192	28.37528	0.249	250.8
2020-03-06T21:20	88.09169	28.35567	0.250	250.5
2020-03-06T21:30	88.09145	28.33648	0.245	249.9
2020-03-06T21:40	88.09121	28.31718	0.247	249.4
2020-03-06T21:50	88.09097	28.29826	0.244	248.6
2020-03-06T22:00	88.09071	28.27972	0.241	247.6
2020-03-06T22:10	88.09045	28.26110	0.243	246.9
2020-03-06T22:20	88.09018	28.24251	0.243	246.7
2020-03-06T22:30	88.08991	28.22389	0.243	246.8
2020-03-06T22:40	88.08965	28.20554	0.239	247.0
2020-03-06T22:50	88.08938	28.18702	0.242	246.6
2020-03-06T23:00	88.08912	28.16854	0.242	246.6
2020-03-06T23:10	88.08885	28.15019	0.240	246.6
2020-03-06T23:20	88.08858	28.13183	0.241	246.3
2020-03-06T23:30	88.08832	28.11337	0.241	246.9
2020-03-06T23:40	88.08806	28.09412	0.249	247.9
2020-03-06T23:50	88.08780	28.07425	0.256	248.6
2020-03-07T00:00	88.08754	28.05426	0.258	248.8
2020-03-07T00:10	88.08728	28.03438	0.256	248.7
2020-03-07T00:20	88.08702	28.01454	0.257	248.0
2020-03-07T00:30	88.08675	27.99469	0.257	248.3
2020-03-07T00:40	88.08649	27.97502	0.255	248.2
2020-03-07T00:50	88.08622	27.95536	0.255	248.0
2020-03-07T01:00	88.08596	27.93581	0.253	248.3
2020-03-07T01:10	88.08571	27.91689	0.245	248.2
2020-03-07T01:20	88.08545	27.89754	0.251	248.2
2020-03-07T01:30	88.08520	27.87815	0.250	248.7
2020-03-07T01:40	88.08495	27.85873	0.251	248.7
2020-03-07T01:50	88.08469	27.83925	0.251	248.9
2020-03-07T02:00	88.08443	27.81981	0.252	248.1
2020-03-07T02:10	88.08417	27.80042	0.252	248.0
2020-03-07T02:20	88.08391	27.78108	0.251	248.1
2020-03-07T02:30	88.08364	27.76161	0.253	247.7
2020-03-07T02:40	88.08338	27.74231	0.251	247.9
2020-03-07T02:50	88.08311	27.72307	0.251	247.4
2020-03-07T03:00	88.08284	27.70380	0.252	247.3
2020-03-07T03:10	88.08258	27.68437	0.253	247.6
2020-03-07T03:20	88.08231	27.66491	0.253	247.7
2020-03-07T03:30	88.08205	27.64530	0.254	248.4
2020-03-07T03:40	88.08178	27.62555	0.257	247.9
2020-03-07T03:50	88.08152	27.60570	0.257	248.4
2020-03-07T04:00	88.08126	27.58559	0.259	249.4
2020-03-07T04:10	88.08101	27.56561	0.258	248.9
2020-03-07T04:20	88.08075	27.54541	0.260	249.6
2020-03-07T04:30	88.08049	27.52546	0.259	248.3
2020-03-07T04:40	88.08023	27.50558	0.257	248.8
2020-03-07T04:50	88.07997	27.48567	0.258	248.5
2020-03-07T05:00	88.07971	27.46599	0.255	248.8
2020-03-07T05:10	88.07946	27.44636	0.254	248.9
2020-03-07T05:20	88.07920	27.42680	0.253	248.8
2020-03-07T05:30	88.07894	27.40737	0.252	248.3
2020-03-07T05:40	88.07869	27.38788	0.252	248.9
2020-03-07T05:50	88.07843	27.36887	0.248	247.5
2020-03-07T06:00	88.07816	27.34977	0.250	247.2
2020-03-07T06:10	88.07789	27.33093	0.247	247.2
2020-03-07T06:20	88.07762	27.31219	0.246	246.7
2020-03-07T06:30	88.07735	27.29360	0.245	246.5
2020-03-07T06:40	88.07708	27.27503	0.245	246.2
2020-03-07T06:50	88.07679	27.25671	0.244	245.0
2020-03-07T07:00	88.07651	27.23841	0.244	245.1
2020-03-07T07:10	88.07623	27.22022	0.242	245.6
2020-03-07T07:20	88.07595	27.20220	0.240	245.0
2020-03-07T07:30	88.07567	27.18418	0.240	245.1
2020-03-07T07:40	88.07538	27.16625	0.239	245.0
2020-03-07T07:50	88.07510	27.14856	0.237	244.3
2020-03-07T08:00	88.07481	27.13111	0.234	244.2
2020-03-07T08:10	88.07453	27.11379	0.233	243.9
2020-03-07T08:20	88.07425	27.09661	0.231	244.1
2020-03-07T08:30	88.07396	27.07979	0.228	243.1
2020-03-07T08:40	88.07367	27.06325	0.226	242.5
2020-03-07T08:50	88.07337	27.04662	0.229	241.6
2020-03-07T09:00	88.07307	27.03021	0.227	241.3
2020-03-07T09:10	88.07276	27.01415	0.224	240.1
2020-03-07T09:20	88.07244	26.99832	0.223	239.3
2020-03-07T09:30	88.07211	26.98260	0.224	238.2
2020-03-07T09:40	88.07180	26.96696	0.221	239.1
2020-03-07T09:50	88.07148	26.95162	0.218	238.6
2020-03-07T10:00	88.07116	26.93634	0.218	238.0
2020-03-07T10:10	88.07084	26.92075	0.221	238.6
2020-03-07T10:20	88.07052	26.90529	0.221	238.0
2020-03-07T10:30	88.07019	26.88985	0.222	237.7
2020-03-07T10:40	88.06986	26.87461	0.220	237.3
2020-03-07T10:50	88.06952	26.85922	0.222	237.3
2020-03-07T11:00	88.06919	26.84374	0.223	237.3
2020-03-07T11:10	88.06885	26.82822	0.224	237.2
2020-03-07T11:20	88.06852	26.81302	0.221	236.7
2020-03-07T11:30	88.06818	26.79765	0.223	236.7
2020-03-07T11:40	88.06783	26.78218	0.225	236.7
2020-03-07T11:50	88.06749	26.76705	0.221	236.2
2020-03-07T12:00	88.06715	26.75195	0.220	236.3
2020-03-07T12:10	88.06682	26.73677	0.220	236.8
2020-03-07T12:20	88.06648	26.72159	0.221	236.7
2020-03-07T12:30	88.06614	26.70641	0.222	236.3
2020-03-07T12:40	88.06580	26.69140	0.219	236.3
2020-03-07T12:50	88.06546	26.67642	0.219	236.3
2020-03-07T13:00	88.06512	26.66158	0.219	235.5
2020-03-07T13:10	88.06478	26.64666	0.219	235.9
2020-03-07T13:20	88.06444	26.63177	0.218	236.2
2020-03-07T13:30	88.06412	26.61681	0.215	237.7
2020-03-07T13:40	88.06380	26.60167	0.217	237.9
2020-03-07T13:50	88.06350	26.58673	0.212	239.0
2020-03-07T14:00	88.06318	26.57170	0.215	238.5
2020-03-07T14:10	88.06288	26.55667	0.213	239.1
2020-03-07T14:20	88.06257	26.54173	0.213	238.7
2020-03-07T14:30	88.06228	26.52683	0.210	239.7
2020-03-07T14:40	88.06198	26.51185	0.212	239.2
2020-03-07T14:50	88.06167	26.49695	0.213	238.5
2020-03-07T15:00	88.06137	26.48213	0.210	239.4
2020-03-07T15:10	88.06107	26.46762	0.208	238.3
2020-03-07T15:20	88.06076	26.45305	0.209	238.0
2020-03-07T15:30	88.06045	26.43860	0.208	237.9
2020-03-07T15:40	88.06015	26.42424	0.207	237.7
2020-03-07T15:50	88.05983	26.40994	0.208	236.9
2020-03-07T16:00	88.05953	26.39549	0.207	238.2
2020-03-07T16:10	88.05922	26.38068	0.212	238.4
2020-03-07T16:20	88.05891	26.36628	0.208	237.8
2020-03-07T16:30	88.05860	26.35149	0.211	238.6
2020-03-07T16:40	88.05830	26.33679	0.211	238.3
2020-03-07T16:50	88.05799	26.32208	0.211	238.1
2020-03-07T17:00	88.05767	26.30727	0.214	237.7
2020-03-07T17:10	88.05737	26.29307	0.203	238.6
2020-03-07T17:20	88.05708	26.27874	0.204	238.9
2020-03-07T17:30	88.05676	26.26462	0.208	235.9
2020-03-07T17:40	88.05644	26.25047	0.207	236.7
2020-03-07T17:50	88.05613	26.23640	0.206	236.7
2020-03-07T18:00	88.05581	26.22274	0.202	235.8
2020-03-07T18:10	88.05549	26.20894	0.205	235.3
2020-03-07T18:20	88.05518	26.19544	0.199	236.0
2020-03-07T18:30	88.05486	26.18205	0.200	234.8
2020-03-07T18:40	88.05454	26.16864	0.201	234.8
2020-03-07T18:50	88.05421	26.15535	0.201	233.9
2020-03-07T19:00	88.05389	26.14211	0.199	234.4
2020-03-07T19:10	88.05356	26.12900	0.199	233.6
2020-03-07T19:20	88.05324	26.11592	0.198	233.9
2020-03-07T19:30	88.05290	26.10289	0.199	233.1
2020-03-07T19:40	88.05256	26.09008	0.199	232.1
2020-03-07T19:50	88.05222	26.07734	0.199	231.6
2020-03-07T20:00	88.05188	26.06461	0.199	231.6
2020-03-07T20:10	88.05153	26.05187	0.199	231.6
2020-03-07T20:20	88.05118	26.03914	0.202	230.6
2020-03-07T20:30	88.05083	26.02656	0.199	230.6
2020-03-07T20:40	88.05047	26.01415	0.199	230.0
2020-03-07T20:50	88.05013	26.00163	0.198	230.9
2020-03-07T21:00	88.04977	25.98922	0.198	230.1
2020-03-07T21:10	88.04942	25.97680	0.198	230.2
2020-03-07T21:20	88.04906	25.96427	0.200	230.1
2020-03-07T21:30	88.04870	25.95197	0.200	229.0
2020-03-07T21:40	88.04834	25.93971	0.199	229.2
2020-03-07T21:50	88.04798	25.92759	0.198	228.8
2020-03-07T22:00	88.04760	25.91525	0.202	228.4
2020-03-07T22:10	88.04724	25.90305	0.198	229.2
2020-03-07T22:20	88.04688	25.89078	0.200	228.7
2020-03-07T22:30	88.04651	25.87855	0.200	228.5
2020-03-07T22:40	88.04614	25.86627	0.202	228.3
2020-03-07T22:50	88.04577	25.85389	0.202	228.9
2020-03-07T23:00	88.04540	25.84148	0.203	228.8
2020-03-07T23:10	88.04502	25.82905	0.203	228.7
2020-03-07T23:20	88.04465	25.81685	0.201	228.3
2020-03-07T23:30	88.04429	25.80465	0.200	228.5
2020-03-07T23:40	88.04391	25.79241	0.201	228.4
2020-03-07T23:50	88.04354	25.78027	0.200	228.3
2020-03-08T00:00	88.04318	25.76823	0.198	228.4
2020-03-08T00:10	88.04282	25.75616	0.198	228.6
2020-03-08T00:20	88.04245	25.74400	0.199	228.6
2020-03-08T00:30	88.04208	25.73212	0.198	227.6
2020-03-08T00:40	88.04171	25.72003	0.199	228.5
2020-03-08T00:50	88.04135	25.70795	0.198	228.7
2020-03-08T01:00	88.04099	25.69595	0.197	228.6
2020-03-08T01:10	88.04064	25.68403	0.194	229.2
2020-03-08T01:20	88.04027	25.67215	0.197	228.0
2020-03-08T01:30	88.03991	25.66038	0.195	227.9
2020-03-08T01:40	88.03955	25.64865	0.195	227.9
2020-03-08T01:50	88.03918	25.63713	0.194	226.9
2020-03-08T02:00	88.03880	25.62555	0.196	226.6
2020-03-08T02:10	88.03843	25.61391	0.197	226.7
2020-03-08T02:20	88.03805	25.60233	0.198	226.2
2020-03-08T02:30	88.03767	25.59061	0.198	226.7
2020-03-08T02:40	88.03729	25.57909	0.198	226.0
2020-03-08T02:50	88.03690	25.56759	0.198	225.8
2020-03-08T03:00	88.03652	25.55620	0.197	225.4
2020-03-08T03:10	88.03613	25.54460	0.199	225.9
2020-03-08T03:20	88.03575	25.53307	0.198	225.8
2020-03-08T03:30	88.03535	25.52152	0.201	225.1
2020-03-08T03:40	88.03497	25.50981	0.200	226.4
2020-03-08T03:50	88.03458	25.49833	0.199	225.4
2020-03-08T04:00	88.03420	25.48670	0.200	225.9
2020-03-08T04:10	88.03381	25.47534	0.198	225.1
2020-03-08T04:20	88.03341	25.46394	0.200	224.8
2020-03-08T04:30	88.03301	25.45281	0.199	223.7
2020-03-08T04:40	88.03262	25.44199	0.196	223.0
2020-03-08T04:50	88.03221	25.43106	0.198	223.0
2020-03-08T05:00	88.03181	25.42025	0.197	222.7
2020-03-08T05:10	88.03142	25.40940	0.195	223.3
2020-03-08T05:20	88.03100	25.39844	0.202	222.2
2020-03-08T05:30	88.03060	25.38763	0.198	222.6
2020-03-08T05:40	88.03020	25.37686	0.194	223.3
2020-03-08T05:50	88.02977	25.36635	0.203	219.8
2020-03-08T06:00	88.02936	25.35585	0.198	221.2
2020-03-08T06:10	88.02895	25.34541	0.197	221.1
2020-03-08T06:20	88.02854	25.33453	0.198	223.0
2020-03-08T06:30	88.02814	25.32386	0.198	221.9
2020-03-08T06:40	88.02774	25.31337	0.193	222.4
2020-03-08T06:50	88.02733	25.30343	0.192	219.9
2020-03-08T07:00	88.02692	25.29307	0.195	221.1
2020-03-08T07:10	88.02651	25.28293	0.194	220.3
2020-03-08T07:20	88.02608	25.27314	0.197	218.1
2020-03-08T07:30	88.02566	25.26342	0.194	218.4
2020-03-08T07:40	88.02524	25.25390	0.192	218.0
2020-03-08T07:50	88.02480	25.24459	0.194	216.6
2020-03-08T08:00	88.02437	25.23572	0.192	215.1
2020-03-08T08:10	88.02394	25.22647	0.193	216.6
2020-03-08T08:20	88.02351	25.21758	0.190	215.6
2020-03-08T08:30	88.02308	25.20868	0.191	215.4
2020-03-08T08:40	88.02265	25.19947	0.192	216.5
2020-03-08T08:50	88.02221	25.19026	0.195	216.0
2020-03-08T09:00	88.02177	25.18107	0.197	215.4
2020-03-08T09:10	88.02131	25.17205	0.199	214.3
2020-03-08T09:20	88.02085	25.16298	0.200	214.3
2020-03-08T09:30	88.02037	25.15323	0.212	214.9
2020-03-08T09:40	88.01993	25.14467	0.191	214.0
2020-03-08T09:50	88.01945	25.13592	0.204	212.3
2020-03-08T10:00	88.01899	25.12705	0.198	213.9
2020-03-08T10:10	88.01854	25.11797	0.198	214.8
2020-03-08T10:20	88.01808	25.10904	0.199	214.0
2020-03-08T10:30	88.01761	25.10033	0.201	212.6
2020-03-08T10:40	88.01713	25.09196	0.204	210.8
2020-03-08T10:50	88.01666	25.08380	0.198	210.9
2020-03-08T11:00	88.01618	25.07570	0.199	210.6
2020-03-08T11:10	88.01569	25.06774	0.202	209.4
2020-03-08T11:20	88.01521	25.05974	0.201	209.7
2020-03-08T11:30	88.01473	25.05101	0.204	212.3
2020-03-08T11:40	88.01426	25.04232	0.200	212.9
2020-03-08T11:50	88.01380	25.03360	0.200	213.0
2020-03-08T12:00	88.01333	25.02496	0.198	212.9
2020-03-08T12:10	88.01287	25.01624	0.200	213.0
2020-03-08T12:20	88.01239	25.00778	0.200	211.8
2020-03-08T12:30	88.01190	24.99921	0.207	211.1
2020-03-08T12:40	88.01140	24.99106	0.207	209.5
2020-03-08T12:50	88.01088	24.98330	0.210	207.5
2020-03-08T13:00	88.01034	24.97608	0.215	204.9
2020-03-08T13:10	88.00979	24.96898	0.218	204.0
2020-03-08T13:20	88.00926	24.96157	0.211	206.0
2020-03-08T13:30	88.00873	24.95377	0.216	206.9
2020-03-08T13:40	88.00820	24.94570	0.214	208.1
2020-03-08T13:50	88.00768	24.93699	0.216	210.4
2020-03-08T14:00	88.00718	24.92808	0.214	211.4
2020-03-08T14:10	88.00665	24.91953	0.217	209.5
2020-03-08T14:20	88.00611	24.91162	0.220	206.7
2020-03-08T14:30	88.00554	24.90399	0.224	205.3
2020-03-08T14:40	88.00497	24.89652	0.226	204.5
2020-03-08T14:50	88.00440	24.88896	0.225	204.9
2020-03-08T15:00	88.00384	24.88079	0.229	206.6
2020-03-08T15:10	88.00326	24.87238	0.232	207.0
2020-03-08T15:20	88.00267	24.86436	0.236	205.3
2020-03-08T15:30	88.00206	24.85634	0.241	204.6
2020-03-08T15:40	88.00145	24.84829	0.242	204.7
2020-03-08T15:50	88.00083	24.84040	0.246	203.8
2020-03-08T16:00	88.00021	24.83230	0.243	204.7
2020-03-08T16:10	87.99959	24.82412	0.247	204.5
2020-03-08T16:20	87.99895	24.81574	0.254	204.6
2020-03-08T16:30	87.99834	24.80700	0.245	206.6
2020-03-08T16:40	87.99773	24.79796	0.246	207.5
2020-03-08T16:50	87.99712	24.78884	0.247	207.7
2020-03-08T17:00	87.99650	24.78002	0.251	206.3
2020-03-08T17:10	87.99588	24.77152	0.248	205.6
2020-03-08T17:20	87.99524	24.76280	0.255	205.5
2020-03-08T17:30	87.99460	24.75403	0.255	205.7
2020-03-08T17:40	87.99393	24.74552	0.263	204.1
2020-03-08T17:50	87.99327	24.73712	0.262	203.8
2020-03-08T18:00	87.99260	24.72873	0.260	204.0
2020-03-08T18:10	87.99194	24.71997	0.265	204.6
2020-03-08T18:20	87.99130	24.71121	0.255	205.7
2020-03-08T18:30	87.99062	24.70251	0.267	204.3
2020-03-08T18:40	87.98994	24.69362	0.270	204.5
2020-03-08T18:50	87.98926	24.68470	0.268	204.9
2020-03-08T19:00	87.98858	24.67596	0.269	204.3
2020-03-08T19:10	87.98789	24.66690	0.274	204.7
2020-03-08T19:20	87.98719	24.65755	0.280	205.0
2020-03-08T19:30	87.98647	24.64860	0.283	203.5
2020-03-08T19:40	87.98574	24.63968	0.286	203.2
2020-03-08T19:50	87.98496	24.63160	0.298	200.1
2020-03-08T20:00	87.98415	24.62387	0.306	198.6
2020-03-08T20:10	87.98334	24.61579	0.309	199.3
2020-03-08T20:20	87.98254	24.60736	0.309	200.2
2020-03-08T20:30	87.98173	24.59843	0.311	201.3
2020-03-08T20:40	87.98095	24.58929	0.306	202.3
2020-03-08T20:50	87.98016	24.58007	0.305	202.5
2020-03-08T21:00	87.97937	24.57078	0.309	202.5
2020-03-08T21:10	87.97856	24.56193	0.311	201.2
2020-03-08T21:20	87.97775	24.55294	0.314	201.3
2020-03-08T21:30	87.97694	24.54347	0.317	202.3
2020-03-08T21:40	87.97611	24.53488	0.318	200.1
2020-03-08T21:50	87.97527	24.52608	0.322	200.3
2020-03-08T22:00	87.97443	24.51745	0.320	200.1
2020-03-08T22:10	87.97357	24.50887	0.327	199.5
2020-03-08T22:20	87.97271	24.50069	0.328	198.5
2020-03-08T22:30	87.97184	24.49253	0.330	198.4
2020-03-08T22:40	87.97096	24.48435	0.335	198.1
2020-03-08T22:50	87.97007	24.47618	0.336	198.1
2020-03-08T23:00	87.96917	24.46791	0.342	198.0
2020-03-08T23:10	87.96825	24.45942	0.348	198.1
2020-03-08T23:20	87.96732	24.45107	0.351	197.7
2020-03-08T23:30	87.96639	24.44295	0.351	197.2
2020-03-08T23:40	87.96545	24.43510	0.351	196.6
2020-03-08T23:50	87.96451	24.42693	0.357	197.0
2020-03-09T00:00	87.96356	24.41888	0.356	196.8
2020-03-09T00:10	87.96261	24.41074	0.359	196.9
2020-03-09T00:20	87.96165	24.40259	0.360	196.9
2020-03-09T00:30	87.96068	24.39434	0.365	196.8
2020-03-09T00:40	87.95971	24.38588	0.366	197.2
2020-03-09T00:50	87.95874	24.37751	0.365	197.1
2020-03-09T01:00	87.95777	24.36894	0.367	197.4
2020-03-09T01:10	87.95679	24.36031	0.368	197.5
2020-03-09T01:20	87.95582	24.35168	0.368	197.5
2020-03-09T01:30	87.95483	24.34322	0.371	197.1
2020-03-09T01:40	87.95384	24.33487	0.374	196.7
2020-03-09T01:50	87.95286	24.32703	0.368	195.9
2020-03-09T02:00	87.95187	24.31930	0.368	195.7
2020-03-09T02:10	87.95088	24.31141	0.373	195.8
2020-03-09T02:20	87.94988	24.30341	0.374	196.0
2020-03-09T02:30	87.94888	24.29545	0.373	196.0
2020-03-09T02:40	87.94788	24.28742	0.374	196.1
2020-03-09T02:50	87.94687	24.27953	0.377	195.7
2020-03-09T03:00	87.94586	24.27223	0.376	194.5
2020-03-09T03:10	87.94486	24.26524	0.373	194.0
2020-03-09T03:20	87.94385	24.25814	0.373	194.3
2020-03-09T03:30	87.94285	24.25103	0.373	194.2
2020-03-09T03:40	87.94185	24.24393	0.372	194.3
2020-03-09T03:50	87.94084	24.23675	0.374	194.4
2020-03-09T04:00	87.93983	24.22990	0.375	193.7
2020-03-09T04:10	87.93883	24.22293	0.372	194.0
2020-03-09T04:20	87.93783	24.21616	0.371	193.7
2020-03-09T04:30	87.93681	24.20939	0.376	193.5
2020-03-09T04:40	87.93581	24.20292	0.372	193.0
2020-03-09T04:50	87.93480	24.19664	0.371	192.7
2020-03-09T05:00	87.93378	24.19066	0.376	191.9
2020-03-09T05:10	87.93277	24.18481	0.371	191.8
2020-03-09T05:20	87.93174	24.17885	0.379	191.8
2020-03-09T05:30	87.93072	24.17278	0.376	192.1
2020-03-09T05:40	87.92971	24.16675	0.373	192.1
2020-03-09T05:50	87.92868	24.16068	0.378	192.1
2020-03-09T06:00	87.92765	24.15447	0.378	192.3
2020-03-09T06:10	87.92663	24.14857	0.377	191.8
2020-03-09T06:20	87.92561	24.14262	0.376	191.9
2020-03-09T06:30	87.92457	24.13704	0.379	191.1
2020-03-09T06:40	87.92355	24.13149	0.377	191.1
2020-03-09T06:50	87.92251	24.12616	0.380	190.6
2020-03-09T07:00	87.92147	24.12105	0.380	190.1
2020-03-09T07:10	87.92042	24.11615	0.383	189.6
2020-03-09T07:20	87.91936	24.11117	0.389	189.6
2020-03-09T07:30	87.91829	24.10596	0.390	190.0
2020-03-09T07:40	87.91723	24.10074	0.386	190.2
2020-03-09T07:50	87.91616	24.09577	0.391	189.6
2020-03-09T08:00	87.91509	24.09086	0.392	189.4
2020-03-09T08:10	87.91401	24.08613	0.394	189.0
2020-03-09T08:20	87.91294	24.08148	0.389	189.0
2020-03-09T08:30	87.91187	24.07664	0.389	189.4
2020-03-09T08:40	87.91080	24.07171	0.393	189.5
2020-03-09T08:50	87.90970	24.06720	0.397	188.6
2020-03-09T09:00	87.90863	24.06299	0.391	188.1
2020-03-09T09:10	87.90755	24.05888	0.392	187.9
2020-03-09T09:20	87.90648	24.05476	0.390	188.0
2020-03-09T09:30	87.90536	24.05010	0.407	188.6
2020-03-09T09:40	87.90431	24.04660	0.381	187.0
2020-03-09T09:50	87.90323	24.04305	0.395	186.8
2020-03-09T10:00	87.90214	24.04006	0.393	185.8
2020-03-09T10:10	87.90106	24.03754	0.391	184.9
2020-03-09T10:20	87.89998	24.03487	0.390	185.2
2020-03-09T10:30	87.89889	24.03235	0.393	184.8
2020-03-09T10:41	87.89767	24.02949	0.390	184.9
2020-03-09T10:51	87.89654	24.02688	0.390	184.8
2020-03-09T11:01	87.89545	24.02463	0.393	184.3
2020-03-09T11:11	87.89436	24.02245	0.393	184.2
2020-03-09T11:21	87.89327	24.02026	0.394	184.2
2020-03-09T11:31	87.89216	24.01820	0.399	183.9
2020-03-09T11:41	87.89106	24.01616	0.398	183.9
2020-03-09T11:51	87.88995	24.01424	0.400	183.7
2020-03-09T12:01	87.88885	24.01230	0.399	183.7
2020-03-09T12:11	87.88775	24.01050	0.397	183.5
2020-03-09T12:21	87.88664	24.00886	0.398	183.1
2020-03-09T12:31	87.88554	24.00738	0.398	182.8
2020-03-09T12:41	87.88444	24.00599	0.395	182.7
2020-03-09T12:51	87.88334	24.00486	0.396	182.2
2020-03-09T13:01	87.88225	24.00368	0.395	182.3
2020-03-09T13:11	87.88116	24.00264	0.394	182.0
2020-03-09T13:21	87.88007	24.00176	0.392	181.7
2020-03-09T13:31	87.87896	24.00124	0.398	181.0
2020-03-09T13:41	87.87791	24.00085	0.378	180.8
2020-03-09T13:51	87.87684	24.00059	0.385	180.5
2020-03-09T14:01	87.87577	24.00033	0.385	180.5
2020-03-09T14:11	87.87472	24.00008	0.381	180.5
2020-03-09T14:21	87.87366	23.99995	0.381	180.3
2020-03-09T14:31	87.87260	24.00004	0.381	179.8
2020-03-09T14:41	87.87154	23.99994	0.382	180.2
2020-03-09T14:51	87.87050	23.99959	0.374	180.7
2020-03-09T15:01	87.86945	23.99957	0.377	180.0
2020-03-09T15:11	87.86841	23.99984	0.376	179.5
2020-03-09T15:21	87.86737	24.00040	0.376	178.9
2020-03-09T15:31	87.86633	24.00093	0.373	178.9
2020-03-09T15:41	87.86529	24.00152	0.373	178.8
2020-03-09T15:51	87.86427	24.00224	0.369	178.5
2020-03-09T16:01	87.86325	24.00322	0.368	177.9
2020-03-09T16:11	87.86221	24.00431	0.375	177.8
2020-03-09T16:21	87.86118	24.00510	0.370	178.4
2020-03-09T16:31	87.86016	24.00621	0.368	177.7
2020-03-09T16:41	87.85914	24.00748	0.366	177.3
2020-03-09T16:51	87.85811	24.00872	0.371	177.4
2020-03-09T17:01	87.85709	24.00998	0.369	177.4
2020-03-09T17:11	87.85608	24.01148	0.363	176.8
2020-03-09T17:21	87.85504	24.01285	0.374	177.2
2020-03-09T17:31	87.85402	24.01433	0.369	176.9
2020-03-09T17:41	87.85300	24.01592	0.368	176.6
2020-03-09T17:51	87.85198	24.01789	0.369	175.9
2020-03-09T18:01	87.85097	24.01975	0.363	176.0
2020-03-09T18:11	87.84996	24.02165	0.366	176.0
2020-03-09T18:21	87.84893	24.02345	0.370	176.2
2020-03-09T18:31	87.84794	24.02538	0.359	175.8
2020-03-09T18:41	87.84692	24.02738	0.368	175.8
2020-03-09T18:51	87.84590	24.02957	0.368	175.4
2020-03-09T19:01	87.84489	24.03197	0.365	174.9
2020-03-09T19:11	87.84388	24.03437	0.365	174.9
2020-03-09T19:21	87.84287	24.03691	0.367	174.6
2020-03-09T19:31	87.84185	24.03956	0.369	174.4
2020-03-09T19:41	87.84081	24.04222	0.374	174.5
2020-03-09T19:51	87.83977	24.04490	0.376	174.5
2020-03-09T20:01	87.83873	24.04787	0.375	173.8
2020-03-09T20:11	87.83769	24.05087	0.379	173.8
2020-03-09T20:21	87.83665	24.05389	0.377	173.7
2020-03-09T20:31	87.83560	24.05730	0.379	173.0
2020-03-09T20:41	87.83456	24.06074	0.379	172.9
2020-03-09T20:51	87.83350	24.06432	0.383	172.7
2020-03-09T21:01	87.83245	24.06798	0.383	172.5
2020-03-09T21:11	87.83138	24.07175	0.387	172.4
2020-03-09T21:21	87.83031	24.07566	0.388	172.1
2020-03-09T21:31	87.82925	24.08001	0.389	171.2
2020-03-09T21:41	87.82816	24.08436	0.394	171.3
2020-03-09T21:51	87.82708	24.08866	0.393	171.4
2020-03-09T22:01	87.82600	24.09325	0.394	170.8
2020-03-09T22:11	87.82491	24.09802	0.400	170.6
2020-03-09T22:21	87.82383	24.10282	0.392	170.4
2020-03-09T22:31	87.82275	24.10764	0.396	170.4
2020-03-09T22:41	87.82167	24.11280	0.395	169.7
2020-03-09T22:51	87.82057	24.11769	0.402	170.4
2020-03-09T23:01	87.81946	24.12270	0.405	170.2
2020-03-09T23:11	87.81837	24.12796	0.401	169.6
2020-03-09T23:21	87.81727	24.13304	0.400	170.0
2020-03-09T23:31	87.81618	24.13830	0.398	169.5
2020-03-09T23:41	87.81509	24.14351	0.400	169.7
2020-03-09T23:51	87.81400	24.14867	0.401	169.8
2020-03-10T00:01	87.81292	24.15434	0.396	168.7
2020-03-10T00:11	87.81185	24.16020	0.393	168.2
2020-03-10T00:21	87.81079	24.16630	0.392	167.6
2020-03-10T00:31	87.80973	24.17261	0.390	167.2
2020-03-10T00:41	87.80868	24.17907	0.387	166.7
2020-03-10T00:51	87.80764	24.18551	0.385	166.7
2020-03-10T01:01	87.80660	24.19206	0.386	166.5
2020-03-10T01:11	87.80554	24.19832	0.390	167.2
2020-03-10T01:21	87.80449	24.20449	0.388	167.3
2020-03-10T01:31	87.80343	24.21073	0.391	167.3
2020-03-10T01:41	87.80237	24.21723	0.390	166.7
2020-03-10T01:51	87.80133	24.22411	0.388	165.8
2020-03-10T02:01	87.80030	24.23126	0.384	165.1
2020-03-10T02:11	87.79926	24.23833	0.387	165.4
2020-03-10T02:21	87.79825	24.24568	0.378	164.4
2020-03-10T02:31	87.79724	24.25326	0.379	163.9
2020-03-10T02:41	87.79623	24.26084	0.378	163.9
2020-03-10T02:51	87.79521	24.26801	0.380	164.8
2020-03-10T03:01	87.79419	24.27541	0.382	164.4
2020-03-10T03:11	87.79318	24.28303	0.379	163.8
2020-03-10T03:21	87.79217	24.29082	0.376	163.3
2020-03-10T03:31	87.79117	24.29875	0.377	163.0
2020-03-10T03:41	87.79017	24.30665	0.376	163.1
2020-03-10T03:51	87.78918	24.31422	0.372	163.6
2020-03-10T04:01	87.78819	24.32188	0.373	163.4
2020-03-10T04:11	87.78720	24.32962	0.373	163.3
2020-03-10T04:21	87.78620	24.33732	0.373	163.3
2020-03-10T04:31	87.78521	24.34502	0.374	163.3
2020-03-10T04:41	87.78422	24.35265	0.372	163.4
2020-03-10T04:51	87.78323	24.36015	0.372	163.7
2020-03-10T05:01	87.78225	24.36763	0.368	163.6
2020-03-10T05:11	87.78126	24.37475	0.368	164.3
2020-03-10T05:21	87.78028	24.38246	0.368	163.0
2020-03-10T05:31	87.77927	24.38974	0.379	164.4
2020-03-10T05:41	87.77829	24.39715	0.368	163.7
2020-03-10T05:51	87.77730	24.40451	0.372	163.9
2020-03-10T06:01	87.77631	24.41194	0.369	163.7
2020-03-10T06:11	87.77532	24.41919	0.371	164.2
2020-03-10T06:21	87.77434	24.42646	0.369	164.0
2020-03-10T06:31	87.77335	24.43372	0.370	164.1
2020-03-10T06:41	87.77235	24.44097	0.374	164.3
2020-03-10T06:51	87.77135	24.44805	0.372	164.5
2020-03-10T07:01	87.77032	24.45558	0.385	164.1
2020-03-10T07:11	87.76933	24.46270	0.373	164.5
2020-03-10T07:21	87.76832	24.46971	0.374	164.8
2020-03-10T07:31	87.76734	24.47693	0.369	164.1
2020-03-10T07:41	87.76635	24.48405	0.369	164.3
2020-03-10T07:51	87.76535	24.49126	0.375	164.4
2020-03-10T08:01	87.76432	24.49862	0.383	164.3
2020-03-10T08:11	87.76331	24.50609	0.381	164.0
2020-03-10T08:21	87.76225	24.51366	0.393	164.3
2020-03-10T08:31	87.76126	24.52080	0.372	164.3
2020-03-10T08:41	87.76024	24.52805	0.382	164.5
2020-03-10T08:51	87.75922	24.53545	0.382	164.2
2020-03-10T09:01	87.75818	24.54273	0.387	164.6
2020-03-10T09:11	87.75712	24.55040	0.397	164.2
2020-03-10T09:21	87.75611	24.55752	0.375	164.5
2020-03-10T09:31	87.75507	24.56513	0.392	164.1
2020-03-10T09:41	87.75403	24.57260	0.388	164.2
2020-03-10T09:51	87.75298	24.58010	0.392	164.3
2020-03-10T10:01	87.75195	24.58764	0.387	164.0
2020-03-10T10:11	87.75090	24.59531	0.393	164.0
2020-03-10T10:21	87.74985	24.60294	0.395	164.1
2020-03-10T10:31	87.74879	24.61072	0.395	163.8
2020-03-10T10:41	87.74771	24.61880	0.407	163.7
2020-03-10T10:51	87.74668	24.62630	0.384	163.9
2020-03-10T11:01	87.74560	24.63407	0.406	164.3
2020-03-10T11:11	87.74455	24.64193	0.391	163.5
2020-03-10T11:21	87.74354	24.64903	0.380	164.6
2020-03-10T11:31	87.74249	24.65619	0.391	164.9
2020-03-10T11:41	87.74145	24.66325	0.387	165.0
2020-03-10T11:51	87.74042	24.67000	0.384	165.6
2020-03-10T12:01	87.73939	24.67660	0.380	165.7
2020-03-10T12:11	87.73836	24.68378	0.385	164.6
2020-03-10T12:21	87.73736	24.69094	0.376	164.3
2020-03-10T12:31	87.73631	24.69877	0.392	163.5
2020-03-10T12:41	87.73535	24.70608	0.362	163.3
2020-03-10T12:51	87.73437	24.71369	0.369	163.0
2020-03-10T13:01	87.73339	24.72120	0.369	163.2
2020-03-10T13:11	87.73241	24.72880	0.367	162.8
2020-03-10T13:21	87.73145	24.73650	0.363	162.4
2020-03-10T13:31	87.73049	24.74451	0.364	161.7
2020-03-10T13:41	87.72954	24.75234	0.360	162.0
2020-03-10T13:51	87.72859	24.76090	0.363	160.3
2020-03-10T14:01	87.72764	24.76987	0.365	159.4
2020-03-10T14:11	87.72670	24.77887	0.363	159.2
2020-03-10T14:21	87.72578	24.78781	0.354	158.9
2020-03-10T14:31	87.72487	24.79667	0.351	158.9
2020-03-10T14:41	87.72398	24.80537	0.346	158.9
2020-03-10T14:51	87.72310	24.81345	0.336	159.9
2020-03-10T15:01	87.72223	24.82156	0.335	159.8
2020-03-10T15:11	87.72137	24.82996	0.331	158.7
2020-03-10T15:21	87.72052	24.83802	0.327	159.3
2020-03-10T15:31	87.71969	24.84614	0.322	158.8
2020-03-10T15:41	87.71886	24.85433	0.320	158.5
2020-03-10T15:51	87.71806	24.86222	0.311	158.7
2020-03-10T16:01	87.71726	24.87022	0.308	158.2
2020-03-10T16:11	87.71647	24.87841	0.310	157.7
2020-03-10T16:21	87.71569	24.88625	0.302	158.1
2020-03-10T16:31	87.71491	24.89415	0.301	157.8
2020-03-10T16:41	87.71414	24.90193	0.301	158.2
2020-03-10T16:51	87.71336	24.90943	0.300	158.9
2020-03-10T17:01	87.71260	24.91688	0.294	158.6
2020-03-10T17:11	87.71186	24.92409	0.288	158.9
2020-03-10T17:21	87.71112	24.93087	0.283	159.9
2020-03-10T17:31	87.71040	24.93762	0.277	159.5
2020-03-10T17:41	87.70968	24.94444	0.277	159.2
2020-03-10T17:51	87.70896	24.95103	0.275	159.8
2020-03-10T18:01	87.70825	24.95771	0.273	159.3
2020-03-10T18:11	87.70756	24.96449	0.269	158.7
2020-03-10T18:21	87.70687	24.97143	0.267	158.0
2020-03-10T18:31	87.70620	24.97813	0.260	158.2
2020-03-10T18:41	87.70555	24.98476	0.252	157.7
2020-03-10T18:51	87.70491	24.99116	0.250	158.3
2020-03-10T19:01	87.70427	24.99730	0.245	158.8
2020-03-10T19:11	87.70364	25.00319	0.242	159.5
2020-03-10T19:21	87.70302	25.00901	0.239	159.4
2020-03-10T19:31	87.70240	25.01485	0.238	159.3
2020-03-10T19:41	87.70178	25.02060	0.241	159.8
2020-03-10T19:51	87.70115	25.02611	0.239	160.5
2020-03-10T20:01	87.70054	25.03151	0.234	160.5
2020-03-10T20:11	87.69992	25.03659	0.235	161.8
2020-03-10T20:21	87.69932	25.04156	0.229	161.7
2020-03-10T20:31	87.69871	25.04635	0.228	162.3
2020-03-10T20:41	87.69812	25.05076	0.223	163.4
2020-03-10T20:51	87.69754	25.05497	0.218	163.8
2020-03-10T21:01	87.69698	25.05915	0.211	163.4
2020-03-10T21:11	87.69642	25.06321	0.210	163.7
2020-03-10T21:21	87.69586	25.06705	0.207	164.4
2020-03-10T21:31	87.69530	25.07100	0.210	164.2
2020-03-10T21:41	87.69473	25.07430	0.210	166.9
2020-03-10T21:51	87.69418	25.07706	0.203	168.6
2020-03-10T22:01	87.69362	25.07915	0.203	171.5
2020-03-10T22:11	87.69306	25.08125	0.205	171.5
2020-03-10T22:21	87.69250	25.08289	0.202	173.2
2020-03-10T22:31	87.69195	25.08426	0.201	174.3
2020-03-10T22:41	87.69139	25.08547	0.201	175.0
2020-03-10T22:51	87.69084	25.08657	0.198	175.4
2020-03-10T23:01	87.69032	25.08748	0.191	176.0
2020-03-10T23:11	87.68978	25.08847	0.193	175.8
2020-03-10T23:21	87.68926	25.08906	0.188	177.4
2020-03-10T23:31	87.68875	25.08943	0.184	178.3
2020-03-10T23:41	87.68824	25.08928	0.184	180.7
2020-03-10T23:51	87.68774	25.08877	0.179	182.4
2020-03-11T00:01	87.68726	25.08775	0.175	184.9
2020-03-11T00:11	87.68678	25.08650	0.174	186.0
2020-03-11T00:21	87.68631	25.08502	0.171	187.2
2020-03-11T00:31	87.68584	25.08307	0.172	189.5
2020-03-11T00:41	87.68540	25.08088	0.159	191.5
2020-03-11T00:51	87.68498	25.07824	0.157	194.2
2020-03-11T01:01	87.68456	25.07516	0.157	196.6
2020-03-11T01:11	87.68416	25.07152	0.153	200.2
2020-03-11T01:21	87.68379	25.06749	0.147	203.5
2020-03-11T01:31	87.68343	25.06293	0.144	207.5
2020-03-11T01:41	87.68310	25.05771	0.142	212.2
2020-03-11T01:51	87.68280	25.05215	0.135	216.8
2020-03-11T02:01	87.68251	25.04624	0.136	219.1
2020-03-11T02:11	87.68223	25.04027	0.133	220.9
2020-03-11T02:21	87.68195	25.03390	0.135	223.5
2020-03-11T02:31	87.68169	25.02713	0.137	225.8
2020-03-11T02:41	87.68144	25.01997	0.138	228.8
2020-03-11T02:51	87.68120	25.01249	0.139	231.6
2020-03-11T03:01	87.68097	25.00501	0.137	232.9
2020-03-11T03:11	87.68075	24.99724	0.138	235.3
2020-03-11T03:21	87.68053	24.98944	0.138	235.8
2020-03-11T03:31	87.68033	24.98131	0.140	237.7
2020-03-11T03:41	87.68012	24.97323	0.140	237.5
2020-03-11T03:51	87.67992	24.96480	0.142	239.8
2020-03-11T04:01	87.67973	24.95615	0.144	241.2
2020-03-11T04:11	87.67953	24.94747	0.145	240.9
2020-03-11T04:21	87.67934	24.93870	0.146	241.3
2020-03-11T04:31	87.67916	24.92973	0.146	243.6
2020-03-11T04:41	87.67897	24.92051	0.150	243.9
2020-03-11T04:51	87.67882	24.91124	0.147	247.2
2020-03-11T05:01	87.67867	24.90187	0.146	249.6
2020-03-11T05:11	87.67851	24.89230	0.151	247.6
2020-03-11T05:21	87.67837	24.88249	0.153	249.4
2020-03-11T05:31	87.67821	24.87257	0.155	248.7
2020-03-11T05:41	87.67805	24.86261	0.155	249.1
2020-03-11T05:51	87.67791	24.85262	0.155	250.2
2020-03-11T06:01	87.67777	24.84274	0.153	250.6
2020-03-11T06:11	87.67762	24.83239	0.160	251.0
2020-03-11T06:21	87.67748	24.82164	0.165	251.5
2020-03-11T06:31	87.67732	24.81088	0.167	249.9
2020-03-11T06:41	87.67717	24.79983	0.170	251.2
2020-03-11T06:51	87.67701	24.78882	0.171	250.4
2020-03-11T07:01	87.67684	24.77713	0.181	250.2
2020-03-11T07:11	87.67668	24.76551	0.179	251.7
2020-03-11T07:21	87.67653	24.75393	0.178	251.8
2020-03-11T07:31	87.67636	24.74221	0.181	250.6
2020-03-11T07:41	87.67617	24.72989	0.192	249.4
2020-03-11T07:51	87.67595	24.71709	0.204	246.6
2020-03-11T08:01	87.67572	24.70431	0.203	247.0
2020-03-11T08:11	87.67549	24.69140	0.206	246.1
2020-03-11T08:21	87.67524	24.67834	0.212	244.3
2020-03-11T08:31	87.67497	24.66501	0.217	243.8
2020-03-11T08:41	87.67470	24.65136	0.222	243.7
2020-03-11T08:51	87.67441	24.63748	0.228	242.8
2020-03-11T09:01	87.67412	24.62373	0.226	242.7
2020-03-11T09:11	87.67384	24.61048	0.218	242.5
2020-03-11T09:21	87.67357	24.59692	0.221	243.6
2020-03-11T09:31	87.67328	24.58319	0.226	242.5
2020-03-11T09:41	87.67295	24.56919	0.235	240.4
2020-03-11T09:51	87.67262	24.55501	0.240	239.8
2020-03-11T10:01	87.67224	24.54031	0.253	238.0
2020-03-11T10:11	87.67185	24.52520	0.263	237.1
2020-03-11T10:21	87.67143	24.51076	0.259	234.7
2020-03-11T10:31	87.67103	24.49654	0.253	235.4
2020-03-11T10:41	87.67064	24.48234	0.252	235.6
2020-03-11T10:51	87.67023	24.46762	0.261	235.6
2020-03-11T11:01	87.66980	24.45291	0.265	234.5
2020-03-11T11:11	87.66938	24.43888	0.256	233.4
2020-03-11T11:21	87.66892	24.42493	0.261	231.5
2020-03-11T11:31	87.66846	24.41013	0.274	232.4
2020-03-11T11:41	87.66798	24.39490	0.283	232.1
2020-03-11T11:51	87.66745	24.37890	0.302	231.0
2020-03-11T12:01	87.66688	24.36265	0.316	229.0
2020-03-11T12:11	87.66627	24.34663	0.321	227.0
2020-03-11T12:21	87.66570	24.33071	0.310	228.8
2020-03-11T12:31	87.66513	24.31521	0.306	228.0
2020-03-11T12:41	87.66457	24.30008	0.299	227.8
2020-03-11T12:51	87.66396	24.28404	0.323	226.9
2020-03-11T13:01	87.66334	24.26787	0.325	226.9
2020-03-11T13:11	87.66272	24.25141	0.330	227.1
2020-03-11T13:21	87.66210	24.23492	0.329	227.3
2020-03-11T13:31	87.66140	24.21832	0.350	224.2
2020-03-11T13:41	87.66074	24.20252	0.333	224.2
2020-03-11T13:51	87.66007	24.18637	0.339	224.5
2020-03-11T14:01	87.65943	24.17010	0.333	226.0
2020-03-11T14:11	87.65882	24.15397	0.322	227.4
2020-03-11T14:21	87.65819	24.13795	0.327	226.1
2020-03-11T14:31	87.65755	24.12200	0.328	225.7
2020-03-11T14:41	87.65693	24.10647	0.319	225.7
2020-03-11T14:51	87.65633	24.09058	0.320	227.0
2020-03-11T15:01	87.65572	24.07463	0.322	226.9
2020-03-11T15:11	87.65507	24.05813	0.336	226.4
2020-03-11T15:21	87.65441	24.04131	0.345	225.9
2020-03-11T15:31	87.65375	24.02433	0.345	226.4
2020-03-11T15:41	87.65312	24.00782	0.331	227.4
2020-03-11T15:51	87.65251	23.99156	0.325	227.5
2020-03-11T16:01	87.65186	23.97479	0.342	226.4
2020-03-11T16:11	87.65122	23.95825	0.336	226.5
2020-03-11T16:21	87.65059	23.94182	0.332	226.9
2020-03-11T16:31	87.64996	23.92576	0.327	226.5
2020-03-11T16:41	87.64933	23.90959	0.329	226.5
2020-03-11T16:51	87.64868	23.89339	0.334	225.7
2020-03-11T17:01	87.64800	23.87673	0.348	225.1
2020-03-11T17:11	87.64736	23.86077	0.330	225.6
2020-03-11T17:21	87.64669	23.84417	0.343	225.7
2020-03-11T17:31	87.64602	23.82757	0.344	225.5
2020-03-11T17:41	87.64532	23.81071	0.355	224.6
2020-03-11T17:51	87.64463	23.79391	0.351	225.0
2020-03-11T18:01	87.64393	23.77704	0.355	224.8
2020-03-11T18:11	87.64323	23.75955	0.362	225.7
2020-03-11T18:21	87.64251	23.74245	0.362	224.3
2020-03-11T18:31	87.64179	23.72494	0.366	225.1
2020-03-11T18:41	87.64107	23.70760	0.364	224.9
2020-03-11T18:51	87.64036	23.68978	0.370	225.6
2020-03-11T19:01	87.63961	23.67146	0.382	225.3
2020-03-11T19:11	87.63889	23.65309	0.376	226.5
2020-03-11T19:21	87.63818	23.63484	0.372	226.8
2020-03-11T19:31	87.63747	23.61658	0.373	226.6
2020-03-11T19:41	87.63676	23.59849	0.370	226.5
2020-03-11T19:51	87.63606	23.58021	0.372	226.9
2020-03-11T20:01	87.63535	23.56224	0.368	226.5
2020-03-11T20:11	87.63463	23.54322	0.385	227.3
2020-03-11T20:21	87.63382	23.52218	0.428	227.0
2020-03-11T20:31	87.63300	23.50263	0.414	224.6
2020-03-11T20:41	87.63220	23.48390	0.401	224.0
2020-03-11T20:51	87.63139	23.46492	0.406	224.0
2020-03-11T21:01	87.63054	23.44595	0.415	222.8
2020-03-11T21:11	87.62966	23.42663	0.428	222.2
2020-03-11T21:21	87.62874	23.40648	0.446	222.3
2020-03-11T21:31	87.62779	23.38542	0.466	222.4
2020-03-11T21:41	87.62680	23.36362	0.482	222.4
2020-03-11T21:51	87.62580	23.34177	0.485	222.2
2020-03-11T22:01	87.62483	23.32030	0.474	222.6
2020-03-11T22:11	87.62391	23.29954	0.456	222.9
2020-03-11T22:21	87.62292	23.27855	0.473	221.5
2020-03-11T22:31	87.62190	23.25700	0.488	221.3
2020-03-11T22:41	87.62086	23.23481	0.502	221.4
2020-03-11T22:51	87.61977	23.21179	0.521	221.4
2020-03-11T23:01	87.61868	23.18852	0.525	221.5
2020-03-11T23:11	87.61760	23.16437	0.531	222.9
2020-03-11T23:21	87.61653	23.14053	0.524	223.0
2020-03-11T23:31	87.61544	23.11575	0.541	223.4
2020-03-11T23:41	87.61439	23.09186	0.521	223.4
2020-03-11T23:51	87.61332	23.06763	0.528	223.5
2020-03-12T00:01	87.61225	23.04268	0.538	224.1
2020-03-12T00:11	87.61111	23.01684	0.564	223.4
2020-03-12T00:21	87.61001	22.99226	0.540	223.1
2020-03-12T00:31	87.60890	22.96713	0.550	223.4
2020-03-12T00:41	87.60777	22.94156	0.561	223.2
2020-03-12T00:51	87.60665	22.91658	0.551	223.0
2020-03-12T01:01	87.60556	22.89212	0.537	223.2
2020-03-12T01:11	87.60445	22.86739	0.546	223.0
2020-03-12T01:21	87.60334	22.84284	0.544	222.8
2020-03-12T01:31	87.60223	22.81850	0.542	222.6
2020-03-12T01:41	87.60112	22.79438	0.542	222.1
2020-03-12T01:51	87.60004	22.77032	0.532	223.0
2020-03-12T02:01	87.59893	22.74647	0.535	222.2
2020-03-12T02:11	87.59785	22.72270	0.531	222.5
2020-03-12T02:21	87.59675	22.69916	0.530	222.1
2020-03-12T02:31	87.59567	22.67574	0.527	222.2
2020-03-12T02:41	87.59458	22.65249	0.526	221.9
2020-03-12T02:51	87.59350	22.62941	0.524	221.7
2020-03-12T03:01	87.59242	22.60668	0.518	221.6
2020-03-12T03:11	87.59135	22.58395	0.517	221.7
2020-03-12T03:21	87.59026	22.56145	0.517	221.2
2020-03-12T03:31	87.58919	22.53914	0.514	221.1
2020-03-12T03:41	87.58810	22.51713	0.514	220.5
2020-03-12T03:51	87.58702	22.49516	0.511	220.7
2020-03-12T04:01	87.58594	22.47324	0.511	220.6
2020-03-12T04:11	87.58485	22.45175	0.511	219.7
2020-03-12T04:21	87.58377	22.43028	0.509	219.8
2020-03-12T04:31	87.58267	22.40896	0.510	219.4
2020-03-12T04:41	87.58158	22.38791	0.507	219.1
2020-03-12T04:51	87.58045	22.36640	0.521	218.9
2020-03-12T05:01	87.57937	22.34592	0.499	218.6
2020-03-12T05:11	87.57825	22.32505	0.513	218.2
2020-03-12T05:21	87.57711	22.30424	0.518	217.7
2020-03-12T05:31	87.57597	22.28361	0.517	217.4
2020-03-12T05:41	87.57482	22.26290	0.521	217.3
2020-03-12T05:51	87.57367	22.24252	0.517	216.9
2020-03-12T06:01	87.57250	22.22218	0.522	216.5
2020-03-12T06:11	87.57133	22.20166	0.524	216.7
2020-03-12T06:21	87.57016	22.18124	0.526	216.4
2020-03-12T06:31	87.56897	22.16082	0.529	216.1
2020-03-12T06:41	87.56778	22.14033	0.530	216.2
2020-03-12T06:51	87.56655	22.11968	0.545	215.4
2020-03-12T07:01	87.56536	22.09980	0.524	215.5
2020-03-12T07:11	87.56414	22.07939	0.539	215.4
2020-03-12T07:21	87.56292	22.05874	0.543	215.6
2020-03-12T07:31	87.56165	22.03762	0.559	215.3
2020-03-12T07:41	87.56040	22.01668	0.552	215.5
2020-03-12T07:51	87.55914	21.99577	0.556	215.2
2020-03-12T08:01	87.55787	21.97476	0.559	215.2
2020-03-12T08:11	87.55659	21.95369	0.563	215.1
2020-03-12T08:21	87.55530	21.93270	0.567	214.7
2020-03-12T08:31	87.55400	21.91151	0.569	214.9
2020-03-12T08:41	87.55269	21.89022	0.574	214.8
2020-03-12T08:51	87.55138	21.86882	0.576	214.8
2020-03-12T09:01	87.55006	21.84729	0.580	214.8
2020-03-12T09:11	87.54873	21.82586	0.581	214.6
2020-03-12T09:21	87.54740	21.80376	0.587	215.5
2020-03-12T09:31	87.54606	21.78203	0.588	214.8
2020-03-12T09:41	87.54471	21.75989	0.594	215.1
2020-03-12T09:51	87.54337	21.73758	0.593	215.5
2020-03-12T10:01	87.54203	21.71513	0.595	215.6
2020-03-12T10:11	87.54068	21.69267	0.596	215.6
2020-03-12T10:21	87.53932	21.67013	0.599	215.6
2020-03-12T10:31	87.53798	21.64734	0.599	216.0
2020-03-12T10:41	87.53663	21.62454	0.600	216.0
2020-03-12T10:51	87.53527	21.60162	0.604	216.0
2020-03-12T11:01	87.53392	21.57866	0.602	216.2
2020-03-12T11:11	87.53257	21.55546	0.604	216.5
2020-03-12T11:21	87.53122	21.53210	0.605	216.8
2020-03-12T11:31	87.52988	21.50878	0.605	216.8
2020-03-12T11:41	87.52854	21.48555	0.603	216.7
2020-03-12T11:51	87.52718	21.46257	0.604	216.2
2020-03-12T12:01	87.52584	21.43976	0.600	216.2
2020-03-12T12:11	87.52449	21.41680	0.602	216.4
2020-03-12T12:21	87.52314	21.39369	0.606	216.4
2020-03-12T12:31	87.52180	21.37072	0.601	216.5
2020-03-12T12:41	87.52045	21.34791	0.600	216.3
2020-03-12T12:51	87.51911	21.32496	0.601	216.5
2020-03-12T13:01	87.51777	21.30208	0.600	216.5
2020-03-12T13:11	87.51643	21.27890	0.604	216.8
2020-03-12T13:21	87.51510	21.25577	0.601	216.9
2020-03-12T13:31	87.51376	21.23267	0.600	217.0
2020-03-12T13:41	87.51244	21.20959	0.596	217.2
2020-03-12T13:51	87.51111	21.18606	0.605	217.5
2020-03-12T14:01	87.50979	21.16310	0.597	217.0
2020-03-12T14:11	87.50846	21.14038	0.596	216.7
2020-03-12T14:21	87.50713	21.11811	0.591	216.2
2020-03-12T14:31	87.50580	21.09595	0.592	215.9
2020-03-12T14:41	87.50448	21.07339	0.595	216.5
2020-03-12T14:51	87.50314	21.05103	0.594	216.2
2020-03-12T15:01	87.50183	21.02915	0.585	216.0
2020-03-12T15:11	87.50051	21.00764	0.581	215.5
2020-03-12T15:21	87.49920	20.98646	0.578	215.2
2020-03-12T15:31	87.49789	20.96552	0.576	214.9
2020-03-12T15:41	87.49658	20.94487	0.572	214.6
2020-03-12T15:51	87.49528	20.92439	0.570	214.4
2020-03-12T16:01	87.49397	20.90426	0.568	213.9
2020-03-12T16:11	87.49266	20.88425	0.568	213.7
2020-03-12T16:21	87.49134	20.86456	0.567	213.2
2020-03-12T16:31	87.49003	20.84506	0.563	213.1
2020-03-12T16:41	87.48871	20.82557	0.567	212.9
2020-03-12T16:51	87.48739	20.80622	0.564	212.8
2020-03-12T17:01	87.48607	20.78713	0.562	212.4
2020-03-12T17:11	87.48475	20.76804	0.563	212.4
2020-03-12T17:21	87.48344	20.74905	0.559	212.5
2020-03-12T17:31	87.48212	20.73033	0.559	212.0
2020-03-12T17:41	87.48081	20.71203	0.555	211.5
2020-03-12T17:51	87.47950	20.69410	0.551	211.0
2020-03-12T18:01	87.47818	20.67615	0.553	210.9
2020-03-12T18:11	87.47686	20.65820	0.555	210.8
2020-03-12T18:21	87.47553	20.64021	0.558	210.8
2020-03-12T18:31	87.47420	20.62235	0.555	210.7
2020-03-12T18:41	87.47286	20.60454	0.558	210.4
2020-03-12T18:51	87.47152	20.58662	0.560	210.6
2020-03-12T19:01	87.47017	20.56896	0.562	210.0
2020-03-12T19:11	87.46882	20.55101	0.565	210.3
2020-03-12T19:21	87.46745	20.53305	0.568	210.2
2020-03-12T19:31	87.46609	20.51507	0.570	210.1
2020-03-12T19:41	87.46470	20.49702	0.575	210.0
2020-03-12T19:51	87.46331	20.47879	0.578	210.2
2020-03-12T20:01	87.46192	20.46051	0.581	210.1
2020-03-12T20:11	87.46054	20.44214	0.576	210.6
2020-03-12T20:21	87.45915	20.42378	0.580	210.3
2020-03-12T20:31	87.45775	20.40538	0.584	210.2
2020-03-12T20:41	87.45634	20.38711	0.584	210.0
2020-03-12T20:51	87.45493	20.36867	0.589	210.1
2020-03-12T21:01	87.45350	20.35033	0.591	209.8
2020-03-12T21:11	87.45206	20.33182	0.598	209.7
2020-03-12T21:21	87.45061	20.31303	0.602	210.0
2020-03-12T21:31	87.44915	20.29428	0.606	209.7
2020-03-12T21:41	87.44767	20.27561	0.609	209.4
2020-03-12T21:51	87.44620	20.25697	0.611	209.3
2020-03-12T22:01	87.44469	20.23872	0.615	208.4
2020-03-12T22:11	87.44319	20.22021	0.616	208.9
2020-03-12T22:21	87.44167	20.20176	0.625	208.3
2020-03-12T22:31	87.44014	20.18329	0.625	208.4
2020-03-12T22:41	87.43860	20.16487	0.630	208.1
2020-03-12T22:51	87.43703	20.14648	0.637	207.7
2020-03-12T23:01	87.43546	20.12840	0.636	207.3
2020-03-12T23:11	87.43388	20.11033	0.641	207.0
2020-03-12T23:21	87.43229	20.09223	0.640	207.1
2020-03-12T23:31	87.43069	20.07408	0.647	206.9
2020-03-12T23:41	87.42908	20.05621	0.648	206.4
2020-03-12T23:51	87.42745	20.03829	0.654	206.3
2020-03-13T00:01	87.42581	20.02041	0.657	206.1
2020-03-13T00:11	87.42416	20.00272	0.661	205.7
2020-03-13T00:21	87.42250	19.98514	0.660	205.5
2020-03-13T00:31	87.42083	19.96753	0.666	205.4
2020-03-13T00:41	87.41916	19.94963	0.668	205.8
2020-03-13T00:51	87.41749	19.93174	0.669	205.7
2020-03-13T01:01	87.41580	19.91377	0.672	205.7
2020-03-13T01:11	87.41410	19.89531	0.682	206.1
2020-03-13T01:21	87.41239	19.87710	0.684	205.6
2020-03-13T01:31	87.41067	19.85868	0.689	205.8
2020-03-13T01:41	87.40894	19.84040	0.691	205.5
2020-03-13T01:51	87.40720	19.82191	0.693	205.8
2020-03-13T02:01	87.40547	19.80354	0.693	205.6
2020-03-13T02:11	87.40370	19.78449	0.706	206.1
2020-03-13T02:21	87.40192	19.76532	0.715	205.9
2020-03-13T02:31	87.40014	19.74615	0.713	206.1
2020-03-13T02:41	87.39837	19.72709	0.710	206.0
2020-03-13T02:51	87.39660	19.70810	0.708	206.0
2020-03-13T03:01	87.39484	19.68938	0.703	205.9
2020-03-13T03:11	87.39310	19.67080	0.699	205.8
2020-03-13T03:21	87.39135	19.65259	0.695	205.4
2020-03-13T03:31	87.38961	19.63464	0.692	205.2
2020-03-13T03:41	87.38790	19.61646	0.684	205.8
2020-03-13T03:51	87.38621	19.59884	0.674	205.4
2020-03-13T04:01	87.38453	19.58117	0.671	205.6
2020-03-13T04:11	87.38284	19.56380	0.671	205.2
2020-03-13T04:21	87.38116	19.54669	0.667	205.0
2020-03-13T04:31	87.37948	19.53072	0.659	203.5
2020-03-13T04:41	87.37780	19.51509	0.658	203.0
2020-03-13T04:51	87.37612	19.49994	0.657	202.3
2020-03-13T05:01	87.37441	19.48468	0.663	202.3
2020-03-13T05:11	87.37272	19.46893	0.664	203.1
2020-03-13T05:21	87.37106	19.45365	0.646	203.0
2020-03-13T05:31	87.36941	19.43852	0.647	202.7
2020-03-13T05:41	87.36776	19.42340	0.644	202.8
2020-03-13T05:51	87.36612	19.40868	0.637	202.5
2020-03-13T06:01	87.36449	19.39416	0.634	202.3
2020-03-13T06:11	87.36288	19.37961	0.628	202.6
2020-03-13T06:21	87.36128	19.36549	0.624	202.0
2020-03-13T06:31	87.35966	19.35184	0.625	201.2
2020-03-13T06:41	87.35806	19.33827	0.620	201.3
2020-03-13T06:51	87.35647	19.32459	0.616	201.6
2020-03-13T07:01	87.35485	19.31092	0.625	201.3
2020-03-13T07:11	87.35324	19.29707	0.625	201.6
2020-03-13T07:21	87.35161	19.28325	0.629	201.5
2020-03-13T07:31	87.34999	19.26937	0.627	201.6
2020-03-13T07:41	87.34837	19.25517	0.630	202.1
2020-03-13T07:51	87.34676	19.24064	0.629	202.6
2020-03-13T08:01	87.34513	19.22630	0.634	202.2
2020-03-13T08:11	87.34350	19.21196	0.631	202.3
2020-03-13T08:21	87.34188	19.19765	0.633	202.2
2020-03-13T08:31	87.34025	19.18331	0.632	202.3
2020-03-13T08:41	87.33864	19.16866	0.631	202.9
2020-03-13T08:51	87.33703	19.15408	0.630	202.8
2020-03-13T09:01	87.33542	19.13953	0.628	202.8
2020-03-13T09:11	87.33382	19.12496	0.625	203.0
2020-03-13T09:21	87.33222	19.11027	0.626	203.1
2020-03-13T09:31	87.33062	19.09541	0.628	203.4
2020-03-13T09:41	87.32902	19.08056	0.628	203.4
2020-03-13T09:51	87.32741	19.06544	0.632	203.7
2020-03-13T10:01	87.32579	19.04980	0.638	204.3
2020-03-13T10:11	87.32417	19.03388	0.642	204.6
2020-03-13T10:21	87.32254	19.01785	0.648	204.6
2020-03-13T10:31	87.32092	19.00144	0.644	205.4
2020-03-13T10:41	87.31931	18.98507	0.643	205.4
2020-03-13T10:51	87.31769	18.96842	0.647	205.7
2020-03-13T11:01	87.31607	18.95208	0.643	205.4
2020-03-13T11:11	87.31445	18.93565	0.647	205.4
2020-03-13T11:21	87.31283	18.91876	0.650	206.0
2020-03-13T11:31	87.31119	18.90183	0.654	205.9
2020-03-13T11:41	87.30956	18.88512	0.652	205.7
2020-03-13T11:51	87.30793	18.86820	0.652	206.0
2020-03-13T12:01	87.30631	18.85025	0.659	207.4
2020-03-13T12:11	87.30468	18.83289	0.655	206.7
2020-03-13T12:21	87.30305	18.81632	0.653	205.4
2020-03-13T12:31	87.30139	18.80001	0.655	205.0
2020-03-13T12:41	87.29973	18.78370	0.661	204.7
2020-03-13T12:51	87.29806	18.76683	0.663	205.6
2020-03-13T13:01	87.29638	18.75007	0.669	205.2
2020-03-13T13:11	87.29469	18.73366	0.669	204.6
2020-03-13T13:21	87.29299	18.71746	0.673	204.2
2020-03-13T13:31	87.29126	18.70035	0.688	205.1
2020-03-13T13:41	87.28950	18.68339	0.694	204.6
2020-03-13T13:51	87.28776	18.66733	0.686	203.5
2020-03-13T14:01	87.28600	18.65127	0.690	203.4
2020-03-13T14:11	87.28426	18.63537	0.681	203.5
2020-03-13T14:21	87.28252	18.61895	0.688	204.0
2020-03-13T14:31	87.28078	18.60266	0.684	204.0
2020-03-13T14:41	87.27905	18.58714	0.677	203.1
2020-03-13T14:51	87.27731	18.57220	0.678	202.1
2020-03-13T15:01	87.27558	18.55675	0.675	203.1
2020-03-13T15:11	87.27385	18.54134	0.676	203.0
2020-03-13T15:21	87.27213	18.52608	0.673	202.9
2020-03-13T15:31	87.27041	18.51083	0.671	202.9
2020-03-13T15:41	87.26867	18.49588	0.678	202.2
2020-03-13T15:51	87.26693	18.48085	0.678	202.4
2020-03-13T16:01	87.26519	18.46589	0.679	202.3
2020-03-13T16:11	87.26345	18.45119	0.675	202.0
2020-03-13T16:21	87.26171	18.43648	0.677	202.0
2020-03-13T16:31	87.25996	18.42200	0.675	201.6
2020-03-13T16:41	87.25821	18.40784	0.675	201.2
2020-03-13T16:51	87.25648	18.39398	0.669	200.9
2020-03-13T17:01	87.25475	18.38002	0.667	201.2
2020-03-13T17:11	87.25302	18.36616	0.666	201.1
2020-03-13T17:21	87.25131	18.35322	0.658	199.8
2020-03-13T17:31	87.24959	18.34020	0.658	200.0
2020-03-13T17:41	87.24786	18.32730	0.661	199.7
2020-03-13T17:51	87.24613	18.31449	0.661	199.6
2020-03-13T18:01	87.24440	18.30222	0.657	198.8
2020-03-13T18:11	87.24268	18.29008	0.656	198.7
2020-03-13T18:21	87.24096	18.27799	0.652	198.8
2020-03-13T18:31	87.23927	18.26591	0.647	198.9
2020-03-13T18:41	87.23762	18.25294	0.632	200.8
2020-03-13T18:51	87.23600	18.23998	0.628	201.0
2020-03-13T19:01	87.23438	18.22713	0.622	201.0
2020-03-13T19:11	87.23277	18.21414	0.622	201.3
2020-03-13T19:21	87.23116	18.20128	0.621	201.1
2020-03-13T19:31	87.22957	18.18842	0.617	201.2
2020-03-13T19:41	87.22798	18.17582	0.610	201.1
2020-03-13T19:51	87.22641	18.16323	0.609	201.1
2020-03-13T20:01	87.22485	18.15071	0.601	201.3
2020-03-13T20:11	87.22329	18.13827	0.603	201.1
2020-03-13T20:21	87.22176	18.12558	0.593	201.9
2020-03-13T20:31	87.22024	18.11280	0.592	202.2
2020-03-13T20:41	87.21874	18.09999	0.584	202.5
2020-03-13T20:51	87.21725	18.08736	0.579	202.4
2020-03-13T21:01	87.21578	18.07462	0.576	202.8
2020-03-13T21:11	87.21431	18.06181	0.575	202.9
2020-03-13T21:21	87.21283	18.04902	0.575	202.9
2020-03-13T21:31	87.21137	18.03622	0.573	203.0
2020-03-13T21:41	87.20990	18.02343	0.574	203.0
2020-03-13T21:51	87.20844	18.01053	0.574	203.2
2020-03-13T22:01	87.20697	17.99718	0.578	203.9
2020-03-13T22:11	87.20549	17.98351	0.584	204.2
2020-03-13T22:21	87.20402	17.96987	0.582	204.3
2020-03-13T22:31	87.20255	17.95611	0.581	204.6
2020-03-13T22:41	87.20109	17.94225	0.579	204.9
2020-03-13T22:51	87.19964	17.92857	0.573	204.8
2020-03-13T23:01	87.19820	17.91486	0.572	204.9
2020-03-13T23:11	87.19677	17.90117	0.568	205.1
2020-03-13T23:21	87.19535	17.88744	0.566	205.3
2020-03-13T23:31	87.19393	17.87369	0.565	205.4
2020-03-13T23:41	87.19255	17.86068	0.547	204.8
2020-03-13T23:51	87.19117	17.84755	0.550	204.9
2020-03-14T00:01	87.18980	17.83466	0.544	204.7
2020-03-14T00:11	87.18843	17.82188	0.539	204.7
2020-03-14T00:21	87.18709	17.80923	0.533	204.8
2020-03-14T00:31	87.18576	17.79677	0.529	204.6
2020-03-14T00:41	87.18444	17.78451	0.520	204.6
2020-03-14T00:51	87.18314	17.77240	0.516	204.6
2020-03-14T01:01	87.18185	17.76059	0.510	204.2
2020-03-14T01:11	87.18056	17.74907	0.505	203.8
2020-03-14T01:21	87.17929	17.73758	0.502	203.9
2020-03-14T01:31	87.17803	17.72623	0.496	203.9
2020-03-14T01:41	87.17678	17.71509	0.490	203.8
2020-03-14T01:51	87.17555	17.70421	0.485	203.4
2020-03-14T02:01	87.17431	17.69369	0.483	202.7
2020-03-14T02:11	87.17307	17.68325	0.485	202.5
2020-03-14T02:21	87.17184	17.67273	0.480	202.9
2020-03-14T02:31	87.17060	17.66231	0.483	202.6
2020-03-14T02:41	87.16938	17.65173	0.479	203.1
2020-03-14T02:51	87.16817	17.64130	0.472	203.1
2020-03-14T03:01	87.16698	17.63070	0.469	203.7
2020-03-14T03:11	87.16586	17.62019	0.444	204.9
2020-03-14T03:21	87.16479	17.61019	0.424	204.8
2020-03-14T03:31	87.16379	17.60023	0.401	206.3
2020-03-14T03:41	87.16282	17.59074	0.389	205.8
2020-03-14T03:51	87.16185	17.58135	0.386	205.7
2020-03-14T04:01	87.16092	17.57207	0.374	206.2
2020-03-14T04:11	87.15999	17.56294	0.374	205.8
2020-03-14T04:21	87.15906	17.55399	0.370	205.6
2020-03-14T04:31	87.15814	17.54493	0.367	206.1
2020-03-14T04:41	87.15725	17.53619	0.359	205.8
2020-03-14T04:51	87.15637	17.52760	0.350	206.0
2020-03-14T05:01	87.15553	17.51922	0.339	206.2
2020-03-14T05:11	87.15469	17.51082	0.336	206.6
2020-03-14T05:21	87.15391	17.50250	0.318	207.9
2020-03-14T05:31	87.15316	17.49403	0.311	209.1
2020-03-14T05:41	87.15242	17.48560	0.306	209.6
2020-03-14T05:51	87.15170	17.47728	0.297	210.0
2020-03-14T06:01	87.15101	17.46883	0.292	211.2
2020-03-14T06:11	87.15035	17.46056	0.281	211.8
2020-03-14T06:21	87.14972	17.45211	0.271	213.9
2020-03-14T06:31	87.14913	17.44381	0.258	215.1
2020-03-14T06:41	87.14857	17.43545	0.251	216.7
2020-03-14T06:51	87.14805	17.42700	0.243	218.5
2020-03-14T07:01	87.14755	17.41834	0.235	221.2
2020-03-14T07:11	87.14709	17.40980	0.228	222.2
2020-03-14T07:21	87.14663	17.40113	0.225	223.6
2020-03-14T07:31	87.14621	17.39239	0.219	225.6
2020-03-14T07:41	87.14579	17.38333	0.220	227.5
2020-03-14T07:51	87.14539	17.37423	0.217	228.7
2020-03-14T08:01	87.14499	17.36519	0.217	228.4
2020-03-14T08:11	87.14459	17.35632	0.215	227.8
2020-03-14T08:21	87.14418	17.34753	0.216	226.9
2020-03-14T08:31	87.14378	17.33869	0.215	227.5
2020-03-14T08:41	87.14337	17.33005	0.216	226.0
2020-03-14T08:51	87.14293	17.32160	0.217	224.4
2020-03-14T09:01	87.14250	17.31330	0.217	223.3
2020-03-14T09:11	87.14204	17.30508	0.220	222.2
2020-03-14T09:21	87.14159	17.29711	0.218	221.1
2020-03-14T09:31	87.14114	17.28955	0.210	220.2
2020-03-14T09:41	87.14068	17.28209	0.215	218.6
2020-03-14T09:51	87.14022	17.27473	0.211	218.9
2020-03-14T10:01	87.13979	17.26729	0.205	220.7
2020-03-14T10:11	87.13933	17.25967	0.215	219.6
2020-03-14T10:21	87.13886	17.25200	0.218	219.2
2020-03-14T10:31	87.13838	17.24454	0.219	217.7
2020-03-14T10:41	87.13790	17.23673	0.224	218.9
2020-03-14T10:51	87.13739	17.22877	0.231	218.3
2020-03-14T11:01	87.13689	17.22072	0.231	218.8
2020-03-14T11:11	87.13639	17.21240	0.234	219.7
2020-03-14T11:21	87.13588	17.20373	0.242	220.1
2020-03-14T11:31	87.13537	17.19502	0.240	220.8
2020-03-14T11:41	87.13489	17.18608	0.238	222.6
2020-03-14T11:51	87.13440	17.17712	0.239	222.4
2020-03-14T12:01	87.13391	17.16839	0.236	221.7
2020-03-14T12:11	87.13343	17.15989	0.231	221.4
2020-03-14T12:21	87.13295	17.15143	0.230	221.4
2020-03-14T12:31	87.13246	17.14298	0.231	221.2
2020-03-14T12:41	87.13198	17.13456	0.232	220.9
2020-03-14T12:51	87.13150	17.12614	0.230	221.2
2020-03-14T13:01	87.13103	17.11787	0.225	221.5
2020-03-14T13:11	87.13058	17.10976	0.219	222.0
2020-03-14T13:21	87.13014	17.10178	0.214	222.3
2020-03-14T13:31	87.12971	17.09405	0.209	221.7
2020-03-14T13:41	87.12928	17.08662	0.203	221.3
2020-03-14T13:51	87.12886	17.07934	0.200	221.0
2020-03-14T14:01	87.12844	17.07233	0.196	220.1
2020-03-14T14:11	87.12802	17.06546	0.198	218.9
2020-03-14T14:21	87.12763	17.05900	0.183	219.5
2020-03-14T14:31	87.12723	17.05258	0.184	219.1
2020-03-14T14:41	87.12684	17.04627	0.180	219.2
2020-03-14T14:51	87.12647	17.04007	0.175	219.7
2020-03-14T15:01	87.12609	17.03364	0.179	220.3
2020-03-14T15:11	87.12570	17.02717	0.180	220.3
2020-03-14T15:21	87.12533	17.02101	0.175	219.4
2020-03-14T15:31	87.12497	17.01494	0.170	220.1
2020-03-14T15:41	87.12463	17.00902	0.162	221.4
2020-03-14T15:51	87.12430	17.00326	0.158	221.1
2020-03-14T16:01	87.12397	16.99736	0.159	222.2
2020-03-14T16:11	87.12364	16.99149	0.159	221.8
2020-03-14T16:21	87.12331	16.98552	0.160	222.3
2020-03-14T16:31	87.12296	16.97948	0.167	220.9
2020-03-14T16:41	87.12263	16.97306	0.166	224.2
2020-03-14T16:51	87.12230	16.96681	0.165	223.3
2020-03-14T17:01	87.12195	16.96051	0.169	222.5
2020-03-14T17:11	87.12163	16.95396	0.166	225.6
2020-03-14T17:21	87.12131	16.94738	0.167	225.6
2020-03-14T17:31	87.12100	16.94075	0.162	227.6
2020-03-14T17:41	87.12071	16.93376	0.165	230.1
2020-03-14T17:51	87.12042	16.92629	0.171	232.3
2020-03-14T18:01	87.12014	16.91891	0.167	233.3
2020-03-14T18:11	87.11988	16.91127	0.168	235.3
2020-03-14T18:21	87.11963	16.90340	0.169	237.4
2020-03-14T18:31	87.11938	16.89526	0.172	238.6
2020-03-14T18:41	87.11913	16.88704	0.172	239.7
2020-03-14T18:51	87.11888	16.87874	0.176	238.9
2020-03-14T19:01	87.11862	16.87026	0.179	238.9
2020-03-14T19:11	87.11837	16.86157	0.182	239.9
2020-03-14T19:21	87.11812	16.85276	0.184	240.2
2020-03-14T19:31	87.11787	16.84396	0.183	240.4
2020-03-14T19:41	87.11764	16.83506	0.181	242.7
2020-03-14T19:51	87.11739	16.82610	0.184	241.8
2020-03-14T20:01	87.11714	16.81730	0.183	240.5
2020-03-14T20:11	87.11692	16.80844	0.180	243.0
2020-03-14T20:21	87.11669	16.79991	0.175	241.8
2020-03-14T20:31	87.11646	16.79164	0.171	240.9
2020-03-14T20:41	87.11623	16.78341	0.169	241.9
2020-03-14T20:51	87.11601	16.77535	0.166	241.6
2020-03-14T21:01	87.11578	16.76732	0.168	239.9
2020-03-14T21:11	87.11555	16.75931	0.168	239.8
2020-03-14T21:21	87.11532	16.75101	0.171	241.8
2020-03-14T21:31	87.11509	16.74285	0.170	240.2
2020-03-14T21:41	87.11484	16.73419	0.180	240.9
2020-03-14T21:51	87.11458	16.72512	0.190	240.0
2020-03-14T22:01	87.11431	16.71537	0.202	240.9
2020-03-14T22:11	87.11404	16.70579	0.199	240.6
2020-03-14T22:21	87.11378	16.69604	0.198	242.9
2020-03-14T22:31	87.11354	16.68627	0.198	243.2
2020-03-14T22:41	87.11329	16.67659	0.197	243.1
2020-03-14T22:51	87.11304	16.66693	0.196	243.3
2020-03-14T23:01	87.11279	16.65693	0.202	243.5
2020-03-14T23:11	87.11254	16.64690	0.204	243.0
2020-03-14T23:21	87.11229	16.63653	0.208	244.7
2020-03-14T23:31	87.11202	16.62611	0.212	243.1
2020-03-14T23:41	87.11177	16.61542	0.215	244.7
2020-03-14T23:51	87.11151	16.60479	0.213	244.6
2020-03-15T00:01	87.11123	16.59421	0.217	242.3
2020-03-15T00:11	87.11094	16.58392	0.214	240.6
2020-03-15T00:21	87.11063	16.57317	0.225	240.1
2020-03-15T00:31	87.11034	16.56214	0.226	242.4
2020-03-15T00:41	87.11002	16.55043	0.241	241.9
2020-03-15T00:51	87.10968	16.53858	0.247	240.4
2020-03-15T01:01	87.10935	16.52662	0.248	241.4
2020-03-15T01:11	87.10905	16.51488	0.240	242.6
2020-03-15T01:21	87.10871	16.50291	0.249	240.8
2020-03-15T01:31	87.10834	16.49135	0.249	237.4
2020-03-15T01:41	87.10794	16.47942	0.259	236.8
2020-03-15T01:51	87.10757	16.46765	0.253	237.6
2020-03-15T02:01	87.10720	16.45616	0.246	238.0
2020-03-15T02:11	87.10686	16.44459	0.244	239.5
2020-03-15T02:21	87.10650	16.43273	0.252	238.8
2020-03-15T02:31	87.10612	16.42117	0.250	237.2
2020-03-15T02:41	87.10575	16.40960	0.249	237.5
2020-03-15T02:51	87.10537	16.39793	0.253	237.1
2020-03-15T03:01	87.10497	16.38614	0.258	236.2
2020-03-15T03:11	87.10457	16.37447	0.257	235.8
2020-03-15T03:21	87.10416	16.36255	0.261	236.3
2020-03-15T03:31	87.10369	16.35045	0.280	231.9
2020-03-15T03:41	87.10321	16.33884	0.272	231.1
2020-03-15T03:51	87.10279	16.32790	0.250	232.8
2020-03-15T04:01	87.10234	16.31675	0.260	231.3
2020-03-15T04:11	87.10188	16.30583	0.259	230.2
2020-03-15T04:21	87.10137	16.29459	0.274	228.3
2020-03-15T04:31	87.10089	16.28345	0.266	229.6
2020-03-15T04:41	87.10042	16.27266	0.260	229.2
2020-03-15T04:51	87.09997	16.26202	0.253	230.1
2020-03-15T05:01	87.09948	16.25096	0.267	228.9
2020-03-15T05:11	87.09897	16.23988	0.274	227.5
2020-03-15T05:21	87.09844	16.22858	0.280	227.3
2020-03-15T05:31	87.09791	16.21738	0.280	226.8
2020-03-15T05:41	87.09742	16.20606	0.272	229.3
2020-03-15T05:51	87.09688	16.19428	0.288	228.2
2020-03-15T06:01	87.09631	16.18173	0.308	227.9
2020-03-15T06:11	87.09571	16.16844	0.324	228.4
2020-03-15T06:21	87.09509	16.15442	0.340	228.8
2020-03-15T06:31	87.09451	16.14099	0.323	229.3
2020-03-15T06:41	87.09386	16.12510	0.372	231.3
2020-03-15T06:51	87.09315	16.10693	0.419	232.4
2020-03-15T07:01	87.09236	16.08616	0.474	233.2
2020-03-15T07:11	87.09156	16.06409	0.495	234.5
2020-03-15T07:21	87.09076	16.04112	0.510	235.5
2020-03-15T07:31	87.08995	16.01824	0.509	235.3
2020-03-15T07:41	87.08907	15.99328	0.556	235.1
2020-03-15T07:51	87.08823	15.96954	0.529	235.3
2020-03-15T08:01	87.08733	15.94444	0.562	234.7
2020-03-15T08:11	87.08645	15.91874	0.568	235.9
2020-03-15T08:21	87.08557	15.89282	0.571	236.2
2020-03-15T08:31	87.08468	15.86640	0.581	236.4
2020-03-15T08:41	87.08379	15.83964	0.584	237.0
2020-03-15T08:51	87.08291	15.81285	0.585	237.1
2020-03-15T09:01	87.08201	15.78577	0.592	237.0
2020-03-15T09:11	87.08111	15.75863	0.595	236.8
2020-03-15T09:21	87.08020	15.73131	0.598	236.9
2020-03-15T09:31	87.07928	15.70352	0.607	237.1
2020-03-15T09:41	87.07837	15.67542	0.611	237.6
2020-03-15T09:51	87.07747	15.64727	0.611	237.9
2020-03-15T10:01	87.07658	15.61882	0.612	238.5
2020-03-15T10:11	87.07568	15.59010	0.619	238.4
2020-03-15T10:21	87.07479	15.56101	0.624	238.9
2020-03-15T10:31	87.07387	15.53186	0.628	238.6
2020-03-15T10:41	87.07298	15.50245	0.629	239.3
2020-03-15T10:51	87.07203	15.47255	0.648	238.1
2020-03-15T11:01	87.07109	15.44241	0.650	238.5
2020-03-15T11:11	87.07015	15.41216	0.652	238.7
2020-03-15T11:21	87.06920	15.38167	0.656	238.8
2020-03-15T11:31	87.06826	15.35087	0.661	239.1
2020-03-15T11:41	87.06733	15.32004	0.660	239.4
2020-03-15T11:51	87.06638	15.28919	0.663	239.0
2020-03-15T12:01	87.06543	15.25848	0.662	238.7
2020-03-15T12:11	87.06446	15.22789	0.664	238.2
2020-03-15T12:21	87.06347	15.19718	0.668	238.0
2020-03-15T12:31	87.06250	15.16641	0.667	238.3
2020-03-15T12:41	87.06153	15.13542	0.670	238.6
2020-03-15T12:51	87.06054	15.10459	0.671	238.1
2020-03-15T13:01	87.05955	15.07361	0.675	237.9
2020-03-15T13:11	87.05858	15.04251	0.672	238.8
2020-03-15T13:21	87.05760	15.01121	0.677	238.8
2020-03-15T13:31	87.05663	14.97974	0.679	239.0
2020-03-15T13:41	87.05566	14.94834	0.678	238.9
2020-03-15T13:51	87.05469	14.91711	0.675	238.9
2020-03-15T14:01	87.05372	14.88579	0.676	239.1
2020-03-15T14:11	87.05277	14.85464	0.671	239.3
2020-03-15T14:21	87.05179	14.82391	0.670	238.2
2020-03-15T14:31	87.05080	14.79308	0.674	238.0
2020-03-15T14:41	87.04982	14.76303	0.660	237.6
2020-03-15T14:51	87.04885	14.73329	0.651	237.9
2020-03-15T15:01	87.04788	14.70387	0.648	237.3
2020-03-15T15:11	87.04690	14.67460	0.647	237.1
2020-03-15T15:21	87.04594	14.64652	0.627	236.3
2020-03-15T15:31	87.04498	14.61857	0.623	236.4
2020-03-15T15:41	87.04398	14.59084	0.628	235.1
2020-03-15T15:51	87.04300	14.56426	0.607	234.4
2020-03-15T16:01	87.04202	14.53809	0.601	234.0
2020-03-15T16:11	87.04102	14.51226	0.600	233.1
2020-03-15T16:21	87.03999	14.48740	0.591	231.5
2020-03-15T16:31	87.03895	14.46296	0.590	230.4
2020-03-15T16:41	87.03791	14.43861	0.586	230.6
2020-03-15T16:51	87.03687	14.41454	0.584	230.1
2020-03-15T17:01	87.03582	14.39194	0.566	228.1
2020-03-15T17:11	87.03475	14.37058	0.555	225.7
2020-03-15T17:21	87.03368	14.34928	0.552	226.0
2020-03-15T17:31	87.03258	14.32926	0.545	223.2
2020-03-15T17:41	87.03148	14.30882	0.550	223.9
2020-03-15T17:51	87.03032	14.28993	0.546	220.2
2020-03-15T18:01	87.02918	14.27214	0.529	218.9
2020-03-15T18:11	87.02801	14.25363	0.544	219.4
2020-03-15T18:21	87.02679	14.23511	0.558	218.3
2020-03-15T18:31	87.02562	14.21748	0.536	217.9
2020-03-15T18:41	87.02437	14.19937	0.563	216.9
2020-03-15T18:51	87.02313	14.18163	0.556	216.6
2020-03-15T19:01	87.02188	14.16397	0.557	216.4
2020-03-15T19:11	87.02065	14.14585	0.557	217.5
2020-03-15T19:21	87.01939	14.12762	0.568	216.9
2020-03-15T19:31	87.01809	14.10982	0.575	215.4
2020-03-15T19:41	87.01677	14.09188	0.581	215.3
2020-03-15T19:51	87.01545	14.07391	0.584	215.2
2020-03-15T20:01	87.01412	14.05601	0.586	215.0
2020-03-15T20:11	87.01277	14.03803	0.590	214.9
2020-03-15T20:21	87.01142	14.02003	0.593	214.8
2020-03-15T20:31	87.01006	14.00208	0.596	214.5
2020-03-15T20:41	87.00869	13.98401	0.598	214.6
2020-03-15T20:51	87.00732	13.96548	0.602	215.3
2020-03-15T21:01	87.00595	13.94634	0.613	215.9
2020-03-15T21:11	87.00461	13.92713	0.601	217.0
2020-03-15T21:21	87.00328	13.90783	0.601	217.2
2020-03-15T21:31	87.00193	13.88844	0.608	216.9
2020-03-15T21:41	87.00057	13.86902	0.612	216.7
2020-03-15T21:51	86.99922	13.84922	0.613	217.5
2020-03-15T22:01	86.99787	13.82917	0.614	218.0
2020-03-15T22:11	86.99651	13.80892	0.622	217.9
2020-03-15T22:21	86.99512	13.78837	0.633	217.8
2020-03-15T22:31	86.99375	13.76798	0.626	218.0
2020-03-15T22:41	86.99238	13.74709	0.631	218.7
2020-03-15T22:51	86.99104	13.72571	0.629	220.0
2020-03-15T23:01	86.98971	13.70442	0.625	220.1
2020-03-15T23:11	86.98838	13.68327	0.625	219.8
2020-03-15T23:21	86.98706	13.66217	0.621	220.0
2020-03-15T23:31	86.98574	13.64164	0.614	219.3
2020-03-15T23:41	86.98441	13.62279	0.599	216.6
2020-03-15T23:51	86.98308	13.60320	0.604	217.9
2020-03-16T00:01	86.98177	13.58406	0.595	217.6
2020-03-16T00:11	86.98046	13.56525	0.591	217.1
2020-03-16T00:21	86.97916	13.54634	0.591	217.4
2020-03-16T00:31	86.97788	13.52763	0.582	217.6
2020-03-16T00:41	86.97661	13.50952	0.573	216.9
2020-03-16T00:51	86.97535	13.49143	0.568	217.3
2020-03-16T01:01	86.97409	13.47321	0.571	217.4
2020-03-16T01:11	86.97284	13.45494	0.569	217.6
2020-03-16T01:21	86.97160	13.43716	0.560	217.2
2020-03-16T01:31	86.97039	13.41993	0.544	217.1
2020-03-16T01:41	86.96916	13.40298	0.548	216.1
2020-03-16T01:51	86.96795	13.38654	0.539	215.5
2020-03-16T02:01	86.96674	13.37114	0.523	214.1
2020-03-16T02:11	86.96556	13.35603	0.516	214.0
2020-03-16T02:21	86.96438	13.34121	0.510	213.7
2020-03-16T02:31	86.96321	13.32637	0.506	214.1
2020-03-16T02:41	86.96203	13.31193	0.506	213.0
2020-03-16T02:51	86.96087	13.29803	0.497	212.2
2020-03-16T03:01	86.95972	13.28461	0.486	211.8
2020-03-16T03:11	86.95858	13.27001	0.495	214.3
2020-03-16T03:21	86.95746	13.25592	0.487	213.6
2020-03-16T03:31	86.95633	13.24287	0.478	211.4
2020-03-16T03:41	86.95520	13.23024	0.471	210.8
2020-03-16T03:51	86.95409	13.21768	0.467	210.9
2020-03-16T04:01	86.95297	13.20603	0.461	208.9
2020-03-16T04:11	86.95181	13.19552	0.463	205.7
2020-03-16T04:21	86.95064	13.18510	0.464	205.5
2020-03-16T04:31	86.94950	13.17488	0.457	205.4
2020-03-16T04:41	86.94835	13.16529	0.453	204.0
2020-03-16T04:51	86.94716	13.15607	0.463	202.5
2020-03-16T05:01	86.94600	13.14746	0.451	201.5
2020-03-16T05:11	86.94481	13.13904	0.456	200.8
2020-03-16T05:21	86.94362	13.13123	0.453	199.3
2020-03-16T05:31	86.94243	13.12384	0.452	198.3
2020-03-16T05:41	86.94124	13.11645	0.452	198.3
2020-03-16T05:51	86.94005	13.10940	0.451	197.5
2020-03-16T06:01	86.93885	13.10226	0.452	197.7
2020-03-16T06:11	86.93765	13.09527	0.454	197.2
2020-03-16T06:21	86.93644	13.08837	0.455	197.0
2020-03-16T06:31	86.93523	13.08159	0.455	196.7
2020-03-16T06:41	86.93402	13.07474	0.453	196.9
2020-03-16T06:51	86.93281	13.06799	0.457	196.6
2020-03-16T07:01	86.93159	13.06120	0.457	196.6
2020-03-16T07:11	86.93037	13.05434	0.459	196.8
2020-03-16T07:21	86.92915	13.04762	0.458	196.4
2020-03-16T07:31	86.92792	13.04090	0.462	196.3
2020-03-16T07:41	86.92669	13.03400	0.461	196.8
2020-03-16T07:51	86.92546	13.02724	0.463	196.4
2020-03-16T08:01	86.92422	13.02055	0.464	196.2
2020-03-16T08:11	86.92298	13.01366	0.466	196.6
2020-03-16T08:21	86.92173	13.00668	0.468	196.8
2020-03-16T08:31	86.92049	12.99980	0.468	196.5
2020-03-16T08:41	86.91925	12.99284	0.467	196.8
2020-03-16T08:51	86.91800	12.98587	0.470	196.7
2020-03-16T09:01	86.91675	12.97884	0.468	196.9
2020-03-16T09:11	86.91551	12.97183	0.468	196.8
2020-03-16T09:21	86.91427	12.96469	0.467	197.2
2020-03-16T09:31	86.91303	12.95733	0.468	197.8
2020-03-16T09:41	86.91179	12.95003	0.468	197.6
2020-03-16T09:51	86.91056	12.94257	0.468	198.0
2020-03-16T10:01	86.90933	12.93513	0.466	198.1
2020-03-16T10:11	86.90809	12.92764	0.467	198.2
2020-03-16T10:21	86.90688	12.92005	0.462	198.6
2020-03-16T10:31	86.90567	12.91240	0.460	198.9
2020-03-16T10:41	86.90446	12.90470	0.461	198.9
2020-03-16T10:51	86.90326	12.89702	0.458	199.0
2020-03-16T11:01	86.90208	12.88912	0.452	199.9
2020-03-16T11:11	86.90092	12.88120	0.446	200.2
2020-03-16T11:21	86.89976	12.87348	0.443	199.8
2020-03-16T11:31	86.89861	12.86572	0.439	200.1
2020-03-16T11:41	86.89748	12.85793	0.437	200.4
2020-03-16T11:51	86.89635	12.85021	0.434	200.3
2020-03-16T12:01	86.89523	12.84240	0.432	200.7
2020-03-16T12:11	86.89412	12.83452	0.426	201.1
2020-03-16T12:21	86.89304	12.82643	0.419	202.1
2020-03-16T12:31	86.89193	12.81853	0.429	201.1
2020-03-16T12:41	86.89084	12.81043	0.424	201.9
2020-03-16T12:51	86.88977	12.80227	0.415	202.5
2020-03-16T13:01	86.88869	12.79433	0.419	201.8
2020-03-16T13:11	86.88763	12.78664	0.411	201.5
2020-03-16T13:21	86.88659	12.77908	0.402	201.6
2020-03-16T13:31	86.88556	12.77192	0.397	200.6
2020-03-16T13:41	86.88458	12.76507	0.377	200.9
2020-03-16T13:51	86.88364	12.75808	0.366	202.0
2020-03-16T14:01	86.88267	12.75182	0.369	199.4
2020-03-16T14:11	86.88167	12.74551	0.382	198.9
2020-03-16T14:21	86.88063	12.73913	0.393	198.5
2020-03-16T14:31	86.87959	12.73290	0.395	198.0
2020-03-16T14:41	86.87854	12.72706	0.393	196.9
2020-03-16T14:51	86.87752	12.72130	0.387	197.0
2020-03-16T15:01	86.87650	12.71570	0.382	196.7
2020-03-16T15:11	86.87549	12.71036	0.379	196.1
2020-03-16T15:21	86.87448	12.70533	0.377	195.2
2020-03-16T15:31	86.87349	12.70042	0.370	195.1
2020-03-16T15:41	86.87251	12.69570	0.365	194.7
2020-03-16T15:51	86.87153	12.69114	0.364	194.3
2020-03-16T16:01	86.87056	12.68686	0.360	193.5
2020-03-16T16:11	86.86960	12.68276	0.355	193.1
2020-03-16T16:21	86.86864	12.67883	0.354	192.6
2020-03-16T16:31	86.86769	12.67522	0.348	191.8
2020-03-16T16:41	86.86674	12.67184	0.349	191.0
2020-03-16T16:51	86.86579	12.66874	0.347	190.1
2020-03-16T17:01	86.86485	12.66607	0.344	188.8
2020-03-16T17:11	86.86392	12.66364	0.336	188.2
2020-03-16T17:21	86.86299	12.66137	0.339	187.6
2020-03-16T17:31	86.86206	12.65921	0.337	187.3
2020-03-16T17:41	86.86113	12.65725	0.339	186.5
2020-03-16T17:51	86.86019	12.65516	0.339	187.0
2020-03-16T18:01	86.85927	12.65312	0.333	186.9
2020-03-16T18:11	86.85836	12.65110	0.330	186.9
2020-03-16T18:21	86.85745	12.64916	0.329	186.7
2020-03-16T18:31	86.85654	12.64746	0.332	185.8
2020-03-16T18:41	86.85562	12.64579	0.331	185.7
2020-03-16T18:51	86.85470	12.64412	0.332	185.7
2020-03-16T19:01	86.85379	12.64264	0.331	185.1
2020-03-16T19:11	86.85288	12.64107	0.329	185.4
2020-03-16T19:21	86.85197	12.63954	0.328	185.3
2020-03-16T19:31	86.85107	12.63799	0.327	185.4
2020-03-16T19:41	86.85018	12.63642	0.323	185.5
2020-03-16T19:51	86.84928	12.63473	0.323	185.9
2020-03-16T20:01	86.84839	12.63303	0.323	186.0
2020-03-16T20:11	86.84751	12.63129	0.320	186.2
2020-03-16T20:21	86.84662	12.62946	0.321	186.5
2020-03-16T20:31	86.84575	12.62730	0.317	187.8
2020-03-16T20:41	86.84488	12.62508	0.317	188.0
2020-03-16T20:51	86.84401	12.62279	0.316	188.2
2020-03-16T21:01	86.84315	12.62017	0.313	189.6
2020-03-16T21:11	86.84228	12.61745	0.318	189.8
2020-03-16T21:21	86.84142	12.61467	0.315	190.1
2020-03-16T21:31	86.84055	12.61174	0.317	190.6
2020-03-16T21:41	86.83970	12.60861	0.313	191.5
2020-03-16T21:51	86.83885	12.60531	0.314	192.0
2020-03-16T22:01	86.83799	12.60197	0.315	192.2
2020-03-16T22:11	86.83713	12.59866	0.316	192.0
2020-03-16T22:21	86.83629	12.59513	0.312	193.0
2020-03-16T22:31	86.83543	12.59148	0.318	193.2
2020-03-16T22:41	86.83458	12.58769	0.316	193.8
2020-03-16T22:51	86.83373	12.58371	0.315	194.6
2020-03-16T23:01	86.83289	12.57957	0.312	195.3
2020-03-16T23:11	86.83206	12.57538	0.312	195.5
2020-03-16T23:21	86.83122	12.57092	0.314	196.4
2020-03-16T23:31	86.83039	12.56645	0.312	196.6
2020-03-16T23:41	86.82955	12.56181	0.314	197.1
2020-03-16T23:51	86.82872	12.55712	0.313	197.3
2020-03-17T00:01	86.82790	12.55236	0.312	197.7
2020-03-17T00:11	86.82708	12.54742	0.311	198.4
2020-03-17T00:21	86.82626	12.54243	0.310	198.7
2020-03-17T00:31	86.82545	12.53741	0.311	198.8
2020-03-17T00:41	86.82464	12.53218	0.309	199.8
2020-03-17T00:51	86.82385	12.52696	0.304	200.0
2020-03-17T01:01	86.82306	12.52172	0.302	200.3
2020-03-17T01:11	86.82228	12.51648	0.299	200.5
2020-03-17T01:21	86.82151	12.51133	0.297	200.2
2020-03-17T01:31	86.82075	12.50611	0.293	200.8
2020-03-17T01:41	86.82000	12.50092	0.289	201.0
2020-03-17T01:51	86.81926	12.49573	0.285	201.4
2020-03-17T02:01	86.81853	12.49071	0.282	200.8
2020-03-17T02:11	86.81782	12.48562	0.275	201.7
2020-03-17T02:21	86.81712	12.48083	0.271	200.7
2020-03-17T02:31	86.81643	12.47606	0.265	201.1
2020-03-17T02:41	86.81576	12.47152	0.259	200.6
2020-03-17T02:51	86.81510	12.46704	0.255	200.6
2020-03-17T03:01	86.81444	12.46262	0.252	200.5
2020-03-17T03:11	86.81379	12.45841	0.248	199.8
2020-03-17T03:21	86.81315	12.45434	0.245	199.4
2020-03-17T03:31	86.81252	12.45048	0.239	198.8
2020-03-17T03:41	86.81189	12.44661	0.238	199.0
2020-03-17T03:51	86.81128	12.44292	0.234	198.4
2020-03-17T04:01	86.81067	12.43942	0.232	197.6
2020-03-17T04:11	86.81006	12.43594	0.230	197.6
2020-03-17T04:21	86.80945	12.43265	0.229	196.8
2020-03-17T04:31	86.80883	12.42947	0.231	196.1
2020-03-17T04:41	86.80823	12.42654	0.223	195.3
2020-03-17T04:51	86.80761	12.42363	0.234	194.4
2020-03-17T05:01	86.80701	12.42091	0.223	194.2
2020-03-17T05:11	86.80640	12.41827	0.223	193.8
2020-03-17T05:21	86.80581	12.41581	0.221	192.9
2020-03-17T05:31	86.80521	12.41348	0.219	192.3
2020-03-17T05:41	86.80462	12.41137	0.217	191.2
2020-03-17T05:51	86.80403	12.40907	0.219	192.2
2020-03-17T06:01	86.80343	12.40705	0.217	190.8
2020-03-17T06:11	86.80284	12.40515	0.218	190.1
2020-03-17T06:21	86.80223	12.40339	0.221	189.2
2020-03-17T06:31	86.80163	12.40160	0.220	189.4
2020-03-17T06:41	86.80103	12.39986	0.219	189.2
2020-03-17T06:51	86.80041	12.39826	0.224	188.3
2020-03-17T07:01	86.79979	12.39662	0.226	188.4
2020-03-17T07:11	86.79917	12.39479	0.226	189.4
2020-03-17T07:21	86.79854	12.39320	0.232	187.9
2020-03-17T07:31	86.79790	12.39143	0.231	188.9
2020-03-17T07:41	86.79726	12.38956	0.232	189.3
2020-03-17T07:51	86.79663	12.38774	0.232	189.1
2020-03-17T08:01	86.79599	12.38578	0.232	189.8
2020-03-17T08:11	86.79536	12.38381	0.233	189.8
2020-03-17T08:21	86.79471	12.38187	0.235	189.5
2020-03-17T08:31	86.79407	12.37967	0.235	190.9
2020-03-17T08:41	86.79342	12.37756	0.237	190.4
2020-03-17T08:51	86.79277	12.37524	0.238	191.3
2020-03-17T09:01	86.79213	12.37295	0.236	191.3
2020-03-17T09:11	86.79149	12.37061	0.235	191.6
2020-03-17T09:21	86.79084	12.36818	0.238	191.9
2020-03-17T09:31	86.79019	12.36570	0.241	192.0
2020-03-17T09:41	86.78953	12.36308	0.242	192.6
2020-03-17T09:51	86.78888	12.36028	0.244	193.4
2020-03-17T10:01	86.78822	12.35732	0.244	194.1
2020-03-17T10:11	86.78756	12.35429	0.245	194.5
2020-03-17T10:21	86.78691	12.35106	0.242	195.6
2020-03-17T10:31	86.78626	12.34777	0.243	195.8
2020-03-17T10:41	86.78560	12.34430	0.249	196.3
2020-03-17T10:51	86.78494	12.34078	0.249	196.6
2020-03-17T11:01	86.78427	12.33699	0.252	197.6
2020-03-17T11:11	86.78360	12.33314	0.253	197.9
2020-03-17T11:21	86.78293	12.32910	0.253	198.8
2020-03-17T11:31	86.78227	12.32490	0.253	199.5
2020-03-17T11:41	86.78161	12.32073	0.251	199.6
2020-03-17T11:51	86.78095	12.31632	0.254	200.5
2020-03-17T12:01	86.78030	12.31205	0.251	200.2
2020-03-17T12:11	86.77965	12.30754	0.251	201.3
2020-03-17T12:21	86.77900	12.30308	0.250	201.2
2020-03-17T12:31	86.77836	12.29863	0.248	201.3
2020-03-17T12:41	86.77771	12.29426	0.249	200.8
2020-03-17T12:51	86.77707	12.28980	0.250	201.2
2020-03-17T13:01	86.77641	12.28525	0.252	201.4
2020-03-17T13:11	86.77579	12.28078	0.243	201.8
2020-03-17T13:21	86.77516	12.27625	0.243	202.2
2020-03-17T13:31	86.77454	12.27160	0.241	202.9
2020-03-17T13:41	86.77394	12.26702	0.238	203.0
2020-03-17T13:51	86.77334	12.26252	0.234	202.9
2020-03-17T14:01	86.77274	12.25816	0.231	202.5
2020-03-17T14:11	86.77216	12.25385	0.228	202.6
2020-03-17T14:21	86.77158	12.24971	0.224	202.0
2020-03-17T14:31	86.77102	12.24578	0.219	201.4
2020-03-17T14:41	86.77046	12.24214	0.213	200.3
2020-03-17T14:51	86.76992	12.23865	0.208	199.9
2020-03-17T15:01	86.76938	12.23538	0.205	198.9
2020-03-17T15:11	86.76884	12.23230	0.203	198.0
2020-03-17T15:21	86.76831	12.22936	0.200	197.3
2020-03-17T15:31	86.76779	12.22655	0.198	196.8
2020-03-17T15:41	86.76726	12.22398	0.195	195.6
2020-03-17T15:51	86.76675	12.22149	0.193	195.2
2020-03-17T16:01	86.76623	12.21920	0.192	194.0
2020-03-17T16:11	86.76572	12.21700	0.188	193.7
2020-03-17T16:21	86.76521	12.21495	0.190	192.7
2020-03-17T16:31	86.76469	12.21320	0.188	190.9
2020-03-17T16:41	86.76417	12.21141	0.192	190.9
2020-03-17T16:51	86.76364	12.20973	0.195	190.1
2020-03-17T17:01	86.76310	12.20813	0.194	189.7
2020-03-17T17:11	86.76257	12.20661	0.195	189.1
2020-03-17T17:21	86.76201	12.20525	0.203	187.8
2020-03-17T17:31	86.76145	12.20381	0.203	188.3
2020-03-17T17:41	86.76090	12.20255	0.202	187.3
2020-03-17T17:51	86.76033	12.20138	0.204	186.7
2020-03-17T18:01	86.75976	12.20032	0.209	186.0
2020-03-17T18:11	86.75918	12.19942	0.210	185.0
2020-03-17T18:21	86.75859	12.19849	0.212	185.1
2020-03-17T18:31	86.75799	12.19767	0.217	184.4
2020-03-17T18:41	86.75738	12.19691	0.220	184.0
2020-03-17T18:51	86.75676	12.19616	0.224	183.9
2020-03-17T19:01	86.75614	12.19540	0.225	184.0
2020-03-17T19:11	86.75550	12.19459	0.229	184.1
2020-03-17T19:21	86.75485	12.19376	0.234	184.1
2020-03-17T19:31	86.75421	12.19302	0.234	183.7
2020-03-17T19:41	86.75355	12.19226	0.237	183.7
2020-03-17T19:51	86.75289	12.19149	0.238	183.8
2020-03-17T20:01	86.75222	12.19085	0.242	183.1
2020-03-17T20:11	86.75156	12.18994	0.239	184.5
2020-03-17T20:21	86.75089	12.18899	0.241	184.6
2020-03-17T20:31	86.75023	12.18799	0.240	184.8
2020-03-17T20:41	86.74956	12.18692	0.239	185.2
2020-03-17T20:51	86.74890	12.18585	0.240	185.2
2020-03-17T21:01	86.74823	12.18475	0.243	185.3
2020-03-17T21:11	86.74756	12.18358	0.241	185.7
2020-03-17T21:21	86.74689	12.18223	0.243	186.5
2020-03-17T21:31	86.74621	12.18090	0.244	186.4
2020-03-17T21:41	86.74554	12.17947	0.246	186.8
2020-03-17T21:51	86.74487	12.17803	0.241	187.0
2020-03-17T22:01	86.74419	12.17659	0.246	186.9
2020-03-17T22:11	86.74352	12.17510	0.245	187.2
2020-03-17T22:21	86.74285	12.17358	0.242	187.4
2020-03-17T22:31	86.74219	12.17184	0.243	188.4
2020-03-17T22:41	86.74152	12.16977	0.244	190.0
2020-03-17T22:51	86.74085	12.16769	0.246	190.0
2020-03-17T23:01	86.74017	12.16559	0.246	190.0
2020-03-17T23:11	86.73951	12.16329	0.244	191.1
2020-03-17T23:21	86.73884	12.16126	0.245	189.7
2020-03-17T23:31	86.73817	12.15941	0.244	188.9
2020-03-17T23:41	86.73750	12.15748	0.245	189.3
2020-03-17T23:51	86.73682	12.15558	0.246	189.1
2020-03-18T00:01	86.73615	12.15374	0.243	189.0
2020-03-18T00:11	86.73549	12.15182	0.242	189.3
2020-03-18T00:21	86.73482	12.15004	0.243	188.7
2020-03-18T00:31	86.73416	12.14830	0.243	188.5
2020-03-18T00:41	86.73350	12.14641	0.239	189.3
2020-03-18T00:51	86.73286	12.14442	0.236	190.0
2020-03-18T01:01	86.73220	12.14241	0.238	190.0
2020-03-18T01:11	86.73155	12.14055	0.238	189.2
2020-03-18T01:21	86.73090	12.13863	0.238	189.6
2020-03-18T01:31	86.73025	12.13651	0.238	190.5
2020-03-18T01:41	86.72961	12.13431	0.235	191.1
2020-03-18T01:51	86.72898	12.13205	0.233	191.5
2020-03-18T02:01	86.72834	12.12994	0.234	190.7
2020-03-18T02:11	86.72772	12.12805	0.227	189.9
2020-03-18T02:21	86.72710	12.12621	0.224	189.7
2020-03-18T02:31	86.72650	12.12451	0.221	189.1
2020-03-18T02:41	86.72590	12.12278	0.219	189.3
2020-03-18T02:51	86.72530	12.12117	0.218	188.8
2020-03-18T03:01	86.72469	12.11963	0.219	188.3
2020-03-18T03:11	86.72409	12.11830	0.219	187.2
2020-03-18T03:21	86.72349	12.11713	0.219	186.3
2020-03-18T03:31	86.72288	12.11600	0.218	186.1
2020-03-18T03:41	86.72228	12.11492	0.219	185.8
2020-03-18T03:51	86.72168	12.11410	0.215	184.5
2020-03-18T04:01	86.72108	12.11353	0.216	183.1
2020-03-18T04:11	86.72049	12.11296	0.216	183.1
2020-03-18T04:21	86.71987	12.11253	0.222	182.3
2020-03-18T04:31	86.71929	12.11232	0.210	181.2
2020-03-18T04:41	86.71868	12.11211	0.217	181.1
2020-03-18T04:51	86.71806	12.11201	0.225	180.6
2020-03-18T05:01	86.71745	12.11202	0.217	179.9
2020-03-18T05:11	86.71685	12.11205	0.219	179.9
2020-03-18T05:21	86.71623	12.11221	0.222	179.1
2020-03-18T05:31	86.71562	12.11234	0.221	179.3
2020-03-18T05:41	86.71500	12.11266	0.223	178.3
2020-03-18T05:51	86.71437	12.11280	0.225	179.3
2020-03-18T06:01	86.71374	12.11315	0.227	178.2
2020-03-18T06:11	86.71311	12.11354	0.228	178.0
2020-03-18T06:21	86.71248	12.11412	0.228	176.9
2020-03-18T06:31	86.71184	12.11485	0.229	176.3
2020-03-18T06:41	86.71120	12.11570	0.233	175.7
2020-03-18T06:51	86.71054	12.11669	0.238	175.1
2020-03-18T07:01	86.70986	12.11786	0.245	174.3
2020-03-18T07:11	86.70918	12.11897	0.246	174.6
2020-03-18T07:21	86.70851	12.11989	0.243	175.5
2020-03-18T07:31	86.70783	12.12092	0.247	175.1
2020-03-18T07:41	86.70714	12.12199	0.248	174.9
2020-03-18T07:51	86.70645	12.12313	0.250	174.6
2020-03-18T08:01	86.70577	12.12425	0.245	174.6
2020-03-18T08:11	86.70509	12.12533	0.247	174.8
2020-03-18T08:21	86.70440	12.12626	0.247	175.6
2020-03-18T08:31	86.70374	12.12719	0.241	175.4
2020-03-18T08:41	86.70304	12.12818	0.251	175.3
2020-03-18T08:51	86.70236	12.12937	0.244	174.2
2020-03-18T09:01	86.70167	12.13045	0.249	174.8
2020-03-18T09:11	86.70099	12.13135	0.247	175.7
2020-03-18T09:21	86.70031	12.13230	0.248	175.5
2020-03-18T09:31	86.69962	12.13331	0.247	175.2
2020-03-18T09:41	86.69893	12.13395	0.248	176.9
2020-03-18T09:51	86.69825	12.13457	0.249	177.0
2020-03-18T10:01	86.69755	12.13518	0.250	177.1
2020-03-18T10:11	86.69687	12.13568	0.246	177.6
2020-03-18T10:21	86.69620	12.13610	0.242	178.0
2020-03-18T10:31	86.69552	12.13657	0.245	177.7
2020-03-18T10:41	86.69485	12.13688	0.241	178.4
2020-03-18T10:51	86.69418	12.13707	0.240	179.1
2020-03-18T11:01	86.69351	12.13722	0.241	179.2
2020-03-18T11:11	86.69284	12.13723	0.241	180.0
2020-03-18T11:21	86.69218	12.13714	0.240	180.4
2020-03-18T11:31	86.69152	12.13684	0.237	181.5
2020-03-18T11:41	86.69087	12.13664	0.235	181.0
2020-03-18T11:51	86.69023	12.13611	0.230	182.8
2020-03-18T12:01	86.68959	12.13562	0.229	182.6
2020-03-18T12:11	86.68896	12.13498	0.227	183.4
2020-03-18T12:21	86.68833	12.13428	0.228	183.6
2020-03-18T12:31	86.68769	12.13368	0.232	183.1
2020-03-18T12:41	86.68703	12.13320	0.238	182.4
2020-03-18T12:51	86.68639	12.13239	0.233	184.2
2020-03-18T13:01	86.68574	12.13174	0.235	183.3
2020-03-18T13:11	86.68509	12.13115	0.233	183.0
2020-03-18T13:21	86.68445	12.13049	0.229	183.4
2020-03-18T13:31	86.68382	12.12984	0.230	183.4
2020-03-18T13:41	86.68319	12.12919	0.225	183.4
2020-03-18T13:51	86.68258	12.12855	0.221	183.5
2020-03-18T14:01	86.68197	12.12796	0.218	183.3
2020-03-18T14:11	86.68137	12.12735	0.219	183.3
2020-03-18T14:21	86.68076	12.12682	0.220	182.9
2020-03-18T14:31	86.68014	12.12632	0.221	182.7
2020-03-18T14:41	86.67951	12.12586	0.226	182.4
2020-03-18T14:51	86.67890	12.12531	0.222	183.0
2020-03-18T15:01	86.67829	12.12465	0.220	183.6
2020-03-18T15:11	86.67769	12.12382	0.215	184.6
2020-03-18T15:21	86.67710	12.12269	0.216	186.3
2020-03-18T15:31	86.67650	12.12171	0.217	185.4
2020-03-18T15:41	86.67588	12.12116	0.223	182.9
2020-03-18T15:51	86.67526	12.12079	0.224	182.0
2020-03-18T16:01	86.67463	12.12050	0.225	181.5
2020-03-18T16:11	86.67400	12.12036	0.228	180.8
2020-03-18T16:21	86.67337	12.12025	0.225	180.6
2020-03-18T16:31	86.67271	12.12043	0.238	179.1
2020-03-18T16:41	86.67205	12.12073	0.239	178.5
2020-03-18T16:51	86.67138	12.12125	0.240	177.4
2020-03-18T17:01	86.67073	12.12213	0.234	175.5
2020-03-18T17:11	86.67007	12.12321	0.240	174.6
2020-03-18T17:21	86.66939	12.12445	0.246	173.9
2020-03-18T17:31	86.66870	12.12575	0.249	173.7
2020-03-18T17:41	86.66799	12.12706	0.257	173.9
2020-03-18T17:51	86.66727	12.12853	0.263	173.3
2020-03-18T18:01	86.66654	12.13021	0.265	172.3
2020-03-18T18:11	86.66578	12.13222	0.274	171.2
2020-03-18T18:21	86.66501	12.13477	0.283	169.1
2020-03-18T18:31	86.66421	12.13782	0.296	167.5
2020-03-18T18:41	86.66339	12.14115	0.302	166.7
2020-03-18T18:51	86.66255	12.14480	0.312	165.8
2020-03-18T19:01	86.66169	12.14866	0.321	165.4
2020-03-18T19:11	86.66081	12.15291	0.328	164.2
2020-03-18T19:21	86.65992	12.15746	0.337	163.6
2020-03-18T19:31	86.65902	12.16218	0.339	163.0
2020-03-18T19:41	86.65811	12.16694	0.339	162.9
2020-03-18T19:51	86.65720	12.17204	0.345	161.9
2020-03-18T20:01	86.65628	12.17773	0.352	160.2
2020-03-18T20:11	86.65536	12.18345	0.355	160.2
2020-03-18T20:21	86.65443	12.18936	0.357	159.7
2020-03-18T20:31	86.65349	12.19517	0.358	160.0
2020-03-18T20:41	86.65255	12.20108	0.361	159.9
2020-03-18T20:51	86.65159	12.20731	0.369	159.2
2020-03-18T21:01	86.65063	12.21361	0.371	159.1
2020-03-18T21:11	86.64967	12.21992	0.370	159.0
2020-03-18T21:21	86.64870	12.22636	0.376	158.8
2020-03-18T21:31	86.64771	12.23302	0.381	158.4
2020-03-18T21:41	86.64673	12.23977	0.382	158.2
2020-03-18T21:51	86.64575	12.24660	0.381	157.8
2020-03-18T22:01	86.64474	12.25354	0.391	158.0
2020-03-18T22:11	86.64374	12.26032	0.389	158.4
2020-03-18T22:21	86.64274	12.26720	0.389	158.1
2020-03-18T22:31	86.64173	12.27417	0.392	157.9
2020-03-18T22:41	86.64072	12.28130	0.393	157.5
2020-03-18T22:51	86.63971	12.28876	0.397	156.6
2020-03-18T23:01	86.63872	12.29628	0.389	155.9
2020-03-18T23:11	86.63771	12.30410	0.400	155.6
2020-03-18T23:21	86.63670	12.31218	0.402	154.9
2020-03-18T23:31	86.63568	12.32035	0.406	154.9
2020-03-18T23:41	86.63467	12.32864	0.401	154.1
2020-03-18T23:51	86.63366	12.33721	0.407	153.6
2020-03-19T00:01	86.63264	12.34633	0.417	152.4
2020-03-19T00:11	86.63158	12.35619	0.434	151.3
2020-03-19T00:21	86.63050	12.36656	0.446	150.5
2020-03-19T00:31	86.62945	12.37751	0.444	148.6
2020-03-19T00:41	86.62846	12.38852	0.425	146.8
2020-03-19T00:51	86.62738	12.40066	0.465	146.4
2020-03-19T01:01	86.62632	12.41249	0.459	146.9
2020-03-19T01:11	86.62522	12.42432	0.468	147.6
2020-03-19T01:21	86.62410	12.43654	0.478	147.2
2020-03-19T01:31	86.62298	12.44902	0.483	146.7
2020-03-19T01:41	86.62186	12.46171	0.484	146.2
2020-03-19T01:51	86.62074	12.47491	0.492	145.3
2020-03-19T02:01	86.61963	12.48855	0.494	144.1
2020-03-19T02:11	86.61853	12.50284	0.499	142.5
2020-03-19T02:21	86.61742	12.51674	0.497	143.5
2020-03-19T02:31	86.61626	12.53093	0.513	144.0
2020-03-19T02:41	86.61508	12.54568	0.529	143.6
2020-03-19T02:51	86.61385	12.56094	0.548	143.7
2020-03-19T03:01	86.61268	12.57566	0.528	143.6
2020-03-19T03:11	86.61151	12.59118	0.534	141.8
2020-03-19T03:21	86.61037	12.60566	0.512	143.0
2020-03-19T03:31	86.60923	12.62150	0.532	140.6
2020-03-19T03:41	86.60799	12.63694	0.554	143.6
2020-03-19T03:51	86.60680	12.65156	0.531	144.1
2020-03-19T04:01	86.60559	12.66616	0.536	144.5
2020-03-19T04:11	86.60430	12.68165	0.567	144.4
2020-03-19T04:21	86.60302	12.69740	0.572	144.0
2020-03-19T04:31	86.60170	12.71314	0.582	144.7
2020-03-19T04:41	86.60038	12.72893	0.583	144.7
2020-03-19T04:51	86.59903	12.74457	0.588	145.4
2020-03-19T05:01	86.59769	12.76020	0.587	145.3
2020-03-19T05:11	86.59635	12.77569	0.586	145.6
2020-03-19T05:21	86.59500	12.79106	0.586	145.9
2020-03-19T05:31	86.59365	12.80648	0.588	145.9
2020-03-19T05:41	86.59228	12.82141	0.588	147.1
2020-03-19T05:51	86.59092	12.83644	0.585	146.6
2020-03-19T06:01	86.58957	12.85174	0.588	146.2
2020-03-19T06:11	86.58818	12.86648	0.590	147.6
2020-03-19T06:21	86.58682	12.88178	0.591	146.3
2020-03-19T06:31	86.58545	12.89674	0.588	146.9
2020-03-19T06:41	86.58408	12.91112	0.581	147.9
2020-03-19T06:51	86.58269	12.92503	0.582	149.2
2020-03-19T07:01	86.58129	12.93897	0.586	149.3
2020-03-19T07:11	86.57991	12.95301	0.584	148.9
2020-03-19T07:21	86.57851	12.96685	0.584	149.4
2020-03-19T07:31	86.57711	12.98053	0.584	149.7
2020-03-19T07:41	86.57570	12.99427	0.586	149.7
2020-03-19T07:51	86.57429	13.00761	0.585	150.6
2020-03-19T08:01	86.57287	13.02102	0.587	150.5
2020-03-19T08:11	86.57145	13.03431	0.585	150.7
2020-03-19T08:21	86.57003	13.04738	0.584	151.1
2020-03-19T08:31	86.56861	13.06047	0.586	151.2
2020-03-19T08:41	86.56718	13.07341	0.585	151.5
2020-03-19T08:51	86.56575	13.08615	0.584	152.0
2020-03-19T09:01	86.56431	13.09877	0.584	152.2
2020-03-19T09:11	86.56288	13.11132	0.581	152.2
2020-03-19T09:21	86.56147	13.12367	0.574	152.3
2020-03-19T09:31	86.56006	13.13595	0.574	152.5
2020-03-19T09:41	86.55866	13.14786	0.566	152.9
2020-03-19T09:51	86.55725	13.15967	0.567	153.3
2020-03-19T10:01	86.55585	13.17171	0.569	152.8
2020-03-19T10:11	86.55444	13.18373	0.570	152.8
2020-03-19T10:21	86.55302	13.19571	0.575	153.2
2020-03-19T10:31	86.55159	13.20761	0.573	153.3
2020-03-19T10:41	86.55018	13.21941	0.570	153.4
2020-03-19T10:51	86.54876	13.23105	0.571	153.8
2020-03-19T11:01	86.54734	13.24274	0.569	153.6
2020-03-19T11:11	86.54592	13.25446	0.571	153.6
2020-03-19T11:21	86.54450	13.26605	0.571	153.9
2020-03-19T11:31	86.54307	13.27754	0.571	154.1
2020-03-19T11:41	86.54160	13.28919	0.584	154.3
2020-03-19T11:51	86.54014	13.30065	0.583	154.7
2020-03-19T12:01	86.53866	13.31232	0.589	154.5
2020-03-19T12:11	86.53718	13.32406	0.591	154.4
2020-03-19T12:21	86.53570	13.33587	0.593	154.3
2020-03-19T12:31	86.53420	13.34788	0.598	154.1
2020-03-19T12:41	86.53270	13.36002	0.603	154.0
2020-03-19T12:51	86.53119	13.37212	0.604	154.1
2020-03-19T13:01	86.52969	13.38430	0.603	153.9
2020-03-19T13:11	86.52817	13.39668	0.608	153.6
2020-03-19T13:21	86.52664	13.40926	0.615	153.5
2020-03-19T13:31	86.52511	13.42203	0.620	153.3
2020-03-19T13:41	86.52357	13.43499	0.623	153.0
2020-03-19T13:51	86.52204	13.44826	0.622	152.2
2020-03-19T14:01	86.52050	13.46161	0.626	152.3
2020-03-19T14:11	86.51896	13.47524	0.630	151.8
2020-03-19T14:21	86.51741	13.48895	0.633	151.7
2020-03-19T14:31	86.51586	13.50278	0.635	151.5
2020-03-19T14:41	86.51430	13.51679	0.639	151.3
2020-03-19T14:51	86.51274	13.53080	0.641	151.4
2020-03-19T15:01	86.51117	13.54501	0.644	151.1
2020-03-19T15:11	86.50960	13.55931	0.649	151.1
2020-03-19T15:21	86.50800	13.57365	0.654	151.3
2020-03-19T15:31	86.50641	13.58813	0.656	151.0
2020-03-19T15:41	86.50481	13.60263	0.657	151.0
2020-03-19T15:51	86.50322	13.61707	0.656	151.1
2020-03-19T16:01	86.50162	13.63161	0.659	151.0
2020-03-19T16:11	86.50001	13.64625	0.661	150.9
2020-03-19T16:21	86.49841	13.66110	0.664	150.5
2020-03-19T16:31	86.49680	13.67579	0.662	150.8
2020-03-19T16:41	86.49518	13.69048	0.667	151.0
2020-03-19T16:51	86.49357	13.70516	0.664	150.9
2020-03-19T17:01	86.49195	13.71988	0.667	150.9
2020-03-19T17:11	86.49031	13.73474	0.676	151.0
2020-03-19T17:21	86.48866	13.74954	0.676	151.2
2020-03-19T17:31	86.48701	13.76440	0.678	151.1
2020-03-19T17:41	86.48536	13.77906	0.677	151.4
2020-03-19T17:51	86.48373	13.79367	0.672	151.3
2020-03-19T18:01	86.48210	13.80823	0.668	151.2
2020-03-19T18:11	86.48045	13.82268	0.674	151.7
2020-03-19T18:21	86.47878	13.83701	0.681	152.2
2020-03-19T18:31	86.47711	13.85139	0.679	152.0
2020-03-19T18:41	86.47545	13.86548	0.675	152.5
2020-03-19T18:51	86.47379	13.87951	0.674	152.5
2020-03-19T19:01	86.47212	13.89354	0.678	152.7
2020-03-19T19:11	86.47045	13.90733	0.673	153.0
2020-03-19T19:21	86.46879	13.92111	0.672	153.0
2020-03-19T19:31	86.46712	13.93480	0.674	153.2
2020-03-19T19:41	86.46544	13.94839	0.675	153.4
2020-03-19T19:51	86.46378	13.96204	0.669	153.1
2020-03-19T20:01	86.46212	13.97569	0.670	153.1
2020-03-19T20:11	86.46047	13.98936	0.667	152.9
2020-03-19T20:21	86.45884	14.00296	0.662	152.8
2020-03-19T20:31	86.45721	14.01665	0.661	152.5
2020-03-19T20:41	86.45561	14.03011	0.650	152.5
2020-03-19T20:51	86.45400	14.04374	0.654	152.3
2020-03-19T21:01	86.45240	14.05729	0.650	152.3
2020-03-19T21:11	86.45081	14.07064	0.644	152.5
2020-03-19T21:21	86.44923	14.08410	0.645	152.3
2020-03-19T21:31	86.44765	14.09755	0.642	152.2
2020-03-19T21:41	86.44606	14.11080	0.643	152.6
2020-03-19T21:51	86.44448	14.12371	0.638	153.1
2020-03-19T22:01	86.44291	14.13667	0.635	152.9
2020-03-19T22:11	86.44135	14.14938	0.630	153.2
2020-03-19T22:21	86.43979	14.16205	0.629	153.2
2020-03-19T22:31	86.43824	14.17442	0.624	153.7
2020-03-19T22:41	86.43670	14.18656	0.615	153.8
2020-03-19T22:51	86.43517	14.19847	0.613	154.2
2020-03-19T23:01	86.43367	14.21018	0.602	154.1
2020-03-19T23:11	86.43215	14.22174	0.604	154.6
2020-03-19T23:21	86.43064	14.23321	0.600	154.6
2020-03-19T23:31	86.42913	14.24447	0.600	155.1
2020-03-19T23:41	86.42764	14.25572	0.596	154.9
2020-03-19T23:51	86.42613	14.26706	0.597	154.8
2020-03-20T00:01	86.42465	14.27811	0.590	155.1
2020-03-20T00:11	86.42316	14.28920	0.589	155.0
2020-03-20T00:21	86.42169	14.30025	0.587	155.0
2020-03-20T00:31	86.42022	14.31139	0.585	154.6
2020-03-20T00:41	86.41876	14.32243	0.580	154.7
2020-03-20T00:51	86.41732	14.33342	0.576	154.6
2020-03-20T01:01	86.41587	14.34440	0.575	154.5
2020-03-20T01:11	86.41445	14.35531	0.570	154.5
2020-03-20T01:21	86.41301	14.36614	0.570	154.7
2020-03-20T01:31	86.41159	14.37698	0.568	154.5
2020-03-20T01:41	86.41018	14.38796	0.565	154.0
2020-03-20T01:51	86.40877	14.39887	0.565	154.2
2020-03-20T02:01	86.40735	14.40978	0.568	154.3
2020-03-20T02:11	86.40594	14.42032	0.559	154.8
2020-03-20T02:21	86.40453	14.43119	0.563	154.2
2020-03-20T02:31	86.40314	14.44194	0.556	154.1
2020-03-20T02:41	86.40175	14.45244	0.554	154.6
2020-03-20T02:51	86.40036	14.46258	0.553	155.5
2020-03-20T03:01	86.39899	14.47239	0.541	155.8
2020-03-20T03:11	86.39759	14.48249	0.552	155.5
2020-03-20T03:21	86.39616	14.49275	0.564	155.7
2020-03-20T03:31	86.39476	14.50242	0.550	156.5
2020-03-20T03:41	86.39336	14.51203	0.549	156.6
2020-03-20T03:51	86.39197	14.52159	0.548	156.7
2020-03-20T04:01	86.39061	14.53080	0.532	156.9
2020-03-20T04:11	86.38923	14.54011	0.540	157.0
2020-03-20T04:21	86.38779	14.54930	0.558	158.0
2020-03-20T04:31	86.38638	14.55790	0.544	159.0
2020-03-20T04:41	86.38496	14.56622	0.545	159.7
2020-03-20T04:51	86.38352	14.57476	0.555	159.6
2020-03-20T05:01	86.38206	14.58274	0.555	160.9
2020-03-20T05:11	86.38064	14.59045	0.541	161.1
2020-03-20T05:21	86.37923	14.59851	0.541	160.2
2020-03-20T05:31	86.37783	14.60624	0.534	160.8
2020-03-20T05:41	86.37643	14.61374	0.530	161.2
2020-03-20T05:51	86.37501	14.62125	0.541	161.6
2020-03-20T06:01	86.37359	14.62841	0.538	162.4
2020-03-20T06:11	86.37216	14.63541	0.537	162.7
2020-03-20T06:21	86.37077	14.64230	0.526	162.7
2020-03-20T06:31	86.36939	14.64913	0.520	162.6
2020-03-20T06:41	86.36803	14.65588	0.512	162.5
2020-03-20T06:51	86.36671	14.66351	0.507	159.9
2020-03-20T07:01	86.36539	14.67047	0.501	161.5
2020-03-20T07:11	86.36406	14.67695	0.503	162.9
2020-03-20T07:21	86.36272	14.68317	0.503	163.6
2020-03-20T07:31	86.36134	14.68958	0.516	163.5
2020-03-20T07:41	86.36006	14.69591	0.486	162.7
2020-03-20T07:51	86.35879	14.70194	0.477	163.2
2020-03-20T08:01	86.35751	14.70798	0.480	163.3
2020-03-20T08:11	86.35623	14.71369	0.479	164.2
2020-03-20T08:21	86.35496	14.71936	0.477	164.2
2020-03-20T08:31	86.35369	14.72437	0.470	165.9
2020-03-20T08:41	86.35245	14.72961	0.462	165.0
2020-03-20T08:51	86.35119	14.73402	0.466	167.5
2020-03-20T09:01	86.34992	14.73827	0.467	168.0
2020-03-20T09:11	86.34867	14.74251	0.461	167.8
2020-03-20T09:21	86.34741	14.74625	0.461	169.3
2020-03-20T09:31	86.34619	14.75067	0.449	166.9
2020-03-20T09:41	86.34501	14.75511	0.440	166.6
2020-03-20T09:51	86.34382	14.75934	0.437	167.2
2020-03-20T10:01	86.34264	14.76289	0.432	169.1
2020-03-20T10:11	86.34147	14.76612	0.428	170.0
2020-03-20T10:21	86.34032	14.76920	0.420	170.3
2020-03-20T10:31	86.33918	14.77194	0.415	171.3
2020-03-20T10:41	86.33805	14.77488	0.413	170.6
2020-03-20T10:51	86.33693	14.77751	0.408	171.5
2020-03-20T11:01	86.33583	14.78034	0.402	170.7
2020-03-20T11:11	86.33474	14.78282	0.396	171.7
2020-03-20T11:21	86.33367	14.78528	0.391	171.7
2020-03-20T11:31	86.33263	14.78711	0.374	173.5
2020-03-20T11:41	86.33162	14.78880	0.367	173.9
2020-03-20T11:51	86.33063	14.79038	0.359	174.2
2020-03-20T12:01	86.32966	14.79173	0.352	174.9
2020-03-20T12:11	86.32871	14.79306	0.342	174.9
2020-03-20T12:21	86.32778	14.79435	0.336	174.9
2020-03-20T12:31	86.32686	14.79573	0.332	174.5
2020-03-20T12:41	86.32599	14.79728	0.314	173.4
2020-03-20T12:51	86.32514	14.79867	0.311	174.1
2020-03-20T13:01	86.32429	14.79987	0.306	174.8
2020-03-20T13:11	86.32344	14.80115	0.308	174.5
2020-03-20T13:21	86.32262	14.80268	0.298	173.2
2020-03-20T13:31	86.32182	14.80431	0.287	172.4
2020-03-20T13:41	86.32102	14.80580	0.291	173.2
2020-03-20T13:51	86.32023	14.80684	0.286	175.2
2020-03-20T14:01	86.31944	14.80790	0.284	175.1
2020-03-20T14:11	86.31867	14.80907	0.279	174.5
2020-03-20T14:21	86.31790	14.80983	0.277	176.4
2020-03-20T14:31	86.31714	14.81132	0.276	172.8
2020-03-20T14:41	86.31637	14.81306	0.280	171.7
2020-03-20T14:51	86.31561	14.81487	0.275	171.2
2020-03-20T15:01	86.31488	14.81674	0.270	170.8
2020-03-20T15:11	86.31415	14.81816	0.262	172.8
2020-03-20T15:21	86.31344	14.81949	0.258	173.2
2020-03-20T15:31	86.31273	14.82085	0.258	173.0
2020-03-20T15:41	86.31203	14.82203	0.252	173.8
2020-03-20T15:51	86.31135	14.82347	0.248	172.3
2020-03-20T16:01	86.31066	14.82503	0.250	171.7
2020-03-20T16:11	86.30997	14.82674	0.253	171.0
2020-03-20T16:21	86.30925	14.82856	0.264	170.8
2020-03-20T16:31	86.30853	14.83049	0.262	170.2
2020-03-20T16:41	86.30781	14.83254	0.262	169.6
2020-03-20T16:51	86.30711	14.83464	0.259	169.2
2020-03-20T17:01	86.30640	14.83684	0.259	168.6
2020-03-20T17:11	86.30570	14.83921	0.258	167.7
2020-03-20T17:21	86.30498	14.84147	0.264	168.6
2020-03-20T17:31	86.30425	14.84409	0.271	167.0
2020-03-20T17:41	86.30352	14.84681	0.272	166.6
2020-03-20T17:51	86.30278	14.84958	0.273	166.3
2020-03-20T18:01	86.30203	14.85255	0.277	165.6
2020-03-20T18:11	86.30130	14.85568	0.273	164.6
2020-03-20T18:21	86.30056	14.85906	0.279	163.7
2020-03-20T18:31	86.29983	14.86224	0.271	164.2
2020-03-20T18:41	86.29913	14.86514	0.262	165.1
2020-03-20T18:51	86.29843	14.86819	0.262	164.3
2020-03-20T19:01	86.29771	14.87164	0.272	162.8
2020-03-20T19:11	86.29700	14.87539	0.269	161.1
2020-03-20T19:21	86.29628	14.87874	0.270	163.2
2020-03-20T19:31	86.29555	14.88253	0.280	161.7
2020-03-20T19:41	86.29480	14.88641	0.283	161.4
2020-03-20T19:51	86.29406	14.88999	0.278	162.5
2020-03-20T20:01	86.29338	14.89337	0.259	162.3
2020-03-20T20:11	86.29267	14.89680	0.268	162.7
2020-03-20T20:21	86.29194	14.90041	0.274	162.1
2020-03-20T20:31	86.29124	14.90405	0.267	161.5
2020-03-20T20:41	86.29054	14.90784	0.266	160.6
2020-03-20T20:51	86.28986	14.91163	0.261	160.2
2020-03-20T21:01	86.28916	14.91532	0.266	161.2
2020-03-20T21:11	86.28850	14.91948	0.257	157.9
2020-03-20T21:21	86.28787	14.92379	0.246	156.0
2020-03-20T21:31	86.28725	14.92823	0.247	155.2
2020-03-20T21:41	86.28658	14.93366	0.272	152.2
2020-03-20T21:51	86.28604	14.94541	0.337	125.6
2020-03-20T22:01	86.28541	14.94985	0.250	155.6
2020-03-20T22:11	86.28478	14.95439	0.250	154.9
2020-03-20T22:21	86.28415	14.95879	0.247	155.4
2020-03-20T22:31	86.28354	14.96294	0.241	156.4
2020-03-20T22:41	86.28292	14.96640	0.237	160.1
2020-03-20T22:51	86.28235	14.97052	0.227	154.9
2020-03-20T23:01	86.28175	14.97384	0.228	160.1
2020-03-20T23:11	86.28122	14.97736	0.210	156.9
2020-03-20T23:21	86.28068	14.98110	0.212	155.7
2020-03-20T23:31	86.28018	14.98476	0.198	154.4
2020-03-20T23:41	86.27971	14.98859	0.192	152.2
2020-03-20T23:51	86.27926	14.99226	0.184	152.2
2020-03-21T00:01	86.27881	14.99590	0.183	152.4
2020-03-21T00:11	86.27839	14.99970	0.175	149.5
2020-03-21T00:21	86.27797	15.00369	0.178	148.4
2020-03-21T00:31	86.27755	15.00722	0.172	151.4
2020-03-21T00:41	86.27714	15.01090	0.169	149.5
2020-03-21T00:51	86.27677	15.01446	0.158	148.1
2020-03-21T01:01	86.27641	15.01795	0.154	148.1
2020-03-21T01:11	86.27605	15.02114	0.148	149.7
2020-03-21T01:21	86.27572	15.02450	0.145	147.1
2020-03-21T01:31	86.27540	15.02800	0.139	144.0
2020-03-21T01:41	86.27511	15.03132	0.131	143.8
2020-03-21T01:51	86.27481	15.03458	0.131	144.3
2020-03-21T02:01	86.27451	15.03778	0.131	145.2
2020-03-21T02:11	86.27424	15.04102	0.125	142.7
2020-03-21T02:21	86.27394	15.04428	0.133	145.0
2020-03-21T02:31	86.27365	15.04714	0.124	147.2
2020-03-21T02:41	86.27338	15.04972	0.114	148.1
2020-03-21T02:51	86.27311	15.05270	0.118	143.8
2020-03-21T03:01	86.27283	15.05579	0.126	144.9
2020-03-21T03:11	86.27253	15.05958	0.139	140.2
2020-03-21T03:21	86.27224	15.06348	0.140	139.2
2020-03-21T03:31	86.27195	15.06667	0.128	144.2
2020-03-21T03:41	86.27161	15.06884	0.132	157.4
2020-03-21T03:51	86.27130	15.07150	0.131	151.5
2020-03-21T04:01	86.27103	15.07489	0.123	139.9
2020-03-21T04:11	86.27076	15.07875	0.135	137.8
2020-03-21T04:21	86.27047	15.08257	0.136	138.9
2020-03-21T04:31	86.27017	15.08627	0.138	141.0
2020-03-21T04:41	86.26986	15.09014	0.145	141.3
2020-03-21T04:51	86.26956	15.09351	0.135	144.0
2020-03-21T05:01	86.26924	15.09739	0.147	141.8
2020-03-21T05:11	86.26892	15.10150	0.150	140.1
2020-03-21T05:21	86.26860	15.10564	0.150	139.8
2020-03-21T05:31	86.26828	15.10976	0.150	139.9
2020-03-21T05:41	86.26797	15.11355	0.143	141.8
2020-03-21T05:51	86.26764	15.11710	0.144	144.6
2020-03-21T06:01	86.26729	15.11979	0.142	153.8
2020-03-21T06:11	86.26696	15.12278	0.135	148.9
2020-03-21T06:21	86.26658	15.12588	0.156	152.3
2020-03-21T06:31	86.26623	15.12970	0.154	144.5
2020-03-21T06:41	86.26590	15.13364	0.152	142.6
2020-03-21T06:51	86.26554	15.13753	0.157	144.4
2020-03-21T07:01	86.26518	15.14134	0.159	145.9
2020-03-21T07:11	86.26476	15.14469	0.169	152.2
2020-03-21T07:21	86.26441	15.14736	0.142	153.9
2020-03-21T07:31	86.26403	15.15025	0.152	153.5
2020-03-21T07:41	86.26368	15.15379	0.149	146.2
2020-03-21T07:51	86.26332	15.15752	0.157	146.0
2020-03-21T08:01	86.26297	15.16116	0.155	146.5
2020-03-21T08:11	86.26263	15.16503	0.150	142.8
2020-03-21T08:21	86.26231	15.16908	0.150	140.6
2020-03-21T08:31	86.26200	15.17308	0.146	140.1
2020-03-21T08:41	86.26171	15.17736	0.146	136.5
2020-03-21T08:51	86.26142	15.18156	0.144	136.6
2020-03-21T09:01	86.26114	15.18581	0.141	135.1
2020-03-21T09:11	86.26087	15.18998	0.138	134.9
2020-03-21T09:21	86.26060	15.19416	0.138	134.7
2020-03-21T09:31	86.26034	15.19832	0.136	133.9
2020-03-21T09:41	86.26008	15.20243	0.135	134.3
2020-03-21T09:51	86.25979	15.20643	0.138	137.1
2020-03-21T10:01	86.25952	15.21025	0.134	137.9
2020-03-21T10:11	86.25926	15.21396	0.127	136.5
2020-03-21T10:21	86.25900	15.21755	0.128	138.7
2020-03-21T10:31	86.25872	15.22106	0.129	140.3
2020-03-21T10:41	86.25846	15.22453	0.125	139.2
2020-03-21T10:51	86.25820	15.22811	0.126	138.2
2020-03-21T11:01	86.25795	15.23205	0.128	133.7
2020-03-21T11:11	86.25772	15.23563	0.120	135.2
2020-03-21T11:21	86.25749	15.23940	0.119	132.1
2020-03-21T11:31	86.25725	15.24301	0.122	135.8
2020-03-21T11:41	86.25700	15.24652	0.122	137.3
2020-03-21T11:51	86.25676	15.24979	0.116	138.4
2020-03-21T12:01	86.25653	15.25315	0.115	136.6
2020-03-21T12:11	86.25631	15.25679	0.117	133.0
2020-03-21T12:21	86.25610	15.26069	0.118	129.3
2020-03-21T12:31	86.25588	15.26473	0.123	129.5
2020-03-21T12:41	86.25569	15.26887	0.118	124.7
2020-03-21T12:51	86.25552	15.27309	0.118	122.6
2020-03-21T13:01	86.25534	15.27710	0.114	124.2
2020-03-21T13:11	86.25514	15.28126	0.121	125.9
2020-03-21T13:21	86.25495	15.28530	0.118	126.3
2020-03-21T13:31	86.25477	15.28949	0.117	122.6
2020-03-21T13:41	86.25460	15.29389	0.120	120.6
2020-03-21T13:51	86.25444	15.29847	0.123	118.7
2020-03-21T14:01	86.25427	15.30280	0.119	121.4
2020-03-21T14:11	86.25409	15.30723	0.122	121.1
2020-03-21T14:21	86.25391	15.31178	0.126	121.7
2020-03-21T14:31	86.25372	15.31642	0.129	122.5
2020-03-21T14:41	86.25351	15.32101	0.131	124.5
2020-03-21T14:51	86.25330	15.32576	0.136	124.6
2020-03-21T15:01	86.25308	15.33042	0.135	125.5
2020-03-21T15:11	86.25286	15.33515	0.137	125.5
2020-03-21T15:21	86.25263	15.33984	0.138	126.9
2020-03-21T15:31	86.25238	15.34444	0.140	129.1
2020-03-21T15:41	86.25214	15.34897	0.138	129.5
2020-03-21T15:51	86.25190	15.35341	0.135	129.1
2020-03-21T16:01	86.25167	15.35789	0.136	129.1
2020-03-21T16:11	86.25141	15.36250	0.142	130.1
2020-03-21T16:21	86.25114	15.36693	0.142	132.8
2020-03-21T16:31	86.25087	15.37150	0.146	132.7
2020-03-21T16:41	86.25058	15.37597	0.147	134.3
2020-03-21T16:51	86.25029	15.38033	0.146	135.2
2020-03-21T17:01	86.25001	15.38468	0.145	135.2
2020-03-21T17:11	86.24972	15.38893	0.144	135.8
2020-03-21T17:21	86.24943	15.39328	0.146	135.6
2020-03-21T17:31	86.24914	15.39755	0.146	136.6
2020-03-21T17:41	86.24883	15.40187	0.149	137.0
2020-03-21T17:51	86.24853	15.40594	0.144	138.3
2020-03-21T18:01	86.24823	15.41006	0.146	138.6
2020-03-21T18:11	86.24793	15.41424	0.147	137.9
2020-03-21T18:21	86.24761	15.41850	0.151	138.3
2020-03-21T18:31	86.24731	15.42267	0.148	138.5
2020-03-21T18:41	86.24700	15.42685	0.149	138.5
2020-03-21T18:51	86.24669	15.43086	0.146	139.7
2020-03-21T19:01	86.24638	15.43485	0.146	139.8
2020-03-21T19:11	86.24607	15.43886	0.145	139.5
2020-03-21T19:21	86.24576	15.44277	0.144	140.0
2020-03-21T19:31	86.24546	15.44667	0.143	139.9
2020-03-21T19:41	86.24515	15.45054	0.144	140.5
2020-03-21T19:51	86.24485	15.45450	0.144	139.5
2020-03-21T20:01	86.24455	15.45839	0.143	139.9
2020-03-21T20:11	86.24424	15.46219	0.141	140.5
2020-03-21T20:21	86.24395	15.46593	0.139	140.7
2020-03-21T20:31	86.24364	15.46984	0.144	140.1
2020-03-21T20:41	86.24336	15.47332	0.130	140.9
2020-03-21T20:51	86.24308	15.47693	0.133	140.1
2020-03-21T21:01	86.24280	15.48062	0.133	139.2
2020-03-21T21:11	86.24250	15.48433	0.137	140.1
2020-03-21T21:21	86.24224	15.48820	0.132	136.3
2020-03-21T21:31	86.24196	15.49186	0.134	139.8
2020-03-21T21:41	86.24168	15.49559	0.132	138.3
2020-03-21T21:51	86.24141	15.49924	0.130	138.7
2020-03-21T22:01	86.24114	15.50304	0.133	137.4
2020-03-21T22:11	86.24087	15.50685	0.131	136.7
2020-03-21T22:21	86.24061	15.51044	0.126	137.8
2020-03-21T22:31	86.24036	15.51405	0.125	136.9
2020-03-21T22:41	86.24011	15.51762	0.123	136.8
2020-03-21T22:51	86.23985	15.52139	0.129	136.2
2020-03-21T23:01	86.23962	15.52488	0.119	136.3
2020-03-21T23:11	86.23938	15.52848	0.121	135.2
2020-03-21T23:21	86.23914	15.53203	0.119	135.1
2020-03-21T23:31	86.23891	15.53554	0.117	135.2
2020-03-21T23:41	86.23868	15.53897	0.116	135.9
2020-03-21T23:51	86.23845	15.54237	0.114	135.4
2020-03-22T00:01	86.23823	15.54577	0.115	135.4
2020-03-22T00:11	86.23800	15.54927	0.117	135.0
2020-03-22T00:21	86.23777	15.55263	0.113	135.7
2020-03-22T00:31	86.23756	15.55581	0.108	136.1
2020-03-22T00:41	86.23734	15.55908	0.110	135.2
2020-03-22T00:51	86.23712	15.56235	0.110	135.4
2020-03-22T01:01	86.23691	15.56557	0.108	135.4
2020-03-22T01:11	86.23668	15.56894	0.113	135.1
2020-03-22T01:21	86.23648	15.57219	0.108	134.5
2020-03-22T01:31	86.23627	15.57542	0.107	134.2
2020-03-22T01:41	86.23606	15.57868	0.107	134.0
2020-03-22T01:51	86.23586	15.58180	0.103	134.5
2020-03-22T02:01	86.23566	15.58498	0.104	133.6
2020-03-22T02:11	86.23546	15.58820	0.105	133.3
2020-03-22T02:21	86.23527	15.59147	0.104	131.8
2020-03-22T02:31	86.23508	15.59457	0.101	133.3
2020-03-22T02:41	86.23489	15.59771	0.100	132.0
2020-03-22T02:51	86.23470	15.60089	0.102	132.7
2020-03-22T03:01	86.23451	15.60407	0.101	131.8
2020-03-22T03:11	86.23433	15.60724	0.099	130.9
2020-03-22T03:21	86.23415	15.61040	0.099	130.9
2020-03-22T03:31	86.23397	15.61372	0.102	129.6
2020-03-22T03:41	86.23380	15.61686	0.097	130.0
2020-03-22T03:51	86.23363	15.62011	0.099	129.1
2020-03-22T04:01	86.23348	15.62333	0.094	125.4
2020-03-22T04:11	86.23334	15.62674	0.094	120.7
2020-03-22T04:21	86.23320	15.63016	0.096	122.4
2020-03-22T04:31	86.23305	15.63341	0.094	125.2
2020-03-22T04:41	86.23289	15.63653	0.094	128.8
2020-03-22T04:51	86.23273	15.63966	0.092	126.8
2020-03-22T05:01	86.23256	15.64282	0.097	129.3
2020-03-22T05:11	86.23241	15.64552	0.085	131.4
2020-03-22T05:21	86.23224	15.64835	0.090	131.9
2020-03-22T05:31	86.23207	15.65100	0.088	134.6
2020-03-22T05:41	86.23189	15.65348	0.086	137.0
2020-03-22T05:51	86.23172	15.65581	0.083	138.3
2020-03-22T06:01	86.23154	15.65823	0.088	139.1
2020-03-22T06:11	86.23137	15.66057	0.081	137.1
2020-03-22T06:21	86.23120	15.66288	0.083	138.8
2020-03-22T06:31	86.23102	15.66520	0.083	138.6
2020-03-22T06:41	86.23085	15.66744	0.081	139.3
2020-03-22T06:51	86.23069	15.66964	0.080	139.1
2020-03-22T07:01	86.23052	15.67173	0.077	140.1
2020-03-22T07:11	86.23035	15.67395	0.082	139.8
2020-03-22T07:21	86.23020	15.67580	0.069	140.4
2020-03-22T07:31	86.23004	15.67790	0.076	139.1
2020-03-22T07:41	86.22989	15.67974	0.070	141.7
2020-03-22T07:51	86.22973	15.68160	0.072	142.0
2020-03-22T08:01	86.22958	15.68339	0.071	143.3
2020-03-22T08:11	86.22943	15.68507	0.067	143.5
2020-03-22T08:21	86.22928	15.68673	0.066	143.3
2020-03-22T08:31	86.22913	15.68832	0.065	144.8
2020-03-22T08:41	86.22899	15.69016	0.066	138.8
2020-03-22T08:51	86.22886	15.69171	0.060	141.9
2020-03-22T09:01	86.22873	15.69349	0.063	138.1
2020-03-22T09:11	86.22861	15.69514	0.060	138.9
2020-03-22T09:21	86.22849	15.69682	0.058	136.6
2020-03-22T09:31	86.22837	15.69847	0.058	137.9
2020-03-22T09:41	86.22826	15.70010	0.056	136.8
2020-03-22T09:51	86.22814	15.70178	0.058	136.2
2020-03-22T10:01	86.22804	15.70344	0.053	132.5
2020-03-22T10:11	86.22793	15.70515	0.056	133.8
2020-03-22T10:21	86.22784	15.70675	0.052	133.1
2020-03-22T10:31	86.22774	15.70841	0.053	132.0
2020-03-22T10:41	86.22764	15.71001	0.051	131.9
2020-03-22T10:51	86.22756	15.71164	0.050	128.8
2020-03-22T11:01	86.22747	15.71332	0.052	129.7
2020-03-22T11:11	86.22738	15.71509	0.052	125.9
2020-03-22T11:21	86.22730	15.71665	0.047	128.8
2020-03-22T11:31	86.22722	15.71836	0.050	125.0
2020-03-22T11:41	86.22715	15.71992	0.044	122.9
2020-03-22T11:51	86.22707	15.72167	0.051	124.8
2020-03-22T12:01	86.22700	15.72337	0.047	121.7
2020-03-22T12:11	86.22693	15.72517	0.050	120.6
2020-03-22T12:21	86.22686	15.72704	0.051	120.5
2020-03-22T12:31	86.22679	15.72890	0.050	118.5
2020-03-22T12:41	86.22673	15.73068	0.048	118.9
2020-03-22T12:51	86.22667	15.73257	0.050	116.6
2020-03-22T13:01	86.22661	15.73458	0.053	115.2
2020-03-22T13:11	86.22655	15.73646	0.048	113.1
2020-03-22T13:21	86.22649	15.73852	0.054	114.4
2020-03-22T13:31	86.22644	15.74059	0.053	111.5
2020-03-22T13:41	86.22639	15.74290	0.058	108.8
2020-03-22T13:51	86.22634	15.74512	0.056	109.3
2020-03-22T14:01	86.22628	15.74734	0.057	111.8
2020-03-22T14:11	86.22622	15.74954	0.056	110.8
2020-03-22T14:21	86.22617	15.75175	0.055	109.5
2020-03-22T14:31	86.22612	15.75386	0.053	109.6
2020-03-22T14:41	86.22607	15.75598	0.054	111.4
2020-03-22T14:51	86.22602	15.75813	0.054	108.0
2020-03-22T15:01	86.22597	15.76054	0.060	107.7
2020-03-22T15:11	86.22592	15.76296	0.059	105.7
2020-03-22T15:21	86.22587	15.76555	0.065	109.0
2020-03-22T15:31	86.22581	15.76811	0.064	109.3
2020-03-22T15:41	86.22575	15.77073	0.065	107.5
2020-03-22T15:51	86.22571	15.77337	0.065	103.8
2020-03-22T16:01	86.22566	15.77599	0.064	105.7
2020-03-22T16:11	86.22559	15.77877	0.070	110.1
2020-03-22T16:21	86.22554	15.78149	0.067	106.0
2020-03-22T16:31	86.22548	15.78399	0.063	110.6
2020-03-22T16:41	86.22542	15.78655	0.065	110.7
2020-03-22T16:51	86.22535	15.78903	0.064	113.8
2020-03-22T17:01	86.22527	15.79167	0.068	113.1
2020-03-22T17:11	86.22520	15.79399	0.060	114.0
2020-03-22T17:21	86.22515	15.79575	0.046	114.5
2020-03-22T17:31	86.22508	15.79773	0.054	119.5
2020-03-22T17:41	86.22501	15.79975	0.053	115.9
2020-03-22T17:51	86.22495	15.80159	0.049	117.6
2020-03-22T18:01	86.22492	15.80333	0.043	105.6
2020-03-22T18:11	86.22488	15.80526	0.048	106.7
2020-03-22T18:21	86.22482	15.80701	0.047	118.4
2020-03-22T18:31	86.22474	15.80873	0.050	125.2
2020-03-22T18:41	86.22466	15.81024	0.046	128.5
2020-03-22T18:51	86.22456	15.81162	0.047	135.4
2020-03-22T19:01	86.22448	15.81308	0.047	132.7
2020-03-22T19:11	86.22438	15.81454	0.049	134.6
2020-03-22T19:21	86.22428	15.81600	0.050	135.7
2020-03-22T19:31	86.22417	15.81733	0.051	142.0
2020-03-22T19:41	86.22407	15.81843	0.046	145.2
2020-03-22T19:51	86.22397	15.81927	0.039	149.3
2020-03-22T20:01	86.22387	15.82049	0.048	143.0
2020-03-22T20:11	86.22376	15.82160	0.047	145.9
2020-03-22T20:21	86.22364	15.82271	0.050	148.2
2020-03-22T20:31	86.22352	15.82374	0.051	151.5
2020-03-22T20:41	86.22341	15.82452	0.044	154.8
2020-03-22T20:51	86.22331	15.82523	0.038	153.9
2020-03-22T21:01	86.22320	15.82610	0.045	152.8
2020-03-22T21:11	86.22306	15.82693	0.053	158.3
2020-03-22T21:21	86.22294	15.82763	0.048	159.9
2020-03-22T21:31	86.22282	15.82800	0.042	168.1
2020-03-22T21:41	86.22271	15.82777	0.042	187.4
2020-03-22T21:51	86.22257	15.82767	0.049	182.6
2020-03-22T22:01	86.22245	15.82811	0.046	167.2
2020-03-22T22:11	86.22231	15.82862	0.050	165.9
2020-03-22T22:21	86.22216	15.82888	0.054	173.6
2020-03-22T22:31	86.22201	15.82929	0.057	170.0
2020-03-22T22:41	86.22184	15.82970	0.059	170.7
2020-03-22T22:51	86.22168	15.82996	0.061	174.1
2020-03-22T23:01	86.22151	15.83013	0.059	176.0
2020-03-22T23:11	86.22136	15.83038	0.056	173.9
2020-03-22T23:21	86.22121	15.83064	0.054	173.4
2020-03-22T23:31	86.22105	15.83095	0.058	172.8
2020-03-22T23:41	86.22091	15.83109	0.051	176.3
2020-03-22T23:51	86.22076	15.83127	0.054	175.6
2020-03-23T00:01	86.22061	15.83142	0.054	176.2
2020-03-23T00:11	86.22046	15.83169	0.052	173.1
2020-03-23T00:21	86.22032	15.83185	0.052	175.8
2020-03-23T00:31	86.22019	15.83200	0.048	175.7
2020-03-23T00:41	86.22006	15.83179	0.047	186.0
2020-03-23T00:51	86.21993	15.83094	0.051	203.0
2020-03-23T01:01	86.21980	15.83033	0.048	197.6
2020-03-23T01:11	86.21967	15.83005	0.047	188.1
2020-03-23T01:21	86.21953	15.83007	0.051	179.3
2020-03-23T01:31	86.21942	15.83005	0.039	180.8
2020-03-23T01:41	86.21930	15.82955	0.044	195.9
2020-03-23T01:51	86.21917	15.82911	0.048	192.3
2020-03-23T02:01	86.21906	15.82811	0.047	210.3
2020-03-23T02:11	86.21893	15.82699	0.053	209.8
2020-03-23T02:21	86.21880	15.82666	0.047	189.8
2020-03-23T02:31	86.21867	15.82653	0.049	183.6
2020-03-23T02:41	86.21855	15.82650	0.043	180.7
2020-03-23T02:51	86.21844	15.82642	0.038	182.9
2020-03-23T03:01	86.21832	15.82652	0.044	177.1
2020-03-23T03:11	86.21819	15.82589	0.050	197.5
2020-03-23T03:21	86.21804	15.82544	0.054	191.2
2020-03-23T03:31	86.21792	15.82603	0.046	162.4
2020-03-23T03:41	86.21778	15.82656	0.052	166.2
2020-03-23T03:51	86.21767	15.82659	0.037	178.7
2020-03-23T04:01	86.21755	15.82612	0.045	194.4
2020-03-23T04:11	86.21743	15.82579	0.044	190.2
2020-03-23T04:21	86.21725	15.82574	0.066	181.1
2020-03-23T04:31	86.21706	15.82523	0.069	190.1
2020-03-23T04:41	86.21692	15.82515	0.050	182.2
2020-03-23T04:51	86.21678	15.82425	0.056	202.5
2020-03-23T05:01	86.21662	15.82408	0.056	184.1
2020-03-23T05:11	86.21650	15.82303	0.049	210.4
2020-03-23T05:21	86.21641	15.82129	0.054	229.5
2020-03-23T05:31	86.21629	15.81931	0.062	229.6
2020-03-23T05:41	86.21619	15.81821	0.046	214.7
2020-03-23T05:51	86.21607	15.81782	0.044	191.8
2020-03-23T06:01	86.21595	15.81700	0.046	205.3
2020-03-23T06:11	86.21583	15.81636	0.049	198.2
2020-03-23T06:21	86.21569	15.81663	0.051	172.7
2020-03-23T06:31	86.21555	15.81690	0.048	172.4
2020-03-23T06:41	86.21542	15.81717	0.050	172.8
2020-03-23T06:51	86.21527	15.81755	0.051	169.9
2020-03-23T07:01	86.21514	15.81775	0.050	174.3
2020-03-23T07:11	86.21499	15.81776	0.052	179.9
2020-03-23T07:21	86.21485	15.81756	0.053	185.2
2020-03-23T07:31	86.21470	15.81778	0.051	174.1
2020-03-23T07:41	86.21456	15.81757	0.054	185.3
2020-03-23T07:51	86.21441	15.81657	0.056	205.0
2020-03-23T08:01	86.21426	15.81571	0.059	200.3
2020-03-23T08:11	86.21413	15.81465	0.054	207.6
2020-03-23T08:21	86.21398	15.81328	0.061	212.5
2020-03-23T08:31	86.21385	15.81255	0.053	199.2
2020-03-23T08:41	86.21369	15.81216	0.055	189.6
2020-03-23T08:51	86.21356	15.81230	0.049	176.3
2020-03-23T09:01	86.21342	15.81260	0.051	172.0
2020-03-23T09:11	86.21328	15.81270	0.051	177.2
2020-03-23T09:21	86.21314	15.81273	0.050	179.2
2020-03-23T09:31	86.21300	15.81281	0.051	178.0
2020-03-23T09:41	86.21285	15.81284	0.054	179.2
2020-03-23T09:51	86.21272	15.81291	0.046	177.8
2020-03-23T10:01	86.21259	15.81271	0.045	185.9
2020-03-23T10:11	86.21246	15.81267	0.049	181.2
2020-03-23T10:21	86.21233	15.81259	0.045	182.3
2020-03-23T10:31	86.21220	15.81254	0.048	181.5
2020-03-23T10:41	86.21206	15.81246	0.050	182.2
2020-03-23T10:51	86.21192	15.81239	0.050	182.0
2020-03-23T11:01	86.21178	15.81226	0.050	183.4
2020-03-23T11:11	86.21166	15.81208	0.046	185.5
2020-03-23T11:21	86.21154	15.81164	0.043	194.1
2020-03-23T11:31	86.21143	15.81100	0.043	200.8
2020-03-23T11:41	86.21132	15.81056	0.040	195.2
2020-03-23T11:51	86.21121	15.81013	0.041	194.3
2020-03-23T12:01	86.21111	15.80969	0.038	196.1
2020-03-23T12:11	86.21101	15.80936	0.038	191.9
2020-03-23T12:21	86.21091	15.80893	0.037	196.0
2020-03-23T12:31	86.21081	15.80881	0.036	184.6
2020-03-23T12:41	86.21070	15.80865	0.038	185.6
2020-03-23T12:51	86.21061	15.80848	0.034	186.8
2020-03-23T13:01	86.21051	15.80834	0.033	185.6
2020-03-23T13:11	86.21042	15.80819	0.035	185.9
2020-03-23T13:21	86.21033	15.80803	0.033	186.9
2020-03-23T13:31	86.21024	15.80792	0.031	184.7
2020-03-23T13:41	86.21016	15.80775	0.029	188.0
2020-03-23T13:51	86.21008	15.80760	0.029	186.9
2020-03-23T14:01	86.21000	15.80747	0.031	186.0
2020-03-23T14:11	86.20991	15.80727	0.030	188.7
2020-03-23T14:21	86.20983	15.80701	0.030	191.7
2020-03-23T14:31	86.20975	15.80650	0.030	204.1
2020-03-23T14:41	86.20968	15.80570	0.033	215.6
2020-03-23T14:51	86.20961	15.80487	0.033	217.4
2020-03-23T15:01	86.20953	15.80417	0.032	211.5
2020-03-23T15:11	86.20946	15.80363	0.028	207.4
2020-03-23T15:21	86.20939	15.80304	0.030	208.1
2020-03-23T15:31	86.20931	15.80251	0.030	204.1
2020-03-23T15:41	86.20923	15.80214	0.030	197.3
2020-03-23T15:51	86.20915	15.80170	0.033	198.6
2020-03-23T16:01	86.20904	15.80112	0.040	200.1
2020-03-23T16:11	86.20897	15.80075	0.027	199.0
2020-03-23T16:21	86.20888	15.80030	0.035	198.1
2020-03-23T16:31	86.20880	15.79990	0.032	197.1
2020-03-23T16:41	86.20870	15.79940	0.037	198.8
2020-03-23T16:51	86.20860	15.79881	0.039	201.3
2020-03-23T17:01	86.20850	15.79817	0.039	202.6
2020-03-23T17:11	86.20839	15.79764	0.041	198.1
2020-03-23T17:21	86.20826	15.79673	0.050	205.8
2020-03-23T17:31	86.20815	15.79556	0.050	214.0
2020-03-23T17:41	86.20804	15.79438	0.050	214.4
2020-03-23T17:51	86.20791	15.79328	0.052	210.1
2020-03-23T18:01	86.20778	15.79223	0.053	208.5
2020-03-23T18:11	86.20765	15.79119	0.053	207.9
2020-03-23T18:21	86.20752	15.79023	0.054	204.8
2020-03-23T18:31	86.20738	15.78930	0.052	205.1
2020-03-23T18:41	86.20725	15.78821	0.054	208.5
2020-03-23T18:51	86.20710	15.78693	0.062	209.6
2020-03-23T19:01	86.20696	15.78540	0.063	215.0
2020-03-23T19:11	86.20680	15.78375	0.068	215.3
2020-03-23T19:21	86.20664	15.78212	0.072	212.8
2020-03-23T19:31	86.20647	15.78041	0.073	214.1
2020-03-23T19:41	86.20630	15.77868	0.072	214.7
2020-03-23T19:51	86.20614	15.77683	0.072	217.6
2020-03-23T20:01	86.20599	15.77485	0.074	219.7
2020-03-23T20:11	86.20584	15.77291	0.071	220.6
2020-03-23T20:21	86.20568	15.77098	0.073	218.9
2020-03-23T20:31	86.20551	15.76902	0.076	218.2
2020-03-23T20:41	86.20535	15.76706	0.076	217.9
2020-03-23T20:51	86.20518	15.76506	0.076	218.7
2020-03-23T21:01	86.20501	15.76316	0.076	216.6
2020-03-23T21:11	86.20484	15.76104	0.079	219.5
2020-03-23T21:21	86.20469	15.75899	0.074	221.3
2020-03-23T21:31	86.20453	15.75677	0.077	223.4
2020-03-23T21:41	86.20438	15.75440	0.079	225.9
2020-03-23T21:51	86.20423	15.75214	0.075	225.4
2020-03-23T22:01	86.20409	15.75010	0.071	223.3
2020-03-23T22:11	86.20394	15.74806	0.071	223.0
2020-03-23T22:21	86.20380	15.74596	0.073	223.4
2020-03-23T22:31	86.20365	15.74396	0.071	222.0
2020-03-23T22:41	86.20350	15.74190	0.072	222.8
2020-03-23T22:51	86.20336	15.73988	0.070	223.2
2020-03-23T23:01	86.20322	15.73794	0.068	222.4
2020-03-23T23:11	86.20308	15.73596	0.070	222.3
2020-03-23T23:21	86.20293	15.73403	0.071	220.7
2020-03-23T23:31	86.20277	15.73210	0.072	220.0
2020-03-23T23:41	86.20263	15.73036	0.067	218.1
2020-03-23T23:51	86.20249	15.72867	0.064	219.3
2020-03-24T00:01	86.20236	15.72704	0.060	220.1
2020-03-24T00:11	86.20223	15.72561	0.060	214.8
2020-03-24T00:21	86.20209	15.72406	0.062	217.1
2020-03-24T00:31	86.20196	15.72257	0.060	216.2
2020-03-24T00:41	86.20182	15.72120	0.059	213.6
2020-03-24T00:51	86.20169	15.71983	0.059	213.8
2020-03-24T01:01	86.20156	15.71850	0.054	216.2
2020-03-24T01:11	86.20145	15.71729	0.050	215.1
2020-03-24T01:21	86.20134	15.71600	0.049	218.8
2020-03-24T01:31	86.20123	15.71478	0.051	215.1
2020-03-24T01:41	86.20112	15.71360	0.049	214.5
2020-03-24T01:51	86.20101	15.71257	0.047	212.0
2020-03-24T02:01	86.20089	15.71151	0.048	212.1
2020-03-24T02:11	86.20079	15.71053	0.045	211.6
2020-03-24T02:21	86.20068	15.70939	0.049	213.9
2020-03-24T02:31	86.20057	15.70855	0.042	208.0
2020-03-24T02:41	86.20046	15.70753	0.047	211.5
2020-03-24T02:51	86.20035	15.70681	0.044	203.2
2020-03-24T03:01	86.20022	15.70585	0.051	206.9
2020-03-24T03:11	86.20011	15.70470	0.049	214.4
2020-03-24T03:21	86.20000	15.70359	0.049	212.8
2020-03-24T03:31	86.19988	15.70224	0.053	217.7
2020-03-24T03:41	86.19977	15.70104	0.050	214.7
2020-03-24T03:51	86.19965	15.69986	0.051	213.3
2020-03-24T04:01	86.19952	15.69840	0.057	217.5
2020-03-24T04:11	86.19940	15.69702	0.055	217.1
2020-03-24T04:21	86.19927	15.69569	0.056	214.2
2020-03-24T04:31	86.19913	15.69436	0.059	212.4
2020-03-24T04:41	86.19900	15.69302	0.058	213.4
2020-03-24T04:51	86.19886	15.69173	0.057	212.9
2020-03-24T05:01	86.19873	15.69032	0.058	215.5
2020-03-24T05:11	86.19861	15.68876	0.058	220.3
2020-03-24T05:21	86.19848	15.68713	0.060	220.1
2020-03-24T05:31	86.19837	15.68551	0.057	222.8
2020-03-24T05:41	86.19825	15.68362	0.062	226.5
2020-03-24T05:51	86.19813	15.68166	0.065	226.5
2020-03-24T06:01	86.19799	15.67936	0.073	229.1
2020-03-24T06:11	86.19788	15.67747	0.062	227.0
2020-03-24T06:21	86.19775	15.67548	0.066	225.9
2020-03-24T06:31	86.19762	15.67325	0.071	228.2
2020-03-24T06:41	86.19749	15.67092	0.073	229.5
2020-03-24T06:51	86.19736	15.66854	0.072	231.7
2020-03-24T07:01	86.19725	15.66601	0.073	235.7
2020-03-24T07:11	86.19717	15.66274	0.083	250.6
2020-03-24T07:21	86.19708	15.65934	0.088	247.9
2020-03-24T07:31	86.19697	15.65585	0.092	245.2
2020-03-24T07:41	86.19685	15.65295	0.083	237.0
2020-03-24T07:51	86.19671	15.64977	0.091	236.7
2020-03-24T08:01	86.19655	15.64657	0.094	234.3
2020-03-24T08:11	86.19638	15.64325	0.100	232.2
2020-03-24T08:21	86.19622	15.63987	0.101	233.3
2020-03-24T08:31	86.19605	15.63636	0.104	233.9
2020-03-24T08:41	86.19587	15.63252	0.112	234.9
2020-03-24T08:51	86.19568	15.62828	0.121	236.6
2020-03-24T09:01	86.19549	15.62406	0.122	235.9
2020-03-24T09:11	86.19530	15.61976	0.124	236.1
2020-03-24T09:21	86.19511	15.61551	0.123	235.7
2020-03-24T09:31	86.19491	15.61151	0.119	233.2
2020-03-24T09:41	86.19471	15.60711	0.127	236.0
2020-03-24T09:51	86.19454	15.60296	0.118	237.5
2020-03-24T10:01	86.19436	15.59899	0.115	235.3
2020-03-24T10:11	86.19416	15.59501	0.118	233.8
2020-03-24T10:21	86.19396	15.59087	0.123	233.5
2020-03-24T10:31	86.19374	15.58654	0.131	232.0
2020-03-24T10:41	86.19352	15.58206	0.133	233.8
2020-03-24T10:51	86.19329	15.57751	0.136	233.4
2020-03-24T11:01	86.19306	15.57274	0.141	234.0
2020-03-24T11:11	86.19285	15.56760	0.146	237.5
2020-03-24T11:21	86.19262	15.56245	0.149	235.9
2020-03-24T11:31	86.19239	15.55714	0.151	237.3
2020-03-24T11:41	86.19215	15.55176	0.154	236.7
2020-03-24T11:51	86.19192	15.54610	0.159	238.4
2020-03-24T12:01	86.19169	15.54050	0.158	238.1
2020-03-24T12:11	86.19147	15.53442	0.166	241.3
2020-03-24T12:21	86.19126	15.52838	0.163	242.5
2020-03-24T12:31	86.19107	15.52214	0.165	244.9
2020-03-24T12:41	86.19088	15.51576	0.167	246.1
2020-03-24T12:51	86.19069	15.50933	0.169	245.7
2020-03-24T13:01	86.19049	15.50317	0.163	244.5
2020-03-24T13:11	86.19030	15.49706	0.161	244.9
2020-03-24T13:21	86.19011	15.49099	0.161	244.6
2020-03-24T13:31	86.18992	15.48520	0.154	244.4
2020-03-24T13:41	86.18974	15.47968	0.148	243.4
2020-03-24T13:51	86.18955	15.47401	0.152	242.7
2020-03-24T14:01	86.18937	15.46743	0.170	247.9
2020-03-24T14:11	86.18919	15.46087	0.170	247.1
2020-03-24T14:21	86.18899	15.45421	0.175	245.9
2020-03-24T14:31	86.18878	15.44745	0.178	245.5
2020-03-24T14:41	86.18856	15.44091	0.176	243.1
2020-03-24T14:51	86.18834	15.43449	0.174	242.4
2020-03-24T15:01	86.18810	15.42808	0.176	240.4
2020-03-24T15:11	86.18785	15.42232	0.164	237.2
2020-03-24T15:21	86.18759	15.41583	0.181	239.2
2020-03-24T15:31	86.18732	15.40909	0.189	238.5
2020-03-24T15:41	86.18704	15.40234	0.190	238.1
2020-03-24T15:51	86.18675	15.39594	0.186	235.6
2020-03-24T16:01	86.18644	15.38950	0.189	234.7
2020-03-24T16:11	86.18613	15.38272	0.198	235.1
2020-03-24T16:21	86.18580	15.37586	0.203	234.0
2020-03-24T16:31	86.18545	15.36878	0.210	233.8
2020-03-24T16:41	86.18510	15.36162	0.214	233.2
2020-03-24T16:51	86.18473	15.35432	0.220	232.7
2020-03-24T17:01	86.18435	15.34708	0.220	232.1
2020-03-24T17:11	86.18397	15.33980	0.221	232.3
2020-03-24T17:21	86.18360	15.33212	0.228	233.8
2020-03-24T17:31	86.18322	15.32433	0.231	233.9
2020-03-24T17:41	86.18283	15.31659	0.233	232.8
2020-03-24T17:51	86.18243	15.30881	0.235	232.5
2020-03-24T18:01	86.18203	15.30098	0.237	232.5
2020-03-24T18:11	86.18163	15.29285	0.242	233.6
2020-03-24T18:21	86.18124	15.28474	0.241	233.8
2020-03-24T18:31	86.18085	15.27671	0.239	233.7
2020-03-24T18:41	86.18045	15.26873	0.238	233.5
2020-03-24T18:51	86.18006	15.26031	0.246	235.0
2020-03-24T19:01	86.17966	15.25177	0.249	235.3
2020-03-24T19:11	86.17925	15.24333	0.252	233.4
2020-03-24T19:21	86.17881	15.23495	0.256	231.8
2020-03-24T19:31	86.17835	15.22649	0.261	231.2
2020-03-24T19:41	86.17787	15.21840	0.261	228.1
2020-03-24T19:51	86.17738	15.20974	0.272	229.9
2020-03-24T20:01	86.17686	15.20051	0.290	229.8
2020-03-24T20:11	86.17634	15.19089	0.298	230.8
2020-03-24T20:21	86.17583	15.18083	0.304	232.6
2020-03-24T20:31	86.17531	15.17042	0.311	233.5
2020-03-24T20:41	86.17478	15.15991	0.317	232.6
2020-03-24T20:51	86.17426	15.14954	0.313	232.9
2020-03-24T21:01	86.17371	15.13864	0.326	233.4
2020-03-24T21:11	86.17317	15.12733	0.335	234.4
2020-03-24T21:21	86.17261	15.11632	0.334	232.4
2020-03-24T21:31	86.17202	15.10525	0.340	231.6
2020-03-24T21:41	86.17142	15.09431	0.341	230.4
2020-03-24T21:51	86.17082	15.08316	0.344	231.2
2020-03-24T22:01	86.17020	15.07193	0.349	230.6
2020-03-24T22:11	86.16956	15.06057	0.357	230.0
2020-03-24T22:21	86.16891	15.04915	0.362	229.5
2020-03-24T22:31	86.16826	15.03752	0.366	229.8
2020-03-24T22:41	86.16759	15.02594	0.367	229.4
2020-03-24T22:51	86.16692	15.01430	0.370	229.4
2020-03-24T23:01	86.16624	15.00242	0.376	229.4
2020-03-24T23:11	86.16557	14.99057	0.375	229.6
2020-03-24T23:21	86.16489	14.97848	0.381	229.8
2020-03-24T23:31	86.16421	14.96619	0.383	230.7
2020-03-24T23:41	86.16354	14.95382	0.383	231.0
2020-03-24T23:51	86.16288	14.94143	0.381	231.5
2020-03-25T00:01	86.16222	14.92893	0.384	231.7
2020-03-25T00:11	86.16158	14.91652	0.379	232.2
2020-03-25T00:21	86.16094	14.90401	0.379	232.7
2020-03-25T00:31	86.16029	14.89178	0.375	231.8
2020-03-25T00:41	86.15964	14.87966	0.374	231.3
2020-03-25T00:51	86.15899	14.86761	0.373	231.1
2020-03-25T01:01	86.15833	14.85531	0.380	231.2
2020-03-25T01:11	86.15767	14.84283	0.383	232.0
2020-03-25T01:21	86.15704	14.83017	0.381	233.3
2020-03-25T01:31	86.15641	14.81738	0.383	233.7
2020-03-25T01:41	86.15577	14.80473	0.384	232.6
2020-03-25T01:51	86.15510	14.79258	0.379	230.7
2020-03-25T02:01	86.15444	14.78028	0.381	231.3
2020-03-25T02:11	86.15378	14.76812	0.378	231.0
2020-03-25T02:21	86.15310	14.75570	0.388	230.7
2020-03-25T02:31	86.15239	14.74372	0.384	228.9
2020-03-25T02:41	86.15169	14.73171	0.385	228.9
2020-03-25T02:51	86.15099	14.71955	0.387	229.5
2020-03-25T03:01	86.15030	14.70702	0.393	230.4
2020-03-25T03:11	86.14963	14.69370	0.403	233.1
2020-03-25T03:21	86.14895	14.68045	0.403	232.6
2020-03-25T03:31	86.14828	14.66732	0.399	232.8
2020-03-25T03:41	86.14761	14.65427	0.397	232.7
2020-03-25T03:51	86.14694	14.64108	0.399	233.2
2020-03-25T04:01	86.14629	14.62788	0.396	233.8
2020-03-25T04:11	86.14563	14.61463	0.401	233.2
2020-03-25T04:21	86.14494	14.60137	0.405	232.3
2020-03-25T04:31	86.14428	14.58762	0.409	234.5
2020-03-25T04:41	86.14359	14.57392	0.414	233.3
2020-03-25T04:51	86.14289	14.55992	0.422	233.4
2020-03-25T05:01	86.14219	14.54586	0.424	233.4
2020-03-25T05:11	86.14148	14.53172	0.428	233.2
2020-03-25T05:21	86.14078	14.51716	0.434	234.4
2020-03-25T05:31	86.14006	14.50265	0.436	233.8
2020-03-25T05:41	86.13935	14.48821	0.434	233.7
2020-03-25T05:51	86.13862	14.47377	0.439	233.0
2020-03-25T06:01	86.13787	14.45961	0.437	231.8
2020-03-25T06:11	86.13713	14.44553	0.432	232.2
2020-03-25T06:21	86.13640	14.43132	0.434	232.6
2020-03-25T06:31	86.13567	14.41722	0.431	232.6
2020-03-25T06:41	86.13494	14.40284	0.437	233.0
2020-03-25T06:51	86.13420	14.38893	0.430	231.7
2020-03-25T07:01	86.13346	14.37480	0.435	232.1
2020-03-25T07:11	86.13272	14.36073	0.433	232.1
2020-03-25T07:21	86.13199	14.34593	0.445	234.0
2020-03-25T07:31	86.13128	14.33088	0.447	234.8
2020-03-25T07:41	86.13057	14.31581	0.446	235.2
2020-03-25T07:51	86.12985	14.30090	0.445	234.6
2020-03-25T08:01	86.12911	14.28534	0.464	234.6
2020-03-25T08:11	86.12839	14.27050	0.443	234.5
2020-03-25T08:21	86.12765	14.25564	0.449	233.6
2020-03-25T08:31	86.12692	14.24104	0.443	233.4
2020-03-25T08:41	86.12619	14.22620	0.446	234.1
2020-03-25T08:51	86.12548	14.21109	0.447	235.3
2020-03-25T09:01	86.12474	14.19612	0.452	233.7
2020-03-25T09:11	86.12403	14.18126	0.443	234.6
2020-03-25T09:21	86.12330	14.16653	0.445	233.7
2020-03-25T09:31	86.12256	14.15195	0.442	233.4
2020-03-25T09:41	86.12179	14.13758	0.448	231.4
2020-03-25T09:51	86.12101	14.12300	0.453	231.6
2020-03-25T10:01	86.12022	14.10827	0.457	231.8
2020-03-25T10:11	86.11947	14.09337	0.452	233.5
2020-03-25T10:21	86.11873	14.07862	0.447	233.5
2020-03-25T10:31	86.11800	14.06380	0.448	233.8
2020-03-25T10:41	86.11726	14.04905	0.447	233.6
2020-03-25T10:51	86.11653	14.03448	0.443	233.3
2020-03-25T11:01	86.11579	14.01957	0.449	234.0
2020-03-25T11:11	86.11505	14.00472	0.450	233.6
2020-03-25T11:21	86.11431	13.99011	0.446	233.1
2020-03-25T11:31	86.11358	13.97583	0.437	233.0
2020-03-25T11:41	86.11284	13.96189	0.431	232.2
2020-03-25T11:51	86.11212	13.94795	0.428	232.6
2020-03-25T12:01	86.11141	13.93418	0.424	232.5
2020-03-25T12:11	86.11069	13.92052	0.422	232.3
2020-03-25T12:21	86.10997	13.90702	0.419	231.9
2020-03-25T12:31	86.10925	13.89371	0.416	231.4
2020-03-25T12:41	86.10854	13.88061	0.410	231.3
2020-03-25T12:51	86.10782	13.86783	0.404	230.6
2020-03-25T13:01	86.10711	13.85524	0.401	230.1
2020-03-25T13:11	86.10640	13.84293	0.394	229.7
2020-03-25T13:21	86.10568	13.83073	0.395	228.9
2020-03-25T13:31	86.10496	13.81883	0.388	228.6
2020-03-25T13:41	86.10424	13.80702	0.388	228.1
2020-03-25T13:51	86.10352	13.79542	0.385	227.5
2020-03-25T14:01	86.10280	13.78420	0.379	226.5
2020-03-25T14:11	86.10207	13.77306	0.377	226.3
2020-03-25T14:21	86.10134	13.76209	0.376	225.6
2020-03-25T14:31	86.10061	13.75165	0.368	224.0
2020-03-25T14:41	86.09987	13.74128	0.369	223.6
2020-03-25T14:51	86.09911	13.73102	0.370	222.7
2020-03-25T15:01	86.09835	13.72108	0.365	221.9
2020-03-25T15:11	86.09761	13.71078	0.369	223.2
2020-03-25T15:21	86.09686	13.70052	0.367	223.2
2020-03-25T15:31	86.09611	13.69058	0.365	222.0
2020-03-25T15:41	86.09536	13.68071	0.362	222.0
2020-03-25T15:51	86.09461	13.67113	0.358	221.0
2020-03-25T16:01	86.09386	13.66089	0.369	222.9
2020-03-25T16:11	86.09311	13.65158	0.353	220.4
2020-03-25T16:21	86.09238	13.64237	0.347	220.6
2020-03-25T16:31	86.09165	13.63305	0.349	221.0
2020-03-25T16:41	86.09091	13.62401	0.346	219.9
2020-03-25T16:51	86.09018	13.61514	0.343	219.5
2020-03-25T17:01	86.08945	13.60612	0.344	220.0
2020-03-25T17:11	86.08872	13.59714	0.344	219.9
2020-03-25T17:21	86.08799	13.58828	0.341	219.7
2020-03-25T17:31	86.08727	13.57957	0.336	219.6
2020-03-25T17:41	86.08655	13.57108	0.332	219.0
2020-03-25T17:51	86.08584	13.56251	0.331	219.5
2020-03-25T18:01	86.08512	13.55407	0.333	218.6
2020-03-25T18:11	86.08441	13.54561	0.330	219.0
2020-03-25T18:21	86.08368	13.53706	0.336	218.7
2020-03-25T18:31	86.08295	13.52846	0.339	218.6
2020-03-25T18:41	86.08221	13.51987	0.340	218.4
2020-03-25T18:51	86.08145	13.51108	0.349	218.3
2020-03-25T19:01	86.08070	13.50256	0.340	218.1
2020-03-25T19:11	86.07993	13.49395	0.348	217.5
2020-03-25T19:21	86.07916	13.48570	0.344	216.2
2020-03-25T19:31	86.07840	13.47766	0.340	215.6
2020-03-25T19:41	86.07762	13.46991	0.337	214.5
2020-03-25T19:51	86.07686	13.46202	0.336	215.3
2020-03-25T20:01	86.07610	13.45406	0.337	215.6
2020-03-25T20:11	86.07533	13.44643	0.335	214.1
2020-03-25T20:21	86.07455	13.43892	0.336	213.4
2020-03-25T20:31	86.07376	13.43152	0.336	212.8
2020-03-25T20:41	86.07297	13.42402	0.340	213.0
2020-03-25T20:51	86.07218	13.41666	0.337	212.6
2020-03-25T21:01	86.07138	13.40935	0.339	212.1
2020-03-25T21:11	86.07060	13.40203	0.336	212.5
2020-03-25T21:21	86.06981	13.39488	0.334	211.8
2020-03-25T21:31	86.06903	13.38771	0.333	212.2
2020-03-25T21:41	86.06824	13.38067	0.332	211.5
2020-03-25T21:51	86.06748	13.37363	0.325	212.3
2020-03-25T22:01	86.06669	13.36671	0.331	211.0
2020-03-25T22:11	86.06592	13.35980	0.326	211.6
2020-03-25T22:21	86.06514	13.35318	0.325	210.2
2020-03-25T22:31	86.06436	13.34661	0.324	210.2
2020-03-25T22:41	86.06358	13.34000	0.325	210.1
2020-03-25T22:51	86.06280	13.33377	0.321	208.7
2020-03-25T23:01	86.06202	13.32759	0.320	208.6
2020-03-25T23:11	86.06123	13.32156	0.321	207.7
2020-03-25T23:21	86.06044	13.31572	0.318	207.0
2020-03-25T23:31	86.05965	13.30993	0.318	206.7
2020-03-25T23:41	86.05888	13.30412	0.312	207.4
2020-03-25T23:51	86.05810	13.29847	0.315	206.4
2020-03-26T00:01	86.05731	13.29301	0.315	205.4
2020-03-26T00:11	86.05653	13.28748	0.313	206.0
2020-03-26T00:21	86.05575	13.28224	0.310	204.8
2020-03-26T00:31	86.05496	13.27729	0.308	203.5
2020-03-26T00:41	86.05419	13.27236	0.305	203.6
2020-03-26T00:51	86.05342	13.26758	0.302	203.1
2020-03-26T01:01	86.05265	13.26285	0.299	203.1
2020-03-26T01:11	86.05190	13.25827	0.293	202.8
2020-03-26T01:21	86.05115	13.25377	0.292	202.5
2020-03-26T01:31	86.05041	13.24937	0.290	202.1
2020-03-26T01:41	86.04966	13.24516	0.290	201.1
2020-03-26T01:51	86.04891	13.24092	0.288	201.5
2020-03-26T02:01	86.04818	13.23695	0.284	200.4
2020-03-26T02:11	86.04744	13.23299	0.283	200.3
2020-03-26T02:21	86.04669	13.22908	0.285	200.0
2020-03-26T02:31	86.04595	13.22530	0.284	199.3
2020-03-26T02:41	86.04521	13.22165	0.282	198.7
2020-03-26T02:51	86.04446	13.21805	0.282	198.5
2020-03-26T03:01	86.04372	13.21462	0.282	197.6
2020-03-26T03:11	86.04298	13.21123	0.278	197.6
2020-03-26T03:21	86.04225	13.20776	0.278	198.1
2020-03-26T03:31	86.04151	13.20439	0.277	197.6
2020-03-26T03:41	86.04078	13.20100	0.278	197.7
2020-03-26T03:51	86.04004	13.19768	0.279	197.2
2020-03-26T04:01	86.03929	13.19437	0.281	197.0
2020-03-26T04:11	86.03854	13.19117	0.280	196.5
2020-03-26T04:21	86.03779	13.18796	0.283	196.4
2020-03-26T04:31	86.03705	13.18486	0.278	196.1
2020-03-26T04:41	86.03630	13.18180	0.278	195.9
2020-03-26T04:51	86.03557	13.17891	0.276	195.1
2020-03-26T05:01	86.03482	13.17587	0.278	195.9
2020-03-26T05:11	86.03408	13.17249	0.280	197.4
2020-03-26T05:21	86.03333	13.16905	0.284	197.6
2020-03-26T05:31	86.03256	13.16598	0.286	195.5
2020-03-26T05:41	86.03179	13.16322	0.287	193.9
2020-03-26T05:51	86.03102	13.16035	0.287	194.5
2020-03-26T06:01	86.03024	13.15767	0.289	193.4
2020-03-26T06:11	86.02945	13.15490	0.293	193.7
2020-03-26T06:21	86.02864	13.15205	0.298	193.8
2020-03-26T06:31	86.02783	13.14940	0.298	192.8
2020-03-26T06:41	86.02701	13.14672	0.305	192.7
2020-03-26T06:51	86.02618	13.14404	0.306	192.6
2020-03-26T07:01	86.02533	13.14149	0.311	191.8
2020-03-26T07:11	86.02448	13.13890	0.314	191.9
2020-03-26T07:21	86.02363	13.13639	0.311	191.7
2020-03-26T07:31	86.02278	13.13398	0.312	191.1
2020-03-26T07:41	86.02193	13.13148	0.313	191.5
2020-03-26T07:51	86.02107	13.12899	0.315	191.4
2020-03-26T08:01	86.02022	13.12667	0.312	190.7
2020-03-26T08:11	86.01936	13.12424	0.315	191.1
2020-03-26T08:21	86.01851	13.12217	0.311	189.6
2020-03-26T08:31	86.01764	13.12024	0.317	188.8
2020-03-26T08:41	86.01677	13.11846	0.319	188.0
2020-03-26T08:51	86.01588	13.11655	0.322	188.5
2020-03-26T09:01	86.01499	13.11469	0.324	188.3
2020-03-26T09:11	86.01410	13.11270	0.324	188.8
2020-03-26T09:21	86.01320	13.11084	0.327	188.2
2020-03-26T09:31	86.01229	13.10891	0.330	188.4
2020-03-26T09:41	86.01139	13.10702	0.328	188.3
2020-03-26T09:51	86.01049	13.10513	0.330	188.3
2020-03-26T10:01	86.00958	13.10327	0.329	188.1
2020-03-26T10:11	86.00867	13.10152	0.332	187.6
2020-03-26T10:21	86.00774	13.09989	0.334	187.0
2020-03-26T10:31	86.00683	13.09831	0.330	186.9
2020-03-26T10:41	86.00591	13.09695	0.335	185.8
2020-03-26T10:51	86.00498	13.09546	0.337	186.4
2020-03-26T11:01	86.00404	13.09406	0.338	185.9
2020-03-26T11:11	86.00311	13.09288	0.339	185.0
2020-03-26T11:21	86.00217	13.09169	0.339	185.0
2020-03-26T11:31	86.00122	13.09066	0.341	184.4
2020-03-26T11:41	86.00028	13.08972	0.341	184.0
2020-03-26T11:51	85.99933	13.08901	0.343	183.0
2020-03-26T12:01	85.99838	13.08843	0.342	182.4
2020-03-26T12:11	85.99744	13.08805	0.340	181.6
2020-03-26T12:21	85.99649	13.08768	0.340	181.6
2020-03-26T12:31	85.99556	13.08736	0.336	181.4
2020-03-26T12:41	85.99463	13.08707	0.335	181.2
2020-03-26T12:51	85.99370	13.08685	0.334	181.0
2020-03-26T13:01	85.99278	13.08666	0.331	180.8
2020-03-26T13:11	85.99186	13.08645	0.332	180.9
2020-03-26T13:21	85.99094	13.08641	0.332	180.2
2020-03-26T13:31	85.99001	13.08639	0.334	180.1
2020-03-26T13:41	85.98908	13.08642	0.336	179.8
2020-03-26T13:51	85.98814	13.08644	0.337	179.9
2020-03-26T14:01	85.98721	13.08657	0.337	179.5
2020-03-26T14:11	85.98627	13.08682	0.339	178.9
2020-03-26T14:21	85.98533	13.08721	0.338	178.3
2020-03-26T14:31	85.98439	13.08773	0.338	177.8
2020-03-26T14:41	85.98345	13.08825	0.337	177.8
2020-03-26T14:51	85.98252	13.08868	0.336	178.1
2020-03-26T15:01	85.98158	13.08908	0.340	178.3
2020-03-26T15:11	85.98063	13.08970	0.343	177.4
2020-03-26T15:21	85.97967	13.09032	0.346	177.4
2020-03-26T15:31	85.97870	13.09096	0.349	177.3
2020-03-26T15:41	85.97772	13.09169	0.352	177.0
2020-03-26T15:51	85.97674	13.09237	0.352	177.2
2020-03-26T16:01	85.97576	13.09317	0.356	176.7
2020-03-26T16:11	85.97479	13.09394	0.349	176.8
2020-03-26T16:21	85.97382	13.09486	0.350	176.2
2020-03-26T16:31	85.97285	13.09572	0.350	176.4
2020-03-26T16:41	85.97187	13.09672	0.354	175.9
2020-03-26T16:51	85.97091	13.09763	0.344	176.1
2020-03-26T17:01	85.96996	13.09848	0.344	176.4
2020-03-26T17:11	85.96900	13.09942	0.346	176.1
2020-03-26T17:21	85.96804	13.10043	0.345	175.7
2020-03-26T17:31	85.96709	13.10149	0.346	175.6
2020-03-26T17:41	85.96612	13.10246	0.349	175.9
2020-03-26T17:51	85.96514	13.10356	0.351	175.5
2020-03-26T18:01	85.96417	13.10463	0.353	175.6
2020-03-26T18:11	85.96318	13.10577	0.357	175.3
2020-03-26T18:21	85.96220	13.10688	0.355	175.5
2020-03-26T18:31	85.96120	13.10803	0.361	175.4
2020-03-26T18:41	85.96020	13.10904	0.361	175.9
2020-03-26T18:51	85.95918	13.11011	0.365	175.8
2020-03-26T19:01	85.95817	13.11102	0.365	176.4
2020-03-26T19:11	85.95715	13.11203	0.368	176.0
2020-03-26T19:21	85.95612	13.11301	0.372	176.2
2020-03-26T19:31	85.95508	13.11402	0.376	176.1
2020-03-26T19:41	85.95403	13.11502	0.378	176.1
2020-03-26T19:51	85.95298	13.11613	0.380	175.8
2020-03-26T20:01	85.95192	13.11730	0.383	175.6
2020-03-26T20:11	85.95085	13.11852	0.386	175.4
2020-03-26T20:21	85.94979	13.11980	0.384	175.1
2020-03-26T20:31	85.94871	13.12106	0.389	175.3
2020-03-26T20:41	85.94763	13.12240	0.391	175.0
2020-03-26T20:51	85.94653	13.12388	0.397	174.5
2020-03-26T21:01	85.94543	13.12539	0.398	174.5
2020-03-26T21:11	85.94430	13.12701	0.407	174.2
2020-03-26T21:21	85.94317	13.12867	0.409	174.0
2020-03-26T21:31	85.94202	13.13061	0.418	173.2
2020-03-26T21:41	85.94087	13.13248	0.418	173.4
2020-03-26T21:51	85.93971	13.13434	0.420	173.5
2020-03-26T22:01	85.93853	13.13623	0.427	173.5
2020-03-26T22:11	85.93734	13.13810	0.431	173.6
2020-03-26T22:21	85.93615	13.14010	0.434	173.3
2020-03-26T22:31	85.93495	13.14164	0.433	174.8
2020-03-26T22:41	85.93373	13.14346	0.442	173.9
2020-03-26T22:51	85.93251	13.14521	0.443	174.2
2020-03-26T23:01	85.93128	13.14698	0.442	174.1
2020-03-26T23:11	85.93005	13.14899	0.448	173.4
2020-03-26T23:21	85.92881	13.15112	0.449	173.0
2020-03-26T23:31	85.92758	13.15314	0.448	173.4
2020-03-26T23:41	85.92634	13.15523	0.449	173.2
2020-03-26T23:51	85.92509	13.15742	0.452	172.9
2020-03-27T00:01	85.92384	13.15953	0.452	173.1
2020-03-27T00:11	85.92260	13.16160	0.452	173.3
2020-03-27T00:21	85.92135	13.16389	0.454	172.6
2020-03-27T00:31	85.92010	13.16607	0.453	172.9
2020-03-27T00:41	85.91884	13.16825	0.455	172.9
2020-03-27T00:51	85.91759	13.17024	0.455	173.6
2020-03-27T01:01	85.91633	13.17212	0.455	173.9
2020-03-27T01:11	85.91508	13.17409	0.453	173.6
2020-03-27T01:21	85.91383	13.17610	0.452	173.5
2020-03-27T01:31	85.91259	13.17825	0.450	173.0
2020-03-27T01:41	85.91136	13.18048	0.449	172.7
2020-03-27T01:51	85.91014	13.18261	0.442	172.9
2020-03-27T02:01	85.90893	13.18478	0.440	172.8
2020-03-27T02:11	85.90772	13.18692	0.436	172.8
2020-03-27T02:21	85.90653	13.18910	0.435	172.6
2020-03-27T02:31	85.90533	13.19133	0.433	172.4
2020-03-27T02:41	85.90414	13.19358	0.433	172.3
2020-03-27T02:51	85.90295	13.19593	0.434	172.0
2020-03-27T03:01	85.90175	13.19843	0.436	171.5
2020-03-27T03:11	85.90056	13.20087	0.433	171.6
2020-03-27T03:21	85.89937	13.20330	0.435	171.8
2020-03-27T03:31	85.89817	13.20566	0.435	171.9
2020-03-27T03:41	85.89698	13.20806	0.434	171.8
2020-03-27T03:51	85.89580	13.21046	0.429	171.7
2020-03-27T04:01	85.89463	13.21294	0.426	171.4
2020-03-27T04:11	85.89347	13.21543	0.423	171.3
2020-03-27T04:21	85.89231	13.21794	0.422	171.2
2020-03-27T04:31	85.89118	13.22045	0.413	171.0
2020-03-27T04:41	85.89006	13.22317	0.406	170.0
2020-03-27T04:51	85.88897	13.22596	0.402	169.6
2020-03-27T05:01	85.88788	13.22880	0.398	169.4
2020-03-27T05:11	85.88680	13.23160	0.396	169.5
2020-03-27T05:21	85.88572	13.23466	0.399	168.6
2020-03-27T05:31	85.88463	13.23782	0.399	168.2
2020-03-27T05:41	85.88354	13.24115	0.402	167.7
2020-03-27T05:51	85.88244	13.24469	0.405	166.9
2020-03-27T06:01	85.88134	13.24834	0.407	166.6
2020-03-27T06:11	85.88023	13.25213	0.412	166.2
2020-03-27T06:21	85.87911	13.25606	0.417	165.8
2020-03-27T06:31	85.87798	13.26002	0.420	165.9
2020-03-27T06:41	85.87683	13.26385	0.424	166.5
2020-03-27T06:51	85.87567	13.26791	0.431	165.9
2020-03-27T07:01	85.87449	13.27196	0.440	166.2
2020-03-27T07:11	85.87328	13.27618	0.449	165.9
2020-03-27T07:21	85.87206	13.28044	0.453	165.9
2020-03-27T07:31	85.87082	13.28482	0.460	165.7
2020-03-27T07:41	85.86957	13.28931	0.465	165.5
2020-03-27T07:51	85.86830	13.29407	0.474	164.9
2020-03-27T08:01	85.86702	13.29874	0.478	165.3
2020-03-27T08:11	85.86567	13.30337	0.499	166.1
2020-03-27T08:21	85.86437	13.30787	0.482	166.0
2020-03-27T08:31	85.86301	13.31247	0.503	166.3
2020-03-27T08:41	85.86164	13.31690	0.508	166.9
2020-03-27T08:51	85.86024	13.32129	0.518	167.3
2020-03-27T09:01	85.85881	13.32551	0.525	168.0
2020-03-27T09:11	85.85736	13.32976	0.534	168.0
2020-03-27T09:21	85.85586	13.33359	0.548	169.5
2020-03-27T09:31	85.85441	13.33718	0.531	169.9
2020-03-27T09:41	85.85287	13.34096	0.563	169.9
2020-03-27T09:51	85.85135	13.34444	0.555	170.6
2020-03-27T10:01	85.84981	13.34785	0.563	170.9
2020-03-27T10:11	85.84824	13.35107	0.569	171.5
2020-03-27T10:21	85.84667	13.35417	0.573	171.9
2020-03-27T10:31	85.84508	13.35702	0.576	172.6
2020-03-27T10:41	85.84347	13.35998	0.586	172.4
2020-03-27T10:51	85.84185	13.36257	0.585	173.4
2020-03-27T11:01	85.84022	13.36515	0.591	173.5
2020-03-27T11:11	85.83858	13.36748	0.595	174.1
2020-03-27T11:21	85.83692	13.36993	0.601	173.9
2020-03-27T11:31	85.83525	13.37232	0.606	174.1
2020-03-27T11:41	85.83357	13.37445	0.605	174.7
2020-03-27T11:51	85.83190	13.37646	0.606	175.0
2020-03-27T12:01	85.83021	13.37835	0.607	175.3
2020-03-27T12:11	85.82852	13.38025	0.611	175.3
2020-03-27T12:21	85.82683	13.38198	0.613	175.8
2020-03-27T12:31	85.82513	13.38358	0.611	176.1
2020-03-27T12:41	85.82344	13.38512	0.609	176.2
2020-03-27T12:51	85.82176	13.38662	0.609	176.3
2020-03-27T13:01	85.82006	13.38833	0.614	175.8
2020-03-27T13:11	85.81837	13.38979	0.608	176.4
2020-03-27T13:21	85.81669	13.39121	0.607	176.5
2020-03-27T13:31	85.81500	13.39264	0.610	176.5
2020-03-27T13:41	85.81332	13.39399	0.607	176.6
2020-03-27T13:51	85.81163	13.39538	0.606	176.6
2020-03-27T14:01	85.80994	13.39678	0.611	176.6
2020-03-27T14:11	85.80824	13.39806	0.612	176.8
2020-03-27T14:21	85.80655	13.39935	0.610	176.8
2020-03-27T14:31	85.80486	13.40069	0.609	176.7
2020-03-27T14:41	85.80317	13.40229	0.611	176.1
2020-03-27T14:51	85.80150	13.40412	0.605	175.4
2020-03-27T15:01	85.79982	13.40636	0.607	174.4
2020-03-27T15:11	85.79814	13.40876	0.607	174.0
2020-03-27T15:21	85.79646	13.41124	0.610	173.9
2020-03-27T15:31	85.79478	13.41349	0.608	174.4
2020-03-27T15:41	85.79310	13.41567	0.606	174.6
2020-03-27T15:51	85.79142	13.41796	0.608	174.3
2020-03-27T16:01	85.78973	13.42041	0.613	173.9
2020-03-27T16:11	85.78803	13.42280	0.615	174.1
2020-03-27T16:21	85.78631	13.42508	0.621	174.4
2020-03-27T16:31	85.78458	13.42765	0.626	173.8
2020-03-27T16:41	85.78285	13.43013	0.628	174.0
2020-03-27T16:51	85.78110	13.43255	0.632	174.2
2020-03-27T17:01	85.77935	13.43497	0.632	174.2
2020-03-27T17:11	85.77760	13.43738	0.634	174.2
2020-03-27T17:21	85.77586	13.43963	0.630	174.6
2020-03-27T17:31	85.77407	13.44186	0.646	174.7
2020-03-27T17:41	85.77229	13.44398	0.642	175.0
2020-03-27T17:51	85.77048	13.44609	0.655	175.1
2020-03-27T18:01	85.76865	13.44814	0.661	175.3
2020-03-27T18:11	85.76683	13.44991	0.657	175.9
2020-03-27T18:21	85.76502	13.45183	0.654	175.5
2020-03-27T18:31	85.76320	13.45368	0.658	175.7
2020-03-27T18:41	85.76139	13.45533	0.654	176.2
2020-03-27T18:51	85.75958	13.45688	0.652	176.4
2020-03-27T19:01	85.75777	13.45837	0.655	176.5
2020-03-27T19:11	85.75595	13.45986	0.654	176.5
2020-03-27T19:21	85.75415	13.46095	0.651	177.4
2020-03-27T19:31	85.75236	13.46182	0.645	177.9
2020-03-27T19:41	85.75057	13.46261	0.645	178.1
2020-03-27T19:51	85.74876	13.46327	0.651	178.4
2020-03-27T20:01	85.74697	13.46377	0.643	178.8
2020-03-27T20:11	85.74517	13.46408	0.650	179.3
2020-03-27T20:21	85.74335	13.46439	0.654	179.3
2020-03-27T20:31	85.74152	13.46459	0.661	179.5
2020-03-27T20:41	85.73968	13.46476	0.662	179.6
2020-03-27T20:51	85.73785	13.46481	0.658	179.9
2020-03-27T21:01	85.73602	13.46462	0.660	180.5
2020-03-27T21:11	85.73417	13.46435	0.667	180.6
2020-03-27T21:21	85.73232	13.46380	0.666	181.3
2020-03-27T21:31	85.73046	13.46310	0.670	181.6
2020-03-27T21:41	85.72859	13.46227	0.672	181.9
2020-03-27T21:51	85.72673	13.46144	0.671	181.9
2020-03-27T22:01	85.72488	13.46049	0.668	182.2
2020-03-27T22:11	85.72302	13.45969	0.668	181.9
2020-03-27T22:21	85.72117	13.45875	0.668	182.2
2020-03-27T22:31	85.71931	13.45789	0.669	182.0
2020-03-27T22:41	85.71745	13.45691	0.671	182.2
2020-03-27T22:51	85.71559	13.45601	0.668	182.1
2020-03-27T23:01	85.71374	13.45503	0.668	182.3
2020-03-27T23:11	85.71188	13.45405	0.669	182.3
2020-03-27T23:21	85.71005	13.45286	0.662	182.8
2020-03-27T23:31	85.70822	13.45147	0.660	183.2
2020-03-27T23:41	85.70640	13.45019	0.657	183.0
2020-03-27T23:51	85.70459	13.44879	0.650	183.3
2020-03-28T00:01	85.70282	13.44714	0.640	184.0
2020-03-28T00:11	85.70104	13.44563	0.641	183.7
2020-03-28T00:21	85.69926	13.44408	0.643	183.7
2020-03-28T00:31	85.69748	13.44244	0.642	184.0
2020-03-28T00:41	85.69571	13.44074	0.640	184.1
2020-03-28T00:51	85.69397	13.43900	0.629	184.3
2020-03-28T01:01	85.69226	13.43730	0.617	184.3
2020-03-28T01:11	85.69060	13.43573	0.600	184.1
2020-03-28T01:21	85.68895	13.43435	0.592	183.6
2020-03-28T01:31	85.68732	13.43302	0.588	183.5
2020-03-28T01:41	85.68569	13.43188	0.591	183.0
2020-03-28T01:51	85.68409	13.43067	0.574	183.3
2020-03-28T02:01	85.68252	13.42950	0.569	183.2
2020-03-28T02:11	85.68095	13.42837	0.564	183.1
2020-03-28T02:21	85.67942	13.42701	0.555	183.8
2020-03-28T02:31	85.67789	13.42547	0.551	184.3
2020-03-28T02:41	85.67642	13.42391	0.531	184.6
2020-03-28T02:51	85.67491	13.42236	0.547	184.4
2020-03-28T03:01	85.67346	13.42095	0.522	184.2
2020-03-28T03:11	85.67200	13.41951	0.528	184.3
2020-03-28T03:21	85.67055	13.41803	0.522	184.4
2020-03-28T03:31	85.66913	13.41649	0.516	184.7
2020-03-28T03:41	85.66770	13.41485	0.516	185.0
2020-03-28T03:51	85.66627	13.41311	0.517	185.3
2020-03-28T04:01	85.66483	13.41131	0.520	185.4
2020-03-28T04:11	85.66336	13.40934	0.532	185.8
2020-03-28T04:21	85.66188	13.40716	0.534	186.4
2020-03-28T04:31	85.66040	13.40491	0.536	186.6
2020-03-28T04:41	85.65892	13.40275	0.537	186.3
2020-03-28T04:51	85.65744	13.40045	0.536	186.7
2020-03-28T05:01	85.65597	13.39817	0.534	186.7
2020-03-28T05:11	85.65450	13.39551	0.534	187.8
2020-03-28T05:21	85.65302	13.39297	0.537	187.4
2020-03-28T05:31	85.65154	13.39027	0.540	187.9
2020-03-28T05:41	85.65005	13.38750	0.540	188.0
2020-03-28T05:51	85.64857	13.38479	0.539	187.9
2020-03-28T06:01	85.64710	13.38192	0.535	188.4
2020-03-28T06:11	85.64561	13.37910	0.543	188.2
2020-03-28T06:21	85.64407	13.37629	0.559	187.9
2020-03-28T06:31	85.64255	13.37338	0.552	188.3
2020-03-28T06:41	85.64103	13.37022	0.555	188.9
2020-03-28T06:51	85.63950	13.36720	0.557	188.6
2020-03-28T07:01	85.63796	13.36423	0.559	188.3
2020-03-28T07:11	85.63642	13.36146	0.561	187.8
2020-03-28T07:21	85.63488	13.35858	0.562	188.1
2020-03-28T07:31	85.63332	13.35555	0.564	188.5
2020-03-28T07:41	85.63176	13.35257	0.568	188.3
2020-03-28T07:51	85.63018	13.34957	0.576	188.2
2020-03-28T08:01	85.62858	13.34630	0.581	188.9
2020-03-28T08:11	85.62700	13.34309	0.577	188.8
2020-03-28T08:21	85.62544	13.33987	0.569	188.9
2020-03-28T08:31	85.62386	13.33645	0.575	189.4
2020-03-28T08:41	85.62228	13.33296	0.577	189.5
2020-03-28T08:51	85.62069	13.32936	0.580	189.8
2020-03-28T09:01	85.61911	13.32582	0.580	189.7
2020-03-28T09:11	85.61751	13.32218	0.584	189.9
2020-03-28T09:21	85.61591	13.31859	0.585	189.7
2020-03-28T09:31	85.61432	13.31491	0.580	190.0
2020-03-28T09:41	85.61272	13.31129	0.586	189.8
2020-03-28T09:51	85.61112	13.30743	0.584	190.5
2020-03-28T10:01	85.60952	13.30366	0.586	190.2
2020-03-28T10:11	85.60790	13.29988	0.590	190.2
2020-03-28T10:21	85.60629	13.29622	0.591	189.8
2020-03-28T10:31	85.60466	13.29240	0.595	190.2
2020-03-28T10:41	85.60302	13.28869	0.600	189.8
2020-03-28T10:51	85.60136	13.28465	0.606	190.6
2020-03-28T11:01	85.59972	13.28093	0.601	189.8
2020-03-28T11:11	85.59809	13.27712	0.595	190.2
2020-03-28T11:21	85.59648	13.27330	0.590	190.3
2020-03-28T11:31	85.59489	13.26961	0.582	190.1
2020-03-28T11:41	85.59332	13.26603	0.573	189.9
2020-03-28T11:51	85.59177	13.26246	0.569	190.0
2020-03-28T12:01	85.59021	13.25902	0.568	189.7
2020-03-28T12:11	85.58866	13.25555	0.567	189.8
2020-03-28T12:21	85.58713	13.25211	0.560	189.8
2020-03-28T12:31	85.58561	13.24874	0.553	189.7
2020-03-28T12:41	85.58411	13.24556	0.547	189.3
2020-03-28T12:51	85.58266	13.24268	0.530	188.7
2020-03-28T13:01	85.58118	13.24000	0.537	187.9
2020-03-28T13:11	85.57972	13.23755	0.532	187.3
2020-03-28T13:21	85.57826	13.23519	0.530	187.1
2020-03-28T13:31	85.57680	13.23289	0.528	186.9
2020-03-28T13:41	85.57535	13.23073	0.525	186.6
2020-03-28T13:51	85.57390	13.22882	0.526	185.8
2020-03-28T14:01	85.57245	13.22707	0.522	185.3
2020-03-28T14:11	85.57103	13.22554	0.514	184.7
2020-03-28T14:21	85.56962	13.22421	0.509	184.2
2020-03-28T14:31	85.56822	13.22306	0.505	183.6
2020-03-28T14:41	85.56684	13.22229	0.497	182.5
2020-03-28T14:51	85.56548	13.22176	0.488	181.7
2020-03-28T15:01	85.56413	13.22112	0.487	182.1
2020-03-28T15:11	85.56280	13.22083	0.480	181.0
2020-03-28T15:21	85.56147	13.22085	0.478	179.9
2020-03-28T15:31	85.56017	13.22101	0.468	179.5
2020-03-28T15:41	85.55888	13.22121	0.464	179.3
2020-03-28T15:51	85.55761	13.22144	0.459	179.2
2020-03-28T16:01	85.55635	13.22186	0.455	178.5
2020-03-28T16:11	85.55509	13.22215	0.452	179.0
2020-03-28T16:21	85.55384	13.22254	0.452	178.6
2020-03-28T16:31	85.55259	13.22304	0.451	178.2
2020-03-28T16:41	85.55133	13.22358	0.452	178.1
2020-03-28T16:51	85.55008	13.22412	0.451	178.1
2020-03-28T17:01	85.54883	13.22477	0.451	177.7
2020-03-28T17:11	85.54759	13.22552	0.445	177.3
2020-03-28T17:21	85.54636	13.22616	0.444	177.7
2020-03-28T17:31	85.54514	13.22669	0.441	178.1
2020-03-28T17:41	85.54391	13.22725	0.443	178.0
2020-03-28T17:51	85.54268	13.22784	0.441	177.8
2020-03-28T18:01	85.54146	13.22846	0.442	177.7
2020-03-28T18:11	85.54023	13.22911	0.441	177.7
2020-03-28T18:21	85.53901	13.22967	0.440	177.9
2020-03-28T18:31	85.53780	13.23013	0.439	178.3
2020-03-28T18:41	85.53658	13.23053	0.438	178.6
2020-03-28T18:51	85.53537	13.23082	0.437	178.9
2020-03-28T19:01	85.53415	13.23121	0.438	178.6
2020-03-28T19:11	85.53292	13.23144	0.442	179.2
2020-03-28T19:21	85.53169	13.23163	0.442	179.3
2020-03-28T19:31	85.53046	13.23175	0.442	179.6
2020-03-28T19:41	85.52923	13.23187	0.446	179.6
2020-03-28T19:51	85.52799	13.23188	0.446	180.0
2020-03-28T20:01	85.52673	13.23199	0.451	179.6
2020-03-28T20:11	85.52547	13.23224	0.455	179.1
2020-03-28T20:21	85.52420	13.23233	0.456	179.7
2020-03-28T20:31	85.52293	13.23263	0.457	179.0
2020-03-28T20:41	85.52166	13.23279	0.458	179.4
2020-03-28T20:51	85.52037	13.23295	0.464	179.4
2020-03-28T21:01	85.51909	13.23311	0.461	179.4
2020-03-28T21:11	85.51781	13.23326	0.460	179.5
2020-03-28T21:21	85.51655	13.23347	0.455	179.2
2020-03-28T21:31	85.51529	13.23353	0.456	179.8
2020-03-28T21:41	85.51400	13.23364	0.462	179.6
2020-03-28T21:51	85.51275	13.23403	0.453	178.6
2020-03-28T22:01	85.51147	13.23391	0.459	180.4
2020-03-28T22:11	85.51022	13.23371	0.452	180.7
2020-03-28T22:21	85.50896	13.23333	0.452	181.4
2020-03-28T22:31	85.50772	13.23301	0.446	181.2
2020-03-28T22:41	85.50650	13.23281	0.440	180.7
2020-03-28T22:51	85.50528	13.23247	0.440	181.3
2020-03-28T23:01	85.50408	13.23218	0.432	181.1
2020-03-28T23:11	85.50290	13.23236	0.426	179.3
2020-03-28T23:21	85.50171	13.23215	0.428	180.8
2020-03-28T23:31	85.50054	13.23205	0.421	180.4
2020-03-28T23:41	85.49938	13.23188	0.416	180.6
2020-03-28T23:51	85.49823	13.23191	0.414	179.9
2020-03-29T00:01	85.49710	13.23161	0.410	181.2
2020-03-29T00:11	85.49596	13.23150	0.410	180.5
2020-03-29T00:21	85.49483	13.23108	0.406	181.6
2020-03-29T00:31	85.49371	13.23082	0.403	181.1
2020-03-29T00:41	85.49260	13.23097	0.400	179.4
2020-03-29T00:51	85.49151	13.23110	0.394	179.5
2020-03-29T01:01	85.49042	13.23101	0.393	180.4
2020-03-29T01:11	85.48932	13.23077	0.393	181.0
2020-03-29T01:21	85.48823	13.23047	0.394	181.2
2020-03-29T01:31	85.48714	13.23029	0.392	180.7
2020-03-29T01:41	85.48606	13.22985	0.389	181.8
2020-03-29T01:51	85.48500	13.22973	0.381	180.5
2020-03-29T02:01	85.48395	13.22994	0.378	179.1
2020-03-29T02:11	85.48292	13.23014	0.373	179.1
2020-03-29T02:21	85.48189	13.23016	0.371	179.9
2020-03-29T02:31	85.48086	13.23018	0.369	179.9
2020-03-29T02:41	85.47985	13.23041	0.366	179.0
2020-03-29T02:51	85.47883	13.23092	0.365	177.8
2020-03-29T03:01	85.47781	13.23125	0.368	178.6
2020-03-29T03:11	85.47679	13.23151	0.367	178.8
2020-03-29T03:21	85.47578	13.23208	0.365	177.5
2020-03-29T03:31	85.47476	13.23275	0.368	177.1
2020-03-29T03:41	85.47374	13.23358	0.368	176.3
2020-03-29T03:51	85.47271	13.23405	0.371	177.9
2020-03-29T04:01	85.47167	13.23463	0.373	177.5
2020-03-29T04:11	85.47062	13.23496	0.378	178.6
2020-03-29T04:21	85.46958	13.23528	0.376	178.6
2020-03-29T04:31	85.46853	13.23550	0.378	179.0
2020-03-29T04:41	85.46749	13.23573	0.376	179.0
2020-03-29T04:51	85.46644	13.23601	0.377	178.8
2020-03-29T05:01	85.46540	13.23606	0.374	179.8
2020-03-29T05:11	85.46437	13.23624	0.370	179.2
2020-03-29T05:21	85.46334	13.23691	0.372	177.0
2020-03-29T05:31	85.46231	13.23773	0.373	176.4
2020-03-29T05:41	85.46129	13.23851	0.368	176.6
2020-03-29T05:51	85.46026	13.23942	0.371	176.0
2020-03-29T06:01	85.45924	13.23990	0.368	177.9
2020-03-29T06:11	85.45824	13.24065	0.359	176.6
2020-03-29T06:21	85.45725	13.24154	0.357	175.9
2020-03-29T06:31	85.45624	13.24113	0.363	181.8
2020-03-29T06:41	85.45523	13.24035	0.365	183.5
2020-03-29T06:51	85.45425	13.24010	0.355	181.1
2020-03-29T07:01	85.45327	13.23954	0.353	182.6
2020-03-29T07:11	85.45229	13.23893	0.352	182.9
2020-03-29T07:21	85.45132	13.23804	0.350	184.2
2020-03-29T07:31	85.45034	13.23760	0.355	182.0
2020-03-29T07:41	85.44935	13.23715	0.356	182.0
2020-03-29T07:51	85.44835	13.23672	0.359	182.0
2020-03-29T08:01	85.44736	13.23600	0.357	183.3
2020-03-29T08:11	85.44638	13.23507	0.353	184.3
2020-03-29T08:21	85.44541	13.23366	0.352	186.6
2020-03-29T08:31	85.44445	13.23248	0.347	185.5
2020-03-29T08:41	85.44351	13.23097	0.341	187.3
2020-03-29T08:51	85.44258	13.22987	0.338	185.3
2020-03-29T09:01	85.44165	13.22902	0.335	184.2
2020-03-29T09:11	85.44073	13.22766	0.334	186.7
2020-03-29T09:21	85.43978	13.22614	0.343	187.3
2020-03-29T09:31	85.43885	13.22465	0.339	187.3
2020-03-29T09:41	85.43792	13.22296	0.338	188.2
2020-03-29T09:51	85.43700	13.22161	0.335	186.6
2020-03-29T10:01	85.43608	13.22087	0.333	183.7
2020-03-29T10:11	85.43516	13.22024	0.329	183.2
2020-03-29T10:21	85.43426	13.21966	0.326	182.9
2020-03-29T10:31	85.43336	13.21903	0.325	183.2
2020-03-29T10:41	85.43246	13.21836	0.323	183.4
2020-03-29T10:51	85.43155	13.21734	0.329	185.1
2020-03-29T11:01	85.43063	13.21605	0.333	186.4
2020-03-29T11:11	85.42971	13.21484	0.335	185.9
2020-03-29T11:21	85.42878	13.21337	0.336	187.2
2020-03-29T11:31	85.42786	13.21173	0.333	188.1
2020-03-29T11:41	85.42695	13.21048	0.329	186.3
2020-03-29T11:51	85.42605	13.20936	0.329	185.6
2020-03-29T12:01	85.42513	13.20851	0.330	184.2
2020-03-29T12:11	85.42421	13.20735	0.333	185.7
2020-03-29T12:21	85.42330	13.20630	0.330	185.2
2020-03-29T12:31	85.42239	13.20545	0.327	184.3
2020-03-29T12:41	85.42149	13.20439	0.326	185.4
2020-03-29T12:51	85.42059	13.20323	0.325	185.9
2020-03-29T13:01	85.41971	13.20205	0.320	186.1
2020-03-29T13:11	85.41884	13.20093	0.316	185.9
2020-03-29T13:21	85.41796	13.19979	0.318	185.9
2020-03-29T13:31	85.41709	13.19860	0.313	186.2
2020-03-29T13:41	85.41624	13.19739	0.310	186.5
2020-03-29T13:51	85.41538	13.19627	0.310	185.9
2020-03-29T14:01	85.41454	13.19513	0.306	186.2
2020-03-29T14:11	85.41371	13.19412	0.300	185.5
2020-03-29T14:21	85.41290	13.19316	0.293	185.4
2020-03-29T14:31	85.41210	13.19227	0.288	185.1
2020-03-29T14:41	85.41132	13.19143	0.280	184.9
2020-03-29T14:51	85.41058	13.19007	0.270	188.4
2020-03-29T15:01	85.40985	13.18837	0.266	190.6
2020-03-29T15:11	85.40914	13.18714	0.260	187.8
2020-03-29T15:21	85.40842	13.18643	0.261	184.5
2020-03-29T15:31	85.40771	13.18593	0.255	183.2
2020-03-29T15:41	85.40701	13.18547	0.251	183.1
2020-03-29T15:51	85.40633	13.18506	0.246	182.7
2020-03-29T16:01	85.40566	13.18438	0.244	184.6
2020-03-29T16:11	85.40499	13.18362	0.239	185.3
2020-03-29T16:21	85.40435	13.18272	0.235	186.3
2020-03-29T16:31	85.40369	13.18174	0.238	186.8
2020-03-29T16:41	85.40302	13.18066	0.244	187.4
2020-03-29T16:51	85.40235	13.17952	0.242	187.8
2020-03-29T17:01	85.40169	13.17845	0.241	187.4
2020-03-29T17:11	85.40102	13.17745	0.241	186.9
2020-03-29T17:21	85.40036	13.17654	0.240	186.3
2020-03-29T17:31	85.39971	13.17562	0.237	186.5
2020-03-29T17:41	85.39905	13.17484	0.238	185.4
2020-03-29T17:51	85.39840	13.17397	0.234	186.2
2020-03-29T18:01	85.39776	13.17306	0.232	186.5
2020-03-29T18:11	85.39717	13.17247	0.214	184.5
2020-03-29T18:21	85.39660	13.17196	0.206	184.2
2020-03-29T18:31	85.39604	13.17147	0.203	183.9
2020-03-29T18:41	85.39550	13.17107	0.195	183.4
2020-03-29T18:51	85.39495	13.17056	0.197	184.3
2020-03-29T19:01	85.39442	13.17015	0.193	183.5
2020-03-29T19:11	85.39389	13.16974	0.189	183.6
2020-03-29T19:21	85.39339	13.16946	0.180	182.6
2020-03-29T19:31	85.39289	13.16909	0.179	183.4
2020-03-29T19:41	85.39243	13.16850	0.170	185.8
2020-03-29T19:51	85.39196	13.16790	0.169	185.9
2020-03-29T20:01	85.39151	13.16764	0.160	182.6
2020-03-29T20:11	85.39111	13.16769	0.147	179.5
2020-03-29T20:21	85.39070	13.16758	0.146	181.3
2020-03-29T20:31	85.39028	13.16734	0.151	182.6
2020-03-29T20:41	85.38988	13.16695	0.146	184.4
2020-03-29T20:51	85.38946	13.16617	0.153	188.6
2020-03-29T21:01	85.38905	13.16534	0.150	189.2
2020-03-29T21:11	85.38866	13.16451	0.143	189.7
2020-03-29T21:21	85.38830	13.16374	0.132	189.8
2020-03-29T21:31	85.38796	13.16345	0.122	184.0
2020-03-29T21:41	85.38764	13.16325	0.114	182.8
2020-03-29T21:51	85.38734	13.16286	0.109	186.1
2020-03-29T22:01	85.38705	13.16243	0.104	186.8
2020-03-29T22:11	85.38679	13.16220	0.097	184.0
2020-03-29T22:21	85.38651	13.16193	0.100	184.4
2020-03-29T22:31	85.38623	13.16170	0.102	183.9
2020-03-29T22:41	85.38595	13.16152	0.102	182.9
2020-03-29T22:51	85.38567	13.16129	0.099	183.8
2020-03-29T23:01	85.38541	13.16106	0.094	184.1
2020-03-29T23:11	85.38515	13.16087	0.094	183.3
2020-03-29T23:21	85.38491	13.16074	0.085	182.5
2020-03-29T23:31	85.38470	13.16055	0.076	184.2
2020-03-29T23:41	85.38450	13.16042	0.076	182.9
2020-03-29T23:51	85.38430	13.16024	0.072	184.1
2020-03-30T00:01	85.38411	13.16002	0.067	185.6
2020-03-30T00:11	85.38394	13.15986	0.062	184.4
2020-03-30T00:21	85.38376	13.15962	0.067	186.0
2020-03-30T00:31	85.38355	13.15955	0.076	181.5
2020-03-30T00:41	85.38332	13.15945	0.083	182.0
2020-03-30T00:51	85.38309	13.15942	0.081	180.6
2020-03-30T01:01	85.38287	13.15936	0.081	181.1
2020-03-30T01:11	85.38265	13.15930	0.078	181.3
2020-03-30T01:21	85.38243	13.15922	0.080	181.8
2020-03-30T01:31	85.38222	13.15943	0.075	175.4
2020-03-30T01:41	85.38202	13.15961	0.072	175.8
2020-03-30T01:51	85.38182	13.15969	0.074	178.2
2020-03-30T02:01	85.38162	13.15962	0.069	181.6
2020-03-30T02:11	85.38143	13.15952	0.069	182.3
2020-03-30T02:21	85.38124	13.15930	0.071	185.2
2020-03-30T02:31	85.38106	13.15916	0.063	183.7
2020-03-30T02:41	85.38090	13.15921	0.058	178.7
2020-03-30T02:51	85.38077	13.15934	0.049	175.5
2020-03-30T03:01	85.38065	13.15954	0.043	172.1
2020-03-30T03:11	85.38056	13.15972	0.032	170.7
2020-03-30T03:21	85.38048	13.16003	0.029	162.4
2020-03-30T03:31	85.38043	13.16016	0.020	169.5
2020-03-30T03:41	85.38034	13.16013	0.032	181.5
2020-03-30T03:51	85.38025	13.16024	0.033	174.5
2020-03-30T04:01	85.38014	13.16049	0.041	169.6
2020-03-30T04:11	85.38003	13.16083	0.039	165.3
2020-03-30T04:21	85.37994	13.16126	0.036	160.0
2020-03-30T04:31	85.37985	13.16183	0.035	151.9
2020-03-30T04:41	85.37978	13.16254	0.034	143.1
2020-03-30T04:51	85.37970	13.16313	0.032	147.4
2020-03-30T05:01	85.37962	13.16363	0.031	152.7
2020-03-30T05:11	85.37956	13.16413	0.027	148.4
2020-03-30T05:21	85.37951	13.16465	0.024	141.8
2020-03-30T05:31	85.37946	13.16522	0.023	133.5
2020-03-30T05:41	85.37943	13.16581	0.021	127.2
2020-03-30T05:51	85.37938	13.16644	0.024	130.5
2020-03-30T06:01	85.37933	13.16724	0.030	129.3
2020-03-30T06:11	85.37928	13.16806	0.029	125.3
2020-03-30T06:21	85.37924	13.16878	0.027	129.0
2020-03-30T06:31	85.37921	13.16938	0.020	121.2
2020-03-30T06:41	85.37917	13.17016	0.027	122.9
2020-03-30T06:51	85.37912	13.17087	0.026	129.1
2020-03-30T07:01	85.37905	13.17163	0.032	136.8
2020-03-30T07:11	85.37900	13.17231	0.028	136.0
2020-03-30T07:21	85.37895	13.17295	0.025	131.9
2020-03-30T07:31	85.37890	13.17361	0.026	131.5
2020-03-30T07:41	85.37882	13.17438	0.037	143.5
2020-03-30T07:51	85.37875	13.17538	0.039	131.6
2020-03-30T08:01	85.37869	13.17625	0.032	128.6
2020-03-30T08:11	85.37863	13.17731	0.037	124.8
2020-03-30T08:21	85.37856	13.17851	0.044	127.6
2020-03-30T08:31	85.37848	13.17971	0.044	127.9
2020-03-30T08:41	85.37839	13.18087	0.048	135.8
2020-03-30T08:51	85.37828	13.18210	0.054	138.4
2020-03-30T09:01	85.37816	13.18332	0.054	139.1
2020-03-30T09:11	85.37804	13.18463	0.059	139.6
2020-03-30T09:21	85.37792	13.18592	0.056	138.5
2020-03-30T09:31	85.37782	13.18713	0.051	136.7
2020-03-30T09:41	85.37771	13.18835	0.052	137.9
2020-03-30T09:51	85.37761	13.18947	0.048	137.0
2020-03-30T10:01	85.37751	13.19071	0.051	134.8
2020-03-30T10:11	85.37742	13.19195	0.050	133.8
2020-03-30T10:21	85.37731	13.19347	0.058	130.6
2020-03-30T10:31	85.37719	13.19490	0.061	137.2
2020-03-30T10:41	85.37705	13.19635	0.066	140.6
2020-03-30T10:51	85.37691	13.19769	0.062	141.3
2020-03-30T11:01	85.37677	13.19908	0.065	141.7
2020-03-30T11:11	85.37664	13.20016	0.057	146.6
2020-03-30T11:21	85.37649	13.20141	0.063	145.3
2020-03-30T11:31	85.37635	13.20263	0.063	145.8
2020-03-30T11:41	85.37618	13.20413	0.073	143.4
2020-03-30T11:51	85.37599	13.20573	0.085	146.9
2020-03-30T12:01	85.37579	13.20712	0.080	149.8
2020-03-30T12:11	85.37560	13.20843	0.080	151.8
2020-03-30T12:21	85.37542	13.20985	0.076	147.2
2020-03-30T12:31	85.37522	13.21175	0.092	142.9
2020-03-30T12:41	85.37508	13.21360	0.073	132.7
2020-03-30T12:51	85.37496	13.21567	0.075	126.2
2020-03-30T13:01	85.37482	13.21772	0.078	130.2
2020-03-30T13:11	85.37467	13.21971	0.078	131.9
2020-03-30T13:21	85.37451	13.22234	0.097	128.3
2020-03-30T13:31	85.37434	13.22467	0.091	132.2
2020-03-30T13:41	85.37419	13.22710	0.089	127.1
2020-03-30T13:51	85.37406	13.22953	0.085	123.7
2020-03-30T14:01	85.37391	13.23217	0.094	125.0
2020-03-30T14:11	85.37376	13.23464	0.090	127.0
2020-03-30T14:21	85.37359	13.23723	0.097	129.1
2020-03-30T14:31	85.37339	13.23990	0.106	132.7
2020-03-30T14:41	85.37317	13.24270	0.112	133.7
2020-03-30T14:51	85.37296	13.24544	0.110	133.3
2020-03-30T15:01	85.37274	13.24840	0.118	133.3
2020-03-30T15:11	85.37250	13.25153	0.125	133.2
2020-03-30T15:21	85.37226	13.25475	0.127	132.7
2020-03-30T15:31	85.37203	13.25826	0.131	129.0
2020-03-30T15:41	85.37174	13.26211	0.154	133.6
2020-03-30T15:51	85.37146	13.26577	0.145	132.7
2020-03-30T16:01	85.37125	13.26902	0.122	129.2
2020-03-30T16:11	85.37103	13.27231	0.124	129.6
2020-03-30T16:21	85.37081	13.27571	0.126	128.3
2020-03-30T16:31	85.37062	13.27912	0.122	125.8
2020-03-30T16:41	85.37038	13.28261	0.133	130.2
2020-03-30T16:51	85.37011	13.28648	0.148	130.6
2020-03-30T17:01	85.36987	13.29027	0.140	128.1
2020-03-30T17:11	85.36963	13.29408	0.140	127.6
2020-03-30T17:21	85.36943	13.29775	0.130	124.9
2020-03-30T17:31	85.36920	13.30185	0.143	123.9
2020-03-30T17:41	85.36898	13.30605	0.147	124.0
2020-03-30T17:51	85.36875	13.31012	0.144	124.7
2020-03-30T18:01	85.36848	13.31421	0.152	128.6
2020-03-30T18:11	85.36820	13.31838	0.159	130.6
2020-03-30T18:21	85.36790	13.32257	0.161	130.9
2020-03-30T18:31	85.36762	13.32675	0.159	129.9
2020-03-30T18:41	85.36735	13.33104	0.159	128.2
2020-03-30T18:51	85.36706	13.33566	0.170	127.8
2020-03-30T19:01	85.36674	13.34022	0.174	130.5
2020-03-30T19:11	85.36643	13.34490	0.177	129.6
2020-03-30T19:21	85.36613	13.34946	0.172	129.3
2020-03-30T19:31	85.36585	13.35376	0.160	128.6
2020-03-30T19:41	85.36554	13.35811	0.170	132.0
2020-03-30T19:51	85.36520	13.36248	0.176	133.7
2020-03-30T20:01	85.36484	13.36696	0.183	134.4
2020-03-30T20:11	85.36447	13.37136	0.187	136.7
2020-03-30T20:21	85.36407	13.37570	0.191	138.6
2020-03-30T20:31	85.36364	13.38001	0.199	140.9
2020-03-30T20:41	85.36321	13.38421	0.198	141.8
2020-03-30T20:51	85.36278	13.38843	0.198	141.7
2020-03-30T21:01	85.36231	13.39275	0.210	143.2
2020-03-30T21:11	85.36183	13.39685	0.211	145.5
2020-03-30T21:21	85.36133	13.40090	0.216	146.9
2020-03-30T21:31	85.36080	13.40485	0.222	148.7
2020-03-30T21:41	85.36025	13.40899	0.232	148.7
2020-03-30T21:51	85.35968	13.41244	0.228	153.9
2020-03-30T22:01	85.35910	13.41622	0.236	152.2
2020-03-30T22:11	85.35854	13.42006	0.232	151.2
2020-03-30T22:21	85.35799	13.42411	0.230	149.0
2020-03-30T22:31	85.35745	13.42814	0.225	148.6
2020-03-30T22:41	85.35691	13.43224	0.229	148.6
2020-03-30T22:51	85.35639	13.43618	0.219	148.3
2020-03-30T23:01	85.35586	13.44048	0.230	147.0
2020-03-30T23:11	85.35531	13.44470	0.232	148.0
2020-03-30T23:21	85.35474	13.44957	0.250	145.4
2020-03-30T23:31	85.35414	13.45465	0.262	145.6
2020-03-30T23:41	85.35355	13.45984	0.260	144.5
2020-03-30T23:51	85.35296	13.46498	0.261	144.9
2020-03-31T00:01	85.35236	13.47012	0.262	145.1
2020-03-31T00:11	85.35175	13.47519	0.266	146.2
2020-03-31T00:21	85.35115	13.48043	0.264	144.6
2020-03-31T00:31	85.35054	13.48577	0.269	144.7
2020-03-31T00:41	85.34991	13.49116	0.275	145.1
2020-03-31T00:51	85.34928	13.49653	0.275	145.2
2020-03-31T01:01	85.34872	13.50184	0.255	142.6
2020-03-31T01:11	85.34812	13.50728	0.268	143.6
2020-03-31T01:21	85.34750	13.51307	0.279	142.8
2020-03-31T01:31	85.34685	13.51895	0.292	144.0
2020-03-31T01:41	85.34619	13.52480	0.291	144.0
2020-03-31T01:51	85.34553	13.53101	0.301	142.9
2020-03-31T02:01	85.34487	13.53732	0.300	142.1
2020-03-31T02:11	85.34420	13.54368	0.303	142.2
2020-03-31T02:21	85.34355	13.55021	0.304	141.1
2020-03-31T02:31	85.34289	13.55684	0.306	140.6
2020-03-31T02:41	85.34224	13.56349	0.304	140.2
2020-03-31T02:51	85.34157	13.57018	0.310	140.9
2020-03-31T03:01	85.34090	13.57699	0.314	140.7
2020-03-31T03:11	85.34021	13.58390	0.320	140.9
2020-03-31T03:21	85.33952	13.59064	0.315	141.2
2020-03-31T03:31	85.33883	13.59738	0.318	141.6
2020-03-31T03:41	85.33814	13.60406	0.318	142.0
2020-03-31T03:51	85.33745	13.61056	0.311	142.3
2020-03-31T04:01	85.33676	13.61722	0.316	141.9
2020-03-31T04:11	85.33608	13.62387	0.313	141.6
2020-03-31T04:21	85.33541	13.63089	0.318	139.8
2020-03-31T04:31	85.33473	13.63799	0.319	139.3
2020-03-31T04:41	85.33407	13.64503	0.316	139.4
2020-03-31T04:51	85.33342	13.65228	0.317	137.9
2020-03-31T05:01	85.33277	13.65971	0.319	137.0
2020-03-31T05:11	85.33212	13.66740	0.325	136.1
2020-03-31T05:21	85.33147	13.67526	0.328	135.4
2020-03-31T05:31	85.33084	13.68333	0.329	133.9
2020-03-31T05:41	85.33019	13.69171	0.338	133.5
2020-03-31T05:51	85.32953	13.70041	0.348	132.8
2020-03-31T06:01	85.32887	13.70923	0.351	132.6
2020-03-31T06:11	85.32820	13.71827	0.360	132.6
2020-03-31T06:21	85.32753	13.72733	0.357	131.9
2020-03-31T06:31	85.32685	13.73670	0.370	132.0
2020-03-31T06:41	85.32616	13.74565	0.361	133.3
2020-03-31T06:51	85.32545	13.75486	0.372	133.3
2020-03-31T07:01	85.32475	13.76425	0.374	132.5
2020-03-31T07:11	85.32404	13.77379	0.378	132.2
2020-03-31T07:21	85.32332	13.78333	0.382	132.9
2020-03-31T07:31	85.32258	13.79294	0.387	133.3
2020-03-31T07:41	85.32186	13.80251	0.383	132.9
2020-03-31T07:51	85.32111	13.81191	0.387	134.4
2020-03-31T08:01	85.32037	13.82155	0.389	133.2
2020-03-31T08:11	85.31959	13.83146	0.404	133.9
2020-03-31T08:21	85.31880	13.84163	0.413	133.7
2020-03-31T08:31	85.31799	13.85168	0.415	134.6
2020-03-31T08:41	85.31720	13.86177	0.412	134.0
2020-03-31T08:51	85.31640	13.87181	0.411	134.2
2020-03-31T09:01	85.31556	13.88204	0.427	135.2
2020-03-31T09:11	85.31469	13.89228	0.435	136.1
2020-03-31T09:21	85.31382	13.90239	0.433	136.6
2020-03-31T09:31	85.31290	13.91230	0.441	138.6
2020-03-31T09:41	85.31194	13.92219	0.451	139.8
2020-03-31T09:51	85.31100	13.93199	0.445	139.6
2020-03-31T10:01	85.31005	13.94200	0.452	139.3
2020-03-31T10:11	85.30908	13.95160	0.447	140.8
2020-03-31T10:21	85.30810	13.96145	0.459	140.8
2020-03-31T10:31	85.30709	13.97114	0.462	141.8
2020-03-31T10:41	85.30606	13.98067	0.465	142.9
2020-03-31T10:51	85.30495	13.98999	0.485	145.5
2020-03-31T11:01	85.30379	13.99944	0.501	146.2
2020-03-31T11:11	85.30265	14.00899	0.500	145.7
2020-03-31T11:21	85.30157	14.01876	0.482	143.3
2020-03-31T11:31	85.30049	14.02876	0.488	142.8
2020-03-31T11:41	85.29940	14.03873	0.493	143.3
2020-03-31T11:51	85.29827	14.04866	0.500	144.1
2020-03-31T12:01	85.29713	14.05868	0.508	144.4
2020-03-31T12:11	85.29592	14.06866	0.524	145.8
2020-03-31T12:21	85.29470	14.07836	0.526	147.0
2020-03-31T12:31	85.29347	14.08814	0.529	146.9
2020-03-31T12:41	85.29224	14.09782	0.527	147.1
2020-03-31T12:51	85.29101	14.10752	0.526	147.0
2020-03-31T13:01	85.28979	14.11738	0.528	146.5
2020-03-31T13:11	85.28856	14.12708	0.528	147.1
2020-03-31T13:21	85.28733	14.13682	0.526	146.8
2020-03-31T13:31	85.28611	14.14695	0.532	145.7
2020-03-31T13:41	85.28489	14.15727	0.536	145.2
2020-03-31T13:51	85.28369	14.16766	0.529	144.5
2020-03-31T14:01	85.28250	14.17793	0.528	144.8
2020-03-31T14:11	85.28130	14.18820	0.528	144.8
2020-03-31T14:21	85.28010	14.19837	0.526	145.1
2020-03-31T14:31	85.27891	14.20866	0.527	144.7
2020-03-31T14:41	85.27770	14.21946	0.539	143.6
2020-03-31T14:51	85.27653	14.22966	0.519	144.4
2020-03-31T15:01	85.27538	14.23956	0.508	144.7
2020-03-31T15:11	85.27422	14.25010	0.522	143.2
2020-03-31T15:21	85.27306	14.26072	0.522	142.8
2020-03-31T15:31	85.27189	14.27148	0.529	142.9
2020-03-31T15:41	85.27072	14.28241	0.532	142.4
2020-03-31T15:51	85.26956	14.29328	0.528	142.3
2020-03-31T16:01	85.26839	14.30435	0.534	142.0
2020-03-31T16:11	85.26723	14.31564	0.537	141.4
2020-03-31T16:21	85.26605	14.32693	0.541	141.7
2020-03-31T16:31	85.26485	14.33862	0.553	141.0
2020-03-31T16:41	85.26369	14.35026	0.544	140.5
2020-03-31T16:51	85.26251	14.36201	0.549	140.4
2020-03-31T17:01	85.26135	14.37345	0.540	141.0
2020-03-31T17:11	85.26024	14.38475	0.521	139.9
2020-03-31T17:21	85.25908	14.39665	0.548	139.8
2020-03-31T17:31	85.25792	14.40884	0.552	138.9
2020-03-31T17:41	85.25676	14.42111	0.556	139.0
2020-03-31T17:51	85.25560	14.43360	0.560	138.3
2020-03-31T18:01	85.25444	14.44618	0.559	137.9
2020-03-31T18:11	85.25330	14.45892	0.559	137.2
2020-03-31T18:21	85.25217	14.47178	0.559	136.7
2020-03-31T18:31	85.25104	14.48474	0.560	136.4
2020-03-31T18:41	85.24993	14.49786	0.560	135.7
2020-03-31T18:51	85.24882	14.51083	0.557	136.0
2020-03-31T19:01	85.24759	14.52399	0.591	138.4
2020-03-31T19:11	85.24635	14.53707	0.592	138.7
2020-03-31T19:21	85.24507	14.55060	0.615	138.9
2020-03-31T19:31	85.24385	14.56438	0.602	136.9
2020-03-31T19:41	85.24261	14.57800	0.603	137.6
2020-03-31T19:51	85.24129	14.59217	0.635	138.2
2020-03-31T20:01	85.23999	14.60622	0.629	138.1
2020-03-31T20:11	85.23872	14.62030	0.623	137.5
2020-03-31T20:21	85.23746	14.63452	0.620	136.7
2020-03-31T20:31	85.23620	14.64883	0.624	136.7
2020-03-31T20:41	85.23495	14.66319	0.623	136.4
2020-03-31T20:51	85.23369	14.67757	0.624	136.4
2020-03-31T21:01	85.23244	14.69213	0.628	136.1
2020-03-31T21:11	85.23118	14.70670	0.630	136.2
2020-03-31T21:21	85.22988	14.72127	0.639	136.9
2020-03-31T21:31	85.22857	14.73586	0.642	137.1
2020-03-31T21:41	85.22725	14.75062	0.650	137.1
2020-03-31T21:51	85.22592	14.76558	0.656	136.9
2020-03-31T22:01	85.22458	14.78049	0.658	137.2
2020-03-31T22:11	85.22323	14.79544	0.660	137.2
2020-03-31T22:21	85.22189	14.81019	0.655	137.5
2020-03-31T22:31	85.22054	14.82470	0.653	138.2
2020-03-31T22:41	85.21918	14.83900	0.651	138.7
2020-03-31T22:51	85.21781	14.85330	0.653	138.9
2020-03-31T23:01	85.21642	14.86752	0.657	139.4
2020-03-31T23:11	85.21503	14.88151	0.654	140.0
2020-03-31T23:21	85.21363	14.89540	0.655	140.4
2020-03-31T23:31	85.21223	14.90922	0.653	140.5
2020-03-31T23:41	85.21084	14.92281	0.647	140.8
2020-03-31T23:51	85.20944	14.93628	0.646	141.2
2020-04-01T00:01	85.20805	14.94960	0.642	141.4
2020-04-01T00:11	85.20665	14.96263	0.637	142.0
2020-04-01T00:21	85.20526	14.97554	0.635	142.3
2020-04-01T00:31	85.20386	14.98831	0.633	142.6
2020-04-01T00:41	85.20247	15.00088	0.626	142.8
2020-04-01T00:51	85.20109	15.01321	0.622	143.4
2020-04-01T01:01	85.19970	15.02538	0.620	143.7
2020-04-01T01:11	85.19832	15.03726	0.612	144.2
2020-04-01T01:21	85.19693	15.04890	0.610	144.9
2020-04-01T01:31	85.19556	15.06039	0.603	144.9
2020-04-01T01:41	85.19419	15.07173	0.601	145.3
2020-04-01T01:51	85.19282	15.08290	0.597	145.7
2020-04-01T02:01	85.19145	15.09395	0.595	145.9
2020-04-01T02:11	85.19009	15.10500	0.593	145.8
2020-04-01T02:21	85.18874	15.11595	0.589	145.8
2020-04-01T02:31	85.18740	15.12678	0.583	145.8
2020-04-01T02:41	85.18606	15.13750	0.582	146.2
2020-04-01T02:51	85.18473	15.14814	0.577	146.2
2020-04-01T03:01	85.18340	15.15888	0.578	145.9
2020-04-01T03:11	85.18207	15.16953	0.575	145.9
2020-04-01T03:21	85.18076	15.18008	0.571	146.0
2020-04-01T03:31	85.17946	15.19067	0.568	145.6
2020-04-01T03:41	85.17815	15.20105	0.567	146.3
2020-04-01T03:51	85.17683	15.21144	0.568	146.4
2020-04-01T04:01	85.17554	15.22171	0.560	146.3
2020-04-01T04:11	85.17428	15.23172	0.546	146.3
2020-04-01T04:21	85.17296	15.24214	0.571	146.4
2020-04-01T04:31	85.17168	15.25224	0.554	146.4
2020-04-01T04:41	85.17042	15.26198	0.541	146.9
2020-04-01T04:51	85.16914	15.27160	0.543	147.5
2020-04-01T05:01	85.16788	15.28125	0.542	147.3
2020-04-01T05:11	85.16662	15.29076	0.538	147.5
2020-04-01T05:21	85.16535	15.30011	0.536	148.0
2020-04-01T05:31	85.16410	15.30928	0.531	148.4
2020-04-01T05:41	85.16284	15.31830	0.529	148.9
2020-04-01T05:51	85.16159	15.32721	0.526	149.0
2020-04-01T06:01	85.16031	15.33626	0.536	149.1
2020-04-01T06:11	85.15909	15.34459	0.508	150.1
2020-04-01T06:21	85.15781	15.35308	0.528	150.7
2020-04-01T06:31	85.15658	15.36103	0.502	151.2
2020-04-01T06:41	85.15532	15.36890	0.513	152.2
2020-04-01T06:51	85.15407	15.37655	0.510	152.8
2020-04-01T07:01	85.15281	15.38403	0.507	153.4
2020-04-01T07:11	85.15154	15.39143	0.509	153.7
2020-04-01T07:21	85.15026	15.39855	0.508	154.8
2020-04-01T07:31	85.14900	15.40548	0.501	155.1
2020-04-01T07:41	85.14774	15.41214	0.498	155.9
2020-04-01T07:51	85.14647	15.41869	0.498	156.4
2020-04-01T08:01	85.14521	15.42510	0.494	156.7
2020-04-01T08:11	85.14394	15.43141	0.495	157.2
2020-04-01T08:21	85.14268	15.43751	0.491	157.7
2020-04-01T08:31	85.14141	15.44345	0.491	158.3
2020-04-01T08:41	85.14014	15.44919	0.490	159.1
2020-04-01T08:51	85.13887	15.45476	0.490	159.7
2020-04-01T09:01	85.13759	15.46003	0.488	160.8
2020-04-01T09:11	85.13629	15.46506	0.491	161.8
2020-04-01T09:21	85.13499	15.46988	0.490	162.5
2020-04-01T09:31	85.13368	15.47437	0.492	163.8
2020-04-01T09:41	85.13236	15.47858	0.494	164.9
2020-04-01T09:51	85.13102	15.48261	0.496	165.6
2020-04-01T10:01	85.12970	15.48637	0.492	166.5
2020-04-01T10:11	85.12837	15.48992	0.491	167.2
2020-04-01T10:21	85.12702	15.49331	0.495	167.9
2020-04-01T10:31	85.12568	15.49664	0.493	168.1
2020-04-01T10:41	85.12432	15.49975	0.498	169.0
2020-04-01T10:51	85.12296	15.50269	0.500	169.6
2020-04-01T11:01	85.12158	15.50543	0.504	170.4
2020-04-01T11:11	85.12018	15.50799	0.509	171.1
2020-04-01T11:21	85.11878	15.51029	0.510	172.1
2020-04-01T11:31	85.11736	15.51236	0.513	172.9
2020-04-01T11:41	85.11594	15.51431	0.514	173.3
2020-04-01T11:51	85.11451	15.51607	0.518	174.0
2020-04-01T12:01	85.11309	15.51761	0.515	174.7
2020-04-01T12:11	85.11164	15.51902	0.523	175.2
2020-04-01T12:21	85.11020	15.52017	0.520	176.1
2020-04-01T12:31	85.10876	15.52110	0.519	176.8
2020-04-01T12:41	85.10731	15.52196	0.523	177.1
2020-04-01T12:51	85.10587	15.52267	0.518	177.6
2020-04-01T13:01	85.10444	15.52334	0.515	177.7
2020-04-01T13:11	85.10300	15.52392	0.517	178.0
2020-04-01T13:21	85.10158	15.52440	0.513	178.3
2020-04-01T13:31	85.10016	15.52478	0.510	178.7
2020-04-01T13:41	85.09875	15.52509	0.509	178.9
2020-04-01T13:51	85.09736	15.52523	0.501	179.5
2020-04-01T14:01	85.09597	15.52519	0.499	180.1
2020-04-01T14:11	85.09458	15.52505	0.503	180.5
2020-04-01T14:21	85.09326	15.52470	0.473	181.3
2020-04-01T14:31	85.09194	15.52428	0.475	181.6
2020-04-01T14:41	85.09065	15.52374	0.468	182.0
2020-04-01T14:51	85.08936	15.52308	0.462	182.6
2020-04-01T15:01	85.08810	15.52237	0.456	182.7
2020-04-01T15:11	85.08685	15.52172	0.449	182.6
2020-04-01T15:21	85.08563	15.52097	0.441	183.0
2020-04-01T15:31	85.08442	15.52034	0.436	182.6
2020-04-01T15:41	85.08323	15.51973	0.428	182.5
2020-04-01T15:51	85.08207	15.51925	0.419	182.0
2020-04-01T16:01	85.08092	15.51893	0.415	181.4
2020-04-01T16:11	85.07979	15.51862	0.407	181.3
2020-04-01T16:21	85.07866	15.51827	0.404	181.5
2020-04-01T16:31	85.07756	15.51788	0.398	181.7
2020-04-01T16:41	85.07646	15.51752	0.394	181.6
2020-04-01T16:51	85.07537	15.51725	0.393	181.2
2020-04-01T17:01	85.07430	15.51685	0.385	181.8
2020-04-01T17:11	85.07322	15.51645	0.389	181.8
2020-04-01T17:21	85.07215	15.51601	0.386	182.0
2020-04-01T17:31	85.07108	15.51554	0.386	182.1
2020-04-01T17:41	85.07003	15.51511	0.380	182.0
2020-04-01T17:51	85.06898	15.51459	0.377	182.5
2020-04-01T18:01	85.06796	15.51403	0.369	182.7
2020-04-01T18:11	85.06693	15.51346	0.370	182.7
2020-04-01T18:21	85.06591	15.51283	0.366	183.1
2020-04-01T18:31	85.06490	15.51221	0.365	183.0
2020-04-01T18:41	85.06390	15.51165	0.360	182.8
2020-04-01T18:51	85.06289	15.51112	0.365	182.6
2020-04-01T19:01	85.06190	15.51070	0.356	182.1
2020-04-01T19:11	85.06093	15.51047	0.350	181.2
2020-04-01T19:21	85.05997	15.51043	0.345	180.2
2020-04-01T19:31	85.05902	15.51058	0.343	179.2
2020-04-01T19:41	85.05810	15.51084	0.333	178.6
2020-04-01T19:51	85.05716	15.51131	0.338	177.6
2020-04-01T20:01	85.05622	15.51180	0.338	177.4
2020-04-01T20:11	85.05527	15.51215	0.341	178.2
2020-04-01T20:21	85.05434	15.51237	0.338	178.8
2020-04-01T20:31	85.05340	15.51231	0.336	180.3
2020-04-01T20:41	85.05247	15.51220	0.337	180.6
2020-04-01T20:51	85.05153	15.51189	0.339	181.6
2020-04-01T21:01	85.05058	15.51135	0.342	182.8
2020-04-01T21:11	85.04961	15.51076	0.347	183.0
2020-04-01T21:21	85.04865	15.51005	0.349	183.6
2020-04-01T21:31	85.04764	15.50896	0.364	185.4
2020-04-01T21:41	85.04659	15.50755	0.382	186.6
2020-04-01T21:51	85.04550	15.50587	0.393	187.6
2020-04-01T22:01	85.04439	15.50380	0.408	189.1
2020-04-01T22:11	85.04325	15.50152	0.415	189.8
2020-04-01T22:21	85.04209	15.49879	0.425	191.5
2020-04-01T22:31	85.04093	15.49577	0.429	192.7
2020-04-01T22:41	85.03976	15.49240	0.433	194.0
2020-04-01T22:51	85.03859	15.48898	0.437	194.1
2020-04-01T23:01	85.03741	15.48492	0.443	196.6
2020-04-01T23:11	85.03621	15.48043	0.455	197.9
2020-04-01T23:21	85.03499	15.47562	0.463	198.9
2020-04-01T23:31	85.03377	15.47037	0.470	200.4
2020-04-01T23:41	85.03257	15.46475	0.465	202.1
2020-04-01T23:51	85.03135	15.45902	0.474	202.2
2020-04-02T00:01	85.03013	15.45306	0.476	203.0
2020-04-02T00:11	85.02892	15.44688	0.476	203.9
2020-04-02T00:21	85.02771	15.44072	0.476	203.8
2020-04-02T00:31	85.02650	15.43453	0.476	203.9
2020-04-02T00:41	85.02530	15.42814	0.476	204.8
2020-04-02T00:51	85.02411	15.42172	0.474	205.0
2020-04-02T01:01	85.02292	15.41523	0.472	205.4
2020-04-02T01:11	85.02175	15.40856	0.473	206.1
2020-04-02T01:21	85.02057	15.40193	0.470	206.2
2020-04-02T01:31	85.01940	15.39507	0.474	206.9
2020-04-02T01:41	85.01822	15.38817	0.476	207.0
2020-04-02T01:51	85.01705	15.38084	0.479	208.6
2020-04-02T02:01	85.01589	15.37369	0.476	208.0
2020-04-02T02:11	85.01473	15.36657	0.474	208.1
2020-04-02T02:21	85.01357	15.35934	0.472	208.6
2020-04-02T02:31	85.01243	15.35206	0.470	209.0
2020-04-02T02:41	85.01130	15.34476	0.468	209.2
2020-04-02T02:51	85.01017	15.33744	0.467	209.4
2020-04-02T03:01	85.00905	15.33017	0.464	209.4
2020-04-02T03:11	85.00793	15.32288	0.463	209.6
2020-04-02T03:21	85.00681	15.31557	0.464	209.6
2020-04-02T03:31	85.00571	15.30834	0.456	209.7
2020-04-02T03:41	85.00462	15.30123	0.452	209.5
2020-04-02T03:51	85.00352	15.29416	0.454	209.2
2020-04-02T04:01	85.00243	15.28716	0.450	209.2
2020-04-02T04:11	85.00134	15.28023	0.449	209.0
2020-04-02T04:21	85.00024	15.27355	0.446	208.1
2020-04-02T04:31	84.99915	15.26677	0.447	208.4
2020-04-02T04:41	84.99806	15.26008	0.445	208.1
2020-04-02T04:51	84.99698	15.25340	0.442	208.3
2020-04-02T05:01	84.99589	15.24678	0.443	208.0
2020-04-02T05:11	84.99481	15.24023	0.442	207.8
2020-04-02T05:21	84.99371	15.23381	0.443	207.1
2020-04-02T05:31	84.99262	15.22758	0.441	206.4
2020-04-02T05:41	84.99152	15.22147	0.440	205.9
2020-04-02T05:51	84.99041	15.21554	0.440	205.0
2020-04-02T06:01	84.98929	15.20984	0.442	203.9
2020-04-02T06:11	84.98816	15.20417	0.444	203.7
2020-04-02T06:21	84.98702	15.19867	0.445	202.9
2020-04-02T06:31	84.98588	15.19326	0.445	202.5
2020-04-02T06:41	84.98473	15.18789	0.448	202.2
2020-04-02T06:51	84.98358	15.18259	0.444	202.1
2020-04-02T07:01	84.98242	15.17734	0.449	201.6
2020-04-02T07:11	84.98125	15.17215	0.453	201.1
2020-04-02T07:21	84.98007	15.16679	0.456	201.7
2020-04-02T07:31	84.97889	15.16141	0.457	201.8
2020-04-02T07:41	84.97771	15.15601	0.459	201.7
2020-04-02T07:51	84.97652	15.15067	0.460	201.5
2020-04-02T08:01	84.97533	15.14535	0.458	201.5
2020-04-02T08:11	84.97415	15.13993	0.458	201.9
2020-04-02T08:21	84.97296	15.13445	0.463	201.9
2020-04-02T08:31	84.97176	15.12891	0.466	202.0
2020-04-02T08:41	84.97055	15.12336	0.469	201.9
2020-04-02T08:51	84.96935	15.11746	0.470	203.4
2020-04-02T09:01	84.96814	15.11164	0.476	202.7
2020-04-02T09:11	84.96692	15.10572	0.475	203.2
2020-04-02T09:21	84.96570	15.09966	0.481	203.5
2020-04-02T09:31	84.96447	15.09347	0.484	203.8
2020-04-02T09:41	84.96324	15.08721	0.486	204.0
2020-04-02T09:51	84.96201	15.08069	0.487	205.1
2020-04-02T10:01	84.96078	15.07410	0.491	205.2
2020-04-02T10:11	84.95954	15.06733	0.493	205.7
2020-04-02T10:21	84.95831	15.06043	0.494	206.2
2020-04-02T10:31	84.95709	15.05343	0.494	206.7
2020-04-02T10:41	84.95586	15.04631	0.497	207.0
2020-04-02T10:51	84.95462	15.03915	0.498	207.1
2020-04-02T11:01	84.95339	15.03181	0.502	207.6
2020-04-02T11:11	84.95215	15.02428	0.504	208.3
2020-04-02T11:21	84.95092	15.01658	0.507	208.8
2020-04-02T11:31	84.94968	15.00872	0.510	209.2
2020-04-02T11:41	84.94845	15.00067	0.514	209.8
2020-04-02T11:51	84.94720	14.99233	0.519	210.6
2020-04-02T12:01	84.94595	14.98378	0.526	211.0
2020-04-02T12:11	84.94470	14.97494	0.530	212.0
2020-04-02T12:21	84.94345	14.96592	0.535	212.3
2020-04-02T12:31	84.94217	14.95654	0.548	212.9
2020-04-02T12:41	84.94092	14.94708	0.542	213.7
2020-04-02T12:51	84.93970	14.93751	0.534	214.7
2020-04-02T13:01	84.93843	14.92732	0.560	215.4
2020-04-02T13:11	84.93719	14.91715	0.552	215.8
2020-04-02T13:21	84.93594	14.90693	0.555	215.8
2020-04-02T13:31	84.93468	14.89647	0.561	216.4
2020-04-02T13:41	84.93344	14.88588	0.559	217.0
2020-04-02T13:51	84.93221	14.87517	0.559	217.6
2020-04-02T14:01	84.93099	14.86432	0.560	218.0
2020-04-02T14:11	84.92977	14.85341	0.559	218.4
2020-04-02T14:21	84.92855	14.84245	0.561	218.4
2020-04-02T14:31	84.92734	14.83156	0.557	218.5
2020-04-02T14:41	84.92614	14.82060	0.556	218.9
2020-04-02T14:51	84.92494	14.80967	0.553	219.0
2020-04-02T15:01	84.92375	14.79866	0.555	219.2
2020-04-02T15:11	84.92256	14.78752	0.556	219.7
2020-04-02T15:21	84.92138	14.77641	0.554	219.8
2020-04-02T15:31	84.92019	14.76532	0.555	219.6
2020-04-02T15:41	84.91901	14.75424	0.553	219.7
2020-04-02T15:51	84.91783	14.74326	0.549	219.7
2020-04-02T16:01	84.91665	14.73231	0.550	219.4
2020-04-02T16:11	84.91548	14.72126	0.552	219.7
2020-04-02T16:21	84.91428	14.71017	0.557	219.5
2020-04-02T16:31	84.91310	14.69889	0.556	220.4
2020-04-02T16:41	84.91193	14.68754	0.556	220.7
2020-04-02T16:51	84.91076	14.67628	0.553	220.5
2020-04-02T17:01	84.90960	14.66496	0.555	220.7
2020-04-02T17:11	84.90843	14.65363	0.555	220.7
2020-04-02T17:21	84.90726	14.64231	0.556	220.6
2020-04-02T17:31	84.90608	14.63072	0.562	221.3
2020-04-02T17:41	84.90491	14.61914	0.562	221.2
2020-04-02T17:51	84.90373	14.60777	0.558	220.7
2020-04-02T18:01	84.90256	14.59650	0.555	220.6
2020-04-02T18:11	84.90139	14.58538	0.552	220.1
2020-04-02T18:21	84.90020	14.57431	0.555	219.7
2020-04-02T18:31	84.89906	14.56334	0.542	220.4
2020-04-02T18:41	84.89786	14.55182	0.567	220.6
2020-04-02T18:51	84.89668	14.54078	0.552	219.6
2020-04-02T19:01	84.89549	14.52980	0.553	219.5
2020-04-02T19:11	84.89430	14.51890	0.553	219.2
2020-04-02T19:21	84.89310	14.50813	0.553	218.6
2020-04-02T19:31	84.89191	14.49729	0.552	219.0
2020-04-02T19:41	84.89071	14.48662	0.550	218.4
2020-04-02T19:51	84.88950	14.47589	0.557	218.2
2020-04-02T20:01	84.88826	14.46529	0.561	217.3
2020-04-02T20:11	84.88702	14.45479	0.559	217.0
2020-04-02T20:21	84.88576	14.44440	0.561	216.5
2020-04-02T20:31	84.88451	14.43406	0.562	216.2
2020-04-02T20:41	84.88325	14.42327	0.570	217.4
2020-04-02T20:51	84.88201	14.41263	0.563	217.4
2020-04-02T21:01	84.88076	14.40228	0.557	216.6
2020-04-02T21:11	84.87950	14.39226	0.556	215.4
2020-04-02T21:21	84.87824	14.38228	0.556	215.3
2020-04-02T21:31	84.87699	14.37246	0.551	214.9
2020-04-02T21:41	84.87574	14.36277	0.549	214.6
2020-04-02T21:51	84.87448	14.35332	0.545	213.9
2020-04-02T22:01	84.87325	14.34399	0.533	214.3
2020-04-02T22:11	84.87200	14.33454	0.544	214.0
2020-04-02T22:21	84.87074	14.32510	0.546	213.8
2020-04-02T22:31	84.86946	14.31538	0.559	214.1
2020-04-02T22:41	84.86822	14.30616	0.535	213.7
2020-04-02T22:51	84.86691	14.29665	0.561	213.1
2020-04-02T23:01	84.86564	14.28707	0.552	214.0
2020-04-02T23:11	84.86436	14.27738	0.556	214.1
2020-04-02T23:21	84.86309	14.26772	0.556	214.1
2020-04-02T23:31	84.86181	14.25793	0.559	214.4
2020-04-02T23:41	84.86052	14.24795	0.564	214.8
2020-04-02T23:51	84.85924	14.23787	0.565	215.1
2020-04-03T00:01	84.85795	14.22763	0.568	215.5
2020-04-03T00:11	84.85667	14.21721	0.572	216.0
2020-04-03T00:21	84.85539	14.20673	0.572	216.3
2020-04-03T00:31	84.85412	14.19612	0.572	216.8
2020-04-03T00:41	84.85284	14.18538	0.575	217.1
2020-04-03T00:51	84.85157	14.17452	0.577	217.5
2020-04-03T01:01	84.85030	14.16370	0.575	217.5
2020-04-03T01:11	84.84904	14.15263	0.578	218.3
2020-04-03T01:21	84.84778	14.14166	0.577	217.9
2020-04-03T01:31	84.84653	14.13058	0.576	218.5
2020-04-03T01:41	84.84527	14.11937	0.579	218.8
2020-04-03T01:51	84.84401	14.10803	0.584	218.9
2020-04-03T02:01	84.84275	14.09657	0.585	219.4
2020-04-03T02:11	84.84150	14.08490	0.588	219.9
2020-04-03T02:21	84.84025	14.07313	0.589	220.3
2020-04-03T02:31	84.83900	14.06128	0.591	220.5
2020-04-03T02:41	84.83776	14.04921	0.595	221.1
2020-04-03T02:51	84.83652	14.03701	0.595	221.7
2020-04-03T03:01	84.83530	14.02474	0.593	222.1
2020-04-03T03:11	84.83408	14.01242	0.593	222.4
2020-04-03T03:21	84.83290	13.99996	0.587	223.5
2020-04-03T03:31	84.83175	13.98751	0.579	224.2
2020-04-03T03:41	84.83060	13.97494	0.579	224.7
2020-04-03T03:51	84.82946	13.96239	0.579	224.7
2020-04-03T04:01	84.82833	13.94989	0.574	224.9
2020-04-03T04:11	84.82722	13.93724	0.573	225.8
2020-04-03T04:21	84.82613	13.92446	0.572	226.5
2020-04-03T04:31	84.82505	13.91189	0.564	226.4
2020-04-03T04:41	84.82399	13.89937	0.559	226.7
2020-04-03T04:51	84.82293	13.88691	0.555	226.9
2020-04-03T05:01	84.82191	13.87483	0.538	226.9
2020-04-03T05:11	84.82087	13.86234	0.554	227.1
2020-04-03T05:21	84.81988	13.85037	0.526	227.7
2020-04-03T05:31	84.81888	13.83816	0.538	227.6
2020-04-03T05:41	84.81791	13.82639	0.517	227.7
2020-04-03T05:51	84.81695	13.81467	0.513	228.0
2020-04-03T06:01	84.81602	13.80323	0.503	227.7
2020-04-03T06:11	84.81509	13.79215	0.490	227.4
2020-04-03T06:21	84.81418	13.78139	0.480	226.8
2020-04-03T06:31	84.81329	13.77045	0.478	228.1
2020-04-03T06:41	84.81242	13.75982	0.467	227.8
2020-04-03T06:51	84.81156	13.74930	0.464	227.7
2020-04-03T07:01	84.81070	13.73897	0.456	227.5
2020-04-03T07:11	84.80983	13.72921	0.446	225.5
2020-04-03T07:21	84.80898	13.71970	0.435	225.4
2020-04-03T07:31	84.80816	13.70989	0.436	227.2
2020-04-03T07:41	84.80738	13.70026	0.422	228.1
2020-04-03T07:51	84.80658	13.69097	0.417	226.6
2020-04-03T08:01	84.80578	13.68196	0.412	225.4
2020-04-03T08:11	84.80498	13.67324	0.404	224.7
2020-04-03T08:21	84.80420	13.66464	0.398	224.8
2020-04-03T08:31	84.80343	13.65597	0.395	225.7
2020-04-03T08:41	84.80267	13.64737	0.392	225.6
2020-04-03T08:51	84.80190	13.63924	0.383	223.8
2020-04-03T09:01	84.80115	13.63137	0.372	223.6
2020-04-03T09:11	84.80043	13.62355	0.364	224.6
2020-04-03T09:21	84.79973	13.61547	0.365	226.2
2020-04-03T09:31	84.79900	13.60740	0.371	225.3
2020-04-03T09:41	84.79827	13.59939	0.370	225.0
2020-04-03T09:51	84.79759	13.59121	0.362	227.5
2020-04-03T10:01	84.79690	13.58307	0.364	226.9
2020-04-03T10:11	84.79626	13.57504	0.351	228.4
2020-04-03T10:21	84.79560	13.56713	0.351	227.4
2020-04-03T10:31	84.79492	13.55912	0.356	227.3
2020-04-03T10:41	84.79424	13.55116	0.357	226.7
2020-04-03T10:51	84.79356	13.54305	0.362	227.0
2020-04-03T11:01	84.79287	13.53484	0.366	227.1
2020-04-03T11:11	84.79218	13.52658	0.366	227.5
2020-04-03T11:21	84.79147	13.51791	0.381	228.0
2020-04-03T11:31	84.79078	13.50910	0.382	228.9
2020-04-03T11:41	84.79008	13.50008	0.387	229.6
2020-04-03T11:51	84.78938	13.49100	0.389	229.7
2020-04-03T12:01	84.78868	13.48189	0.390	229.8
2020-04-03T12:11	84.78798	13.47272	0.392	229.9
2020-04-03T12:21	84.78727	13.46348	0.394	230.1
2020-04-03T12:31	84.78657	13.45417	0.396	230.3
2020-04-03T12:41	84.78586	13.44477	0.399	230.4
2020-04-03T12:51	84.78515	13.43532	0.401	230.4
2020-04-03T13:01	84.78443	13.42550	0.415	230.8
2020-04-03T13:11	84.78371	13.41580	0.410	230.7
2020-04-03T13:21	84.78299	13.40611	0.408	231.0
2020-04-03T13:31	84.78228	13.39643	0.408	230.9
2020-04-03T13:41	84.78158	13.38662	0.407	232.1
2020-04-03T13:51	84.78088	13.37688	0.406	231.7
2020-04-03T14:01	84.78018	13.36725	0.404	231.4
2020-04-03T14:11	84.77948	13.35766	0.403	231.2
2020-04-03T14:21	84.77877	13.34817	0.403	230.5
2020-04-03T14:31	84.77806	13.33866	0.402	230.7
2020-04-03T14:41	84.77734	13.32926	0.404	229.8
2020-04-03T14:51	84.77661	13.31982	0.404	229.9
2020-04-03T15:01	84.77588	13.31046	0.405	229.3
2020-04-03T15:11	84.77513	13.30076	0.418	229.6
2020-04-03T15:21	84.77439	13.29112	0.413	230.0
2020-04-03T15:31	84.77365	13.28149	0.413	229.9
2020-04-03T15:41	84.77290	13.27235	0.404	228.0
2020-04-03T15:51	84.77214	13.26336	0.403	227.1
2020-04-03T16:01	84.77138	13.25472	0.394	226.1
2020-04-03T16:11	84.77064	13.24633	0.384	225.8
2020-04-03T16:21	84.76990	13.23832	0.372	224.9
2020-04-03T16:31	84.76917	13.23059	0.367	223.8
2020-04-03T16:41	84.76843	13.22298	0.365	223.1
2020-04-03T16:51	84.76768	13.21560	0.362	222.1
2020-04-03T17:01	84.76694	13.20854	0.354	220.9
2020-04-03T17:11	84.76618	13.20173	0.352	219.5
2020-04-03T17:21	84.76542	13.19506	0.351	218.6
2020-04-03T17:31	84.76463	13.18845	0.358	217.4
2020-04-03T17:41	84.76381	13.18187	0.367	216.1
2020-04-03T17:51	84.76296	13.17535	0.373	215.1
2020-04-03T18:01	84.76212	13.16899	0.368	214.6
2020-04-03T18:11	84.76126	13.16274	0.370	213.7
2020-04-03T18:21	84.76039	13.15663	0.373	212.5
2020-04-03T18:31	84.75952	13.15087	0.367	211.2
2020-04-03T18:41	84.75864	13.14526	0.364	210.5
2020-04-03T18:51	84.75774	13.13978	0.371	209.1
2020-04-03T19:01	84.75685	13.13452	0.366	208.2
2020-04-03T19:11	84.75594	13.12941	0.367	207.2
2020-04-03T19:21	84.75502	13.12448	0.368	206.2
2020-04-03T19:31	84.75408	13.11948	0.376	205.9
2020-04-03T19:41	84.75314	13.11459	0.378	205.2
2020-04-03T19:51	84.75218	13.10994	0.376	204.1
2020-04-03T20:01	84.75122	13.10529	0.379	203.8
2020-04-03T20:11	84.75025	13.10085	0.379	202.7
2020-04-03T20:21	84.74927	13.09659	0.380	201.7
2020-04-03T20:31	84.74828	13.09259	0.377	200.5
2020-04-03T20:41	84.74731	13.08872	0.373	200.0
2020-04-03T20:51	84.74631	13.08497	0.380	199.0
2020-04-03T21:01	84.74533	13.08140	0.373	198.4
2020-04-03T21:11	84.74435	13.07827	0.368	196.3
2020-04-03T21:21	84.74337	13.07486	0.371	197.7
2020-04-03T21:31	84.74235	13.07168	0.380	196.0
2020-04-03T21:41	84.74132	13.06843	0.386	196.1
2020-04-03T21:51	84.74027	13.06488	0.395	197.2
2020-04-03T22:01	84.73924	13.06172	0.386	195.7
2020-04-03T22:11	84.73821	13.05876	0.386	194.7
2020-04-03T22:21	84.73716	13.05620	0.386	192.7
2020-04-03T22:31	84.73612	13.05399	0.382	191.0
2020-04-03T22:41	84.73509	13.05155	0.379	192.3
2020-04-03T22:51	84.73405	13.04874	0.385	193.9
2020-04-03T23:01	84.73302	13.04672	0.378	190.2
2020-04-03T23:11	84.73197	13.04480	0.383	189.5
2020-04-03T23:21	84.73092	13.04264	0.386	190.7
2020-04-03T23:31	84.72988	13.04064	0.380	190.0
2020-04-03T23:41	84.72884	13.03844	0.379	191.1
2020-04-03T23:51	84.72779	13.03598	0.389	192.1
2020-04-04T00:01	84.72672	13.03337	0.394	192.7
2020-04-04T00:11	84.72566	13.03083	0.389	192.5
2020-04-04T00:21	84.72458	13.02775	0.401	194.7
2020-04-04T00:31	84.72354	13.02478	0.390	194.6
2020-04-04T00:41	84.72248	13.02200	0.390	193.7
2020-04-04T00:51	84.72142	13.01919	0.392	193.8
2020-04-04T01:01	84.72038	13.01671	0.386	192.3
2020-04-04T01:11	84.71931	13.01385	0.397	193.8
2020-04-04T01:21	84.71824	13.01105	0.394	193.6
2020-04-04T01:31	84.71720	13.00757	0.391	197.2
2020-04-04T01:41	84.71618	13.00404	0.388	197.6
2020-04-04T01:51	84.71512	13.00063	0.397	196.6
2020-04-04T02:01	84.71405	12.99712	0.401	196.9
2020-04-04T02:11	84.71299	12.99380	0.399	196.0
2020-04-04T02:21	84.71192	12.99049	0.400	195.9
2020-04-04T02:31	84.71087	12.98682	0.398	197.8
2020-04-04T02:41	84.70982	12.98295	0.399	198.8
2020-04-04T02:51	84.70877	12.97901	0.400	199.1
2020-04-04T03:01	84.70773	12.97499	0.399	199.5
2020-04-04T03:11	84.70669	12.97099	0.397	199.6
2020-04-04T03:21	84.70566	12.96679	0.395	200.7
2020-04-04T03:31	84.70463	12.96254	0.397	200.8
2020-04-04T03:41	84.70359	12.95822	0.401	201.0
2020-04-04T03:51	84.70257	12.95379	0.396	201.8
2020-04-04T04:01	84.70156	12.94958	0.391	201.0
2020-04-04T04:11	84.70056	12.94545	0.386	200.8
2020-04-04T04:21	84.69956	12.94133	0.383	201.0
2020-04-04T04:31	84.69861	12.93732	0.368	201.3
2020-04-04T04:41	84.69770	12.93329	0.354	202.2
2020-04-04T04:51	84.69680	12.92954	0.349	201.0
2020-04-04T05:01	84.69592	12.92634	0.332	198.7
2020-04-04T05:11	84.69505	12.92291	0.336	199.9
2020-04-04T05:21	84.69418	12.91983	0.329	198.2
2020-04-04T05:31	84.69330	12.91705	0.329	196.3
2020-04-04T05:41	84.69241	12.91438	0.335	195.4
2020-04-04T05:51	84.69150	12.91176	0.336	195.1
2020-04-04T06:01	84.69061	12.90902	0.336	195.7
2020-04-04T06:11	84.68972	12.90651	0.330	194.7
2020-04-04T06:21	84.68882	12.90423	0.332	193.2
2020-04-04T06:31	84.68793	12.90192	0.329	193.5
2020-04-04T06:41	84.68705	12.89983	0.326	192.4
2020-04-04T06:51	84.68618	12.89789	0.318	191.7
2020-04-04T07:01	84.68532	12.89618	0.317	190.4
2020-04-04T07:11	84.68445	12.89451	0.317	190.1
2020-04-04T07:21	84.68359	12.89298	0.314	189.4
2020-04-04T07:31	84.68273	12.89164	0.314	188.1
2020-04-04T07:41	84.68185	12.89047	0.317	187.1
2020-04-04T07:51	84.68099	12.88955	0.312	185.7
2020-04-04T08:01	84.68012	12.88876	0.313	184.9
2020-04-04T08:11	84.67929	12.88907	0.301	178.0
2020-04-04T08:21	84.67845	12.88856	0.304	183.2
2020-04-04T08:31	84.67759	12.88913	0.308	176.5
2020-04-04T08:41	84.67679	12.88941	0.291	178.2
2020-04-04T08:51	84.67596	12.88961	0.298	178.7
2020-04-04T09:01	84.67513	12.88973	0.298	179.2
2020-04-04T09:11	84.67430	12.88986	0.300	179.2
2020-04-04T09:21	84.67347	12.89013	0.297	178.3
2020-04-04T09:31	84.67267	12.89058	0.290	177.0
2020-04-04T09:41	84.67188	12.89113	0.284	176.3
2020-04-04T09:51	84.67108	12.89191	0.289	174.8
2020-04-04T10:01	84.67028	12.89266	0.289	175.1
2020-04-04T10:11	84.66949	12.89343	0.286	174.8
2020-04-04T10:21	84.66870	12.89420	0.285	174.9
2020-04-04T10:31	84.66788	12.89499	0.296	174.9
2020-04-04T10:41	84.66705	12.89598	0.302	173.7
2020-04-04T10:51	84.66620	12.89716	0.307	172.6
2020-04-04T11:01	84.66536	12.89834	0.307	172.6
2020-04-04T11:11	84.66450	12.89969	0.311	171.6
2020-04-04T11:21	84.66365	12.90098	0.311	172.0
2020-04-04T11:31	84.66279	12.90232	0.312	171.7
2020-04-04T11:41	84.66193	12.90365	0.315	171.9
2020-04-04T11:51	84.66106	12.90500	0.315	171.7
2020-04-04T12:01	84.66018	12.90636	0.319	171.8
2020-04-04T12:11	84.65931	12.90767	0.316	172.0
2020-04-04T12:21	84.65845	12.90915	0.312	170.9
2020-04-04T12:31	84.65760	12.91076	0.311	170.0
2020-04-04T12:41	84.65676	12.91245	0.310	169.4
2020-04-04T12:51	84.65590	12.91427	0.313	168.8
2020-04-04T13:01	84.65505	12.91603	0.315	169.2
2020-04-04T13:11	84.65419	12.91794	0.315	168.2
2020-04-04T13:21	84.65333	12.91989	0.316	168.0
2020-04-04T13:31	84.65248	12.92181	0.314	168.2
2020-04-04T13:41	84.65166	12.92354	0.301	168.8
2020-04-04T13:51	84.65085	12.92541	0.299	167.9
2020-04-04T14:01	84.65005	12.92703	0.292	169.3
2020-04-04T14:11	84.64925	12.92890	0.296	167.7
2020-04-04T14:21	84.64842	12.93085	0.304	167.5
2020-04-04T14:31	84.64763	12.93299	0.294	165.9
2020-04-04T14:41	84.64684	12.93514	0.295	165.8
2020-04-04T14:51	84.64604	12.93755	0.299	164.3
2020-04-04T15:01	84.64521	12.93997	0.308	164.7
2020-04-04T15:11	84.64438	12.94228	0.310	165.5
2020-04-04T15:21	84.64354	12.94435	0.311	167.1
2020-04-04T15:31	84.64269	12.94649	0.312	166.7
2020-04-04T15:41	84.64185	12.94874	0.314	166.1
2020-04-04T15:51	84.64098	12.95079	0.318	167.5
2020-04-04T16:01	84.64011	12.95271	0.320	168.4
2020-04-04T16:11	84.63926	12.95481	0.317	167.1
2020-04-04T16:21	84.63840	12.95687	0.314	167.3
2020-04-04T16:31	84.63755	12.95873	0.315	168.5
2020-04-04T16:41	84.63667	12.96056	0.321	169.0
2020-04-04T16:51	84.63578	12.96222	0.323	170.1
2020-04-04T17:01	84.63491	12.96388	0.321	170.0
2020-04-04T17:11	84.63402	12.96552	0.324	170.2
2020-04-04T17:21	84.63313	12.96699	0.326	171.2
2020-04-04T17:31	84.63223	12.96851	0.327	171.0
2020-04-04T17:41	84.63133	12.97007	0.329	170.8
2020-04-04T17:51	84.63044	12.97158	0.325	171.0
2020-04-04T18:01	84.62954	12.97322	0.326	170.2
2020-04-04T18:11	84.62867	12.97480	0.320	170.4
2020-04-04T18:21	84.62778	12.97662	0.325	169.1
2020-04-04T18:31	84.62690	12.97851	0.322	168.6
2020-04-04T18:41	84.62603	12.98049	0.321	168.0
2020-04-04T18:51	84.62517	12.98242	0.316	168.1
2020-04-04T19:01	84.62434	12.98437	0.309	167.7
2020-04-04T19:11	84.62351	12.98645	0.306	166.8
2020-04-04T19:21	84.62271	12.98844	0.294	166.8
2020-04-04T19:31	84.62190	12.99095	0.305	163.9
2020-04-04T19:41	84.62112	12.99340	0.291	163.5
2020-04-04T19:51	84.62036	12.99585	0.286	163.2
2020-04-04T20:01	84.61960	12.99856	0.289	161.5
2020-04-04T20:11	84.61885	13.00159	0.289	159.3
2020-04-04T20:21	84.61809	13.00450	0.289	160.1
2020-04-04T20:31	84.61734	13.00723	0.286	161.2
2020-04-04T20:41	84.61660	13.00990	0.282	161.3
2020-04-04T20:51	84.61588	13.01287	0.279	159.0
2020-04-04T21:01	84.61515	13.01583	0.280	159.0
2020-04-04T21:11	84.61444	13.01857	0.274	160.3
2020-04-04T21:21	84.61371	13.02128	0.278	160.7
2020-04-04T21:31	84.61299	13.02407	0.275	160.0
2020-04-04T21:41	84.61231	13.02684	0.262	159.0
2020-04-04T21:51	84.61163	13.02971	0.263	158.3
2020-04-04T22:01	84.61096	13.03253	0.262	158.6
2020-04-04T22:11	84.61032	13.03506	0.243	159.4
2020-04-04T22:21	84.60971	13.03796	0.244	156.2
2020-04-04T22:31	84.60908	13.04101	0.249	155.5
2020-04-04T22:41	84.60845	13.04421	0.252	154.5
2020-04-04T22:51	84.60781	13.04709	0.247	156.7
2020-04-04T23:01	84.60720	13.04989	0.239	156.7
2020-04-04T23:11	84.60662	13.05298	0.235	153.6
2020-04-04T23:21	84.60605	13.05615	0.233	152.6
2020-04-04T23:31	84.60547	13.05936	0.235	152.4
2020-04-04T23:41	84.60490	13.06232	0.228	153.9
2020-04-04T23:51	84.60434	13.06553	0.229	151.7
2020-04-05T00:01	84.60377	13.06864	0.230	152.8
2020-04-05T00:11	84.60318	13.07179	0.236	153.1
2020-04-05T00:21	84.60262	13.07481	0.226	153.1
2020-04-05T00:31	84.60205	13.07783	0.231	153.8
2020-04-05T00:41	84.60148	13.08066	0.225	154.8
2020-04-05T00:51	84.60092	13.08338	0.224	155.7
2020-04-05T01:01	84.60038	13.08597	0.211	155.5
2020-04-05T01:11	84.59985	13.08862	0.213	155.1
2020-04-05T01:21	84.59932	13.09125	0.208	154.6
2020-04-05T01:31	84.59880	13.09389	0.209	154.6
2020-04-05T01:41	84.59828	13.09668	0.210	153.3
2020-04-05T01:51	84.59776	13.09940	0.207	153.6
2020-04-05T02:01	84.59726	13.10200	0.200	154.0
2020-04-05T02:11	84.59676	13.10481	0.204	152.2
2020-04-05T02:21	84.59627	13.10771	0.203	151.0
2020-04-05T02:31	84.59579	13.11071	0.201	149.7
2020-04-05T02:41	84.59530	13.11385	0.206	148.8
2020-04-05T02:51	84.59482	13.11690	0.200	148.8
2020-04-05T03:01	84.59436	13.11978	0.193	149.5
2020-04-05T03:11	84.59393	13.12310	0.193	144.4
2020-04-05T03:21	84.59348	13.12649	0.198	144.5
2020-04-05T03:31	84.59302	13.12997	0.202	144.3
2020-04-05T03:41	84.59258	13.13358	0.199	142.0
2020-04-05T03:51	84.59214	13.13706	0.200	143.8
2020-04-05T04:01	84.59172	13.14069	0.195	140.9
2020-04-05T04:11	84.59131	13.14483	0.204	136.5
2020-04-05T04:21	84.59093	13.14865	0.188	136.4
2020-04-05T04:31	84.59057	13.15281	0.190	132.0
2020-04-05T04:41	84.59021	13.15705	0.196	132.7
2020-04-05T04:51	84.58982	13.16130	0.200	134.0
2020-04-05T05:01	84.58946	13.16514	0.184	134.7
2020-04-05T05:11	84.58908	13.16924	0.195	134.5
2020-04-05T05:21	84.58870	13.17358	0.200	132.5
2020-04-05T05:31	84.58835	13.17825	0.203	128.9
2020-04-05T05:41	84.58801	13.18252	0.190	130.1
2020-04-05T05:51	84.58767	13.18686	0.192	129.7
2020-04-05T06:01	84.58732	13.19121	0.195	130.6
2020-04-05T06:11	84.58698	13.19565	0.194	129.1
2020-04-05T06:21	84.58666	13.20039	0.197	125.3
2020-04-05T06:31	84.58634	13.20512	0.198	125.6
2020-04-05T06:41	84.58601	13.21027	0.212	124.5
2020-04-05T06:51	84.58568	13.21565	0.219	123.2
2020-04-05T07:01	84.58537	13.22109	0.215	120.6
2020-04-05T07:11	84.58507	13.22666	0.219	120.2
2020-04-05T07:21	84.58480	13.23225	0.213	116.7
2020-04-05T07:31	84.58454	13.23799	0.217	116.0
2020-04-05T07:41	84.58430	13.24395	0.220	112.8
2020-04-05T07:51	84.58405	13.24993	0.222	113.8
2020-04-05T08:01	84.58380	13.25591	0.222	114.0
2020-04-05T08:11	84.58355	13.26202	0.227	113.8
2020-04-05T08:21	84.58329	13.26814	0.228	114.0
2020-04-05T08:31	84.58303	13.27439	0.232	113.7
2020-04-05T08:41	84.58276	13.28068	0.234	114.1
2020-04-05T08:51	84.58249	13.28712	0.241	114.5
2020-04-05T09:01	84.58222	13.29387	0.249	113.0
2020-04-05T09:11	84.58194	13.30068	0.252	113.2
2020-04-05T09:21	84.58167	13.30752	0.253	113.0
2020-04-05T09:31	84.58141	13.31422	0.246	112.1
2020-04-05T09:41	84.58114	13.32095	0.250	113.4
2020-04-05T09:51	84.58088	13.32772	0.248	112.2
2020-04-05T10:01	84.58062	13.33447	0.247	111.4
2020-04-05T10:11	84.58038	13.34143	0.253	110.7
2020-04-05T10:21	84.58015	13.34849	0.254	108.7
2020-04-05T10:31	84.57992	13.35564	0.258	109.2
2020-04-05T10:41	84.57969	13.36305	0.265	107.7
2020-04-05T10:51	84.57948	13.37060	0.268	106.5
2020-04-05T11:01	84.57929	13.37840	0.274	104.7
2020-04-05T11:11	84.57910	13.38626	0.276	104.0
2020-04-05T11:21	84.57890	13.39402	0.274	105.5
2020-04-05T11:31	84.57868	13.40140	0.263	107.5
2020-04-05T11:41	84.57846	13.40890	0.268	107.5
2020-04-05T11:51	84.57825	13.41676	0.278	105.7
2020-04-05T12:01	84.57808	13.42475	0.278	102.4
2020-04-05T12:11	84.57793	13.43295	0.284	101.2
2020-04-05T12:21	84.57777	13.44110	0.284	102.0
2020-04-05T12:31	84.57762	13.44929	0.283	100.6
2020-04-05T12:41	84.57748	13.45740	0.281	100.6
2020-04-05T12:51	84.57730	13.46536	0.278	103.3
2020-04-05T13:01	84.57713	13.47346	0.282	102.4
2020-04-05T13:11	84.57698	13.48177	0.288	101.1
2020-04-05T13:21	84.57685	13.49030	0.294	99.3
2020-04-05T13:31	84.57670	13.49871	0.291	100.8
2020-04-05T13:41	84.57655	13.50722	0.294	100.1
2020-04-05T13:51	84.57641	13.51576	0.295	100.0
2020-04-05T14:01	84.57626	13.52426	0.294	100.2
2020-04-05T14:11	84.57610	13.53280	0.296	101.3
2020-04-05T14:21	84.57593	13.54126	0.295	102.2
2020-04-05T14:31	84.57575	13.54946	0.286	103.0
2020-04-05T14:41	84.57557	13.55782	0.292	102.5
2020-04-05T14:51	84.57539	13.56615	0.291	103.3
2020-04-05T15:01	84.57519	13.57448	0.292	103.8
2020-04-05T15:11	84.57498	13.58262	0.288	105.6
2020-04-05T15:21	84.57478	13.59087	0.290	104.7
2020-04-05T15:31	84.57456	13.59920	0.294	105.1
2020-04-05T15:41	84.57435	13.60749	0.293	105.4
2020-04-05T15:51	84.57411	13.61552	0.287	107.4
2020-04-05T16:01	84.57385	13.62336	0.282	109.0
2020-04-05T16:11	84.57361	13.63119	0.281	108.4
2020-04-05T16:21	84.57335	13.63906	0.283	109.1
2020-04-05T16:31	84.57308	13.64683	0.282	110.1
2020-04-05T16:41	84.57280	13.65456	0.282	110.9
2020-04-05T16:51	84.57251	13.66222	0.281	111.7
2020-04-05T17:01	84.57222	13.66975	0.277	112.2
2020-04-05T17:11	84.57192	13.67715	0.275	113.3
2020-04-05T17:21	84.57161	13.68436	0.270	114.6
2020-04-05T17:31	84.57129	13.69156	0.271	115.1
2020-04-05T17:41	84.57095	13.69871	0.272	116.6
2020-04-05T17:51	84.57062	13.70595	0.273	115.5
2020-04-05T18:01	84.57029	13.71317	0.274	116.0
2020-04-05T18:11	84.56995	13.72013	0.266	117.1
2020-04-05T18:21	84.56959	13.72682	0.263	120.0
2020-04-05T18:31	84.56922	13.73330	0.258	121.2
2020-04-05T18:41	84.56884	13.73970	0.256	121.5
2020-04-05T18:51	84.56849	13.74610	0.253	120.7
2020-04-05T19:01	84.56813	13.75231	0.247	121.0
2020-04-05T19:11	84.56778	13.75843	0.245	121.5
2020-04-05T19:21	84.56742	13.76445	0.241	121.7
2020-04-05T19:31	84.56707	13.77057	0.244	121.2
2020-04-05T19:41	84.56671	13.77675	0.249	122.1
2020-04-05T19:51	84.56636	13.78260	0.236	122.3
2020-04-05T20:01	84.56600	13.78862	0.242	122.0
2020-04-05T20:11	84.56565	13.79464	0.241	121.8
2020-04-05T20:21	84.56529	13.80065	0.241	121.8
2020-04-05T20:31	84.56493	13.80675	0.246	122.2
2020-04-05T20:41	84.56458	13.81287	0.244	121.2
2020-04-05T20:51	84.56423	13.81906	0.245	120.7
2020-04-05T21:01	84.56388	13.82527	0.247	120.9
2020-04-05T21:11	84.56354	13.83147	0.245	120.1
2020-04-05T21:21	84.56318	13.83768	0.249	121.7
2020-04-05T21:31	84.56282	13.84390	0.247	120.9
2020-04-05T21:41	84.56244	13.85018	0.254	122.4
2020-04-05T21:51	84.56208	13.85638	0.248	121.6
2020-04-05T22:01	84.56173	13.86249	0.245	121.5
2020-04-05T22:11	84.56136	13.86871	0.251	122.1
2020-04-05T22:21	84.56099	13.87491	0.249	122.0
2020-04-05T22:31	84.56061	13.88122	0.256	122.5
2020-04-05T22:41	84.56021	13.88767	0.262	123.0
2020-04-05T22:51	84.55984	13.89383	0.250	122.7
2020-04-05T23:01	84.55946	13.90023	0.258	121.9
2020-04-05T23:11	84.55909	13.90668	0.258	121.5
2020-04-05T23:21	84.55872	13.91325	0.261	120.8
2020-04-05T23:31	84.55835	13.91991	0.263	120.1
2020-04-05T23:41	84.55799	13.92659	0.263	119.8
2020-04-05T23:51	84.55763	13.93331	0.264	119.4
2020-04-06T00:01	84.55726	13.93997	0.262	119.9
2020-04-06T00:11	84.55690	13.94675	0.267	119.8
2020-04-06T00:21	84.55653	13.95344	0.264	120.1
2020-04-06T00:31	84.55617	13.96015	0.264	119.6
2020-04-06T00:41	84.55581	13.96683	0.261	119.2
2020-04-06T00:51	84.55546	13.97358	0.264	119.1
2020-04-06T01:01	84.55510	13.98026	0.262	119.2
2020-04-06T01:11	84.55474	13.98691	0.262	119.8
2020-04-06T01:21	84.55436	13.99368	0.268	120.3
2020-04-06T01:31	84.55399	14.00036	0.265	120.4
2020-04-06T01:41	84.55362	14.00700	0.263	120.4
2020-04-06T01:51	84.55326	14.01350	0.257	120.3
2020-04-06T02:01	84.55291	14.01998	0.256	120.1
2020-04-06T02:11	84.55255	14.02629	0.251	120.5
2020-04-06T02:21	84.55219	14.03252	0.250	121.5
2020-04-06T02:31	84.55183	14.03864	0.246	121.7
2020-04-06T02:41	84.55146	14.04467	0.246	123.1
2020-04-06T02:51	84.55110	14.05046	0.237	123.2
2020-04-06T03:01	84.55075	14.05610	0.230	123.0
2020-04-06T03:11	84.55039	14.06152	0.226	125.0
2020-04-06T03:21	84.55003	14.06680	0.223	125.9
2020-04-06T03:31	84.54966	14.07196	0.220	126.6
2020-04-06T03:41	84.54933	14.07728	0.218	123.5
2020-04-06T03:51	84.54899	14.08221	0.208	125.7
2020-04-06T04:01	84.54866	14.08708	0.206	125.9
2020-04-06T04:11	84.54833	14.09169	0.196	126.4
2020-04-06T04:21	84.54799	14.09616	0.196	128.9
2020-04-06T04:31	84.54765	14.10070	0.199	128.5
2020-04-06T04:41	84.54732	14.10522	0.195	127.6
2020-04-06T04:51	84.54701	14.10966	0.188	125.9
2020-04-06T05:01	84.54670	14.11411	0.188	126.0
2020-04-06T05:11	84.54640	14.11838	0.183	126.9
2020-04-06T05:21	84.54611	14.12249	0.175	126.6
2020-04-06T05:31	84.54580	14.12642	0.174	129.4
2020-04-06T05:41	84.54548	14.13024	0.174	131.3
2020-04-06T05:51	84.54515	14.13429	0.182	130.6
2020-04-06T06:01	84.54484	14.13803	0.171	131.8
2020-04-06T06:11	84.54452	14.14187	0.174	131.0
2020-04-06T06:21	84.54419	14.14590	0.181	130.3
2020-04-06T06:31	84.54390	14.14923	0.157	133.4
2020-04-06T06:41	84.54359	14.15300	0.170	130.5
2020-04-06T06:51	84.54327	14.15710	0.182	129.6
2020-04-06T07:01	84.54296	14.16133	0.182	127.3
2020-04-06T07:11	84.54265	14.16561	0.185	127.7
2020-04-06T07:21	84.54234	14.16957	0.175	128.9
2020-04-06T07:31	84.54203	14.17364	0.180	129.2
2020-04-06T07:41	84.54171	14.17789	0.184	127.9
2020-04-06T07:51	84.54140	14.18222	0.186	127.0
2020-04-06T08:01	84.54109	14.18673	0.192	126.1
2020-04-06T08:11	84.54075	14.19105	0.191	129.1
2020-04-06T08:21	84.54040	14.19606	0.214	126.9
2020-04-06T08:31	84.54007	14.20090	0.203	125.0
2020-04-06T08:41	84.53977	14.20589	0.203	122.8
2020-04-06T08:51	84.53945	14.21094	0.207	123.1
2020-04-06T09:01	84.53914	14.21604	0.208	122.8
2020-04-06T09:11	84.53883	14.22118	0.210	122.8
2020-04-06T09:21	84.53850	14.22634	0.213	123.8
2020-04-06T09:31	84.53818	14.23165	0.215	122.3
2020-04-06T09:41	84.53786	14.23710	0.219	121.3
2020-04-06T09:51	84.53755	14.24251	0.217	121.4
2020-04-06T10:01	84.53725	14.24758	0.204	121.8
2020-04-06T10:11	84.53695	14.25295	0.213	120.4
2020-04-06T10:21	84.53665	14.25838	0.216	120.2
2020-04-06T10:31	84.53634	14.26386	0.218	120.4
2020-04-06T10:41	84.53604	14.26940	0.218	119.5
2020-04-06T10:51	84.53576	14.27489	0.214	118.5
2020-04-06T11:01	84.53547	14.28056	0.221	118.4
2020-04-06T11:11	84.53518	14.28606	0.215	118.6
2020-04-06T11:21	84.53489	14.29156	0.215	118.8
2020-04-06T11:31	84.53461	14.29689	0.210	119.4
2020-04-06T11:41	84.53432	14.30227	0.210	118.9
2020-04-06T11:51	84.53404	14.30763	0.210	118.9
2020-04-06T12:01	84.53377	14.31296	0.208	118.3
2020-04-06T12:11	84.53349	14.31822	0.206	118.7
2020-04-06T12:21	84.53322	14.32345	0.204	118.7
2020-04-06T12:31	84.53295	14.32861	0.201	118.5
2020-04-06T12:41	84.53269	14.33369	0.198	118.4
2020-04-06T12:51	84.53242	14.33877	0.201	119.7
2020-04-06T13:01	84.53214	14.34378	0.198	119.6
2020-04-06T13:11	84.53187	14.34866	0.194	120.6
2020-04-06T13:21	84.53160	14.35351	0.193	120.6
2020-04-06T13:31	84.53133	14.35824	0.189	120.9
2020-04-06T13:41	84.53105	14.36300	0.191	121.2
2020-04-06T13:51	84.53078	14.36760	0.185	121.4
2020-04-06T14:01	84.53051	14.37218	0.185	121.9
2020-04-06T14:11	84.53023	14.37669	0.186	123.4
2020-04-06T14:21	84.52995	14.38114	0.182	123.1
2020-04-06T14:31	84.52967	14.38553	0.182	124.0
2020-04-06T14:41	84.52939	14.38983	0.179	124.3
2020-04-06T14:51	84.52910	14.39400	0.176	125.7
2020-04-06T15:01	84.52881	14.39808	0.177	127.4
2020-04-06T15:11	84.52850	14.40195	0.172	129.3
2020-04-06T15:21	84.52819	14.40579	0.174	130.8
2020-04-06T15:31	84.52787	14.40927	0.164	133.4
2020-04-06T15:41	84.52755	14.41271	0.167	134.8
2020-04-06T15:51	84.52721	14.41598	0.165	137.0
2020-04-06T16:01	84.52689	14.41897	0.157	139.1
2020-04-06T16:11	84.52655	14.42188	0.157	140.4
2020-04-06T16:21	84.52621	14.42454	0.153	143.2
2020-04-06T16:31	84.52586	14.42701	0.151	145.9
2020-04-06T16:41	84.52551	14.42942	0.153	147.2
2020-04-06T16:51	84.52514	14.43157	0.149	150.5
2020-04-06T17:01	84.52479	14.43362	0.147	151.4
2020-04-06T17:11	84.52442	14.43558	0.148	152.9
2020-04-06T17:21	84.52404	14.43747	0.152	154.6
2020-04-06T17:31	84.52366	14.43934	0.151	154.9
2020-04-06T17:41	84.52327	14.44105	0.152	157.2
2020-04-06T17:51	84.52287	14.44261	0.152	159.3
2020-04-06T18:01	84.52248	14.44406	0.151	160.8
2020-04-06T18:11	84.52208	14.44544	0.150	161.6
2020-04-06T18:21	84.52169	14.44671	0.150	163.1
2020-04-06T18:31	84.52128	14.44786	0.152	164.9
2020-04-06T18:41	84.52087	14.44903	0.153	164.8
2020-04-06T18:51	84.52044	14.45013	0.156	166.1
2020-04-06T19:01	84.52005	14.45105	0.146	167.4
2020-04-06T19:11	84.51967	14.45183	0.138	168.8
2020-04-06T19:21	84.51928	14.45263	0.143	169.0
2020-04-06T19:31	84.51890	14.45339	0.140	169.2
2020-04-06T19:41	84.51852	14.45408	0.140	170.3
2020-04-06T19:51	84.51813	14.45457	0.141	173.1
2020-04-06T20:01	84.51774	14.45510	0.142	172.6
2020-04-06T20:11	84.51734	14.45559	0.144	173.3
2020-04-06T20:21	84.51695	14.45608	0.141	173.2
2020-04-06T20:31	84.51656	14.45661	0.142	172.7
2020-04-06T20:41	84.51618	14.45709	0.141	173.2
2020-04-06T20:51	84.51580	14.45762	0.136	172.3
2020-04-06T21:01	84.51543	14.45818	0.135	171.7
2020-04-06T21:11	84.51506	14.45868	0.135	172.7
2020-04-06T21:21	84.51468	14.45905	0.136	174.7
2020-04-06T21:31	84.51431	14.45938	0.134	175.1
2020-04-06T21:41	84.51395	14.45977	0.132	174.1
2020-04-06T21:51	84.51359	14.46024	0.128	172.8
2020-04-06T22:01	84.51324	14.46084	0.130	170.9
2020-04-06T22:11	84.51289	14.46151	0.127	169.7
2020-04-06T22:21	84.51253	14.46230	0.130	167.9
2020-04-06T22:31	84.51218	14.46317	0.129	166.6
2020-04-06T22:41	84.51184	14.46418	0.129	164.5
2020-04-06T22:51	84.51151	14.46518	0.123	163.6
2020-04-06T23:01	84.51118	14.46648	0.128	159.5
2020-04-06T23:11	84.51085	14.46789	0.129	157.8
2020-04-06T23:21	84.51053	14.46944	0.125	154.9
2020-04-06T23:31	84.51022	14.47111	0.125	152.7
2020-04-06T23:41	84.50993	14.47285	0.123	150.8
2020-04-06T23:51	84.50964	14.47468	0.121	148.7
2020-04-07T00:01	84.50935	14.47652	0.120	148.1
2020-04-07T00:11	84.50908	14.47838	0.117	146.8
2020-04-07T00:21	84.50883	14.48039	0.114	142.7
2020-04-07T00:31	84.50859	14.48242	0.112	141.2
2020-04-07T00:41	84.50835	14.48456	0.112	138.7
2020-04-07T00:51	84.50813	14.48668	0.108	137.7
2020-04-07T01:01	84.50793	14.48892	0.106	133.2
2020-04-07T01:11	84.50775	14.49118	0.102	130.3
2020-04-07T01:21	84.50757	14.49344	0.101	129.8
2020-04-07T01:31	84.50739	14.49550	0.095	131.3
2020-04-07T01:41	84.50722	14.49757	0.094	130.4
2020-04-07T01:51	84.50706	14.49976	0.096	128.0
2020-04-07T02:01	84.50692	14.50185	0.089	126.0
2020-04-07T02:11	84.50677	14.50385	0.086	126.3
2020-04-07T02:21	84.50664	14.50627	0.097	120.3
2020-04-07T02:31	84.50653	14.50837	0.082	117.9
2020-04-07T02:41	84.50643	14.51065	0.087	115.3
2020-04-07T02:51	84.50633	14.51284	0.084	115.6
2020-04-07T03:01	84.50623	14.51502	0.083	114.7
2020-04-07T03:11	84.50614	14.51710	0.079	114.6
2020-04-07T03:21	84.50605	14.51907	0.076	116.6
2020-04-07T03:31	84.50594	14.52099	0.076	119.2
2020-04-07T03:41	84.50585	14.52303	0.078	116.4
2020-04-07T03:51	84.50575	14.52487	0.073	119.2
2020-04-07T04:01	84.50564	14.52658	0.070	122.6
2020-04-07T04:11	84.50556	14.52801	0.058	122.3
2020-04-07T04:21	84.50546	14.52940	0.059	125.8
2020-04-07T04:31	84.50537	14.53050	0.050	130.2
2020-04-07T04:41	84.50528	14.53167	0.052	129.9
2020-04-07T04:51	84.50519	14.53272	0.050	132.7
2020-04-07T05:01	84.50508	14.53359	0.047	140.8
2020-04-07T05:11	84.50497	14.53424	0.048	152.0
2020-04-07T05:21	84.50484	14.53473	0.047	159.3
2020-04-07T05:31	84.50471	14.53505	0.050	167.2
2020-04-07T05:41	84.50457	14.53530	0.050	170.2
2020-04-07T05:51	84.50444	14.53545	0.049	173.7
2020-04-07T06:01	84.50430	14.53565	0.051	172.2
2020-04-07T06:11	84.50414	14.53579	0.058	175.3
2020-04-07T06:21	84.50400	14.53588	0.049	176.1
2020-04-07T06:31	84.50385	14.53589	0.053	179.7
2020-04-07T06:41	84.50370	14.53585	0.056	181.6
2020-04-07T06:51	84.50356	14.53572	0.052	184.9
2020-04-07T07:01	84.50340	14.53554	0.057	186.0
2020-04-07T07:11	84.50324	14.53537	0.057	186.1
2020-04-07T07:21	84.50308	14.53506	0.057	190.8
2020-04-07T07:31	84.50293	14.53489	0.055	186.1
2020-04-07T07:41	84.50277	14.53467	0.058	187.6
2020-04-07T07:51	84.50262	14.53443	0.057	188.1
2020-04-07T08:01	84.50245	14.53426	0.061	185.8
2020-04-07T08:11	84.50228	14.53410	0.060	185.0
2020-04-07T08:21	84.50211	14.53398	0.061	184.1
2020-04-07T08:31	84.50194	14.53376	0.062	186.9
2020-04-07T08:41	84.50177	14.53362	0.063	184.3
2020-04-07T08:51	84.50160	14.53339	0.063	187.4
2020-04-07T09:01	84.50142	14.53318	0.064	186.6
2020-04-07T09:11	84.50124	14.53313	0.062	181.6
2020-04-07T09:21	84.50107	14.53318	0.061	178.3
2020-04-07T09:31	84.50091	14.53328	0.059	176.8
2020-04-07T09:41	84.50075	14.53339	0.058	176.0
2020-04-07T09:51	84.50060	14.53359	0.055	173.1
2020-04-07T10:01	84.50044	14.53376	0.057	173.9
2020-04-07T10:11	84.50029	14.53407	0.054	168.5
2020-04-07T10:21	84.50016	14.53444	0.051	165.4
2020-04-07T10:31	84.50002	14.53483	0.053	165.5
2020-04-07T10:41	84.49989	14.53530	0.049	160.9
2020-04-07T10:51	84.49976	14.53581	0.048	158.4
2020-04-07T11:01	84.49963	14.53637	0.052	158.3
2020-04-07T11:11	84.49949	14.53696	0.052	156.8
2020-04-07T11:21	84.49936	14.53755	0.053	157.2
2020-04-07T11:31	84.49922	14.53808	0.052	159.4
2020-04-07T11:41	84.49907	14.53864	0.059	161.0
2020-04-07T11:51	84.49895	14.53916	0.048	157.8
2020-04-07T12:01	84.49882	14.53974	0.051	157.0
2020-04-07T12:11	84.49869	14.54035	0.051	155.8
2020-04-07T12:21	84.49855	14.54096	0.054	157.0
2020-04-07T12:31	84.49842	14.54159	0.051	155.0
2020-04-07T12:41	84.49829	14.54231	0.054	152.5
2020-04-07T12:51	84.49816	14.54298	0.051	153.4
2020-04-07T13:01	84.49803	14.54354	0.050	156.8
2020-04-07T13:11	84.49790	14.54411	0.052	157.7
2020-04-07T13:21	84.49777	14.54468	0.050	156.7
2020-04-07T13:31	84.49766	14.54526	0.047	154.6
2020-04-07T13:41	84.49754	14.54580	0.045	155.2
2020-04-07T13:51	84.49743	14.54631	0.043	155.9
2020-04-07T14:01	84.49733	14.54675	0.040	157.8
2020-04-07T14:11	84.49722	14.54716	0.042	160.1
2020-04-07T14:21	84.49713	14.54751	0.034	158.8
2020-04-07T14:31	84.49706	14.54798	0.031	148.3
2020-04-07T14:41	84.49700	14.54842	0.028	147.7
2020-04-07T14:51	84.49694	14.54874	0.024	151.2
2020-04-07T15:01	84.49688	14.54907	0.022	149.5
2020-04-07T15:11	84.49684	14.54934	0.018	149.0
2020-04-07T15:21	84.49679	14.54970	0.023	147.7
2020-04-07T15:31	84.49674	14.54994	0.018	153.4
2020-04-07T15:41	84.49670	14.55004	0.016	167.4
2020-04-07T15:51	84.49664	14.55016	0.020	168.4
2020-04-07T16:01	84.49662	14.55026	0.011	159.9
2020-04-07T16:11	84.49659	14.55031	0.010	170.5
2020-04-07T16:21	84.49656	14.55034	0.010	174.1
2020-04-07T16:31	84.49651	14.55038	0.019	176.6
2020-04-07T16:41	84.49647	14.55042	0.014	174.2
2020-04-07T16:51	84.49641	14.55048	0.020	173.8
2020-04-07T17:01	84.49635	14.55056	0.021	172.5
2020-04-07T17:11	84.49628	14.55060	0.026	177.4
2020-04-07T17:21	84.49620	14.55062	0.030	178.7
2020-04-07T17:31	84.49611	14.55060	0.032	181.1
2020-04-07T17:41	84.49600	14.55048	0.038	185.9
2020-04-07T17:51	84.49589	14.55036	0.042	185.7
2020-04-07T18:01	84.49577	14.55002	0.043	195.9
2020-04-07T18:11	84.49563	14.54971	0.052	192.0
2020-04-07T18:21	84.49548	14.54934	0.056	193.2
2020-04-07T18:31	84.49531	14.54889	0.062	194.2
2020-04-07T18:41	84.49514	14.54844	0.063	194.4
2020-04-07T18:51	84.49496	14.54789	0.067	196.3
2020-04-07T19:01	84.49477	14.54733	0.071	196.0
2020-04-07T19:11	84.49457	14.54672	0.076	196.1
2020-04-07T19:21	84.49436	14.54615	0.078	194.6
2020-04-07T19:31	84.49413	14.54556	0.085	193.9
2020-04-07T19:41	84.49391	14.54496	0.084	194.4
2020-04-07T19:51	84.49367	14.54435	0.090	193.6
2020-04-07T20:01	84.49342	14.54378	0.092	192.3
2020-04-07T20:11	84.49316	14.54317	0.096	192.7
2020-04-07T20:21	84.49290	14.54261	0.096	191.5
2020-04-07T20:31	84.49264	14.54211	0.092	191.0
2020-04-07T20:41	84.49238	14.54155	0.096	191.5
2020-04-07T20:51	84.49214	14.54117	0.089	188.7
2020-04-07T21:01	84.49188	14.54075	0.095	188.7
2020-04-07T21:11	84.49162	14.54040	0.093	187.4
2020-04-07T21:21	84.49137	14.54012	0.092	185.9
2020-04-07T21:31	84.49111	14.53986	0.091	185.8
2020-04-07T21:41	84.49088	14.53958	0.085	186.4
2020-04-07T21:51	84.49064	14.53938	0.087	184.5
2020-04-07T22:01	84.49040	14.53931	0.085	181.6
2020-04-07T22:11	84.49016	14.53933	0.086	179.7
2020-04-07T22:21	84.48992	14.53952	0.086	175.7
2020-04-07T22:31	84.48969	14.53978	0.084	173.8
2020-04-07T22:41	84.48944	14.54017	0.091	171.5
2020-04-07T22:51	84.48922	14.54051	0.079	171.4
2020-04-07T23:01	84.48899	14.54109	0.085	166.3
2020-04-07T23:11	84.48876	14.54175	0.086	164.8
2020-04-07T23:21	84.48855	14.54259	0.082	159.0
2020-04-07T23:31	84.48834	14.54342	0.081	159.2
2020-04-07T23:41	84.48814	14.54438	0.080	155.6
2020-04-07T23:51	84.48794	14.54544	0.080	152.8
2020-04-08T00:01	84.48774	14.54646	0.079	153.7
2020-04-08T00:11	84.48755	14.54759	0.080	150.6
2020-04-08T00:21	84.48737	14.54877	0.077	148.2
2020-04-08T00:31	84.48719	14.55002	0.078	146.2
2020-04-08T00:41	84.48702	14.55134	0.078	143.8
2020-04-08T00:51	84.48686	14.55264	0.073	142.0
2020-04-08T01:01	84.48669	14.55413	0.078	138.9
2020-04-08T01:11	84.48655	14.55563	0.073	134.6
2020-04-08T01:21	84.48642	14.55712	0.071	133.4
2020-04-08T01:31	84.48628	14.55865	0.072	132.9
2020-04-08T01:41	84.48616	14.56018	0.069	129.8
2020-04-08T01:51	84.48604	14.56184	0.072	127.0
2020-04-08T02:01	84.48593	14.56350	0.069	124.1
2020-04-08T02:11	84.48583	14.56520	0.069	121.7
2020-04-08T02:21	84.48573	14.56700	0.072	119.8
2020-04-08T02:31	84.48564	14.56884	0.071	116.7
2020-04-08T02:41	84.48555	14.57074	0.073	115.5
2020-04-08T02:51	84.48547	14.57268	0.073	113.8
2020-04-08T03:01	84.48539	14.57461	0.073	113.5
2020-04-08T03:11	84.48532	14.57659	0.073	111.1
2020-04-08T03:21	84.48524	14.57853	0.072	111.8
2020-04-08T03:31	84.48518	14.58062	0.076	107.5
2020-04-08T03:41	84.48511	14.58266	0.074	108.7
2020-04-08T03:51	84.48505	14.58471	0.075	108.5
2020-04-08T04:01	84.48499	14.58676	0.074	106.9
2020-04-08T04:11	84.48492	14.58870	0.071	108.3
2020-04-08T04:21	84.48487	14.59062	0.069	106.7
2020-04-08T04:31	84.48481	14.59256	0.071	107.9
2020-04-08T04:41	84.48475	14.59446	0.069	107.5
2020-04-08T04:51	84.48469	14.59652	0.075	106.7
2020-04-08T05:01	84.48463	14.59861	0.075	106.4
2020-04-08T05:11	84.48455	14.60090	0.084	109.5
2020-04-08T05:21	84.48449	14.60285	0.072	109.6
2020-04-08T05:31	84.48442	14.60480	0.072	110.2
2020-04-08T05:41	84.48434	14.60673	0.073	113.7
2020-04-08T05:51	84.48425	14.60856	0.070	115.3
2020-04-08T06:01	84.48417	14.61025	0.066	118.0
2020-04-08T06:11	84.48406	14.61179	0.066	126.2
2020-04-08T06:21	84.48395	14.61363	0.075	121.0
2020-04-08T06:31	84.48385	14.61553	0.076	119.9
2020-04-08T06:41	84.48374	14.61745	0.077	120.7
2020-04-08T06:51	84.48363	14.61929	0.075	121.4
2020-04-08T07:01	84.48351	14.62119	0.079	122.9
2020-04-08T07:11	84.48338	14.62314	0.083	125.7
2020-04-08T07:21	84.48324	14.62494	0.079	128.1
2020-04-08T07:31	84.48311	14.62669	0.076	127.3
2020-04-08T07:41	84.48298	14.62856	0.081	126.5
2020-04-08T07:51	84.48283	14.63068	0.090	125.5
2020-04-08T08:01	84.48269	14.63269	0.086	126.4
2020-04-08T08:11	84.48254	14.63494	0.095	124.8
2020-04-08T08:21	84.48238	14.63707	0.093	127.7
2020-04-08T08:31	84.48224	14.63915	0.090	126.7
2020-04-08T08:41	84.48208	14.64135	0.095	126.8
2020-04-08T08:51	84.48192	14.64349	0.093	127.2
2020-04-08T09:01	84.48177	14.64574	0.095	125.2
2020-04-08T09:11	84.48160	14.64802	0.098	126.7
2020-04-08T09:21	84.48145	14.65010	0.092	128.4
2020-04-08T09:31	84.48128	14.65235	0.098	127.6
2020-04-08T09:41	84.48111	14.65448	0.096	130.1
2020-04-08T09:51	84.48092	14.65705	0.111	126.6
2020-04-08T10:01	84.48075	14.65953	0.106	125.8
2020-04-08T10:11	84.48058	14.66225	0.113	123.8
2020-04-08T10:21	84.48041	14.66490	0.110	123.6
2020-04-08T10:31	84.48023	14.66773	0.116	122.8
2020-04-08T10:41	84.48006	14.67032	0.108	124.0
2020-04-08T10:51	84.47988	14.67332	0.124	122.5
2020-04-08T11:01	84.47969	14.67642	0.126	121.9
2020-04-08T11:11	84.47949	14.67947	0.128	124.3
2020-04-08T11:21	84.47929	14.68278	0.136	122.7
2020-04-08T11:31	84.47909	14.68611	0.137	122.1
2020-04-08T11:41	84.47888	14.68941	0.137	123.4
2020-04-08T11:51	84.47866	14.69278	0.141	124.0
2020-04-08T12:01	84.47844	14.69614	0.141	124.1
2020-04-08T12:11	84.47822	14.69953	0.142	123.9
2020-04-08T12:21	84.47800	14.70312	0.148	123.2
2020-04-08T12:31	84.47777	14.70680	0.151	122.5
2020-04-08T12:41	84.47754	14.71049	0.153	123.2
2020-04-08T12:51	84.47731	14.71421	0.152	122.1
2020-04-08T13:01	84.47708	14.71803	0.158	122.8
2020-04-08T13:11	84.47683	14.72158	0.152	126.1
2020-04-08T13:21	84.47659	14.72512	0.149	124.7
2020-04-08T13:31	84.47635	14.72884	0.155	123.3
2020-04-08T13:41	84.47613	14.73260	0.154	122.3
2020-04-08T13:51	84.47590	14.73629	0.151	122.4
2020-04-08T14:01	84.47566	14.73996	0.153	123.9
2020-04-08T14:11	84.47543	14.74358	0.150	123.1
2020-04-08T14:21	84.47521	14.74716	0.148	122.8
2020-04-08T14:31	84.47499	14.75061	0.145	124.3
2020-04-08T14:41	84.47475	14.75398	0.145	126.5
2020-04-08T14:51	84.47451	14.75725	0.141	126.8
2020-04-08T15:01	84.47428	14.76060	0.144	126.0
2020-04-08T15:11	84.47405	14.76397	0.143	125.2
2020-04-08T15:21	84.47381	14.76729	0.143	126.4
2020-04-08T15:31	84.47357	14.77048	0.141	128.4
2020-04-08T15:41	84.47332	14.77361	0.140	129.4
2020-04-08T15:51	84.47307	14.77673	0.140	129.7
2020-04-08T16:01	84.47284	14.77969	0.133	129.4
2020-04-08T16:11	84.47260	14.78262	0.133	130.5
2020-04-08T16:21	84.47235	14.78552	0.135	131.8
2020-04-08T16:31	84.47209	14.78841	0.135	132.2
2020-04-08T16:41	84.47184	14.79127	0.135	132.9
2020-04-08T16:51	84.47158	14.79400	0.132	134.1
2020-04-08T17:01	84.47132	14.79664	0.132	136.1
2020-04-08T17:11	84.47105	14.79924	0.133	137.3
2020-04-08T17:21	84.47077	14.80180	0.134	138.5
2020-04-08T17:31	84.47048	14.80422	0.132	140.6
2020-04-08T17:41	84.47019	14.80657	0.133	142.4
2020-04-08T17:51	84.46990	14.80875	0.128	143.7
2020-04-08T18:01	84.46961	14.81091	0.130	144.9
2020-04-08T18:11	84.46930	14.81294	0.131	147.3
2020-04-08T18:21	84.46899	14.81489	0.132	149.2
2020-04-08T18:31	84.46867	14.81669	0.130	151.2
2020-04-08T18:41	84.46835	14.81845	0.131	152.3
2020-04-08T18:51	84.46802	14.82008	0.130	154.2
2020-04-08T19:01	84.46770	14.82163	0.130	155.6
2020-04-08T19:11	84.46735	14.82310	0.133	157.5
2020-04-08T19:21	84.46701	14.82451	0.134	158.6
2020-04-08T19:31	84.46666	14.82576	0.132	160.8
2020-04-08T19:41	84.46630	14.82700	0.136	161.6
2020-04-08T19:51	84.46594	14.82815	0.138	163.2
2020-04-08T20:01	84.46557	14.82926	0.138	163.7
2020-04-08T20:11	84.46519	14.83015	0.141	167.3
2020-04-08T20:21	84.46480	14.83114	0.142	166.0
2020-04-08T20:31	84.46442	14.83198	0.141	168.1
2020-04-08T20:41	84.46403	14.83280	0.143	168.6
2020-04-08T20:51	84.46363	14.83358	0.145	169.2
2020-04-08T21:01	84.46324	14.83418	0.145	171.7
2020-04-08T21:11	84.46285	14.83469	0.140	172.8
2020-04-08T21:21	84.46244	14.83529	0.150	172.1
2020-04-08T21:31	84.46203	14.83590	0.150	171.9
2020-04-08T21:41	84.46161	14.83643	0.150	172.9
2020-04-08T21:51	84.46120	14.83687	0.150	174.2
2020-04-08T22:01	84.46078	14.83734	0.150	173.8
2020-04-08T22:11	84.46036	14.83782	0.153	173.6
2020-04-08T22:21	84.45994	14.83831	0.153	173.6
2020-04-08T22:31	84.45951	14.83883	0.156	173.3
2020-04-08T22:41	84.45909	14.83930	0.151	173.8
2020-04-08T22:51	84.45868	14.83975	0.150	174.1
2020-04-08T23:01	84.45827	14.84021	0.146	173.7
2020-04-08T23:11	84.45787	14.84062	0.146	174.4
2020-04-08T23:21	84.45747	14.84104	0.143	174.1
2020-04-08T23:31	84.45709	14.84142	0.139	174.5
2020-04-08T23:41	84.45671	14.84181	0.139	174.4
2020-04-08T23:51	84.45633	14.84222	0.137	174.0
2020-04-09T00:01	84.45596	14.84259	0.134	174.6
2020-04-09T00:11	84.45559	14.84312	0.133	172.0
2020-04-09T00:21	84.45523	14.84367	0.131	171.5
2020-04-09T00:31	84.45487	14.84428	0.131	170.7
2020-04-09T00:41	84.45453	14.84488	0.127	170.5
2020-04-09T00:51	84.45419	14.84548	0.123	170.2
2020-04-09T01:01	84.45385	14.84613	0.124	169.5
2020-04-09T01:11	84.45351	14.84679	0.123	169.2
2020-04-09T01:21	84.45319	14.84747	0.118	168.5
2020-04-09T01:31	84.45288	14.84807	0.114	169.4
2020-04-09T01:41	84.45255	14.84873	0.121	169.0
2020-04-09T01:51	84.45223	14.84929	0.119	170.6
2020-04-09T02:01	84.45190	14.84991	0.118	169.5
2020-04-09T02:11	84.45157	14.85047	0.121	170.7
2020-04-09T02:21	84.45124	14.85105	0.122	170.4
2020-04-09T02:31	84.45091	14.85160	0.119	170.8
2020-04-09T02:41	84.45058	14.85220	0.119	169.9
2020-04-09T02:51	84.45026	14.85281	0.118	169.8
2020-04-09T03:01	84.44993	14.85335	0.121	171.0
2020-04-09T03:11	84.44961	14.85393	0.117	170.0
2020-04-09T03:21	84.44928	14.85446	0.119	171.0
2020-04-09T03:31	84.44897	14.85510	0.115	168.7
2020-04-09T03:41	84.44865	14.85566	0.116	170.5
2020-04-09T03:51	84.44834	14.85614	0.113	171.3
2020-04-09T04:01	84.44803	14.85668	0.114	170.6
2020-04-09T04:11	84.44772	14.85715	0.111	171.7
2020-04-09T04:21	84.44741	14.85745	0.114	174.7
2020-04-09T04:31	84.44709	14.85769	0.115	175.7
2020-04-09T04:41	84.44678	14.85780	0.112	178.1
2020-04-09T04:51	84.44647	14.85790	0.111	178.3
2020-04-09T05:01	84.44616	14.85796	0.111	178.9
2020-04-09T05:11	84.44585	14.85791	0.111	180.9
2020-04-09T05:21	84.44554	14.85777	0.114	182.4
2020-04-09T05:31	84.44521	14.85760	0.117	183.0
2020-04-09T05:41	84.44488	14.85738	0.118	183.6
2020-04-09T05:51	84.44456	14.85699	0.116	186.8
2020-04-09T06:01	84.44422	14.85651	0.124	187.8
2020-04-09T06:11	84.44386	14.85596	0.130	188.4
2020-04-09T06:21	84.44351	14.85524	0.130	191.1
2020-04-09T06:31	84.44315	14.85436	0.134	193.2
2020-04-09T06:41	84.44278	14.85340	0.138	194.0
2020-04-09T06:51	84.44239	14.85241	0.144	194.0
2020-04-09T07:01	84.44199	14.85125	0.148	195.8
2020-04-09T07:11	84.44160	14.84997	0.148	197.5
2020-04-09T07:21	84.44119	14.84867	0.153	197.2
2020-04-09T07:31	84.44078	14.84718	0.159	199.1
2020-04-09T07:41	84.44034	14.84570	0.164	198.4
2020-04-09T07:51	84.43993	14.84418	0.160	199.4
2020-04-09T08:01	84.43950	14.84254	0.165	200.3
2020-04-09T08:11	84.43906	14.84086	0.169	200.3
2020-04-09T08:21	84.43861	14.83910	0.173	200.8
2020-04-09T08:31	84.43815	14.83726	0.178	201.0
2020-04-09T08:41	84.43768	14.83538	0.180	201.3
2020-04-09T08:51	84.43720	14.83349	0.186	200.9
2020-04-09T09:01	84.43672	14.83149	0.184	202.3
2020-04-09T09:11	84.43623	14.82945	0.192	201.7
2020-04-09T09:21	84.43573	14.82730	0.195	202.7
2020-04-09T09:31	84.43523	14.82522	0.195	201.8
2020-04-09T09:41	84.43472	14.82307	0.196	202.5
2020-04-09T09:51	84.43422	14.82083	0.197	203.5
2020-04-09T10:01	84.43373	14.81857	0.194	204.0
2020-04-09T10:11	84.43324	14.81624	0.196	204.6
2020-04-09T10:21	84.43274	14.81390	0.197	204.5
2020-04-09T10:31	84.43223	14.81163	0.198	203.6
2020-04-09T10:41	84.43175	14.80940	0.190	204.2
2020-04-09T10:51	84.43126	14.80729	0.193	202.5
2020-04-09T11:01	84.43079	14.80509	0.186	204.5
2020-04-09T11:11	84.43033	14.80286	0.183	205.2
2020-04-09T11:21	84.42986	14.80061	0.185	205.2
2020-04-09T11:31	84.42943	14.79855	0.173	204.6
2020-04-09T11:41	84.42898	14.79654	0.174	203.7
2020-04-09T11:51	84.42856	14.79462	0.168	203.5
2020-04-09T12:01	84.42813	14.79280	0.167	202.4
2020-04-09T12:11	84.42770	14.79108	0.167	201.1
2020-04-09T12:21	84.42726	14.78938	0.168	200.7
2020-04-09T12:31	84.42682	14.78776	0.167	199.9
2020-04-09T12:41	84.42641	14.78620	0.160	199.9
2020-04-09T12:51	84.42602	14.78467	0.149	201.1
2020-04-09T13:01	84.42565	14.78316	0.143	201.7
2020-04-09T13:11	84.42528	14.78170	0.143	200.9
2020-04-09T13:21	84.42491	14.78032	0.142	199.9
2020-04-09T13:31	84.42457	14.77898	0.131	200.9
2020-04-09T13:41	84.42424	14.77774	0.129	199.8
2020-04-09T13:51	84.42390	14.77651	0.127	199.7
2020-04-09T14:01	84.42359	14.77545	0.119	198.1
2020-04-09T14:11	84.42330	14.77443	0.111	198.8
2020-04-09T14:21	84.42301	14.77357	0.106	196.5
2020-04-09T14:31	84.42274	14.77275	0.101	196.4
2020-04-09T14:41	84.42249	14.77199	0.094	196.6
2020-04-09T14:51	84.42224	14.77130	0.096	194.7
2020-04-09T15:01	84.42199	14.77072	0.093	192.6
2020-04-09T15:11	84.42174	14.77016	0.090	192.5
2020-04-09T15:21	84.42149	14.76952	0.093	194.1
2020-04-09T15:31	84.42125	14.76873	0.089	197.8
2020-04-09T15:41	84.42106	14.76805	0.073	199.2
2020-04-09T15:51	84.42087	14.76734	0.075	199.4
2020-04-09T16:01	84.42069	14.76652	0.069	204.7
2020-04-09T16:11	84.42053	14.76573	0.064	205.8
2020-04-09T16:21	84.42035	14.76498	0.070	201.7
2020-04-09T16:31	84.42016	14.76426	0.073	200.1
2020-04-09T16:41	84.41998	14.76365	0.068	198.4
2020-04-09T16:51	84.41978	14.76301	0.076	197.0
2020-04-09T17:01	84.41956	14.76228	0.083	197.9
2020-04-09T17:11	84.41932	14.76143	0.090	199.3
2020-04-09T17:21	84.41908	14.76049	0.092	200.8
2020-04-09T17:31	84.41883	14.75951	0.096	201.0
2020-04-09T17:41	84.41857	14.75844	0.104	201.1
2020-04-09T17:51	84.41828	14.75720	0.111	203.1
2020-04-09T18:01	84.41798	14.75597	0.118	201.4
2020-04-09T18:11	84.41768	14.75478	0.113	201.5
2020-04-09T18:21	84.41738	14.75350	0.119	202.1
2020-04-09T18:31	84.41706	14.75210	0.124	203.2
2020-04-09T18:41	84.41674	14.75058	0.128	204.7
2020-04-09T18:51	84.41640	14.74895	0.135	205.0
2020-04-09T19:01	84.41605	14.74720	0.141	205.8
2020-04-09T19:11	84.41567	14.74539	0.151	204.8
2020-04-09T19:21	84.41530	14.74361	0.147	205.1
2020-04-09T19:31	84.41491	14.74155	0.156	207.6
2020-04-09T19:41	84.41451	14.73945	0.163	206.7
2020-04-09T19:51	84.41410	14.73742	0.164	205.8
2020-04-09T20:01	84.41367	14.73521	0.173	206.7
2020-04-09T20:11	84.41322	14.73280	0.181	207.7
2020-04-09T20:21	84.41277	14.73051	0.183	206.1
2020-04-09T20:31	84.41232	14.72811	0.183	207.4
2020-04-09T20:41	84.41185	14.72559	0.189	207.9
2020-04-09T20:51	84.41137	14.72298	0.195	208.0
2020-04-09T21:01	84.41089	14.72036	0.199	207.6
2020-04-09T21:11	84.41039	14.71763	0.203	208.1
2020-04-09T21:21	84.40989	14.71487	0.204	208.4
2020-04-09T21:31	84.40939	14.71204	0.206	208.9
2020-04-09T21:41	84.40889	14.70923	0.204	208.8
2020-04-09T21:51	84.40839	14.70632	0.208	209.4
2020-04-09T22:01	84.40788	14.70346	0.209	208.7
2020-04-09T22:11	84.40737	14.70069	0.209	207.7
2020-04-09T22:21	84.40687	14.69796	0.205	207.9
2020-04-09T22:31	84.40634	14.69516	0.213	207.4
2020-04-09T22:41	84.40586	14.69242	0.199	208.9
2020-04-09T22:51	84.40535	14.68977	0.205	206.9
2020-04-09T23:01	84.40484	14.68714	0.204	206.8
2020-04-09T23:11	84.40434	14.68450	0.203	207.2
2020-04-09T23:21	84.40384	14.68194	0.202	206.5
2020-04-09T23:31	84.40334	14.67944	0.199	206.1
2020-04-09T23:41	84.40285	14.67707	0.195	205.3
2020-04-09T23:51	84.40236	14.67478	0.195	204.3
2020-04-10T00:01	84.40187	14.67260	0.190	203.7
2020-04-10T00:11	84.40141	14.67054	0.180	203.6
2020-04-10T00:21	84.40097	14.66860	0.174	203.1
2020-04-10T00:31	84.40054	14.66680	0.167	202.4
2020-04-10T00:41	84.40014	14.66511	0.158	202.1
2020-04-10T00:51	84.39975	14.66360	0.148	200.9
2020-04-10T01:01	84.39940	14.66217	0.136	201.7
2020-04-10T01:11	84.39908	14.66084	0.124	202.1
2020-04-10T01:21	84.39879	14.65960	0.114	202.5
2020-04-10T01:31	84.39851	14.65844	0.107	202.5
2020-04-10T01:41	84.39827	14.65739	0.097	202.4
2020-04-10T01:51	84.39806	14.65638	0.084	205.3
2020-04-10T02:01	84.39787	14.65549	0.073	205.3
2020-04-10T02:11	84.39770	14.65476	0.067	202.5
2020-04-10T02:21	84.39754	14.65405	0.062	203.9
2020-04-10T02:31	84.39739	14.65347	0.059	200.3
2020-04-10T02:41	84.39724	14.65297	0.056	198.5
2020-04-10T02:51	84.39711	14.65262	0.050	193.9
2020-04-10T03:01	84.39700	14.65241	0.040	190.7
2020-04-10T03:11	84.39688	14.65220	0.042	190.4
2020-04-10T03:21	84.39675	14.65223	0.047	178.6
2020-04-10T03:31	84.39664	14.65222	0.040	180.8
2020-04-10T03:41	84.39654	14.65220	0.037	180.8
2020-04-10T03:51	84.39645	14.65231	0.030	173.2
2020-04-10T04:01	84.39638	14.65244	0.027	170.1
2020-04-10T04:11	84.39631	14.65267	0.027	162.8
2020-04-10T04:21	84.39625	14.65294	0.025	156.6
2020-04-10T04:31	84.39614	14.65322	0.039	165.4
2020-04-10T04:41	84.39601	14.65341	0.048	172.1
2020-04-10T04:51	84.39585	14.65363	0.057	172.2
2020-04-10T05:01	84.39567	14.65379	0.066	175.2
2020-04-10T05:11	84.39552	14.65403	0.056	171.1
2020-04-10T05:21	84.39535	14.65420	0.060	174.4
2020-04-10T05:31	84.39517	14.65442	0.065	173.0
2020-04-10T05:41	84.39500	14.65455	0.061	175.8
2020-04-10T05:51	84.39481	14.65460	0.069	178.6
2020-04-10T06:01	84.39459	14.65470	0.078	177.3
2020-04-10T06:11	84.39438	14.65486	0.076	175.9
2020-04-10T06:21	84.39415	14.65476	0.084	182.3
2020-04-10T06:31	84.39392	14.65472	0.083	181.1
2020-04-10T06:41	84.39368	14.65458	0.087	183.2
2020-04-10T06:51	84.39339	14.65444	0.103	182.7
2020-04-10T07:01	84.39307	14.65411	0.115	185.8
2020-04-10T07:11	84.39272	14.65365	0.127	187.3
2020-04-10T07:21	84.39238	14.65332	0.122	185.4
2020-04-10T07:31	84.39202	14.65290	0.131	186.5
2020-04-10T07:41	84.39165	14.65245	0.135	186.7
2020-04-10T07:51	84.39125	14.65192	0.144	187.4
2020-04-10T08:01	84.39084	14.65131	0.149	188.3
2020-04-10T08:11	84.39042	14.65058	0.155	189.6
2020-04-10T08:21	84.38997	14.64982	0.164	189.4
2020-04-10T08:31	84.38950	14.64892	0.170	190.7
2020-04-10T08:41	84.38904	14.64797	0.171	191.3
2020-04-10T08:51	84.38856	14.64695	0.175	191.9
2020-04-10T09:01	84.38807	14.64586	0.181	192.2
2020-04-10T09:11	84.38758	14.64474	0.181	192.6
2020-04-10T09:21	84.38710	14.64356	0.179	193.4
2020-04-10T09:31	84.38660	14.64234	0.183	193.6
2020-04-10T09:41	84.38609	14.64117	0.189	192.6
2020-04-10T09:51	84.38560	14.63984	0.183	194.7
2020-04-10T10:01	84.38508	14.63868	0.193	192.3
2020-04-10T10:11	84.38457	14.63742	0.188	193.7
2020-04-10T10:21	84.38405	14.63605	0.194	194.4
2020-04-10T10:31	84.38352	14.63476	0.195	193.5
2020-04-10T10:41	84.38299	14.63342	0.196	193.9
2020-04-10T10:51	84.38247	14.63205	0.194	194.4
2020-04-10T11:01	84.38195	14.63073	0.195	193.9
2020-04-10T11:11	84.38143	14.62949	0.191	193.2
2020-04-10T11:21	84.38092	14.62828	0.190	192.9
2020-04-10T11:31	84.38040	14.62720	0.188	191.7
2020-04-10T11:41	84.37990	14.62615	0.185	191.6
2020-04-10T11:51	84.37940	14.62513	0.185	191.2
2020-04-10T12:01	84.37891	14.62413	0.180	191.4
2020-04-10T12:11	84.37842	14.62320	0.177	190.6
2020-04-10T12:21	84.37796	14.62243	0.170	189.2
2020-04-10T12:31	84.37747	14.62177	0.177	187.6
2020-04-10T12:41	84.37702	14.62122	0.162	186.9
2020-04-10T12:51	84.37656	14.62074	0.166	185.8
2020-04-10T13:01	84.37612	14.62046	0.162	183.6
2020-04-10T13:11	84.37567	14.62028	0.161	182.3
2020-04-10T13:21	84.37523	14.62019	0.159	181.0
2020-04-10T13:31	84.37480	14.62022	0.155	179.6
2020-04-10T13:41	84.37437	14.62039	0.154	177.8
2020-04-10T13:51	84.37395	14.62066	0.152	176.5
2020-04-10T14:01	84.37354	14.62096	0.146	175.7
2020-04-10T14:11	84.37315	14.62152	0.144	172.2
2020-04-10T14:21	84.37276	14.62207	0.143	172.1
2020-04-10T14:31	84.37237	14.62268	0.140	171.2
2020-04-10T14:41	84.37199	14.62336	0.139	170.0
2020-04-10T14:51	84.37162	14.62419	0.137	167.8
2020-04-10T15:01	84.37126	14.62508	0.133	166.2
2020-04-10T15:11	84.37092	14.62610	0.127	163.7
2020-04-10T15:21	84.37059	14.62719	0.124	161.9
2020-04-10T15:31	84.37027	14.62834	0.125	161.0
2020-04-10T15:41	84.36995	14.62954	0.123	159.8
2020-04-10T15:51	84.36964	14.63081	0.119	157.7
2020-04-10T16:01	84.36934	14.63209	0.118	157.6
2020-04-10T16:11	84.36904	14.63338	0.117	157.1
2020-04-10T16:21	84.36874	14.63471	0.116	156.1
2020-04-10T16:31	84.36845	14.63615	0.117	154.2
2020-04-10T16:41	84.36816	14.63772	0.119	152.1
2020-04-10T16:51	84.36788	14.63919	0.113	152.5
2020-04-10T17:01	84.36760	14.64071	0.114	151.9
2020-04-10T17:11	84.36732	14.64219	0.115	153.0
2020-04-10T17:21	84.36702	14.64362	0.116	154.3
2020-04-10T17:31	84.36672	14.64504	0.119	155.1
2020-04-10T17:41	84.36640	14.64654	0.127	155.2
2020-04-10T17:51	84.36608	14.64802	0.128	155.9
2020-04-10T18:01	84.36573	14.64958	0.137	156.4
2020-04-10T18:11	84.36538	14.65111	0.138	156.8
2020-04-10T18:21	84.36501	14.65264	0.144	157.8
2020-04-10T18:31	84.36463	14.65413	0.146	158.9
2020-04-10T18:41	84.36425	14.65559	0.148	159.5
2020-04-10T18:51	84.36385	14.65696	0.151	161.3
2020-04-10T19:01	84.36344	14.65833	0.153	161.5
2020-04-10T19:11	84.36302	14.65979	0.160	161.2
2020-04-10T19:21	84.36260	14.66102	0.160	164.2
2020-04-10T19:31	84.36217	14.66223	0.160	164.5
2020-04-10T19:41	84.36172	14.66348	0.166	164.6
2020-04-10T19:51	84.36127	14.66464	0.168	165.9
2020-04-10T20:01	84.36080	14.66575	0.174	166.9
2020-04-10T20:11	84.36034	14.66662	0.168	169.4
2020-04-10T20:21	84.35984	14.66758	0.183	169.4
2020-04-10T20:31	84.35938	14.66814	0.170	173.3
2020-04-10T20:41	84.35891	14.66883	0.171	171.7
2020-04-10T20:51	84.35848	14.66949	0.156	171.5
2020-04-10T21:01	84.35800	14.67046	0.175	168.6
2020-04-10T21:11	84.35752	14.67124	0.173	170.9
2020-04-10T21:21	84.35707	14.67181	0.166	173.0
2020-04-10T21:31	84.35661	14.67219	0.164	175.3
2020-04-10T21:41	84.35611	14.67256	0.181	175.8
2020-04-10T21:51	84.35562	14.67296	0.177	175.5
2020-04-10T22:01	84.35518	14.67296	0.160	180.0
2020-04-10T22:11	84.35478	14.67281	0.144	182.1
2020-04-10T22:21	84.35435	14.67305	0.154	176.8
2020-04-10T22:31	84.35394	14.67338	0.150	175.6
2020-04-10T22:41	84.35353	14.67356	0.148	177.5
2020-04-10T22:51	84.35314	14.67376	0.138	177.1
2020-04-10T23:01	84.35276	14.67400	0.137	176.4
2020-04-10T23:11	84.35238	14.67429	0.139	175.8
2020-04-10T23:21	84.35200	14.67451	0.138	176.8
2020-04-10T23:31	84.35161	14.67484	0.138	175.2
2020-04-10T23:41	84.35124	14.67513	0.134	175.6
2020-04-10T23:51	84.35087	14.67544	0.134	175.3
2020-04-11T00:01	84.35050	14.67587	0.134	173.5
2020-04-11T00:11	84.35011	14.67635	0.142	173.1
2020-04-11T00:21	84.34970	14.67695	0.150	171.8
2020-04-11T00:31	84.34929	14.67763	0.150	170.8
2020-04-11T00:41	84.34888	14.67836	0.149	169.9
2020-04-11T00:51	84.34846	14.67923	0.153	168.4
2020-04-11T01:01	84.34805	14.68018	0.153	167.2
2020-04-11T01:11	84.34764	14.68127	0.151	165.3
2020-04-11T01:21	84.34724	14.68242	0.152	164.4
2020-04-11T01:31	84.34685	14.68379	0.150	161.0
2020-04-11T01:41	84.34644	14.68513	0.152	161.8
2020-04-11T01:51	84.34604	14.68663	0.156	160.1
2020-04-11T02:01	84.34563	14.68823	0.158	159.0
2020-04-11T02:11	84.34521	14.68991	0.161	158.3
2020-04-11T02:21	84.34479	14.69162	0.163	158.2
2020-04-11T02:31	84.34437	14.69341	0.165	157.3
2020-04-11T02:41	84.34395	14.69528	0.163	156.0
2020-04-11T02:51	84.34354	14.69721	0.165	155.5
2020-04-11T03:01	84.34312	14.69919	0.164	154.8
2020-04-11T03:11	84.34272	14.70124	0.163	153.4
2020-04-11T03:21	84.34231	14.70335	0.163	152.8
2020-04-11T03:31	84.34190	14.70541	0.165	153.7
2020-04-11T03:41	84.34151	14.70749	0.158	152.2
2020-04-11T03:51	84.34112	14.70967	0.160	151.1
2020-04-11T04:01	84.34072	14.71190	0.165	151.4
2020-04-11T04:11	84.34034	14.71404	0.158	151.2
2020-04-11T04:21	84.33995	14.71618	0.159	151.7
2020-04-11T04:31	84.33955	14.71822	0.160	153.0
2020-04-11T04:41	84.33917	14.72029	0.156	151.9
2020-04-11T04:51	84.33879	14.72238	0.157	151.8
2020-04-11T05:01	84.33840	14.72443	0.156	152.2
2020-04-11T05:11	84.33803	14.72646	0.152	151.5
2020-04-11T05:21	84.33767	14.72845	0.149	151.6
2020-04-11T05:31	84.33730	14.73053	0.150	150.6
2020-04-11T05:41	84.33694	14.73255	0.150	151.4
2020-04-11T05:51	84.33658	14.73445	0.146	152.4
2020-04-11T06:01	84.33621	14.73644	0.150	152.0
2020-04-11T06:11	84.33588	14.73813	0.134	153.3
2020-04-11T06:21	84.33555	14.73978	0.132	153.6
2020-04-11T06:31	84.33521	14.74154	0.137	152.9
2020-04-11T06:41	84.33486	14.74325	0.141	154.5
2020-04-11T06:51	84.33450	14.74475	0.139	157.3
2020-04-11T07:01	84.33417	14.74549	0.124	167.8
2020-04-11T07:11	84.33383	14.74601	0.124	171.4
2020-04-11T07:21	84.33342	14.74676	0.150	169.7
2020-04-11T07:31	84.33301	14.74739	0.148	171.3
2020-04-11T07:41	84.33260	14.74800	0.150	171.8
2020-04-11T07:51	84.33221	14.74854	0.141	172.2
2020-04-11T08:01	84.33183	14.74881	0.136	175.9
2020-04-11T08:11	84.33142	14.74918	0.151	175.1
2020-04-11T08:21	84.33100	14.74945	0.151	176.3
2020-04-11T08:31	84.33063	14.74940	0.132	180.8
2020-04-11T08:41	84.33033	14.74936	0.106	180.7
2020-04-11T08:51	84.33003	14.74963	0.111	175.2
2020-04-11T09:01	84.32970	14.74976	0.119	177.7
2020-04-11T09:11	84.32932	14.75002	0.135	176.1
2020-04-11T09:21	84.32895	14.75008	0.133	179.1
2020-04-11T09:31	84.32859	14.75008	0.129	179.9
2020-04-11T09:41	84.32820	14.75015	0.140	179.0
2020-04-11T09:51	84.32782	14.75008	0.139	181.0
2020-04-11T10:01	84.32742	14.74983	0.145	183.6
2020-04-11T10:11	84.32704	14.74941	0.136	186.2
2020-04-11T10:21	84.32668	14.74912	0.130	184.6
2020-04-11T10:31	84.32631	14.74871	0.135	186.2
2020-04-11T10:41	84.32591	14.74819	0.145	187.4
2020-04-11T10:51	84.32552	14.74773	0.140	186.7
2020-04-11T11:01	84.32513	14.74729	0.140	186.4
2020-04-11T11:11	84.32471	14.74669	0.154	188.0
2020-04-11T11:21	84.32428	14.74590	0.158	190.4
2020-04-11T11:31	84.32384	14.74489	0.164	192.6
2020-04-11T11:41	84.32342	14.74382	0.156	194.2
2020-04-11T11:51	84.32300	14.74276	0.154	194.2
2020-04-11T12:01	84.32257	14.74167	0.159	194.1
2020-04-11T12:11	84.32211	14.74065	0.169	192.4
2020-04-11T12:21	84.32166	14.73974	0.166	191.3
2020-04-11T12:31	84.32122	14.73888	0.161	190.9
2020-04-11T12:41	84.32080	14.73803	0.154	191.4
2020-04-11T12:51	84.32040	14.73728	0.146	190.5
2020-04-11T13:01	84.32002	14.73666	0.141	189.1
2020-04-11T13:11	84.31960	14.73608	0.150	187.9
2020-04-11T13:21	84.31920	14.73555	0.146	187.5
2020-04-11T13:31	84.31881	14.73506	0.144	186.9
2020-04-11T13:41	84.31840	14.73456	0.148	187.0
2020-04-11T13:51	84.31798	14.73408	0.152	186.5
2020-04-11T14:01	84.31755	14.73375	0.154	184.3
2020-04-11T14:11	84.31714	14.73358	0.148	182.3
2020-04-11T14:21	84.31673	14.73353	0.147	180.7
2020-04-11T14:31	84.31632	14.73350	0.148	180.5
2020-04-11T14:41	84.31590	14.73338	0.153	181.6
2020-04-11T14:51	84.31545	14.73326	0.159	181.5
2020-04-11T15:01	84.31502	14.73299	0.158	183.6
2020-04-11T15:11	84.31458	14.73273	0.158	183.3
2020-04-11T15:21	84.31415	14.73264	0.153	181.2
2020-04-11T15:31	84.31373	14.73252	0.153	181.6
2020-04-11T15:41	84.31331	14.73256	0.150	179.4
2020-04-11T15:51	84.31291	14.73263	0.146	179.0
2020-04-11T16:01	84.31249	14.73261	0.152	180.3
2020-04-11T16:11	84.31206	14.73249	0.153	181.6
2020-04-11T16:21	84.31166	14.73220	0.146	184.0
2020-04-11T16:31	84.31126	14.73208	0.143	181.8
2020-04-11T16:41	84.31087	14.73205	0.139	180.5
2020-04-11T16:51	84.31050	14.73201	0.133	180.6
2020-04-11T17:01	84.31014	14.73200	0.130	180.1
2020-04-11T17:11	84.30978	14.73192	0.130	181.3
2020-04-11T17:21	84.30943	14.73185	0.126	181.1
2020-04-11T17:31	84.30909	14.73177	0.124	181.2
2020-04-11T17:41	84.30875	14.73163	0.121	182.4
2020-04-11T17:51	84.30842	14.73152	0.121	181.9
2020-04-11T18:01	84.30809	14.73143	0.116	181.6
2020-04-11T18:11	84.30777	14.73127	0.116	182.9
2020-04-11T18:21	84.30747	14.73104	0.110	184.3
2020-04-11T18:31	84.30716	14.73078	0.111	184.8
2020-04-11T18:41	84.30686	14.73044	0.107	186.4
2020-04-11T18:51	84.30657	14.73008	0.106	187.1
2020-04-11T19:01	84.30629	14.72973	0.103	186.8
2020-04-11T19:11	84.30600	14.72932	0.103	188.2
2020-04-11T19:21	84.30572	14.72874	0.104	191.6
2020-04-11T19:31	84.30544	14.72823	0.103	190.3
2020-04-11T19:41	84.30516	14.72767	0.101	191.3
2020-04-11T19:51	84.30489	14.72706	0.102	192.3
2020-04-11T20:01	84.30461	14.72643	0.104	192.4
2020-04-11T20:11	84.30433	14.72595	0.101	189.8
2020-04-11T20:21	84.30405	14.72530	0.104	192.9
2020-04-11T20:31	84.30376	14.72469	0.105	192.2
2020-04-11T20:41	84.30346	14.72394	0.114	193.6
2020-04-11T20:51	84.30315	14.72319	0.113	193.7
2020-04-11T21:01	84.30283	14.72235	0.120	194.5
2020-04-11T21:11	84.30251	14.72154	0.119	194.0
2020-04-11T21:21	84.30218	14.72071	0.122	194.1
2020-04-11T21:31	84.30185	14.71981	0.123	195.3
2020-04-11T21:41	84.30154	14.71906	0.114	193.6
2020-04-11T21:51	84.30125	14.71820	0.110	196.2
2020-04-11T22:01	84.30095	14.71736	0.111	195.7
2020-04-11T22:11	84.30064	14.71645	0.119	195.8
2020-04-11T22:21	84.30031	14.71546	0.124	196.6
2020-04-11T22:31	84.29998	14.71442	0.122	197.8
2020-04-11T22:41	84.29965	14.71347	0.123	196.0
2020-04-11T22:51	84.29932	14.71261	0.123	194.3
2020-04-11T23:01	84.29899	14.71174	0.122	194.9
2020-04-11T23:11	84.29866	14.71090	0.123	194.1
2020-04-11T23:21	84.29834	14.71003	0.121	194.9
2020-04-11T23:31	84.29800	14.70931	0.123	192.0
2020-04-11T23:41	84.29767	14.70862	0.121	191.8
2020-04-11T23:51	84.29735	14.70790	0.118	192.6
2020-04-12T00:01	84.29705	14.70734	0.112	190.4
2020-04-12T00:11	84.29676	14.70685	0.104	189.7
2020-04-12T00:21	84.29651	14.70653	0.092	187.1
2020-04-12T00:31	84.29627	14.70635	0.087	184.3
2020-04-12T00:41	84.29603	14.70631	0.087	180.9
2020-04-12T00:51	84.29579	14.70632	0.086	179.6
2020-04-12T01:01	84.29556	14.70639	0.083	178.2
2020-04-12T01:11	84.29533	14.70647	0.081	178.1
2020-04-12T01:21	84.29511	14.70658	0.080	177.3
2020-04-12T01:31	84.29490	14.70684	0.076	172.9
2020-04-12T01:41	84.29471	14.70709	0.068	172.3
2020-04-12T01:51	84.29454	14.70744	0.063	168.7
2020-04-12T02:01	84.29439	14.70783	0.056	165.5
2020-04-12T02:11	84.29428	14.70814	0.041	164.2
2020-04-12T02:21	84.29418	14.70855	0.041	159.3
2020-04-12T02:31	84.29409	14.70890	0.035	158.7
2020-04-12T02:41	84.29400	14.70930	0.033	154.5
2020-04-12T02:51	84.29392	14.70981	0.036	149.6
2020-04-12T03:01	84.29386	14.71029	0.026	139.0
2020-04-12T03:11	84.29379	14.71099	0.036	136.3
2020-04-12T03:21	84.29375	14.71161	0.027	125.0
2020-04-12T03:31	84.29371	14.71233	0.029	118.3
2020-04-12T03:41	84.29368	14.71313	0.030	108.4
2020-04-12T03:51	84.29367	14.71396	0.030	97.5
2020-04-12T04:01	84.29367	14.71492	0.034	87.9
2020-04-12T04:11	84.29369	14.71570	0.029	78.5
2020-04-12T04:21	84.29370	14.71657	0.031	83.1
2020-04-12T04:31	84.29371	14.71747	0.033	83.8
2020-04-12T04:41	84.29372	14.71839	0.033	81.2
2020-04-12T04:51	84.29372	14.71937	0.035	89.9
2020-04-12T05:01	84.29375	14.72042	0.039	77.0
2020-04-12T05:11	84.29376	14.72111	0.025	79.1
2020-04-12T05:21	84.29377	14.72191	0.029	83.7
2020-04-12T05:31	84.29377	14.72275	0.030	89.2
2020-04-12T05:41	84.29378	14.72360	0.031	86.6
2020-04-12T05:51	84.29378	14.72448	0.032	85.2
2020-04-12T06:01	84.29379	14.72541	0.033	86.7
2020-04-12T06:11	84.29379	14.72615	0.026	88.8
2020-04-12T06:21	84.29378	14.72691	0.028	98.7
2020-04-12T06:31	84.29377	14.72765	0.027	97.2
2020-04-12T06:41	84.29376	14.72841	0.027	93.7
2020-04-12T06:51	84.29377	14.72891	0.018	83.9
2020-04-12T07:01	84.29377	14.72948	0.020	87.3
2020-04-12T07:11	84.29377	14.73003	0.020	90.0
2020-04-12T07:21	84.29377	14.73048	0.016	89.4
2020-04-12T07:31	84.29377	14.73095	0.017	94.4
2020-04-12T07:41	84.29376	14.73148	0.019	99.3
2020-04-12T07:51	84.29376	14.73189	0.015	84.3
2020-04-12T08:01	84.29377	14.73229	0.015	87.0
2020-04-12T08:11	84.29377	14.73256	0.010	89.8
2020-04-12T08:21	84.29377	14.73281	0.009	87.7
2020-04-12T08:31	84.29376	14.73312	0.012	106.2
2020-04-12T08:41	84.29373	14.73354	0.018	126.0
2020-04-12T08:51	84.29372	14.73379	0.010	111.7
2020-04-12T09:01	84.29368	14.73415	0.018	134.2
2020-04-12T09:11	84.29363	14.73459	0.025	140.5
2020-04-12T09:21	84.29353	14.73512	0.040	151.2
2020-04-12T09:31	84.29341	14.73568	0.050	156.1
2020-04-12T09:41	84.29326	14.73633	0.060	157.1
2020-04-12T09:51	84.29310	14.73700	0.062	157.4
2020-04-12T10:01	84.29294	14.73769	0.060	155.6
2020-04-12T10:11	84.29280	14.73837	0.057	154.8
2020-04-12T10:21	84.29266	14.73909	0.058	153.8
2020-04-12T10:31	84.29252	14.73989	0.058	150.4
2020-04-12T10:41	84.29238	14.74070	0.058	149.8
2020-04-12T10:51	84.29224	14.74146	0.057	151.2
2020-04-12T11:01	84.29210	14.74232	0.059	148.8
2020-04-12T11:11	84.29195	14.74317	0.061	149.9
2020-04-12T11:21	84.29180	14.74405	0.062	149.5
2020-04-12T11:31	84.29168	14.74488	0.055	147.3
2020-04-12T11:41	84.29154	14.74581	0.059	145.8
2020-04-12T11:51	84.29141	14.74671	0.057	145.8
2020-04-12T12:01	84.29128	14.74767	0.059	143.9
2020-04-12T12:11	84.29115	14.74868	0.058	141.5
2020-04-12T12:21	84.29102	14.74972	0.060	142.0
2020-04-12T12:31	84.29089	14.75076	0.060	141.9
2020-04-12T12:41	84.29075	14.75184	0.062	141.0
2020-04-12T12:51	84.29062	14.75293	0.061	139.9
2020-04-12T13:01	84.29050	14.75413	0.063	137.0
2020-04-12T13:11	84.29037	14.75530	0.061	136.6
2020-04-12T13:21	84.29026	14.75649	0.059	133.9
2020-04-12T13:31	84.29015	14.75774	0.061	132.7
2020-04-12T13:41	84.29003	14.75902	0.062	132.6
2020-04-12T13:51	84.28991	14.76028	0.061	132.7
2020-04-12T14:01	84.28981	14.76160	0.060	127.2
2020-04-12T14:11	84.28969	14.76299	0.066	131.4
2020-04-12T14:21	84.28957	14.76436	0.064	130.7
2020-04-12T14:31	84.28947	14.76575	0.064	128.1
2020-04-12T14:41	84.28936	14.76726	0.067	126.3
2020-04-12T14:51	84.28927	14.76859	0.058	123.8
2020-04-12T15:01	84.28917	14.77011	0.065	123.6
2020-04-12T15:11	84.28907	14.77166	0.065	120.9
2020-04-12T15:21	84.28899	14.77314	0.061	119.5
2020-04-12T15:31	84.28891	14.77463	0.060	117.2
2020-04-12T15:41	84.28886	14.77606	0.055	110.1
2020-04-12T15:51	84.28885	14.77729	0.044	93.9
2020-04-12T16:01	84.28888	14.77847	0.044	76.6
2020-04-12T16:11	84.28890	14.77972	0.045	83.6
2020-04-12T16:21	84.28891	14.78073	0.037	79.7
2020-04-12T16:31	84.28892	14.78204	0.047	86.3
2020-04-12T16:41	84.28892	14.78315	0.040	92.8
2020-04-12T16:51	84.28892	14.78427	0.040	88.0
2020-04-12T17:01	84.28893	14.78541	0.041	87.6
2020-04-12T17:11	84.28893	14.78654	0.040	89.4
2020-04-12T17:21	84.28895	14.78764	0.040	80.7
2020-04-12T17:31	84.28897	14.78861	0.035	77.1
2020-04-12T17:41	84.28898	14.78970	0.040	81.0
2020-04-12T17:51	84.28899	14.79068	0.035	88.2
2020-04-12T18:01	84.28900	14.79171	0.037	84.4
2020-04-12T18:11	84.28901	14.79267	0.034	84.8
2020-04-12T18:21	84.28903	14.79356	0.033	78.0
2020-04-12T18:31	84.28904	14.79451	0.035	79.9
2020-04-12T18:41	84.28904	14.79539	0.032	89.3
2020-04-12T18:51	84.28904	14.79636	0.035	90.1
2020-04-12T19:01	84.28903	14.79754	0.043	96.6
2020-04-12T19:11	84.28904	14.79843	0.032	85.4
2020-04-12T19:21	84.28905	14.79919	0.028	77.6
2020-04-12T19:31	84.28908	14.79997	0.029	72.2
2020-04-12T19:41	84.28910	14.80081	0.031	77.6
2020-04-12T19:51	84.28911	14.80153	0.026	82.3
2020-04-12T20:01	84.28910	14.80233	0.029	93.5
2020-04-12T20:11	84.28911	14.80293	0.022	80.3
2020-04-12T20:21	84.28913	14.80350	0.022	71.8
2020-04-12T20:31	84.28915	14.80409	0.022	75.3
2020-04-12T20:41	84.28915	14.80456	0.017	84.8
2020-04-12T20:51	84.28916	14.80519	0.023	76.7
2020-04-12T21:01	84.28916	14.80569	0.018	90.6
2020-04-12T21:11	84.28917	14.80604	0.013	80.6
2020-04-12T21:21	84.28917	14.80655	0.018	91.6
2020-04-12T21:31	84.28916	14.80715	0.021	95.6
2020-04-12T21:41	84.28916	14.80772	0.020	91.7
2020-04-12T21:51	84.28916	14.80831	0.021	90.6
2020-04-12T22:01	84.28917	14.80899	0.024	84.1
2020-04-12T22:11	84.28918	14.80962	0.023	78.7
2020-04-12T22:21	84.28919	14.81014	0.019	81.7
2020-04-12T22:31	84.28920	14.81068	0.020	78.4
2020-04-12T22:41	84.28921	14.81131	0.023	81.4
2020-04-12T22:51	84.28922	14.81216	0.031	83.9
2020-04-12T23:01	84.28922	14.81294	0.028	86.6
2020-04-12T23:11	84.28923	14.81371	0.028	82.0
2020-04-12T23:21	84.28925	14.81461	0.033	77.0
2020-04-12T23:31	84.28927	14.81557	0.035	80.9
2020-04-12T23:41	84.28928	14.81658	0.037	84.7
2020-04-12T23:51	84.28929	14.81759	0.036	81.5
2020-04-13T00:01	84.28931	14.81882	0.045	83.3
2020-04-13T00:11	84.28933	14.81995	0.041	81.1
2020-04-13T00:21	84.28934	14.82120	0.045	82.7
2020-04-13T00:31	84.28936	14.82234	0.041	81.0
2020-04-13T00:41	84.28938	14.82365	0.047	82.8
2020-04-13T00:51	84.28939	14.82484	0.043	82.4
2020-04-13T01:01	84.28941	14.82616	0.048	81.9
2020-04-13T01:11	84.28943	14.82749	0.048	79.9
2020-04-13T01:21	84.28945	14.82895	0.053	83.0
2020-04-13T01:31	84.28947	14.83042	0.053	83.6
2020-04-13T01:41	84.28948	14.83203	0.058	85.5
2020-04-13T01:51	84.28950	14.83349	0.053	81.7
2020-04-13T02:01	84.28952	14.83519	0.061	84.8
2020-04-13T02:11	84.28954	14.83686	0.060	82.9
2020-04-13T02:21	84.28955	14.83862	0.063	84.9
2020-04-13T02:31	84.28957	14.84044	0.066	84.0
2020-04-13T02:41	84.28959	14.84233	0.068	83.4
2020-04-13T02:51	84.28962	14.84421	0.068	82.5
2020-04-13T03:01	84.28964	14.84617	0.071	83.0
2020-04-13T03:11	84.28967	14.84818	0.073	83.0
2020-04-13T03:21	84.28969	14.85019	0.072	84.6
2020-04-13T03:31	84.28972	14.85222	0.074	81.7
2020-04-13T03:41	84.28975	14.85433	0.077	80.9
2020-04-13T03:51	84.28978	14.85647	0.077	81.4
2020-04-13T04:01	84.28982	14.85863	0.078	80.7
2020-04-13T04:11	84.28986	14.86082	0.080	79.6
2020-04-13T04:21	84.28990	14.86304	0.081	79.6
2020-04-13T04:31	84.28994	14.86528	0.081	80.3
2020-04-13T04:41	84.28998	14.86758	0.084	78.7
2020-04-13T04:51	84.29002	14.86997	0.087	79.6
2020-04-13T05:01	84.29007	14.87218	0.081	78.5
2020-04-13T05:11	84.29012	14.87436	0.080	77.2
2020-04-13T05:21	84.29017	14.87666	0.085	76.4
2020-04-13T05:31	84.29025	14.87893	0.085	72.4
2020-04-13T05:41	84.29030	14.88133	0.088	77.4
2020-04-13T05:51	84.29036	14.88365	0.086	76.2
2020-04-13T06:01	84.29040	14.88601	0.086	78.5
2020-04-13T06:11	84.29047	14.88837	0.087	75.1
2020-04-13T06:21	84.29055	14.89090	0.096	71.1
2020-04-13T06:31	84.29063	14.89340	0.094	72.1
2020-04-13T06:41	84.29071	14.89586	0.092	72.6
2020-04-13T06:51	84.29080	14.89848	0.100	70.6
2020-04-13T07:01	84.29087	14.90078	0.086	73.0
2020-04-13T07:11	84.29094	14.90303	0.085	72.3
2020-04-13T07:21	84.29101	14.90532	0.086	72.8
2020-04-13T07:31	84.29110	14.90773	0.093	69.2
2020-04-13T07:41	84.29121	14.91017	0.095	66.3
2020-04-13T07:51	84.29129	14.91279	0.099	72.6
2020-04-13T08:01	84.29137	14.91528	0.094	71.9
2020-04-13T08:11	84.29146	14.91770	0.092	69.9
2020-04-13T08:21	84.29155	14.92009	0.092	69.3
2020-04-13T08:31	84.29164	14.92248	0.091	69.3
2020-04-13T08:41	84.29173	14.92468	0.085	67.6
2020-04-13T08:51	84.29182	14.92677	0.081	67.9
2020-04-13T09:01	84.29191	14.92892	0.083	67.1
2020-04-13T09:11	84.29200	14.93105	0.083	66.6
2020-04-13T09:21	84.29209	14.93313	0.082	65.7
2020-04-13T09:31	84.29217	14.93513	0.078	67.2
2020-04-13T09:41	84.29226	14.93709	0.077	65.6
2020-04-13T09:51	84.29235	14.93903	0.076	66.8
2020-04-13T10:01	84.29243	14.94088	0.073	65.7
2020-04-13T10:11	84.29251	14.94265	0.070	65.3
2020-04-13T10:21	84.29259	14.94463	0.077	67.6
2020-04-13T10:31	84.29267	14.94669	0.079	68.8
2020-04-13T10:41	84.29275	14.94861	0.075	67.1
2020-04-13T10:51	84.29283	14.95052	0.074	66.9
2020-04-13T11:01	84.29291	14.95242	0.074	67.4
2020-04-13T11:11	84.29298	14.95419	0.068	68.2
2020-04-13T11:21	84.29305	14.95572	0.060	66.2
2020-04-13T11:31	84.29312	14.95723	0.060	64.9
2020-04-13T11:41	84.29319	14.95868	0.058	63.3
2020-04-13T11:51	84.29327	14.95997	0.053	60.0
2020-04-13T12:01	84.29334	14.96118	0.051	57.7
2020-04-13T12:11	84.29343	14.96241	0.054	54.6
2020-04-13T12:21	84.29350	14.96354	0.048	56.9
2020-04-13T12:31	84.29358	14.96467	0.050	54.9
2020-04-13T12:41	84.29366	14.96574	0.048	53.4
2020-04-13T12:51	84.29374	14.96675	0.047	50.4
2020-04-13T13:01	84.29383	14.96774	0.047	48.8
2020-04-13T13:11	84.29392	14.96877	0.049	48.3
2020-04-13T13:21	84.29402	14.96970	0.048	43.7
2020-04-13T13:31	84.29411	14.97061	0.048	43.4
2020-04-13T13:41	84.29421	14.97153	0.047	43.7
2020-04-13T13:51	84.29431	14.97249	0.051	42.4
2020-04-13T14:01	84.29441	14.97339	0.049	41.6
2020-04-13T14:11	84.29453	14.97431	0.052	39.1
2020-04-13T14:21	84.29463	14.97515	0.049	38.2
2020-04-13T14:31	84.29475	14.97608	0.053	38.6
2020-04-13T14:41	84.29487	14.97703	0.056	37.6
2020-04-13T14:51	84.29501	14.97809	0.062	37.6
2020-04-13T15:01	84.29514	14.97906	0.058	36.6
2020-04-13T15:11	84.29527	14.98002	0.060	35.5
2020-04-13T15:21	84.29541	14.98103	0.063	35.1
2020-04-13T15:31	84.29557	14.98214	0.069	35.2
2020-04-13T15:41	84.29572	14.98301	0.061	30.6
2020-04-13T15:51	84.29587	14.98387	0.064	28.7
2020-04-13T16:01	84.29604	14.98480	0.068	29.3
2020-04-13T16:11	84.29621	14.98569	0.068	27.7
2020-04-13T16:21	84.29639	14.98661	0.076	25.8
2020-04-13T16:31	84.29656	14.98741	0.066	25.9
2020-04-13T16:41	84.29674	14.98815	0.071	21.8
2020-04-13T16:51	84.29693	14.98886	0.073	20.3
2020-04-13T17:01	84.29713	14.98951	0.075	17.9
2020-04-13T17:11	84.29734	14.99014	0.077	17.1
2020-04-13T17:21	84.29755	14.99073	0.080	15.3
2020-04-13T17:31	84.29778	14.99121	0.082	12.1
2020-04-13T17:41	84.29801	14.99163	0.087	10.0
2020-04-13T17:51	84.29825	14.99202	0.088	9.1
2020-04-13T18:01	84.29850	14.99235	0.088	7.7
2020-04-13T18:11	84.29875	14.99264	0.092	6.4
2020-04-13T18:21	84.29901	14.99292	0.095	6.0
2020-04-13T18:31	84.29928	14.99320	0.098	5.8
2020-04-13T18:41	84.29957	14.99346	0.102	5.4
2020-04-13T18:51	84.29986	14.99371	0.106	4.7
2020-04-13T19:01	84.30015	14.99378	0.106	1.4
2020-04-13T19:11	84.30046	14.99374	0.110	359.2
2020-04-13T19:21	84.30078	14.99372	0.114	359.6
2020-04-13T19:31	84.30110	14.99373	0.117	0.2
2020-04-13T19:41	84.30141	14.99369	0.112	359.4
2020-04-13T19:51	84.30172	14.99359	0.113	358.1
2020-04-13T20:01	84.30203	14.99353	0.110	359.0
2020-04-13T20:11	84.30235	14.99332	0.115	356.1
2020-04-13T20:21	84.30271	14.99299	0.130	354.8
2020-04-13T20:31	84.30307	14.99263	0.130	354.3
2020-04-13T20:41	84.30343	14.99229	0.132	354.7
2020-04-13T20:51	84.30379	14.99195	0.131	354.5
2020-04-13T21:01	84.30412	14.99165	0.118	354.9
2020-04-13T21:11	84.30445	14.99113	0.120	351.2
2020-04-13T21:21	84.30478	14.99060	0.119	350.8
2020-04-13T21:31	84.30512	14.98993	0.127	349.1
2020-04-13T21:41	84.30546	14.98920	0.123	347.6
2020-04-13T21:51	84.30580	14.98855	0.125	349.4
2020-04-13T22:01	84.30614	14.98792	0.126	349.7
2020-04-13T22:11	84.30648	14.98722	0.124	348.5
2020-04-13T22:21	84.30682	14.98636	0.128	346.1
2020-04-13T22:31	84.30716	14.98552	0.124	346.0
2020-04-13T22:41	84.30750	14.98468	0.126	346.3
2020-04-13T22:51	84.30784	14.98376	0.126	344.9
2020-04-13T23:01	84.30817	14.98280	0.124	343.9
2020-04-13T23:11	84.30850	14.98169	0.126	341.6
2020-04-13T23:21	84.30884	14.98054	0.128	341.2
2020-04-13T23:31	84.30918	14.97920	0.133	339.0
2020-04-13T23:41	84.30953	14.97762	0.138	336.0
2020-04-13T23:51	84.30989	14.97595	0.141	334.8
2020-04-14T00:01	84.31024	14.97431	0.140	335.3
2020-04-14T00:11	84.31060	14.97275	0.141	336.8
2020-04-14T00:21	84.31095	14.97105	0.142	334.7
2020-04-14T00:31	84.31132	14.96930	0.146	334.5
2020-04-14T00:41	84.31170	14.96744	0.151	334.1
2020-04-14T00:51	84.31208	14.96558	0.153	334.3
2020-04-14T01:01	84.31246	14.96349	0.156	331.5
2020-04-14T01:11	84.31285	14.96139	0.158	331.5
2020-04-14T01:21	84.31324	14.95928	0.161	332.2
2020-04-14T01:31	84.31364	14.95710	0.165	331.7
2020-04-14T01:41	84.31405	14.95481	0.169	331.1
2020-04-14T01:51	84.31446	14.95253	0.168	331.1
2020-04-14T02:01	84.31487	14.95017	0.170	330.4
2020-04-14T02:11	84.31529	14.94774	0.173	329.9
2020-04-14T02:21	84.31571	14.94526	0.176	329.8
2020-04-14T02:31	84.31614	14.94275	0.177	329.6
2020-04-14T02:41	84.31655	14.94017	0.176	328.4
2020-04-14T02:51	84.31696	14.93754	0.175	327.5
2020-04-14T03:01	84.31737	14.93488	0.176	327.5
2020-04-14T03:11	84.31780	14.93223	0.180	328.4
2020-04-14T03:21	84.31822	14.92947	0.182	327.3
2020-04-14T03:31	84.31865	14.92655	0.187	326.1
2020-04-14T03:41	84.31909	14.92352	0.190	325.4
2020-04-14T03:51	84.31951	14.92044	0.187	324.2
2020-04-14T04:01	84.31993	14.91720	0.191	322.9
2020-04-14T04:11	84.32036	14.91394	0.193	322.8
2020-04-14T04:21	84.32079	14.91056	0.195	321.8
2020-04-14T04:31	84.32122	14.90706	0.200	321.4
2020-04-14T04:41	84.32165	14.90362	0.198	321.7
2020-04-14T04:51	84.32209	14.90003	0.202	320.8
2020-04-14T05:01	84.32252	14.89619	0.207	318.5
2020-04-14T05:11	84.32294	14.89229	0.206	317.8
2020-04-14T05:21	84.32337	14.88841	0.208	318.3
2020-04-14T05:31	84.32381	14.88435	0.213	317.2
2020-04-14T05:41	84.32424	14.88033	0.212	317.4
2020-04-14T05:51	84.32468	14.87616	0.216	316.7
2020-04-14T06:01	84.32510	14.87200	0.213	316.1
2020-04-14T06:11	84.32552	14.86784	0.212	315.6
2020-04-14T06:21	84.32595	14.86364	0.215	316.0
2020-04-14T06:31	84.32640	14.85941	0.221	317.0
2020-04-14T06:41	84.32687	14.85517	0.225	318.0
2020-04-14T06:51	84.32733	14.85073	0.228	316.3
2020-04-14T07:01	84.32780	14.84622	0.236	317.0
2020-04-14T07:11	84.32826	14.84145	0.236	314.1
2020-04-14T07:21	84.32870	14.83675	0.231	313.7
2020-04-14T07:31	84.32915	14.83191	0.236	313.0
2020-04-14T07:41	84.32955	14.82703	0.226	309.7
2020-04-14T07:51	84.32995	14.82218	0.224	309.7
2020-04-14T08:01	84.33042	14.81717	0.246	313.8
2020-04-14T08:11	84.33089	14.81192	0.250	311.7
2020-04-14T08:21	84.33133	14.80649	0.252	309.9
2020-04-14T08:31	84.33178	14.80088	0.257	309.1
2020-04-14T08:41	84.33223	14.79529	0.256	309.1
2020-04-14T08:51	84.33267	14.78958	0.258	308.1
2020-04-14T09:01	84.33311	14.78389	0.256	307.8
2020-04-14T09:11	84.33357	14.77802	0.266	308.4
2020-04-14T09:21	84.33400	14.77214	0.262	306.9
2020-04-14T09:31	84.33444	14.76603	0.268	306.0
2020-04-14T09:41	84.33486	14.75976	0.269	304.1
2020-04-14T09:51	84.33525	14.75332	0.268	301.5
2020-04-14T10:01	84.33562	14.74640	0.281	298.7
2020-04-14T10:11	84.33601	14.73882	0.303	297.1
2020-04-14T10:21	84.33637	14.73107	0.304	295.1
2020-04-14T10:31	84.33672	14.72358	0.296	295.9
2020-04-14T10:41	84.33707	14.71601	0.297	295.1
2020-04-14T10:51	84.33742	14.70848	0.295	294.7
2020-04-14T11:01	84.33775	14.70071	0.301	293.3
2020-04-14T11:11	84.33806	14.69260	0.309	291.3
2020-04-14T11:21	84.33835	14.68455	0.305	290.2
2020-04-14T11:31	84.33864	14.67666	0.298	290.1
2020-04-14T11:41	84.33892	14.66883	0.296	290.2
2020-04-14T11:51	84.33918	14.66118	0.287	289.0
2020-04-14T12:01	84.33944	14.65346	0.290	289.0
2020-04-14T12:11	84.33969	14.64562	0.292	287.6
2020-04-14T12:21	84.33992	14.63797	0.284	287.1
2020-04-14T12:31	84.34014	14.63020	0.287	286.3
2020-04-14T12:41	84.34033	14.62253	0.281	284.3
2020-04-14T12:51	84.34054	14.61493	0.280	285.1
2020-04-14T13:01	84.34070	14.60764	0.265	282.5
2020-04-14T13:11	84.34082	14.60030	0.264	279.8
2020-04-14T13:21	84.34092	14.59302	0.261	277.4
2020-04-14T13:31	84.34100	14.58595	0.253	276.5
2020-04-14T13:41	84.34107	14.57882	0.254	275.8
2020-04-14T13:51	84.34113	14.57185	0.249	275.4
2020-04-14T14:01	84.34118	14.56504	0.242	273.8
2020-04-14T14:11	84.34118	14.55829	0.240	270.0
2020-04-14T14:21	84.34114	14.55158	0.239	267.0
2020-04-14T14:31	84.34109	14.54511	0.230	265.4
2020-04-14T14:41	84.34104	14.53877	0.226	265.5
2020-04-14T14:51	84.34099	14.53236	0.228	265.3
2020-04-14T15:01	84.34092	14.52590	0.231	263.9
2020-04-14T15:11	84.34085	14.51941	0.232	263.3
2020-04-14T15:21	84.34075	14.51300	0.230	261.3
2020-04-14T15:31	84.34065	14.50682	0.222	260.8
2020-04-14T15:41	84.34055	14.50056	0.225	260.7
2020-04-14T15:51	84.34045	14.49427	0.226	261.2
2020-04-14T16:01	84.34035	14.48798	0.226	260.3
2020-04-14T16:11	84.34024	14.48187	0.220	260.0
2020-04-14T16:21	84.34013	14.47586	0.218	259.1
2020-04-14T16:31	84.34001	14.46983	0.218	259.0
2020-04-14T16:41	84.33989	14.46373	0.221	258.7
2020-04-14T16:51	84.33976	14.45764	0.221	257.7
2020-04-14T17:01	84.33962	14.45158	0.221	256.9
2020-04-14T17:11	84.33948	14.44552	0.221	256.9
2020-04-14T17:21	84.33934	14.43953	0.220	256.0
2020-04-14T17:31	84.33920	14.43350	0.220	256.7
2020-04-14T17:41	84.33905	14.42761	0.216	255.8
2020-04-14T17:51	84.33891	14.42179	0.212	256.3
2020-04-14T18:01	84.33875	14.41605	0.212	253.9
2020-04-14T18:11	84.33860	14.41045	0.206	254.8
2020-04-14T18:21	84.33846	14.40493	0.202	256.1
2020-04-14T18:31	84.33833	14.39944	0.200	256.7
2020-04-14T18:41	84.33820	14.39401	0.199	255.6
2020-04-14T18:51	84.33804	14.38869	0.197	253.7
2020-04-14T19:01	84.33790	14.38307	0.206	255.1
2020-04-14T19:11	84.33770	14.37753	0.209	250.1
2020-04-14T19:21	84.33748	14.37203	0.210	248.4
2020-04-14T19:31	84.33728	14.36671	0.203	248.4
2020-04-14T19:41	84.33707	14.36140	0.203	248.6
2020-04-14T19:51	84.33686	14.35641	0.192	247.2
2020-04-14T20:01	84.33674	14.35147	0.181	255.9
2020-04-14T20:11	84.33658	14.34618	0.196	253.1
2020-04-14T20:21	84.33642	14.34111	0.189	252.5
2020-04-14T20:31	84.33626	14.33636	0.179	250.9
2020-04-14T20:41	84.33611	14.33169	0.175	251.7
2020-04-14T20:51	84.33594	14.32701	0.177	250.2
2020-04-14T21:01	84.33576	14.32240	0.177	248.0
2020-04-14T21:11	84.33555	14.31772	0.183	245.6
2020-04-14T21:21	84.33535	14.31293	0.185	246.9
2020-04-14T21:31	84.33512	14.30821	0.186	244.2
2020-04-14T21:41	84.33491	14.30351	0.185	244.9
2020-04-14T21:51	84.33468	14.29904	0.178	243.4
2020-04-14T22:01	84.33448	14.29456	0.175	245.3
2020-04-14T22:11	84.33429	14.29012	0.172	246.2
2020-04-14T22:21	84.33409	14.28576	0.171	245.5
2020-04-14T22:31	84.33389	14.28143	0.170	244.9
2020-04-14T22:41	84.33368	14.27695	0.175	245.1
2020-04-14T22:51	84.33349	14.27256	0.171	245.8
2020-04-14T23:01	84.33328	14.26801	0.179	244.8
2020-04-14T23:11	84.33306	14.26345	0.179	244.7
2020-04-14T23:21	84.33286	14.25873	0.183	246.1
2020-04-14T23:31	84.33264	14.25399	0.187	244.8
2020-04-14T23:41	84.33242	14.24915	0.189	245.7
2020-04-14T23:51	84.33222	14.24424	0.189	247.5
2020-04-15T00:01	84.33202	14.23928	0.191	247.6
2020-04-15T00:11	84.33181	14.23427	0.194	246.7
2020-04-15T00:21	84.33159	14.22919	0.197	246.6
2020-04-15T00:31	84.33137	14.22408	0.197	246.9
2020-04-15T00:41	84.33116	14.21894	0.199	247.1
2020-04-15T00:51	84.33095	14.21369	0.201	248.2
2020-04-15T01:01	84.33074	14.20845	0.200	248.3
2020-04-15T01:11	84.33054	14.20312	0.204	248.7
2020-04-15T01:21	84.33033	14.19787	0.201	248.1
2020-04-15T01:31	84.33013	14.19263	0.200	248.6
2020-04-15T01:41	84.32994	14.18732	0.201	250.0
2020-04-15T01:51	84.32974	14.18207	0.199	249.5
2020-04-15T02:01	84.32956	14.17672	0.201	251.4
2020-04-15T02:11	84.32939	14.17144	0.198	251.6
2020-04-15T02:21	84.32923	14.16611	0.199	252.7
2020-04-15T02:31	84.32906	14.16084	0.197	252.3
2020-04-15T02:41	84.32892	14.15560	0.193	255.1
2020-04-15T02:51	84.32877	14.15016	0.201	254.7
2020-04-15T03:01	84.32863	14.14482	0.197	255.0
2020-04-15T03:11	84.32849	14.13926	0.205	255.1
2020-04-15T03:21	84.32835	14.13379	0.201	256.0
2020-04-15T03:31	84.32825	14.12854	0.190	259.1
2020-04-15T03:41	84.32815	14.12320	0.193	259.4
2020-04-15T03:51	84.32805	14.11813	0.184	258.3
2020-04-15T04:01	84.32792	14.11339	0.175	255.2
2020-04-15T04:11	84.32782	14.10873	0.170	256.9
2020-04-15T04:21	84.32768	14.10406	0.174	253.2
2020-04-15T04:31	84.32753	14.09982	0.160	250.2
2020-04-15T04:41	84.32739	14.09582	0.151	250.2
2020-04-15T04:51	84.32727	14.09188	0.146	253.4
2020-04-15T05:01	84.32719	14.08774	0.150	258.7
2020-04-15T05:11	84.32713	14.08351	0.152	262.4
2020-04-15T05:21	84.32707	14.07935	0.150	261.3
2020-04-15T05:31	84.32700	14.07530	0.146	260.8
2020-04-15T05:41	84.32695	14.07092	0.157	262.5
2020-04-15T05:51	84.32688	14.06641	0.162	261.8
2020-04-15T06:01	84.32681	14.06179	0.166	261.1
2020-04-15T06:11	84.32675	14.05727	0.162	262.3
2020-04-15T06:21	84.32670	14.05279	0.160	263.8
2020-04-15T06:31	84.32665	14.04840	0.157	263.4
2020-04-15T06:41	84.32661	14.04374	0.167	264.6
2020-04-15T06:51	84.32656	14.03899	0.170	264.0
2020-04-15T07:01	84.32651	14.03445	0.162	264.1
2020-04-15T07:11	84.32647	14.02983	0.165	264.6
2020-04-15T07:21	84.32644	14.02524	0.164	266.5
2020-04-15T07:31	84.32642	14.02077	0.159	267.6
2020-04-15T07:41	84.32642	14.01622	0.162	269.9
2020-04-15T07:51	84.32642	14.01160	0.165	269.4
2020-04-15T08:01	84.32641	14.00698	0.164	269.5
2020-04-15T08:11	84.32640	14.00233	0.166	268.7
2020-04-15T08:21	84.32640	13.99774	0.163	269.0
2020-04-15T08:31	84.32640	13.99296	0.170	270.3
2020-04-15T08:41	84.32641	13.98820	0.169	271.3
2020-04-15T08:51	84.32643	13.98334	0.173	272.5
2020-04-15T09:01	84.32648	13.97851	0.173	275.7
2020-04-15T09:11	84.32654	13.97370	0.173	278.0
2020-04-15T09:21	84.32659	13.96900	0.168	275.5
2020-04-15T09:31	84.32662	13.96442	0.163	273.3
2020-04-15T09:41	84.32661	13.95985	0.163	269.6
2020-04-15T09:51	84.32661	13.95507	0.170	269.3
2020-04-15T10:01	84.32657	13.95048	0.164	265.5
2020-04-15T10:11	84.32657	13.94565	0.172	269.3
2020-04-15T10:21	84.32663	13.94041	0.188	276.7
2020-04-15T10:31	84.32663	13.93560	0.171	270.2
2020-04-15T10:41	84.32660	13.93065	0.176	267.1
2020-04-15T10:51	84.32655	13.92564	0.180	263.6
2020-04-15T11:01	84.32651	13.92059	0.180	266.1
2020-04-15T11:11	84.32647	13.91580	0.171	264.9
2020-04-15T11:21	84.32643	13.91076	0.180	265.5
2020-04-15T11:31	84.32642	13.90547	0.189	268.5
2020-04-15T11:41	84.32639	13.90038	0.181	267.1
2020-04-15T11:51	84.32637	13.89525	0.183	267.1
2020-04-15T12:01	84.32643	13.89004	0.187	277.5
2020-04-15T12:11	84.32645	13.88481	0.186	272.1
2020-04-15T12:21	84.32634	13.87966	0.188	257.5
2020-04-15T12:31	84.32619	13.87417	0.203	254.6
2020-04-15T12:41	84.32607	13.86819	0.217	258.3
2020-04-15T12:51	84.32594	13.86207	0.223	258.1
2020-04-15T13:01	84.32580	13.85579	0.229	257.6
2020-04-15T13:11	84.32567	13.84957	0.226	257.9
2020-04-15T13:21	84.32555	13.84328	0.228	258.7
2020-04-15T13:31	84.32539	13.83705	0.229	255.8
2020-04-15T13:41	84.32521	13.83092	0.228	253.5
2020-04-15T13:51	84.32503	13.82479	0.228	253.3
2020-04-15T14:01	84.32484	13.81856	0.232	253.0
2020-04-15T14:11	84.32463	13.81248	0.230	250.7
2020-04-15T14:21	84.32451	13.80614	0.230	258.7
2020-04-15T14:31	84.32428	13.79995	0.235	249.8
2020-04-15T14:41	84.32404	13.79405	0.227	247.9
2020-04-15T14:51	84.32378	13.78810	0.232	245.8
2020-04-15T15:01	84.32353	13.78207	0.234	246.9
2020-04-15T15:11	84.32333	13.77571	0.237	252.5
2020-04-15T15:21	84.32308	13.76985	0.227	247.1
2020-04-15T15:31	84.32286	13.76393	0.225	249.5
2020-04-15T15:41	84.32268	13.75791	0.224	252.8
2020-04-15T15:51	84.32247	13.75201	0.223	250.8
2020-04-15T16:01	84.32227	13.74598	0.227	251.5
2020-04-15T16:11	84.32208	13.73994	0.226	252.1
2020-04-15T16:21	84.32187	13.73393	0.227	250.5
2020-04-15T16:31	84.32163	13.72781	0.235	248.4
2020-04-15T16:41	84.32138	13.72156	0.240	248.2
2020-04-15T16:51	84.32112	13.71542	0.239	246.2
2020-04-15T17:01	84.32078	13.70970	0.238	239.0
2020-04-15T17:11	84.32043	13.70411	0.235	237.9
2020-04-15T17:21	84.32010	13.69858	0.230	238.9
2020-04-15T17:31	84.31984	13.69276	0.227	246.2
2020-04-15T17:41	84.31955	13.68691	0.233	243.3
2020-04-15T17:51	84.31923	13.68114	0.236	240.7
2020-04-15T18:01	84.31891	13.67538	0.235	240.9
2020-04-15T18:11	84.31861	13.66957	0.234	242.1
2020-04-15T18:21	84.31828	13.66412	0.229	238.3
2020-04-15T18:31	84.31794	13.65874	0.226	238.0
2020-04-15T18:41	84.31763	13.65332	0.225	239.4
2020-04-15T18:51	84.31730	13.64801	0.223	238.2
2020-04-15T19:01	84.31699	13.64261	0.223	239.8
2020-04-15T19:11	84.31667	13.63736	0.219	238.8
2020-04-15T19:21	84.31634	13.63219	0.220	237.0
2020-04-15T19:31	84.31600	13.62703	0.221	236.5
2020-04-15T19:41	84.31566	13.62186	0.221	236.5
2020-04-15T19:51	84.31534	13.61647	0.226	238.4
2020-04-15T20:01	84.31501	13.61103	0.227	238.7
2020-04-15T20:11	84.31467	13.60567	0.227	237.4
2020-04-15T20:21	84.31430	13.60042	0.229	235.0
2020-04-15T20:31	84.31392	13.59531	0.228	233.1
2020-04-15T20:41	84.31356	13.59018	0.226	234.2
2020-04-15T20:51	84.31317	13.58501	0.232	232.7
2020-04-15T21:01	84.31279	13.57993	0.227	233.1
2020-04-15T21:11	84.31241	13.57473	0.230	233.7
2020-04-15T21:21	84.31203	13.56959	0.228	233.5
2020-04-15T21:31	84.31164	13.56450	0.229	232.4
2020-04-15T21:41	84.31126	13.55927	0.233	233.3
2020-04-15T21:51	84.31087	13.55400	0.234	233.6
2020-04-15T22:01	84.31049	13.54855	0.239	234.6
2020-04-15T22:11	84.31011	13.54304	0.240	235.0
2020-04-15T22:21	84.30971	13.53741	0.247	234.4
2020-04-15T22:31	84.30930	13.53176	0.250	233.9
2020-04-15T22:41	84.30888	13.52598	0.255	234.2
2020-04-15T22:51	84.30847	13.51994	0.263	235.1
2020-04-15T23:01	84.30805	13.51366	0.270	236.2
2020-04-15T23:11	84.30763	13.50725	0.274	236.8
2020-04-15T23:21	84.30720	13.50074	0.280	236.2
2020-04-15T23:31	84.30678	13.49412	0.280	237.7
2020-04-15T23:41	84.30635	13.48746	0.285	236.6
2020-04-15T23:51	84.30590	13.48080	0.287	235.9
2020-04-16T00:01	84.30547	13.47394	0.291	237.5
2020-04-16T00:11	84.30508	13.46677	0.292	241.4
2020-04-16T00:21	84.30468	13.45955	0.296	240.5
2020-04-16T00:31	84.30428	13.45224	0.297	241.5
2020-04-16T00:41	84.30392	13.44476	0.297	244.2
2020-04-16T00:51	84.30359	13.43716	0.297	246.1
2020-04-16T01:01	84.30327	13.42929	0.304	247.7
2020-04-16T01:11	84.30302	13.42125	0.301	252.5
2020-04-16T01:21	84.30277	13.41297	0.309	253.2
2020-04-16T01:31	84.30253	13.40465	0.309	254.2
2020-04-16T01:41	84.30236	13.39636	0.303	258.2
2020-04-16T01:51	84.30227	13.38779	0.308	264.2
2020-04-16T02:01	84.30223	13.37906	0.312	267.0
2020-04-16T02:11	84.30222	13.37045	0.308	269.5
2020-04-16T02:21	84.30222	13.36180	0.309	269.6
2020-04-16T02:31	84.30226	13.35305	0.313	273.2
2020-04-16T02:41	84.30238	13.34432	0.315	277.8
2020-04-16T02:51	84.30250	13.33563	0.313	277.6
2020-04-16T03:01	84.30259	13.32718	0.304	276.6
2020-04-16T03:11	84.30274	13.31855	0.313	279.4
2020-04-16T03:21	84.30290	13.30983	0.317	280.4
2020-04-16T03:31	84.30309	13.30118	0.317	282.7
2020-04-16T03:41	84.30326	13.29256	0.314	281.4
2020-04-16T03:51	84.30343	13.28387	0.316	280.9
2020-04-16T04:01	84.30342	13.27534	0.305	269.8
2020-04-16T04:11	84.30346	13.26723	0.290	272.2
2020-04-16T04:21	84.30378	13.25947	0.301	292.8
2020-04-16T04:31	84.30416	13.25192	0.303	296.8
2020-04-16T04:41	84.30455	13.24452	0.300	298.3
2020-04-16T04:51	84.30497	13.23750	0.293	301.0
2020-04-16T05:01	84.30543	13.23053	0.298	303.2
2020-04-16T05:11	84.30590	13.22373	0.296	305.0
2020-04-16T05:21	84.30637	13.21725	0.288	306.5
2020-04-16T05:31	84.30684	13.21101	0.279	307.1
2020-04-16T05:41	84.30730	13.20493	0.273	307.3
2020-04-16T05:51	84.30775	13.19918	0.261	308.2
2020-04-16T06:01	84.30826	13.19326	0.279	310.8
2020-04-16T06:11	84.30879	13.18756	0.281	313.6
2020-04-16T06:21	84.30935	13.18210	0.280	316.0
2020-04-16T06:31	84.30992	13.17687	0.277	317.7
2020-04-16T06:41	84.31049	13.17176	0.274	318.2
2020-04-16T06:51	84.31107	13.16697	0.269	320.5
2020-04-16T07:01	84.31166	13.16228	0.270	321.8
2020-04-16T07:11	84.31225	13.15779	0.267	323.0
2020-04-16T07:21	84.31286	13.15345	0.269	324.9
2020-04-16T07:31	84.31348	13.14936	0.266	326.7
2020-04-16T07:41	84.31411	13.14552	0.267	329.1
2020-04-16T07:51	84.31475	13.14186	0.264	330.4
2020-04-16T08:01	84.31543	13.13826	0.275	332.1
2020-04-16T08:11	84.31612	13.13493	0.277	334.6
2020-04-16T08:21	84.31683	13.13174	0.278	335.9
2020-04-16T08:31	84.31755	13.12864	0.284	337.1
2020-04-16T08:41	84.31830	13.12578	0.286	339.2
2020-04-16T08:51	84.31906	13.12304	0.292	340.5
2020-04-16T09:01	84.31984	13.12052	0.294	342.2
2020-04-16T09:11	84.32066	13.11788	0.311	342.4
2020-04-16T09:21	84.32152	13.11541	0.319	344.0
2020-04-16T09:31	84.32235	13.11293	0.314	343.7
2020-04-16T09:41	84.32319	13.11066	0.311	344.9
2020-04-16T09:51	84.32403	13.10853	0.312	345.9
2020-04-16T10:01	84.32486	13.10651	0.308	346.5
2020-04-16T10:11	84.32570	13.10466	0.311	347.8
2020-04-16T10:21	84.32656	13.10293	0.314	348.7
2020-04-16T10:31	84.32741	13.10128	0.313	349.2
2020-04-16T10:41	84.32831	13.09964	0.327	349.7
2020-04-16T10:51	84.32921	13.09815	0.329	350.7
2020-04-16T11:01	84.33017	13.09678	0.349	352.0
2020-04-16T11:11	84.33112	13.09557	0.344	352.8
2020-04-16T11:21	84.33201	13.09467	0.321	354.3
2020-04-16T11:31	84.33289	13.09379	0.319	354.3
2020-04-16T11:41	84.33377	13.09306	0.321	355.3
2020-04-16T11:51	84.33466	13.09233	0.320	355.4
2020-04-16T12:01	84.33552	13.09173	0.310	356.0
2020-04-16T12:11	84.33636	13.09127	0.304	356.9
2020-04-16T12:21	84.33722	13.09092	0.309	357.8
2020-04-16T12:31	84.33808	13.09060	0.309	357.9
2020-04-16T12:41	84.33891	13.09036	0.302	358.4
2020-04-16T12:51	84.33975	13.09029	0.301	359.5
2020-04-16T13:01	84.34059	13.09028	0.301	360.0
2020-04-16T13:11	84.34140	13.09040	0.295	0.8
2020-04-16T13:21	84.34224	13.09038	0.302	359.8
2020-04-16T13:31	84.34308	13.09020	0.303	358.8
2020-04-16T13:41	84.34390	13.09022	0.295	0.1
2020-04-16T13:51	84.34472	13.09031	0.295	0.6
2020-04-16T14:01	84.34554	13.09043	0.293	0.8
2020-04-16T14:11	84.34634	13.09059	0.290	1.1
2020-04-16T14:21	84.34715	13.09061	0.291	0.2
2020-04-16T14:31	84.34794	13.09068	0.283	0.5
2020-04-16T14:41	84.34875	13.09062	0.294	359.6
2020-04-16T14:51	84.34954	13.09076	0.282	1.0
2020-04-16T15:01	84.35033	13.09076	0.286	360.0
2020-04-16T15:11	84.35112	13.09072	0.282	359.7
2020-04-16T15:21	84.35188	13.09096	0.277	1.8
2020-04-16T15:31	84.35266	13.09149	0.280	3.8
2020-04-16T15:41	84.35346	13.09203	0.286	3.8
2020-04-16T15:51	84.35427	13.09256	0.293	3.7
2020-04-16T16:01	84.35511	13.09308	0.303	3.5
2020-04-16T16:11	84.35595	13.09382	0.304	4.9
2020-04-16T16:21	84.35681	13.09466	0.311	5.5
2020-04-16T16:31	84.35770	13.09556	0.323	5.7
2020-04-16T16:41	84.35859	13.09680	0.323	7.8
2020-04-16T16:51	84.35952	13.09821	0.339	8.4
2020-04-16T17:01	84.36047	13.10006	0.350	10.8
2020-04-16T17:11	84.36143	13.10223	0.353	12.5
2020-04-16T17:21	84.36240	13.10464	0.358	13.8
2020-04-16T17:31	84.36335	13.10731	0.357	15.3
2020-04-16T17:41	84.36433	13.11025	0.366	16.5
2020-04-16T17:51	84.36531	13.11350	0.371	18.0
2020-04-16T18:01	84.36627	13.11692	0.368	19.2
2020-04-16T18:11	84.36720	13.12023	0.354	19.3
2020-04-16T18:21	84.36813	13.12353	0.352	19.3
2020-04-16T18:31	84.36905	13.12695	0.353	20.0
2020-04-16T18:41	84.37001	13.13106	0.377	22.7
2020-04-16T18:51	84.37099	13.13563	0.388	24.6
2020-04-16T19:01	84.37198	13.14057	0.396	26.1
2020-04-16T19:11	84.37298	13.14585	0.405	27.4
2020-04-16T19:21	84.37398	13.15151	0.412	29.0
2020-04-16T19:31	84.37498	13.15729	0.414	29.5
2020-04-16T19:41	84.37599	13.16296	0.414	28.9
2020-04-16T19:51	84.37700	13.16895	0.421	30.1
2020-04-16T20:01	84.37801	13.17501	0.422	30.5
2020-04-16T20:11	84.37901	13.18131	0.422	31.7
2020-04-16T20:21	84.37999	13.18773	0.418	32.7
2020-04-16T20:31	84.38097	13.19401	0.417	32.1
2020-04-16T20:41	84.38193	13.20056	0.416	33.6
2020-04-16T20:51	84.38289	13.20729	0.417	34.6
2020-04-16T21:01	84.38383	13.21405	0.416	34.9
2020-04-16T21:11	84.38476	13.22084	0.410	35.7
2020-04-16T21:21	84.38567	13.22772	0.408	36.4
2020-04-16T21:31	84.38660	13.23463	0.414	36.0
2020-04-16T21:41	84.38753	13.24186	0.419	37.3
2020-04-16T21:51	84.38842	13.24908	0.411	38.2
2020-04-16T22:01	84.38932	13.25618	0.409	37.6
2020-04-16T22:11	84.39021	13.26350	0.411	38.8
2020-04-16T22:21	84.39109	13.27102	0.411	40.1
2020-04-16T22:31	84.39194	13.27883	0.414	41.6
2020-04-16T22:41	84.39283	13.28645	0.415	40.2
2020-04-16T22:51	84.39373	13.29435	0.429	40.4
2020-04-16T23:01	84.39459	13.30185	0.406	40.5
2020-04-16T23:11	84.39544	13.30911	0.399	39.8
2020-04-16T23:21	84.39628	13.31638	0.396	40.2
2020-04-16T23:31	84.39710	13.32407	0.401	42.4
2020-04-16T23:41	84.39791	13.33185	0.400	43.1
2020-04-16T23:51	84.39872	13.33966	0.399	43.4
2020-04-17T00:01	84.39951	13.34740	0.395	43.5
2020-04-17T00:11	84.40029	13.35521	0.392	44.5
2020-04-17T00:21	84.40106	13.36316	0.392	45.4
2020-04-17T00:31	84.40182	13.37134	0.399	46.1
2020-04-17T00:41	84.40258	13.37940	0.393	46.0
2020-04-17T00:51	84.40329	13.38753	0.384	48.1
2020-04-17T01:01	84.40396	13.39585	0.379	50.5
2020-04-17T01:11	84.40461	13.40468	0.388	53.0
2020-04-17T01:21	84.40521	13.41436	0.402	57.7
2020-04-17T01:31	84.40580	13.42372	0.391	57.2
2020-04-17T01:41	84.40635	13.43275	0.375	57.8
2020-04-17T01:51	84.40685	13.44250	0.386	62.4
2020-04-17T02:01	84.40733	13.45211	0.379	62.9
2020-04-17T02:11	84.40779	13.46154	0.371	63.2
2020-04-17T02:21	84.40824	13.47095	0.368	63.7
2020-04-17T02:31	84.40867	13.48032	0.363	64.9
2020-04-17T02:41	84.40910	13.48954	0.359	64.2
2020-04-17T02:51	84.40956	13.49844	0.352	62.5
2020-04-17T03:01	84.40997	13.50748	0.351	64.8
2020-04-17T03:11	84.41027	13.51646	0.333	70.9
2020-04-17T03:21	84.41056	13.52495	0.316	70.6
2020-04-17T03:31	84.41085	13.53284	0.296	69.4
2020-04-17T03:41	84.41110	13.54063	0.287	71.9
2020-04-17T03:51	84.41132	13.54820	0.277	73.6
2020-04-17T04:01	84.41151	13.55531	0.259	74.2
2020-04-17T04:11	84.41167	13.56212	0.246	76.4
2020-04-17T04:21	84.41181	13.56875	0.238	77.7
2020-04-17T04:31	84.41193	13.57531	0.234	79.4
2020-04-17T04:41	84.41203	13.58184	0.231	81.2
2020-04-17T04:51	84.41213	13.58802	0.220	80.8
2020-04-17T05:01	84.41219	13.59415	0.216	84.0
2020-04-17T05:11	84.41225	13.60000	0.206	84.5
2020-04-17T05:21	84.41229	13.60585	0.206	85.8
2020-04-17T05:31	84.41232	13.61151	0.198	87.2
2020-04-17T05:41	84.41233	13.61701	0.193	89.0
2020-04-17T05:51	84.41231	13.62225	0.184	91.5
2020-04-17T06:01	84.41228	13.62719	0.174	93.5
2020-04-17T06:11	84.41224	13.63189	0.165	95.1
2020-04-17T06:21	84.41220	13.63636	0.158	95.8
2020-04-17T06:31	84.41214	13.64058	0.149	97.5
2020-04-17T06:41	84.41209	13.64461	0.143	98.3
2020-04-17T06:51	84.41202	13.64814	0.126	100.3
2020-04-17T07:01	84.41197	13.65162	0.123	98.4
2020-04-17T07:11	84.41193	13.65484	0.114	97.9
2020-04-17T07:21	84.41189	13.65792	0.109	96.9
2020-04-17T07:31	84.41187	13.66074	0.099	95.3
2020-04-17T07:41	84.41185	13.66341	0.094	93.7
2020-04-17T07:51	84.41184	13.66588	0.087	91.9
2020-04-17T08:01	84.41185	13.66813	0.079	88.6
2020-04-17T08:11	84.41187	13.67015	0.071	83.2
2020-04-17T08:21	84.41192	13.67201	0.067	75.5
2020-04-17T08:31	84.41198	13.67378	0.066	69.7
2020-04-17T08:41	84.41206	13.67532	0.061	61.4
2020-04-17T08:51	84.41217	13.67678	0.063	53.7
2020-04-17T09:01	84.41229	13.67809	0.063	47.3
2020-04-17T09:11	84.41242	13.67919	0.060	39.8
2020-04-17T09:21	84.41257	13.68010	0.064	29.5
2020-04-17T09:31	84.41275	13.68096	0.071	25.5
2020-04-17T09:41	84.41294	13.68168	0.073	20.1
2020-04-17T09:51	84.41315	13.68228	0.078	15.7
2020-04-17T10:01	84.41338	13.68280	0.084	12.4
2020-04-17T10:11	84.41363	13.68322	0.092	9.2
2020-04-17T10:21	84.41389	13.68364	0.095	8.9
2020-04-17T10:31	84.41416	13.68404	0.098	8.3
2020-04-17T10:41	84.41443	13.68451	0.101	9.4
2020-04-17T10:51	84.41472	13.68509	0.106	11.0
2020-04-17T11:01	84.41501	13.68574	0.105	12.5
2020-04-17T11:11	84.41531	13.68647	0.111	13.4
2020-04-17T11:21	84.41561	13.68727	0.114	14.3
2020-04-17T11:31	84.41593	13.68809	0.116	14.2
2020-04-17T11:41	84.41623	13.68885	0.113	13.6
2020-04-17T11:51	84.41655	13.68959	0.116	12.9
2020-04-17T12:01	84.41686	13.69031	0.116	12.7
2020-04-17T12:11	84.41719	13.69126	0.125	15.5
2020-04-17T12:21	84.41759	13.69322	0.158	25.8
2020-04-17T12:31	84.41802	13.69592	0.183	31.1
2020-04-17T12:41	84.41847	13.69920	0.198	35.5
2020-04-17T12:51	84.41893	13.70268	0.206	36.3
2020-04-17T13:01	84.41940	13.70619	0.209	36.1
2020-04-17T13:11	84.41985	13.70975	0.206	37.3
2020-04-17T13:21	84.42030	13.71321	0.200	37.3
2020-04-17T13:31	84.42073	13.71662	0.196	37.5
2020-04-17T13:41	84.42115	13.71988	0.190	37.0
2020-04-17T13:51	84.42157	13.72311	0.188	36.8
2020-04-17T14:01	84.42198	13.72634	0.188	37.0
2020-04-17T14:11	84.42241	13.72931	0.185	34.3
2020-04-17T14:21	84.42284	13.73208	0.185	31.6
2020-04-17T14:31	84.42325	13.73506	0.179	35.6
2020-04-17T14:41	84.42363	13.73779	0.166	35.2
2020-04-17T14:51	84.42398	13.74049	0.158	36.8
2020-04-17T15:01	84.42430	13.74301	0.146	37.1
2020-04-17T15:11	84.42460	13.74544	0.139	37.7
2020-04-17T15:21	84.42489	13.74773	0.130	37.9
2020-04-17T15:31	84.42516	13.74983	0.121	37.5
2020-04-17T15:41	84.42544	13.75111	0.110	23.9
2020-04-17T15:51	84.42568	13.75190	0.094	17.2
2020-04-17T16:01	84.42593	13.75253	0.090	14.4
2020-04-17T16:11	84.42612	13.75309	0.074	15.3
2020-04-17T16:21	84.42629	13.75373	0.063	20.6
2020-04-17T16:31	84.42643	13.75420	0.056	17.4
2020-04-17T16:41	84.42657	13.75456	0.052	14.0
2020-04-17T16:51	84.42671	13.75489	0.049	13.5
2020-04-17T17:01	84.42683	13.75528	0.045	17.7
2020-04-17T17:11	84.42692	13.75585	0.039	30.4
2020-04-17T17:21	84.42704	13.75636	0.046	23.2
2020-04-17T17:31	84.42714	13.75690	0.041	27.4
2020-04-17T17:41	84.42720	13.75776	0.039	51.4
2020-04-17T17:51	84.42727	13.75844	0.035	43.1
2020-04-17T18:01	84.42737	13.75898	0.039	28.9
2020-04-17T18:11	84.42748	13.75943	0.043	21.5
2020-04-17T18:21	84.42759	13.75985	0.043	20.0
2020-04-17T18:31	84.42770	13.76024	0.042	18.7
2020-04-17T18:41	84.42782	13.76072	0.045	22.1
2020-04-17T18:51	84.42793	13.76118	0.044	21.6
2020-04-17T19:01	84.42804	13.76156	0.042	18.2
2020-04-17T19:11	84.42816	13.76194	0.042	18.4
2020-04-17T19:21	84.42827	13.76242	0.045	21.9
2020-04-17T19:31	84.42838	13.76283	0.043	19.8
2020-04-17T19:41	84.42850	13.76328	0.045	20.4
2020-04-17T19:51	84.42862	13.76378	0.046	22.2
2020-04-17T20:01	84.42875	13.76407	0.047	12.5
2020-04-17T20:11	84.42888	13.76440	0.047	13.8
2020-04-17T20:21	84.42902	13.76468	0.052	10.9
2020-04-17T20:31	84.42915	13.76493	0.049	10.3
2020-04-17T20:41	84.42930	13.76519	0.054	9.7
2020-04-17T20:51	84.42944	13.76543	0.052	9.5
2020-04-17T21:01	84.42960	13.76569	0.057	9.1
2020-04-17T21:11	84.42976	13.76570	0.060	0.1
2020-04-17T21:21	84.42992	13.76579	0.059	3.4
2020-04-17T21:31	84.43011	13.76578	0.067	359.5
2020-04-17T21:41	84.43030	13.76582	0.068	1.1
2020-04-17T21:51	84.43051	13.76586	0.074	1.2
2020-04-17T22:01	84.43072	13.76590	0.076	0.9
2020-04-17T22:11	84.43094	13.76623	0.083	8.0
2020-04-17T22:21	84.43119	13.76653	0.089	6.8
2020-04-17T22:31	84.43146	13.76677	0.096	5.0
2020-04-17T22:41	84.43172	13.76705	0.094	6.1
2020-04-17T22:51	84.43200	13.76742	0.102	7.2
2020-04-17T23:01	84.43228	13.76783	0.104	7.9
2020-04-17T23:11	84.43259	13.76828	0.111	8.2
2020-04-17T23:21	84.43289	13.76863	0.108	6.4
2020-04-17T23:31	84.43321	13.76895	0.116	5.5
2020-04-17T23:41	84.43355	13.76920	0.123	4.1
2020-04-17T23:51	84.43391	13.76931	0.129	1.8
2020-04-18T00:01	84.43428	13.76958	0.134	4.1
2020-04-18T00:11	84.43465	13.76985	0.134	4.0
2020-04-18T00:21	84.43503	13.77016	0.140	4.5
2020-04-18T00:31	84.43543	13.77062	0.143	6.3
2020-04-18T00:41	84.43582	13.77123	0.144	8.6
2020-04-18T00:51	84.43621	13.77195	0.141	10.2
2020-04-18T01:01	84.43660	13.77269	0.145	10.2
2020-04-18T01:11	84.43700	13.77343	0.145	10.3
2020-04-18T01:21	84.43740	13.77419	0.147	10.4
2020-04-18T01:31	84.43780	13.77494	0.147	10.3
2020-04-18T01:41	84.43821	13.77572	0.150	10.4
2020-04-18T01:51	84.43862	13.77650	0.151	10.4
2020-04-18T02:01	84.43903	13.77736	0.150	11.6
2020-04-18T02:11	84.43944	13.77825	0.151	11.9
2020-04-18T02:21	84.43985	13.77918	0.151	12.5
2020-04-18T02:31	84.44026	13.78014	0.151	12.7
2020-04-18T02:41	84.44067	13.78111	0.152	12.9
2020-04-18T02:51	84.44109	13.78226	0.156	14.8
2020-04-18T03:01	84.44151	13.78332	0.155	13.8
2020-04-18T03:11	84.44193	13.78444	0.157	14.5
2020-04-18T03:21	84.44236	13.78559	0.159	14.6
2020-04-18T03:31	84.44278	13.78671	0.155	14.7
2020-04-18T03:41	84.44320	13.78786	0.156	14.8
2020-04-18T03:51	84.44361	13.78910	0.156	16.2
2020-04-18T04:01	84.44403	13.79032	0.156	15.8
2020-04-18T04:11	84.44444	13.79159	0.156	16.5
2020-04-18T04:21	84.44487	13.79285	0.159	16.0
2020-04-18T04:31	84.44529	13.79421	0.159	17.4
2020-04-18T04:41	84.44570	13.79560	0.157	17.9
2020-04-18T04:51	84.44612	13.79693	0.158	17.1
2020-04-18T05:01	84.44655	13.79823	0.160	16.4
2020-04-18T05:11	84.44698	13.79953	0.161	16.4
2020-04-18T05:21	84.44740	13.80094	0.159	17.9
2020-04-18T05:31	84.44783	13.80227	0.160	16.9
2020-04-18T05:41	84.44825	13.80374	0.160	18.7
2020-04-18T05:51	84.44867	13.80512	0.158	17.7
2020-04-18T06:01	84.44908	13.80653	0.159	18.0
2020-04-18T06:11	84.44951	13.80795	0.160	18.0
2020-04-18T06:21	84.44993	13.80934	0.158	17.8
2020-04-18T06:31	84.45035	13.81053	0.157	15.4
2020-04-18T06:41	84.45076	13.81171	0.154	15.5
2020-04-18T06:51	84.45118	13.81284	0.156	14.5
2020-04-18T07:01	84.45160	13.81393	0.157	13.9
2020-04-18T07:11	84.45203	13.81492	0.156	12.8
2020-04-18T07:21	84.45247	13.81595	0.164	12.6
2020-04-18T07:31	84.45293	13.81697	0.170	12.0
2020-04-18T07:41	84.45341	13.81795	0.176	11.2
2020-04-18T07:51	84.45388	13.81886	0.173	10.5
2020-04-18T08:01	84.45435	13.81982	0.169	11.4
2020-04-18T08:11	84.45485	13.82062	0.184	8.7
2020-04-18T08:21	84.45539	13.82141	0.194	8.1
2020-04-18T08:31	84.45594	13.82229	0.200	8.8
2020-04-18T08:41	84.45652	13.82309	0.211	7.5
2020-04-18T08:51	84.45718	13.82411	0.243	8.4
2020-04-18T09:01	84.45789	13.82549	0.258	10.7
2020-04-18T09:11	84.45860	13.82685	0.260	10.5
2020-04-18T09:21	84.45933	13.82800	0.268	8.5
2020-04-18T09:31	84.46009	13.82919	0.275	8.6
2020-04-18T09:41	84.46086	13.83032	0.281	8.1
2020-04-18T09:51	84.46165	13.83158	0.289	8.7
2020-04-18T10:01	84.46245	13.83289	0.291	9.0
2020-04-18T10:11	84.46331	13.83424	0.311	8.6
2020-04-18T10:21	84.46420	13.83572	0.326	9.1
2020-04-18T10:31	84.46505	13.83766	0.312	12.5
2020-04-18T10:41	84.46594	13.83942	0.325	10.8
2020-04-18T10:51	84.46684	13.84136	0.333	11.7
2020-04-18T11:01	84.46781	13.84308	0.352	9.8
2020-04-18T11:11	84.46881	13.84519	0.368	11.5
2020-04-18T11:21	84.46981	13.84754	0.370	12.7
2020-04-18T11:31	84.47083	13.85005	0.377	13.4
2020-04-18T11:41	84.47185	13.85270	0.378	14.1
2020-04-18T11:51	84.47287	13.85563	0.383	15.4
2020-04-18T12:01	84.47390	13.85878	0.387	16.5
2020-04-18T12:11	84.47495	13.86219	0.395	17.3
2020-04-18T12:21	84.47601	13.86570	0.398	17.8
2020-04-18T12:31	84.47706	13.86914	0.398	17.4
2020-04-18T12:41	84.47811	13.87276	0.400	18.3
2020-04-18T12:51	84.47917	13.87653	0.401	19.0
2020-04-18T13:01	84.48021	13.88047	0.400	19.9
2020-04-18T13:11	84.48129	13.88463	0.413	20.4
2020-04-18T13:21	84.48231	13.88886	0.398	21.6
2020-04-18T13:31	84.48334	13.89320	0.398	22.1
2020-04-18T13:41	84.48436	13.89752	0.397	22.1
2020-04-18T13:51	84.48536	13.90267	0.401	26.4
2020-04-18T14:01	84.48636	13.90818	0.409	27.8
2020-04-18T14:11	84.48735	13.91395	0.408	29.2
2020-04-18T14:21	84.48830	13.91988	0.397	31.1
2020-04-18T14:31	84.48921	13.92598	0.390	32.7
2020-04-18T14:41	84.49009	13.93224	0.384	34.3
2020-04-18T14:51	84.49095	13.93842	0.378	34.4
2020-04-18T15:01	84.49181	13.94480	0.380	35.4
2020-04-18T15:11	84.49267	13.95135	0.381	36.5
2020-04-18T15:21	84.49352	13.95780	0.379	36.1
2020-04-18T15:31	84.49435	13.96439	0.378	37.0
2020-04-18T15:41	84.49520	13.97083	0.377	36.2
2020-04-18T15:51	84.49603	13.97751	0.377	37.7
2020-04-18T16:01	84.49686	13.98407	0.375	37.2
2020-04-18T16:11	84.49768	13.99086	0.377	38.4
2020-04-18T16:21	84.49849	13.99778	0.378	39.2
2020-04-18T16:31	84.49930	14.00472	0.377	39.4
2020-04-18T16:41	84.50009	14.01122	0.362	38.3
2020-04-18T16:51	84.50085	14.01762	0.351	39.0
2020-04-18T17:01	84.50160	14.02418	0.353	39.9
2020-04-18T17:11	84.50233	14.03092	0.352	41.3
2020-04-18T17:21	84.50303	14.03721	0.333	40.7
2020-04-18T17:31	84.50369	14.04310	0.311	40.6
2020-04-18T17:41	84.50430	14.04879	0.295	41.8
2020-04-18T17:51	84.50490	14.05435	0.289	41.6
2020-04-18T18:01	84.50550	14.06029	0.296	43.7
2020-04-18T18:11	84.50606	14.06643	0.293	46.2
2020-04-18T18:21	84.50672	14.07235	0.313	40.7
2020-04-18T18:31	84.50741	14.07838	0.325	39.8
2020-04-18T18:41	84.50813	14.08464	0.337	39.8
2020-04-18T18:51	84.50885	14.09070	0.333	38.9
2020-04-18T19:01	84.50957	14.09670	0.332	38.5
2020-04-18T19:11	84.51032	14.10288	0.343	38.4
2020-04-18T19:21	84.51112	14.10934	0.364	37.7
2020-04-18T19:31	84.51194	14.11591	0.373	37.3
2020-04-18T19:41	84.51275	14.12240	0.367	37.5
2020-04-18T19:51	84.51356	14.12909	0.370	38.5
2020-04-18T20:01	84.51435	14.13559	0.364	37.9
2020-04-18T20:11	84.51518	14.14230	0.378	37.7
2020-04-18T20:21	84.51606	14.14941	0.400	37.7
2020-04-18T20:31	84.51694	14.15654	0.400	37.9
2020-04-18T20:41	84.51781	14.16375	0.399	38.4
2020-04-18T20:51	84.51867	14.17099	0.397	38.8
2020-04-18T21:01	84.51953	14.17806	0.395	38.0
2020-04-18T21:11	84.52042	14.18493	0.397	36.5
2020-04-18T21:21	84.52130	14.19170	0.393	36.3
2020-04-18T21:31	84.52218	14.19842	0.391	36.2
2020-04-18T21:41	84.52306	14.20518	0.394	36.1
2020-04-18T21:51	84.52395	14.21190	0.394	35.9
2020-04-18T22:01	84.52488	14.21861	0.406	34.6
2020-04-18T22:11	84.52584	14.22544	0.418	34.1
2020-04-18T22:21	84.52687	14.23265	0.446	33.8
2020-04-18T22:31	84.52796	14.24043	0.475	34.3
2020-04-18T22:41	84.52911	14.24834	0.498	33.0
2020-04-18T22:51	84.53027	14.25625	0.496	33.1
2020-04-18T23:01	84.53139	14.26443	0.493	34.7
2020-04-18T23:11	84.53252	14.27262	0.494	34.6
2020-04-18T23:21	84.53365	14.28081	0.493	34.7
2020-04-18T23:31	84.53474	14.28934	0.491	36.6
2020-04-18T23:41	84.53582	14.29792	0.487	37.2
2020-04-18T23:51	84.53688	14.30668	0.486	38.2
2020-04-19T00:01	84.53792	14.31546	0.480	38.8
2020-04-19T00:11	84.53894	14.32423	0.474	39.4
2020-04-19T00:21	84.53994	14.33296	0.469	39.6
2020-04-19T00:31	84.54093	14.34185	0.469	40.5
2020-04-19T00:41	84.54191	14.35095	0.471	41.4
2020-04-19T00:51	84.54288	14.36016	0.471	42.0
2020-04-19T01:01	84.54384	14.36936	0.467	42.4
2020-04-19T01:11	84.54478	14.37856	0.463	42.9
2020-04-19T01:21	84.54570	14.38760	0.453	43.1
2020-04-19T01:31	84.54660	14.39654	0.446	43.2
2020-04-19T01:41	84.54748	14.40539	0.439	43.6
2020-04-19T01:51	84.54835	14.41419	0.433	44.1
2020-04-19T02:01	84.54917	14.42317	0.426	46.1
2020-04-19T02:11	84.54996	14.43191	0.413	46.5
2020-04-19T02:21	84.55075	14.44030	0.405	45.1
2020-04-19T02:31	84.55155	14.44840	0.399	44.0
2020-04-19T02:41	84.55233	14.45614	0.386	43.3
2020-04-19T02:51	84.55309	14.46382	0.379	43.9
2020-04-19T03:01	84.55381	14.47131	0.367	44.2
2020-04-19T03:11	84.55453	14.47849	0.357	43.5
2020-04-19T03:21	84.55524	14.48542	0.348	42.8
2020-04-19T03:31	84.55595	14.49214	0.343	42.1
2020-04-19T03:41	84.55665	14.49871	0.339	41.4
2020-04-19T03:51	84.55735	14.50519	0.334	41.5
2020-04-19T04:01	84.55804	14.51155	0.329	41.3
2020-04-19T04:11	84.55872	14.51768	0.322	40.5
2020-04-19T04:21	84.55940	14.52364	0.318	39.8
2020-04-19T04:31	84.56007	14.52952	0.314	39.8
2020-04-19T04:41	84.56074	14.53517	0.309	38.6
2020-04-19T04:51	84.56140	14.54066	0.302	38.3
2020-04-19T05:01	84.56206	14.54597	0.299	37.3
2020-04-19T05:11	84.56272	14.55096	0.293	35.6
2020-04-19T05:21	84.56338	14.55583	0.290	35.0
2020-04-19T05:31	84.56403	14.56057	0.284	34.7
2020-04-19T05:41	84.56468	14.56525	0.285	34.1
2020-04-19T05:51	84.56533	14.56980	0.281	33.5
2020-04-19T06:01	84.56599	14.57424	0.282	32.5
2020-04-19T06:11	84.56666	14.57868	0.283	32.2
2020-04-19T06:21	84.56732	14.58300	0.280	31.7
2020-04-19T06:31	84.56798	14.58730	0.279	31.7
2020-04-19T06:41	84.56863	14.59141	0.273	30.9
2020-04-19T06:51	84.56929	14.59563	0.277	31.2
2020-04-19T07:01	84.56995	14.59985	0.278	31.2
2020-04-19T07:11	84.57061	14.60404	0.276	31.1
2020-04-19T07:21	84.57119	14.60857	0.261	36.3
2020-04-19T07:31	84.57177	14.61316	0.261	36.7
2020-04-19T07:41	84.57241	14.61748	0.274	32.5
2020-04-19T07:51	84.57311	14.62172	0.288	30.1
2020-04-19T08:01	84.57380	14.62609	0.291	30.7
2020-04-19T08:11	84.57451	14.63048	0.296	30.4
2020-04-19T08:21	84.57522	14.63488	0.295	30.5
2020-04-19T08:31	84.57592	14.63928	0.294	30.6
2020-04-19T08:41	84.57664	14.64384	0.303	30.8
2020-04-19T08:51	84.57737	14.64822	0.301	29.8
2020-04-19T09:01	84.57810	14.65275	0.304	30.5
2020-04-19T09:11	84.57883	14.65732	0.307	30.5
2020-04-19T09:21	84.57956	14.66189	0.306	30.5
2020-04-19T09:31	84.58027	14.66629	0.297	30.3
2020-04-19T09:41	84.58098	14.67077	0.297	30.8
2020-04-19T09:51	84.58168	14.67505	0.291	30.0
2020-04-19T10:01	84.58238	14.67923	0.288	29.6
2020-04-19T10:11	84.58307	14.68346	0.287	30.1
2020-04-19T10:21	84.58374	14.68755	0.281	29.7
2020-04-19T10:31	84.58442	14.69154	0.278	29.1
2020-04-19T10:41	84.58509	14.69559	0.278	29.8
2020-04-19T10:51	84.58575	14.69959	0.273	29.9
2020-04-19T11:01	84.58640	14.70357	0.271	29.8
2020-04-19T11:11	84.58703	14.70756	0.264	30.8
2020-04-19T11:21	84.58764	14.71184	0.264	33.3
2020-04-19T11:31	84.58825	14.71597	0.261	32.5
2020-04-19T11:41	84.58885	14.72009	0.257	32.9
2020-04-19T11:51	84.58944	14.72401	0.249	32.4
2020-04-19T12:01	84.59001	14.72789	0.246	32.4
2020-04-19T12:11	84.59058	14.73172	0.243	32.4
2020-04-19T12:21	84.59114	14.73552	0.239	32.7
2020-04-19T12:31	84.59169	14.73920	0.233	32.4
2020-04-19T12:41	84.59223	14.74275	0.228	31.9
2020-04-19T12:51	84.59275	14.74622	0.223	31.9
2020-04-19T13:01	84.59326	14.74954	0.216	31.4
2020-04-19T13:11	84.59377	14.75267	0.210	30.4
2020-04-19T13:21	84.59427	14.75574	0.209	29.9
2020-04-19T13:31	84.59476	14.75869	0.203	29.4
2020-04-19T13:41	84.59523	14.76110	0.188	25.8
2020-04-19T13:51	84.59569	14.76316	0.180	22.8
2020-04-19T14:01	84.59613	14.76511	0.172	22.7
2020-04-19T14:11	84.59658	14.76717	0.174	23.5
2020-04-19T14:21	84.59700	14.76941	0.170	26.5
2020-04-19T14:31	84.59741	14.77121	0.162	22.2
2020-04-19T14:41	84.59783	14.77289	0.161	20.7
2020-04-19T14:51	84.59824	14.77429	0.154	17.9
2020-04-19T15:01	84.59864	14.77570	0.151	18.5
2020-04-19T15:11	84.59902	14.77686	0.144	15.9
2020-04-19T15:21	84.59938	14.77766	0.134	11.7
2020-04-19T15:31	84.59973	14.77821	0.126	8.4
2020-04-19T15:41	84.60008	14.77867	0.126	7.2
2020-04-19T15:51	84.60041	14.77901	0.120	5.4
2020-04-19T16:01	84.60072	14.77908	0.110	1.3
2020-04-19T16:11	84.60102	14.77907	0.108	359.8
2020-04-19T16:21	84.60131	14.77883	0.105	355.6
2020-04-19T16:31	84.60158	14.77811	0.101	345.9
2020-04-19T16:41	84.60185	14.77725	0.101	343.2
2020-04-19T16:51	84.60212	14.77630	0.101	341.5
2020-04-19T17:01	84.60238	14.77518	0.103	338.4
2020-04-19T17:11	84.60266	14.77392	0.107	336.7
2020-04-19T17:21	84.60292	14.77267	0.105	336.1
2020-04-19T17:31	84.60319	14.77133	0.106	334.5
2020-04-19T17:41	84.60344	14.76990	0.103	332.3
2020-04-19T17:51	84.60369	14.76837	0.102	329.5
2020-04-19T18:01	84.60393	14.76670	0.103	326.8
2020-04-19T18:11	84.60416	14.76496	0.103	325.1
2020-04-19T18:21	84.60438	14.76315	0.101	322.6
2020-04-19T18:31	84.60461	14.76133	0.101	322.3
2020-04-19T18:41	84.60481	14.75933	0.101	317.9
2020-04-19T18:51	84.60500	14.75734	0.094	314.4
2020-04-19T19:01	84.60518	14.75518	0.098	312.0
2020-04-19T19:11	84.60535	14.75303	0.094	309.5
2020-04-19T19:21	84.60550	14.75081	0.094	307.0
2020-04-19T19:31	84.60565	14.74864	0.089	304.8
2020-04-19T19:41	84.60578	14.74661	0.085	305.8
2020-04-19T19:51	84.60591	14.74462	0.081	304.0
2020-04-19T20:01	84.60604	14.74263	0.081	304.0
2020-04-19T20:11	84.60614	14.74077	0.074	301.3
2020-04-19T20:21	84.60624	14.73895	0.072	300.5
2020-04-19T20:31	84.60633	14.73717	0.068	297.5
2020-04-19T20:41	84.60641	14.73547	0.064	296.6
2020-04-19T20:51	84.60648	14.73381	0.062	294.8
2020-04-19T21:01	84.60654	14.73229	0.056	293.2
2020-04-19T21:11	84.60659	14.73084	0.053	290.4
2020-04-19T21:21	84.60663	14.72944	0.049	284.8
2020-04-19T21:31	84.60665	14.72811	0.045	278.3
2020-04-19T21:41	84.60665	14.72684	0.043	273.0
2020-04-19T21:51	84.60665	14.72538	0.049	268.8
2020-04-19T22:01	84.60663	14.72425	0.039	258.6
2020-04-19T22:11	84.60660	14.72307	0.041	253.7
2020-04-19T22:21	84.60655	14.72191	0.043	245.1
2020-04-19T22:31	84.60648	14.72088	0.042	234.9
2020-04-19T22:41	84.60639	14.71997	0.045	224.3
2020-04-19T22:51	84.60628	14.71917	0.047	214.6
2020-04-19T23:01	84.60614	14.71836	0.057	208.9
2020-04-19T23:11	84.60600	14.71769	0.057	203.3
2020-04-19T23:21	84.60582	14.71708	0.065	198.2
2020-04-19T23:31	84.60563	14.71651	0.072	195.7
2020-04-19T23:41	84.60542	14.71595	0.079	193.8
2020-04-19T23:51	84.60518	14.71558	0.086	188.4
2020-04-20T00:01	84.60492	14.71514	0.096	188.8
2020-04-20T00:11	84.60463	14.71474	0.105	187.4
2020-04-20T00:21	84.60433	14.71433	0.107	187.5
2020-04-20T00:31	84.60401	14.71378	0.116	189.2
2020-04-20T00:41	84.60370	14.71315	0.115	190.7
2020-04-20T00:51	84.60337	14.71232	0.122	193.4
2020-04-20T01:01	84.60302	14.71138	0.129	194.3
2020-04-20T01:11	84.60266	14.71036	0.136	194.7
2020-04-20T01:21	84.60228	14.70915	0.143	196.6
2020-04-20T01:31	84.60188	14.70785	0.148	197.3
2020-04-20T01:41	84.60147	14.70642	0.155	198.3
2020-04-20T01:51	84.60105	14.70483	0.163	199.2
2020-04-20T02:01	84.60060	14.70310	0.171	200.2
2020-04-20T02:11	84.60012	14.70130	0.183	199.4
2020-04-20T02:21	84.59963	14.69955	0.188	198.4
2020-04-20T02:31	84.59912	14.69788	0.191	197.2
2020-04-20T02:41	84.59860	14.69638	0.194	195.2
2020-04-20T02:51	84.59806	14.69488	0.202	194.6
2020-04-20T03:01	84.59748	14.69331	0.214	194.5
2020-04-20T03:11	84.59692	14.69169	0.211	195.0
2020-04-20T03:21	84.59634	14.68993	0.215	196.1
2020-04-20T03:31	84.59576	14.68806	0.218	196.9
2020-04-20T03:41	84.59517	14.68612	0.224	197.1
2020-04-20T03:51	84.59455	14.68425	0.231	195.9
2020-04-20T04:01	84.59390	14.68238	0.241	195.3
2020-04-20T04:11	84.59322	14.68048	0.254	194.7
2020-04-20T04:21	84.59253	14.67846	0.259	195.3
2020-04-20T04:31	84.59181	14.67642	0.269	195.0
2020-04-20T04:41	84.59105	14.67434	0.280	194.6
2020-04-20T04:51	84.59025	14.67225	0.299	193.7
2020-04-20T05:01	84.58943	14.66990	0.305	195.2
2020-04-20T05:11	84.58855	14.66766	0.325	193.5
2020-04-20T05:21	84.58763	14.66528	0.341	193.7
2020-04-20T05:31	84.58665	14.66294	0.362	192.7
2020-04-20T05:41	84.58563	14.66078	0.375	191.3
2020-04-20T05:51	84.58458	14.65876	0.384	190.3
2020-04-20T06:01	84.58353	14.65662	0.386	190.9
2020-04-20T06:11	84.58248	14.65447	0.385	190.9
2020-04-20T06:21	84.58139	14.65209	0.400	191.7
2020-04-20T06:31	84.58027	14.64968	0.410	191.5
2020-04-20T06:41	84.57920	14.64723	0.395	192.2
2020-04-20T06:51	84.57813	14.64448	0.397	193.6
2020-04-20T07:01	84.57707	14.64177	0.393	193.6
2020-04-20T07:11	84.57598	14.63910	0.402	193.1
2020-04-20T07:21	84.57490	14.63633	0.401	193.6
2020-04-20T07:31	84.57378	14.63352	0.413	193.4
2020-04-20T07:41	84.57265	14.63079	0.417	192.9
2020-04-20T07:51	84.57152	14.62788	0.419	193.7
2020-04-20T08:01	84.57038	14.62498	0.423	193.5
2020-04-20T08:11	84.56922	14.62229	0.429	192.3
2020-04-20T08:21	84.56802	14.61949	0.441	192.5
2020-04-20T08:31	84.56681	14.61670	0.447	192.3
2020-04-20T08:41	84.56559	14.61396	0.450	192.0
2020-04-20T08:51	84.56434	14.61132	0.459	191.3
2020-04-20T09:01	84.56306	14.60875	0.469	190.8
2020-04-20T09:11	84.56175	14.60613	0.477	190.8
2020-04-20T09:21	84.56044	14.60347	0.481	190.9
2020-04-20T09:31	84.55912	14.60085	0.486	190.6
2020-04-20T09:41	84.55774	14.59832	0.502	189.9
2020-04-20T09:51	84.55632	14.59591	0.520	189.1
2020-04-20T10:01	84.55489	14.59353	0.520	189.0
2020-04-20T10:11	84.55342	14.59127	0.532	188.3
2020-04-20T10:21	84.55192	14.58913	0.546	187.7
2020-04-20T10:31	84.55047	14.58719	0.528	187.2
2020-04-20T10:41	84.54893	14.58543	0.558	186.2
2020-04-20T10:51	84.54740	14.58388	0.552	185.5
2020-04-20T11:01	84.54586	14.58266	0.558	184.3
2020-04-20T11:11	84.54431	14.58167	0.557	183.5
2020-04-20T11:21	84.54276	14.58083	0.559	183.0
2020-04-20T11:31	84.54120	14.57999	0.562	182.9
2020-04-20T11:41	84.53964	14.57930	0.562	182.4
2020-04-20T11:51	84.53807	14.57882	0.565	181.7
2020-04-20T12:01	84.53649	14.57841	0.568	181.4
2020-04-20T12:11	84.53491	14.57812	0.570	181.0
2020-04-20T12:21	84.53333	14.57788	0.571	180.8
2020-04-20T12:31	84.53173	14.57764	0.573	180.8
2020-04-20T12:41	84.53012	14.57753	0.580	180.4
2020-04-20T12:51	84.52850	14.57741	0.584	180.4
2020-04-20T13:01	84.52689	14.57727	0.582	180.5
2020-04-20T13:11	84.52524	14.57729	0.592	179.9
2020-04-20T13:21	84.52359	14.57736	0.597	179.8
2020-04-20T13:31	84.52192	14.57757	0.599	179.3
2020-04-20T13:41	84.52026	14.57773	0.600	179.5
2020-04-20T13:51	84.51858	14.57813	0.604	178.7
2020-04-20T14:01	84.51688	14.57860	0.610	178.5
2020-04-20T14:11	84.51519	14.57919	0.612	178.1
2020-04-20T14:21	84.51349	14.57990	0.611	177.7
2020-04-20T14:31	84.51178	14.58079	0.616	177.2
2020-04-20T14:41	84.51006	14.58186	0.621	176.6
2020-04-20T14:51	84.50834	14.58314	0.622	176.0
2020-04-20T15:01	84.50660	14.58456	0.628	175.5
2020-04-20T15:11	84.50484	14.58614	0.635	175.1
2020-04-20T15:21	84.50307	14.58793	0.640	174.5
2020-04-20T15:31	84.50129	14.58982	0.644	174.2
2020-04-20T15:41	84.49951	14.59165	0.647	174.4
2020-04-20T15:51	84.49771	14.59364	0.652	174.0
2020-04-20T16:01	84.49590	14.59571	0.655	173.7
2020-04-20T16:11	84.49408	14.59786	0.660	173.6
2020-04-20T16:21	84.49225	14.60015	0.662	173.1
2020-04-20T16:31	84.49042	14.60250	0.664	173.0
2020-04-20T16:41	84.48859	14.60505	0.665	172.4
2020-04-20T16:51	84.48674	14.60769	0.670	172.1
2020-04-20T17:01	84.48489	14.61039	0.673	172.0
2020-04-20T17:11	84.48304	14.61323	0.676	171.7
2020-04-20T17:21	84.48118	14.61605	0.676	171.7
2020-04-20T17:31	84.47931	14.61897	0.680	171.5
2020-04-20T17:41	84.47744	14.62194	0.680	171.3
2020-04-20T17:51	84.47557	14.62497	0.681	171.1
2020-04-20T18:01	84.47371	14.62798	0.680	171.2
2020-04-20T18:11	84.47184	14.63112	0.680	170.8
2020-04-20T18:21	84.46999	14.63440	0.678	170.3
2020-04-20T18:31	84.46813	14.63780	0.677	170.0
2020-04-20T18:41	84.46628	14.64122	0.677	169.9
2020-04-20T18:51	84.46443	14.64477	0.679	169.5
2020-04-20T19:01	84.46257	14.64830	0.679	169.6
2020-04-20T19:11	84.46071	14.65185	0.680	169.6
2020-04-20T19:21	84.45886	14.65552	0.681	169.2
2020-04-20T19:31	84.45700	14.65931	0.680	168.8
2020-04-20T19:41	84.45516	14.66321	0.678	168.4
2020-04-20T19:51	84.45332	14.66719	0.675	168.2
2020-04-20T20:01	84.45150	14.67117	0.672	168.1
2020-04-20T20:11	84.44968	14.67533	0.670	167.5
2020-04-20T20:21	84.44787	14.67944	0.667	167.6
2020-04-20T20:31	84.44608	14.68358	0.662	167.4
2020-04-20T20:41	84.44428	14.68793	0.665	166.8
2020-04-20T20:51	84.44250	14.69237	0.657	166.4
2020-04-20T21:01	84.44076	14.69688	0.648	165.9
2020-04-20T21:11	84.43900	14.70159	0.653	165.4
2020-04-20T21:21	84.43726	14.70622	0.649	165.6
2020-04-20T21:31	84.43552	14.71082	0.647	165.6
2020-04-20T21:41	84.43379	14.71556	0.645	165.1
2020-04-20T21:51	84.43209	14.72047	0.635	164.3
2020-04-20T22:01	84.43041	14.72608	0.636	162.0
2020-04-20T22:11	84.42875	14.73183	0.630	161.4
2020-04-20T22:21	84.42710	14.73807	0.634	159.9
2020-04-20T22:31	84.42545	14.74446	0.634	159.4
2020-04-20T22:41	84.42380	14.75074	0.632	159.7
2020-04-20T22:51	84.42217	14.75693	0.627	159.8
2020-04-20T23:01	84.42053	14.76329	0.630	159.3
2020-04-20T23:11	84.41889	14.76968	0.632	159.3
2020-04-20T23:21	84.41724	14.77618	0.636	159.0
2020-04-20T23:31	84.41559	14.78264	0.635	159.1
2020-04-20T23:41	84.41395	14.78932	0.637	158.4
2020-04-20T23:51	84.41230	14.79612	0.637	158.0
2020-04-21T00:01	84.41065	14.80286	0.641	158.4
2020-04-21T00:11	84.40899	14.80959	0.643	158.5
2020-04-21T00:21	84.40734	14.81635	0.640	158.2
2020-04-21T00:31	84.40569	14.82311	0.639	158.2
2020-04-21T00:41	84.40405	14.82987	0.636	158.1
2020-04-21T00:51	84.40242	14.83662	0.631	158.0
2020-04-21T01:01	84.40080	14.84332	0.629	158.1
2020-04-21T01:11	84.39919	14.85005	0.627	157.8
2020-04-21T01:21	84.39761	14.85689	0.618	157.1
2020-04-21T01:31	84.39600	14.86390	0.628	156.9
2020-04-21T01:41	84.39442	14.87096	0.622	156.5
2020-04-21T01:51	84.39284	14.87802	0.620	156.4
2020-04-21T02:01	84.39128	14.88531	0.618	155.5
2020-04-21T02:11	84.38973	14.89267	0.616	155.1
2020-04-21T02:21	84.38817	14.90017	0.620	154.8
2020-04-21T02:31	84.38661	14.90789	0.625	154.2
2020-04-21T02:41	84.38507	14.91589	0.621	153.0
2020-04-21T02:51	84.38353	14.92408	0.624	152.5
2020-04-21T03:01	84.38198	14.93210	0.628	153.3
2020-04-21T03:11	84.38042	14.94014	0.628	153.2
2020-04-21T03:21	84.37884	14.94804	0.632	153.8
2020-04-21T03:31	84.37725	14.95564	0.634	154.9
2020-04-21T03:41	84.37563	14.96312	0.640	155.6
2020-04-21T03:51	84.37400	14.97044	0.642	156.3
2020-04-21T04:01	84.37235	14.97760	0.645	156.9
2020-04-21T04:11	84.37070	14.98472	0.644	157.0
2020-04-21T04:21	84.36903	14.99175	0.650	157.6
2020-04-21T04:31	84.36736	14.99853	0.649	158.3
2020-04-21T04:41	84.36568	15.00516	0.648	158.8
2020-04-21T04:51	84.36398	15.01166	0.655	159.5
2020-04-21T05:01	84.36227	15.01798	0.653	160.0
2020-04-21T05:11	84.36055	15.02416	0.658	160.6
2020-04-21T05:21	84.35882	15.03008	0.659	161.4
2020-04-21T05:31	84.35708	15.03599	0.658	161.5
2020-04-21T05:41	84.35536	15.04176	0.654	161.8
2020-04-21T05:51	84.35363	15.04738	0.652	162.2
2020-04-21T06:01	84.35192	15.05293	0.647	162.3
2020-04-21T06:11	84.35021	15.05822	0.643	163.0
2020-04-21T06:21	84.34852	15.06347	0.638	163.0
2020-04-21T06:31	84.34684	15.06869	0.633	163.0
2020-04-21T06:41	84.34515	15.07394	0.635	162.9
2020-04-21T06:51	84.34349	15.07909	0.628	163.0
2020-04-21T07:01	84.34181	15.08416	0.628	163.4
2020-04-21T07:11	84.34015	15.08918	0.623	163.4
2020-04-21T07:21	84.33849	15.09413	0.626	163.7
2020-04-21T07:31	84.33682	15.09909	0.627	163.7
2020-04-21T07:41	84.33514	15.10394	0.626	164.0
2020-04-21T07:51	84.33347	15.10884	0.628	163.9
2020-04-21T08:01	84.33179	15.11369	0.629	164.1
2020-04-21T08:11	84.33010	15.11848	0.630	164.3
2020-04-21T08:21	84.32841	15.12335	0.634	164.1
2020-04-21T08:31	84.32672	15.12822	0.634	164.1
2020-04-21T08:41	84.32503	15.13317	0.634	163.8
2020-04-21T08:51	84.32333	15.13792	0.634	164.5
2020-04-21T09:01	84.32162	15.14284	0.640	164.1
2020-04-21T09:11	84.31992	15.14783	0.638	163.8
2020-04-21T09:21	84.31822	15.15276	0.638	164.0
2020-04-21T09:31	84.31651	15.15775	0.641	163.9
2020-04-21T09:41	84.31480	15.16274	0.639	163.8
2020-04-21T09:51	84.31310	15.16776	0.638	163.7
2020-04-21T10:01	84.31140	15.17285	0.638	163.5
2020-04-21T10:11	84.30971	15.17793	0.635	163.4
2020-04-21T10:21	84.30802	15.18310	0.635	163.1
2020-04-21T10:31	84.30634	15.18835	0.633	162.8
2020-04-21T10:41	84.30467	15.19366	0.630	162.5
2020-04-21T10:51	84.30301	15.19900	0.628	162.3
2020-04-21T11:01	84.30137	15.20449	0.621	161.6
2020-04-21T11:11	84.29976	15.21010	0.615	161.0
2020-04-21T11:21	84.29815	15.21581	0.616	160.6
2020-04-21T11:31	84.29654	15.22157	0.614	160.4
2020-04-21T11:41	84.29492	15.22742	0.621	160.3
2020-04-21T11:51	84.29328	15.23332	0.627	160.3
2020-04-21T12:01	84.29164	15.23931	0.626	160.0
2020-04-21T12:11	84.29000	15.24541	0.629	159.7
2020-04-21T12:21	84.28837	15.25163	0.630	159.3
2020-04-21T12:31	84.28673	15.25789	0.632	159.2
2020-04-21T12:41	84.28508	15.26417	0.633	159.1
2020-04-21T12:51	84.28344	15.27046	0.635	159.2
2020-04-21T13:01	84.28178	15.27676	0.636	159.2
2020-04-21T13:11	84.28014	15.28316	0.636	158.8
2020-04-21T13:21	84.27850	15.28968	0.633	158.3
2020-04-21T13:31	84.27688	15.29620	0.631	158.2
2020-04-21T13:41	84.27526	15.30283	0.628	157.7
2020-04-21T13:51	84.27364	15.30956	0.630	157.4
2020-04-21T14:01	84.27205	15.31631	0.624	157.1
2020-04-21T14:11	84.27047	15.32318	0.620	156.5
2020-04-21T14:21	84.26889	15.32995	0.617	156.8
2020-04-21T14:31	84.26731	15.33675	0.621	156.8
2020-04-21T14:41	84.26573	15.34355	0.619	156.7
2020-04-21T14:51	84.26416	15.35037	0.616	156.5
2020-04-21T15:01	84.26260	15.35714	0.613	156.5
2020-04-21T15:11	84.26105	15.36399	0.608	156.1
2020-04-21T15:21	84.25952	15.37091	0.604	155.6
2020-04-21T15:31	84.25800	15.37787	0.604	155.5
2020-04-21T15:41	84.25647	15.38479	0.603	155.5
2020-04-21T15:51	84.25495	15.39166	0.601	155.7
2020-04-21T16:01	84.25344	15.39847	0.596	155.7
2020-04-21T16:11	84.25197	15.40550	0.588	154.4
2020-04-21T16:21	84.25052	15.41256	0.582	154.1
2020-04-21T16:31	84.24906	15.41972	0.587	153.9
2020-04-21T16:41	84.24763	15.42710	0.579	152.6
2020-04-21T16:51	84.24619	15.43452	0.584	152.7
2020-04-21T17:01	84.24472	15.44171	0.589	153.8
2020-04-21T17:11	84.24321	15.44883	0.599	154.6
2020-04-21T17:21	84.24170	15.45577	0.600	155.3
2020-04-21T17:31	84.24017	15.46246	0.602	156.3
2020-04-21T17:41	84.23865	15.46891	0.597	157.0
2020-04-21T17:51	84.23713	15.47526	0.592	157.2
2020-04-21T18:01	84.23562	15.48143	0.588	157.7
2020-04-21T18:11	84.23411	15.48738	0.585	158.4
2020-04-21T18:21	84.23259	15.49311	0.584	159.2
2020-04-21T18:31	84.23108	15.49879	0.583	159.4
2020-04-21T18:41	84.22956	15.50412	0.578	160.5
2020-04-21T18:51	84.22805	15.50914	0.573	161.5
2020-04-21T19:01	84.22656	15.51388	0.566	162.3
2020-04-21T19:11	84.22505	15.51841	0.565	163.1
2020-04-21T19:21	84.22355	15.52259	0.563	164.4
2020-04-21T19:31	84.22206	15.52656	0.556	165.0
2020-04-21T19:41	84.22064	15.53034	0.530	165.0
2020-04-21T19:51	84.21919	15.53419	0.540	165.0
2020-04-21T20:01	84.21776	15.53783	0.529	165.5
2020-04-21T20:11	84.21631	15.54148	0.541	165.8
2020-04-21T20:21	84.21486	15.54506	0.539	166.0
2020-04-21T20:31	84.21340	15.54871	0.541	165.8
2020-04-21T20:41	84.21197	15.55228	0.531	165.9
2020-04-21T20:51	84.21056	15.55585	0.522	165.6
2020-04-21T21:01	84.20915	15.55942	0.527	165.8
2020-04-21T21:11	84.20771	15.56305	0.534	165.7
2020-04-21T21:21	84.20629	15.56673	0.526	165.3
2020-04-21T21:31	84.20490	15.57073	0.523	163.9
2020-04-21T21:41	84.20351	15.57469	0.519	163.9
2020-04-21T21:51	84.20219	15.57868	0.499	163.1
2020-04-21T22:01	84.20086	15.58273	0.499	162.8
2020-04-21T22:11	84.19956	15.58689	0.492	162.1
2020-04-21T22:21	84.19829	15.59107	0.485	161.7
2020-04-21T22:31	84.19703	15.59543	0.479	160.6
2020-04-21T22:41	84.19579	15.60002	0.478	159.5
2020-04-21T22:51	84.19457	15.60461	0.469	159.1
2020-04-21T23:01	84.19337	15.60936	0.467	158.3
2020-04-21T23:11	84.19219	15.61432	0.460	156.9
2020-04-21T23:21	84.19103	15.61960	0.460	155.3
2020-04-21T23:31	84.18988	15.62486	0.455	155.0
2020-04-21T23:41	84.18875	15.63024	0.452	154.3
2020-04-21T23:51	84.18763	15.63575	0.452	153.6
2020-04-22T00:01	84.18652	15.64136	0.449	152.9
2020-04-22T00:11	84.18544	15.64714	0.444	151.6
2020-04-22T00:21	84.18437	15.65306	0.440	150.6
2020-04-22T00:31	84.18334	15.65902	0.430	149.7
2020-04-22T00:41	84.18232	15.66512	0.431	148.9
2020-04-22T00:51	84.18130	15.67129	0.429	148.3
2020-04-22T01:01	84.18032	15.67762	0.424	146.9
2020-04-22T01:11	84.17934	15.68413	0.424	145.9
2020-04-22T01:21	84.17837	15.69071	0.423	145.4
2020-04-22T01:31	84.17742	15.69731	0.421	145.1
2020-04-22T01:41	84.17647	15.70388	0.417	144.9
2020-04-22T01:51	84.17552	15.71048	0.418	144.8
2020-04-22T02:01	84.17456	15.71702	0.421	145.4
2020-04-22T02:11	84.17358	15.72355	0.424	145.8
2020-04-22T02:21	84.17260	15.72998	0.425	146.4
2020-04-22T02:31	84.17162	15.73640	0.422	146.2
2020-04-22T02:41	84.17064	15.74283	0.426	146.5
2020-04-22T02:51	84.16966	15.74902	0.419	147.3
2020-04-22T03:01	84.16867	15.75526	0.422	147.2
2020-04-22T03:11	84.16768	15.76126	0.420	148.5
2020-04-22T03:21	84.16668	15.76700	0.416	149.7
2020-04-22T03:31	84.16569	15.77266	0.413	149.9
2020-04-22T03:41	84.16470	15.77825	0.411	150.1
2020-04-22T03:51	84.16371	15.78376	0.410	150.6
2020-04-22T04:01	84.16271	15.78917	0.411	151.2
2020-04-22T04:11	84.16170	15.79451	0.412	151.6
2020-04-22T04:21	84.16070	15.79980	0.408	151.7
2020-04-22T04:31	84.15970	15.80493	0.408	152.6
2020-04-22T04:41	84.15869	15.80980	0.406	153.9
2020-04-22T04:51	84.15767	15.81452	0.406	154.8
2020-04-22T05:01	84.15667	15.81919	0.399	154.5
2020-04-22T05:11	84.15568	15.82394	0.394	153.8
2020-04-22T05:21	84.15468	15.82883	0.404	153.6
2020-04-22T05:31	84.15369	15.83353	0.397	154.3
2020-04-22T05:41	84.15270	15.83807	0.391	154.8
2020-04-22T05:51	84.15172	15.84236	0.389	156.1
2020-04-22T06:01	84.15071	15.84649	0.392	157.3
2020-04-22T06:11	84.14970	15.85042	0.393	158.5
2020-04-22T06:21	84.14868	15.85426	0.392	158.9
2020-04-22T06:31	84.14768	15.85795	0.385	159.4
2020-04-22T06:41	84.14666	15.86155	0.389	160.2
2020-04-22T06:51	84.14564	15.86502	0.391	160.9
2020-04-22T07:01	84.14461	15.86837	0.391	161.7
2020-04-22T07:11	84.14358	15.87162	0.387	162.0
2020-04-22T07:21	84.14257	15.87460	0.381	163.3
2020-04-22T07:31	84.14156	15.87735	0.378	164.5
2020-04-22T07:41	84.14058	15.88028	0.367	162.9
2020-04-22T07:51	84.13965	15.88314	0.353	162.7
2020-04-22T08:01	84.13872	15.88593	0.349	162.9
2020-04-22T08:11	84.13781	15.88840	0.341	164.5
2020-04-22T08:21	84.13691	15.89062	0.334	165.9
2020-04-22T08:31	84.13604	15.89262	0.320	166.7
2020-04-22T08:41	84.13519	15.89462	0.317	166.6
2020-04-22T08:51	84.13434	15.89639	0.312	168.0
2020-04-22T09:01	84.13351	15.89832	0.309	166.7
2020-04-22T09:11	84.13267	15.90006	0.306	167.9
2020-04-22T09:21	84.13186	15.90200	0.302	166.4
2020-04-22T09:31	84.13104	15.90394	0.302	166.3
2020-04-22T09:41	84.13023	15.90590	0.302	166.2
2020-04-22T09:51	84.12942	15.90784	0.300	166.2
2020-04-22T10:01	84.12861	15.90984	0.301	165.9
2020-04-22T10:11	84.12782	15.91182	0.294	165.6
2020-04-22T10:21	84.12705	15.91386	0.287	164.8
2020-04-22T10:31	84.12628	15.91599	0.289	164.2
2020-04-22T10:41	84.12551	15.91820	0.286	163.5
2020-04-22T10:51	84.12478	15.92051	0.279	162.2
2020-04-22T11:01	84.12404	15.92301	0.280	160.9
2020-04-22T11:11	84.12333	15.92564	0.275	159.3
2020-04-22T11:21	84.12262	15.92834	0.272	158.5
2020-04-22T11:31	84.12194	15.93120	0.269	157.0
2020-04-22T11:41	84.12125	15.93408	0.268	156.6
2020-04-22T11:51	84.12058	15.93708	0.266	155.4
2020-04-22T12:01	84.11992	15.94030	0.267	153.5
2020-04-22T12:11	84.11926	15.94378	0.269	151.5
2020-04-22T12:21	84.11861	15.94733	0.267	150.6
2020-04-22T12:31	84.11798	15.95086	0.265	150.5
2020-04-22T12:41	84.11734	15.95456	0.266	149.1
2020-04-22T12:51	84.11671	15.95834	0.266	148.3
2020-04-22T13:01	84.11610	15.96197	0.260	148.9
2020-04-22T13:11	84.11549	15.96564	0.256	148.2
2020-04-22T13:21	84.11488	15.96919	0.255	149.1
2020-04-22T13:31	84.11428	15.97284	0.256	148.2
2020-04-22T13:41	84.11367	15.97643	0.254	148.6
2020-04-22T13:51	84.11308	15.98004	0.251	147.9
2020-04-22T14:01	84.11250	15.98356	0.248	148.3
2020-04-22T14:11	84.11190	15.98703	0.251	149.2
2020-04-22T14:21	84.11131	15.99045	0.246	149.2
2020-04-22T14:31	84.11074	15.99382	0.241	148.9
2020-04-22T14:41	84.11016	15.99734	0.245	148.0
2020-04-22T14:51	84.10959	16.00064	0.239	149.3
2020-04-22T15:01	84.10901	16.00372	0.237	151.4
2020-04-22T15:11	84.10843	16.00642	0.232	154.5
2020-04-22T15:21	84.10784	16.00898	0.233	156.1
2020-04-22T15:31	84.10724	16.01161	0.235	155.6
2020-04-22T15:41	84.10665	16.01431	0.236	154.9
2020-04-22T15:51	84.10606	16.01682	0.231	156.3
2020-04-22T16:01	84.10549	16.01930	0.226	156.1
2020-04-22T16:11	84.10490	16.02158	0.227	158.2
2020-04-22T16:21	84.10431	16.02375	0.228	159.4
2020-04-22T16:31	84.10373	16.02586	0.223	159.5
2020-04-22T16:41	84.10316	16.02785	0.217	160.1
2020-04-22T16:51	84.10261	16.02970	0.212	161.1
2020-04-22T17:01	84.10205	16.03142	0.209	162.3
2020-04-22T17:11	84.10151	16.03300	0.205	163.5
2020-04-22T17:21	84.10098	16.03428	0.197	166.0
2020-04-22T17:31	84.10046	16.03539	0.192	167.7
2020-04-22T17:41	84.09995	16.03617	0.185	171.0
2020-04-22T17:51	84.09952	16.03675	0.154	172.0
2020-04-22T18:01	84.09912	16.03730	0.148	172.1
2020-04-22T18:11	84.09871	16.03781	0.149	172.7
2020-04-22T18:21	84.09829	16.03815	0.151	175.1
2020-04-22T18:31	84.09787	16.03847	0.153	175.6
2020-04-22T18:41	84.09748	16.03855	0.140	178.8
2020-04-22T18:51	84.09709	16.03857	0.139	179.7
2020-04-22T19:01	84.09671	16.03863	0.138	179.0
2020-04-22T19:11	84.09633	16.03855	0.137	181.3
2020-04-22T19:21	84.09595	16.03857	0.139	179.7
2020-04-22T19:31	84.09554	16.03857	0.145	179.9
2020-04-22T19:41	84.09515	16.03845	0.142	181.9
2020-04-22T19:51	84.09473	16.03813	0.152	184.4
2020-04-22T20:01	84.09433	16.03778	0.145	185.1
2020-04-22T20:11	84.09397	16.03732	0.131	187.5
2020-04-22T20:21	84.09359	16.03694	0.134	186.1
2020-04-22T20:31	84.09323	16.03651	0.133	186.8
2020-04-22T20:41	84.09289	16.03595	0.122	189.7
2020-04-22T20:51	84.09254	16.03544	0.129	188.5
2020-04-22T21:01	84.09221	16.03485	0.119	190.5
2020-04-22T21:11	84.09190	16.03415	0.116	192.9
2020-04-22T21:21	84.09159	16.03349	0.113	192.5
2020-04-22T21:31	84.09127	16.03290	0.116	190.7
2020-04-22T21:41	84.09098	16.03232	0.108	191.6
2020-04-22T21:51	84.09070	16.03169	0.106	192.7
2020-04-22T22:01	84.09039	16.03118	0.111	189.8
2020-04-22T22:11	84.09010	16.03074	0.107	188.7
2020-04-22T22:21	84.08982	16.03050	0.099	185.3
2020-04-22T22:31	84.08957	16.03009	0.092	189.5
2020-04-22T22:41	84.08933	16.02984	0.088	185.9
2020-04-22T22:51	84.08908	16.02957	0.091	186.4
2020-04-22T23:01	84.08883	16.02937	0.089	184.7
2020-04-22T23:11	84.08859	16.02922	0.089	183.7
2020-04-22T23:21	84.08835	16.02918	0.085	181.1
2020-04-22T23:31	84.08813	16.02917	0.080	180.2
2020-04-22T23:41	84.08791	16.02932	0.079	175.8
2020-04-22T23:51	84.08768	16.02946	0.082	176.6
2020-04-23T00:01	84.08746	16.02972	0.081	173.1
2020-04-23T00:11	84.08723	16.03007	0.082	170.8
2020-04-23T00:21	84.08700	16.03054	0.086	168.3
2020-04-23T00:31	84.08679	16.03122	0.079	161.5
2020-04-23T00:41	84.08659	16.03212	0.081	155.7
2020-04-23T00:51	84.08640	16.03300	0.076	154.5
2020-04-23T01:01	84.08621	16.03389	0.075	153.9
2020-04-23T01:11	84.08603	16.03489	0.075	150.3
2020-04-23T01:21	84.08585	16.03599	0.077	148.0
2020-04-23T01:31	84.08567	16.03701	0.075	149.9
2020-04-23T01:41	84.08547	16.03808	0.081	150.7
2020-04-23T01:51	84.08528	16.03921	0.080	148.1
2020-04-23T02:01	84.08508	16.04041	0.086	148.8
2020-04-23T02:11	84.08487	16.04164	0.086	148.2
2020-04-23T02:21	84.08466	16.04290	0.089	148.2
2020-04-23T02:31	84.08445	16.04419	0.089	147.6
2020-04-23T02:41	84.08424	16.04552	0.091	147.1
2020-04-23T02:51	84.08403	16.04670	0.088	150.3
2020-04-23T03:01	84.08382	16.04795	0.089	148.6
2020-04-23T03:11	84.08360	16.04923	0.090	148.4
2020-04-23T03:21	84.08339	16.05040	0.088	150.1
2020-04-23T03:31	84.08318	16.05163	0.089	149.2
2020-04-23T03:41	84.08296	16.05291	0.092	149.1
2020-04-23T03:51	84.08274	16.05429	0.096	147.6
2020-04-23T04:01	84.08252	16.05556	0.091	148.9
2020-04-23T04:11	84.08230	16.05673	0.092	151.9
2020-04-23T04:21	84.08206	16.05787	0.093	153.0
2020-04-23T04:31	84.08183	16.05885	0.092	156.7
2020-04-23T04:41	84.08159	16.05979	0.094	158.1
2020-04-23T04:51	84.08135	16.06066	0.093	159.8
2020-04-23T05:01	84.08110	16.06143	0.094	162.2
2020-04-23T05:11	84.08085	16.06200	0.092	166.7
2020-04-23T05:21	84.08060	16.06251	0.091	168.2
2020-04-23T05:31	84.08034	16.06292	0.095	170.8
2020-04-23T05:41	84.08006	16.06320	0.099	174.0
2020-04-23T05:51	84.07981	16.06351	0.091	172.6
2020-04-23T06:01	84.07956	16.06366	0.091	176.5
2020-04-23T06:11	84.07932	16.06370	0.086	178.9
2020-04-23T06:21	84.07907	16.06358	0.092	182.9
2020-04-23T06:31	84.07883	16.06333	0.087	186.1
2020-04-23T06:41	84.07860	16.06292	0.084	190.6
2020-04-23T06:51	84.07839	16.06249	0.076	192.1
2020-04-23T07:01	84.07817	16.06197	0.080	193.7
2020-04-23T07:11	84.07796	16.06146	0.079	194.1
2020-04-23T07:21	84.07776	16.06086	0.076	197.0
2020-04-23T07:31	84.07756	16.06009	0.077	201.7
2020-04-23T07:41	84.07737	16.05897	0.080	211.3
2020-04-23T07:51	84.07718	16.05782	0.082	211.5
2020-04-23T08:01	84.07697	16.05658	0.087	212.1
2020-04-23T08:11	84.07676	16.05522	0.092	213.2
2020-04-23T08:21	84.07655	16.05380	0.090	215.9
2020-04-23T08:31	84.07635	16.05243	0.090	214.2
2020-04-23T08:41	84.07614	16.05091	0.095	216.6
2020-04-23T08:51	84.07592	16.04934	0.096	217.3
2020-04-23T09:01	84.07571	16.04777	0.097	217.0
2020-04-23T09:11	84.07549	16.04624	0.096	216.3
2020-04-23T09:21	84.07528	16.04464	0.097	218.0
2020-04-23T09:31	84.07507	16.04315	0.094	215.9
2020-04-23T09:41	84.07486	16.04174	0.092	214.6
2020-04-23T09:51	84.07466	16.04041	0.087	214.3
2020-04-23T10:01	84.07446	16.03910	0.087	214.5
2020-04-23T10:11	84.07426	16.03787	0.084	212.7
2020-04-23T10:21	84.07407	16.03673	0.082	211.0
2020-04-23T10:31	84.07388	16.03566	0.078	210.4
2020-04-23T10:41	84.07369	16.03467	0.078	207.9
2020-04-23T10:51	84.07351	16.03377	0.072	207.8
2020-04-23T11:01	84.07334	16.03289	0.070	207.9
2020-04-23T11:11	84.07317	16.03212	0.067	205.1
2020-04-23T11:21	84.07300	16.03144	0.066	202.6
2020-04-23T11:31	84.07285	16.03084	0.058	202.8
2020-04-23T11:41	84.07269	16.03028	0.062	199.8
2020-04-23T11:51	84.07253	16.02981	0.060	196.8
2020-04-23T12:01	84.07238	16.02947	0.056	193.3
2020-04-23T12:11	84.07221	16.02898	0.063	196.6
2020-04-23T12:21	84.07204	16.02856	0.064	194.2
2020-04-23T12:31	84.07188	16.02826	0.060	190.9
2020-04-23T12:41	84.07174	16.02805	0.051	188.7
2020-04-23T12:51	84.07161	16.02789	0.045	187.6
2020-04-23T13:01	84.07150	16.02795	0.042	176.9
2020-04-23T13:11	84.07138	16.02815	0.041	169.4
2020-04-23T13:21	84.07128	16.02837	0.039	168.0
2020-04-23T13:31	84.07118	16.02875	0.036	157.4
2020-04-23T13:41	84.07110	16.02911	0.034	156.8
2020-04-23T13:51	84.07103	16.02949	0.028	149.2
2020-04-23T14:01	84.07096	16.03007	0.033	139.6
2020-04-23T14:11	84.07090	16.03065	0.030	133.2
2020-04-23T14:21	84.07083	16.03124	0.033	139.1
2020-04-23T14:31	84.07076	16.03179	0.034	143.6
2020-04-23T14:41	84.07069	16.03238	0.034	139.7
2020-04-23T14:51	84.07062	16.03291	0.032	142.0
2020-04-23T15:01	84.07055	16.03345	0.030	138.5
2020-04-23T15:11	84.07050	16.03388	0.024	139.5
2020-04-23T15:21	84.07044	16.03431	0.028	144.0
2020-04-23T15:31	84.07038	16.03468	0.025	146.7
2020-04-23T15:41	84.07032	16.03501	0.024	149.8
2020-04-23T15:51	84.07027	16.03530	0.021	149.7
2020-04-23T16:01	84.07021	16.03564	0.025	150.3
2020-04-23T16:11	84.07015	16.03591	0.023	154.0
2020-04-23T16:21	84.07008	16.03619	0.028	158.1
2020-04-23T16:31	84.07001	16.03637	0.027	165.4
2020-04-23T16:41	84.06993	16.03650	0.031	170.5
2020-04-23T16:51	84.06983	16.03659	0.036	174.9
2020-04-23T17:01	84.06973	16.03645	0.036	188.1
2020-04-23T17:11	84.06962	16.03627	0.039	190.3
2020-04-23T17:21	84.06949	16.03601	0.046	191.8
2020-04-23T17:31	84.06937	16.03574	0.045	193.0
2020-04-23T17:41	84.06924	16.03541	0.048	194.6
2020-04-23T17:51	84.06911	16.03501	0.049	197.7
2020-04-23T18:01	84.06897	16.03451	0.054	200.0
2020-04-23T18:11	84.06882	16.03395	0.057	201.6
2020-04-23T18:21	84.06868	16.03335	0.058	202.4
2020-04-23T18:31	84.06853	16.03250	0.063	210.5
2020-04-23T18:41	84.06836	16.03147	0.070	213.1
2020-04-23T18:51	84.06820	16.03038	0.070	215.2
2020-04-23T19:01	84.06803	16.02912	0.077	217.9
2020-04-23T19:11	84.06787	16.02774	0.077	221.4
2020-04-23T19:21	84.06771	16.02637	0.078	221.0
2020-04-23T19:31	84.06754	16.02495	0.081	221.0
2020-04-23T19:41	84.06737	16.02337	0.084	224.1
2020-04-23T19:51	84.06720	16.02173	0.087	224.5
2020-04-23T20:01	84.06704	16.01995	0.088	229.2
2020-04-23T20:11	84.06688	16.01818	0.089	228.1
2020-04-23T20:21	84.06671	16.01628	0.093	229.9
2020-04-23T20:31	84.06654	16.01436	0.094	229.6
2020-04-23T20:41	84.06637	16.01248	0.093	228.9
2020-04-23T20:51	84.06621	16.01057	0.092	231.0
2020-04-23T21:01	84.06604	16.00864	0.095	229.3
2020-04-23T21:11	84.06588	16.00674	0.092	230.0
2020-04-23T21:21	84.06571	16.00491	0.090	228.9
2020-04-23T21:31	84.06553	16.00317	0.091	225.4
2020-04-23T21:41	84.06537	16.00126	0.093	229.8
2020-04-23T21:51	84.06521	15.99946	0.089	229.2
2020-04-23T22:01	84.06504	15.99764	0.090	229.0
2020-04-23T22:11	84.06489	15.99585	0.088	229.4
2020-04-23T22:21	84.06473	15.99404	0.089	229.8
2020-04-23T22:31	84.06457	15.99242	0.081	227.6
2020-04-23T22:41	84.06442	15.99080	0.081	228.4
2020-04-23T22:51	84.06428	15.98921	0.079	228.2
2020-04-23T23:01	84.06414	15.98773	0.075	227.0
2020-04-23T23:11	84.06400	15.98632	0.071	227.7
2020-04-23T23:21	84.06388	15.98508	0.064	226.6
2020-04-23T23:31	84.06376	15.98395	0.060	224.3
2020-04-23T23:41	84.06365	15.98300	0.054	221.1
2020-04-23T23:51	84.06352	15.98204	0.060	216.6
2020-04-24T00:01	84.06340	15.98104	0.056	221.7
2020-04-24T00:11	84.06328	15.98022	0.052	215.8
2020-04-24T00:21	84.06318	15.97943	0.047	219.7
2020-04-24T00:31	84.06309	15.97872	0.043	217.6
2020-04-24T00:41	84.06301	15.97823	0.034	212.0
2020-04-24T00:51	84.06296	15.97807	0.019	198.8
2020-04-24T01:01	84.06292	15.97809	0.013	176.7
2020-04-24T01:11	84.06288	15.97816	0.014	168.4
2020-04-24T01:21	84.06286	15.97822	0.008	165.1
2020-04-24T01:31	84.06283	15.97838	0.014	154.1
2020-04-24T01:41	84.06276	15.97823	0.026	192.9
2020-04-24T01:51	84.06272	15.97825	0.013	177.2
2020-04-24T02:01	84.06270	15.97834	0.009	157.0
2020-04-24T02:11	84.06266	15.97837	0.013	175.1
2020-04-24T02:21	84.06265	15.97868	0.013	112.5
2020-04-24T02:31	84.06265	15.97924	0.021	86.2
2020-04-24T02:41	84.06266	15.97987	0.024	81.1
2020-04-24T02:51	84.06267	15.98050	0.024	81.6
2020-04-24T03:01	84.06268	15.98110	0.022	87.1
2020-04-24T03:11	84.06268	15.98159	0.018	84.6
2020-04-24T03:21	84.06270	15.98198	0.015	70.6
2020-04-24T03:31	84.06271	15.98247	0.019	73.5
2020-04-24T03:41	84.06272	15.98290	0.016	82.8
2020-04-24T03:51	84.06272	15.98331	0.015	86.6
2020-04-24T04:01	84.06272	15.98372	0.015	89.3
2020-04-24T04:11	84.06271	15.98410	0.015	97.1
2020-04-24T04:21	84.06271	15.98462	0.019	94.6
2020-04-24T04:31	84.06271	15.98498	0.013	90.5
2020-04-24T04:41	84.06269	15.98527	0.012	118.4
2020-04-24T04:51	84.06267	15.98556	0.015	132.2
2020-04-24T05:01	84.06263	15.98570	0.015	160.8
2020-04-24T05:11	84.06258	15.98562	0.017	189.7
2020-04-24T05:21	84.06254	15.98544	0.016	205.6
2020-04-24T05:31	84.06247	15.98493	0.031	218.1
2020-04-24T05:41	84.06240	15.98425	0.037	223.2
2020-04-24T05:51	84.06232	15.98362	0.038	218.5
2020-04-24T06:01	84.06223	15.98301	0.039	215.5
2020-04-24T06:11	84.06210	15.98212	0.058	215.1
2020-04-24T06:21	84.06195	15.98093	0.069	219.7
2020-04-24T06:31	84.06179	15.97963	0.076	219.9
2020-04-24T06:41	84.06161	15.97817	0.083	220.7
2020-04-24T06:51	84.06142	15.97653	0.093	221.2
2020-04-24T07:01	84.06122	15.97474	0.099	222.2
2020-04-24T07:11	84.06101	15.97282	0.103	224.1
2020-04-24T07:21	84.06079	15.97077	0.110	223.7
2020-04-24T07:31	84.06057	15.96854	0.115	226.5
2020-04-24T07:41	84.06034	15.96625	0.119	225.7
2020-04-24T07:51	84.06010	15.96381	0.126	226.4
2020-04-24T08:01	84.05988	15.96151	0.116	227.7
2020-04-24T08:11	84.05967	15.95921	0.114	228.7
2020-04-24T08:21	84.05947	15.95679	0.117	230.7
2020-04-24T08:31	84.05921	15.95392	0.140	229.6
2020-04-24T08:41	84.05895	15.95094	0.147	229.2
2020-04-24T08:51	84.05869	15.94806	0.142	229.1
2020-04-24T09:01	84.05845	15.94530	0.135	229.6
2020-04-24T09:11	84.05819	15.94243	0.141	229.3
2020-04-24T09:21	84.05791	15.93956	0.146	227.1
2020-04-24T09:31	84.05762	15.93645	0.157	227.3
2020-04-24T09:41	84.05732	15.93343	0.156	226.1
2020-04-24T09:51	84.05700	15.93042	0.159	225.0
2020-04-24T10:01	84.05669	15.92736	0.162	224.9
2020-04-24T10:11	84.05638	15.92437	0.157	225.3
2020-04-24T10:21	84.05608	15.92147	0.152	225.3
2020-04-24T10:31	84.05578	15.91855	0.153	225.3
2020-04-24T10:41	84.05550	15.91582	0.144	224.7
2020-04-24T10:51	84.05520	15.91319	0.146	222.1
2020-04-24T11:01	84.05490	15.91083	0.139	219.5
2020-04-24T11:11	84.05460	15.90848	0.138	219.4
2020-04-24T11:21	84.05430	15.90613	0.138	219.4
2020-04-24T11:31	84.05399	15.90391	0.142	215.7
2020-04-24T11:41	84.05368	15.90177	0.137	215.8
2020-04-24T11:51	84.05336	15.89972	0.138	213.7
2020-04-24T12:01	84.05303	15.89743	0.146	215.9
2020-04-24T12:11	84.05272	15.89537	0.135	214.7
2020-04-24T12:21	84.05244	15.89333	0.126	217.2
2020-04-24T12:31	84.05216	15.89136	0.127	215.4
2020-04-24T12:41	84.05183	15.88945	0.136	211.6
2020-04-24T12:51	84.05149	15.88744	0.145	211.3
2020-04-24T13:01	84.05116	15.88556	0.139	210.2
2020-04-24T13:11	84.05083	15.88386	0.132	208.6
2020-04-24T13:21	84.05054	15.88232	0.122	208.1
2020-04-24T13:31	84.05024	15.88091	0.120	206.1
2020-04-24T13:41	84.04993	15.87930	0.126	208.6
2020-04-24T13:51	84.04967	15.87782	0.109	210.6
2020-04-24T14:01	84.04944	15.87664	0.094	207.9
2020-04-24T14:11	84.04921	15.87545	0.094	208.1
2020-04-24T14:21	84.04898	15.87446	0.092	203.7
2020-04-24T14:31	84.04872	15.87359	0.098	199.4
2020-04-24T14:41	84.04847	15.87231	0.103	207.8
2020-04-24T14:51	84.04823	15.87115	0.094	207.4
2020-04-24T15:01	84.04799	15.86995	0.098	207.3
2020-04-24T15:11	84.04776	15.86870	0.095	209.4
2020-04-24T15:21	84.04754	15.86748	0.092	210.0
2020-04-24T15:31	84.04735	15.86613	0.086	215.7
2020-04-24T15:41	84.04715	15.86485	0.086	213.5
2020-04-24T15:51	84.04694	15.86350	0.090	213.8
2020-04-24T16:01	84.04672	15.86217	0.092	212.7
2020-04-24T16:11	84.04652	15.86091	0.088	212.4
2020-04-24T16:21	84.04633	15.85983	0.080	210.4
2020-04-24T16:31	84.04613	15.85887	0.079	206.9
2020-04-24T16:41	84.04594	15.85786	0.077	209.2
2020-04-24T16:51	84.04574	15.85672	0.084	210.7
2020-04-24T17:01	84.04552	15.85551	0.091	209.9
2020-04-24T17:11	84.04530	15.85425	0.093	210.2
2020-04-24T17:21	84.04507	15.85288	0.099	211.3
2020-04-24T17:31	84.04483	15.85136	0.103	213.5
2020-04-24T17:41	84.04457	15.84957	0.116	215.5
2020-04-24T17:51	84.04429	15.84767	0.124	215.1
2020-04-24T18:01	84.04399	15.84570	0.129	214.7
2020-04-24T18:11	84.04369	15.84367	0.132	214.9
2020-04-24T18:21	84.04338	15.84160	0.135	214.8
2020-04-24T18:31	84.04307	15.83933	0.141	217.1
2020-04-24T18:41	84.04276	15.83710	0.141	216.4
2020-04-24T18:51	84.04244	15.83473	0.143	218.3
2020-04-24T19:01	84.04214	15.83232	0.142	219.3
2020-04-24T19:11	84.04184	15.82992	0.141	219.6
2020-04-24T19:21	84.04155	15.82749	0.137	221.5
2020-04-24T19:31	84.04128	15.82488	0.138	224.8
2020-04-24T19:41	84.04101	15.82214	0.141	226.5
2020-04-24T19:51	84.04075	15.81911	0.146	230.7
2020-04-24T20:01	84.04049	15.81619	0.144	229.2
2020-04-24T20:11	84.04020	15.81324	0.152	226.7
2020-04-24T20:21	84.03991	15.81013	0.156	228.1
2020-04-24T20:31	84.03963	15.80711	0.152	228.1
2020-04-24T20:41	84.03936	15.80398	0.153	230.0
2020-04-24T20:51	84.03907	15.80077	0.159	229.0
2020-04-24T21:01	84.03878	15.79733	0.166	230.8
2020-04-24T21:11	84.03848	15.79383	0.170	230.4
2020-04-24T21:21	84.03818	15.79027	0.171	231.1
2020-04-24T21:31	84.03788	15.78691	0.165	229.6
2020-04-24T21:41	84.03759	15.78351	0.165	230.4
2020-04-24T21:51	84.03729	15.78009	0.166	230.3
2020-04-24T22:01	84.03700	15.77679	0.164	229.0
2020-04-24T22:11	84.03670	15.77352	0.163	228.6
2020-04-24T22:21	84.03639	15.77017	0.166	229.1
2020-04-24T22:31	84.03609	15.76684	0.165	228.9
2020-04-24T22:41	84.03578	15.76350	0.168	228.1
2020-04-24T22:51	84.03547	15.76022	0.167	227.5
2020-04-24T23:01	84.03516	15.75697	0.165	227.4
2020-04-24T23:11	84.03485	15.75378	0.162	227.5
2020-04-24T23:21	84.03455	15.75053	0.164	227.7
2020-04-24T23:31	84.03424	15.74739	0.161	226.9
2020-04-24T23:41	84.03394	15.74419	0.162	227.8
2020-04-24T23:51	84.03364	15.74104	0.160	227.5
2020-04-25T00:01	84.03334	15.73790	0.158	227.8
2020-04-25T00:11	84.03305	15.73482	0.157	227.5
2020-04-25T00:21	84.03276	15.73164	0.158	228.8
2020-04-25T00:31	84.03248	15.72847	0.156	229.5
2020-04-25T00:41	84.03220	15.72535	0.155	228.9
2020-04-25T00:51	84.03191	15.72232	0.153	228.1
2020-04-25T01:01	84.03163	15.71937	0.150	227.2
2020-04-25T01:11	84.03135	15.71652	0.146	227.0
2020-04-25T01:21	84.03108	15.71369	0.145	227.0
2020-04-25T01:31	84.03081	15.71094	0.141	227.0
2020-04-25T01:41	84.03056	15.70823	0.136	228.2
2020-04-25T01:51	84.03031	15.70559	0.134	227.5
2020-04-25T02:01	84.03007	15.70301	0.130	228.2
2020-04-25T02:11	84.02983	15.70059	0.126	225.9
2020-04-25T02:21	84.02958	15.69818	0.126	225.9
2020-04-25T02:31	84.02934	15.69590	0.122	224.5
2020-04-25T02:41	84.02909	15.69371	0.123	221.9
2020-04-25T02:51	84.02884	15.69169	0.117	220.4
2020-04-25T03:01	84.02860	15.68963	0.117	221.3
2020-04-25T03:11	84.02835	15.68778	0.114	217.5
2020-04-25T03:21	84.02808	15.68597	0.118	215.1
2020-04-25T03:31	84.02779	15.68423	0.121	212.7
2020-04-25T03:41	84.02750	15.68255	0.122	211.0
2020-04-25T03:51	84.02721	15.68096	0.121	209.5
2020-04-25T04:01	84.02691	15.67942	0.123	207.9
2020-04-25T04:11	84.02660	15.67801	0.122	205.6
2020-04-25T04:21	84.02630	15.67663	0.122	205.1
2020-04-25T04:31	84.02598	15.67527	0.124	204.3
2020-04-25T04:41	84.02567	15.67384	0.126	205.3
2020-04-25T04:51	84.02534	15.67253	0.127	202.7
2020-04-25T05:01	84.02500	15.67118	0.135	202.2
2020-04-25T05:11	84.02465	15.66977	0.136	202.8
2020-04-25T05:21	84.02430	15.66834	0.138	203.0
2020-04-25T05:31	84.02394	15.66684	0.140	203.7
2020-04-25T05:41	84.02358	15.66530	0.143	203.8
2020-04-25T05:51	84.02320	15.66389	0.145	201.3
2020-04-25T06:01	84.02280	15.66233	0.156	202.0
2020-04-25T06:11	84.02238	15.66077	0.163	201.1
2020-04-25T06:21	84.02195	15.65917	0.165	201.2
2020-04-25T06:31	84.02152	15.65752	0.168	201.7
2020-04-25T06:41	84.02107	15.65584	0.174	201.2
2020-04-25T06:51	84.02059	15.65417	0.181	200.1
2020-04-25T07:01	84.02011	15.65246	0.187	200.2
2020-04-25T07:11	84.01960	15.65075	0.193	199.4
2020-04-25T07:21	84.01908	15.64895	0.199	199.9
2020-04-25T07:31	84.01853	15.64713	0.208	199.1
2020-04-25T07:41	84.01798	15.64521	0.213	199.8
2020-04-25T07:51	84.01741	15.64317	0.219	200.4
2020-04-25T08:01	84.01683	15.64110	0.221	200.5
2020-04-25T08:11	84.01622	15.63911	0.231	198.8
2020-04-25T08:21	84.01560	15.63731	0.236	196.7
2020-04-25T08:31	84.01495	15.63521	0.244	198.9
2020-04-25T08:41	84.01432	15.63300	0.242	200.1
2020-04-25T08:51	84.01367	15.63066	0.252	200.3
2020-04-25T09:01	84.01300	15.62819	0.258	201.1
2020-04-25T09:11	84.01232	15.62574	0.261	200.7
2020-04-25T09:21	84.01164	15.62348	0.260	199.1
2020-04-25T09:31	84.01095	15.62113	0.264	199.5
2020-04-25T09:41	84.01027	15.61886	0.259	199.1
2020-04-25T09:51	84.00956	15.61673	0.268	197.4
2020-04-25T10:01	84.00885	15.61448	0.270	198.2
2020-04-25T10:11	84.00814	15.61210	0.270	199.4
2020-04-25T10:21	84.00743	15.60957	0.273	200.4
2020-04-25T10:31	84.00670	15.60713	0.278	199.3
2020-04-25T10:41	84.00598	15.60448	0.279	201.0
2020-04-25T10:51	84.00525	15.60186	0.278	200.6
2020-04-25T11:01	84.00454	15.59953	0.273	198.8
2020-04-25T11:11	84.00381	15.59741	0.274	196.9
2020-04-25T11:21	84.00309	15.59531	0.269	197.1
2020-04-25T11:31	84.00238	15.59345	0.266	195.3
2020-04-25T11:41	84.00166	15.59165	0.268	194.7
2020-04-25T11:51	84.00094	15.59017	0.265	192.1
2020-04-25T12:01	84.00022	15.58908	0.263	189.0
2020-04-25T12:11	83.99951	15.58778	0.262	190.7
2020-04-25T12:21	83.99879	15.58620	0.263	193.0
2020-04-25T12:31	83.99808	15.58475	0.262	192.1
2020-04-25T12:41	83.99737	15.58368	0.262	188.9
2020-04-25T12:51	83.99665	15.58254	0.261	189.4
2020-04-25T13:01	83.99592	15.58133	0.266	189.9
2020-04-25T13:11	83.99520	15.58013	0.264	189.9
2020-04-25T13:21	83.99448	15.57905	0.265	188.8
2020-04-25T13:31	83.99376	15.57802	0.259	188.6
2020-04-25T13:41	83.99305	15.57715	0.260	187.2
2020-04-25T13:51	83.99235	15.57640	0.254	186.4
2020-04-25T14:01	83.99166	15.57574	0.250	185.7
2020-04-25T14:11	83.99097	15.57511	0.248	185.5
2020-04-25T14:21	83.99030	15.57463	0.242	184.3
2020-04-25T14:31	83.98964	15.57426	0.240	183.3
2020-04-25T14:41	83.98897	15.57389	0.239	183.4
2020-04-25T14:51	83.98832	15.57355	0.236	183.1
2020-04-25T15:01	83.98767	15.57323	0.233	183.0
2020-04-25T15:11	83.98703	15.57289	0.231	183.2
2020-04-25T15:21	83.98640	15.57257	0.229	183.0
2020-04-25T15:31	83.98576	15.57227	0.229	182.8
2020-04-25T15:41	83.98513	15.57199	0.227	182.6
2020-04-25T15:51	83.98450	15.57178	0.227	182.0
2020-04-25T16:01	83.98387	15.57156	0.227	182.1
2020-04-25T16:11	83.98325	15.57132	0.225	182.3
2020-04-25T16:21	83.98264	15.57105	0.221	182.7
2020-04-25T16:31	83.98202	15.57078	0.222	182.7
2020-04-25T16:41	83.98141	15.57052	0.219	182.6
2020-04-25T16:51	83.98082	15.57007	0.216	184.5
2020-04-25T17:01	83.98022	15.56971	0.214	183.6
2020-04-25T17:11	83.97963	15.56925	0.215	184.6
2020-04-25T17:21	83.97904	15.56872	0.214	185.4
2020-04-25T17:31	83.97846	15.56817	0.209	185.8
2020-04-25T17:41	83.97789	15.56752	0.206	186.8
2020-04-25T17:51	83.97733	15.56684	0.204	187.2
2020-04-25T18:01	83.97676	15.56608	0.205	188.0
2020-04-25T18:11	83.97621	15.56539	0.202	187.4
2020-04-25T18:21	83.97565	15.56450	0.202	189.6
2020-04-25T18:31	83.97510	15.56362	0.202	189.4
2020-04-25T18:41	83.97455	15.56275	0.203	189.3
2020-04-25T18:51	83.97399	15.56182	0.204	190.0
2020-04-25T19:01	83.97344	15.56084	0.203	190.5
2020-04-25T19:11	83.97287	15.55988	0.206	190.2
2020-04-25T19:21	83.97231	15.55889	0.207	190.3
2020-04-25T19:31	83.97173	15.55784	0.210	190.9
2020-04-25T19:41	83.97117	15.55662	0.209	192.8
2020-04-25T19:51	83.97059	15.55538	0.211	192.8
2020-04-25T20:01	83.97001	15.55403	0.217	193.6
2020-04-25T20:11	83.96943	15.55258	0.214	194.8
2020-04-25T20:21	83.96885	15.55105	0.218	195.4
2020-04-25T20:31	83.96827	15.54947	0.218	195.9
2020-04-25T20:41	83.96768	15.54785	0.222	196.1
2020-04-25T20:51	83.96708	15.54617	0.223	196.5
2020-04-25T21:01	83.96648	15.54441	0.226	197.1
2020-04-25T21:11	83.96589	15.54267	0.223	197.2
2020-04-25T21:21	83.96527	15.54092	0.231	196.6
2020-04-25T21:31	83.96467	15.53913	0.228	197.4
2020-04-25T21:41	83.96408	15.53727	0.224	198.3
2020-04-25T21:51	83.96348	15.53537	0.226	198.5
2020-04-25T22:01	83.96288	15.53347	0.227	198.5
2020-04-25T22:11	83.96229	15.53153	0.225	199.1
2020-04-25T22:21	83.96171	15.52954	0.223	199.7
2020-04-25T22:31	83.96114	15.52762	0.218	199.4
2020-04-25T22:41	83.96057	15.52570	0.217	199.6
2020-04-25T22:51	83.96001	15.52375	0.216	200.1
2020-04-25T23:01	83.95945	15.52185	0.215	199.5
2020-04-25T23:11	83.95890	15.52001	0.210	199.4
2020-04-25T23:21	83.95835	15.51822	0.208	199.1
2020-04-25T23:31	83.95783	15.51664	0.198	197.6
2020-04-25T23:41	83.95730	15.51514	0.198	196.7
2020-04-25T23:51	83.95679	15.51357	0.194	197.8
2020-04-26T00:01	83.95628	15.51214	0.192	196.4
2020-04-26T00:11	83.95577	15.51080	0.189	195.5
2020-04-26T00:21	83.95529	15.50964	0.180	194.2
2020-04-26T00:31	83.95483	15.50869	0.170	192.2
2020-04-26T00:41	83.95438	15.50786	0.162	191.3
2020-04-26T00:51	83.95394	15.50711	0.161	190.2
2020-04-26T01:01	83.95350	15.50650	0.162	188.1
2020-04-26T01:11	83.95305	15.50578	0.163	189.7
2020-04-26T01:21	83.95261	15.50516	0.159	188.5
2020-04-26T01:31	83.95218	15.50445	0.160	189.8
2020-04-26T01:41	83.95175	15.50374	0.157	189.8
2020-04-26T01:51	83.95133	15.50335	0.148	185.7
2020-04-26T02:01	83.95094	15.50327	0.143	181.2
2020-04-26T02:11	83.95055	15.50330	0.138	179.5
2020-04-26T02:21	83.95016	15.50362	0.143	175.2
2020-04-26T02:31	83.94977	15.50402	0.140	173.7
2020-04-26T02:41	83.94942	15.50476	0.132	167.7
2020-04-26T02:51	83.94903	15.50547	0.143	169.1
2020-04-26T03:01	83.94863	15.50582	0.142	174.7
2020-04-26T03:11	83.94826	15.50629	0.136	172.4
2020-04-26T03:21	83.94787	15.50680	0.141	172.3
2020-04-26T03:31	83.94748	15.50741	0.142	170.5
2020-04-26T03:41	83.94710	15.50802	0.140	170.5
2020-04-26T03:51	83.94673	15.50862	0.134	170.2
2020-04-26T04:01	83.94634	15.50904	0.140	173.4
2020-04-26T04:11	83.94596	15.50938	0.139	174.6
2020-04-26T04:21	83.94554	15.50991	0.152	172.4
2020-04-26T04:31	83.94517	15.51085	0.138	165.1
2020-04-26T04:41	83.94480	15.51181	0.137	164.4
2020-04-26T04:51	83.94443	15.51261	0.137	167.3
2020-04-26T05:01	83.94403	15.51323	0.147	170.6
2020-04-26T05:11	83.94361	15.51369	0.150	173.3
2020-04-26T05:21	83.94315	15.51387	0.166	177.7
2020-04-26T05:31	83.94271	15.51428	0.159	174.4
2020-04-26T05:41	83.94230	15.51477	0.150	172.8
2020-04-26T05:51	83.94189	15.51521	0.149	173.6
2020-04-26T06:01	83.94149	15.51545	0.144	176.3
2020-04-26T06:11	83.94112	15.51590	0.133	172.6
2020-04-26T06:21	83.94080	15.51641	0.117	170.5
2020-04-26T06:31	83.94050	15.51696	0.111	169.0
2020-04-26T06:41	83.94018	15.51733	0.117	173.1
2020-04-26T06:51	83.93984	15.51793	0.125	169.5
2020-04-26T07:01	83.93946	15.51849	0.137	170.9
2020-04-26T07:11	83.93909	15.51894	0.137	172.8
2020-04-26T07:21	83.93867	15.51924	0.149	175.6
2020-04-26T07:31	83.93823	15.51911	0.160	181.8
2020-04-26T07:41	83.93778	15.51910	0.161	180.1
2020-04-26T07:51	83.93734	15.51899	0.157	181.6
2020-04-26T08:01	83.93691	15.51876	0.158	183.2
2020-04-26T08:11	83.93647	15.51848	0.157	183.9
2020-04-26T08:21	83.93604	15.51834	0.154	182.0
2020-04-26T08:31	83.93564	15.51821	0.144	182.0
2020-04-26T08:41	83.93522	15.51810	0.152	181.4
2020-04-26T08:51	83.93480	15.51782	0.152	184.1
2020-04-26T09:01	83.93437	15.51758	0.157	183.4
2020-04-26T09:11	83.93392	15.51727	0.162	184.3
2020-04-26T09:21	83.93346	15.51697	0.166	183.9
2020-04-26T09:31	83.93300	15.51653	0.166	185.8
2020-04-26T09:41	83.93253	15.51611	0.169	185.4
2020-04-26T09:51	83.93206	15.51557	0.170	187.0
2020-04-26T10:01	83.93159	15.51501	0.171	187.1
2020-04-26T10:11	83.93112	15.51442	0.172	187.5
2020-04-26T10:21	83.93065	15.51385	0.170	187.3
2020-04-26T10:31	83.93017	15.51321	0.173	188.1
2020-04-26T10:41	83.92971	15.51257	0.171	188.2
2020-04-26T10:51	83.92923	15.51190	0.172	188.5
2020-04-26T11:01	83.92876	15.51128	0.172	187.9
2020-04-26T11:11	83.92830	15.51064	0.169	188.4
2020-04-26T11:21	83.92784	15.51004	0.165	187.9
2020-04-26T11:31	83.92738	15.50947	0.168	187.5
2020-04-26T11:41	83.92693	15.50890	0.164	187.6
2020-04-26T11:51	83.92648	15.50841	0.162	186.6
2020-04-26T12:01	83.92605	15.50797	0.158	186.0
2020-04-26T12:11	83.92562	15.50752	0.155	186.3
2020-04-26T12:21	83.92519	15.50714	0.154	185.5
2020-04-26T12:31	83.92477	15.50681	0.151	184.7
2020-04-26T12:41	83.92437	15.50654	0.144	184.2
2020-04-26T12:51	83.92398	15.50636	0.142	182.8
2020-04-26T13:01	83.92360	15.50632	0.138	180.5
2020-04-26T13:11	83.92322	15.50626	0.134	181.0
2020-04-26T13:21	83.92287	15.50630	0.127	179.2
2020-04-26T13:31	83.92253	15.50640	0.122	178.3
2020-04-26T13:41	83.92220	15.50658	0.120	176.7
2020-04-26T13:51	83.92188	15.50680	0.116	175.7
2020-04-26T14:01	83.92156	15.50709	0.114	174.6
2020-04-26T14:11	83.92126	15.50747	0.112	172.5
2020-04-26T14:21	83.92096	15.50791	0.108	170.9
2020-04-26T14:31	83.92068	15.50841	0.101	169.3
2020-04-26T14:41	83.92042	15.50897	0.097	167.3
2020-04-26T14:51	83.92016	15.50958	0.095	165.9
2020-04-26T15:01	83.91992	15.51022	0.092	164.4
2020-04-26T15:11	83.91968	15.51091	0.090	163.0
2020-04-26T15:21	83.91945	15.51164	0.087	161.2
2020-04-26T15:31	83.91924	15.51238	0.082	159.8
2020-04-26T15:41	83.91904	15.51310	0.078	159.6
2020-04-26T15:51	83.91884	15.51393	0.078	156.1
2020-04-26T16:01	83.91865	15.51479	0.075	154.0
2020-04-26T16:11	83.91848	15.51569	0.070	150.6
2020-04-26T16:21	83.91832	15.51661	0.067	148.3
2020-04-26T16:31	83.91817	15.51755	0.066	146.9
2020-04-26T16:41	83.91803	15.51844	0.062	146.8
2020-04-26T16:51	83.91789	15.51931	0.060	146.6
2020-04-26T17:01	83.91776	15.52019	0.056	143.3
2020-04-26T17:11	83.91763	15.52105	0.058	145.6
2020-04-26T17:21	83.91750	15.52190	0.058	145.8
2020-04-26T17:31	83.91738	15.52270	0.053	144.5
2020-04-26T17:41	83.91726	15.52352	0.052	143.4
2020-04-26T17:51	83.91715	15.52436	0.051	141.3
2020-04-26T18:01	83.91704	15.52529	0.053	137.8
2020-04-26T18:11	83.91695	15.52621	0.049	133.9
2020-04-26T18:21	83.91686	15.52686	0.039	141.0
2020-04-26T18:31	83.91676	15.52756	0.045	143.9
2020-04-26T18:41	83.91665	15.52822	0.047	147.6
2020-04-26T18:51	83.91653	15.52889	0.048	148.1
2020-04-26T19:01	83.91643	15.52960	0.047	144.8
2020-04-26T19:11	83.91632	15.53045	0.051	140.9
2020-04-26T19:21	83.91623	15.53107	0.040	143.8
2020-04-26T19:31	83.91615	15.53168	0.037	140.9
2020-04-26T19:41	83.91605	15.53232	0.043	144.7
2020-04-26T19:51	83.91597	15.53286	0.035	144.3
2020-04-26T20:01	83.91588	15.53335	0.038	150.5
2020-04-26T20:11	83.91578	15.53382	0.040	152.7
2020-04-26T20:21	83.91567	15.53428	0.043	156.2
2020-04-26T20:31	83.91559	15.53464	0.032	154.8
2020-04-26T20:41	83.91548	15.53503	0.042	159.7
2020-04-26T20:51	83.91536	15.53540	0.044	161.3
2020-04-26T21:01	83.91525	15.53568	0.041	165.0
2020-04-26T21:11	83.91513	15.53601	0.046	164.2
2020-04-26T21:21	83.91500	15.53631	0.047	165.7
2020-04-26T21:31	83.91490	15.53644	0.040	172.8
2020-04-26T21:41	83.91477	15.53658	0.046	173.6
2020-04-26T21:51	83.91465	15.53672	0.042	172.6
2020-04-26T22:01	83.91453	15.53683	0.043	174.6
2020-04-26T22:11	83.91442	15.53686	0.041	178.2
2020-04-26T22:21	83.91432	15.53695	0.037	174.7
2020-04-26T22:31	83.91422	15.53701	0.036	176.1
2020-04-26T22:41	83.91412	15.53708	0.035	175.7
2020-04-26T22:51	83.91403	15.53720	0.032	171.6
2020-04-26T23:01	83.91395	15.53737	0.030	167.4
2020-04-26T23:11	83.91388	15.53754	0.026	166.0
2020-04-26T23:21	83.91382	15.53779	0.026	158.4
2020-04-26T23:31	83.91376	15.53806	0.022	151.6
2020-04-26T23:41	83.91371	15.53852	0.027	138.2
2020-04-26T23:51	83.91367	15.53915	0.028	122.6
2020-04-27T00:01	83.91362	15.53959	0.024	135.9
2020-04-27T00:11	83.91359	15.54001	0.018	118.9
2020-04-27T00:21	83.91355	15.54027	0.020	149.4
2020-04-27T00:31	83.91352	15.54058	0.016	132.6
2020-04-27T00:41	83.91347	15.54093	0.020	138.2
2020-04-27T00:51	83.91343	15.54162	0.031	121.3
2020-04-27T01:01	83.91341	15.54219	0.023	110.7
2020-04-27T01:11	83.91339	15.54285	0.026	103.5
2020-04-27T01:21	83.91337	15.54358	0.029	101.8
2020-04-27T01:31	83.91337	15.54440	0.031	93.4
2020-04-27T01:41	83.91338	15.54539	0.038	83.4
2020-04-27T01:51	83.91341	15.54668	0.050	77.3
2020-04-27T02:01	83.91345	15.54792	0.049	74.8
2020-04-27T02:11	83.91351	15.54974	0.074	70.7
2020-04-27T02:21	83.91362	15.55188	0.090	65.0
2020-04-27T02:31	83.91377	15.55420	0.104	58.2
2020-04-27T02:41	83.91396	15.55690	0.123	56.6
2020-04-27T02:51	83.91416	15.55921	0.113	51.6
2020-04-27T03:01	83.91437	15.56127	0.111	45.4
2020-04-27T03:11	83.91461	15.56333	0.117	42.1
2020-04-27T03:21	83.91487	15.56571	0.129	44.8
2020-04-27T03:31	83.91512	15.56816	0.130	46.2
2020-04-27T03:41	83.91535	15.57026	0.115	44.1
2020-04-27T03:51	83.91564	15.57251	0.137	38.7
2020-04-27T04:01	83.91595	15.57504	0.147	41.2
2020-04-27T04:11	83.91626	15.57739	0.143	38.8
2020-04-27T04:21	83.91658	15.57991	0.150	39.6
2020-04-27T04:31	83.91686	15.58230	0.136	42.1
2020-04-27T04:41	83.91720	15.58481	0.154	38.3
2020-04-27T04:51	83.91754	15.58718	0.153	36.3
2020-04-27T05:01	83.91788	15.58970	0.156	38.0
2020-04-27T05:11	83.91819	15.59221	0.147	40.7
2020-04-27T05:21	83.91843	15.59449	0.123	44.9
2020-04-27T05:31	83.91869	15.59678	0.126	43.8
2020-04-27T05:41	83.91906	15.59926	0.163	35.6
2020-04-27T05:51	83.91942	15.60162	0.159	34.3
2020-04-27T06:01	83.91980	15.60409	0.165	34.9
2020-04-27T06:11	83.92017	15.60649	0.162	34.4
2020-04-27T06:21	83.92054	15.60886	0.163	33.6
2020-04-27T06:31	83.92090	15.61102	0.152	32.9
2020-04-27T06:41	83.92128	15.61336	0.165	32.7
2020-04-27T06:51	83.92167	15.61561	0.163	31.8
2020-04-27T07:01	83.92206	15.61783	0.164	31.2
2020-04-27T07:11	83.92244	15.61992	0.159	30.0
2020-04-27T07:21	83.92281	15.62185	0.152	29.0
2020-04-27T07:31	83.92319	15.62371	0.154	27.5
2020-04-27T07:41	83.92357	15.62543	0.151	25.7
2020-04-27T07:51	83.92394	15.62696	0.146	23.4
2020-04-27T08:01	83.92431	15.62821	0.143	19.6
2020-04-27T08:11	83.92470	15.62968	0.149	22.1
2020-04-27T08:21	83.92508	15.63070	0.145	15.6
2020-04-27T08:31	83.92546	15.63180	0.141	17.2
2020-04-27T08:41	83.92583	15.63261	0.139	13.0
2020-04-27T08:51	83.92617	15.63310	0.124	8.6
2020-04-27T09:01	83.92653	15.63361	0.130	8.6
2020-04-27T09:11	83.92690	15.63422	0.137	9.8
2020-04-27T09:21	83.92729	15.63457	0.140	5.5
2020-04-27T09:31	83.92766	15.63466	0.132	1.4
2020-04-27T09:41	83.92799	15.63469	0.119	0.6
2020-04-27T09:51	83.92832	15.63451	0.120	356.6
2020-04-27T10:01	83.92868	15.63422	0.127	355.1
2020-04-27T10:11	83.92904	15.63402	0.131	356.5
2020-04-27T10:21	83.92939	15.63375	0.128	355.5
2020-04-27T10:31	83.92977	15.63336	0.136	353.7
2020-04-27T10:41	83.93015	15.63289	0.140	352.7
2020-04-27T10:51	83.93054	15.63244	0.140	353.0
2020-04-27T11:01	83.93093	15.63206	0.140	354.0
2020-04-27T11:11	83.93133	15.63234	0.145	4.2
2020-04-27T11:21	83.93174	15.63234	0.150	360.0
2020-04-27T11:31	83.93217	15.63239	0.155	0.7
2020-04-27T11:41	83.93263	15.63281	0.165	5.6
2020-04-27T11:51	83.93310	15.63345	0.170	8.3
2020-04-27T12:01	83.93358	15.63435	0.176	11.2
2020-04-27T12:11	83.93408	15.63555	0.189	14.0
2020-04-27T12:21	83.93458	15.63679	0.184	14.9
2020-04-27T12:31	83.93509	15.63844	0.195	18.8
2020-04-27T12:41	83.93556	15.63990	0.177	18.2
2020-04-27T12:51	83.93601	15.64152	0.174	20.7
2020-04-27T13:01	83.93647	15.64309	0.177	19.8
2020-04-27T13:11	83.93696	15.64520	0.193	24.5
2020-04-27T13:21	83.93753	15.64694	0.214	18.0
2020-04-27T13:31	83.93815	15.64899	0.237	19.2
2020-04-27T13:41	83.93878	15.65101	0.240	18.7
2020-04-27T13:51	83.93942	15.65315	0.244	19.4
2020-04-27T14:01	83.94007	15.65543	0.248	20.5
2020-04-27T14:11	83.94072	15.65768	0.249	20.1
2020-04-27T14:21	83.94137	15.66016	0.253	21.8
2020-04-27T14:31	83.94201	15.66253	0.249	21.3
2020-04-27T14:41	83.94267	15.66534	0.261	24.1
2020-04-27T14:51	83.94337	15.66833	0.276	24.3
2020-04-27T15:01	83.94407	15.67184	0.283	28.1
2020-04-27T15:11	83.94475	15.67548	0.282	29.3
2020-04-27T15:21	83.94544	15.67912	0.283	29.2
2020-04-27T15:31	83.94615	15.68335	0.303	32.0
2020-04-27T15:41	83.94688	15.68758	0.306	31.6
2020-04-27T15:51	83.94762	15.69177	0.310	30.9
2020-04-27T16:01	83.94837	15.69597	0.314	30.5
2020-04-27T16:11	83.94913	15.70069	0.326	33.3
2020-04-27T16:21	83.94991	15.70538	0.333	32.3
2020-04-27T16:31	83.95067	15.70974	0.320	31.2
2020-04-27T16:41	83.95143	15.71416	0.321	31.4
2020-04-27T16:51	83.95207	15.71761	0.265	29.6
2020-04-27T17:01	83.95271	15.72080	0.262	27.5
2020-04-27T17:11	83.95339	15.72445	0.280	29.6
2020-04-27T17:21	83.95412	15.72854	0.304	30.7
2020-04-27T17:31	83.95482	15.73227	0.289	29.3
2020-04-27T17:41	83.95552	15.73627	0.293	31.1
2020-04-27T17:51	83.95621	15.74025	0.291	31.2
2020-04-27T18:01	83.95689	15.74410	0.287	30.7
2020-04-27T18:11	83.95756	15.74797	0.281	31.3
2020-04-27T18:21	83.95822	15.75147	0.274	29.1
2020-04-27T18:31	83.95889	15.75511	0.278	29.7
2020-04-27T18:41	83.95958	15.75868	0.281	28.7
2020-04-27T18:51	83.96027	15.76232	0.284	29.0
2020-04-27T19:01	83.96097	15.76599	0.289	28.7
2020-04-27T19:11	83.96170	15.76977	0.299	28.6
2020-04-27T19:21	83.96248	15.77416	0.325	30.8
2020-04-27T19:31	83.96330	15.77857	0.340	29.4
2020-04-27T19:41	83.96414	15.78303	0.346	29.3
2020-04-27T19:51	83.96496	15.78766	0.344	30.6
2020-04-27T20:01	83.96580	15.79215	0.348	29.3
2020-04-27T20:11	83.96664	15.79672	0.347	29.9
2020-04-27T20:21	83.96747	15.80137	0.345	30.6
2020-04-27T20:31	83.96829	15.80604	0.345	30.9
2020-04-27T20:41	83.96910	15.81086	0.344	32.0
2020-04-27T20:51	83.96991	15.81560	0.343	31.5
2020-04-27T21:01	83.97072	15.82057	0.348	32.7
2020-04-27T21:11	83.97153	15.82598	0.357	35.0
2020-04-27T21:21	83.97233	15.83136	0.352	35.3
2020-04-27T21:31	83.97313	15.83705	0.357	37.0
2020-04-27T21:41	83.97392	15.84291	0.363	37.6
2020-04-27T21:51	83.97474	15.84875	0.367	37.0
2020-04-27T22:01	83.97554	15.85470	0.366	37.9
2020-04-27T22:11	83.97635	15.86063	0.368	37.6
2020-04-27T22:21	83.97714	15.86663	0.363	38.6
2020-04-27T22:31	83.97793	15.87262	0.364	38.4
2020-04-27T22:41	83.97873	15.87828	0.358	36.7
2020-04-27T22:51	83.97954	15.88373	0.358	35.2
2020-04-27T23:01	83.98032	15.88912	0.348	35.8
2020-04-27T23:11	83.98111	15.89437	0.346	35.0
2020-04-27T23:21	83.98193	15.90025	0.368	37.1
2020-04-27T23:31	83.98277	15.90674	0.390	38.9
2020-04-27T23:41	83.98360	15.91337	0.390	40.0
2020-04-27T23:51	83.98443	15.92015	0.392	40.7
2020-04-28T00:01	83.98524	15.92686	0.389	40.6
2020-04-28T00:11	83.98606	15.93360	0.390	40.8
2020-04-28T00:21	83.98689	15.94046	0.394	41.0
2020-04-28T00:31	83.98772	15.94745	0.398	41.4
2020-04-28T00:41	83.98855	15.95444	0.398	41.5
2020-04-28T00:51	83.98937	15.96163	0.403	42.3
2020-04-28T01:01	83.99021	15.96878	0.404	41.8
2020-04-28T01:11	83.99105	15.97602	0.407	42.1
2020-04-28T01:21	83.99188	15.98326	0.405	42.4
2020-04-28T01:31	83.99272	15.99045	0.405	41.9
2020-04-28T01:41	83.99358	15.99809	0.423	42.9
2020-04-28T01:51	83.99444	16.00586	0.428	43.2
2020-04-28T02:01	83.99531	16.01391	0.436	44.0
2020-04-28T02:11	83.99620	16.02168	0.433	42.5
2020-04-28T02:21	83.99708	16.02982	0.440	44.2
2020-04-28T02:31	83.99795	16.03780	0.435	43.7
2020-04-28T02:41	83.99879	16.04581	0.426	45.1
2020-04-28T02:51	83.99962	16.05411	0.434	46.1
2020-04-28T03:01	84.00044	16.06240	0.428	46.7
2020-04-28T03:11	84.00124	16.07072	0.427	47.1
2020-04-28T03:21	84.00205	16.07911	0.428	47.5
2020-04-28T03:31	84.00285	16.08742	0.425	47.3
2020-04-28T03:41	84.00364	16.09595	0.429	48.4
2020-04-28T03:51	84.00441	16.10460	0.427	49.6
2020-04-28T04:01	84.00517	16.11339	0.430	50.2
2020-04-28T04:11	84.00594	16.12210	0.429	49.8
2020-04-28T04:21	84.00669	16.13092	0.428	50.8
2020-04-28T04:31	84.00744	16.13966	0.426	50.5
2020-04-28T04:41	84.00820	16.14845	0.428	50.6
2020-04-28T04:51	84.00896	16.15714	0.425	50.1
2020-04-28T05:01	84.00969	16.16575	0.418	50.7
2020-04-28T05:11	84.01044	16.17426	0.417	50.0
2020-04-28T05:21	84.01118	16.18277	0.416	50.2
2020-04-28T05:31	84.01191	16.19129	0.416	50.3
2020-04-28T05:41	84.01266	16.19983	0.418	50.0
2020-04-28T05:51	84.01341	16.20837	0.418	50.1
2020-04-28T06:01	84.01414	16.21694	0.418	50.4
2020-04-28T06:11	84.01488	16.22558	0.418	50.8
2020-04-28T06:21	84.01561	16.23422	0.418	50.9
2020-04-28T06:31	84.01634	16.24285	0.417	51.0
2020-04-28T06:41	84.01708	16.25140	0.416	50.4
2020-04-28T06:51	84.01779	16.26004	0.413	51.8
2020-04-28T07:01	84.01850	16.26849	0.407	51.1
2020-04-28T07:11	84.01922	16.27686	0.408	50.4
2020-04-28T07:21	84.01995	16.28509	0.407	49.3
2020-04-28T07:31	84.02067	16.29330	0.402	50.0
2020-04-28T07:41	84.02141	16.30152	0.406	49.3
2020-04-28T07:51	84.02214	16.30971	0.403	49.5
2020-04-28T08:01	84.02283	16.31808	0.400	51.6
2020-04-28T08:11	84.02354	16.32618	0.398	49.7
2020-04-28T08:21	84.02425	16.33415	0.393	49.4
2020-04-28T08:31	84.02495	16.34208	0.388	49.9
2020-04-28T08:41	84.02563	16.35004	0.387	50.4
2020-04-28T08:51	84.02631	16.35804	0.386	51.0
2020-04-28T09:01	84.02697	16.36606	0.384	51.4
2020-04-28T09:11	84.02761	16.37443	0.388	53.9
2020-04-28T09:21	84.02819	16.38305	0.386	56.9
2020-04-28T09:31	84.02876	16.39167	0.382	57.6
2020-04-28T09:41	84.02935	16.39997	0.376	55.7
2020-04-28T09:51	84.02992	16.40826	0.372	56.5
2020-04-28T10:01	84.03050	16.41639	0.369	55.7
2020-04-28T10:11	84.03106	16.42451	0.365	56.3
2020-04-28T10:21	84.03160	16.43260	0.359	57.6
2020-04-28T10:31	84.03212	16.44068	0.356	58.1
2020-04-28T10:41	84.03263	16.44881	0.356	58.8
2020-04-28T10:51	84.03316	16.45672	0.351	57.4
2020-04-28T11:01	84.03369	16.46438	0.344	56.3
2020-04-28T11:11	84.03419	16.47215	0.342	58.2
2020-04-28T11:21	84.03467	16.47988	0.337	59.2
2020-04-28T11:31	84.03511	16.48794	0.341	62.1
2020-04-28T11:41	84.03553	16.49598	0.337	63.5
2020-04-28T11:51	84.03593	16.50402	0.335	64.1
2020-04-28T12:01	84.03635	16.51186	0.330	62.6
2020-04-28T12:11	84.03673	16.52013	0.338	66.4
2020-04-28T12:21	84.03707	16.52856	0.338	68.9
2020-04-28T12:31	84.03740	16.53694	0.336	69.0
2020-04-28T12:41	84.03775	16.54535	0.339	68.4
2020-04-28T12:51	84.03806	16.55374	0.333	70.3
2020-04-28T13:01	84.03835	16.56218	0.332	71.7
2020-04-28T13:11	84.03863	16.57045	0.326	71.6
2020-04-28T13:21	84.03890	16.57883	0.327	73.2
2020-04-28T13:31	84.03917	16.58721	0.329	72.4
2020-04-28T13:41	84.03944	16.59557	0.327	72.7
2020-04-28T13:51	84.03973	16.60399	0.331	72.0
2020-04-28T14:01	84.03999	16.61252	0.332	73.6
2020-04-28T14:11	84.04023	16.62087	0.324	74.2
2020-04-28T14:21	84.04044	16.62919	0.320	76.2
2020-04-28T14:31	84.04064	16.63749	0.318	77.5
2020-04-28T14:41	84.04081	16.64581	0.317	78.7
2020-04-28T14:51	84.04096	16.65420	0.319	79.8
2020-04-28T15:01	84.04111	16.66259	0.318	80.8
2020-04-28T15:11	84.04123	16.67102	0.319	81.6
2020-04-28T15:21	84.04136	16.67947	0.319	82.1
2020-04-28T15:31	84.04148	16.68794	0.320	81.8
2020-04-28T15:41	84.04160	16.69647	0.322	82.3
2020-04-28T15:51	84.04172	16.70505	0.323	82.6
2020-04-28T16:01	84.04182	16.71375	0.327	83.6
2020-04-28T16:11	84.04191	16.72249	0.328	84.1
2020-04-28T16:21	84.04198	16.73122	0.327	85.6
2020-04-28T16:31	84.04203	16.73998	0.328	86.5
2020-04-28T16:41	84.04207	16.74875	0.328	87.5
2020-04-28T16:51	84.04210	16.75757	0.330	88.3
2020-04-28T17:01	84.04211	16.76636	0.329	89.4
2020-04-28T17:11	84.04210	16.77516	0.329	90.6
2020-04-28T17:21	84.04207	16.78399	0.330	91.6
2020-04-28T17:31	84.04204	16.79283	0.331	92.1
2020-04-28T17:41	84.04200	16.80173	0.333	92.8
2020-04-28T17:51	84.04194	16.81069	0.336	93.5
2020-04-28T18:01	84.04187	16.81954	0.331	94.0
2020-04-28T18:11	84.04180	16.82822	0.325	94.4
2020-04-28T18:21	84.04173	16.83677	0.321	94.7
2020-04-28T18:31	84.04164	16.84534	0.322	95.5
2020-04-28T18:41	84.04155	16.85370	0.314	96.3
2020-04-28T18:51	84.04144	16.86192	0.309	97.1
2020-04-28T19:01	84.04133	16.87012	0.309	97.7
2020-04-28T19:11	84.04122	16.87821	0.305	97.1
2020-04-28T19:21	84.04111	16.88609	0.297	97.9
2020-04-28T19:31	84.04100	16.89381	0.292	98.1
2020-04-28T19:41	84.04089	16.90134	0.284	97.6
2020-04-28T19:51	84.04076	16.90874	0.281	99.7
2020-04-28T20:01	84.04063	16.91599	0.275	100.1
2020-04-28T20:11	84.04047	16.92293	0.265	102.1
2020-04-28T20:21	84.04032	16.92981	0.263	102.3
2020-04-28T20:31	84.04015	16.93649	0.257	103.4
2020-04-28T20:41	84.03998	16.94309	0.254	104.1
2020-04-28T20:51	84.03981	16.94966	0.253	104.2
2020-04-28T21:01	84.03962	16.95619	0.253	105.3
2020-04-28T21:11	84.03944	16.96237	0.240	105.9
2020-04-28T21:21	84.03924	16.96818	0.229	107.9
2020-04-28T21:31	84.03903	16.97389	0.226	109.2
2020-04-28T21:41	84.03883	16.97940	0.219	109.9
2020-04-28T21:51	84.03862	16.98457	0.208	111.3
2020-04-28T22:01	84.03839	16.98940	0.198	114.5
2020-04-28T22:11	84.03816	16.99419	0.197	114.4
2020-04-28T22:21	84.03794	16.99890	0.194	114.5
2020-04-28T22:31	84.03772	17.00337	0.185	115.6
2020-04-28T22:41	84.03750	17.00766	0.179	116.3
2020-04-28T22:51	84.03727	17.01183	0.176	117.8
2020-04-28T23:01	84.03704	17.01586	0.172	119.0
2020-04-28T23:11	84.03679	17.01984	0.173	120.3
2020-04-28T23:21	84.03656	17.02368	0.167	120.6
2020-04-28T23:31	84.03633	17.02741	0.162	120.8
2020-04-28T23:41	84.03610	17.03109	0.160	120.4
2020-04-28T23:51	84.03588	17.03475	0.159	120.5
2020-04-29T00:01	84.03566	17.03834	0.156	120.4
2020-04-29T00:11	84.03545	17.04178	0.149	120.0
2020-04-29T00:21	84.03525	17.04538	0.153	118.2
2020-04-29T00:31	84.03505	17.04908	0.156	117.4
2020-04-29T00:41	84.03485	17.05286	0.158	116.9
2020-04-29T00:51	84.03467	17.05673	0.160	115.1
2020-04-29T01:01	84.03448	17.06065	0.162	115.1
2020-04-29T01:11	84.03429	17.06459	0.162	114.9
2020-04-29T01:21	84.03409	17.06856	0.164	115.0
2020-04-29T01:31	84.03390	17.07258	0.165	114.4
2020-04-29T01:41	84.03371	17.07664	0.168	115.2
2020-04-29T01:51	84.03350	17.08052	0.163	117.2
2020-04-29T02:01	84.03329	17.08430	0.160	117.7
2020-04-29T02:11	84.03306	17.08815	0.167	120.3
2020-04-29T02:21	84.03283	17.09171	0.157	121.8
2020-04-29T02:31	84.03260	17.09521	0.155	122.3
2020-04-29T02:41	84.03236	17.09859	0.152	123.9
2020-04-29T02:51	84.03214	17.10178	0.144	123.7
2020-04-29T03:01	84.03195	17.10509	0.142	119.1
2020-04-29T03:11	84.03176	17.10860	0.149	118.1
2020-04-29T03:21	84.03155	17.11209	0.151	119.8
2020-04-29T03:31	84.03133	17.11565	0.154	120.1
2020-04-29T03:41	84.03112	17.11938	0.159	118.5
2020-04-29T03:51	84.03091	17.12321	0.162	117.9
2020-04-29T04:01	84.03068	17.12747	0.179	117.1
2020-04-29T04:11	84.03049	17.13154	0.167	114.2
2020-04-29T04:21	84.03029	17.13610	0.186	113.4
2020-04-29T04:31	84.03009	17.14087	0.193	111.9
2020-04-29T04:41	84.02988	17.14572	0.197	112.6
2020-04-29T04:51	84.02965	17.15073	0.205	113.9
2020-04-29T05:01	84.02943	17.15548	0.194	113.8
2020-04-29T05:11	84.02920	17.16025	0.197	114.7
2020-04-29T05:21	84.02896	17.16507	0.200	115.6
2020-04-29T05:31	84.02871	17.16987	0.201	116.4
2020-04-29T05:41	84.02846	17.17461	0.200	117.6
2020-04-29T05:51	84.02821	17.17910	0.190	117.5
2020-04-29T06:01	84.02797	17.18356	0.188	117.2
2020-04-29T06:11	84.02771	17.18764	0.180	122.0
2020-04-29T06:21	84.02745	17.19180	0.182	121.4
2020-04-29T06:31	84.02718	17.19604	0.185	120.7
2020-04-29T06:41	84.02690	17.20031	0.191	122.9
2020-04-29T06:51	84.02654	17.20425	0.194	130.6
2020-04-29T07:01	84.02618	17.20785	0.189	134.4
2020-04-29T07:11	84.02579	17.21135	0.190	136.5
2020-04-29T07:21	84.02539	17.21520	0.206	135.6
2020-04-29T07:31	84.02501	17.21891	0.195	134.5
2020-04-29T07:41	84.02462	17.22203	0.182	140.0
2020-04-29T07:51	84.02421	17.22500	0.185	142.8
2020-04-29T08:01	84.02380	17.22781	0.180	144.3
2020-04-29T08:11	84.02338	17.22931	0.161	159.6
2020-04-29T08:21	84.02292	17.23175	0.190	151.2
2020-04-29T08:31	84.02244	17.23435	0.198	150.6
2020-04-29T08:41	84.02194	17.23644	0.197	156.5
2020-04-29T08:51	84.02144	17.23822	0.191	159.6
2020-04-29T09:01	84.02092	17.23966	0.195	163.9
2020-04-29T09:11	84.02038	17.24097	0.199	165.8
2020-04-29T09:21	84.01982	17.24198	0.205	169.4
2020-04-29T09:31	84.01925	17.24283	0.209	171.2
2020-04-29T09:41	84.01865	17.24357	0.218	172.6
2020-04-29T09:51	84.01804	17.24408	0.220	175.0
2020-04-29T10:01	84.01743	17.24433	0.222	177.6
2020-04-29T10:11	84.01678	17.24449	0.232	178.5
2020-04-29T10:21	84.01613	17.24449	0.234	180.0
2020-04-29T10:31	84.01548	17.24436	0.237	181.2
2020-04-29T10:41	84.01480	17.24407	0.243	182.6
2020-04-29T10:51	84.01411	17.24369	0.247	183.3
2020-04-29T11:01	84.01342	17.24321	0.251	184.1
2020-04-29T11:11	84.01269	17.24275	0.262	183.8
2020-04-29T11:21	84.01196	17.24220	0.264	184.5
2020-04-29T11:31	84.01117	17.24190	0.284	182.3
2020-04-29T11:41	84.01036	17.24163	0.293	181.9
2020-04-29T11:51	84.00955	17.24131	0.293	182.4
2020-04-29T12:01	84.00871	17.24106	0.302	181.8
2020-04-29T12:11	84.00785	17.24060	0.309	183.3
2020-04-29T12:21	84.00699	17.23977	0.312	185.7
2020-04-29T12:31	84.00612	17.23870	0.314	187.4
2020-04-29T12:41	84.00527	17.23748	0.312	188.4
2020-04-29T12:51	84.00441	17.23625	0.314	188.5
2020-04-29T13:01	84.00355	17.23491	0.311	189.3
2020-04-29T13:11	84.00269	17.23337	0.315	190.6
2020-04-29T13:21	84.00183	17.23161	0.316	192.1
2020-04-29T13:31	84.00097	17.22976	0.318	192.6
2020-04-29T13:41	84.00012	17.22785	0.317	193.2
2020-04-29T13:51	83.99926	17.22589	0.316	193.5
2020-04-29T14:01	83.99842	17.22407	0.312	192.7
2020-04-29T14:11	83.99757	17.22227	0.312	192.6
2020-04-29T14:21	83.99673	17.22047	0.310	192.6
2020-04-29T14:31	83.99589	17.21884	0.310	191.4
2020-04-29T14:41	83.99504	17.21731	0.309	190.8
2020-04-29T14:51	83.99422	17.21588	0.303	190.2
2020-04-29T15:01	83.99340	17.21441	0.298	190.7
2020-04-29T15:11	83.99261	17.21297	0.290	190.8
2020-04-29T15:21	83.99184	17.21154	0.282	191.0
2020-04-29T15:31	83.99111	17.21024	0.269	190.5
2020-04-29T15:41	83.99040	17.20913	0.258	189.3
2020-04-29T15:51	83.98973	17.20839	0.244	186.6
2020-04-29T16:01	83.98906	17.20787	0.242	184.6
2020-04-29T16:11	83.98837	17.20766	0.246	181.9
2020-04-29T16:21	83.98768	17.20764	0.250	180.1
2020-04-29T16:31	83.98699	17.20788	0.247	177.9
2020-04-29T16:41	83.98632	17.20823	0.241	176.8
2020-04-29T16:51	83.98566	17.20876	0.239	175.2
2020-04-29T17:01	83.98499	17.20952	0.242	173.2
2020-04-29T17:11	83.98436	17.21035	0.231	172.3
2020-04-29T17:21	83.98370	17.21192	0.244	165.9
2020-04-29T17:31	83.98299	17.21391	0.265	163.6
2020-04-29T17:41	83.98228	17.21607	0.268	162.3
2020-04-29T17:51	83.98155	17.21849	0.279	160.9
2020-04-29T18:01	83.98083	17.22115	0.277	158.8
2020-04-29T18:11	83.98012	17.22367	0.273	159.6
2020-04-29T18:21	83.97939	17.22614	0.279	160.5
2020-04-29T18:31	83.97867	17.22853	0.274	160.7
2020-04-29T18:41	83.97797	17.23100	0.269	159.7
2020-04-29T18:51	83.97729	17.23353	0.263	158.7
2020-04-29T19:01	83.97663	17.23601	0.258	158.7
2020-04-29T19:11	83.97594	17.23836	0.264	160.3
2020-04-29T19:21	83.97524	17.24062	0.266	161.3
2020-04-29T19:31	83.97455	17.24286	0.261	161.0
2020-04-29T19:41	83.97389	17.24508	0.254	160.6
2020-04-29T19:51	83.97324	17.24729	0.247	160.3
2020-04-29T20:01	83.97260	17.24943	0.245	160.7
2020-04-29T20:11	83.97198	17.25143	0.234	161.1
2020-04-29T20:21	83.97140	17.25327	0.223	161.8
2020-04-29T20:31	83.97080	17.25511	0.228	162.1
2020-04-29T20:41	83.97023	17.25689	0.214	161.7
2020-04-29T20:51	83.96964	17.25886	0.225	160.7
2020-04-29T21:01	83.96906	17.26120	0.226	156.9
2020-04-29T21:11	83.96852	17.26335	0.213	157.5
2020-04-29T21:21	83.96798	17.26550	0.211	157.3
2020-04-29T21:31	83.96743	17.26773	0.212	156.6
2020-04-29T21:41	83.96690	17.26984	0.209	157.6
2020-04-29T21:51	83.96635	17.27219	0.216	155.8
2020-04-29T22:01	83.96578	17.27459	0.223	156.0
2020-04-29T22:11	83.96523	17.27697	0.218	155.6
2020-04-29T22:21	83.96467	17.27931	0.220	156.2
2020-04-29T22:31	83.96410	17.28158	0.223	157.3
2020-04-29T22:41	83.96351	17.28368	0.227	159.5
2020-04-29T22:51	83.96292	17.28572	0.226	160.0
2020-04-29T23:01	83.96233	17.28772	0.225	160.3
2020-04-29T23:11	83.96174	17.28983	0.228	159.5
2020-04-29T23:21	83.96117	17.29169	0.215	161.0
2020-04-29T23:31	83.96061	17.29344	0.213	161.8
2020-04-29T23:41	83.96005	17.29527	0.215	161.1
2020-04-29T23:51	83.95949	17.29699	0.211	162.1
2020-04-30T00:01	83.95894	17.29869	0.208	162.0
2020-04-30T00:11	83.95840	17.30033	0.203	162.2
2020-04-30T00:21	83.95787	17.30201	0.202	161.7
2020-04-30T00:31	83.95733	17.30373	0.204	161.3
2020-04-30T00:41	83.95682	17.30535	0.194	161.5
2020-04-30T00:51	83.95631	17.30702	0.196	161.2
2020-04-30T01:01	83.95580	17.30875	0.195	160.3
2020-04-30T01:11	83.95529	17.31054	0.194	159.6
2020-04-30T01:21	83.95480	17.31234	0.190	158.9
2020-04-30T01:31	83.95430	17.31414	0.191	159.1
2020-04-30T01:41	83.95381	17.31597	0.191	158.8
2020-04-30T01:51	83.95332	17.31779	0.188	158.5
2020-04-30T02:01	83.95284	17.31959	0.185	158.4
2020-04-30T02:11	83.95236	17.32145	0.187	157.8
2020-04-30T02:21	83.95190	17.32312	0.179	159.2
2020-04-30T02:31	83.95144	17.32476	0.175	159.3
2020-04-30T02:41	83.95099	17.32639	0.173	159.0
2020-04-30T02:51	83.95056	17.32797	0.167	159.0
2020-04-30T03:01	83.95014	17.32971	0.166	156.6
2020-04-30T03:11	83.94972	17.33157	0.167	154.9
2020-04-30T03:21	83.94931	17.33360	0.166	152.5
2020-04-30T03:31	83.94891	17.33577	0.166	150.3
2020-04-30T03:41	83.94851	17.33802	0.168	149.3
2020-04-30T03:51	83.94812	17.34038	0.166	147.4
2020-04-30T04:01	83.94775	17.34270	0.160	146.7
2020-04-30T04:11	83.94738	17.34510	0.162	145.6
2020-04-30T04:21	83.94702	17.34753	0.159	144.4
2020-04-30T04:31	83.94669	17.35010	0.154	140.9
2020-04-30T04:41	83.94638	17.35262	0.146	139.1
2020-04-30T04:51	83.94606	17.35526	0.152	138.8
2020-04-30T05:01	83.94577	17.35781	0.143	137.5
2020-04-30T05:11	83.94547	17.36047	0.147	136.5
2020-04-30T05:21	83.94519	17.36324	0.147	134.2
2020-04-30T05:31	83.94492	17.36609	0.146	132.1
2020-04-30T05:41	83.94463	17.36909	0.154	132.5
2020-04-30T05:51	83.94432	17.37211	0.159	133.5
2020-04-30T06:01	83.94403	17.37532	0.162	131.2
2020-04-30T06:11	83.94372	17.37868	0.168	130.8
2020-04-30T06:21	83.94342	17.38210	0.169	129.6
2020-04-30T06:31	83.94312	17.38559	0.171	129.0
2020-04-30T06:41	83.94282	17.38908	0.172	129.6
2020-04-30T06:51	83.94251	17.39260	0.174	129.8
2020-04-30T07:01	83.94221	17.39597	0.168	130.1
2020-04-30T07:11	83.94191	17.39938	0.169	129.8
2020-04-30T07:21	83.94160	17.40282	0.171	130.2
2020-04-30T07:31	83.94131	17.40614	0.165	130.1
2020-04-30T07:41	83.94100	17.40957	0.171	130.2
2020-04-30T07:51	83.94071	17.41293	0.165	129.3
2020-04-30T08:01	83.94042	17.41637	0.168	128.8
2020-04-30T08:11	83.94014	17.41973	0.163	128.5
2020-04-30T08:21	83.93984	17.42312	0.167	129.5
2020-04-30T08:31	83.93956	17.42653	0.166	128.5
2020-04-30T08:41	83.93925	17.43006	0.174	129.4
2020-04-30T08:51	83.93893	17.43346	0.174	131.9
2020-04-30T09:01	83.93859	17.43689	0.179	133.3
2020-04-30T09:11	83.93825	17.44034	0.178	132.3
2020-04-30T09:21	83.93793	17.44387	0.177	130.8
2020-04-30T09:31	83.93763	17.44722	0.167	130.4
2020-04-30T09:41	83.93733	17.45043	0.163	131.7
2020-04-30T09:51	83.93703	17.45365	0.164	131.7
2020-04-30T10:01	83.93672	17.45683	0.163	132.3
2020-04-30T10:11	83.93640	17.45992	0.164	134.3
2020-04-30T10:21	83.93610	17.46300	0.161	133.4
2020-04-30T10:31	83.93576	17.46594	0.164	136.9
2020-04-30T10:41	83.93543	17.46892	0.164	136.2
2020-04-30T10:51	83.93511	17.47191	0.164	136.1
2020-04-30T11:01	83.93477	17.47486	0.164	137.1
2020-04-30T11:11	83.93443	17.47769	0.163	138.5
2020-04-30T11:21	83.93409	17.48049	0.164	139.6
2020-04-30T11:31	83.93374	17.48316	0.162	140.9
2020-04-30T11:41	83.93340	17.48576	0.158	141.2
2020-04-30T11:51	83.93306	17.48829	0.156	141.7
2020-04-30T12:01	83.93272	17.49072	0.153	142.9
2020-04-30T12:11	83.93239	17.49304	0.148	143.2
2020-04-30T12:21	83.93205	17.49521	0.147	145.8
2020-04-30T12:31	83.93172	17.49728	0.143	146.7
2020-04-30T12:41	83.93138	17.49927	0.144	148.0
2020-04-30T12:51	83.93104	17.50114	0.142	150.1
2020-04-30T13:01	83.93071	17.50291	0.135	150.1
2020-04-30T13:11	83.93038	17.50463	0.137	151.4
2020-04-30T13:21	83.93006	17.50632	0.132	150.9
2020-04-30T13:31	83.92972	17.50792	0.135	153.1
2020-04-30T13:41	83.92939	17.50935	0.132	155.7
2020-04-30T13:51	83.92905	17.51067	0.131	157.5
2020-04-30T14:01	83.92873	17.51204	0.129	156.0
2020-04-30T14:11	83.92840	17.51341	0.127	155.8
2020-04-30T14:21	83.92808	17.51474	0.127	156.5
2020-04-30T14:31	83.92776	17.51613	0.127	155.3
2020-04-30T14:41	83.92744	17.51757	0.127	154.5
2020-04-30T14:51	83.92714	17.51897	0.122	154.0
2020-04-30T15:01	83.92683	17.52055	0.126	151.6
2020-04-30T15:11	83.92653	17.52214	0.124	150.8
2020-04-30T15:21	83.92623	17.52376	0.122	149.7
2020-04-30T15:31	83.92592	17.52557	0.132	148.5
2020-04-30T15:41	83.92564	17.52725	0.119	147.3
2020-04-30T15:51	83.92536	17.52905	0.123	146.0
2020-04-30T16:01	83.92509	17.53092	0.122	144.3
2020-04-30T16:11	83.92482	17.53285	0.122	142.9
2020-04-30T16:21	83.92456	17.53472	0.117	142.5
2020-04-30T16:31	83.92431	17.53675	0.117	138.9
2020-04-30T16:41	83.92409	17.53893	0.116	134.1
2020-04-30T16:51	83.92386	17.54116	0.119	134.3
2020-04-30T17:01	83.92362	17.54327	0.116	136.1
2020-04-30T17:11	83.92339	17.54547	0.120	135.6
2020-04-30T17:21	83.92315	17.54765	0.118	135.1
2020-04-30T17:31	83.92292	17.54988	0.119	134.5
2020-04-30T17:41	83.92271	17.55213	0.116	132.3
2020-04-30T17:51	83.92250	17.55468	0.122	127.2
2020-04-30T18:01	83.92232	17.55730	0.120	123.4
2020-04-30T18:11	83.92215	17.56017	0.124	118.3
2020-04-30T18:21	83.92199	17.56302	0.124	118.7
2020-04-30T18:31	83.92181	17.56582	0.124	120.4
2020-04-30T18:41	83.92163	17.56868	0.128	121.8
2020-04-30T18:51	83.92143	17.57155	0.130	122.7
2020-04-30T19:01	83.92123	17.57443	0.131	123.2
2020-04-30T19:11	83.92104	17.57726	0.129	123.3
2020-04-30T19:21	83.92083	17.58006	0.129	124.2
2020-04-30T19:31	83.92065	17.58266	0.119	123.5
2020-04-30T19:41	83.92046	17.58530	0.123	125.0
2020-04-30T19:51	83.92029	17.58780	0.111	121.4
2020-04-30T20:01	83.92011	17.59021	0.114	126.2
2020-04-30T20:11	83.91992	17.59247	0.109	128.1
2020-04-30T20:21	83.91975	17.59474	0.107	125.4
2020-04-30T20:31	83.91957	17.59695	0.107	127.8
2020-04-30T20:41	83.91938	17.59916	0.108	128.8
2020-04-30T20:51	83.91920	17.60120	0.102	129.8
2020-04-30T21:01	83.91901	17.60328	0.104	130.3
2020-04-30T21:11	83.91884	17.60516	0.094	130.4
2020-04-30T21:21	83.91867	17.60704	0.095	131.2
2020-04-30T21:31	83.91850	17.60887	0.092	130.4
2020-04-30T21:41	83.91833	17.61059	0.090	133.0
2020-04-30T21:51	83.91816	17.61226	0.088	133.9
2020-04-30T22:01	83.91800	17.61374	0.082	136.3
2020-04-30T22:11	83.91783	17.61517	0.081	137.3
2020-04-30T22:21	83.91767	17.61659	0.080	137.1
2020-04-30T22:31	83.91752	17.61793	0.075	137.2
2020-04-30T22:41	83.91737	17.61926	0.075	137.0
2020-04-30T22:51	83.91723	17.62051	0.069	136.8
2020-04-30T23:01	83.91708	17.62175	0.070	137.2
2020-04-30T23:11	83.91696	17.62287	0.063	137.2
2020-04-30T23:21	83.91683	17.62390	0.059	138.4
2020-04-30T23:31	83.91672	17.62491	0.058	138.0
2020-04-30T23:41	83.91660	17.62603	0.060	135.3
2020-04-30T23:51	83.91650	17.62690	0.049	136.6
2020-05-01T00:01	83.91639	17.62782	0.052	137.3
2020-05-01T00:11	83.91630	17.62866	0.047	136.6
2020-05-01T00:21	83.91620	17.62953	0.049	138.1
2020-05-01T00:31	83.91609	17.63038	0.050	139.2
2020-05-01T00:41	83.91600	17.63107	0.041	140.3
2020-05-01T00:51	83.91590	17.63177	0.045	143.5
2020-05-01T01:01	83.91581	17.63253	0.045	140.2
2020-05-01T01:11	83.91573	17.63328	0.040	134.2
2020-05-01T01:21	83.91566	17.63410	0.041	130.2
2020-05-01T01:31	83.91558	17.63477	0.037	135.5
2020-05-01T01:41	83.91553	17.63549	0.033	122.2
2020-05-01T01:51	83.91547	17.63632	0.040	127.6
2020-05-01T02:01	83.91542	17.63704	0.033	123.1
2020-05-01T02:11	83.91536	17.63770	0.032	126.9
2020-05-01T02:21	83.91531	17.63834	0.031	127.9
2020-05-01T02:31	83.91525	17.63913	0.037	124.3
2020-05-01T02:41	83.91522	17.63994	0.033	112.1
2020-05-01T02:51	83.91521	17.64088	0.036	96.5
2020-05-01T03:01	83.91520	17.64191	0.039	93.9
2020-05-01T03:11	83.91521	17.64285	0.036	86.3
2020-05-01T03:21	83.91522	17.64374	0.034	82.7
2020-05-01T03:31	83.91524	17.64475	0.039	81.7
2020-05-01T03:41	83.91524	17.64586	0.043	85.8
2020-05-01T03:51	83.91525	17.64683	0.037	84.9
2020-05-01T04:01	83.91528	17.64783	0.039	77.5
2020-05-01T04:11	83.91530	17.64893	0.043	77.6
2020-05-01T04:21	83.91533	17.65036	0.055	80.1
2020-05-01T04:31	83.91537	17.65131	0.040	65.7
2020-05-01T04:41	83.91540	17.65250	0.046	79.6
2020-05-01T04:51	83.91542	17.65370	0.047	80.2
2020-05-01T05:01	83.91545	17.65491	0.047	75.9
2020-05-01T05:11	83.91548	17.65611	0.047	78.3
2020-05-01T05:21	83.91551	17.65749	0.053	79.2
2020-05-01T05:31	83.91558	17.65894	0.061	64.8
2020-05-01T05:41	83.91569	17.66047	0.070	56.3
2020-05-01T05:51	83.91578	17.66180	0.061	56.6
2020-05-01T06:01	83.91583	17.66313	0.054	70.1
2020-05-01T06:11	83.91589	17.66443	0.055	64.8
2020-05-01T06:21	83.91600	17.66571	0.062	52.6
2020-05-01T06:31	83.91614	17.66751	0.086	52.6
2020-05-01T06:41	83.91631	17.66922	0.088	47.9
2020-05-01T06:51	83.91642	17.67061	0.066	53.1
2020-05-01T07:01	83.91650	17.67206	0.062	63.8
2020-05-01T07:11	83.91664	17.67390	0.086	54.2
2020-05-01T07:21	83.91678	17.67549	0.080	49.1
2020-05-01T07:31	83.91693	17.67719	0.083	51.3
2020-05-01T07:41	83.91706	17.67886	0.080	52.7
2020-05-01T07:51	83.91719	17.68042	0.075	53.0
2020-05-01T08:01	83.91731	17.68190	0.073	50.8
2020-05-01T08:11	83.91744	17.68333	0.072	49.8
2020-05-01T08:21	83.91756	17.68460	0.065	48.3
2020-05-01T08:31	83.91768	17.68579	0.061	47.4
2020-05-01T08:41	83.91779	17.68690	0.060	45.3
2020-05-01T08:51	83.91791	17.68789	0.056	42.2
2020-05-01T09:01	83.91804	17.68881	0.058	37.4
2020-05-01T09:11	83.91817	17.68967	0.059	33.8
2020-05-01T09:21	83.91831	17.69046	0.057	32.0
2020-05-01T09:31	83.91843	17.69112	0.052	29.0
2020-05-01T09:41	83.91856	17.69163	0.049	23.1
2020-05-01T09:51	83.91868	17.69198	0.047	17.0
2020-05-01T10:01	83.91880	17.69230	0.045	15.4
2020-05-01T10:11	83.91894	17.69238	0.048	3.7
2020-05-01T10:21	83.91908	17.69227	0.051	355.5
2020-05-01T10:31	83.91921	17.69210	0.048	352.0
2020-05-01T10:41	83.91932	17.69188	0.040	348.3
2020-05-01T10:51	83.91943	17.69144	0.044	337.3
2020-05-01T11:01	83.91954	17.69081	0.044	327.2
2020-05-01T11:11	83.91963	17.68987	0.048	312.6
2020-05-01T11:21	83.91972	17.68869	0.057	307.1
2020-05-01T11:31	83.91981	17.68745	0.058	305.3
2020-05-01T11:41	83.91992	17.68600	0.067	304.6
2020-05-01T11:51	83.92002	17.68438	0.071	299.5
2020-05-01T12:01	83.92010	17.68260	0.074	293.3
2020-05-01T12:11	83.92022	17.68063	0.086	299.3
2020-05-01T12:21	83.92035	17.67859	0.091	301.9
2020-05-01T12:31	83.92049	17.67657	0.093	303.8
2020-05-01T12:41	83.92063	17.67450	0.093	302.3
2020-05-01T12:51	83.92075	17.67236	0.092	297.4
2020-05-01T13:01	83.92087	17.67007	0.097	295.5
2020-05-01T13:11	83.92097	17.66769	0.098	292.5
2020-05-01T13:21	83.92104	17.66515	0.100	285.3
2020-05-01T13:31	83.92113	17.66270	0.099	288.4
2020-05-01T13:41	83.92124	17.66012	0.106	292.4
2020-05-01T13:51	83.92136	17.65731	0.115	291.4
2020-05-01T14:01	83.92146	17.65424	0.123	287.8
2020-05-01T14:11	83.92157	17.65127	0.119	288.6
2020-05-01T14:21	83.92169	17.64820	0.125	290.1
2020-05-01T14:31	83.92181	17.64518	0.122	290.1
2020-05-01T14:41	83.92192	17.64222	0.120	290.0
2020-05-01T14:51	83.92203	17.63935	0.116	289.5
2020-05-01T15:01	83.92212	17.63673	0.105	287.7
2020-05-01T15:11	83.92219	17.63433	0.095	286.2
2020-05-01T15:21	83.92227	17.63201	0.093	287.6
2020-05-01T15:31	83.92235	17.62981	0.089	289.0
2020-05-01T15:41	83.92243	17.62772	0.085	290.7
2020-05-01T15:51	83.92250	17.62585	0.076	290.3
2020-05-01T16:01	83.92257	17.62404	0.073	289.6
2020-05-01T16:11	83.92263	17.62242	0.065	288.2
2020-05-01T16:21	83.92268	17.62122	0.048	290.0
2020-05-01T16:31	83.92271	17.62011	0.044	285.4
2020-05-01T16:41	83.92272	17.61896	0.044	276.7
2020-05-01T16:51	83.92271	17.61794	0.039	265.8
2020-05-01T17:01	83.92269	17.61703	0.036	255.6
2020-05-01T17:11	83.92265	17.61619	0.034	248.7
2020-05-01T17:21	83.92261	17.61553	0.030	238.3
2020-05-01T17:31	83.92256	17.61504	0.025	228.0
2020-05-01T17:41	83.92249	17.61465	0.030	210.0
2020-05-01T17:51	83.92243	17.61447	0.024	196.7
2020-05-01T18:01	83.92234	17.61423	0.035	195.2
2020-05-01T18:11	83.92223	17.61405	0.040	190.0
2020-05-01T18:21	83.92212	17.61395	0.039	185.8
2020-05-01T18:31	83.92198	17.61390	0.050	182.1
2020-05-01T18:41	83.92185	17.61381	0.046	184.1
2020-05-01T18:51	83.92171	17.61369	0.050	185.4
2020-05-01T19:01	83.92156	17.61353	0.056	186.2
2020-05-01T19:11	83.92139	17.61332	0.060	187.7
2020-05-01T19:21	83.92122	17.61305	0.063	189.3
2020-05-01T19:31	83.92105	17.61276	0.062	190.3
2020-05-01T19:41	83.92089	17.61237	0.061	194.0
2020-05-01T19:51	83.92071	17.61199	0.064	193.1
2020-05-01T20:01	83.92053	17.61151	0.067	196.0
2020-05-01T20:11	83.92036	17.61098	0.067	197.5
2020-05-01T20:21	83.92017	17.61033	0.071	200.1
2020-05-01T20:31	83.91998	17.60963	0.073	201.5
2020-05-01T20:41	83.91980	17.60895	0.072	201.2
2020-05-01T20:51	83.91961	17.60820	0.073	203.1
2020-05-01T21:01	83.91942	17.60738	0.074	204.8
2020-05-01T21:11	83.91924	17.60650	0.073	207.2
2020-05-01T21:21	83.91908	17.60581	0.062	205.2
2020-05-01T21:31	83.91895	17.60518	0.055	205.8
2020-05-01T21:41	83.91882	17.60452	0.052	209.3
2020-05-01T21:51	83.91870	17.60374	0.054	213.2
2020-05-01T22:01	83.91858	17.60278	0.057	220.3
2020-05-01T22:11	83.91846	17.60188	0.053	220.3
2020-05-01T22:21	83.91834	17.60092	0.057	220.3
2020-05-01T22:31	83.91823	17.59989	0.058	222.4
2020-05-01T22:41	83.91810	17.59871	0.063	225.5
2020-05-01T22:51	83.91798	17.59747	0.064	227.9
2020-05-01T23:01	83.91786	17.59620	0.066	227.7
2020-05-01T23:11	83.91776	17.59481	0.065	234.8
2020-05-01T23:21	83.91766	17.59350	0.060	236.3
2020-05-01T23:31	83.91758	17.59219	0.058	239.5
2020-05-01T23:41	83.91750	17.59080	0.061	239.5
2020-05-01T23:51	83.91740	17.58935	0.065	238.9
2020-05-02T00:01	83.91730	17.58782	0.069	238.1
2020-05-02T00:11	83.91719	17.58633	0.071	233.7
2020-05-02T00:21	83.91711	17.58493	0.060	243.2
2020-05-02T00:31	83.91705	17.58372	0.052	242.7
2020-05-02T00:41	83.91696	17.58203	0.072	243.4
2020-05-02T00:51	83.91685	17.58040	0.072	239.1
2020-05-02T01:01	83.91677	17.57877	0.069	245.3
2020-05-02T01:11	83.91668	17.57724	0.067	241.2
2020-05-02T01:21	83.91666	17.57597	0.049	260.1
2020-05-02T01:31	83.91660	17.57446	0.061	250.9
2020-05-02T01:41	83.91651	17.57323	0.058	233.0
2020-05-02T01:51	83.91646	17.57204	0.049	250.3
2020-05-02T02:01	83.91642	17.57095	0.044	251.1
2020-05-02T02:11	83.91635	17.56974	0.053	240.4
2020-05-02T02:21	83.91628	17.56873	0.046	237.4
2020-05-02T02:31	83.91621	17.56758	0.051	238.5
2020-05-02T02:41	83.91611	17.56633	0.058	234.4
2020-05-02T02:51	83.91600	17.56518	0.059	228.4
2020-05-02T03:01	83.91587	17.56396	0.066	225.1
2020-05-02T03:11	83.91573	17.56283	0.067	219.7
2020-05-02T03:21	83.91558	17.56170	0.070	217.7
2020-05-02T03:31	83.91541	17.56071	0.071	212.7
2020-05-02T03:41	83.91524	17.55987	0.068	207.9
2020-05-02T03:51	83.91507	17.55900	0.071	207.9
2020-05-02T04:01	83.91487	17.55828	0.076	201.3
2020-05-02T04:11	83.91468	17.55765	0.075	198.9
2020-05-02T04:21	83.91448	17.55699	0.076	199.3
2020-05-02T04:31	83.91426	17.55666	0.078	189.4
2020-05-02T04:41	83.91404	17.55631	0.081	189.5
2020-05-02T04:51	83.91382	17.55601	0.083	187.8
2020-05-02T05:01	83.91358	17.55584	0.084	184.5
2020-05-02T05:11	83.91335	17.55575	0.084	182.3
2020-05-02T05:21	83.91311	17.55577	0.086	179.5
2020-05-02T05:31	83.91286	17.55576	0.092	180.4
2020-05-02T05:41	83.91261	17.55587	0.088	177.1
2020-05-02T05:51	83.91237	17.55609	0.087	174.7
2020-05-02T06:01	83.91212	17.55631	0.090	174.4
2020-05-02T06:11	83.91186	17.55661	0.094	173.2
2020-05-02T06:21	83.91162	17.55694	0.090	172.0
2020-05-02T06:31	83.91136	17.55734	0.095	170.8
2020-05-02T06:41	83.91109	17.55781	0.096	169.1
2020-05-02T06:51	83.91084	17.55823	0.095	170.1
2020-05-02T07:01	83.91057	17.55875	0.098	168.5
2020-05-02T07:11	83.91031	17.55925	0.095	168.4
2020-05-02T07:21	83.91004	17.55979	0.098	167.9
2020-05-02T07:31	83.90978	17.56033	0.099	167.8
2020-05-02T07:41	83.90951	17.56090	0.099	167.5
2020-05-02T07:51	83.90924	17.56140	0.097	168.5
2020-05-02T08:01	83.90896	17.56198	0.105	167.7
2020-05-02T08:11	83.90869	17.56242	0.099	170.1
2020-05-02T08:21	83.90841	17.56299	0.101	167.7
2020-05-02T08:31	83.90814	17.56352	0.100	168.4
2020-05-02T08:41	83.90786	17.56407	0.103	168.2
2020-05-02T08:51	83.90760	17.56458	0.097	168.3
2020-05-02T09:01	83.90733	17.56501	0.098	170.4
2020-05-02T09:11	83.90706	17.56550	0.099	169.1
2020-05-02T09:21	83.90679	17.56592	0.099	170.7
2020-05-02T09:31	83.90652	17.56633	0.098	170.8
2020-05-02T09:41	83.90625	17.56672	0.097	171.2
2020-05-02T09:51	83.90599	17.56704	0.095	172.6
2020-05-02T10:01	83.90573	17.56735	0.096	172.8
2020-05-02T10:11	83.90547	17.56760	0.093	174.0
2020-05-02T10:21	83.90521	17.56786	0.095	174.0
2020-05-02T10:31	83.90495	17.56811	0.092	174.1
2020-05-02T10:41	83.90470	17.56832	0.091	174.8
2020-05-02T10:51	83.90446	17.56855	0.089	174.4
2020-05-02T11:01	83.90420	17.56877	0.092	174.7
2020-05-02T11:11	83.90395	17.56903	0.091	173.7
2020-05-02T11:21	83.90370	17.56927	0.090	174.2
2020-05-02T11:31	83.90347	17.56936	0.085	177.5
2020-05-02T11:41	83.90322	17.56948	0.089	177.2
2020-05-02T11:51	83.90297	17.56965	0.091	175.9
2020-05-02T12:01	83.90273	17.56971	0.087	178.3
2020-05-02T12:11	83.90248	17.56975	0.089	179.2
2020-05-02T12:21	83.90223	17.56978	0.089	179.2
2020-05-02T12:31	83.90198	17.56988	0.090	177.6
2020-05-02T12:41	83.90173	17.57003	0.090	176.3
2020-05-02T12:51	83.90149	17.57018	0.089	176.3
2020-05-02T13:01	83.90124	17.57018	0.087	180.1
2020-05-02T13:11	83.90103	17.57011	0.077	182.0
2020-05-02T13:21	83.90081	17.56998	0.080	183.4
2020-05-02T13:31	83.90058	17.56983	0.081	184.2
2020-05-02T13:41	83.90035	17.56970	0.083	183.5
2020-05-02T13:51	83.90012	17.56970	0.083	179.9
2020-05-02T14:01	83.89989	17.56979	0.084	177.7
2020-05-02T14:11	83.89967	17.57002	0.081	173.8
2020-05-02T14:21	83.89944	17.57036	0.084	170.9
2020-05-02T14:31	83.89920	17.57072	0.086	170.8
2020-05-02T14:41	83.89894	17.57112	0.094	170.6
2020-05-02T14:51	83.89869	17.57154	0.091	170.0
2020-05-02T15:01	83.89847	17.57205	0.081	166.0
2020-05-02T15:11	83.89827	17.57260	0.078	164.4
2020-05-02T15:21	83.89804	17.57321	0.084	163.8
2020-05-02T15:31	83.89781	17.57380	0.085	164.8
2020-05-02T15:41	83.89758	17.57443	0.087	163.8
2020-05-02T15:51	83.89735	17.57506	0.088	164.1
2020-05-02T16:01	83.89711	17.57566	0.088	164.9
2020-05-02T16:11	83.89686	17.57630	0.094	164.8
2020-05-02T16:21	83.89661	17.57698	0.094	164.1
2020-05-02T16:31	83.89635	17.57775	0.095	162.1
2020-05-02T16:41	83.89610	17.57852	0.096	162.0
2020-05-02T16:51	83.89584	17.57925	0.097	163.2
2020-05-02T17:01	83.89558	17.57999	0.099	163.4
2020-05-02T17:11	83.89532	17.58075	0.098	162.8
2020-05-02T17:21	83.89506	17.58158	0.099	161.1
2020-05-02T17:31	83.89481	17.58245	0.096	159.7
2020-05-02T17:41	83.89456	17.58355	0.100	154.9
2020-05-02T17:51	83.89430	17.58474	0.102	153.6
2020-05-02T18:01	83.89405	17.58606	0.103	150.8
2020-05-02T18:11	83.89379	17.58757	0.112	149.0
2020-05-02T18:21	83.89352	17.58933	0.117	144.9
2020-05-02T18:31	83.89324	17.59121	0.124	144.4
2020-05-02T18:41	83.89295	17.59321	0.129	143.8
2020-05-02T18:51	83.89266	17.59525	0.130	142.9
2020-05-02T19:01	83.89236	17.59737	0.136	143.3
2020-05-02T19:11	83.89204	17.59964	0.143	142.6
2020-05-02T19:21	83.89174	17.60201	0.142	140.4
2020-05-02T19:31	83.89143	17.60438	0.142	140.3
2020-05-02T19:41	83.89113	17.60675	0.141	140.0
2020-05-02T19:51	83.89085	17.60908	0.136	139.1
2020-05-02T20:01	83.89058	17.61138	0.132	137.9
2020-05-02T20:11	83.89031	17.61367	0.130	137.5
2020-05-02T20:21	83.89005	17.61590	0.125	137.2
2020-05-02T20:31	83.88980	17.61813	0.126	137.1
2020-05-02T20:41	83.88955	17.62046	0.127	135.2
2020-05-02T20:51	83.88930	17.62285	0.127	134.1
2020-05-02T21:01	83.88907	17.62525	0.125	132.8
2020-05-02T21:11	83.88884	17.62770	0.125	131.3
2020-05-02T21:21	83.88861	17.63016	0.125	130.8
2020-05-02T21:31	83.88839	17.63265	0.124	129.8
2020-05-02T21:41	83.88818	17.63515	0.121	127.7
2020-05-02T21:51	83.88799	17.63764	0.120	126.8
2020-05-02T22:01	83.88780	17.64010	0.116	125.9
2020-05-02T22:11	83.88762	17.64271	0.119	122.3
2020-05-02T22:21	83.88746	17.64528	0.114	120.7
2020-05-02T22:31	83.88730	17.64789	0.116	120.3
2020-05-02T22:41	83.88714	17.65051	0.116	119.6
2020-05-02T22:51	83.88699	17.65323	0.117	116.5
2020-05-02T23:01	83.88686	17.65591	0.114	115.6
2020-05-02T23:11	83.88674	17.65849	0.107	112.2
2020-05-02T23:21	83.88664	17.66119	0.110	110.6
2020-05-02T23:31	83.88654	17.66390	0.109	107.6
2020-05-02T23:41	83.88646	17.66669	0.111	106.3
2020-05-02T23:51	83.88639	17.66933	0.104	103.8
2020-05-03T00:01	83.88631	17.67201	0.106	105.0
2020-05-03T00:11	83.88616	17.67484	0.121	116.8
2020-05-03T00:21	83.88606	17.67760	0.112	108.1
2020-05-03T00:31	83.88602	17.68036	0.107	98.7
2020-05-03T00:41	83.88598	17.68318	0.109	96.7
2020-05-03T00:51	83.88594	17.68608	0.112	97.1
2020-05-03T01:01	83.88591	17.68893	0.110	97.0
2020-05-03T01:11	83.88587	17.69178	0.110	97.6
2020-05-03T01:21	83.88582	17.69455	0.108	99.5
2020-05-03T01:31	83.88577	17.69733	0.108	98.8
2020-05-03T01:41	83.88572	17.70006	0.106	99.9
2020-05-03T01:51	83.88568	17.70282	0.106	97.1
2020-05-03T02:01	83.88559	17.70507	0.093	111.7
2020-05-03T02:11	83.88544	17.70698	0.091	126.3
2020-05-03T02:21	83.88525	17.70899	0.103	131.1
2020-05-03T02:31	83.88508	17.71093	0.096	129.0
2020-05-03T02:41	83.88492	17.71281	0.094	129.8
2020-05-03T02:51	83.88475	17.71483	0.098	127.9
2020-05-03T03:01	83.88458	17.71688	0.101	128.8
2020-05-03T03:11	83.88441	17.71886	0.097	128.4
2020-05-03T03:21	83.88424	17.72097	0.101	126.8
2020-05-03T03:31	83.88409	17.72318	0.101	122.9
2020-05-03T03:41	83.88394	17.72564	0.108	119.0
2020-05-03T03:51	83.88384	17.72811	0.101	110.7
2020-05-03T04:01	83.88383	17.73054	0.094	93.2
2020-05-03T04:11	83.88385	17.73348	0.113	85.3
2020-05-03T04:21	83.88388	17.73638	0.112	86.0
2020-05-03T04:31	83.88390	17.73933	0.113	86.3
2020-05-03T04:41	83.88392	17.74217	0.109	86.2
2020-05-03T04:51	83.88394	17.74513	0.114	85.6
2020-05-03T05:01	83.88396	17.74818	0.117	86.0
2020-05-03T05:11	83.88398	17.75136	0.122	87.4
2020-05-03T05:21	83.88400	17.75448	0.120	86.2
2020-05-03T05:31	83.88401	17.75759	0.119	87.7
2020-05-03T05:41	83.88402	17.76075	0.121	89.7
2020-05-03T05:51	83.88402	17.76403	0.126	89.4
2020-05-03T06:01	83.88402	17.76739	0.129	90.2
2020-05-03T06:11	83.88402	17.77080	0.131	90.1
2020-05-03T06:21	83.88401	17.77432	0.135	90.6
2020-05-03T06:31	83.88400	17.77801	0.142	91.2
2020-05-03T06:41	83.88400	17.78165	0.140	91.3
2020-05-03T06:51	83.88398	17.78534	0.142	91.7
2020-05-03T07:01	83.88396	17.78910	0.144	93.4
2020-05-03T07:11	83.88394	17.79291	0.147	93.3
2020-05-03T07:21	83.88392	17.79677	0.148	92.7
2020-05-03T07:31	83.88388	17.80065	0.149	94.6
2020-05-03T07:41	83.88384	17.80456	0.151	95.4
2020-05-03T07:51	83.88382	17.80849	0.151	93.2
2020-05-03T08:01	83.88381	17.81265	0.159	91.9
2020-05-03T08:11	83.88380	17.81688	0.162	90.9
2020-05-03T08:21	83.88379	17.82117	0.164	91.3
2020-05-03T08:31	83.88378	17.82567	0.173	90.9
2020-05-03T08:41	83.88377	17.83030	0.178	90.9
2020-05-03T08:51	83.88378	17.83529	0.191	89.9
2020-05-03T09:01	83.88380	17.84011	0.185	87.6
2020-05-03T09:11	83.88381	17.84517	0.194	88.1
2020-05-03T09:21	83.88384	17.85021	0.194	86.8
2020-05-03T09:31	83.88387	17.85544	0.201	87.6
2020-05-03T09:41	83.88390	17.86078	0.205	86.6
2020-05-03T09:51	83.88396	17.86624	0.210	84.2
2020-05-03T10:01	83.88403	17.87188	0.218	83.3
2020-05-03T10:11	83.88413	17.87752	0.219	80.8
2020-05-03T10:21	83.88419	17.88323	0.220	84.3
2020-05-03T10:31	83.88427	17.88890	0.219	82.1
2020-05-03T10:41	83.88438	17.89467	0.225	80.4
2020-05-03T10:51	83.88447	17.90046	0.224	81.2
2020-05-03T11:01	83.88457	17.90632	0.228	81.1
2020-05-03T11:11	83.88467	17.91226	0.230	81.3
2020-05-03T11:21	83.88478	17.91821	0.232	79.9
2020-05-03T11:31	83.88489	17.92419	0.233	80.1
2020-05-03T11:41	83.88501	17.93015	0.233	78.9
2020-05-03T11:51	83.88514	17.93615	0.234	79.0
2020-05-03T12:01	83.88526	17.94214	0.234	78.8
2020-05-03T12:11	83.88539	17.94804	0.231	78.6
2020-05-03T12:21	83.88552	17.95389	0.229	78.8
2020-05-03T12:31	83.88562	17.95980	0.230	80.6
2020-05-03T12:41	83.88569	17.96566	0.226	83.5
2020-05-03T12:51	83.88577	17.97128	0.217	82.1
2020-05-03T13:01	83.88585	17.97679	0.213	82.5
2020-05-03T13:11	83.88593	17.98236	0.215	81.9
2020-05-03T13:21	83.88601	17.98789	0.214	82.8
2020-05-03T13:31	83.88611	17.99334	0.212	80.1
2020-05-03T13:41	83.88617	17.99868	0.206	84.0
2020-05-03T13:51	83.88622	18.00389	0.201	84.3
2020-05-03T14:01	83.88628	18.00899	0.197	83.9
2020-05-03T14:11	83.88633	18.01401	0.194	84.7
2020-05-03T14:21	83.88638	18.01889	0.188	85.0
2020-05-03T14:31	83.88644	18.02361	0.183	82.5
2020-05-03T14:41	83.88652	18.02817	0.177	81.0
2020-05-03T14:51	83.88660	18.03269	0.176	80.8
2020-05-03T15:01	83.88668	18.03715	0.173	79.9
2020-05-03T15:11	83.88675	18.04147	0.168	81.0
2020-05-03T15:21	83.88680	18.04591	0.171	84.3
2020-05-03T15:31	83.88686	18.05012	0.163	81.9
2020-05-03T15:41	83.88693	18.05427	0.161	81.8
2020-05-03T15:51	83.88699	18.05850	0.163	82.4
2020-05-03T16:01	83.88705	18.06255	0.157	81.8
2020-05-03T16:11	83.88711	18.06644	0.150	82.4
2020-05-03T16:21	83.88715	18.07028	0.148	84.3
2020-05-03T16:31	83.88718	18.07397	0.142	85.5
2020-05-03T16:41	83.88720	18.07756	0.138	86.2
2020-05-03T16:51	83.88723	18.08107	0.135	85.6
2020-05-03T17:01	83.88725	18.08455	0.134	86.4
2020-05-03T17:11	83.88728	18.08794	0.131	85.7
2020-05-03T17:21	83.88730	18.09137	0.132	86.5
2020-05-03T17:31	83.88732	18.09490	0.135	87.6
2020-05-03T17:41	83.88733	18.09818	0.126	87.8
2020-05-03T17:51	83.88733	18.10150	0.127	89.9
2020-05-03T18:01	83.88734	18.10479	0.126	89.8
2020-05-03T18:11	83.88733	18.10802	0.124	90.4
2020-05-03T18:21	83.88732	18.11130	0.126	91.8
2020-05-03T18:31	83.88732	18.11446	0.121	91.2
2020-05-03T18:41	83.88730	18.11763	0.122	92.2
2020-05-03T18:51	83.88728	18.12080	0.122	93.4
2020-05-03T19:01	83.88727	18.12388	0.118	91.9
2020-05-03T19:11	83.88725	18.12703	0.121	93.2
2020-05-03T19:21	83.88724	18.13017	0.121	92.9
2020-05-03T19:31	83.88722	18.13339	0.123	92.2
2020-05-03T19:41	83.88721	18.13648	0.119	91.6
2020-05-03T19:51	83.88720	18.13965	0.122	92.4
2020-05-03T20:01	83.88719	18.14296	0.127	92.1
2020-05-03T20:11	83.88719	18.14617	0.123	89.9
2020-05-03T20:21	83.88718	18.14946	0.126	91.2
2020-05-03T20:31	83.88717	18.15281	0.128	90.8
2020-05-03T20:41	83.88717	18.15622	0.131	91.1
2020-05-03T20:51	83.88716	18.15962	0.131	91.6
2020-05-03T21:01	83.88716	18.16289	0.125	89.6
2020-05-03T21:11	83.88716	18.16631	0.131	90.0
2020-05-03T21:21	83.88716	18.16986	0.136	90.1
2020-05-03T21:31	83.88717	18.17332	0.133	88.7
2020-05-03T21:41	83.88718	18.17683	0.134	87.8
2020-05-03T21:51	83.88720	18.18034	0.135	86.5
2020-05-03T22:01	83.88723	18.18379	0.133	86.0
2020-05-03T22:11	83.88726	18.18731	0.135	85.8
2020-05-03T22:21	83.88729	18.19087	0.137	85.2
2020-05-03T22:31	83.88733	18.19431	0.132	84.5
2020-05-03T22:41	83.88736	18.19776	0.133	84.0
2020-05-03T22:51	83.88740	18.20128	0.135	84.1
2020-05-03T23:01	83.88745	18.20475	0.134	82.6
2020-05-03T23:11	83.88750	18.20812	0.130	81.7
2020-05-03T23:21	83.88756	18.21155	0.133	81.0
2020-05-03T23:31	83.88762	18.21495	0.132	81.0
2020-05-03T23:41	83.88768	18.21826	0.129	79.8
2020-05-03T23:51	83.88775	18.22153	0.128	78.5
2020-05-04T00:01	83.88782	18.22484	0.130	78.4
2020-05-04T00:11	83.88790	18.22806	0.127	77.1
2020-05-04T00:21	83.88798	18.23119	0.123	76.5
2020-05-04T00:31	83.88808	18.23424	0.122	74.2
2020-05-04T00:41	83.88817	18.23730	0.122	73.3
2020-05-04T00:51	83.88828	18.24034	0.123	71.5
2020-05-04T01:01	83.88840	18.24333	0.122	70.2
2020-05-04T01:11	83.88852	18.24625	0.121	68.0
2020-05-04T01:21	83.88865	18.24907	0.118	66.3
2020-05-04T01:31	83.88879	18.25183	0.118	64.3
2020-05-04T01:41	83.88894	18.25461	0.119	63.1
2020-05-04T01:51	83.88911	18.25740	0.122	61.6
2020-05-04T02:01	83.88928	18.26010	0.122	58.4
2020-05-04T02:11	83.88947	18.26281	0.123	57.2
2020-05-04T02:21	83.88966	18.26551	0.124	56.5
2020-05-04T02:31	83.88985	18.26791	0.115	53.5
2020-05-04T02:41	83.89005	18.27034	0.118	52.0
2020-05-04T02:51	83.89026	18.27272	0.118	50.7
2020-05-04T03:01	83.89047	18.27501	0.116	49.1
2020-05-04T03:11	83.89068	18.27716	0.113	46.6
2020-05-04T03:21	83.89090	18.27924	0.111	46.2
2020-05-04T03:31	83.89111	18.28136	0.112	46.5
2020-05-04T03:41	83.89134	18.28331	0.110	42.6
2020-05-04T03:51	83.89156	18.28514	0.107	41.3
2020-05-04T04:01	83.89179	18.28698	0.108	40.6
2020-05-04T04:11	83.89203	18.28877	0.110	38.3
2020-05-04T04:21	83.89226	18.29052	0.107	38.6
2020-05-04T04:31	83.89249	18.29222	0.105	38.3
2020-05-04T04:41	83.89273	18.29383	0.106	35.8
2020-05-04T04:51	83.89296	18.29539	0.103	35.3
2020-05-04T05:01	83.89320	18.29688	0.104	33.1
2020-05-04T05:11	83.89345	18.29840	0.107	33.0
2020-05-04T05:21	83.89369	18.29978	0.101	31.5
2020-05-04T05:31	83.89393	18.30107	0.098	30.2
2020-05-04T05:41	83.89417	18.30233	0.099	29.4
2020-05-04T05:51	83.89441	18.30357	0.101	28.1
2020-05-04T06:01	83.89466	18.30477	0.101	27.0
2020-05-04T06:11	83.89492	18.30600	0.103	27.1
2020-05-04T06:21	83.89517	18.30719	0.102	26.6
2020-05-04T06:31	83.89543	18.30847	0.105	27.8
2020-05-04T06:41	83.89570	18.30963	0.105	24.8
2020-05-04T06:51	83.89596	18.31075	0.105	24.0
2020-05-04T07:01	83.89623	18.31184	0.106	23.2
2020-05-04T07:11	83.89651	18.31291	0.106	22.7
2020-05-04T07:21	83.89678	18.31400	0.108	22.7
2020-05-04T07:31	83.89706	18.31509	0.108	22.8
2020-05-04T07:41	83.89734	18.31633	0.111	25.3
2020-05-04T07:51	83.89763	18.31723	0.109	18.2
2020-05-04T08:01	83.89792	18.31824	0.113	20.1
2020-05-04T08:11	83.89822	18.31931	0.115	20.9
2020-05-04T08:21	83.89852	18.32043	0.117	21.4
2020-05-04T08:31	83.89883	18.32158	0.119	21.8
2020-05-04T08:41	83.89914	18.32268	0.118	20.8
2020-05-04T08:51	83.89946	18.32387	0.127	21.2
2020-05-04T09:01	83.89980	18.32518	0.130	22.6
2020-05-04T09:11	83.90015	18.32645	0.134	21.1
2020-05-04T09:21	83.90050	18.32773	0.137	21.0
2020-05-04T09:31	83.90085	18.32904	0.136	21.5
2020-05-04T09:41	83.90121	18.33032	0.136	21.0
2020-05-04T09:51	83.90157	18.33164	0.140	21.1
2020-05-04T10:01	83.90191	18.33288	0.133	20.9
2020-05-04T10:11	83.90227	18.33417	0.137	21.1
2020-05-04T10:21	83.90262	18.33551	0.138	21.9
2020-05-04T10:31	83.90299	18.33678	0.140	20.3
2020-05-04T10:41	83.90336	18.33809	0.143	20.4
2020-05-04T10:51	83.90373	18.33938	0.143	20.2
2020-05-04T11:01	83.90411	18.34069	0.143	20.4
2020-05-04T11:11	83.90447	18.34201	0.141	21.1
2020-05-04T11:21	83.90485	18.34326	0.144	19.4
2020-05-04T11:31	83.90522	18.34445	0.142	18.9
2020-05-04T11:41	83.90559	18.34564	0.142	18.7
2020-05-04T11:51	83.90597	18.34675	0.141	17.5
2020-05-04T12:01	83.90635	18.34784	0.146	16.6
2020-05-04T12:11	83.90673	18.34885	0.141	16.0
2020-05-04T12:21	83.90711	18.34987	0.143	15.7
2020-05-04T12:31	83.90749	18.35089	0.141	16.0
2020-05-04T12:41	83.90786	18.35182	0.140	14.8
2020-05-04T12:51	83.90822	18.35257	0.132	12.6
2020-05-04T13:01	83.90857	18.35315	0.128	9.8
2020-05-04T13:11	83.90892	18.35360	0.127	7.7
2020-05-04T13:21	83.90927	18.35394	0.125	6.1
2020-05-04T13:31	83.90961	18.35419	0.123	4.5
2020-05-04T13:41	83.90994	18.35429	0.119	1.9
2020-05-04T13:51	83.91027	18.35424	0.119	359.0
2020-05-04T14:01	83.91061	18.35408	0.124	357.1
2020-05-04T14:11	83.91095	18.35378	0.124	354.7
2020-05-04T14:21	83.91131	18.35340	0.128	353.5
2020-05-04T14:31	83.91166	18.35292	0.129	351.9
2020-05-04T14:41	83.91201	18.35242	0.126	351.3
2020-05-04T14:51	83.91234	18.35185	0.123	349.8
2020-05-04T15:01	83.91269	18.35105	0.129	346.4
2020-05-04T15:11	83.91301	18.35031	0.118	346.1
2020-05-04T15:21	83.91333	18.34931	0.122	341.7
2020-05-04T15:31	83.91363	18.34834	0.115	341.1
2020-05-04T15:41	83.91393	18.34741	0.112	341.6
2020-05-04T15:51	83.91425	18.34629	0.124	339.9
2020-05-04T16:01	83.91456	18.34510	0.120	337.7
2020-05-04T16:11	83.91487	18.34387	0.121	337.2
2020-05-04T16:21	83.91517	18.34257	0.117	334.8
2020-05-04T16:31	83.91544	18.34128	0.110	333.4
2020-05-04T16:41	83.91568	18.33993	0.102	329.6
2020-05-04T16:51	83.91594	18.33834	0.111	326.8
2020-05-04T17:01	83.91619	18.33669	0.111	325.3
2020-05-04T17:11	83.91646	18.33507	0.114	327.2
2020-05-04T17:21	83.91672	18.33341	0.113	325.9
2020-05-04T17:31	83.91695	18.33175	0.106	323.5
2020-05-04T17:41	83.91721	18.32996	0.114	323.2
2020-05-04T17:51	83.91747	18.32821	0.115	324.4
2020-05-04T18:01	83.91770	18.32621	0.114	318.3
2020-05-04T18:11	83.91793	18.32426	0.110	317.4
2020-05-04T18:21	83.91813	18.32233	0.104	314.8
2020-05-04T18:31	83.91831	18.32041	0.098	311.6
2020-05-04T18:41	83.91848	18.31857	0.091	310.0
2020-05-04T18:51	83.91863	18.31684	0.086	309.5
2020-05-04T19:01	83.91876	18.31518	0.080	307.9
2020-05-04T19:11	83.91889	18.31353	0.077	305.9
2020-05-04T19:21	83.91900	18.31200	0.071	305.0
2020-05-04T19:31	83.91912	18.31042	0.073	304.3
2020-05-04T19:41	83.91924	18.30893	0.071	307.4
2020-05-04T19:51	83.91938	18.30733	0.079	309.3
2020-05-04T20:01	83.91950	18.30540	0.086	300.6
2020-05-04T20:11	83.91962	18.30348	0.086	301.6
2020-05-04T20:21	83.91975	18.30178	0.079	305.3
2020-05-04T20:31	83.91986	18.30057	0.061	310.7
2020-05-04T20:41	83.92000	18.29928	0.070	315.2
2020-05-04T20:51	83.92009	18.29831	0.050	311.4
2020-05-04T21:01	83.92018	18.29724	0.052	308.4
2020-05-04T21:11	83.92026	18.29630	0.046	308.5
2020-05-04T21:21	83.92033	18.29548	0.040	308.9
2020-05-04T21:31	83.92039	18.29485	0.032	311.6
2020-05-04T21:41	83.92044	18.29428	0.029	312.2
2020-05-04T21:51	83.92050	18.29374	0.029	314.3
2020-05-04T22:01	83.92055	18.29307	0.033	308.8
2020-05-04T22:11	83.92060	18.29210	0.040	291.7
2020-05-04T22:21	83.92063	18.29125	0.035	291.2
2020-05-04T22:31	83.92066	18.29058	0.028	293.7
2020-05-04T22:41	83.92070	18.29019	0.021	313.8
2020-05-04T22:51	83.92074	18.28977	0.022	313.7
2020-05-04T23:01	83.92079	18.28941	0.021	317.9
2020-05-04T23:11	83.92083	18.28898	0.024	316.5
2020-05-04T23:21	83.92089	18.28853	0.025	317.4
2020-05-04T23:31	83.92094	18.28803	0.027	315.2
2020-05-04T23:41	83.92100	18.28745	0.031	314.0
2020-05-04T23:51	83.92106	18.28679	0.034	313.0
2020-05-05T00:01	83.92113	18.28625	0.030	316.8
2020-05-05T00:11	83.92119	18.28560	0.034	313.3
2020-05-05T00:21	83.92127	18.28478	0.041	311.0
2020-05-05T00:31	83.92134	18.28394	0.041	309.3
2020-05-05T00:41	83.92141	18.28308	0.042	307.9
2020-05-05T00:51	83.92149	18.28222	0.043	310.1
2020-05-05T01:01	83.92157	18.28128	0.047	310.2
2020-05-05T01:11	83.92165	18.28030	0.048	309.0
2020-05-05T01:21	83.92173	18.27919	0.050	302.6
2020-05-05T01:31	83.92181	18.27800	0.054	302.0
2020-05-05T01:41	83.92189	18.27681	0.053	302.3
2020-05-05T01:51	83.92196	18.27559	0.054	300.5
2020-05-05T02:01	83.92204	18.27431	0.056	299.4
2020-05-05T02:11	83.92211	18.27310	0.052	298.1
2020-05-05T02:21	83.92217	18.27175	0.057	294.7
2020-05-05T02:31	83.92224	18.27029	0.061	292.8
2020-05-05T02:41	83.92230	18.26874	0.063	289.4
2020-05-05T02:51	83.92235	18.26713	0.065	288.8
2020-05-05T03:01	83.92242	18.26544	0.068	289.8
2020-05-05T03:11	83.92247	18.26371	0.069	286.7
2020-05-05T03:21	83.92253	18.26191	0.071	285.5
2020-05-05T03:31	83.92258	18.26007	0.073	285.0
2020-05-05T03:41	83.92266	18.25754	0.101	287.1
2020-05-05T03:51	83.92275	18.25482	0.108	286.6
2020-05-05T04:01	83.92283	18.25203	0.111	286.0
2020-05-05T04:11	83.92291	18.24921	0.111	285.1
2020-05-05T04:21	83.92299	18.24632	0.114	284.6
2020-05-05T04:31	83.92306	18.24338	0.115	281.8
2020-05-05T04:41	83.92312	18.24036	0.117	281.2
2020-05-05T04:51	83.92317	18.23741	0.114	279.1
2020-05-05T05:01	83.92322	18.23441	0.116	279.2
2020-05-05T05:11	83.92327	18.23136	0.118	279.2
2020-05-05T05:21	83.92333	18.22815	0.124	278.8
2020-05-05T05:31	83.92338	18.22481	0.129	277.9
2020-05-05T05:41	83.92342	18.22155	0.125	277.7
2020-05-05T05:51	83.92347	18.21823	0.128	277.8
2020-05-05T06:01	83.92351	18.21489	0.128	277.0
2020-05-05T06:11	83.92355	18.21156	0.128	275.5
2020-05-05T06:21	83.92357	18.20822	0.128	274.4
2020-05-05T06:31	83.92360	18.20495	0.125	274.4
2020-05-05T06:41	83.92363	18.20165	0.126	274.3
2020-05-05T06:51	83.92365	18.19837	0.125	273.6
2020-05-05T07:01	83.92367	18.19514	0.123	272.7
2020-05-05T07:11	83.92368	18.19196	0.122	271.9
2020-05-05T07:21	83.92367	18.18887	0.118	269.4
2020-05-05T07:31	83.92367	18.18589	0.113	268.7
2020-05-05T07:41	83.92366	18.18302	0.109	268.1
2020-05-05T07:51	83.92365	18.18009	0.112	269.3
2020-05-05T08:01	83.92366	18.17643	0.139	271.1
2020-05-05T08:11	83.92368	18.17261	0.146	272.4
2020-05-05T08:21	83.92370	18.16871	0.149	272.6
2020-05-05T08:31	83.92370	18.16473	0.152	270.0
2020-05-05T08:41	83.92368	18.16104	0.141	267.9
2020-05-05T08:51	83.92366	18.15786	0.121	266.9
2020-05-05T09:01	83.92364	18.15458	0.125	265.8
2020-05-05T09:11	83.92360	18.15131	0.125	264.2
2020-05-05T09:21	83.92357	18.14819	0.120	263.4
2020-05-05T09:31	83.92351	18.14501	0.123	261.2
2020-05-05T09:41	83.92345	18.14158	0.133	260.1
2020-05-05T09:51	83.92337	18.13810	0.136	257.7
2020-05-05T10:01	83.92328	18.13452	0.140	256.6
2020-05-05T10:11	83.92316	18.13085	0.146	253.2
2020-05-05T10:21	83.92304	18.12730	0.143	251.3
2020-05-05T10:31	83.92291	18.12387	0.138	251.2
2020-05-05T10:41	83.92278	18.12055	0.135	249.8
2020-05-05T10:51	83.92266	18.11737	0.129	250.4
2020-05-05T11:01	83.92252	18.11464	0.116	244.0
2020-05-05T11:11	83.92236	18.11211	0.112	239.3
2020-05-05T11:21	83.92221	18.10954	0.112	241.0
2020-05-05T11:31	83.92206	18.10695	0.113	240.5
2020-05-05T11:41	83.92190	18.10429	0.117	240.4
2020-05-05T11:51	83.92173	18.10169	0.115	239.2
2020-05-05T12:01	83.92157	18.09907	0.116	239.8
2020-05-05T12:11	83.92140	18.09645	0.117	238.4
2020-05-05T12:21	83.92123	18.09391	0.115	237.7
2020-05-05T12:31	83.92105	18.09138	0.117	236.0
2020-05-05T12:41	83.92087	18.08886	0.115	236.8
2020-05-05T12:51	83.92069	18.08638	0.115	235.3
2020-05-05T13:01	83.92050	18.08373	0.122	236.2
2020-05-05T13:11	83.92032	18.08106	0.122	236.3
2020-05-05T13:21	83.92012	18.07826	0.127	237.0
2020-05-05T13:31	83.91992	18.07546	0.129	236.1
2020-05-05T13:41	83.91973	18.07270	0.127	236.0
2020-05-05T13:51	83.91953	18.06982	0.131	236.9
2020-05-05T14:01	83.91933	18.06673	0.138	238.4
2020-05-05T14:11	83.91914	18.06382	0.130	238.5
2020-05-05T14:21	83.91895	18.06074	0.136	239.7
2020-05-05T14:31	83.91875	18.05765	0.138	238.7
2020-05-05T14:41	83.91856	18.05450	0.139	240.0
2020-05-05T14:51	83.91836	18.05129	0.141	239.9
2020-05-05T15:01	83.91817	18.04798	0.142	242.3
2020-05-05T15:11	83.91798	18.04460	0.147	241.9
2020-05-05T15:21	83.91779	18.04116	0.148	242.2
2020-05-05T15:31	83.91760	18.03761	0.152	242.9
2020-05-05T15:41	83.91740	18.03398	0.156	242.7
2020-05-05T15:51	83.91721	18.03020	0.160	244.5
2020-05-05T16:01	83.91702	18.02636	0.162	244.9
2020-05-05T16:11	83.91684	18.02245	0.162	246.9
2020-05-05T16:21	83.91667	18.01847	0.164	248.3
2020-05-05T16:31	83.91651	18.01440	0.166	249.0
2020-05-05T16:41	83.91634	18.01029	0.167	249.4
2020-05-05T16:51	83.91618	18.00610	0.171	249.5
2020-05-05T17:01	83.91601	18.00185	0.172	250.1
2020-05-05T17:11	83.91585	17.99756	0.174	250.5
2020-05-05T17:21	83.91570	17.99323	0.174	251.4
2020-05-05T17:31	83.91556	17.98891	0.173	252.5
2020-05-05T17:41	83.91542	17.98449	0.175	253.9
2020-05-05T17:51	83.91528	17.98009	0.175	253.8
2020-05-05T18:01	83.91515	17.97569	0.175	253.6
2020-05-05T18:11	83.91501	17.97123	0.177	253.7
2020-05-05T18:21	83.91487	17.96698	0.170	252.3
2020-05-05T18:31	83.91473	17.96260	0.174	254.1
2020-05-05T18:41	83.91460	17.95829	0.171	253.8
2020-05-05T18:51	83.91447	17.95396	0.172	254.3
2020-05-05T19:01	83.91433	17.94971	0.170	252.7
2020-05-05T19:11	83.91420	17.94556	0.166	253.0
2020-05-05T19:21	83.91406	17.94150	0.163	251.9
2020-05-05T19:31	83.91391	17.93754	0.160	251.0
2020-05-05T19:41	83.91376	17.93360	0.159	250.6
2020-05-05T19:51	83.91362	17.92979	0.154	250.8
2020-05-05T20:01	83.91348	17.92608	0.151	249.3
2020-05-05T20:11	83.91332	17.92246	0.149	247.8
2020-05-05T20:21	83.91316	17.91902	0.143	246.4
2020-05-05T20:31	83.91301	17.91552	0.144	247.8
2020-05-05T20:41	83.91285	17.91217	0.140	246.4
2020-05-05T20:51	83.91270	17.90889	0.137	245.9
2020-05-05T21:01	83.91256	17.90565	0.133	248.8
2020-05-05T21:11	83.91246	17.90223	0.136	254.2
2020-05-05T21:21	83.91236	17.89895	0.131	253.1
2020-05-05T21:31	83.91222	17.89599	0.123	246.8
2020-05-05T21:41	83.91208	17.89323	0.117	244.2
2020-05-05T21:51	83.91195	17.89050	0.114	246.0
2020-05-05T22:01	83.91182	17.88791	0.109	245.1
2020-05-05T22:11	83.91169	17.88544	0.105	243.9
2020-05-05T22:21	83.91157	17.88307	0.101	243.3
2020-05-05T22:31	83.91144	17.88085	0.096	242.2
2020-05-05T22:41	83.91132	17.87882	0.089	240.4
2020-05-05T22:51	83.91120	17.87673	0.091	240.6
2020-05-05T23:01	83.91108	17.87496	0.080	238.1
2020-05-05T23:11	83.91096	17.87319	0.081	236.5
2020-05-05T23:21	83.91082	17.87156	0.079	232.5
2020-05-05T23:31	83.91069	17.86990	0.079	233.1
2020-05-05T23:41	83.91056	17.86827	0.079	232.4
2020-05-05T23:51	83.91043	17.86668	0.077	231.8
2020-05-06T00:01	83.91029	17.86518	0.075	229.4
2020-05-06T00:11	83.91016	17.86372	0.074	229.2
2020-05-06T00:21	83.91002	17.86218	0.076	230.1
2020-05-06T00:31	83.90988	17.86073	0.074	228.4
2020-05-06T00:41	83.90975	17.85929	0.074	228.2
2020-05-06T00:51	83.90961	17.85780	0.074	229.8
2020-05-06T01:01	83.90948	17.85630	0.074	231.1
2020-05-06T01:11	83.90935	17.85472	0.077	231.6
2020-05-06T01:21	83.90921	17.85309	0.081	230.7
2020-05-06T01:31	83.90909	17.85147	0.075	235.1
2020-05-06T01:41	83.90897	17.84987	0.075	234.7
2020-05-06T01:51	83.90885	17.84811	0.080	236.8
2020-05-06T02:01	83.90873	17.84631	0.081	238.1
2020-05-06T02:11	83.90860	17.84445	0.084	237.9
2020-05-06T02:21	83.90849	17.84252	0.084	241.7
2020-05-06T02:31	83.90839	17.84053	0.085	243.9
2020-05-06T02:41	83.90834	17.83884	0.067	254.4
2020-05-06T02:51	83.90833	17.83715	0.064	267.7
2020-05-06T03:01	83.90833	17.83536	0.069	269.4
2020-05-06T03:11	83.90836	17.83351	0.071	277.0
2020-05-06T03:21	83.90840	17.83163	0.074	283.5
2020-05-06T03:31	83.90847	17.82966	0.079	288.5
2020-05-06T03:41	83.90857	17.82760	0.086	293.8
2020-05-06T03:51	83.90868	17.82548	0.091	296.4
2020-05-06T04:01	83.90880	17.82331	0.094	298.2
2020-05-06T04:11	83.90894	17.82101	0.100	298.6
2020-05-06T04:21	83.90908	17.81865	0.104	300.4
2020-05-06T04:31	83.90924	17.81619	0.109	300.2
2020-05-06T04:41	83.90939	17.81352	0.116	298.9
2020-05-06T04:51	83.90956	17.81078	0.121	300.1
2020-05-06T05:01	83.90975	17.80805	0.124	302.7
2020-05-06T05:11	83.90995	17.80520	0.131	303.7
2020-05-06T05:21	83.91015	17.80224	0.134	302.3
2020-05-06T05:31	83.91035	17.79925	0.136	302.8
2020-05-06T05:41	83.91049	17.79553	0.150	289.2
2020-05-06T05:51	83.91070	17.79209	0.151	299.4
2020-05-06T06:01	83.91093	17.78894	0.146	304.6
2020-05-06T06:11	83.91117	17.78579	0.149	306.5
2020-05-06T06:21	83.91145	17.78244	0.162	307.7
2020-05-06T06:31	83.91173	17.77923	0.160	309.8
2020-05-06T06:41	83.91198	17.77606	0.152	307.0
2020-05-06T06:51	83.91222	17.77296	0.147	306.2
2020-05-06T07:01	83.91249	17.76988	0.152	309.3
2020-05-06T07:11	83.91271	17.76664	0.147	302.5
2020-05-06T07:21	83.91290	17.76320	0.149	298.0
2020-05-06T07:31	83.91323	17.75970	0.179	311.6
2020-05-06T07:41	83.91360	17.75648	0.179	316.8
2020-05-06T07:51	83.91396	17.75341	0.175	317.8
2020-05-06T08:01	83.91434	17.75034	0.181	319.7
2020-05-06T08:11	83.91472	17.74731	0.181	320.1
2020-05-06T08:21	83.91511	17.74429	0.182	320.7
2020-05-06T08:31	83.91551	17.74128	0.182	320.8
2020-05-06T08:41	83.91590	17.73827	0.183	321.1
2020-05-06T08:51	83.91630	17.73528	0.185	321.7
2020-05-06T09:01	83.91646	17.73128	0.162	289.8
2020-05-06T09:11	83.91642	17.72679	0.172	265.6
2020-05-06T09:21	83.91678	17.72365	0.178	317.6
2020-05-06T09:31	83.91718	17.72067	0.183	321.6
2020-05-06T09:41	83.91757	17.71773	0.180	321.5
2020-05-06T09:51	83.91796	17.71473	0.180	320.6
2020-05-06T10:01	83.91829	17.71209	0.156	319.7
2020-05-06T10:11	83.91847	17.70939	0.122	302.4
2020-05-06T10:21	83.91866	17.70654	0.127	301.5
2020-05-06T10:31	83.91889	17.70364	0.138	306.7
2020-05-06T10:41	83.91905	17.70099	0.118	300.9
2020-05-06T10:51	83.91922	17.69822	0.121	299.1
2020-05-06T11:01	83.91939	17.69549	0.122	301.2
2020-05-06T11:11	83.91961	17.69276	0.131	307.6
2020-05-06T11:21	83.91985	17.69006	0.133	309.3
2020-05-06T11:31	83.92010	17.68741	0.135	311.6
2020-05-06T11:41	83.92035	17.68485	0.132	312.5
2020-05-06T11:51	83.92059	17.68225	0.132	311.7
2020-05-06T12:01	83.92085	17.67961	0.136	312.3
2020-05-06T12:11	83.92110	17.67702	0.136	313.1
2020-05-06T12:21	83.92135	17.67437	0.135	311.6
2020-05-06T12:31	83.92161	17.67168	0.137	311.7
2020-05-06T12:41	83.92185	17.66892	0.138	310.4
2020-05-06T12:51	83.92211	17.66600	0.144	309.6
2020-05-06T13:01	83.92235	17.66303	0.143	308.0
2020-05-06T13:11	83.92260	17.66006	0.144	308.1
2020-05-06T13:21	83.92284	17.65700	0.146	306.8
2020-05-06T13:31	83.92309	17.65395	0.146	307.3
2020-05-06T13:41	83.92334	17.65095	0.145	307.9
2020-05-06T13:51	83.92359	17.64781	0.150	306.8
2020-05-06T14:01	83.92385	17.64466	0.153	308.5
2020-05-06T14:11	83.92411	17.64145	0.154	307.6
2020-05-06T14:21	83.92439	17.63818	0.159	308.7
2020-05-06T14:31	83.92469	17.63468	0.171	308.7
2020-05-06T14:41	83.92500	17.63107	0.178	309.4
2020-05-06T14:51	83.92533	17.62740	0.183	310.1
2020-05-06T15:01	83.92567	17.62354	0.192	310.2
2020-05-06T15:11	83.92602	17.61942	0.202	308.9
2020-05-06T15:21	83.92638	17.61515	0.208	308.5
2020-05-06T15:31	83.92675	17.61073	0.214	307.9
2020-05-06T15:41	83.92712	17.60626	0.216	308.1
2020-05-06T15:51	83.92747	17.60179	0.212	306.7
2020-05-06T16:01	83.92782	17.59727	0.214	306.6
2020-05-06T16:11	83.92818	17.59268	0.217	306.4
2020-05-06T16:21	83.92859	17.58798	0.230	309.0
2020-05-06T16:31	83.92900	17.58312	0.237	308.8
2020-05-06T16:41	83.92941	17.57803	0.245	307.6
2020-05-06T16:51	83.92982	17.57282	0.246	306.3
2020-05-06T17:01	83.93022	17.56745	0.251	305.4
2020-05-06T17:11	83.93063	17.56214	0.250	305.9
2020-05-06T17:21	83.93102	17.55674	0.249	304.5
2020-05-06T17:31	83.93142	17.55127	0.253	304.7
2020-05-06T17:41	83.93179	17.54587	0.244	302.8
2020-05-06T17:51	83.93212	17.54057	0.235	300.7
2020-05-06T18:01	83.93245	17.53513	0.239	299.8
2020-05-06T18:11	83.93279	17.52957	0.245	300.1
2020-05-06T18:21	83.93314	17.52400	0.246	300.4
2020-05-06T18:31	83.93347	17.51846	0.243	299.7
2020-05-06T18:41	83.93378	17.51285	0.241	297.8
2020-05-06T18:51	83.93409	17.50717	0.243	297.0
2020-05-06T19:01	83.93438	17.50146	0.241	295.4
2020-05-06T19:11	83.93464	17.49575	0.237	293.5
2020-05-06T19:21	83.93487	17.49014	0.229	291.3
2020-05-06T19:31	83.93512	17.48434	0.238	292.0
2020-05-06T19:41	83.93540	17.47809	0.258	292.9
2020-05-06T19:51	83.93568	17.47183	0.259	293.2
2020-05-06T20:01	83.93596	17.46548	0.262	292.8
2020-05-06T20:11	83.93624	17.45917	0.260	292.5
2020-05-06T20:21	83.93644	17.45350	0.228	289.1
2020-05-06T20:31	83.93670	17.44670	0.275	289.7
2020-05-06T20:41	83.93694	17.43983	0.275	288.0
2020-05-06T20:51	83.93714	17.43347	0.253	287.0
2020-05-06T21:01	83.93731	17.42756	0.233	285.3
2020-05-06T21:11	83.93750	17.42115	0.253	285.5
2020-05-06T21:21	83.93770	17.41460	0.259	286.0
2020-05-06T21:31	83.93788	17.40811	0.256	285.0
2020-05-06T21:41	83.93805	17.40163	0.254	284.0
2020-05-06T21:51	83.93822	17.39531	0.248	284.0
2020-05-06T22:01	83.93836	17.38908	0.243	282.3
2020-05-06T22:11	83.93850	17.38301	0.236	282.3
2020-05-06T22:21	83.93863	17.37706	0.231	281.3
2020-05-06T22:31	83.93875	17.37120	0.227	281.0
2020-05-06T22:41	83.93885	17.36546	0.222	280.0
2020-05-06T22:51	83.93895	17.35969	0.222	278.7
2020-05-06T23:01	83.93903	17.35386	0.223	277.3
2020-05-06T23:11	83.93909	17.34817	0.218	275.9
2020-05-06T23:21	83.93913	17.34242	0.219	274.4
2020-05-06T23:31	83.93918	17.33674	0.217	274.3
2020-05-06T23:41	83.93922	17.33109	0.215	273.4
2020-05-06T23:51	83.93924	17.32541	0.216	272.8
2020-05-07T00:01	83.93927	17.31974	0.216	272.2
2020-05-07T00:11	83.93929	17.31390	0.222	271.9
2020-05-07T00:21	83.93930	17.30800	0.224	270.8
2020-05-07T00:31	83.93930	17.30206	0.226	270.2
2020-05-07T00:41	83.93930	17.29608	0.227	269.7
2020-05-07T00:51	83.93929	17.28994	0.233	269.4
2020-05-07T01:01	83.93927	17.28365	0.239	268.5
2020-05-07T01:11	83.93924	17.27732	0.241	267.3
2020-05-07T01:21	83.93919	17.27090	0.245	266.0
2020-05-07T01:31	83.93915	17.26433	0.250	266.4
2020-05-07T01:41	83.93910	17.25779	0.249	266.0
2020-05-07T01:51	83.93905	17.25110	0.255	266.1
2020-05-07T02:01	83.93901	17.24436	0.256	266.3
2020-05-07T02:11	83.93896	17.23751	0.261	266.0
2020-05-07T02:21	83.93891	17.23055	0.265	266.7
2020-05-07T02:31	83.93887	17.22345	0.270	266.8
2020-05-07T02:41	83.93883	17.21629	0.273	266.9
2020-05-07T02:51	83.93880	17.20897	0.278	267.6
2020-05-07T03:01	83.93876	17.20152	0.284	267.3
2020-05-07T03:11	83.93873	17.19395	0.288	267.5
2020-05-07T03:21	83.93870	17.18631	0.291	267.8
2020-05-07T03:31	83.93867	17.17832	0.304	268.6
2020-05-07T03:41	83.93863	17.17045	0.300	266.9
2020-05-07T03:51	83.93860	17.16231	0.309	268.0
2020-05-07T04:01	83.93857	17.15402	0.316	268.2
2020-05-07T04:11	83.93855	17.14560	0.320	268.3
2020-05-07T04:21	83.93852	17.13705	0.325	268.1
2020-05-07T04:31	83.93849	17.12834	0.331	268.3
2020-05-07T04:41	83.93845	17.11960	0.332	267.7
2020-05-07T04:51	83.93841	17.11079	0.335	267.7
2020-05-07T05:01	83.93837	17.10181	0.342	267.6
2020-05-07T05:11	83.93835	17.09259	0.351	268.3
2020-05-07T05:21	83.93831	17.08322	0.357	267.7
2020-05-07T05:31	83.93827	17.07388	0.355	268.1
2020-05-07T05:41	83.93823	17.06437	0.362	267.7
2020-05-07T05:51	83.93819	17.05473	0.367	267.6
2020-05-07T06:01	83.93815	17.04495	0.372	267.8
2020-05-07T06:11	83.93810	17.03509	0.375	267.4
2020-05-07T06:21	83.93806	17.02516	0.378	267.5
2020-05-07T06:31	83.93801	17.01517	0.380	267.6
2020-05-07T06:41	83.93797	17.00504	0.385	267.9
2020-05-07T06:51	83.93792	16.99486	0.388	266.9
2020-05-07T07:01	83.93787	16.98460	0.391	267.5
2020-05-07T07:11	83.93780	16.97430	0.392	266.6
2020-05-07T07:21	83.93774	16.96388	0.397	266.8
2020-05-07T07:31	83.93768	16.95337	0.400	266.5
2020-05-07T07:41	83.93761	16.94276	0.404	266.5
2020-05-07T07:51	83.93752	16.93217	0.404	265.7
2020-05-07T08:01	83.93743	16.92161	0.403	265.1
2020-05-07T08:11	83.93733	16.91095	0.407	265.3
2020-05-07T08:21	83.93723	16.90029	0.407	264.9
2020-05-07T08:31	83.93712	16.88961	0.408	264.6
2020-05-07T08:41	83.93702	16.87898	0.406	264.4
2020-05-07T08:51	83.93690	16.86831	0.408	264.2
2020-05-07T09:01	83.93678	16.85766	0.407	263.9
2020-05-07T09:11	83.93665	16.84702	0.407	263.5
2020-05-07T09:21	83.93652	16.83637	0.408	263.1
2020-05-07T09:31	83.93637	16.82581	0.405	262.7
2020-05-07T09:41	83.93622	16.81521	0.407	262.2
2020-05-07T09:51	83.93606	16.80470	0.404	261.8
2020-05-07T10:01	83.93589	16.79429	0.401	261.0
2020-05-07T10:11	83.93570	16.78394	0.399	260.6
2020-05-07T10:21	83.93552	16.77363	0.398	260.6
2020-05-07T10:31	83.93534	16.76340	0.395	260.5
2020-05-07T10:41	83.93515	16.75317	0.395	259.7
2020-05-07T10:51	83.93494	16.74291	0.398	259.1
2020-05-07T11:01	83.93473	16.73263	0.398	259.1
2020-05-07T11:11	83.93452	16.72214	0.406	259.6
2020-05-07T11:21	83.93432	16.71182	0.399	259.6
2020-05-07T11:31	83.93411	16.70158	0.397	258.9
2020-05-07T11:41	83.93387	16.69150	0.393	257.4
2020-05-07T11:51	83.93362	16.68140	0.395	256.7
2020-05-07T12:01	83.93337	16.67132	0.394	256.6
2020-05-07T12:11	83.93311	16.66125	0.394	256.7
2020-05-07T12:21	83.93286	16.65113	0.396	256.4
2020-05-07T12:31	83.93260	16.64106	0.394	256.3
2020-05-07T12:41	83.93233	16.63093	0.397	256.1
2020-05-07T12:51	83.93207	16.62089	0.393	256.2
2020-05-07T13:01	83.93180	16.61093	0.392	255.6
2020-05-07T13:11	83.93153	16.60092	0.393	255.7
2020-05-07T13:21	83.93126	16.59094	0.392	255.8
2020-05-07T13:31	83.93100	16.58097	0.391	256.3
2020-05-07T13:41	83.93074	16.57121	0.383	255.8
2020-05-07T13:51	83.93047	16.56142	0.386	255.0
2020-05-07T14:01	83.93024	16.55149	0.387	258.0
2020-05-07T14:11	83.93002	16.54149	0.389	258.0
2020-05-07T14:21	83.92979	16.53149	0.389	258.0
2020-05-07T14:31	83.92956	16.52150	0.389	257.8
2020-05-07T14:41	83.92931	16.51158	0.388	256.6
2020-05-07T14:51	83.92905	16.50163	0.390	256.0
2020-05-07T15:01	83.92874	16.49202	0.382	253.1
2020-05-07T15:11	83.92844	16.48232	0.385	253.7
2020-05-07T15:21	83.92815	16.47253	0.388	254.1
2020-05-07T15:31	83.92786	16.46264	0.391	254.4
2020-05-07T15:41	83.92756	16.45254	0.399	254.7
2020-05-07T15:51	83.92726	16.44246	0.400	253.9
2020-05-07T16:01	83.92694	16.43242	0.399	253.5
2020-05-07T16:11	83.92662	16.42242	0.398	253.1
2020-05-07T16:21	83.92629	16.41235	0.402	252.6
2020-05-07T16:31	83.92594	16.40228	0.404	251.9
2020-05-07T16:41	83.92560	16.39222	0.403	252.2
2020-05-07T16:51	83.92525	16.38213	0.403	252.2
2020-05-07T17:01	83.92490	16.37207	0.403	251.9
2020-05-07T17:11	83.92455	16.36202	0.404	251.5
2020-05-07T17:21	83.92419	16.35189	0.408	251.3
2020-05-07T17:31	83.92381	16.34157	0.416	251.1
2020-05-07T17:41	83.92343	16.33127	0.416	250.5
2020-05-07T17:51	83.92304	16.32100	0.416	250.2
2020-05-07T18:01	83.92263	16.31071	0.419	249.6
2020-05-07T18:11	83.92222	16.30045	0.418	249.2
2020-05-07T18:21	83.92180	16.29017	0.420	248.8
2020-05-07T18:31	83.92136	16.27988	0.422	248.2
2020-05-07T18:41	83.92092	16.26956	0.425	247.9
2020-05-07T18:51	83.92046	16.25921	0.428	247.3
2020-05-07T19:01	83.92000	16.24880	0.430	247.3
2020-05-07T19:11	83.91952	16.23844	0.432	246.4
2020-05-07T19:21	83.91902	16.22801	0.436	245.8
2020-05-07T19:31	83.91850	16.21755	0.441	245.0
2020-05-07T19:41	83.91798	16.20732	0.434	244.2
2020-05-07T19:51	83.91746	16.19699	0.436	244.5
2020-05-07T20:01	83.91692	16.18666	0.439	243.9
2020-05-07T20:11	83.91638	16.17637	0.438	243.6
2020-05-07T20:21	83.91584	16.16610	0.438	243.6
2020-05-07T20:31	83.91527	16.15603	0.434	242.2
2020-05-07T20:41	83.91471	16.14590	0.437	242.2
2020-05-07T20:51	83.91413	16.13585	0.437	241.6
2020-05-07T21:01	83.91354	16.12587	0.436	240.8
2020-05-07T21:11	83.91295	16.11591	0.436	240.8
2020-05-07T21:21	83.91235	16.10617	0.429	240.0
2020-05-07T21:31	83.91176	16.09640	0.430	240.3
2020-05-07T21:41	83.91116	16.08678	0.426	239.7
2020-05-07T21:51	83.91056	16.07727	0.423	239.1
2020-05-07T22:01	83.90995	16.06787	0.421	238.7
2020-05-07T22:11	83.90934	16.05844	0.423	238.4
2020-05-07T22:21	83.90872	16.04912	0.420	238.0
2020-05-07T22:31	83.90810	16.03992	0.417	237.5
2020-05-07T22:41	83.90747	16.03087	0.414	236.7
2020-05-07T22:51	83.90684	16.02183	0.413	236.8
2020-05-07T23:01	83.90621	16.01294	0.408	236.3
2020-05-07T23:11	83.90558	16.00406	0.408	236.3
2020-05-07T23:21	83.90495	15.99536	0.403	235.7
2020-05-07T23:31	83.90432	15.98668	0.402	235.7
2020-05-07T23:41	83.90369	15.97787	0.406	236.0
2020-05-07T23:51	83.90305	15.96919	0.404	235.3
2020-05-08T00:01	83.90242	15.96062	0.399	235.2
2020-05-08T00:11	83.90180	15.95196	0.399	236.1
2020-05-08T00:21	83.90117	15.94347	0.396	235.1
2020-05-08T00:31	83.90055	15.93512	0.391	234.8
2020-05-08T00:41	83.89993	15.92686	0.386	235.0
2020-05-08T00:51	83.89931	15.91846	0.393	234.9
2020-05-08T01:01	83.89867	15.91002	0.395	234.9
2020-05-08T01:11	83.89803	15.90155	0.398	234.5
2020-05-08T01:21	83.89737	15.89308	0.402	233.8
2020-05-08T01:31	83.89672	15.88460	0.400	234.2
2020-05-08T01:41	83.89606	15.87625	0.398	233.4
2020-05-08T01:51	83.89540	15.86767	0.406	233.9
2020-05-08T02:01	83.89473	15.85931	0.401	233.1
2020-05-08T02:11	83.89407	15.85078	0.404	233.9
2020-05-08T02:21	83.89341	15.84199	0.412	234.8
2020-05-08T02:31	83.89272	15.83319	0.418	233.7
2020-05-08T02:41	83.89203	15.82440	0.420	233.3
2020-05-08T02:51	83.89132	15.81547	0.426	233.5
2020-05-08T03:01	83.89059	15.80647	0.433	232.8
2020-05-08T03:11	83.88985	15.79740	0.440	232.3
2020-05-08T03:21	83.88910	15.78825	0.443	232.4
2020-05-08T03:31	83.88835	15.77891	0.448	233.1
2020-05-08T03:41	83.88761	15.76960	0.445	233.4
2020-05-08T03:51	83.88688	15.76025	0.444	233.9
2020-05-08T04:01	83.88616	15.75094	0.441	234.0
2020-05-08T04:11	83.88544	15.74157	0.443	234.2
2020-05-08T04:21	83.88472	15.73209	0.447	234.4
2020-05-08T04:31	83.88401	15.72247	0.450	235.0
2020-05-08T04:41	83.88329	15.71280	0.453	235.1
2020-05-08T04:51	83.88256	15.70313	0.454	234.8
2020-05-08T05:01	83.88183	15.69341	0.456	234.8
2020-05-08T05:11	83.88108	15.68344	0.468	234.9
2020-05-08T05:21	83.88035	15.67341	0.467	235.5
2020-05-08T05:31	83.87960	15.66306	0.480	235.9
2020-05-08T05:41	83.87884	15.65252	0.489	235.9
2020-05-08T05:51	83.87807	15.64184	0.495	236.0
2020-05-08T06:01	83.87729	15.63100	0.502	236.0
2020-05-08T06:11	83.87650	15.61997	0.510	236.1
2020-05-08T06:21	83.87572	15.60887	0.511	236.6
2020-05-08T06:31	83.87493	15.59769	0.514	236.8
2020-05-08T06:41	83.87415	15.58636	0.518	237.1
2020-05-08T06:51	83.87337	15.57493	0.522	237.3
2020-05-08T07:01	83.87259	15.56338	0.525	237.8
2020-05-08T07:11	83.87182	15.55182	0.525	237.8
2020-05-08T07:21	83.87104	15.54014	0.529	238.1
2020-05-08T07:31	83.87023	15.52820	0.544	237.5
2020-05-08T07:41	83.86945	15.51664	0.525	237.8
2020-05-08T07:51	83.86865	15.50455	0.547	238.2
2020-05-08T08:01	83.86787	15.49287	0.528	238.2
2020-05-08T08:11	83.86707	15.48071	0.551	238.2
2020-05-08T08:21	83.86629	15.46897	0.531	238.2
2020-05-08T08:31	83.86550	15.45695	0.543	238.5
2020-05-08T08:41	83.86473	15.44492	0.540	239.0
2020-05-08T08:51	83.86397	15.43288	0.538	239.3
2020-05-08T09:01	83.86319	15.42076	0.543	239.2
2020-05-08T09:11	83.86243	15.40865	0.542	239.4
2020-05-08T09:21	83.86169	15.39641	0.541	240.5
2020-05-08T09:31	83.86096	15.38430	0.535	240.7
2020-05-08T09:41	83.86023	15.37235	0.531	240.1
2020-05-08T09:51	83.85952	15.36031	0.529	241.3
2020-05-08T10:01	83.85882	15.34819	0.530	241.6
2020-05-08T10:11	83.85814	15.33624	0.522	241.9
2020-05-08T10:21	83.85749	15.32437	0.514	242.9
2020-05-08T10:31	83.85686	15.31233	0.516	244.0
2020-05-08T10:41	83.85622	15.30044	0.512	243.5
2020-05-08T10:51	83.85560	15.28866	0.507	243.7
2020-05-08T11:01	83.85501	15.27677	0.505	245.2
2020-05-08T11:11	83.85447	15.26474	0.503	247.1
2020-05-08T11:21	83.85392	15.25268	0.504	247.1
2020-05-08T11:31	83.85337	15.24069	0.504	246.7
2020-05-08T11:41	83.85283	15.22877	0.500	246.9
2020-05-08T11:51	83.85230	15.21707	0.489	247.2
2020-05-08T12:01	83.85180	15.20561	0.477	247.9
2020-05-08T12:11	83.85132	15.19422	0.472	248.4
2020-05-08T12:21	83.85083	15.18295	0.469	248.0
2020-05-08T12:31	83.85035	15.17174	0.466	248.2
2020-05-08T12:41	83.84987	15.16057	0.464	248.3
2020-05-08T12:51	83.84938	15.14945	0.464	247.7
2020-05-08T13:01	83.84891	15.13826	0.465	248.3
2020-05-08T13:11	83.84843	15.12720	0.459	248.3
2020-05-08T13:21	83.84798	15.11618	0.455	249.1
2020-05-08T13:31	83.84754	15.10531	0.449	249.1
2020-05-08T13:41	83.84711	15.09463	0.440	249.5
2020-05-08T13:51	83.84669	15.08388	0.442	249.7
2020-05-08T14:01	83.84627	15.07304	0.444	250.3
2020-05-08T14:11	83.84587	15.06231	0.438	250.8
2020-05-08T14:21	83.84548	15.05171	0.433	251.0
2020-05-08T14:31	83.84510	15.04117	0.429	251.6
2020-05-08T14:41	83.84473	15.03071	0.425	251.8
2020-05-08T14:51	83.84437	15.02018	0.427	252.3
2020-05-08T15:01	83.84401	15.00982	0.421	251.7
2020-05-08T15:11	83.84364	14.99949	0.420	251.9
2020-05-08T15:21	83.84328	14.98913	0.420	252.0
2020-05-08T15:31	83.84293	14.97882	0.418	252.3
2020-05-08T15:41	83.84259	14.96850	0.417	252.9
2020-05-08T15:51	83.84225	14.95830	0.413	252.5
2020-05-08T16:01	83.84191	14.94809	0.412	252.9
2020-05-08T16:11	83.84157	14.93788	0.413	252.7
2020-05-08T16:21	83.84122	14.92761	0.416	252.4
2020-05-08T16:31	83.84088	14.91726	0.418	253.0
2020-05-08T16:41	83.84054	14.90688	0.420	253.0
2020-05-08T16:51	83.84019	14.89653	0.418	252.8
2020-05-08T17:01	83.83985	14.88613	0.421	252.8
2020-05-08T17:11	83.83950	14.87578	0.419	252.8
2020-05-08T17:21	83.83916	14.86533	0.422	253.2
2020-05-08T17:31	83.83884	14.85484	0.422	253.8
2020-05-08T17:41	83.83849	14.84437	0.424	252.8
2020-05-08T17:51	83.83817	14.83388	0.422	254.1
2020-05-08T18:01	83.83784	14.82337	0.423	253.6
2020-05-08T18:11	83.83751	14.81301	0.418	253.4
2020-05-08T18:21	83.83716	14.80237	0.430	252.9
2020-05-08T18:31	83.83675	14.79173	0.436	250.7
2020-05-08T18:41	83.83634	14.78099	0.441	250.3
2020-05-08T18:51	83.83595	14.77019	0.441	251.4
2020-05-08T19:01	83.83555	14.75940	0.441	250.9
2020-05-08T19:11	83.83513	14.74863	0.442	250.2
2020-05-08T19:21	83.83473	14.73759	0.451	251.1
2020-05-08T19:31	83.83432	14.72677	0.444	250.4
2020-05-08T19:41	83.83389	14.71595	0.446	249.7
2020-05-08T19:51	83.83345	14.70508	0.449	249.4
2020-05-08T20:01	83.83300	14.69432	0.446	248.9
2020-05-08T20:11	83.83257	14.68354	0.445	249.6
2020-05-08T20:21	83.83212	14.67301	0.438	248.4
2020-05-08T20:31	83.83165	14.66269	0.434	247.1
2020-05-08T20:41	83.83116	14.65244	0.434	246.0
2020-05-08T20:51	83.83065	14.64245	0.428	244.4
2020-05-08T21:01	83.83014	14.63246	0.429	244.5
2020-05-08T21:11	83.82961	14.62257	0.428	243.5
2020-05-08T21:21	83.82907	14.61286	0.423	242.7
2020-05-08T21:31	83.82853	14.60306	0.426	243.0
2020-05-08T21:41	83.82800	14.59325	0.425	243.3
2020-05-08T21:51	83.82746	14.58330	0.432	243.2
2020-05-08T22:01	83.82691	14.57337	0.432	242.9
2020-05-08T22:11	83.82635	14.56350	0.433	242.1
2020-05-08T22:21	83.82576	14.55349	0.441	241.5
2020-05-08T22:31	83.82517	14.54371	0.435	240.5
2020-05-08T22:41	83.82459	14.53367	0.441	241.8
2020-05-08T22:51	83.82400	14.52366	0.443	241.2
2020-05-08T23:01	83.82339	14.51371	0.443	240.5
2020-05-08T23:11	83.82278	14.50397	0.437	239.7
2020-05-08T23:21	83.82215	14.49429	0.438	238.8
2020-05-08T23:31	83.82150	14.48484	0.434	237.5
2020-05-08T23:41	83.82085	14.47555	0.429	237.1
2020-05-08T23:51	83.82019	14.46640	0.427	236.2
2020-05-09T00:01	83.81954	14.45754	0.417	235.5
2020-05-09T00:11	83.81887	14.44873	0.417	235.0
2020-05-09T00:21	83.81820	14.44010	0.413	234.2
2020-05-09T00:31	83.81753	14.43165	0.407	233.5
2020-05-09T00:41	83.81686	14.42334	0.403	233.0
2020-05-09T00:51	83.81618	14.41521	0.399	232.3
2020-05-09T01:01	83.81550	14.40720	0.396	231.7
2020-05-09T01:11	83.81481	14.39933	0.393	230.9
2020-05-09T01:21	83.81412	14.39156	0.390	230.7
2020-05-09T01:31	83.81344	14.38357	0.396	231.6
2020-05-09T01:41	83.81277	14.37587	0.385	230.9
2020-05-09T01:51	83.81210	14.36819	0.383	231.1
2020-05-09T02:01	83.81140	14.36080	0.382	228.7
2020-05-09T02:11	83.81071	14.35357	0.374	228.6
2020-05-09T02:21	83.81005	14.34599	0.379	230.9
2020-05-09T02:31	83.80940	14.33834	0.378	231.9
2020-05-09T02:41	83.80875	14.33075	0.376	231.7
2020-05-09T02:51	83.80811	14.32345	0.366	230.8
2020-05-09T03:01	83.80749	14.31620	0.360	231.4
2020-05-09T03:11	83.80686	14.30899	0.359	231.2
2020-05-09T03:21	83.80624	14.30189	0.356	230.9
2020-05-09T03:31	83.80563	14.29479	0.353	231.4
2020-05-09T03:41	83.80503	14.28745	0.357	233.0
2020-05-09T03:51	83.80444	14.28019	0.354	232.8
2020-05-09T04:01	83.80385	14.27288	0.353	233.6
2020-05-09T04:11	83.80327	14.26572	0.349	232.9
2020-05-09T04:21	83.80268	14.25857	0.350	232.6
2020-05-09T04:31	83.80209	14.25159	0.346	231.7
2020-05-09T04:41	83.80149	14.24463	0.345	231.7
2020-05-09T04:51	83.80088	14.23799	0.340	229.5
2020-05-09T05:01	83.80027	14.23172	0.328	227.9
2020-05-09T05:11	83.79964	14.22532	0.335	228.0
2020-05-09T05:21	83.79903	14.21914	0.326	227.4
2020-05-09T05:31	83.79843	14.21284	0.327	228.5
2020-05-09T05:41	83.79782	14.20680	0.322	226.8
2020-05-09T05:51	83.79727	14.19984	0.335	234.0
2020-05-09T06:01	83.79670	14.19293	0.338	232.6
2020-05-09T06:11	83.79611	14.18598	0.344	231.8
2020-05-09T06:21	83.79550	14.17897	0.350	231.2
2020-05-09T06:31	83.79488	14.17201	0.350	230.6
2020-05-09T06:41	83.79426	14.16502	0.352	230.6
2020-05-09T06:51	83.79363	14.15820	0.349	229.6
2020-05-09T07:01	83.79299	14.15159	0.346	228.0
2020-05-09T07:11	83.79234	14.14487	0.349	228.6
2020-05-09T07:21	83.79170	14.13803	0.352	229.1
2020-05-09T07:31	83.79105	14.13131	0.353	227.9
2020-05-09T07:41	83.79040	14.12457	0.351	228.3
2020-05-09T07:51	83.78973	14.11817	0.346	226.0
2020-05-09T08:01	83.78906	14.11181	0.347	225.5
2020-05-09T08:11	83.78836	14.10556	0.349	224.3
2020-05-09T08:21	83.78767	14.09930	0.349	224.3
2020-05-09T08:31	83.78696	14.09328	0.347	222.5
2020-05-09T08:41	83.78626	14.08706	0.350	224.0
2020-05-09T08:51	83.78555	14.08068	0.355	224.5
2020-05-09T09:01	83.78485	14.07434	0.355	224.2
2020-05-09T09:11	83.78416	14.06792	0.353	225.2
2020-05-09T09:21	83.78345	14.06179	0.350	223.0
2020-05-09T09:31	83.78274	14.05556	0.352	223.7
2020-05-09T09:41	83.78202	14.05031	0.331	218.2
2020-05-09T09:51	83.78127	14.04417	0.360	221.7
2020-05-09T10:01	83.78051	14.03721	0.387	224.5
2020-05-09T10:11	83.77974	14.03045	0.382	223.7
2020-05-09T10:21	83.77896	14.02369	0.385	223.3
2020-05-09T10:31	83.77817	14.01686	0.389	223.3
2020-05-09T10:41	83.77737	14.01017	0.389	222.1
2020-05-09T10:51	83.77656	14.00359	0.390	221.2
2020-05-09T11:01	83.77574	13.99721	0.387	220.1
2020-05-09T11:11	83.77489	13.99207	0.365	213.4
2020-05-09T11:21	83.77408	13.98684	0.356	215.0
2020-05-09T11:31	83.77326	13.98155	0.361	215.0
2020-05-09T11:41	83.77244	13.97664	0.351	213.1
2020-05-09T11:51	83.77163	13.97158	0.352	214.2
2020-05-09T12:01	83.77083	13.96681	0.345	212.7
2020-05-09T12:11	83.77004	13.96222	0.337	212.2
2020-05-09T12:21	83.76922	13.95814	0.334	208.5
2020-05-09T12:31	83.76839	13.95457	0.328	205.1
2020-05-09T12:41	83.76757	13.95087	0.329	206.1
2020-05-09T12:51	83.76677	13.94715	0.325	206.6
2020-05-09T13:01	83.76596	13.94372	0.319	204.8
2020-05-09T13:11	83.76516	13.94039	0.316	204.4
2020-05-09T13:21	83.76436	13.93711	0.315	204.0
2020-05-09T13:31	83.76357	13.93356	0.318	205.9
2020-05-09T13:41	83.76279	13.93002	0.314	206.2
2020-05-09T13:51	83.76202	13.92682	0.304	204.3
2020-05-09T14:01	83.76125	13.92377	0.301	203.4
2020-05-09T14:11	83.76050	13.92103	0.293	201.4
2020-05-09T14:21	83.75972	13.91848	0.298	199.6
2020-05-09T14:31	83.75892	13.91583	0.303	200.0
2020-05-09T14:41	83.75813	13.91385	0.295	195.2
2020-05-09T14:51	83.75735	13.91192	0.293	195.0
2020-05-09T15:01	83.75657	13.90991	0.291	195.7
2020-05-09T15:11	83.75581	13.90769	0.287	197.6
2020-05-09T15:21	83.75507	13.90543	0.280	198.4
2020-05-09T15:31	83.75434	13.90296	0.281	200.2
2020-05-09T15:41	83.75362	13.90032	0.280	201.6
2020-05-09T15:51	83.75290	13.89778	0.278	201.0
2020-05-09T16:01	83.75218	13.89513	0.277	202.0
2020-05-09T16:11	83.75147	13.89251	0.277	201.8
2020-05-09T16:21	83.75075	13.88984	0.279	202.0
2020-05-09T16:31	83.75005	13.88710	0.276	202.9
2020-05-09T16:41	83.74935	13.88426	0.275	203.8
2020-05-09T16:51	83.74865	13.88135	0.275	204.5
2020-05-09T17:01	83.74796	13.87849	0.274	204.1
2020-05-09T17:11	83.74726	13.87550	0.276	205.2
2020-05-09T17:21	83.74657	13.87247	0.276	205.5
2020-05-09T17:31	83.74589	13.86934	0.276	206.4
2020-05-09T17:41	83.74520	13.86610	0.278	207.3
2020-05-09T17:51	83.74453	13.86276	0.276	208.3
2020-05-09T18:01	83.74384	13.85938	0.281	208.1
2020-05-09T18:11	83.74314	13.85596	0.283	208.3
2020-05-09T18:21	83.74246	13.85238	0.284	209.6
2020-05-09T18:31	83.74177	13.84880	0.284	209.6
2020-05-09T18:41	83.74106	13.84517	0.292	209.2
2020-05-09T18:51	83.74036	13.84151	0.292	209.5
2020-05-09T19:01	83.73965	13.83790	0.291	209.1
2020-05-09T19:11	83.73893	13.83421	0.297	209.3
2020-05-09T19:21	83.73819	13.83059	0.301	208.2
2020-05-09T19:31	83.73745	13.82680	0.305	209.2
2020-05-09T19:41	83.73670	13.82237	0.324	212.5
2020-05-09T19:51	83.73593	13.81783	0.329	212.8
2020-05-09T20:01	83.73516	13.81345	0.326	211.9
2020-05-09T20:11	83.73439	13.80902	0.326	212.3
2020-05-09T20:21	83.73361	13.80460	0.332	211.6
2020-05-09T20:31	83.73284	13.80009	0.328	212.7
2020-05-09T20:41	83.73207	13.79555	0.331	212.6
2020-05-09T20:51	83.73131	13.79086	0.331	214.0
2020-05-09T21:01	83.73055	13.78603	0.333	214.7
2020-05-09T21:11	83.72979	13.78133	0.330	214.1
2020-05-09T21:21	83.72903	13.77654	0.332	214.6
2020-05-09T21:31	83.72828	13.77174	0.329	215.0
2020-05-09T21:41	83.72754	13.76692	0.328	215.3
2020-05-09T21:51	83.72679	13.76223	0.325	214.6
2020-05-09T22:01	83.72605	13.75751	0.324	215.0
2020-05-09T22:11	83.72532	13.75292	0.320	214.3
2020-05-09T22:21	83.72458	13.74834	0.322	214.1
2020-05-09T22:31	83.72384	13.74382	0.319	213.9
2020-05-09T22:41	83.72312	13.73930	0.317	214.2
2020-05-09T22:51	83.72238	13.73496	0.314	212.9
2020-05-09T23:01	83.72166	13.73094	0.306	211.2
2020-05-09T23:11	83.72093	13.72707	0.304	210.1
2020-05-09T23:21	83.72020	13.72339	0.301	208.7
2020-05-09T23:31	83.71948	13.71997	0.290	207.7
2020-05-09T23:41	83.71877	13.71667	0.286	207.0
2020-05-09T23:51	83.71808	13.71357	0.279	205.9
2020-05-10T00:01	83.71739	13.71046	0.278	206.2
2020-05-10T00:11	83.71670	13.70749	0.274	205.3
2020-05-10T00:21	83.71601	13.70455	0.273	205.1
2020-05-10T00:31	83.71533	13.70161	0.270	205.4
2020-05-10T00:41	83.71466	13.69891	0.265	203.7
2020-05-10T00:51	83.71400	13.69631	0.260	203.2
2020-05-10T01:01	83.71334	13.69374	0.259	203.1
2020-05-10T01:11	83.71266	13.69137	0.262	201.0
2020-05-10T01:21	83.71199	13.68899	0.256	201.4
2020-05-10T01:31	83.71135	13.68685	0.247	200.0
2020-05-10T01:41	83.71071	13.68495	0.243	197.9
2020-05-10T01:51	83.71007	13.68309	0.241	197.8
2020-05-10T02:01	83.70944	13.68136	0.239	196.6
2020-05-10T02:11	83.70880	13.67990	0.236	194.1
2020-05-10T02:21	83.70818	13.67854	0.231	193.4
2020-05-10T02:31	83.70752	13.67641	0.251	199.6
2020-05-10T02:41	83.70686	13.67435	0.251	198.9
2020-05-10T02:51	83.70622	13.67288	0.239	194.0
2020-05-10T03:01	83.70557	13.67153	0.239	192.8
2020-05-10T03:11	83.70494	13.67032	0.232	191.9
2020-05-10T03:21	83.70429	13.66858	0.247	196.2
2020-05-10T03:31	83.70359	13.66649	0.265	198.1
2020-05-10T03:41	83.70286	13.66413	0.276	199.7
2020-05-10T03:51	83.70220	13.66209	0.254	198.6
2020-05-10T04:01	83.70157	13.66044	0.235	196.1
2020-05-10T04:11	83.70093	13.65880	0.238	195.8
2020-05-10T04:21	83.70030	13.65702	0.238	197.2
2020-05-10T04:31	83.69967	13.65515	0.239	198.0
2020-05-10T04:41	83.69903	13.65320	0.242	198.5
2020-05-10T04:51	83.69840	13.65118	0.243	199.2
2020-05-10T05:01	83.69775	13.64908	0.247	199.7
2020-05-10T05:11	83.69709	13.64681	0.256	200.5
2020-05-10T05:21	83.69643	13.64450	0.255	201.0
2020-05-10T05:31	83.69575	13.64213	0.260	201.2
2020-05-10T05:41	83.69507	13.63970	0.264	201.3
2020-05-10T05:51	83.69438	13.63709	0.269	202.6
2020-05-10T06:01	83.69367	13.63436	0.278	202.9
2020-05-10T06:11	83.69294	13.63138	0.287	204.2
2020-05-10T06:21	83.69220	13.62819	0.296	205.3
2020-05-10T06:31	83.69143	13.62488	0.305	205.5
2020-05-10T06:41	83.69067	13.62135	0.309	206.8
2020-05-10T06:51	83.68988	13.61773	0.318	206.7
2020-05-10T07:01	83.68907	13.61393	0.328	207.3
2020-05-10T07:11	83.68825	13.60991	0.336	208.2
2020-05-10T07:21	83.68741	13.60583	0.342	208.2
2020-05-10T07:31	83.68655	13.60152	0.353	209.0
2020-05-10T07:41	83.68568	13.59716	0.360	208.7
2020-05-10T07:51	83.68479	13.59264	0.365	209.4
2020-05-10T08:01	83.68389	13.58806	0.371	209.2
2020-05-10T08:11	83.68297	13.58341	0.379	209.1
2020-05-10T08:21	83.68205	13.57860	0.384	209.7
2020-05-10T08:31	83.68111	13.57374	0.390	209.6
2020-05-10T08:41	83.68015	13.56882	0.395	209.6
2020-05-10T08:51	83.67919	13.56375	0.402	209.9
2020-05-10T09:01	83.67821	13.55867	0.406	209.8
2020-05-10T09:11	83.67722	13.55355	0.409	209.8
2020-05-10T09:21	83.67622	13.54835	0.415	209.8
2020-05-10T09:31	83.67521	13.54311	0.420	209.7
2020-05-10T09:41	83.67419	13.53785	0.421	209.7
2020-05-10T09:51	83.67316	13.53257	0.426	209.5
2020-05-10T10:01	83.67212	13.52728	0.429	209.3
2020-05-10T10:11	83.67107	13.52201	0.431	209.0
2020-05-10T10:21	83.67001	13.51671	0.436	208.9
2020-05-10T10:31	83.66894	13.51145	0.438	208.5
2020-05-10T10:41	83.66787	13.50618	0.440	208.4
2020-05-10T10:51	83.66678	13.50095	0.443	207.9
2020-05-10T11:01	83.66570	13.49565	0.443	208.4
2020-05-10T11:11	83.66461	13.49040	0.445	208.0
2020-05-10T11:21	83.66351	13.48515	0.446	207.9
2020-05-10T11:31	83.66241	13.47993	0.449	207.5
2020-05-10T11:41	83.66130	13.47477	0.448	207.3
2020-05-10T11:51	83.66018	13.46967	0.450	206.8
2020-05-10T12:01	83.65907	13.46459	0.447	206.8
2020-05-10T12:11	83.65796	13.45960	0.447	206.4
2020-05-10T12:21	83.65684	13.45467	0.448	206.0
2020-05-10T12:31	83.65573	13.44976	0.446	206.0
2020-05-10T12:41	83.65462	13.44493	0.444	205.7
2020-05-10T12:51	83.65350	13.44019	0.446	205.0
2020-05-10T13:01	83.65237	13.43541	0.448	205.1
2020-05-10T13:11	83.65123	13.43079	0.448	204.3
2020-05-10T13:21	83.65010	13.42621	0.447	204.0
2020-05-10T13:31	83.64896	13.42181	0.446	203.1
2020-05-10T13:41	83.64783	13.41737	0.445	203.4
2020-05-10T13:51	83.64669	13.41307	0.442	202.8
2020-05-10T14:01	83.64557	13.40888	0.439	202.3
2020-05-10T14:11	83.64444	13.40472	0.439	202.2
2020-05-10T14:21	83.64330	13.40066	0.439	201.6
2020-05-10T14:31	83.64217	13.39681	0.435	200.7
2020-05-10T14:41	83.64105	13.39296	0.432	200.8
2020-05-10T14:51	83.63992	13.38920	0.435	200.2
2020-05-10T15:01	83.63881	13.38558	0.425	199.9
2020-05-10T15:11	83.63770	13.38204	0.422	199.6
2020-05-10T15:21	83.63660	13.37868	0.420	198.6
2020-05-10T15:31	83.63551	13.37538	0.414	198.6
2020-05-10T15:41	83.63442	13.37217	0.412	198.1
2020-05-10T15:51	83.63334	13.36901	0.410	197.9
2020-05-10T16:01	83.63226	13.36581	0.410	198.2
2020-05-10T16:11	83.63118	13.36262	0.409	198.2
2020-05-10T16:21	83.63011	13.35947	0.404	198.1
2020-05-10T16:31	83.62905	13.35632	0.403	198.1
2020-05-10T16:41	83.62799	13.35318	0.402	198.2
2020-05-10T16:51	83.62693	13.35005	0.402	198.1
2020-05-10T17:01	83.62587	13.34699	0.399	197.9
2020-05-10T17:11	83.62482	13.34392	0.400	197.9
2020-05-10T17:21	83.62377	13.34078	0.399	198.3
2020-05-10T17:31	83.62271	13.33760	0.399	198.6
2020-05-10T17:41	83.62166	13.33441	0.399	198.6
2020-05-10T17:51	83.62061	13.33117	0.401	198.9
2020-05-10T18:01	83.61954	13.32804	0.405	198.0
2020-05-10T18:11	83.61849	13.32475	0.399	199.2
2020-05-10T18:21	83.61743	13.32147	0.405	198.9
2020-05-10T18:31	83.61637	13.31805	0.406	199.7
2020-05-10T18:41	83.61529	13.31465	0.410	199.4
2020-05-10T18:51	83.61423	13.31110	0.408	200.4
2020-05-10T19:01	83.61317	13.30760	0.408	200.1
2020-05-10T19:11	83.61210	13.30398	0.411	200.7
2020-05-10T19:21	83.61103	13.30032	0.411	200.9
2020-05-10T19:31	83.60996	13.29664	0.415	200.8
2020-05-10T19:41	83.60889	13.29288	0.414	201.4
2020-05-10T19:51	83.60781	13.28913	0.417	201.1
2020-05-10T20:01	83.60673	13.28527	0.416	201.8
2020-05-10T20:11	83.60566	13.28143	0.418	201.7
2020-05-10T20:21	83.60458	13.27748	0.419	202.2
2020-05-10T20:31	83.60351	13.27347	0.416	202.7
2020-05-10T20:41	83.60244	13.26949	0.419	202.4
2020-05-10T20:51	83.60136	13.26545	0.420	202.7
2020-05-10T21:01	83.60028	13.26136	0.421	203.0
2020-05-10T21:11	83.59920	13.25723	0.423	203.0
2020-05-10T21:21	83.59813	13.25307	0.422	203.3
2020-05-10T21:31	83.59704	13.24891	0.425	203.2
2020-05-10T21:41	83.59595	13.24477	0.426	203.0
2020-05-10T21:51	83.59486	13.24066	0.425	202.8
2020-05-10T22:01	83.59376	13.23650	0.430	202.9
2020-05-10T22:11	83.59267	13.23239	0.429	202.7
2020-05-10T22:21	83.59156	13.22832	0.429	202.4
2020-05-10T22:31	83.59046	13.22425	0.429	202.4
2020-05-10T22:41	83.58936	13.22023	0.428	202.2
2020-05-10T22:51	83.58826	13.21626	0.428	201.9
2020-05-10T23:01	83.58715	13.21232	0.427	201.7
2020-05-10T23:11	83.58605	13.20839	0.426	201.8
2020-05-10T23:21	83.58495	13.20452	0.426	201.4
2020-05-10T23:31	83.58385	13.20078	0.424	200.8
2020-05-10T23:41	83.58276	13.19712	0.420	200.5
2020-05-10T23:51	83.58167	13.19352	0.420	200.2
2020-05-11T00:01	83.58058	13.19005	0.416	199.6
2020-05-11T00:11	83.57949	13.18665	0.415	199.3
2020-05-11T00:21	83.57841	13.18341	0.412	198.5
2020-05-11T00:31	83.57733	13.18022	0.409	198.3
2020-05-11T00:41	83.57625	13.17716	0.406	197.7
2020-05-11T00:51	83.57518	13.17422	0.404	197.1
2020-05-11T01:01	83.57411	13.17147	0.401	196.1
2020-05-11T01:11	83.57304	13.16888	0.398	195.1
2020-05-11T01:21	83.57197	13.16637	0.398	194.8
2020-05-11T01:31	83.57092	13.16401	0.392	194.0
2020-05-11T01:41	83.56986	13.16180	0.390	193.2
2020-05-11T01:51	83.56880	13.15981	0.389	191.9
2020-05-11T02:01	83.56775	13.15792	0.387	191.4
2020-05-11T02:11	83.56670	13.15622	0.384	190.3
2020-05-11T02:21	83.56565	13.15474	0.383	189.0
2020-05-11T02:31	83.56460	13.15331	0.385	188.6
2020-05-11T02:41	83.56354	13.15201	0.383	187.9
2020-05-11T02:51	83.56249	13.15092	0.381	186.6
2020-05-11T03:01	83.56144	13.14995	0.380	185.9
2020-05-11T03:11	83.56037	13.14914	0.386	184.9
2020-05-11T03:21	83.55931	13.14838	0.383	184.6
2020-05-11T03:31	83.55825	13.14768	0.384	184.2
2020-05-11T03:41	83.55718	13.14707	0.385	183.6
2020-05-11T03:51	83.55610	13.14662	0.389	182.7
2020-05-11T04:01	83.55503	13.14632	0.388	181.8
2020-05-11T04:11	83.55394	13.14612	0.390	181.2
2020-05-11T04:21	83.55286	13.14599	0.391	180.7
2020-05-11T04:31	83.55177	13.14594	0.393	180.3
2020-05-11T04:41	83.55067	13.14595	0.394	179.9
2020-05-11T04:51	83.54958	13.14588	0.392	180.4
2020-05-11T05:01	83.54848	13.14581	0.399	180.4
2020-05-11T05:11	83.54738	13.14576	0.396	180.3
2020-05-11T05:21	83.54626	13.14564	0.401	180.7
2020-05-11T05:31	83.54515	13.14547	0.402	181.0
2020-05-11T05:41	83.54402	13.14527	0.407	181.2
2020-05-11T05:51	83.54288	13.14513	0.408	180.7
2020-05-11T06:01	83.54174	13.14499	0.413	180.8
2020-05-11T06:11	83.54059	13.14473	0.414	181.5
2020-05-11T06:21	83.53942	13.14453	0.420	181.1
2020-05-11T06:31	83.53825	13.14434	0.421	181.1
2020-05-11T06:41	83.53708	13.14416	0.423	180.9
2020-05-11T06:51	83.53590	13.14399	0.424	181.0
2020-05-11T07:01	83.53470	13.14375	0.431	181.2
2020-05-11T07:11	83.53350	13.14353	0.435	181.2
2020-05-11T07:21	83.53230	13.14323	0.432	181.6
2020-05-11T07:31	83.53108	13.14293	0.441	181.6
2020-05-11T07:41	83.52986	13.14257	0.439	181.9
2020-05-11T07:51	83.52862	13.14216	0.444	182.1
2020-05-11T08:01	83.52738	13.14179	0.449	181.9
2020-05-11T08:11	83.52613	13.14134	0.449	182.3
2020-05-11T08:21	83.52487	13.14093	0.454	182.1
2020-05-11T08:31	83.52362	13.14031	0.453	183.1
2020-05-11T08:41	83.52235	13.13964	0.457	183.4
2020-05-11T08:51	83.52108	13.13888	0.458	183.9
2020-05-11T09:01	83.51980	13.13808	0.461	184.0
2020-05-11T09:11	83.51852	13.13721	0.463	184.4
2020-05-11T09:21	83.51724	13.13627	0.464	184.7
2020-05-11T09:31	83.51595	13.13516	0.466	185.6
2020-05-11T09:41	83.51466	13.13402	0.466	185.7
2020-05-11T09:51	83.51337	13.13284	0.467	185.9
2020-05-11T10:01	83.51208	13.13164	0.466	186.0
2020-05-11T10:11	83.51080	13.13032	0.466	186.6
2020-05-11T10:21	83.50952	13.12897	0.465	186.8
2020-05-11T10:31	83.50823	13.12752	0.465	187.3
2020-05-11T10:41	83.50695	13.12599	0.467	187.7
2020-05-11T10:51	83.50567	13.12433	0.467	188.3
2020-05-11T11:01	83.50439	13.12259	0.466	188.7
2020-05-11T11:11	83.50310	13.12078	0.467	189.1
2020-05-11T11:21	83.50183	13.11898	0.464	189.1
2020-05-11T11:31	83.50056	13.11715	0.463	189.3
2020-05-11T11:41	83.49930	13.11537	0.461	189.0
2020-05-11T11:51	83.49804	13.11366	0.460	188.7
2020-05-11T12:01	83.49678	13.11198	0.457	188.7
2020-05-11T12:11	83.49553	13.11028	0.455	188.8
2020-05-11T12:21	83.49429	13.10862	0.454	188.6
2020-05-11T12:31	83.49305	13.10697	0.451	188.6
2020-05-11T12:41	83.49180	13.10540	0.454	188.1
2020-05-11T12:51	83.49058	13.10378	0.444	188.5
2020-05-11T13:01	83.48936	13.10225	0.444	188.1
2020-05-11T13:11	83.48814	13.10081	0.442	187.6
2020-05-11T13:21	83.48693	13.09947	0.439	187.2
2020-05-11T13:31	83.48573	13.09819	0.436	186.9
2020-05-11T13:41	83.48453	13.09698	0.435	186.5
2020-05-11T13:51	83.48334	13.09580	0.433	186.4
2020-05-11T14:01	83.48215	13.09478	0.430	185.6
2020-05-11T14:11	83.48098	13.09375	0.423	185.7
2020-05-11T14:21	83.47982	13.09283	0.419	185.1
2020-05-11T14:31	83.47866	13.09202	0.418	184.6
2020-05-11T14:41	83.47752	13.09124	0.413	184.4
2020-05-11T14:51	83.47637	13.09053	0.414	184.0
2020-05-11T15:01	83.47522	13.08986	0.413	183.8
2020-05-11T15:11	83.47409	13.08923	0.409	183.7
2020-05-11T15:21	83.47295	13.08860	0.410	183.6
2020-05-11T15:31	83.47183	13.08790	0.405	184.0
2020-05-11T15:41	83.47071	13.08725	0.403	183.8
2020-05-11T15:51	83.46961	13.08655	0.397	184.1
2020-05-11T16:01	83.46852	13.08582	0.394	184.4
2020-05-11T16:11	83.46744	13.08504	0.391	184.7
2020-05-11T16:21	83.46637	13.08426	0.386	184.7
2020-05-11T16:31	83.46532	13.08349	0.381	184.8
2020-05-11T16:41	83.46429	13.08264	0.373	185.4
2020-05-11T16:51	83.46327	13.08184	0.368	185.1
2020-05-11T17:01	83.46226	13.08099	0.367	185.4
2020-05-11T17:11	83.46127	13.08001	0.356	186.5
2020-05-11T17:21	83.46030	13.07891	0.352	187.4
2020-05-11T17:31	83.45935	13.07778	0.347	187.7
2020-05-11T17:41	83.45841	13.07655	0.340	188.6
2020-05-11T17:51	83.45748	13.07531	0.338	188.6
2020-05-11T18:01	83.45658	13.07400	0.329	189.4
2020-05-11T18:11	83.45569	13.07262	0.327	190.0
2020-05-11T18:21	83.45481	13.07119	0.321	190.5
2020-05-11T18:31	83.45395	13.06967	0.315	191.5
2020-05-11T18:41	83.45310	13.06808	0.312	192.1
2020-05-11T18:51	83.45228	13.06644	0.305	192.8
2020-05-11T19:01	83.45145	13.06475	0.305	193.1
2020-05-11T19:11	83.45065	13.06308	0.298	193.3
2020-05-11T19:21	83.44985	13.06133	0.295	194.1
2020-05-11T19:31	83.44907	13.05963	0.291	193.9
2020-05-11T19:41	83.44830	13.05787	0.287	194.6
2020-05-11T19:51	83.44754	13.05607	0.282	195.2
2020-05-11T20:01	83.44679	13.05418	0.279	196.1
2020-05-11T20:11	83.44604	13.05228	0.281	196.2
2020-05-11T20:21	83.44534	13.05025	0.266	198.3
2020-05-11T20:31	83.44464	13.04805	0.269	199.7
2020-05-11T20:41	83.44395	13.04588	0.263	199.8
2020-05-11T20:51	83.44328	13.04356	0.260	201.5
2020-05-11T21:01	83.44262	13.04123	0.255	202.0
2020-05-11T21:11	83.44198	13.03882	0.251	203.3
2020-05-11T21:21	83.44136	13.03640	0.247	203.7
2020-05-11T21:31	83.44073	13.03396	0.247	204.1
2020-05-11T21:41	83.44011	13.03148	0.244	204.6
2020-05-11T21:51	83.43951	13.02884	0.244	206.4
2020-05-11T22:01	83.43891	13.02630	0.238	206.1
2020-05-11T22:11	83.43834	13.02373	0.233	207.0
2020-05-11T22:21	83.43776	13.02113	0.233	207.3
2020-05-11T22:31	83.43721	13.01847	0.226	208.9
2020-05-11T22:41	83.43666	13.01584	0.225	208.8
2020-05-11T22:51	83.43612	13.01322	0.222	209.0
2020-05-11T23:01	83.43560	13.01054	0.220	210.2
2020-05-11T23:11	83.43508	13.00788	0.217	210.3
2020-05-11T23:21	83.43457	13.00518	0.213	211.4
2020-05-11T23:31	83.43407	13.00256	0.210	210.9
2020-05-11T23:41	83.43357	12.99992	0.209	211.2
2020-05-11T23:51	83.43310	12.99733	0.203	211.8
2020-05-12T00:01	83.43262	12.99477	0.201	211.6
2020-05-12T00:11	83.43215	12.99230	0.197	211.1
2020-05-12T00:21	83.43170	12.98982	0.193	212.0
2020-05-12T00:31	83.43125	12.98741	0.189	211.6
2020-05-12T00:41	83.43082	12.98498	0.185	212.7
2020-05-12T00:51	83.43039	12.98257	0.183	212.8
2020-05-12T01:01	83.42995	12.98027	0.183	211.1
2020-05-12T01:11	83.42953	12.97797	0.179	212.0
2020-05-12T01:21	83.42910	12.97564	0.181	212.1
2020-05-12T01:31	83.42869	12.97335	0.177	212.3
2020-05-12T01:41	83.42828	12.97115	0.173	211.6
2020-05-12T01:51	83.42788	12.96895	0.170	212.1
2020-05-12T02:01	83.42749	12.96683	0.166	211.7
2020-05-12T02:11	83.42710	12.96470	0.163	212.5
2020-05-12T02:21	83.42673	12.96263	0.161	212.2
2020-05-12T02:31	83.42636	12.96048	0.159	213.9
2020-05-12T02:41	83.42601	12.95828	0.156	215.6
2020-05-12T02:51	83.42566	12.95619	0.152	214.4
2020-05-12T03:01	83.42532	12.95412	0.149	215.1
2020-05-12T03:11	83.42499	12.95211	0.146	214.6
2020-05-12T03:21	83.42467	12.95010	0.141	216.1
2020-05-12T03:31	83.42436	12.94811	0.139	216.0
2020-05-12T03:41	83.42406	12.94617	0.136	216.3
2020-05-12T03:51	83.42376	12.94422	0.133	217.2
2020-05-12T04:01	83.42348	12.94222	0.132	218.7
2020-05-12T04:11	83.42320	12.94014	0.132	220.6
2020-05-12T04:21	83.42294	12.93797	0.130	223.4
2020-05-12T04:31	83.42269	12.93568	0.131	226.2
2020-05-12T04:41	83.42244	12.93333	0.131	228.0
2020-05-12T04:51	83.42222	12.93091	0.128	231.2
2020-05-12T05:01	83.42199	12.92829	0.135	233.0
2020-05-12T05:11	83.42179	12.92556	0.135	236.9
2020-05-12T05:21	83.42160	12.92272	0.136	239.3
2020-05-12T05:31	83.42141	12.91975	0.139	241.6
2020-05-12T05:41	83.42124	12.91664	0.142	244.6
2020-05-12T05:51	83.42109	12.91342	0.144	247.6
2020-05-12T06:01	83.42095	12.91005	0.148	249.8
2020-05-12T06:11	83.42082	12.90642	0.157	252.9
2020-05-12T06:21	83.42072	12.90255	0.164	256.7
2020-05-12T06:31	83.42061	12.89856	0.169	257.3
2020-05-12T06:41	83.42052	12.89439	0.175	259.0
2020-05-12T06:51	83.42045	12.88995	0.185	261.6
2020-05-12T07:01	83.42038	12.88530	0.193	263.4
2020-05-12T07:11	83.42034	12.88046	0.200	265.1
2020-05-12T07:21	83.42030	12.87540	0.209	266.0
2020-05-12T07:31	83.42027	12.87007	0.220	267.5
2020-05-12T07:41	83.42025	12.86458	0.227	268.7
2020-05-12T07:51	83.42025	12.85886	0.236	269.5
2020-05-12T08:01	83.42024	12.85291	0.246	269.5
2020-05-12T08:11	83.42024	12.84677	0.253	270.0
2020-05-12T08:21	83.42025	12.84049	0.259	270.7
2020-05-12T08:31	83.42027	12.83406	0.266	271.6
2020-05-12T08:41	83.42031	12.82743	0.274	272.9
2020-05-12T08:51	83.42037	12.82068	0.279	274.6
2020-05-12T09:01	83.42046	12.81369	0.290	276.3
2020-05-12T09:11	83.42057	12.80652	0.298	277.7
2020-05-12T09:21	83.42070	12.79919	0.306	278.6
2020-05-12T09:31	83.42084	12.79175	0.311	279.3
2020-05-12T09:41	83.42100	12.78424	0.316	280.6
2020-05-12T09:51	83.42117	12.77661	0.320	280.7
2020-05-12T10:01	83.42135	12.76884	0.327	281.6
2020-05-12T10:11	83.42154	12.76096	0.332	281.7
2020-05-12T10:21	83.42173	12.75302	0.335	282.3
2020-05-12T10:31	83.42192	12.74510	0.334	281.5
2020-05-12T10:41	83.42211	12.73720	0.333	281.9
2020-05-12T10:51	83.42230	12.72919	0.337	281.7
2020-05-12T11:01	83.42247	12.72113	0.338	280.5
2020-05-12T11:11	83.42264	12.71317	0.334	280.7
2020-05-12T11:21	83.42286	12.70537	0.332	284.1
2020-05-12T11:31	83.42306	12.69739	0.337	282.3
2020-05-12T11:41	83.42323	12.68952	0.330	280.4
2020-05-12T11:51	83.42338	12.68168	0.328	279.7
2020-05-12T12:01	83.42350	12.67391	0.323	277.6
2020-05-12T12:11	83.42361	12.66621	0.320	276.7
2020-05-12T12:21	83.42366	12.65861	0.314	273.9
2020-05-12T12:31	83.42370	12.65085	0.320	272.0
2020-05-12T12:41	83.42371	12.64334	0.310	271.0
2020-05-12T12:51	83.42372	12.63568	0.316	270.4
2020-05-12T13:01	83.42372	12.62868	0.288	270.5
2020-05-12T13:11	83.42376	12.62113	0.311	272.1
2020-05-12T13:21	83.42369	12.61364	0.310	265.8
2020-05-12T13:31	83.42358	12.60580	0.326	262.8
2020-05-12T13:41	83.42350	12.59778	0.332	264.8
2020-05-12T13:51	83.42335	12.58974	0.336	261.1
2020-05-12T14:01	83.42320	12.58141	0.348	261.0
2020-05-12T14:11	83.42303	12.57311	0.348	259.8
2020-05-12T14:21	83.42283	12.56482	0.349	258.3
2020-05-12T14:31	83.42262	12.55639	0.356	257.9
2020-05-12T14:41	83.42239	12.54817	0.349	256.0
2020-05-12T14:51	83.42219	12.53999	0.345	258.1
2020-05-12T15:01	83.42201	12.53201	0.336	258.8
2020-05-12T15:11	83.42172	12.52316	0.380	253.8
2020-05-12T15:21	83.42141	12.51417	0.386	253.7
2020-05-12T15:31	83.42111	12.50509	0.391	253.6
2020-05-12T15:41	83.42079	12.49604	0.391	252.8
2020-05-12T15:51	83.42045	12.48689	0.397	252.0
2020-05-12T16:01	83.42008	12.47751	0.408	251.3
2020-05-12T16:11	83.41970	12.46797	0.417	250.9
2020-05-12T16:21	83.41931	12.45848	0.417	249.9
2020-05-12T16:31	83.41887	12.44871	0.433	248.6
2020-05-12T16:41	83.41842	12.43847	0.452	249.3
2020-05-12T16:51	83.41802	12.42837	0.441	250.8
2020-05-12T17:01	83.41761	12.41871	0.425	249.5
2020-05-12T17:11	83.41715	12.40883	0.440	248.1
2020-05-12T17:21	83.41666	12.39804	0.480	248.2
2020-05-12T17:31	83.41615	12.38675	0.500	248.6
2020-05-12T17:41	83.41563	12.37493	0.523	249.1
2020-05-12T17:51	83.41507	12.36286	0.537	248.0
2020-05-12T18:01	83.41453	12.35082	0.534	248.6
2020-05-12T18:11	83.41393	12.34032	0.484	243.6
2020-05-12T18:21	83.41333	12.32944	0.500	244.1
2020-05-12T18:31	83.41271	12.31787	0.528	245.0
2020-05-12T18:41	83.41205	12.30610	0.541	243.9
2020-05-12T18:51	83.41136	12.29408	0.555	243.5
2020-05-12T19:01	83.41067	12.28122	0.585	245.1
2020-05-12T19:11	83.40998	12.26820	0.593	245.1
2020-05-12T19:21	83.40933	12.25612	0.552	244.8
2020-05-12T19:31	83.40868	12.24248	0.610	247.6
2020-05-12T19:41	83.40799	12.22748	0.668	248.2
2020-05-12T19:51	83.40730	12.21229	0.676	248.3
2020-05-12T20:01	83.40658	12.19703	0.681	247.8
2020-05-12T20:11	83.40587	12.18156	0.690	248.0
2020-05-12T20:21	83.40509	12.16652	0.681	245.9
2020-05-12T20:31	83.40437	12.15134	0.680	247.5
2020-05-12T20:41	83.40363	12.13579	0.696	247.6
2020-05-12T20:51	83.40285	12.12193	0.639	243.8
2020-05-12T21:01	83.40201	12.10861	0.629	241.3
2020-05-12T21:11	83.40119	12.09424	0.664	243.6
2020-05-12T21:21	83.40041	12.08018	0.647	244.1
2020-05-12T21:31	83.39967	12.06561	0.659	246.3
2020-05-12T21:41	83.39890	12.05131	0.653	244.9
2020-05-12T21:51	83.39814	12.03626	0.681	246.2
2020-05-12T22:01	83.39732	12.02139	0.683	244.3
2020-05-12T22:11	83.39647	12.00751	0.651	242.0
2020-05-12T22:21	83.39558	11.99263	0.693	242.7
2020-05-12T22:31	83.39466	11.97881	0.662	239.9
2020-05-12T22:41	83.39369	11.96484	0.676	239.0
2020-05-12T22:51	83.39267	11.95025	0.707	238.7
2020-05-12T23:01	83.39166	11.93445	0.749	241.0
2020-05-12T23:11	83.39059	11.91878	0.755	239.3
2020-05-12T23:21	83.38957	11.90222	0.779	241.8
2020-05-12T23:31	83.38849	11.88557	0.792	240.6
2020-05-12T23:41	83.38745	11.86838	0.806	242.1
2020-05-12T23:51	83.38638	11.85140	0.801	241.5
2020-05-13T00:01	83.38534	11.83349	0.833	243.1
2020-05-13T00:11	83.38433	11.81552	0.828	244.2
2020-05-13T00:21	83.38335	11.79757	0.825	244.6
2020-05-13T00:31	83.38240	11.77893	0.846	246.0
2020-05-13T00:41	83.38146	11.76017	0.848	246.7
2020-05-13T00:51	83.38058	11.74111	0.853	248.1
2020-05-13T01:01	83.37974	11.72076	0.896	250.4
2020-05-13T01:11	83.37907	11.69824	0.966	255.4
2020-05-13T01:21	83.37840	11.67617	0.947	255.3
2020-05-13T01:31	83.37769	11.65515	0.909	253.7
2020-05-13T01:41	83.37710	11.63286	0.950	257.0
2020-05-13T01:51	83.37654	11.61013	0.965	258.1
2020-05-13T02:01	83.37598	11.58817	0.934	257.6
2020-05-13T02:11	83.37544	11.56650	0.921	257.7
2020-05-13T02:21	83.37492	11.54483	0.919	258.2
2020-05-13T02:31	83.37446	11.52291	0.925	259.8
2020-05-13T02:41	83.37402	11.50171	0.895	259.8
2020-05-13T02:51	83.37362	11.48034	0.900	260.7
2020-05-13T03:01	83.37325	11.45881	0.904	261.6
2020-05-13T03:11	83.37291	11.43741	0.897	262.1
2020-05-13T03:21	83.37258	11.41627	0.886	262.3
2020-05-13T03:31	83.37227	11.39546	0.872	262.6
2020-05-13T03:41	83.37201	11.37456	0.874	263.9
2020-05-13T03:51	83.37179	11.35415	0.852	264.7
2020-05-13T04:01	83.37161	11.33433	0.826	265.5
2020-05-13T04:11	83.37148	11.31476	0.815	266.6
2020-05-13T04:21	83.37136	11.29514	0.817	267.1
2020-05-13T04:31	83.37128	11.27582	0.803	267.9
2020-05-13T04:41	83.37122	11.25697	0.784	268.5
2020-05-13T04:51	83.37118	11.23793	0.791	269.0
2020-05-13T05:01	83.37117	11.21933	0.773	269.6
2020-05-13T05:11	83.37116	11.20087	0.767	269.8
2020-05-13T05:21	83.37116	11.18247	0.765	270.0
2020-05-13T05:31	83.37119	11.16412	0.763	270.8
2020-05-13T05:41	83.37121	11.14620	0.745	270.7
2020-05-13T05:51	83.37123	11.12848	0.736	270.4
2020-05-13T06:01	83.37125	11.11083	0.734	270.6
2020-05-13T06:11	83.37130	11.09309	0.738	271.4
2020-05-13T06:21	83.37135	11.07552	0.731	271.6
2020-05-13T06:31	83.37139	11.05791	0.732	271.1
2020-05-13T06:41	83.37144	11.04037	0.729	271.3
2020-05-13T06:51	83.37147	11.02294	0.725	270.8
2020-05-13T07:01	83.37148	11.00574	0.715	270.5
2020-05-13T07:11	83.37151	10.98865	0.710	270.8
2020-05-13T07:21	83.37155	10.97175	0.702	271.2
2020-05-13T07:31	83.37156	10.95485	0.703	270.3
2020-05-13T07:41	83.37157	10.93812	0.695	270.1
2020-05-13T07:51	83.37158	10.92144	0.693	270.3
2020-05-13T08:01	83.37155	10.90511	0.679	269.2
2020-05-13T08:11	83.37149	10.88901	0.669	268.0
2020-05-13T08:21	83.37142	10.87240	0.691	268.1
2020-05-13T08:31	83.37139	10.85562	0.698	268.9
2020-05-13T08:41	83.37132	10.84016	0.643	267.8
2020-05-13T08:51	83.37118	10.82546	0.613	265.5
2020-05-13T09:01	83.37105	10.81048	0.624	265.6
2020-05-13T09:11	83.37094	10.79546	0.626	266.3
2020-05-13T09:21	83.37084	10.78018	0.636	266.7
2020-05-13T09:31	83.37077	10.76437	0.657	268.1
2020-05-13T09:41	83.37071	10.74854	0.658	268.1
2020-05-13T09:51	83.37066	10.73287	0.652	268.2
2020-05-13T10:01	83.37060	10.71711	0.655	268.3
2020-05-13T10:11	83.37050	10.70208	0.626	266.6
2020-05-13T10:21	83.37053	10.68749	0.606	271.0
2020-05-13T10:31	83.37045	10.67303	0.602	267.2
2020-05-13T10:41	83.37031	10.65889	0.590	265.2
2020-05-13T10:51	83.37029	10.64330	0.648	269.3
2020-05-13T11:01	83.37024	10.62775	0.647	268.5
2020-05-13T11:11	83.37016	10.61288	0.619	267.3
2020-05-13T11:21	83.37008	10.59815	0.613	267.4
2020-05-13T11:31	83.36999	10.58327	0.620	267.0
2020-05-13T11:41	83.36985	10.56841	0.620	265.4
2020-05-13T11:51	83.36970	10.55335	0.628	265.1
2020-05-13T12:01	83.36956	10.53940	0.582	264.9
2020-05-13T12:11	83.36922	10.52719	0.522	256.7
2020-05-13T12:21	83.36912	10.51424	0.540	265.9
2020-05-13T12:31	83.36898	10.50089	0.558	264.8
2020-05-13T12:41	83.36886	10.48713	0.574	265.7
2020-05-13T12:51	83.36875	10.47331	0.576	266.4
2020-05-13T13:01	83.36863	10.45980	0.563	265.6
2020-05-13T13:11	83.36852	10.44662	0.550	265.6
2020-05-13T13:21	83.36840	10.43351	0.547	265.5
2020-05-13T13:31	83.36825	10.42112	0.518	264.3
2020-05-13T13:41	83.36813	10.40838	0.532	265.3
2020-05-13T13:51	83.36803	10.39576	0.526	265.9
2020-05-13T14:01	83.36793	10.38335	0.517	266.1
2020-05-13T14:11	83.36784	10.37107	0.511	266.4
2020-05-13T14:21	83.36776	10.35914	0.497	266.7
2020-05-13T14:31	83.36769	10.34749	0.485	267.2
2020-05-13T14:41	83.36763	10.33637	0.463	267.4
2020-05-13T14:51	83.36757	10.32582	0.440	267.1
2020-05-13T15:01	83.36753	10.31554	0.428	267.9
2020-05-13T15:11	83.36749	10.30583	0.404	268.0
2020-05-13T15:21	83.36744	10.29664	0.383	267.5
2020-05-13T15:31	83.36740	10.28777	0.369	267.6
2020-05-13T15:41	83.36736	10.27918	0.358	267.7
2020-05-13T15:51	83.36733	10.27074	0.351	268.5
2020-05-13T16:01	83.36732	10.26271	0.334	269.1
2020-05-13T16:11	83.36732	10.25502	0.320	270.3
2020-05-13T16:21	83.36735	10.24773	0.303	271.6
2020-05-13T16:31	83.36738	10.24087	0.286	272.5
2020-05-13T16:41	83.36743	10.23425	0.276	273.6
2020-05-13T16:51	83.36749	10.22801	0.260	274.5
2020-05-13T17:01	83.36755	10.22191	0.255	274.7
2020-05-13T17:11	83.36760	10.21605	0.244	274.3
2020-05-13T17:21	83.36767	10.21059	0.228	276.4
2020-05-13T17:31	83.36776	10.20546	0.216	278.6
2020-05-13T17:41	83.36786	10.20082	0.196	280.6
2020-05-13T17:51	83.36795	10.19657	0.180	281.2
2020-05-13T18:01	83.36809	10.19163	0.211	283.7
2020-05-13T18:11	83.36821	10.18677	0.207	282.1
2020-05-13T18:21	83.36833	10.18249	0.183	283.3
2020-05-13T18:31	83.36844	10.17894	0.153	284.8
2020-05-13T18:41	83.36855	10.17578	0.138	287.7
2020-05-13T18:51	83.36870	10.17242	0.149	290.7
2020-05-13T19:01	83.36885	10.16937	0.138	293.3
2020-05-13T19:11	83.36901	10.16671	0.125	297.5
2020-05-13T19:21	83.36920	10.16423	0.122	302.7
2020-05-13T19:31	83.36938	10.16245	0.099	311.4
2020-05-13T19:41	83.36959	10.16118	0.092	324.8
2020-05-13T19:51	83.36979	10.15990	0.090	323.6
2020-05-13T20:01	83.37001	10.15894	0.089	333.7
2020-05-13T20:11	83.37024	10.15749	0.101	323.3
2020-05-13T20:21	83.37045	10.15604	0.099	322.5
2020-05-13T20:31	83.37072	10.15388	0.130	316.5
2020-05-13T20:41	83.37103	10.15135	0.154	317.0
2020-05-13T20:51	83.37139	10.14832	0.182	316.1
2020-05-13T21:01	83.37176	10.14531	0.180	316.2
2020-05-13T21:11	83.37211	10.14240	0.175	316.1
2020-05-13T21:21	83.37247	10.13919	0.186	314.4
2020-05-13T21:31	83.37284	10.13595	0.190	314.9
2020-05-13T21:41	83.37321	10.13256	0.195	313.7
2020-05-13T21:51	83.37361	10.12890	0.209	313.1
2020-05-13T22:01	83.37401	10.12511	0.214	312.6
2020-05-13T22:11	83.37443	10.12118	0.221	312.4
2020-05-13T22:21	83.37482	10.11718	0.219	310.6
2020-05-13T22:31	83.37522	10.11324	0.217	311.2
2020-05-13T22:41	83.37562	10.10933	0.218	311.9
2020-05-13T22:51	83.37605	10.10526	0.229	312.4
2020-05-13T23:01	83.37648	10.10103	0.234	311.5
2020-05-13T23:11	83.37691	10.09671	0.235	310.4
2020-05-13T23:21	83.37732	10.09234	0.234	309.1
2020-05-13T23:31	83.37773	10.08782	0.240	308.5
2020-05-13T23:41	83.37817	10.08321	0.249	309.8
2020-05-13T23:51	83.37861	10.07857	0.248	309.0
2020-05-14T00:01	83.37905	10.07384	0.252	308.9
2020-05-14T00:11	83.37946	10.06934	0.239	308.6
2020-05-14T00:21	83.37983	10.06501	0.224	306.5
2020-05-14T00:31	83.38018	10.06063	0.221	304.8
2020-05-14T00:41	83.38054	10.05626	0.223	305.5
2020-05-14T00:51	83.38087	10.05211	0.208	304.2
2020-05-14T01:01	83.38120	10.04765	0.222	303.4
2020-05-14T01:11	83.38154	10.04304	0.226	302.2
2020-05-14T01:21	83.38186	10.03856	0.219	302.2
2020-05-14T01:31	83.38218	10.03426	0.211	302.3
2020-05-14T01:41	83.38249	10.03006	0.208	303.2
2020-05-14T01:51	83.38281	10.02601	0.203	304.0
2020-05-14T02:01	83.38312	10.02205	0.199	304.3
2020-05-14T02:11	83.38343	10.01820	0.194	304.6
2020-05-14T02:21	83.38373	10.01447	0.189	305.2
2020-05-14T02:31	83.38403	10.01086	0.185	305.8
2020-05-14T02:41	83.38434	10.00735	0.183	307.1
2020-05-14T02:51	83.38463	10.00407	0.172	307.7
2020-05-14T03:01	83.38492	10.00086	0.170	308.6
2020-05-14T03:11	83.38522	9.99775	0.168	309.9
2020-05-14T03:21	83.38552	9.99469	0.166	310.0
2020-05-14T03:31	83.38582	9.99174	0.163	311.5
2020-05-14T03:41	83.38612	9.98890	0.161	313.0
2020-05-14T03:51	83.38644	9.98626	0.157	315.8
2020-05-14T04:01	83.38676	9.98376	0.155	318.1
2020-05-14T04:11	83.38708	9.98140	0.152	319.9
2020-05-14T04:21	83.38741	9.97907	0.153	320.9
2020-05-14T04:31	83.38775	9.97687	0.152	323.0
2020-05-14T04:41	83.38808	9.97483	0.145	324.5
2020-05-14T04:51	83.38842	9.97284	0.148	326.1
2020-05-14T05:01	83.38876	9.97094	0.145	327.2
2020-05-14T05:11	83.38909	9.96907	0.143	327.2
2020-05-14T05:21	83.38942	9.96718	0.142	326.6
2020-05-14T05:31	83.38974	9.96533	0.137	326.1
2020-05-14T05:41	83.39004	9.96332	0.137	322.5
2020-05-14T05:51	83.39032	9.96121	0.134	319.4
2020-05-14T06:01	83.39060	9.95904	0.134	317.8
2020-05-14T06:11	83.39087	9.95683	0.133	316.7
2020-05-14T06:21	83.39112	9.95462	0.130	315.1
2020-05-14T06:31	83.39137	9.95244	0.127	314.9
2020-05-14T06:41	83.39161	9.95022	0.127	313.5
2020-05-14T06:51	83.39184	9.94801	0.123	312.0
2020-05-14T07:01	83.39206	9.94582	0.120	310.7
2020-05-14T07:11	83.39227	9.94363	0.119	310.4
2020-05-14T07:21	83.39247	9.94135	0.118	306.7
2020-05-14T07:31	83.39265	9.93900	0.118	304.4
2020-05-14T07:41	83.39282	9.93669	0.113	302.4
2020-05-14T07:51	83.39298	9.93428	0.115	299.9
2020-05-14T08:01	83.39313	9.93189	0.113	298.4
2020-05-14T08:11	83.39326	9.92946	0.111	295.0
2020-05-14T08:21	83.39338	9.92701	0.110	292.7
2020-05-14T08:31	83.39348	9.92463	0.106	290.7
2020-05-14T08:41	83.39358	9.92225	0.104	289.0
2020-05-14T08:51	83.39365	9.91981	0.105	285.4
2020-05-14T09:01	83.39372	9.91746	0.100	283.1
2020-05-14T09:11	83.39377	9.91530	0.091	281.1
2020-05-14T09:21	83.39380	9.91333	0.082	277.6
2020-05-14T09:31	83.39381	9.91147	0.077	274.2
2020-05-14T09:41	83.39381	9.90970	0.073	269.6
2020-05-14T09:51	83.39379	9.90806	0.068	265.1
2020-05-14T10:01	83.39376	9.90641	0.069	261.0
2020-05-14T10:11	83.39372	9.90482	0.067	257.4
2020-05-14T10:21	83.39366	9.90292	0.082	253.8
2020-05-14T10:31	83.39360	9.90103	0.082	254.6
2020-05-14T10:41	83.39352	9.89894	0.091	252.5
2020-05-14T10:51	83.39344	9.89724	0.077	247.2
2020-05-14T11:01	83.39333	9.89527	0.090	244.3
2020-05-14T11:11	83.39330	9.89464	0.029	243.8
2020-05-14T11:21	83.39296	9.88983	0.234	238.6
2020-05-14T11:31	83.39306	9.89315	0.143	74.6
2020-05-14T11:41	83.39290	9.89074	0.117	238.9
2020-05-14T11:51	83.39234	9.88543	0.298	227.5
2020-05-14T12:01	83.39213	9.88383	0.101	221.2
2020-05-14T12:11	83.39207	9.88538	0.067	108.1
2020-05-14T12:21	83.39186	9.88479	0.079	197.8
2020-05-14T12:31	83.39164	9.88398	0.087	202.9
2020-05-14T12:41	83.39149	9.88173	0.107	240.1
2020-05-14T12:51	83.39136	9.87957	0.102	242.1
2020-05-14T13:01	83.39120	9.87818	0.081	225.7
2020-05-14T13:11	83.39117	9.88109	0.121	96.3
2020-05-14T13:21	83.39095	9.88432	0.155	120.1
2020-05-14T13:31	83.39077	9.88098	0.152	245.2
2020-05-14T13:41	83.39040	9.88547	0.229	125.8
2020-05-14T13:51	83.39018	9.88431	0.093	211.2
2020-05-14T14:01	83.39010	9.88129	0.128	257.3
2020-05-14T14:11	83.38997	9.87858	0.122	246.7
2020-05-14T14:21	83.38953	9.87932	0.162	169.1
2020-05-14T14:31	83.38886	9.88050	0.246	168.5
2020-05-14T14:41	83.38825	9.88027	0.220	182.5
2020-05-14T14:51	83.38793	9.87861	0.132	211.3
2020-05-14T15:01	83.38798	9.87555	0.128	277.6
2020-05-14T15:11	83.38809	9.87157	0.170	283.8
2020-05-14T15:21	83.38778	9.86937	0.145	219.0
2020-05-14T15:31	83.38676	9.86975	0.367	177.5
2020-05-14T15:41	83.38671	9.86658	0.133	261.2
2020-05-14T15:51	83.38596	9.86486	0.279	194.8
2020-05-14T16:01	83.38546	9.86256	0.203	208.0
2020-05-14T16:11	83.38499	9.85993	0.202	212.6
2020-05-14T16:21	83.38505	9.85867	0.058	295.1
2020-05-14T16:31	83.38458	9.85731	0.180	198.2
2020-05-14T16:41	83.38336	9.85154	0.498	208.7
2020-05-14T16:51	83.38334	9.85119	0.018	233.6
2020-05-14T17:01	83.38246	9.84651	0.370	211.7
2020-05-14T17:11	83.38197	9.84309	0.228	218.6
2020-05-14T17:21	83.38183	9.84246	0.056	207.7
2020-05-14T17:31	83.38097	9.83621	0.403	220.0
2020-05-14T17:41	83.38056	9.83190	0.232	230.5
2020-05-14T17:51	83.38049	9.83091	0.049	236.9
2020-05-14T18:01	83.38009	9.82663	0.229	231.0
2020-05-14T18:11	83.37958	9.82124	0.288	231.0
2020-05-14T18:21	83.37914	9.81588	0.273	234.4
2020-05-14T18:31	83.37871	9.81068	0.267	234.0
2020-05-14T18:41	83.37833	9.80623	0.228	233.9
2020-05-14T18:51	83.37794	9.79851	0.351	245.9
2020-05-14T19:01	83.37764	9.79531	0.171	231.1
2020-05-14T19:11	83.37734	9.79188	0.179	233.0
2020-05-14T19:21	83.37706	9.78853	0.171	234.3
2020-05-14T19:31	83.37681	9.78528	0.162	236.3
2020-05-14T19:41	83.37656	9.78213	0.159	235.2
2020-05-14T19:51	83.37632	9.77908	0.154	235.3
2020-05-14T20:01	83.37607	9.77613	0.150	234.5
2020-05-14T20:11	83.37584	9.77333	0.144	233.7
2020-05-14T20:21	83.37560	9.77051	0.144	234.2
2020-05-14T20:31	83.37538	9.76765	0.143	236.0
2020-05-14T20:41	83.37516	9.76457	0.150	238.5
2020-05-14T20:51	83.37496	9.76125	0.156	242.0
2020-05-14T21:01	83.37477	9.75774	0.161	245.2
2020-05-14T21:11	83.37460	9.75404	0.166	247.9
2020-05-14T21:21	83.37444	9.75010	0.173	251.3
2020-05-14T21:31	83.37431	9.74596	0.178	254.5
2020-05-14T21:41	83.37419	9.74175	0.181	255.6
2020-05-14T21:51	83.37409	9.73744	0.182	259.0
2020-05-14T22:01	83.37400	9.73291	0.191	260.7
2020-05-14T22:11	83.37393	9.72838	0.190	262.4
2020-05-14T22:21	83.37387	9.72370	0.196	263.2
2020-05-14T22:31	83.37383	9.71889	0.200	266.1
2020-05-14T22:41	83.37380	9.71402	0.202	267.1
2020-05-14T22:51	83.37378	9.70901	0.208	267.9
2020-05-14T23:01	83.37375	9.70443	0.191	266.3
2020-05-14T23:11	83.37374	9.69985	0.190	268.6
2020-05-14T23:21	83.37373	9.69518	0.194	269.7
2020-05-14T23:31	83.37376	9.69007	0.213	272.9
2020-05-14T23:41	83.37386	9.68421	0.246	278.0
2020-05-14T23:51	83.37398	9.67826	0.252	280.4
2020-05-15T00:01	83.37413	9.67218	0.258	281.8
2020-05-15T00:11	83.37428	9.66598	0.263	281.8
2020-05-15T00:21	83.37440	9.66009	0.249	280.5
2020-05-15T00:31	83.37450	9.65555	0.192	280.7
2020-05-15T00:41	83.37462	9.65089	0.198	282.3
2020-05-15T00:51	83.37468	9.64721	0.154	277.5
2020-05-15T01:01	83.37464	9.64470	0.105	262.1
2020-05-15T01:11	83.37465	9.64176	0.122	271.7
2020-05-15T01:21	83.37473	9.63793	0.162	281.1
2020-05-15T01:31	83.37493	9.63301	0.216	288.9
2020-05-15T01:41	83.37517	9.62786	0.232	292.3
2020-05-15T01:51	83.37541	9.62268	0.231	291.8
2020-05-15T02:01	83.37563	9.61750	0.230	290.5
2020-05-15T02:11	83.37587	9.61207	0.241	290.6
2020-05-15T02:21	83.37611	9.60720	0.220	293.0
2020-05-15T02:31	83.37633	9.60201	0.231	291.0
2020-05-15T02:41	83.37657	9.59639	0.249	290.2
2020-05-15T02:51	83.37681	9.59101	0.239	290.7
2020-05-15T03:01	83.37704	9.58570	0.235	290.5
2020-05-15T03:11	83.37727	9.58030	0.239	290.3
2020-05-15T03:21	83.37751	9.57487	0.242	291.5
2020-05-15T03:31	83.37778	9.56926	0.252	292.4
2020-05-15T03:41	83.37805	9.56360	0.254	292.3
2020-05-15T03:51	83.37832	9.55796	0.253	292.5
2020-05-15T04:01	83.37859	9.55239	0.252	292.9
2020-05-15T04:11	83.37886	9.54684	0.250	292.7
2020-05-15T04:21	83.37912	9.54132	0.248	292.8
2020-05-15T04:31	83.37939	9.53580	0.249	292.9
2020-05-15T04:41	83.37967	9.53037	0.246	293.6
2020-05-15T04:51	83.37993	9.52493	0.245	293.1
2020-05-15T05:01	83.38021	9.51953	0.246	294.1
2020-05-15T05:11	83.38048	9.51412	0.245	293.4
2020-05-15T05:21	83.38075	9.50888	0.238	294.2
2020-05-15T05:31	83.38102	9.50359	0.240	293.7
2020-05-15T05:41	83.38129	9.49841	0.235	294.0
2020-05-15T05:51	83.38155	9.49323	0.235	294.2
2020-05-15T06:01	83.38182	9.48807	0.235	294.4
2020-05-15T06:11	83.38208	9.48298	0.231	294.0
2020-05-15T06:21	83.38235	9.47796	0.229	294.7
2020-05-15T06:31	83.38263	9.47318	0.222	296.8
2020-05-15T06:41	83.38290	9.46833	0.224	295.7
2020-05-15T06:51	83.38315	9.46348	0.221	294.5
2020-05-15T07:01	83.38341	9.45854	0.225	294.3
2020-05-15T07:11	83.38366	9.45366	0.222	293.8
2020-05-15T07:21	83.38391	9.44879	0.221	293.8
2020-05-15T07:31	83.38414	9.44401	0.216	293.3
2020-05-15T07:41	83.38438	9.43921	0.217	293.5
2020-05-15T07:51	83.38462	9.43453	0.212	293.7
2020-05-15T08:01	83.38485	9.42984	0.212	293.3
2020-05-15T08:11	83.38508	9.42515	0.211	293.1
2020-05-15T08:21	83.38532	9.42053	0.209	293.7
2020-05-15T08:31	83.38555	9.41591	0.209	293.4
2020-05-15T08:41	83.38578	9.41130	0.209	293.7
2020-05-15T08:51	83.38601	9.40671	0.208	293.5
2020-05-15T09:01	83.38624	9.40213	0.207	293.4
2020-05-15T09:11	83.38646	9.39754	0.207	292.6
2020-05-15T09:21	83.38668	9.39290	0.209	292.8
2020-05-15T09:31	83.38690	9.38817	0.211	291.6
2020-05-15T09:41	83.38711	9.38335	0.214	291.1
2020-05-15T09:51	83.38732	9.37865	0.208	290.6
2020-05-15T10:01	83.38752	9.37388	0.211	290.1
2020-05-15T10:11	83.38772	9.36900	0.215	289.6
2020-05-15T10:21	83.38791	9.36430	0.207	289.5
2020-05-15T10:31	83.38811	9.35936	0.217	289.0
2020-05-15T10:41	83.38829	9.35450	0.212	288.2
2020-05-15T10:51	83.38847	9.34953	0.216	287.9
2020-05-15T11:01	83.38864	9.34449	0.218	286.4
2020-05-15T11:11	83.38883	9.33181	0.530	277.3
2020-05-15T11:21	83.38899	9.32679	0.216	285.7
2020-05-15T11:31	83.38916	9.32159	0.224	285.7
2020-05-15T11:41	83.38931	9.31670	0.209	284.8
2020-05-15T11:51	83.38946	9.31155	0.221	284.3
2020-05-15T12:01	83.38960	9.30629	0.224	282.9
2020-05-15T12:11	83.38974	9.30095	0.227	282.8
2020-05-15T12:21	83.38988	9.29553	0.231	283.1
2020-05-15T12:31	83.39002	9.29013	0.229	282.4
2020-05-15T12:41	83.39015	9.28469	0.230	281.5
2020-05-15T12:51	83.39027	9.27928	0.228	281.3
2020-05-15T13:01	83.39040	9.27380	0.231	281.0
2020-05-15T13:11	83.39052	9.26857	0.221	281.5
2020-05-15T13:21	83.39064	9.26319	0.227	281.2
2020-05-15T13:31	83.39076	9.25785	0.226	281.1
2020-05-15T13:41	83.39089	9.25264	0.221	282.0
2020-05-15T13:51	83.39101	9.24738	0.222	281.6
2020-05-15T14:01	83.39114	9.24211	0.223	281.4
2020-05-15T14:11	83.39126	9.23685	0.223	282.1
2020-05-15T14:21	83.39138	9.23160	0.221	280.5
2020-05-15T14:31	83.39148	9.22638	0.220	280.1
2020-05-15T14:41	83.39159	9.22134	0.212	280.0
2020-05-15T14:51	83.39169	9.21640	0.208	280.3
2020-05-15T15:01	83.39182	9.21189	0.192	283.6
2020-05-15T15:11	83.39195	9.20769	0.181	286.0
2020-05-15T15:21	83.39206	9.20408	0.154	284.9
2020-05-15T15:31	83.39213	9.20096	0.131	279.9
2020-05-15T15:41	83.39217	9.19799	0.124	277.9
2020-05-15T15:51	83.39221	9.19519	0.117	276.4
2020-05-15T16:01	83.39224	9.19111	0.169	273.2
2020-05-15T16:11	83.39227	9.18651	0.191	273.5
2020-05-15T16:21	83.39230	9.18192	0.190	273.6
2020-05-15T16:31	83.39235	9.17743	0.187	275.4
2020-05-15T16:41	83.39241	9.17302	0.184	276.5
2020-05-15T16:51	83.39247	9.16873	0.180	277.6
2020-05-15T17:01	83.39254	9.16448	0.178	278.0
2020-05-15T17:11	83.39263	9.16046	0.169	280.4
2020-05-15T17:21	83.39272	9.15647	0.168	280.9
2020-05-15T17:31	83.39279	9.15269	0.159	280.0
2020-05-15T17:41	83.39280	9.15228	0.017	273.4
2020-05-15T17:51	83.39275	9.15155	0.035	240.5
2020-05-15T18:01	83.39279	9.14984	0.072	281.3
2020-05-15T18:11	83.39275	9.14959	0.017	217.3
2020-05-15T18:21	83.39267	9.14948	0.028	189.3
2020-05-15T18:31	83.39262	9.14940	0.020	190.1
2020-05-15T18:41	83.39256	9.14922	0.023	198.8
2020-05-15T18:51	83.39250	9.14909	0.022	193.5
2020-05-15T19:01	83.39243	9.14896	0.027	191.6
2020-05-15T19:11	83.39236	9.14883	0.024	192.7
2020-05-15T19:21	83.39229	9.14876	0.025	186.8
2020-05-15T19:31	83.39224	9.14861	0.018	200.7
2020-05-15T19:41	83.39220	9.14849	0.015	198.6
2020-05-15T19:51	83.39215	9.14795	0.029	229.4
2020-05-15T20:01	83.39221	9.14530	0.112	281.4
2020-05-15T20:11	83.39226	9.14270	0.109	279.9
2020-05-15T20:21	83.39232	9.14010	0.110	280.8
2020-05-15T20:31	83.39237	9.13749	0.110	279.7
2020-05-15T20:41	83.39242	9.13498	0.105	279.6
2020-05-15T20:51	83.39247	9.13256	0.102	279.4
2020-05-15T21:01	83.39251	9.13025	0.096	278.7
2020-05-15T21:11	83.39255	9.12786	0.101	279.5
2020-05-15T21:21	83.39259	9.12546	0.100	277.2
2020-05-15T21:31	83.39262	9.12324	0.093	277.1
2020-05-15T21:41	83.39266	9.12132	0.081	278.9
2020-05-15T21:51	83.39270	9.12008	0.053	286.0
2020-05-15T22:01	83.39271	9.11990	0.008	292.5
2020-05-15T22:11	83.39269	9.11983	0.008	203.0
2020-05-15T22:21	83.39266	9.11978	0.009	193.6
2020-05-15T22:31	83.39263	9.11968	0.011	200.8
2020-05-15T22:41	83.39260	9.11959	0.011	201.9
2020-05-15T22:51	83.39258	9.11953	0.008	198.6
2020-05-15T23:01	83.39256	9.11949	0.009	189.5
2020-05-15T23:11	83.39253	9.11940	0.013	198.0
2020-05-15T23:21	83.39245	9.11886	0.035	219.7
2020-05-15T23:31	83.39240	9.11761	0.055	252.2
2020-05-15T23:41	83.39238	9.11625	0.057	262.1
2020-05-15T23:51	83.39238	9.11519	0.044	268.8
2020-05-16T00:01	83.39237	9.11421	0.041	264.3
2020-05-16T00:11	83.39235	9.11359	0.026	254.4
2020-05-16T00:21	83.39233	9.11348	0.008	214.0
2020-05-16T00:31	83.39231	9.11340	0.010	201.4
2020-05-16T00:41	83.39228	9.11330	0.009	206.6
2020-05-16T00:51	83.39226	9.11322	0.010	199.8
2020-05-16T01:01	83.39224	9.11304	0.011	222.7
2020-05-16T01:11	83.39223	9.11288	0.007	257.9
2020-05-16T01:21	83.39224	9.11279	0.005	306.6
2020-05-16T01:31	83.39224	9.11274	0.002	274.0
2020-05-16T01:41	83.39224	9.11265	0.004	247.8
2020-05-16T01:51	83.39223	9.11255	0.006	227.5
2020-05-16T02:01	83.39222	9.11245	0.005	230.4
2020-05-16T02:11	83.39220	9.11233	0.007	222.2
2020-05-16T02:21	83.39219	9.11225	0.005	219.2
2020-05-16T02:31	83.39219	9.11221	0.002	233.6
2020-05-16T02:41	83.39219	9.11218	0.001	249.9
2020-05-16T02:51	83.39218	9.11207	0.004	262.0
2020-05-16T03:01	83.39218	9.11197	0.004	273.9
2020-05-16T03:11	83.39219	9.11188	0.004	288.9
2020-05-16T03:21	83.39219	9.11185	0.002	327.1
2020-05-16T03:31	83.39221	9.11176	0.008	332.2
2020-05-16T03:41	83.39223	9.11163	0.009	326.2
2020-05-16T03:51	83.39224	9.11165	0.003	11.5
2020-05-16T04:01	83.39224	9.11166	0.001	79.2
2020-05-16T04:11	83.39224	9.11164	0.001	254.7
2020-05-16T04:21	83.39224	9.11159	0.002	271.2
2020-05-16T04:31	83.39224	9.11156	0.002	249.2
2020-05-16T04:41	83.39223	9.11154	0.004	186.7
2020-05-16T04:51	83.39221	9.11151	0.006	194.2
2020-05-16T05:01	83.39220	9.11151	0.003	176.2
2020-05-16T05:11	83.39219	9.11151	0.005	181.9
2020-05-16T05:21	83.39218	9.11154	0.004	163.1
2020-05-16T05:31	83.39217	9.11158	0.005	161.2
2020-05-16T05:41	83.39216	9.11156	0.002	193.6
2020-05-16T05:51	83.39216	9.11156	0.002	186.4
2020-05-16T06:01	83.39215	9.11155	0.003	182.7
2020-05-16T06:11	83.39214	9.11156	0.001	165.6
2020-05-16T06:21	83.39214	9.11158	0.002	149.4
2020-05-16T06:31	83.39213	9.11161	0.002	144.8
2020-05-16T06:41	83.39212	9.11163	0.004	169.1
2020-05-16T06:51	83.39211	9.11165	0.004	170.2
2020-05-16T07:01	83.39211	9.11164	0.002	183.6
2020-05-16T07:11	83.39210	9.11165	0.002	166.9
2020-05-16T07:21	83.39210	9.11165	0.002	181.1
2020-05-16T07:31	83.39208	9.11173	0.005	144.4
2020-05-16T07:41	83.39208	9.11172	0.001	193.4
2020-05-16T07:51	83.39208	9.11172	0.001	158.7
2020-05-16T08:01	83.39208	9.11174	0.001	142.0
2020-05-16T08:11	83.39208	9.11174	0.001	175.4
2020-05-16T08:21	83.39206	9.11175	0.004	172.3
2020-05-16T08:31	83.39206	9.11176	0.001	169.3
2020-05-16T08:41	83.39206	9.11177	0.002	166.9
2020-05-16T08:51	83.39205	9.11177	0.001	176.2
2020-05-16T09:01	83.39205	9.11176	0.002	192.3
2020-05-16T09:11	83.39203	9.11173	0.006	188.1
2020-05-16T09:21	83.39202	9.11172	0.002	199.3
2020-05-16T09:31	83.39201	9.11171	0.004	185.6
2020-05-16T09:41	83.39199	9.11169	0.008	184.1
2020-05-16T09:51	83.39196	9.10852	0.132	265.8
2020-05-16T10:01	83.39194	9.10950	0.041	99.5
2020-05-16T10:11	83.39193	9.11016	0.028	98.2
2020-05-16T10:21	83.39191	9.11017	0.010	177.8
2020-05-16T10:31	83.39187	9.11111	0.041	106.5
2020-05-16T10:41	83.39185	9.11159	0.022	114.4
2020-05-16T10:51	83.39182	9.11158	0.009	180.2
2020-05-16T11:01	83.39178	9.11153	0.017	187.0
2020-05-16T11:11	83.39174	9.11152	0.013	182.1
2020-05-16T11:21	83.39170	9.11152	0.014	181.2
2020-05-16T11:31	83.39166	9.11149	0.013	184.4
2020-05-16T11:41	83.39162	9.11148	0.016	181.9
2020-05-16T11:51	83.39157	9.11145	0.019	183.5
2020-05-16T12:01	83.39152	9.11143	0.018	182.6
2020-05-16T12:11	83.39147	9.11136	0.018	189.2
2020-05-16T12:21	83.39142	9.11127	0.017	193.3
2020-05-16T12:31	83.39137	9.11118	0.020	190.0
2020-05-16T12:41	83.39131	9.11110	0.021	189.7
2020-05-16T12:51	83.39124	9.11096	0.024	193.4
2020-05-16T13:01	83.39118	9.11084	0.024	192.1
2020-05-16T13:11	83.39111	9.11073	0.026	190.3
2020-05-16T13:21	83.39102	9.11058	0.030	191.5
2020-05-16T13:31	83.39096	9.11046	0.024	191.9
2020-05-16T13:41	83.39087	9.11032	0.031	190.6
2020-05-16T13:51	83.39079	9.11015	0.031	193.4
2020-05-16T14:01	83.39071	9.10984	0.032	203.4
2020-05-16T14:11	83.39062	9.10959	0.032	198.7
2020-05-16T14:21	83.39053	9.10934	0.034	197.6
2020-05-16T14:31	83.39044	9.10909	0.036	196.5
2020-05-16T14:41	83.39034	9.10884	0.036	196.6
2020-05-16T14:51	83.39024	9.10858	0.039	196.4
2020-05-16T15:01	83.39014	9.10833	0.035	196.9
2020-05-16T15:11	83.39004	9.10809	0.037	195.8
2020-05-16T15:21	83.38994	9.10786	0.038	194.3
2020-05-16T15:31	83.38984	9.10766	0.038	193.2
2020-05-16T15:41	83.38974	9.10747	0.038	191.9
2020-05-16T15:51	83.38963	9.10726	0.041	191.8
2020-05-16T16:01	83.38951	9.10711	0.040	189.1
2020-05-16T16:11	83.38940	9.10696	0.040	188.8
2020-05-16T16:21	83.38930	9.10680	0.039	189.6
2020-05-16T16:31	83.38919	9.10666	0.037	189.3
2020-05-16T16:41	83.38909	9.10654	0.038	187.4
2020-05-16T16:51	83.38897	9.10645	0.043	184.8
2020-05-16T17:01	83.38888	9.10641	0.033	182.6
2020-05-16T17:11	83.38878	9.10639	0.035	181.4
2020-05-16T17:21	83.38868	9.10640	0.034	179.6
2020-05-16T17:31	83.38860	9.10643	0.031	177.4
2020-05-16T17:41	83.38850	9.10652	0.036	174.5
2020-05-16T17:51	83.38842	9.10659	0.029	174.0
2020-05-16T18:01	83.38833	9.10668	0.031	172.9
2020-05-16T18:11	83.38824	9.10678	0.031	172.4
2020-05-16T18:21	83.38816	9.10685	0.029	174.8
2020-05-16T18:31	83.38808	9.10693	0.030	173.2
2020-05-16T18:41	83.38800	9.10704	0.031	171.4
2020-05-16T18:51	83.38791	9.10711	0.032	174.7
2020-05-16T19:01	83.38782	9.10717	0.030	175.4
2020-05-16T19:11	83.38774	9.10722	0.030	176.6
2020-05-16T19:21	83.38766	9.10730	0.031	173.4
2020-05-16T19:31	83.38758	9.10732	0.028	178.5
2020-05-16T19:41	83.38750	9.10736	0.028	176.6
2020-05-16T19:51	83.38742	9.10742	0.028	175.0
2020-05-16T20:01	83.38735	9.10746	0.027	176.6
2020-05-16T20:11	83.38726	9.10523	0.097	252.5
2020-05-16T20:21	83.38718	9.10885	0.154	101.9
2020-05-16T20:31	83.38722	9.10047	0.348	272.7
2020-05-16T20:41	83.38711	9.10451	0.173	104.0
2020-05-16T20:51	83.38701	9.10797	0.147	103.4
2020-05-16T21:01	83.38702	9.09826	0.403	270.3
2020-05-16T21:11	83.38694	9.09591	0.101	254.3
2020-05-16T21:21	83.38712	9.09174	0.184	290.1
2020-05-16T21:31	83.38719	9.08890	0.120	282.0
2020-05-16T21:41	83.38714	9.08928	0.024	138.9
2020-05-16T21:51	83.38659	9.09915	0.454	115.6
2020-05-16T22:01	83.38736	9.08353	0.705	293.2
2020-05-16T22:11	83.38744	9.08146	0.090	287.7
2020-05-16T22:21	83.38748	9.07645	0.208	274.0
2020-05-16T22:31	83.38745	9.06632	0.420	268.4
2020-05-16T22:41	83.38742	9.06812	0.075	98.5
2020-05-16T22:51	83.38723	9.06183	0.269	255.6
2020-05-16T23:01	83.38720	9.06176	0.010	196.6
2020-05-16T23:11	83.38716	9.06155	0.018	209.8
2020-05-16T23:21	83.38712	9.06145	0.015	196.4
2020-05-16T23:31	83.38709	9.06134	0.012	201.9
2020-05-16T23:41	83.38705	9.06121	0.014	203.0
2020-05-16T23:51	83.38702	9.06112	0.014	196.2
2020-05-17T00:01	83.38698	9.06098	0.015	201.8
2020-05-17T00:11	83.38695	9.06087	0.012	201.3
2020-05-17T00:21	83.38691	9.06078	0.013	198.5
2020-05-17T00:31	83.38688	9.06061	0.015	208.2
2020-05-17T00:41	83.38684	9.06046	0.015	203.8
2020-05-17T00:51	83.38680	9.06029	0.016	206.2
2020-05-17T01:01	83.38677	9.06013	0.013	208.5
2020-05-17T01:11	83.38672	9.06005	0.015	193.5
2020-05-17T01:21	83.38667	9.05989	0.021	198.0
2020-05-17T01:31	83.38664	9.05979	0.013	198.8
2020-05-17T01:41	83.38658	9.05965	0.021	196.7
2020-05-17T01:51	83.38653	9.05954	0.019	193.1
2020-05-17T02:01	83.38648	9.05942	0.019	194.8
2020-05-17T02:11	83.38641	9.05934	0.024	188.7
2020-05-17T02:21	83.38637	9.05927	0.014	190.7
2020-05-17T02:31	83.38631	9.05917	0.022	191.5
2020-05-17T02:41	83.38625	9.05893	0.025	203.0
2020-05-17T02:51	83.38619	9.05876	0.022	198.9
2020-05-17T03:01	83.38613	9.05850	0.024	206.7
2020-05-17T03:11	83.38607	9.05831	0.024	199.6
2020-05-17T03:21	83.38608	9.06196	0.151	88.1
2020-05-17T03:31	83.38611	9.07469	0.528	88.9
2020-05-17T03:41	83.38580	9.05735	0.728	261.1
2020-05-17T03:51	83.38608	9.07326	0.667	81.3
2020-05-17T04:01	83.38564	9.05677	0.702	256.9
2020-05-17T04:11	83.38602	9.07096	0.605	76.6
2020-05-17T04:21	83.38597	9.06871	0.095	258.4
2020-05-17T04:31	83.38587	9.06646	0.100	249.6
2020-05-17T04:41	83.38502	9.05124	0.701	244.1
2020-05-17T04:51	83.38469	9.04870	0.160	221.1
2020-05-17T05:01	83.38461	9.04855	0.030	192.4
2020-05-17T05:11	83.38453	9.04826	0.031	202.5
2020-05-17T05:21	83.38445	9.04808	0.031	194.5
2020-05-17T05:31	83.38526	9.05787	0.501	54.2
2020-05-17T05:41	83.38428	9.04765	0.551	230.3
2020-05-17T05:51	83.38527	9.06174	0.685	58.6
2020-05-17T06:01	83.38498	9.05582	0.267	247.1
2020-05-17T06:11	83.38437	9.04872	0.369	233.0
2020-05-17T06:21	83.38370	9.04387	0.314	219.9
2020-05-17T06:31	83.38344	9.04411	0.092	173.6
2020-05-17T06:41	83.38467	9.05331	0.584	40.8
2020-05-17T06:51	83.38308	9.04336	0.706	215.8
2020-05-17T07:01	83.38418	9.04841	0.447	27.9
2020-05-17T07:11	83.38432	9.04960	0.071	44.5
2020-05-17T07:21	83.38270	9.04293	0.646	205.4
2020-05-17T07:31	83.38213	9.04203	0.208	190.3
2020-05-17T07:41	83.38332	9.04393	0.436	10.4
2020-05-17T07:51	83.38149	9.03954	0.682	195.5
2020-05-17T08:01	83.38252	9.04125	0.377	10.8
2020-05-17T08:11	83.38052	9.04006	0.723	183.9
2020-05-17T08:21	83.38099	9.03982	0.170	356.7
2020-05-17T08:31	83.38246	9.04093	0.531	5.0
2020-05-17T08:41	83.38008	9.03801	0.865	188.1
2020-05-17T08:51	83.38046	9.03804	0.137	0.4
2020-05-17T09:01	83.38191	9.03958	0.526	7.0
2020-05-17T09:11	83.37906	9.03738	1.030	185.1
2020-05-17T09:21	83.37652	9.03925	0.915	175.1
2020-05-17T09:31	83.37669	9.03999	0.069	26.6
2020-05-17T09:41	83.37418	9.02933	1.008	206.1
2020-05-17T09:51	83.37395	9.02842	0.091	204.6
2020-05-17T10:01	83.37315	9.02535	0.316	203.8
2020-05-17T10:11	83.37493	9.03171	0.693	22.4
2020-05-17T10:21	83.37227	9.02255	1.031	201.7
2020-05-17T10:31	83.37162	9.02090	0.243	196.4
2020-05-17T10:41	83.37161	9.02002	0.037	262.1
2020-05-17T10:51	83.37294	9.02445	0.516	20.9
2020-05-17T11:01	83.37226	9.02161	0.271	205.8
2020-05-17T11:11	83.37127	9.01915	0.371	196.0
2020-05-17T11:21	83.37151	9.01841	0.091	340.1
2020-05-17T11:31	83.37056	9.01778	0.342	184.4
2020-05-17T11:41	83.37050	9.01537	0.103	256.5
2020-05-17T11:51	83.37095	9.01463	0.164	349.3
2020-05-17T12:01	83.37054	9.01223	0.178	214.2
2020-05-17T12:11	83.37086	9.01042	0.137	326.7
2020-05-17T12:21	83.37060	9.00993	0.096	192.1
2020-05-17T12:31	83.37064	9.00906	0.039	291.4
2020-05-17T12:41	83.36881	9.00804	0.657	183.7
2020-05-17T12:51	83.36780	9.00508	0.387	198.6
2020-05-17T13:01	83.36890	9.00685	0.405	10.5
2020-05-17T13:11	83.36941	9.00538	0.194	341.7
2020-05-17T13:21	83.36821	9.00076	0.474	203.9
2020-05-17T13:31	83.36640	8.99785	0.662	190.5
2020-05-17T13:41	83.36346	8.99934	1.060	176.7
2020-05-17T13:51	83.36241	9.02691	1.208	108.2
2020-05-17T14:01	83.36132	9.09927	3.038	97.4
2020-05-17T14:11	83.36124	9.09113	0.340	265.1
2020-05-17T14:21	83.36086	9.09579	0.236	124.8
2020-05-17T14:31	83.36027	9.10361	0.389	123.2
2020-05-17T14:41	83.35848	9.13995	1.645	113.1
2020-05-17T14:51	83.35541	9.13423	1.130	192.2
2020-05-17T15:01	83.35608	9.13376	0.241	355.4
2020-05-17T15:11	83.35353	9.12523	0.983	201.2
2020-05-17T15:21	83.35294	9.12198	0.252	212.5
2020-05-17T15:31	83.35171	9.11856	0.468	197.8
2020-05-17T15:41	83.34744	9.09852	1.749	208.5
2020-05-17T15:51	83.34640	9.08755	0.592	230.7
2020-05-17T16:01	83.34615	9.08362	0.187	241.1
2020-05-17T16:11	83.34526	9.06505	0.838	247.7
2020-05-17T16:21	83.34507	9.06234	0.133	238.5
2020-05-17T16:31	83.34479	9.05812	0.202	240.5
2020-05-17T16:41	83.34458	9.05621	0.112	225.7
2020-05-17T16:51	83.34422	9.04859	0.342	248.3
2020-05-17T17:01	83.34389	9.04262	0.277	244.1
2020-05-17T17:11	83.34392	9.04953	0.289	87.9
2020-05-17T17:21	83.34354	9.03727	0.529	255.1
2020-05-17T17:31	83.34348	9.04302	0.241	95.2
2020-05-17T17:41	83.34322	9.04244	0.095	194.8
2020-05-17T17:51	83.34288	9.03503	0.333	248.1
2020-05-17T18:01	83.34278	9.03530	0.036	162.3
2020-05-17T18:11	83.34249	9.03330	0.134	218.5
2020-05-17T18:21	83.34209	9.02952	0.213	227.9
2020-05-17T18:31	83.34224	9.02116	0.353	278.5
2020-05-17T18:41	83.34312	9.00924	0.589	302.5
2020-05-17T18:51	83.34242	9.01150	0.267	159.3
2020-05-17T19:01	83.34387	8.99548	0.847	307.8
2020-05-17T19:11	83.34384	8.99206	0.143	266.8
2020-05-17T19:21	83.34345	8.99201	0.142	180.9
2020-05-17T19:31	83.34441	8.97725	0.706	299.3
2020-05-17T19:41	83.34400	8.97889	0.162	155.1
2020-05-17T19:51	83.34361	8.98130	0.173	144.5
2020-05-17T20:01	83.34387	8.96884	0.528	280.2
2020-05-17T20:11	83.34337	8.97660	0.370	118.7
2020-05-17T20:21	83.34335	8.96514	0.479	268.9
2020-05-17T20:31	83.34307	8.97200	0.303	109.2
2020-05-17T20:41	83.34287	8.96304	0.381	259.2
2020-05-17T20:51	83.34273	8.96499	0.097	122.8
2020-05-17T21:01	83.34408	8.92406	1.777	286.0
2020-05-17T21:11	83.34396	8.91932	0.203	257.1
2020-05-17T21:21	83.34546	8.90852	0.704	320.2
2020-05-17T21:31	83.34428	8.91209	0.450	160.7
2020-05-17T21:41	83.34918	8.88012	2.212	322.9
2020-05-17T21:51	83.34928	8.87394	0.260	277.6
2020-05-17T22:01	83.35239	8.82086	2.481	296.9
2020-05-17T22:11	83.35252	8.81529	0.237	281.4
2020-05-17T22:21	83.35267	8.81213	0.142	292.4
2020-05-17T22:31	83.35219	8.81373	0.185	158.8
2020-05-17T22:41	83.35108	8.82264	0.547	137.2
2020-05-17T22:51	83.35208	8.80781	0.716	300.2
2020-05-17T23:01	83.35213	8.80551	0.097	279.6
2020-05-17T23:11	83.35144	8.80582	0.246	177.0
2020-05-17T23:21	83.35178	8.80229	0.192	309.7
2020-05-17T23:31	83.35081	8.80411	0.357	167.7
2020-05-17T23:41	83.35146	8.79982	0.294	322.5
2020-05-17T23:51	83.35120	8.79879	0.104	204.3
2020-05-18T00:01	83.35066	8.79831	0.196	185.8
2020-05-18T00:11	83.35063	8.79561	0.113	265.5
2020-05-18T00:21	83.34975	8.79627	0.319	175.1
2020-05-18T00:31	83.34979	8.79497	0.056	285.3
2020-05-18T00:41	83.34996	8.79066	0.190	288.7
2020-05-18T00:51	83.34972	8.79051	0.085	184.3
2020-05-18T01:01	83.34892	8.78955	0.292	187.9
2020-05-18T01:11	83.34869	8.78820	0.101	213.5
2020-05-18T01:21	83.34928	8.78526	0.247	330.2
2020-05-18T01:31	83.34831	8.78471	0.352	183.7
2020-05-18T01:41	83.34819	8.78301	0.083	238.9
2020-05-18T01:51	83.34856	8.78084	0.163	326.4
2020-05-18T02:01	83.34771	8.78030	0.310	184.2
2020-05-18T02:11	83.34749	8.77896	0.096	215.5
2020-05-18T02:21	83.34787	8.77618	0.179	319.6
2020-05-18T02:31	83.34667	8.77752	0.434	172.6
2020-05-18T02:41	83.34736	8.77202	0.339	317.4
2020-05-18T02:51	83.34599	8.77631	0.527	160.2
2020-05-18T03:01	83.34664	8.76994	0.354	311.4
2020-05-18T03:11	83.34605	8.77126	0.220	165.5
2020-05-18T03:21	83.34567	8.77207	0.138	165.9
2020-05-18T03:31	83.34594	8.76813	0.190	299.9
2020-05-18T03:41	83.34565	8.76830	0.105	176.1
2020-05-18T03:51	83.34538	8.76783	0.098	191.6
2020-05-18T04:01	83.34509	8.76623	0.123	212.8
2020-05-18T04:11	83.34506	8.76088	0.223	266.6
2020-05-18T04:21	83.34476	8.75970	0.117	204.9
2020-05-18T04:31	83.34458	8.75851	0.081	217.7
2020-05-18T04:41	83.34485	8.75304	0.247	292.9
2020-05-18T04:51	83.34377	8.75891	0.459	147.7
2020-05-18T05:01	83.34345	8.75796	0.123	198.8
2020-05-18T05:11	83.34347	8.75564	0.097	275.2
2020-05-18T05:21	83.34316	8.75565	0.112	179.8
2020-05-18T05:31	83.34277	8.75272	0.187	220.9
2020-05-18T05:41	83.34295	8.74781	0.214	287.0
2020-05-18T05:51	83.34295	8.74258	0.218	270.2
2020-05-18T06:01	83.34220	8.74829	0.359	138.4
2020-05-18T06:11	83.34182	8.73431	0.599	256.9
2020-05-18T06:21	83.34161	8.73547	0.091	148.0
2020-05-18T06:31	83.33939	8.70477	1.510	238.1
2020-05-18T06:41	83.33839	8.69815	0.456	217.3
2020-05-18T06:51	83.33708	8.69310	0.515	204.2
2020-05-18T07:01	83.33798	8.69812	0.385	33.0
2020-05-18T07:11	83.33603	8.68872	0.806	209.1
2020-05-18T07:21	83.33567	8.68830	0.131	187.8
2020-05-18T07:31	83.33531	8.68788	0.128	187.9
2020-05-18T07:41	83.33495	8.68748	0.132	187.2
2020-05-18T07:51	83.33459	8.68708	0.133	187.3
2020-05-18T08:01	83.33421	8.68667	0.136	187.1
2020-05-18T08:11	83.33385	8.68647	0.129	183.7
2020-05-18T08:21	83.33349	8.68624	0.132	184.3
2020-05-18T08:31	83.33311	8.68605	0.135	183.3
2020-05-18T08:41	83.33275	8.68594	0.133	182.0
2020-05-18T08:51	83.33236	8.68589	0.139	180.9
2020-05-18T09:01	83.33197	8.68589	0.140	180.1
2020-05-18T09:11	83.33158	8.68584	0.141	180.8
2020-05-18T09:21	83.33120	8.68591	0.138	178.9
2020-05-18T09:31	83.33080	8.68599	0.144	178.6
2020-05-18T09:41	83.33040	8.68609	0.145	178.4
2020-05-18T09:51	83.33000	8.68620	0.144	178.2
2020-05-18T10:01	83.32959	8.68633	0.148	177.9
2020-05-18T10:11	83.32917	8.68651	0.149	177.1
2020-05-18T10:21	83.32876	8.68670	0.148	176.9
2020-05-18T10:31	83.32835	8.68684	0.150	177.8
2020-05-18T10:41	83.32793	8.68706	0.149	176.5
2020-05-18T10:51	83.32751	8.68724	0.152	177.2
2020-05-18T11:01	83.32710	8.68736	0.147	178.1
2020-05-18T11:11	83.32668	8.68757	0.153	176.6
2020-05-18T11:21	83.32624	8.68776	0.157	177.1
2020-05-18T11:31	83.32582	8.68797	0.154	176.8
2020-05-18T11:41	83.32539	8.68819	0.154	176.5
2020-05-18T11:51	83.32496	8.68839	0.156	176.9
2020-05-18T12:01	83.32452	8.68858	0.157	177.2
2020-05-18T12:11	83.32409	8.68877	0.156	177.0
2020-05-18T12:21	83.32365	8.68891	0.158	177.9
2020-05-18T12:31	83.32321	8.68920	0.158	175.7
2020-05-18T12:41	83.32277	8.68947	0.159	175.8
2020-05-18T12:51	83.32233	8.68972	0.157	176.3
2020-05-18T13:01	83.32189	8.68988	0.161	177.5
2020-05-18T13:11	83.32145	8.69002	0.159	178.0
2020-05-18T13:21	83.32101	8.69009	0.159	178.8
2020-05-18T13:31	83.32056	8.69018	0.161	178.7
2020-05-18T13:41	83.32010	8.69024	0.164	179.2
2020-05-18T13:51	83.31965	8.69031	0.163	178.9
2020-05-18T14:01	83.31919	8.69037	0.165	179.1
2020-05-18T14:11	83.31873	8.69043	0.166	179.1
2020-05-18T14:21	83.31827	8.69045	0.167	179.7
2020-05-18T14:31	83.31780	8.69057	0.167	178.2
2020-05-18T14:41	83.31733	8.69063	0.171	179.2
2020-05-18T14:51	83.31685	8.69074	0.173	178.4
2020-05-18T15:01	83.31636	8.69089	0.176	177.9
2020-05-18T15:11	83.31588	8.69101	0.172	178.3
2020-05-18T15:21	83.31541	8.69122	0.172	177.1
2020-05-18T15:31	83.31493	8.69154	0.172	175.5
2020-05-18T15:41	83.31444	8.69188	0.176	175.4
2020-05-18T15:51	83.31396	8.69230	0.176	174.3
2020-05-18T16:01	83.31347	8.69274	0.175	173.9
2020-05-18T16:11	83.31299	8.69317	0.174	174.0
2020-05-18T16:21	83.31251	8.69361	0.174	174.0
2020-05-18T16:31	83.31204	8.69404	0.173	174.0
2020-05-18T16:41	83.31155	8.69446	0.175	174.2
2020-05-18T16:51	83.31106	8.69481	0.177	175.3
2020-05-18T17:01	83.31058	8.69526	0.174	173.8
2020-05-18T17:11	83.31010	8.69575	0.176	173.3
2020-05-18T17:21	83.30961	8.69635	0.176	171.7
2020-05-18T17:31	83.30912	8.69694	0.179	172.1
2020-05-18T17:41	83.30864	8.69763	0.176	170.5
2020-05-18T17:51	83.30815	8.69831	0.176	170.8
2020-05-18T18:01	83.30767	8.69899	0.177	170.7
2020-05-18T18:11	83.30719	8.69967	0.175	170.7
2020-05-18T18:21	83.30670	8.70038	0.179	170.4
2020-05-18T18:31	83.30621	8.70109	0.178	170.3
2020-05-18T18:41	83.30572	8.70187	0.180	169.6
2020-05-18T18:51	83.30523	8.70264	0.181	169.6
2020-05-18T19:01	83.30474	8.70349	0.180	168.6
2020-05-18T19:11	83.30424	8.70443	0.182	167.4
2020-05-18T19:21	83.30376	8.70542	0.179	166.6
2020-05-18T19:31	83.30328	8.70639	0.179	166.9
2020-05-18T19:41	83.30278	8.70745	0.183	165.9
2020-05-18T19:51	83.30230	8.70851	0.179	165.6
2020-05-18T20:01	83.30182	8.70960	0.180	165.2
2020-05-18T20:11	83.30134	8.71071	0.180	164.9
2020-05-18T20:21	83.30086	8.71190	0.179	163.9
2020-05-18T20:31	83.30038	8.71308	0.179	163.8
2020-05-18T20:41	83.29991	8.71433	0.178	162.9
2020-05-18T20:51	83.29944	8.71556	0.177	163.1
2020-05-18T21:01	83.29897	8.71682	0.177	162.6
2020-05-18T21:11	83.29850	8.71814	0.176	161.6
2020-05-18T21:21	83.29804	8.71957	0.177	160.0
2020-05-18T21:31	83.29758	8.72107	0.177	159.1
2020-05-18T21:41	83.29711	8.72260	0.183	159.5
2020-05-18T21:51	83.29667	8.72406	0.168	158.7
2020-05-18T22:01	83.29622	8.72556	0.176	159.1
2020-05-18T22:11	83.29576	8.72709	0.176	158.5
2020-05-18T22:21	83.29532	8.72873	0.173	156.5
2020-05-18T22:31	83.29489	8.73035	0.171	156.5
2020-05-18T22:41	83.29445	8.73208	0.173	155.2
2020-05-18T22:51	83.29402	8.73373	0.169	155.8
2020-05-18T23:01	83.29360	8.73550	0.170	154.0
2020-05-18T23:11	83.29317	8.73727	0.170	154.0
2020-05-18T23:21	83.29276	8.73898	0.164	154.0
2020-05-18T23:31	83.29236	8.74078	0.165	152.8
2020-05-18T23:41	83.29195	8.74262	0.166	152.0
2020-05-18T23:51	83.29155	8.74443	0.161	151.9
2020-05-19T00:01	83.29117	8.74621	0.156	151.3
2020-05-19T00:11	83.29079	8.74798	0.157	151.7
2020-05-19T00:21	83.29042	8.74976	0.154	150.9
2020-05-19T00:31	83.29005	8.75157	0.152	150.0
2020-05-19T00:41	83.28968	8.75327	0.151	151.9
2020-05-19T00:51	83.28932	8.75497	0.150	151.4
2020-05-19T01:01	83.28897	8.75667	0.143	150.1
2020-05-19T01:11	83.28862	8.75835	0.144	150.6
2020-05-19T01:21	83.28828	8.75995	0.142	151.5
2020-05-19T01:31	83.28793	8.76145	0.140	153.3
2020-05-19T01:41	83.28758	8.76291	0.138	153.5
2020-05-19T01:51	83.28725	8.76430	0.133	154.1
2020-05-19T02:01	83.28692	8.76565	0.132	154.4
2020-05-19T02:11	83.28660	8.76702	0.128	153.3
2020-05-19T02:21	83.28628	8.76819	0.126	157.0
2020-05-19T02:31	83.28598	8.76924	0.118	158.0
2020-05-19T02:41	83.28566	8.77033	0.122	157.9
2020-05-19T02:51	83.28533	8.77149	0.130	158.0
2020-05-19T03:01	83.28499	8.77265	0.129	157.8
2020-05-19T03:11	83.28467	8.77393	0.128	155.2
2020-05-19T03:21	83.28434	8.77521	0.130	155.5
2020-05-19T03:31	83.28403	8.77637	0.124	156.8
2020-05-19T03:41	83.28370	8.77745	0.125	158.6
2020-05-19T03:51	83.28339	8.77844	0.120	159.7
2020-05-19T04:01	83.28307	8.77943	0.121	160.0
2020-05-19T04:11	83.28275	8.78055	0.127	158.2
2020-05-19T04:21	83.28241	8.78181	0.131	156.1
2020-05-19T04:31	83.28209	8.78310	0.129	155.2
2020-05-19T04:41	83.28175	8.78438	0.132	155.7
2020-05-19T04:51	83.28142	8.78570	0.131	154.8
2020-05-19T05:01	83.28111	8.78692	0.126	156.0
2020-05-19T05:11	83.28079	8.78804	0.123	157.4
2020-05-19T05:21	83.28048	8.78921	0.123	156.4
2020-05-19T05:31	83.28016	8.79031	0.124	158.1
2020-05-19T05:41	83.27983	8.79152	0.127	156.4
2020-05-19T05:51	83.27950	8.79286	0.133	154.8
2020-05-19T06:01	83.27916	8.79432	0.138	153.5
2020-05-19T06:11	83.27880	8.79588	0.143	152.5
2020-05-19T06:21	83.27845	8.79750	0.145	151.9
2020-05-19T06:31	83.27809	8.79916	0.146	151.4
2020-05-19T06:41	83.27773	8.80079	0.147	152.1
2020-05-19T06:51	83.27736	8.80252	0.151	151.2
2020-05-19T07:01	83.27700	8.80418	0.148	151.7
2020-05-19T07:11	83.27662	8.80594	0.156	151.5
2020-05-19T07:21	83.27624	8.80774	0.156	150.9
2020-05-19T07:31	83.27587	8.80955	0.155	150.5
2020-05-19T07:41	83.27548	8.81143	0.160	150.5
2020-05-19T07:51	83.27509	8.81337	0.164	150.0
2020-05-19T08:01	83.27470	8.81540	0.165	148.6
2020-05-19T08:11	83.27432	8.81729	0.156	149.4
2020-05-19T08:21	83.27395	8.81922	0.156	148.6
2020-05-19T08:31	83.27358	8.82128	0.160	147.1
2020-05-19T08:41	83.27320	8.82344	0.163	146.1
2020-05-19T08:51	83.27282	8.82566	0.168	146.0
2020-05-19T09:01	83.27245	8.82788	0.163	145.0
2020-05-19T09:11	83.27207	8.83017	0.166	144.6
2020-05-19T09:21	83.27169	8.83252	0.169	144.1
2020-05-19T09:31	83.27132	8.83500	0.169	141.7
2020-05-19T09:41	83.27094	8.83754	0.175	142.2
2020-05-19T09:51	83.27055	8.84006	0.175	142.8
2020-05-19T10:01	83.27016	8.84266	0.177	141.8
2020-05-19T10:11	83.26978	8.84525	0.176	141.4
2020-05-19T10:21	83.26939	8.84785	0.177	141.8
2020-05-19T10:31	83.26902	8.85047	0.173	140.4
2020-05-19T10:41	83.26863	8.85309	0.178	141.7
2020-05-19T10:51	83.26826	8.85571	0.174	140.7
2020-05-19T11:01	83.26788	8.85831	0.174	141.0
2020-05-19T11:11	83.26750	8.86096	0.177	140.7
2020-05-19T11:21	83.26713	8.86371	0.177	139.0
2020-05-19T11:31	83.26742	8.86969	0.273	67.3
2020-05-19T11:41	83.26599	8.86836	0.520	186.2
2020-05-19T11:51	83.26707	8.87630	0.513	40.8
2020-05-19T12:01	83.26477	8.87314	0.837	189.2
2020-05-19T12:11	83.26444	8.87572	0.162	137.6
2020-05-19T12:21	83.26489	8.88002	0.242	48.5
2020-05-19T12:31	83.26504	8.88430	0.189	73.2
2020-05-19T12:41	83.26500	8.88815	0.163	94.8
2020-05-19T12:51	83.26301	8.88620	0.721	186.6
2020-05-19T13:01	83.26302	8.88921	0.127	88.2
2020-05-19T13:11	83.26057	8.89070	0.884	175.9
2020-05-19T13:21	83.26019	8.89341	0.180	140.7
2020-05-19T13:31	83.26069	8.89506	0.194	21.1
2020-05-19T13:41	83.26066	8.89780	0.116	95.1
2020-05-19T13:51	83.25820	8.90240	0.908	167.6
2020-05-19T14:01	83.25909	8.90291	0.322	3.8
2020-05-19T14:11	83.25925	8.90500	0.104	57.6
2020-05-19T14:21	83.25901	8.90731	0.130	131.3
2020-05-19T14:31	83.25832	8.90973	0.267	157.4
2020-05-19T14:41	83.25563	8.91814	1.032	159.9
2020-05-19T14:51	83.25743	8.91417	0.669	345.5
2020-05-19T15:01	83.25559	8.92106	0.723	156.2
2020-05-19T15:11	83.25553	8.92148	0.029	142.1
2020-05-19T15:21	83.25481	8.92546	0.309	147.0
2020-05-19T15:31	83.25262	8.93609	0.909	150.3
2020-05-19T15:41	83.25166	8.94189	0.424	144.7
2020-05-19T15:51	83.25262	8.93621	0.423	325.4
2020-05-19T16:01	83.25099	8.94455	0.685	149.0
2020-05-19T16:11	83.25184	8.94100	0.340	333.8
2020-05-19T16:21	83.25071	8.94774	0.496	145.0
2020-05-19T16:31	83.25102	8.94652	0.121	334.7
2020-05-19T16:41	83.25186	8.94419	0.321	342.1
2020-05-19T16:51	83.24865	8.96191	1.379	147.0
2020-05-19T17:01	83.24844	8.96341	0.100	140.5
2020-05-19T17:11	83.24727	8.97143	0.539	140.9
2020-05-19T17:21	83.24599	8.98871	0.865	122.3
2020-05-19T17:31	83.24403	9.02107	1.542	117.3
2020-05-19T17:41	83.24331	9.02909	0.428	127.4
2020-05-19T17:51	83.24215	9.04141	0.668	128.6
2020-05-19T18:01	83.24006	9.06128	1.130	131.8
2020-05-19T18:11	83.23969	9.06382	0.170	140.7
2020-05-19T18:21	83.23737	9.08799	1.321	129.1
2020-05-19T18:31	83.23679	9.09283	0.295	135.9
2020-05-19T18:41	83.23601	9.09853	0.371	139.2
2020-05-19T18:51	83.23520	9.10399	0.372	141.5
2020-05-19T19:01	83.23231	9.12546	1.383	138.8
2020-05-19T19:11	83.23176	9.13074	0.299	131.5
2020-05-19T19:21	83.23138	9.13466	0.215	129.2
2020-05-19T19:31	83.22975	9.16608	1.457	113.8
2020-05-19T19:41	83.22533	9.24439	3.686	115.5
2020-05-19T19:51	83.22767	9.29071	2.140	66.8
2020-05-19T20:01	83.22763	9.29468	0.169	94.8
2020-05-19T20:11	83.22697	9.31139	0.748	108.5
2020-05-19T20:21	83.22620	9.30603	0.360	219.2
2020-05-19T20:31	83.22652	9.30497	0.124	338.7
2020-05-19T20:41	83.22513	9.31389	0.626	142.8
2020-05-19T20:51	83.22480	9.31665	0.169	135.9
2020-05-19T21:01	83.22529	9.31834	0.192	21.9
2020-05-19T21:11	83.22464	9.32242	0.293	143.7
2020-05-19T21:21	83.22364	9.32367	0.363	171.6
2020-05-19T21:31	83.22061	9.31026	1.231	207.6
2020-05-19T21:41	83.21964	9.30818	0.359	194.3
2020-05-19T21:51	83.21828	9.30513	0.507	194.8
2020-05-19T22:01	83.21802	9.30847	0.171	123.4
2020-05-19T22:11	83.21701	9.31085	0.376	164.4
2020-05-19T22:21	83.21640	9.31495	0.281	141.7
2020-05-19T22:31	83.21531	9.32037	0.456	149.6
2020-05-19T22:41	83.21406	9.32784	0.552	144.8
2020-05-19T22:51	83.21251	9.33609	0.657	147.7
2020-05-19T23:01	83.21266	9.33822	0.105	60.0
2020-05-19T23:11	83.21054	9.35657	1.091	134.3
2020-05-19T23:21	83.20775	9.39401	1.885	122.2
2020-05-19T23:31	83.20655	9.41473	0.983	116.1
2020-05-19T23:41	83.20445	9.44258	1.406	122.5
2020-05-19T23:51	83.20395	9.46100	0.805	102.8
2020-05-20T00:01	83.20400	9.47539	0.613	88.3
2020-05-20T00:11	83.20381	9.52077	1.935	92.0
2020-05-20T00:21	83.20378	9.52138	0.027	109.7
2020-05-20T00:31	83.20282	9.54376	1.014	109.9
2020-05-20T00:41	83.20231	9.55078	0.351	121.5
2020-05-20T00:51	83.20095	9.56014	0.632	140.8
2020-05-20T01:01	83.20023	9.56652	0.376	133.6
2020-05-20T01:11	83.19874	9.57915	0.761	135.0
2020-05-20T01:21	83.19864	9.58308	0.172	102.3
2020-05-20T01:31	83.19839	9.60399	0.896	95.7
2020-05-20T01:41	83.19855	9.61270	0.376	80.9
2020-05-20T01:51	83.19837	9.60503	0.334	258.7
2020-05-20T02:01	83.19840	9.60662	0.068	82.7
2020-05-20T02:11	83.19846	9.60841	0.080	72.7
2020-05-20T02:21	83.19865	9.61714	0.378	79.5
2020-05-20T02:31	83.19881	9.62430	0.310	79.9
2020-05-20T02:41	83.19848	9.60616	0.782	261.4
2020-05-20T02:51	83.19900	9.62508	0.828	76.9
2020-05-20T03:01	83.19892	9.61285	0.522	266.8
2020-05-20T03:11	83.19919	9.62997	0.737	82.3
2020-05-20T03:21	83.19947	9.63025	0.102	6.6
2020-05-20T03:31	83.19962	9.63330	0.140	68.6
2020-05-20T03:41	83.19944	9.61936	0.598	263.9
2020-05-20T03:51	83.19954	9.61983	0.041	29.2
2020-05-20T04:01	83.19989	9.62867	0.397	71.4
2020-05-20T04:11	83.20007	9.63825	0.413	81.1
2020-05-20T04:21	83.20006	9.63714	0.047	265.9
2020-05-20T04:31	83.20029	9.63863	0.104	37.6
2020-05-20T04:41	83.20044	9.63994	0.079	45.0
2020-05-20T04:51	83.19988	9.62287	0.756	254.3
2020-05-20T05:01	83.20047	9.63913	0.725	72.8
2020-05-20T05:11	83.20029	9.62908	0.434	261.2
2020-05-20T05:21	83.20034	9.62344	0.241	274.3
2020-05-20T05:31	83.20063	9.64261	0.824	82.6
2020-05-20T05:41	83.20118	9.63192	0.496	293.4
2020-05-20T05:51	83.20142	9.62978	0.125	313.1
2020-05-20T06:01	83.20109	9.64300	0.576	101.9
2020-05-20T06:11	83.19958	9.66356	1.031	121.8
2020-05-20T06:21	83.19776	9.70117	1.731	112.1
2020-05-20T06:31	83.19760	9.70860	0.322	100.2
2020-05-20T06:41	83.19695	9.72117	0.585	113.7
2020-05-20T06:51	83.19632	9.73730	0.724	108.1
2020-05-20T07:01	83.19366	9.76945	1.673	124.9
2020-05-20T07:11	83.19325	9.77861	0.419	111.0
2020-05-20T07:21	83.19320	9.78145	0.123	98.6
2020-05-20T07:31	83.19264	9.80471	1.012	101.4
2020-05-20T07:41	83.19273	9.80242	0.103	288.5
2020-05-20T07:51	83.19311	9.79422	0.376	291.2
2020-05-20T08:01	83.19247	9.81240	0.809	106.4
2020-05-20T08:11	83.19228	9.81656	0.191	111.2
2020-05-20T08:21	83.19139	9.82632	0.526	127.6
2020-05-20T08:31	83.19051	9.83125	0.381	146.5
2020-05-20T08:41	83.18999	9.83388	0.219	149.2
2020-05-20T08:51	83.18952	9.83691	0.211	142.3
2020-05-20T09:01	83.18774	9.84216	0.681	160.8
2020-05-20T09:11	83.18524	9.84859	0.939	163.0
2020-05-20T09:21	83.18430	9.85115	0.357	162.2
2020-05-20T09:31	83.18336	9.85686	0.417	144.1
2020-05-20T09:41	83.18379	9.85530	0.167	336.4
2020-05-20T09:51	83.18198	9.87669	1.121	125.3
2020-05-20T10:01	83.17845	9.90060	1.632	141.2
2020-05-20T10:11	83.17783	9.90694	0.350	129.2
2020-05-20T10:21	83.17849	9.90419	0.265	333.6
2020-05-20T10:31	83.17766	9.91196	0.448	132.1
2020-05-20T10:41	83.17603	9.92790	0.899	130.7
2020-05-20T10:51	83.17584	9.93150	0.168	113.7
2020-05-20T11:01	83.17535	9.93744	0.310	125.0
2020-05-20T11:11	83.17426	9.94454	0.496	142.2
2020-05-20T11:21	83.17321	9.95555	0.604	128.7
2020-05-20T11:31	83.17243	9.96641	0.543	121.2
2020-05-20T11:41	83.17171	9.97696	0.520	119.6
2020-05-20T11:51	83.17044	9.99571	0.924	119.7
2020-05-20T12:01	83.16824	10.00271	0.847	159.3
2020-05-20T12:11	83.16358	10.02615	1.954	149.1
2020-05-20T12:21	83.16178	10.03190	0.694	159.2
2020-05-20T12:31	83.15746	10.00665	1.895	214.9
2020-05-20T12:41	83.15050	10.03925	2.872	150.8
2020-05-20T12:51	83.14746	10.05790	1.354	143.7
2020-05-20T13:01	83.14030	10.07591	2.694	163.3
2020-05-20T13:11	83.13518	10.08896	1.926	163.0
2020-05-20T13:21	83.13437	10.09599	0.420	133.9
2020-05-20T13:31	83.13308	10.09931	0.486	162.9
2020-05-20T13:41	83.13468	10.10549	0.634	24.8
2020-05-20T13:51	83.13380	10.10833	0.340	158.9
2020-05-20T14:01	83.13145	10.10607	0.850	186.6
2020-05-20T14:11	83.13109	10.10755	0.144	153.8
2020-05-20T14:21	83.12231	10.11144	3.168	177.0
2020-05-20T14:31	83.11794	10.12692	1.710	157.0
2020-05-20T14:41	83.11797	10.13301	0.263	87.4
2020-05-20T14:51	83.11788	10.14157	0.370	94.8
2020-05-20T15:01	83.11934	10.13410	0.615	328.4
2020-05-20T15:11	83.11903	10.14485	0.476	103.2
2020-05-20T15:21	83.11381	10.16335	2.045	157.0
2020-05-20T15:31	83.11370	10.16818	0.212	100.7
2020-05-20T15:41	83.11228	10.17662	0.626	144.4
2020-05-20T15:51	83.10519	10.18306	2.571	173.8
2020-05-20T16:01	83.09706	10.22798	3.510	146.4
2020-05-20T16:11	83.09795	10.22069	0.448	315.2
2020-05-20T16:21	83.09812	10.22627	0.250	75.5
2020-05-20T16:31	83.09786	10.23814	0.522	100.2
2020-05-20T16:41	83.09707	10.25465	0.769	111.7
2020-05-20T16:51	83.09064	10.28048	2.573	154.2
2020-05-20T17:01	83.08980	10.28987	0.507	126.6
2020-05-20T17:11	83.09009	10.29287	0.167	51.4
2020-05-20T17:21	83.08862	10.30730	0.819	130.3
2020-05-20T17:31	83.08743	10.31675	0.591	136.1
2020-05-20T17:41	83.08740	10.32116	0.192	94.3
2020-05-20T17:51	83.08829	10.32308	0.333	14.5
2020-05-20T18:01	83.08535	10.33657	1.208	151.0
2020-05-20T18:11	83.08504	10.34445	0.359	108.3
2020-05-20T18:21	83.08522	10.34641	0.108	52.1
2020-05-20T18:31	83.08537	10.35154	0.229	76.6
2020-05-20T18:41	83.08560	10.35366	0.124	47.7
2020-05-20T18:51	83.08544	10.36182	0.358	99.3
2020-05-20T19:01	83.08557	10.36426	0.114	67.1
2020-05-20T19:11	83.08576	10.36517	0.081	29.4
2020-05-20T19:21	83.08588	10.36590	0.051	38.0
2020-05-20T19:31	83.08614	10.36629	0.095	10.0
2020-05-20T19:41	83.08485	10.38691	1.007	117.4
2020-05-20T19:51	83.08446	10.39191	0.259	123.1
2020-05-20T20:01	83.08229	10.40729	1.027	139.5
2020-05-20T20:11	83.08067	10.42631	1.010	125.3
2020-05-20T20:21	83.08009	10.43561	0.454	117.3
2020-05-20T20:31	83.07990	10.43936	0.176	112.4
2020-05-20T20:41	83.07946	10.44564	0.316	120.3
2020-05-20T20:51	83.07885	10.45127	0.328	131.9
2020-05-20T21:01	83.07836	10.45519	0.247	136.4
2020-05-20T21:11	83.07923	10.45349	0.325	346.9
2020-05-20T21:21	83.07822	10.45847	0.423	149.3
2020-05-20T21:31	83.07834	10.46015	0.085	59.1
2020-05-20T21:41	83.07672	10.46973	0.718	144.6
2020-05-20T21:51	83.07359	10.52616	2.696	114.6
2020-05-20T22:01	83.07120	10.56181	1.771	119.0
2020-05-20T22:11	83.07109	10.56553	0.167	104.7
2020-05-20T22:21	83.07085	10.57032	0.225	112.1
2020-05-20T22:31	83.06991	10.58609	0.763	116.2
2020-05-20T22:41	83.06935	10.59907	0.599	109.7
2020-05-20T22:51	83.06743	10.63504	1.710	113.9
2020-05-20T23:01	83.06785	10.63026	0.258	306.2
2020-05-20T23:11	83.06800	10.63144	0.073	44.7
2020-05-20T23:21	83.06742	10.64983	0.825	104.5
2020-05-20T23:31	83.06752	10.65272	0.130	74.9
2020-05-20T23:41	83.06345	10.70151	2.577	124.6
2020-05-20T23:51	83.05867	10.77429	3.603	118.5
2020-05-21T00:01	83.05786	10.80156	1.223	103.9
2020-05-21T00:11	83.05710	10.81530	0.657	114.4
2020-05-21T00:21	83.05751	10.81614	0.151	14.0
2020-05-21T00:31	83.05550	10.84908	1.606	116.7
2020-05-21T00:41	83.05386	10.91429	2.900	101.7
2020-05-21T00:51	83.05431	10.91439	0.164	1.5
2020-05-21T01:01	83.05355	10.93314	0.861	108.5
2020-05-21T01:11	83.05357	10.93912	0.260	89.1
2020-05-21T01:21	83.05391	10.94175	0.170	42.4
2020-05-21T01:31	83.05427	10.94462	0.178	44.3
2020-05-21T01:41	83.05463	10.94744	0.180	43.3
2020-05-21T01:51	83.05501	10.95028	0.185	41.9
2020-05-21T02:01	83.05541	10.95310	0.189	40.6
2020-05-21T02:11	83.05583	10.95605	0.197	40.8
2020-05-21T02:21	83.05624	10.95881	0.191	39.2
2020-05-21T02:31	83.05666	10.96160	0.195	38.6
2020-05-21T02:41	83.05709	10.96438	0.197	38.0
2020-05-21T02:51	83.05753	10.96718	0.199	37.6
2020-05-21T03:01	83.05796	10.96970	0.190	35.3
2020-05-21T03:11	83.05837	10.97208	0.182	34.7
2020-05-21T03:21	83.05877	10.97441	0.175	35.2
2020-05-21T03:31	83.05917	10.97666	0.172	34.8
2020-05-21T03:41	83.05955	10.97886	0.168	34.6
2020-05-21T03:51	83.05992	10.98092	0.161	33.8
2020-05-21T04:01	83.06028	10.98284	0.155	32.6
2020-05-21T04:11	83.06064	10.98476	0.153	33.2
2020-05-21T04:21	83.06098	10.98653	0.146	32.0
2020-05-21T04:31	83.06132	10.98822	0.142	31.2
2020-05-21T04:41	83.06164	10.98984	0.136	31.1
2020-05-21T04:51	83.06196	10.99140	0.134	30.4
2020-05-21T05:01	83.06228	10.99291	0.132	29.9
2020-05-21T05:11	83.06259	10.99441	0.129	30.3
2020-05-21T05:21	83.06290	10.99572	0.125	27.2
2020-05-21T05:31	83.06320	10.99701	0.121	27.5
2020-05-21T05:41	83.06349	10.99820	0.116	26.5
2020-05-21T05:51	83.06378	10.99934	0.118	24.8
2020-05-21T06:01	83.06456	10.99687	0.300	339.1
2020-05-21T06:11	83.06148	11.01545	1.371	143.9
2020-05-21T06:21	83.06094	11.01967	0.267	136.6
2020-05-21T06:31	83.06161	11.01869	0.246	349.9
2020-05-21T06:41	83.05994	11.03097	0.805	138.4
2020-05-21T06:51	83.05352	11.09087	3.484	131.5
2020-05-21T07:01	83.04678	11.10440	2.499	166.4
2020-05-21T07:11	83.04355	11.11486	1.248	158.6
2020-05-21T07:21	83.04544	11.11182	0.693	349.0
2020-05-21T07:31	83.04172	11.12885	1.533	151.0
2020-05-21T07:41	83.03612	11.12414	2.025	185.8
2020-05-21T07:51	83.03580	11.12007	0.213	236.8
2020-05-21T08:01	83.03754	11.13034	0.772	35.5
2020-05-21T08:11	83.03509	11.11801	1.036	211.3
2020-05-21T08:21	83.03299	11.11272	0.788	197.0
2020-05-21T08:31	83.03033	11.11120	0.961	184.0
2020-05-21T08:41	83.02409	11.10572	2.260	186.1
2020-05-21T08:51	83.02125	11.10451	1.025	183.0
2020-05-21T09:01	83.02107	11.10464	0.062	174.5
2020-05-21T09:11	83.01904	11.10822	0.750	168.0
2020-05-21T09:21	83.01935	11.10872	0.115	11.1
2020-05-21T09:31	83.01300	11.10675	2.288	182.2
2020-05-21T09:41	83.01058	11.08732	1.217	224.4
2020-05-21T09:51	83.00906	11.06633	1.071	239.2
2020-05-21T10:01	83.00916	11.06241	0.175	281.8
2020-05-21T10:11	83.00895	11.04718	0.672	263.7
2020-05-21T10:21	83.00868	11.03710	0.453	257.3
2020-05-21T10:31	83.00033	11.03105	3.017	185.1
2020-05-21T10:41	82.99106	11.02361	3.352	185.6
2020-05-21T10:51	82.98694	11.03163	1.525	166.6
2020-05-21T11:01	82.98446	11.03666	0.920	166.1
2020-05-21T11:11	82.98356	11.04797	0.594	123.2
2020-05-21T11:21	82.98260	11.06160	0.692	119.9
2020-05-21T11:31	82.97914	11.06544	1.256	172.3
2020-05-21T11:41	82.97794	11.06651	0.437	173.8
2020-05-21T11:51	82.97754	11.06590	0.147	190.4
2020-05-21T12:01	82.97703	11.06483	0.189	194.4
2020-05-21T12:11	82.97703	11.06457	0.011	274.5
2020-05-21T12:21	82.97682	11.06316	0.098	219.4
2020-05-21T12:31	82.97585	11.06030	0.372	199.8
2020-05-21T12:41	82.97643	11.06147	0.216	13.9
2020-05-21T12:51	82.97589	11.05970	0.210	201.8
2020-05-21T13:01	82.97601	11.06022	0.049	27.5
2020-05-21T13:11	82.97669	11.06081	0.246	6.0
2020-05-21T13:21	82.97710	11.06140	0.151	10.0
2020-05-21T13:31	82.97653	11.05844	0.243	212.4
2020-05-21T13:41	82.97600	11.05755	0.194	191.8
2020-05-21T13:51	82.97669	11.05787	0.249	3.2
2020-05-21T14:01	82.96739	11.03227	3.535	198.6
2020-05-21T14:11	82.96792	11.03270	0.193	5.6
2020-05-21T14:21	82.96811	11.03226	0.070	343.9
2020-05-21T14:31	82.96836	11.03183	0.092	348.1
2020-05-21T14:41	82.96592	11.02592	0.916	196.5
2020-05-21T14:51	82.96386	11.02428	0.744	185.6
2020-05-21T15:01	82.96183	11.02886	0.760	164.6
2020-05-21T15:11	82.96022	11.05219	1.182	119.4
2020-05-21T15:21	82.96201	11.08576	1.616	66.4
2020-05-21T15:31	82.95916	11.17585	4.106	104.5
2020-05-21T15:41	82.95924	11.18417	0.368	85.1
2020-05-21T15:51	82.96150	11.21817	1.706	61.6
2020-05-21T16:01	82.96400	11.22610	0.968	21.2
2020-05-21T16:11	82.96397	11.24440	0.807	90.8
2020-05-21T16:21	82.96439	11.29649	2.302	86.2
2020-05-21T16:31	82.96506	11.32420	1.245	78.9
2020-05-21T16:41	82.96261	11.37567	2.434	111.1
2020-05-21T16:51	82.96320	11.38488	0.457	62.7
2020-05-21T17:01	82.96383	11.38863	0.282	36.0
2020-05-21T17:11	82.96568	11.39674	0.757	28.2
2020-05-21T17:21	82.96495	11.38876	0.441	233.0
2020-05-21T17:31	82.96611	11.39269	0.454	22.4
2020-05-21T17:41	82.96728	11.39536	0.435	15.7
2020-05-21T17:51	82.97002	11.40770	1.129	28.8
2020-05-21T18:01	82.97201	11.41965	0.889	36.3
2020-05-21T18:11	82.97253	11.42283	0.233	36.9
2020-05-21T18:21	82.97317	11.43652	0.646	69.0
2020-05-21T18:31	82.97347	11.43943	0.168	49.9
2020-05-21T18:41	82.97372	11.44245	0.161	56.1
2020-05-21T18:51	82.97370	11.45116	0.383	91.3
2020-05-21T19:01	82.97231	11.47694	1.241	113.7
2020-05-21T19:11	82.97223	11.50155	1.084	91.6
2020-05-21T19:21	82.97098	11.52029	0.939	118.5
2020-05-21T19:31	82.96934	11.52297	0.602	168.7
2020-05-21T19:41	82.96758	11.52484	0.640	172.6
2020-05-21T19:51	82.96752	11.52433	0.031	225.1
2020-05-21T20:01	82.96588	11.53269	0.695	148.0
2020-05-21T20:11	82.96554	11.53503	0.161	139.9
2020-05-21T20:21	82.96359	11.55298	1.059	131.6
2020-05-21T20:31	82.96316	11.55515	0.180	147.8
2020-05-21T20:41	82.96295	11.55475	0.079	193.2
2020-05-21T20:51	82.96233	11.56117	0.361	128.3
2020-05-21T21:01	82.96042	11.57277	0.859	143.4
2020-05-21T21:11	82.96102	11.56890	0.276	321.7
2020-05-21T21:21	82.95911	11.57795	0.795	149.8
2020-05-21T21:31	82.95732	11.58677	0.754	148.9
2020-05-21T21:41	82.95808	11.58111	0.371	317.7
2020-05-21T21:51	82.95808	11.58233	0.054	91.9
2020-05-21T22:01	82.95671	11.59581	0.773	129.6
2020-05-21T22:11	82.95605	11.61529	0.892	105.4
2020-05-21T22:21	82.95538	11.63084	0.727	109.1
2020-05-21T22:31	82.95489	11.64585	0.686	105.1
2020-05-21T22:41	82.95468	11.65223	0.292	105.1
2020-05-21T22:51	82.95427	11.65553	0.206	135.0
2020-05-21T23:01	82.95385	11.65686	0.162	158.8
2020-05-21T23:11	82.95472	11.65436	0.332	340.6
2020-05-21T23:21	82.95349	11.65913	0.492	154.7
2020-05-21T23:31	82.95377	11.65830	0.109	340.3
2020-05-21T23:41	82.95400	11.65775	0.087	343.8
2020-05-21T23:51	82.95460	11.65532	0.241	333.5
2020-05-22T00:01	82.95449	11.65688	0.080	120.2
2020-05-22T00:11	82.95456	11.65689	0.026	0.6
2020-05-22T00:21	82.95401	11.66276	0.328	127.8
2020-05-22T00:31	82.95440	11.66017	0.182	321.0
2020-05-22T00:41	82.95463	11.65952	0.088	341.1
2020-05-22T00:51	82.95484	11.65928	0.078	352.3
2020-05-22T01:01	82.95505	11.65904	0.077	351.7
2020-05-22T01:11	82.95527	11.65889	0.078	355.4
2020-05-22T01:21	82.95548	11.65878	0.075	356.3
2020-05-22T01:31	82.95568	11.65863	0.072	354.8
2020-05-22T01:41	82.95588	11.65846	0.073	354.1
2020-05-22T01:51	82.95607	11.65832	0.071	355.0
2020-05-22T02:01	82.95628	11.65812	0.073	353.0
2020-05-22T02:11	82.95647	11.65793	0.070	353.2
2020-05-22T02:21	82.95665	11.65772	0.067	351.8
2020-05-22T02:31	82.95683	11.65748	0.065	350.7
2020-05-22T02:41	82.95700	11.65723	0.061	349.5
2020-05-22T02:51	82.95715	11.65692	0.058	346.4
2020-05-22T03:01	82.95731	11.65657	0.058	344.8
2020-05-22T03:11	82.95745	11.65615	0.054	339.7
2020-05-22T03:21	82.95732	11.65843	0.112	115.6
2020-05-22T03:31	82.95772	11.65477	0.218	312.2
2020-05-22T03:41	82.95740	11.65842	0.199	126.1
2020-05-22T03:51	82.95783	11.65387	0.254	307.7
2020-05-22T04:01	82.95818	11.65081	0.186	313.5
2020-05-22T04:11	82.95785	11.65254	0.143	147.6
2020-05-22T04:21	82.95856	11.64853	0.311	325.3
2020-05-22T04:31	82.95833	11.64910	0.086	163.1
2020-05-22T04:41	82.95866	11.64687	0.152	319.9
2020-05-22T04:51	82.95782	11.64905	0.316	162.3
2020-05-22T05:01	82.95700	11.65050	0.302	167.8
2020-05-22T05:11	82.95673	11.64994	0.101	194.1
2020-05-22T05:21	82.95616	11.64998	0.203	179.5
2020-05-22T05:31	82.95504	11.65319	0.429	160.7
2020-05-22T05:41	82.95433	11.65355	0.255	176.4
2020-05-22T05:51	82.95454	11.65192	0.104	315.7
2020-05-22T06:01	82.95438	11.65034	0.090	230.5
2020-05-22T06:11	82.95359	11.64802	0.302	199.8
2020-05-22T06:21	82.95196	11.64245	0.635	202.8
2020-05-22T06:31	82.95211	11.64053	0.100	302.0
2020-05-22T06:41	82.94963	11.63857	0.898	185.5
2020-05-22T06:51	82.94906	11.63655	0.223	203.5
2020-05-22T07:01	82.94855	11.63456	0.203	205.7
2020-05-22T07:11	82.94695	11.63467	0.576	179.5
2020-05-22T07:21	82.94617	11.63402	0.282	185.9
2020-05-22T07:31	82.94665	11.63044	0.235	317.6
2020-05-22T07:41	82.94662	11.62740	0.135	264.8
2020-05-22T07:51	82.94252	11.63852	1.555	161.6
2020-05-22T08:01	82.94220	11.63586	0.165	225.4
2020-05-22T08:11	82.94170	11.63374	0.202	207.6
2020-05-22T08:21	82.94049	11.63247	0.440	187.3
2020-05-22T08:31	82.94035	11.62930	0.149	250.5
2020-05-22T08:41	82.94019	11.62635	0.142	246.6
2020-05-22T08:51	82.94004	11.62352	0.137	245.8
2020-05-22T09:01	82.93988	11.62056	0.143	246.9
2020-05-22T09:11	82.93973	11.61760	0.142	247.4
2020-05-22T09:21	82.93958	11.61474	0.137	247.2
2020-05-22T09:31	82.93944	11.61190	0.136	247.2
2020-05-22T09:41	82.93930	11.60904	0.136	248.5
2020-05-22T09:51	82.93916	11.60615	0.137	249.2
2020-05-22T10:01	82.93904	11.60338	0.131	249.8
2020-05-22T10:11	82.93891	11.60058	0.132	250.0
2020-05-22T10:21	82.93879	11.59785	0.129	250.1
2020-05-22T10:31	82.93866	11.59508	0.131	249.7
2020-05-22T10:41	82.93853	11.59240	0.127	248.5
2020-05-22T10:51	82.93840	11.58983	0.123	247.6
2020-05-22T11:01	82.93829	11.58734	0.118	249.3
2020-05-22T11:11	82.93821	11.58463	0.123	256.5
2020-05-22T11:21	82.93622	11.58908	0.743	164.6
2020-05-22T11:31	82.93381	11.60835	1.217	135.5
2020-05-22T11:41	82.93424	11.60372	0.258	307.3
2020-05-22T11:51	82.93377	11.60365	0.170	181.0
2020-05-22T12:01	82.93026	11.61131	1.310	165.0
2020-05-22T12:11	82.93023	11.60941	0.085	263.5
2020-05-22T12:21	82.92804	11.61532	0.830	161.6
2020-05-22T12:31	82.92702	11.61903	0.405	156.1
2020-05-22T12:41	82.92711	11.61610	0.134	284.0
2020-05-22T12:51	82.92738	11.61155	0.225	296.4
2020-05-22T13:01	82.92624	11.61847	0.513	143.3
2020-05-22T13:11	82.92648	11.61273	0.268	288.4
2020-05-22T13:21	82.92595	11.61792	0.298	129.4
2020-05-22T13:31	82.92580	11.61980	0.100	123.1
2020-05-22T13:41	82.92565	11.61771	0.107	239.9
2020-05-22T13:51	82.92516	11.65046	1.463	96.9
2020-05-22T14:01	82.92479	11.66167	0.515	105.1
2020-05-22T14:11	82.92449	11.66342	0.132	144.1
2020-05-22T14:21	82.92431	11.66237	0.080	215.4
2020-05-22T14:31	82.92381	11.66586	0.235	138.8
2020-05-22T14:41	82.92258	11.67394	0.571	141.2
2020-05-22T14:51	82.92158	11.67670	0.379	161.2
2020-05-22T15:01	82.92047	11.67251	0.442	204.9
2020-05-22T15:11	82.91983	11.66899	0.278	214.1
2020-05-22T15:21	82.91828	11.64720	1.117	240.0
2020-05-22T15:31	82.91796	11.64044	0.321	249.4
2020-05-22T15:41	82.91788	11.64240	0.092	108.7
2020-05-22T15:51	82.91749	11.62163	0.932	261.4
2020-05-22T16:01	82.91759	11.59010	1.400	271.5
2020-05-22T16:11	82.91665	11.51877	3.185	263.9
2020-05-22T16:21	82.91557	11.50521	0.717	237.1
2020-05-22T16:31	82.91519	11.49815	0.342	246.5
2020-05-22T16:41	82.91475	11.47632	0.983	260.7
2020-05-22T16:51	82.91453	11.46771	0.390	258.4
2020-05-22T17:01	82.91405	11.44940	0.831	258.0
2020-05-22T17:11	82.91269	11.43947	0.657	222.2
2020-05-22T17:21	82.91065	11.42669	0.930	217.6
2020-05-22T17:31	82.90950	11.41785	0.570	223.6
2020-05-22T17:41	82.90886	11.40892	0.460	239.7
2020-05-22T17:51	82.90759	11.37992	1.367	250.6
2020-05-22T18:01	82.90727	11.37599	0.209	236.7
2020-05-22T18:11	82.90706	11.37448	0.102	221.4
2020-05-22T18:21	82.90672	11.36942	0.257	240.9
2020-05-22T18:31	82.90635	11.36407	0.272	241.2
2020-05-22T18:41	82.89727	11.30011	4.335	221.1
2020-05-22T18:51	82.89576	11.29546	0.584	200.8
2020-05-22T19:01	82.89536	11.25541	1.789	265.4
2020-05-22T19:11	82.89729	11.21775	1.815	292.5
2020-05-22T19:21	82.89670	11.20377	0.658	251.2
2020-05-22T19:31	82.89581	11.18866	0.745	244.5
2020-05-22T19:41	82.89544	11.18288	0.290	242.8
2020-05-22T19:51	82.89463	11.17025	0.633	242.6
2020-05-22T20:01	82.89409	11.15886	0.543	249.1
2020-05-22T20:11	82.89345	11.14319	0.735	251.8
2020-05-22T20:21	82.89291	11.13086	0.583	250.5
2020-05-22T20:31	82.89216	11.11840	0.617	244.0
2020-05-22T20:41	82.89209	11.11894	0.035	136.0
2020-05-22T20:51	82.89175	11.11238	0.318	247.0
2020-05-22T21:01	82.89126	11.10521	0.365	241.1
2020-05-22T21:11	82.89101	11.10182	0.176	239.4
2020-05-22T21:21	82.89077	11.09868	0.164	238.6
2020-05-22T21:31	82.88927	11.09033	0.656	214.5
2020-05-22T21:41	82.88968	11.08939	0.155	344.2
2020-05-22T21:51	82.88877	11.08773	0.335	192.8
2020-05-22T22:01	82.88679	11.09027	0.723	171.0
2020-05-22T22:11	82.88554	11.09099	0.450	175.9
2020-05-22T22:21	82.88507	11.08988	0.178	196.2
2020-05-22T22:31	82.88495	11.08786	0.100	243.9
2020-05-22T22:41	82.88482	11.08569	0.107	244.5
2020-05-22T22:51	82.88537	11.08107	0.286	314.0
2020-05-22T23:01	82.88414	11.08356	0.456	166.0
2020-05-22T23:11	82.88341	11.08448	0.266	171.1
2020-05-22T23:21	82.88002	11.09207	1.267	164.5
2020-05-22T23:31	82.87896	11.09597	0.419	155.4
2020-05-22T23:41	82.87935	11.09141	0.246	304.2
2020-05-22T23:51	82.87824	11.09523	0.434	156.8
2020-05-23T00:01	82.87791	11.09501	0.120	184.6
2020-05-23T00:11	82.87871	11.09028	0.358	323.9
2020-05-23T00:21	82.87728	11.09466	0.552	159.3
2020-05-23T00:31	82.87605	11.09635	0.447	170.3
2020-05-23T00:41	82.87634	11.09459	0.132	323.2
2020-05-23T00:51	82.87572	11.09519	0.227	173.2
2020-05-23T01:01	82.87448	11.09712	0.454	169.0
2020-05-23T01:11	82.87509	11.09425	0.255	329.8
2020-05-23T01:21	82.87365	11.09553	0.524	173.7
2020-05-23T01:31	82.87424	11.09300	0.240	331.8
2020-05-23T01:41	82.87318	11.09483	0.389	167.9
2020-05-23T01:51	82.87184	11.09826	0.504	162.3
2020-05-23T02:01	82.87071	11.09934	0.411	173.2
2020-05-23T02:11	82.87008	11.09933	0.227	180.2
2020-05-23T02:21	82.87189	11.09412	0.693	340.4
2020-05-23T02:31	82.86887	11.10110	1.131	164.0
2020-05-23T02:41	82.86693	11.10541	0.726	164.6
2020-05-23T02:51	82.86750	11.10208	0.254	324.2
2020-05-23T03:01	82.86325	11.10921	1.561	168.2
2020-05-23T03:11	82.86241	11.10854	0.307	185.6
2020-05-23T03:21	82.85927	11.11563	1.173	164.3
2020-05-23T03:31	82.85612	11.13108	1.329	148.6
2020-05-23T03:41	82.85445	11.12964	0.604	186.1
2020-05-23T03:51	82.85128	11.12028	1.216	200.2
2020-05-23T04:01	82.85013	11.11898	0.418	188.0
2020-05-23T04:11	82.84693	11.11552	1.162	187.7
2020-05-23T04:21	82.84672	11.11353	0.116	229.8
2020-05-23T04:31	82.84325	11.10671	1.288	193.7
2020-05-23T04:41	82.83873	11.09272	1.744	201.1
2020-05-23T04:51	82.83789	11.08933	0.337	206.9
2020-05-23T05:01	82.83831	11.08990	0.152	9.8
2020-05-23T05:11	82.83670	11.08991	0.578	180.0
2020-05-23T05:21	82.83308	11.10339	1.437	155.1
2020-05-23T05:31	82.82940	11.10174	1.327	183.2
2020-05-23T05:41	82.82998	11.06893	1.489	278.1
2020-05-23T05:51	82.82906	11.01135	2.609	262.7
2020-05-23T06:01	82.82867	11.00349	0.380	248.3
2020-05-23T06:11	82.82830	10.99536	0.390	249.8
2020-05-23T06:21	82.82789	10.98050	0.684	257.6
2020-05-23T06:31	82.82766	10.97861	0.118	226.0
2020-05-23T06:41	82.82717	10.95874	0.911	258.7
2020-05-23T06:51	82.82618	10.94369	0.763	242.4
2020-05-23T07:01	82.82562	10.93513	0.436	242.1
2020-05-23T07:11	82.82426	10.92421	0.692	225.2
2020-05-23T07:21	82.82516	10.92550	0.328	10.1
2020-05-23T07:31	82.82410	10.91699	0.539	225.2
2020-05-23T07:41	82.82383	10.90847	0.396	255.8
2020-05-23T07:51	82.82330	10.89200	0.766	255.4
2020-05-23T08:01	82.82211	10.87482	0.883	241.1
2020-05-23T08:11	82.82103	10.86200	0.695	236.1
2020-05-23T08:21	82.81980	10.85487	0.547	215.9
2020-05-23T08:31	82.81885	10.85011	0.406	211.9
2020-05-23T08:41	82.81664	10.84344	0.851	200.6
2020-05-23T08:51	82.81419	10.81750	1.462	233.0
2020-05-23T09:01	82.81277	10.79461	1.151	243.6
2020-05-23T09:11	82.80872	10.75607	2.270	229.9
2020-05-23T09:21	82.80849	10.75803	0.119	131.9
2020-05-23T09:31	82.80861	10.75661	0.077	303.2
2020-05-23T09:41	82.80648	10.74128	1.032	222.0
2020-05-23T09:51	82.80723	10.75029	0.487	56.5
2020-05-23T10:01	82.80604	10.73414	0.844	239.6
2020-05-23T10:11	82.80595	10.73579	0.082	114.3
2020-05-23T10:21	82.80521	10.72581	0.523	239.3
2020-05-23T10:31	82.80525	10.72858	0.126	83.2
2020-05-23T10:41	82.80430	10.65962	3.129	263.7
2020-05-23T10:51	82.80082	10.63078	1.806	226.1
2020-05-23T11:01	82.79289	10.61217	2.975	196.4
2020-05-23T11:11	82.79270	10.61068	0.097	223.9
2020-05-23T11:21	82.79255	10.60985	0.064	215.8
2020-05-23T11:31	82.78945	10.59761	1.247	206.3
2020-05-23T11:41	82.78932	10.59842	0.060	142.2
2020-05-23T11:51	82.79166	10.54157	2.704	288.2
2020-05-23T12:01	82.79260	10.51471	1.260	285.6
2020-05-23T12:11	82.79273	10.49004	1.115	272.4
2020-05-23T12:21	82.79259	10.48263	0.338	261.6
2020-05-23T12:31	82.79185	10.43947	1.968	262.2
2020-05-23T12:41	82.79071	10.42772	0.669	232.5
2020-05-23T12:51	82.79094	10.42941	0.112	43.3
2020-05-23T13:01	82.79021	10.42341	0.379	225.8
2020-05-23T13:11	82.79018	10.42334	0.009	198.2
2020-05-23T13:21	82.79033	10.42291	0.055	339.2
2020-05-23T13:31	82.79026	10.42161	0.063	247.8
2020-05-23T13:41	82.79013	10.41989	0.090	239.5
2020-05-23T13:51	82.79002	10.41807	0.092	242.9
2020-05-23T14:01	82.79002	10.41677	0.059	269.7
2020-05-23T14:11	82.78926	10.41203	0.346	218.2
2020-05-23T14:21	82.78968	10.41253	0.153	8.5
2020-05-23T14:31	82.78828	10.40772	0.549	203.3
2020-05-23T14:41	82.78630	10.40531	0.720	188.7
2020-05-23T14:51	82.78644	10.40331	0.103	299.0
2020-05-23T15:01	82.78594	10.40156	0.197	203.7
2020-05-23T15:11	82.78597	10.39903	0.115	275.7
2020-05-23T15:21	82.78538	10.39837	0.216	187.9
2020-05-23T15:31	82.78300	10.40607	0.925	157.9
2020-05-23T15:41	82.78265	10.40646	0.128	172.2
2020-05-23T15:51	82.78261	10.40363	0.129	263.5
2020-05-23T16:01	82.78211	10.40462	0.184	165.9
2020-05-23T16:11	82.78151	10.40563	0.221	168.1
2020-05-23T16:21	82.78094	10.40742	0.220	158.4
2020-05-23T16:31	82.78083	10.40657	0.055	224.5
2020-05-23T16:41	82.78116	10.40052	0.297	293.0
2020-05-23T16:51	82.78106	10.39838	0.103	249.8
2020-05-23T17:01	82.78013	10.40619	0.487	133.4
2020-05-23T17:11	82.77957	10.41356	0.389	121.1
2020-05-23T17:21	82.77907	10.41713	0.241	138.0
2020-05-23T17:31	82.77902	10.41457	0.117	260.6
2020-05-23T17:41	82.77839	10.41524	0.229	172.4
2020-05-23T17:51	82.77885	10.41007	0.286	305.2
2020-05-23T18:01	82.77872	10.40850	0.084	238.1
2020-05-23T18:11	82.77850	10.40594	0.141	234.9
2020-05-23T18:21	82.77794	10.40503	0.206	191.5
2020-05-23T18:31	82.77788	10.40221	0.130	260.5
2020-05-23T18:41	82.77778	10.39944	0.129	255.0
2020-05-23T18:51	82.77838	10.39369	0.337	309.5
2020-05-23T19:01	82.77770	10.39224	0.254	195.0
2020-05-23T19:11	82.77743	10.38926	0.166	234.5
2020-05-23T19:21	82.77707	10.38631	0.188	225.2
2020-05-23T19:31	82.77664	10.38337	0.204	220.8
2020-05-23T19:41	82.77651	10.38112	0.111	246.7
2020-05-23T19:51	82.77696	10.37770	0.222	315.9
2020-05-23T20:01	82.77558	10.37695	0.497	184.0
2020-05-23T20:11	82.77566	10.37319	0.172	279.0
2020-05-23T20:21	82.77498	10.37305	0.243	181.5
2020-05-23T20:31	82.77434	10.37276	0.232	183.3
2020-05-23T20:41	82.77348	10.37447	0.318	165.9
2020-05-23T20:51	82.77409	10.36720	0.396	303.7
2020-05-23T21:01	82.77364	10.36786	0.166	169.6
2020-05-23T21:11	82.77378	10.36376	0.193	285.8
2020-05-23T21:21	82.77321	10.36496	0.213	165.2
2020-05-23T21:31	82.77287	10.36387	0.132	201.9
2020-05-23T21:41	82.77061	10.36684	0.822	170.6
2020-05-23T21:51	82.76932	10.36462	0.475	192.2
2020-05-23T22:01	82.76749	10.36136	0.677	192.6
2020-05-23T22:11	82.76621	10.35547	0.534	210.0
2020-05-23T22:21	82.76512	10.34957	0.473	214.5
2020-05-23T22:31	82.76444	10.34526	0.315	218.3
2020-05-23T22:41	82.76314	10.34038	0.518	205.3
2020-05-23T22:51	82.76266	10.33501	0.299	234.7
2020-05-23T23:01	82.76269	10.33348	0.070	279.7
2020-05-23T23:11	82.76233	10.32854	0.259	239.9
2020-05-23T23:21	82.76177	10.31976	0.446	243.1
2020-05-23T23:31	82.76007	10.29608	1.237	240.3
2020-05-23T23:41	82.75973	10.29310	0.181	228.3
2020-05-23T23:51	82.75921	10.28847	0.282	228.0
2020-05-24T00:01	82.75923	10.28674	0.079	276.1
2020-05-24T00:11	82.75821	10.28337	0.399	202.6
2020-05-24T00:21	82.75814	10.28199	0.067	249.1
2020-05-24T00:31	82.75670	10.28368	0.526	171.6
2020-05-24T00:41	82.75642	10.28421	0.104	166.7
2020-05-24T00:51	82.75606	10.28616	0.157	145.5
2020-05-24T01:01	82.75372	10.30698	1.267	131.7
2020-05-24T01:11	82.75347	10.31264	0.272	109.0
2020-05-24T01:21	82.75472	10.35178	1.833	75.8
2020-05-24T01:31	82.75522	10.36840	0.776	76.5
2020-05-24T01:41	82.75514	10.38492	0.751	92.2
2020-05-24T01:51	82.75539	10.37700	0.370	283.7
2020-05-24T02:01	82.75540	10.38071	0.169	88.6
2020-05-24T02:11	82.75545	10.38072	0.018	2.5
2020-05-24T02:21	82.75574	10.37835	0.151	314.4
2020-05-24T02:31	82.75561	10.38121	0.137	109.7
2020-05-24T02:41	82.75220	10.38835	1.269	165.2
2020-05-24T02:51	82.75273	10.38676	0.204	339.4
2020-05-24T03:01	82.75241	10.38503	0.140	214.2
2020-05-24T03:11	82.74716	10.42384	2.586	137.0
2020-05-24T03:21	82.74106	10.44451	2.390	156.8
2020-05-24T03:31	82.74324	10.44238	0.793	353.0
2020-05-24T03:41	82.74202	10.44142	0.444	185.6
2020-05-24T03:51	82.74056	10.44298	0.530	172.3
2020-05-24T04:01	82.74249	10.43462	0.793	331.3
2020-05-24T04:11	82.74106	10.43827	0.543	162.2
2020-05-24T04:21	82.74138	10.43519	0.182	309.4
2020-05-24T04:31	82.74143	10.43397	0.059	288.5
2020-05-24T04:41	82.73773	10.45763	1.713	141.0
2020-05-24T04:51	82.73675	10.45690	0.353	185.4
2020-05-24T05:01	82.73627	10.45418	0.213	215.7
2020-05-24T05:11	82.73376	10.44505	0.996	204.7
2020-05-24T05:21	82.73285	10.43456	0.579	235.5
2020-05-24T05:31	82.73310	10.43734	0.156	54.2
2020-05-24T05:41	82.73115	10.39947	1.862	247.9
2020-05-24T05:51	82.73046	10.38827	0.567	244.2
2020-05-24T06:01	82.73054	10.38865	0.032	32.0
2020-05-24T06:11	82.73094	10.39094	0.177	36.1
2020-05-24T06:21	82.72902	10.36330	1.436	241.3
2020-05-24T06:31	82.72799	10.33436	1.370	254.2
2020-05-24T06:41	82.72741	10.30463	1.371	261.3
2020-05-24T06:51	82.72629	10.29861	0.487	214.3
2020-05-24T07:01	82.72678	10.29816	0.178	353.3
2020-05-24T07:11	82.72667	10.29581	0.114	249.7
2020-05-24T07:21	82.72658	10.29338	0.116	253.0
2020-05-24T07:31	82.72647	10.29097	0.117	250.0
2020-05-24T07:41	82.72633	10.28857	0.120	246.3
2020-05-24T07:51	82.72618	10.28610	0.125	243.8
2020-05-24T08:01	82.72601	10.28369	0.126	240.7
2020-05-24T08:11	82.72583	10.28109	0.135	241.2
2020-05-24T08:21	82.72565	10.27852	0.134	240.9
2020-05-24T08:31	82.72543	10.27589	0.144	236.4
2020-05-24T08:41	82.72522	10.27351	0.132	235.5
2020-05-24T08:51	82.72499	10.27096	0.142	235.1
2020-05-24T09:01	82.72476	10.26836	0.146	234.3
2020-05-24T09:11	82.72454	10.26589	0.138	234.6
2020-05-24T09:21	82.72431	10.26343	0.139	233.8
2020-05-24T09:31	82.72409	10.26099	0.136	234.7
2020-05-24T09:41	82.72386	10.25855	0.138	233.7
2020-05-24T09:51	82.72364	10.25620	0.133	233.5
2020-05-24T10:01	82.72343	10.25387	0.132	233.8
2020-05-24T10:11	82.72321	10.25148	0.134	234.3
2020-05-24T10:21	82.72299	10.24916	0.131	234.0
2020-05-24T10:31	82.72279	10.24686	0.129	234.5
2020-05-24T10:41	82.72258	10.24457	0.128	234.8
2020-05-24T10:51	82.72238	10.24230	0.126	235.5
2020-05-24T11:01	82.72219	10.24008	0.124	235.2
2020-05-24T11:11	82.72200	10.23794	0.120	234.6
2020-05-24T11:21	82.72181	10.23569	0.123	236.8
2020-05-24T11:31	82.72164	10.23358	0.114	237.4
2020-05-24T11:41	82.72146	10.23136	0.120	237.8
2020-05-24T11:51	82.72121	10.22893	0.143	230.7
2020-05-24T12:01	82.72107	10.22688	0.106	241.5
2020-05-24T12:11	82.72091	10.22478	0.111	239.6
2020-05-24T12:21	82.72076	10.22277	0.107	239.2
2020-05-24T12:31	82.72061	10.22066	0.111	240.3
2020-05-24T12:41	82.72046	10.21857	0.110	240.3
2020-05-24T12:51	82.72020	10.21595	0.151	232.4
2020-05-24T13:01	82.72018	10.21407	0.086	263.9
2020-05-24T13:11	82.72010	10.21204	0.096	254.2
2020-05-24T13:21	82.71999	10.20983	0.109	247.6
2020-05-24T13:31	82.71988	10.20769	0.105	247.8
2020-05-24T13:41	82.71978	10.20549	0.107	250.7
2020-05-24T13:51	82.71968	10.20333	0.104	251.0
2020-05-24T14:01	82.71959	10.20112	0.106	251.7
2020-05-24T14:11	82.71950	10.19894	0.104	252.5
2020-05-24T14:21	82.71942	10.19670	0.106	254.2
2020-05-24T14:31	82.71934	10.19448	0.105	254.1
2020-05-24T14:41	82.71927	10.19221	0.107	255.5
2020-05-24T14:51	82.71920	10.18991	0.108	256.3
2020-05-24T15:01	82.71914	10.18760	0.108	258.0
2020-05-24T15:11	82.71908	10.18525	0.109	258.5
2020-05-24T15:21	82.71902	10.18287	0.110	258.6
2020-05-24T15:31	82.71897	10.18045	0.112	260.8
2020-05-24T15:41	82.71892	10.17803	0.112	260.8
2020-05-24T15:51	82.71887	10.17556	0.114	261.7
2020-05-24T16:01	82.71883	10.17309	0.114	262.8
2020-05-24T16:11	82.71880	10.17055	0.117	263.9
2020-05-24T16:21	82.71876	10.16797	0.118	264.2
2020-05-24T16:31	82.71873	10.16536	0.119	264.9
2020-05-24T16:41	82.71871	10.16279	0.118	265.6
2020-05-24T16:51	82.71868	10.16014	0.121	265.8
2020-05-24T17:01	82.71867	10.15759	0.117	266.9
2020-05-24T17:11	82.71864	10.15496	0.120	265.8
2020-05-24T17:21	82.71862	10.15235	0.120	266.5
2020-05-24T17:31	82.71861	10.14966	0.123	268.1
2020-05-24T17:41	82.71859	10.14696	0.123	266.9
2020-05-24T17:51	82.71857	10.14421	0.126	267.2
2020-05-24T18:01	82.71855	10.14142	0.127	266.7
2020-05-24T18:11	82.71853	10.13863	0.128	266.4
2020-05-24T18:21	82.71851	10.13574	0.132	266.8
2020-05-24T18:31	82.71849	10.13289	0.130	267.1
2020-05-24T18:41	82.71847	10.13001	0.132	266.3
2020-05-24T18:51	82.71844	10.12714	0.131	265.3
2020-05-24T19:01	82.71842	10.12423	0.133	266.7
2020-05-24T19:11	82.71863	10.12211	0.123	307.8
2020-05-24T19:21	82.71864	10.11912	0.136	272.3
2020-05-24T19:31	82.71525	10.10593	1.363	206.2
2020-05-24T19:41	82.71501	10.10189	0.203	245.4
2020-05-24T19:51	82.71499	10.09896	0.134	266.5
2020-05-24T20:01	82.71424	10.09102	0.452	233.3
2020-05-24T20:11	82.71405	10.08594	0.242	253.8
2020-05-24T20:21	82.71380	10.08003	0.285	251.3
2020-05-24T20:31	82.71368	10.07596	0.190	257.1
2020-05-24T20:41	82.71366	10.07304	0.134	267.3
2020-05-24T20:51	82.71365	10.07003	0.138	268.2
2020-05-24T21:01	82.71363	10.06701	0.138	267.4
2020-05-24T21:11	82.71362	10.06407	0.134	268.9
2020-05-24T21:21	82.71362	10.06112	0.135	269.1
2020-05-24T21:31	82.71362	10.05821	0.133	270.3
2020-05-24T21:41	82.71362	10.05532	0.132	270.2
2020-05-24T21:51	82.71362	10.05247	0.130	270.3
2020-05-24T22:01	82.71363	10.04976	0.124	271.2
2020-05-24T22:11	82.71364	10.04700	0.126	272.0
2020-05-24T22:21	82.71366	10.04436	0.121	273.3
2020-05-24T22:31	82.71369	10.04173	0.121	274.0
2020-05-24T22:41	82.71372	10.03911	0.120	275.1
2020-05-24T22:51	82.71376	10.03658	0.117	276.9
2020-05-24T23:01	82.71381	10.03409	0.115	279.8
2020-05-24T23:11	82.71387	10.03163	0.114	281.2
2020-05-24T23:21	82.71394	10.02933	0.108	282.7
2020-05-24T23:31	82.71400	10.02699	0.110	282.5
2020-05-24T23:41	82.71407	10.02465	0.110	283.6
2020-05-24T23:51	82.71415	10.02236	0.108	285.3
2020-05-25T00:01	82.71424	10.02012	0.107	287.6
2020-05-25T00:11	82.71434	10.01801	0.102	289.8
2020-05-25T00:21	82.71444	10.01585	0.105	290.6
2020-05-25T00:31	82.71455	10.01369	0.106	291.3
2020-05-25T00:41	82.71467	10.01164	0.103	294.8
2020-05-25T00:51	82.71481	10.00970	0.101	299.3
2020-05-25T01:01	82.71495	10.00774	0.103	299.0
2020-05-25T01:11	82.71510	10.00585	0.102	302.0
2020-05-25T01:21	82.71525	10.00398	0.102	303.0
2020-05-25T01:31	82.71541	10.00211	0.103	304.1
2020-05-25T01:41	82.71559	10.00032	0.104	308.0
2020-05-25T01:51	82.71576	9.99858	0.101	308.1
2020-05-25T02:01	82.71595	9.99692	0.103	312.5
2020-05-25T02:11	82.71615	9.99527	0.104	313.5
2020-05-25T02:21	82.71636	9.99365	0.106	315.5
2020-05-25T02:31	82.71659	9.99214	0.106	319.7
2020-05-25T02:41	82.71682	9.99078	0.105	323.5
2020-05-25T02:51	82.71707	9.98934	0.111	323.7
2020-05-25T03:01	82.71732	9.98795	0.112	325.5
2020-05-25T03:11	82.71757	9.98662	0.107	325.4
2020-05-25T03:21	82.71783	9.98536	0.109	328.3
2020-05-25T03:31	82.71809	9.98414	0.111	329.6
2020-05-25T03:41	82.71836	9.98297	0.109	330.7
2020-05-25T03:51	82.71864	9.98181	0.114	332.2
2020-05-25T04:01	82.71890	9.98074	0.108	333.1
2020-05-25T04:11	82.71918	9.97969	0.111	334.5
2020-05-25T04:21	82.71947	9.97869	0.115	336.6
2020-05-25T04:31	82.72002	9.98063	0.215	24.3
2020-05-25T04:41	82.72030	9.98016	0.106	348.4
2020-05-25T04:51	82.72042	9.97615	0.188	283.2
2020-05-25T05:01	82.72049	9.97114	0.230	275.9
2020-05-25T05:11	82.72090	9.97308	0.173	30.7
2020-05-25T05:21	82.72048	9.95795	0.706	257.7
2020-05-25T05:31	82.72075	9.95686	0.109	332.9
2020-05-25T05:41	82.72072	9.93667	0.921	269.3
2020-05-25T05:51	82.72031	9.91340	1.072	262.1
2020-05-25T06:01	82.72009	9.89950	0.639	262.8
2020-05-25T06:11	82.72036	9.89893	0.101	345.0
2020-05-25T06:21	82.72051	9.88368	0.698	274.3
2020-05-25T06:31	82.72119	9.86804	0.755	289.0
2020-05-25T06:41	82.72168	9.86307	0.286	307.7
2020-05-25T06:51	82.72199	9.85960	0.193	305.0
2020-05-25T07:01	82.72254	9.84878	0.532	292.0
2020-05-25T07:11	82.72256	9.85265	0.177	87.6
2020-05-25T07:21	82.72247	9.85823	0.257	97.7
2020-05-25T07:31	82.72358	9.83563	1.106	291.3
2020-05-25T07:41	82.72470	9.79563	1.867	282.4
2020-05-25T07:51	82.72547	9.78357	0.616	296.8
2020-05-25T08:01	82.73022	9.70899	3.805	296.8
2020-05-25T08:11	82.72763	9.58955	5.522	260.4
2020-05-25T08:21	82.71452	9.50635	6.058	218.8
2020-05-25T08:31	82.70548	9.46727	3.711	208.8
2020-05-25T08:41	82.69455	9.35486	6.477	232.6
2020-05-25T08:51	82.68380	9.31770	4.225	203.8
2020-05-25T09:01	82.67649	9.29800	2.785	199.0
2020-05-25T09:11	82.66980	9.27928	2.558	199.6
2020-05-25T09:21	82.66781	9.26552	0.956	221.4
2020-05-25T09:31	82.66462	9.23529	1.802	230.5
2020-05-25T09:41	82.66127	9.16908	3.275	248.4
2020-05-25T09:51	82.66112	9.16088	0.381	261.9
2020-05-25T10:01	82.66138	9.16702	0.298	71.5
2020-05-25T10:11	82.66116	9.16160	0.262	251.9
2020-05-25T10:21	82.66119	9.16159	0.011	357.3
2020-05-25T10:31	82.66124	9.16160	0.019	1.2
2020-05-25T10:41	82.66129	9.16151	0.019	347.3
2020-05-25T10:51	82.66135	9.16171	0.024	22.8
2020-05-25T11:01	82.66137	9.16119	0.025	284.4
2020-05-25T11:11	82.66144	9.16139	0.027	20.7
2020-05-25T11:21	82.66119	9.15904	0.139	231.2
2020-05-25T11:31	82.66185	9.16588	0.392	53.3
2020-05-25T11:41	82.65806	9.09965	3.338	245.9
2020-05-25T11:51	82.65161	8.97865	6.035	247.4
2020-05-25T12:01	82.65343	8.84508	6.185	276.2
2020-05-25T12:11	82.64848	8.78167	3.422	238.6
2020-05-25T12:21	82.64896	8.69464	4.013	272.5
2020-05-25T12:31	82.64719	8.62095	3.454	259.4
2020-05-25T12:41	82.63736	8.51634	5.983	233.8
2020-05-25T12:51	82.63317	8.40090	5.537	254.3
2020-05-25T13:01	82.62624	8.32302	4.378	235.3
2020-05-25T13:11	82.61537	8.24331	5.377	223.3
2020-05-25T13:21	82.60623	8.13990	5.809	235.6
2020-05-25T13:31	82.59343	8.10713	4.855	198.3
2020-05-25T13:41	82.58005	8.07615	5.026	196.7
2020-05-25T13:51	82.56780	8.03461	4.816	203.7
2020-05-25T14:01	82.56262	8.05039	2.007	158.5
2020-05-25T14:11	82.55009	8.06875	4.591	169.2
2020-05-25T14:21	82.53984	7.97946	5.569	228.5
2020-05-25T14:31	82.53617	7.97371	1.348	191.5
2020-05-25T14:41	82.53236	7.98575	1.482	157.7
2020-05-25T14:51	82.53237	7.98757	0.085	88.3
2020-05-25T15:01	82.52012	7.98008	4.424	184.6
2020-05-25T15:11	82.50328	7.95581	6.169	190.6
2020-05-25T15:21	82.49236	7.96069	3.937	176.7
2020-05-25T15:31	82.48410	8.01636	3.965	138.6
2020-05-25T15:41	82.48280	8.04575	1.462	108.7
2020-05-25T15:51	82.48432	8.03487	0.750	316.9
2020-05-25T16:01	82.48386	8.05211	0.829	101.6
2020-05-25T16:11	82.47819	8.08851	2.665	139.9
2020-05-25T16:21	82.46910	8.15133	4.415	137.8
2020-05-25T16:31	82.46127	8.17514	3.036	158.3
2020-05-25T16:41	82.45064	8.25007	5.213	137.2
2020-05-25T16:51	82.44225	8.29042	3.575	147.7
2020-05-25T17:01	82.44151	8.27876	0.612	244.4
2020-05-25T17:11	82.44100	8.27309	0.326	235.5
2020-05-25T17:21	82.44008	8.26357	0.560	233.6
2020-05-25T17:31	82.43286	8.24849	2.697	195.4
2020-05-25T17:41	82.43289	8.24693	0.075	278.6
2020-05-25T17:51	82.43357	8.24749	0.249	6.1
2020-05-25T18:01	82.42544	8.25756	2.968	170.7
2020-05-25T18:11	82.42181	8.23891	1.578	214.1
2020-05-25T18:21	82.41879	8.23015	1.162	201.0
2020-05-25T18:31	82.41619	8.24262	1.110	147.7
2020-05-25T18:41	82.41068	8.24354	1.983	178.7
2020-05-25T18:51	82.40074	8.17431	4.866	222.6
2020-05-25T19:01	82.39932	8.15680	0.977	238.5
2020-05-25T19:11	82.39914	8.13596	0.995	266.2
2020-05-25T19:21	82.39963	8.13468	0.187	340.9
2020-05-25T19:31	82.40032	8.13788	0.291	31.6
2020-05-25T19:41	82.40081	8.13723	0.180	350.2
2020-05-25T19:51	82.40126	8.13697	0.163	355.6
2020-05-25T20:01	82.40172	8.13655	0.166	353.2
2020-05-25T20:11	82.40218	8.13608	0.168	352.3
2020-05-25T20:21	82.40270	8.13531	0.190	348.8
2020-05-25T20:31	82.40321	8.13469	0.186	350.9
2020-05-25T20:41	82.40382	8.13373	0.223	348.2
2020-05-25T20:51	82.40447	8.13244	0.243	345.3
2020-05-25T21:01	82.40505	8.13145	0.215	347.4
2020-05-25T21:11	82.40551	8.13127	0.165	357.0
2020-05-25T21:21	82.40596	8.13102	0.163	355.7
2020-05-25T21:31	82.40644	8.13079	0.173	356.5
2020-05-25T21:41	82.40698	8.13051	0.194	356.0
2020-05-25T21:51	82.40748	8.13044	0.181	358.9
2020-05-25T22:01	82.40800	8.13036	0.190	358.8
2020-05-25T22:11	82.40856	8.13040	0.202	0.5
2020-05-25T22:21	82.40914	8.13041	0.207	0.1
2020-05-25T22:31	82.40968	8.13035	0.194	359.2
2020-05-25T22:41	82.41023	8.13038	0.200	0.3
2020-05-25T22:51	82.41079	8.13065	0.201	3.7
2020-05-25T23:01	82.41133	8.13108	0.194	6.0
2020-05-25T23:11	82.41187	8.13167	0.197	8.2
2020-05-25T23:21	82.41238	8.13233	0.188	9.7
2020-05-25T23:31	82.41292	8.13304	0.195	9.8
2020-05-25T23:41	82.41346	8.13398	0.199	13.0
2020-05-25T23:51	82.41401	8.13506	0.207	14.4
2020-05-26T00:01	82.41460	8.13616	0.216	14.0
2020-05-26T00:11	82.41517	8.13744	0.214	16.5
2020-05-26T00:21	82.41574	8.13887	0.216	18.4
2020-05-26T00:31	82.41630	8.14049	0.217	20.7
2020-05-26T00:41	82.41686	8.14229	0.221	22.8
2020-05-26T00:51	82.41743	8.14419	0.222	24.1
2020-05-26T01:01	82.41799	8.14630	0.226	26.3
2020-05-26T01:11	82.41857	8.14865	0.238	27.9
2020-05-26T01:21	82.41917	8.15117	0.247	29.0
2020-05-26T01:31	82.41978	8.15393	0.255	31.0
2020-05-26T01:41	82.42036	8.15672	0.247	32.5
2020-05-26T01:51	82.42096	8.15970	0.257	33.3
2020-05-26T02:01	82.42155	8.16278	0.259	34.3
2020-05-26T02:11	82.42213	8.16587	0.256	35.0
2020-05-26T02:21	82.42272	8.16916	0.262	36.6
2020-05-26T02:31	82.42329	8.17246	0.258	37.5
2020-05-26T02:41	82.42385	8.17592	0.261	39.0
2020-05-26T02:51	82.42440	8.17943	0.259	40.1
2020-05-26T03:01	82.42493	8.18304	0.256	42.1
2020-05-26T03:11	82.42551	8.18761	0.301	46.1
2020-05-26T03:21	82.42549	8.18255	0.240	268.8
2020-05-26T03:31	82.42601	8.18646	0.263	45.0
2020-05-26T03:41	82.42612	8.18769	0.071	55.4
2020-05-26T03:51	82.42562	8.18390	0.254	225.1
2020-05-26T04:01	82.42568	8.18439	0.031	49.1
2020-05-26T04:11	82.42397	8.16703	1.028	233.2
2020-05-26T04:21	82.42428	8.17112	0.223	60.3
2020-05-26T04:31	82.42033	8.17955	1.476	164.3
2020-05-26T04:41	82.41878	8.18326	0.584	162.5
2020-05-26T04:51	82.41490	8.18690	1.408	172.9
2020-05-26T05:01	82.41091	8.18578	1.438	182.1
2020-05-26T05:11	82.40367	8.10976	4.459	234.2
2020-05-26T05:21	82.40500	8.11863	0.639	41.3
2020-05-26T05:31	82.40488	8.11994	0.076	125.1
2020-05-26T05:41	82.40374	8.11897	0.413	186.4
2020-05-26T05:51	82.40462	8.12324	0.376	32.8
2020-05-26T06:01	82.40389	8.12632	0.301	150.9
2020-05-26T06:11	82.40296	8.13090	0.398	146.7
2020-05-26T06:21	82.40148	8.14640	0.910	125.9
2020-05-26T06:31	82.39739	8.19043	2.561	125.0
2020-05-26T06:41	82.39039	8.17563	2.617	195.6
2020-05-26T06:51	82.38111	8.15247	3.520	198.3
2020-05-26T07:01	82.37399	8.15823	2.579	173.9
2020-05-26T07:11	82.36709	8.20371	3.303	138.8
2020-05-26T07:21	82.36411	8.23373	1.792	126.7
2020-05-26T07:31	82.36644	8.29482	3.041	73.9
2020-05-26T07:41	82.35608	8.34154	4.350	149.0
2020-05-26T07:51	82.34705	8.39946	4.275	139.5
2020-05-26T08:01	82.34575	8.37753	1.152	245.9
2020-05-26T08:11	82.34698	8.36728	0.662	312.1
2020-05-26T08:21	82.34733	8.36166	0.297	295.0
2020-05-26T08:31	82.34713	8.34899	0.612	263.4
2020-05-26T08:41	82.34937	8.32199	1.524	301.9
2020-05-26T08:51	82.35168	8.23517	4.244	281.4
2020-05-26T09:01	82.35179	8.23247	0.135	286.2
2020-05-26T09:11	82.35198	8.23388	0.098	43.7
2020-05-26T09:21	82.34928	8.20164	1.825	237.8
2020-05-26T09:31	82.34279	8.22323	2.556	156.1
2020-05-26T09:41	82.33620	8.22129	2.376	182.2
2020-05-26T09:51	82.32928	8.17996	3.186	218.6
2020-05-26T10:01	82.32176	8.19523	2.805	164.8
2020-05-26T10:11	82.32131	8.19485	0.163	186.4
2020-05-26T10:21	82.31979	8.19348	0.553	186.8
2020-05-26T10:31	82.31910	8.19203	0.256	195.8
2020-05-26T10:41	82.31852	8.19014	0.227	203.6
2020-05-26T10:51	82.31838	8.18899	0.076	226.3
2020-05-26T11:01	82.31767	8.18745	0.264	196.3
2020-05-26T11:11	82.31744	8.18612	0.105	217.4
2020-05-26T11:21	82.31626	8.18310	0.451	198.8
2020-05-26T11:31	82.31575	8.18075	0.214	211.9
2020-05-26T11:41	82.31463	8.17699	0.442	204.1
2020-05-26T11:51	82.31470	8.17581	0.062	292.8
2020-05-26T12:01	82.31342	8.17016	0.534	210.7
2020-05-26T12:11	82.31347	8.16827	0.093	281.1
2020-05-26T12:21	82.31300	8.16506	0.229	222.4
2020-05-26T12:31	82.31304	8.16341	0.080	279.1
2020-05-26T12:41	82.31191	8.15512	0.569	224.5
2020-05-26T12:51	82.31192	8.15185	0.158	270.8
2020-05-26T13:01	82.31220	8.15055	0.120	328.5
2020-05-26T13:11	82.31188	8.14391	0.339	250.4
2020-05-26T13:21	82.31182	8.13968	0.205	264.0
2020-05-26T13:31	82.31184	8.13670	0.144	272.8
2020-05-26T13:41	82.31031	8.12746	0.709	218.8
2020-05-26T13:51	82.31013	8.12415	0.172	248.2
2020-05-26T14:01	82.30959	8.12166	0.229	211.6
2020-05-26T14:11	82.30947	8.11966	0.106	245.9
2020-05-26T14:21	82.30857	8.11924	0.326	183.5
2020-05-26T14:31	82.30803	8.12035	0.199	164.4
2020-05-26T14:41	82.30330	8.16585	2.778	127.8
2020-05-26T14:51	82.30113	8.19070	1.431	123.1
2020-05-26T15:01	82.30111	8.19048	0.013	235.6
2020-05-26T15:11	82.30158	8.19137	0.175	14.3
2020-05-26T15:21	82.30222	8.19031	0.235	347.4
2020-05-26T15:31	82.30362	8.18827	0.517	349.0
2020-05-26T15:41	82.30402	8.18553	0.194	317.1
2020-05-26T15:51	82.30369	8.18288	0.173	227.5
2020-05-26T16:01	82.30578	8.17909	0.772	346.3
2020-05-26T16:11	82.30700	8.17886	0.440	358.5
2020-05-26T16:21	82.30824	8.18039	0.454	9.3
2020-05-26T16:31	82.30904	8.18165	0.292	12.0
2020-05-26T16:41	82.30934	8.17921	0.160	312.7
2020-05-26T16:51	82.30966	8.17696	0.157	316.5
2020-05-26T17:01	82.31056	8.18180	0.401	35.6
2020-05-26T17:11	82.31084	8.17859	0.185	303.2
2020-05-26T17:21	82.31126	8.17637	0.186	324.8
2020-05-26T17:31	82.31174	8.17426	0.200	329.5
2020-05-26T17:41	82.31223	8.17227	0.200	331.3
2020-05-26T17:51	82.31272	8.17031	0.199	331.7
2020-05-26T18:01	82.31326	8.16814	0.223	332.1
2020-05-26T18:11	82.31380	8.16614	0.216	333.6
2020-05-26T18:21	82.31433	8.16422	0.211	334.0
2020-05-26T18:31	82.31485	8.16227	0.210	333.4
2020-05-26T18:41	82.31533	8.16035	0.196	331.9
2020-05-26T18:51	82.31580	8.15845	0.193	331.7
2020-05-26T19:01	82.31627	8.15655	0.191	331.3
2020-05-26T19:11	82.31674	8.15472	0.193	332.8
2020-05-26T19:21	82.31722	8.15288	0.194	332.8
2020-05-26T19:31	82.31769	8.15115	0.190	334.0
2020-05-26T19:41	82.31815	8.14949	0.182	334.0
2020-05-26T19:51	82.31861	8.14782	0.183	334.0
2020-05-26T20:01	82.31907	8.14618	0.184	334.7
2020-05-26T20:11	82.31954	8.14466	0.184	336.6
2020-05-26T20:21	82.32003	8.14321	0.191	338.5
2020-05-26T20:31	82.32054	8.14193	0.193	341.3
2020-05-26T20:41	82.32110	8.14078	0.208	344.6
2020-05-26T20:51	82.32171	8.13991	0.225	349.2
2020-05-26T21:01	82.32241	8.13933	0.254	353.8
2020-05-26T21:11	82.32326	8.13945	0.305	1.1
2020-05-26T21:21	82.32412	8.14015	0.311	6.2
2020-05-26T21:31	82.32509	8.14089	0.351	5.8
2020-05-26T21:41	82.32608	8.14170	0.359	6.3
2020-05-26T21:51	82.32708	8.14259	0.364	6.7
2020-05-26T22:01	82.32809	8.14349	0.364	6.9
2020-05-26T22:11	82.32908	8.14449	0.362	7.6
2020-05-26T22:21	82.33000	8.14569	0.335	9.8
2020-05-26T22:31	82.33096	8.14724	0.352	12.3
2020-05-26T22:41	82.33211	8.14892	0.422	11.0
2020-05-26T22:51	82.33327	8.15056	0.428	10.6
2020-05-26T23:01	82.33447	8.15239	0.440	11.5
2020-05-26T23:11	82.33568	8.15444	0.444	12.8
2020-05-26T23:21	82.33687	8.15655	0.441	13.3
2020-05-26T23:31	82.33806	8.15902	0.445	15.5
2020-05-26T23:41	82.33922	8.16166	0.436	16.8
2020-05-26T23:51	82.34040	8.16462	0.448	18.5
2020-05-27T00:01	82.34155	8.16779	0.440	20.2
2020-05-27T00:11	82.34269	8.17115	0.443	21.4
2020-05-27T00:21	82.34383	8.17451	0.440	21.5
2020-05-27T00:31	82.34493	8.17785	0.428	21.9
2020-05-27T00:41	82.34608	8.18092	0.439	19.6
2020-05-27T00:51	82.34709	8.18398	0.391	22.1
2020-05-27T01:01	82.34809	8.18714	0.391	22.8
2020-05-27T01:11	82.34909	8.19021	0.391	22.1
2020-05-27T01:21	82.35004	8.19303	0.368	21.6
2020-05-27T01:31	82.35093	8.19572	0.344	22.1
2020-05-27T01:41	82.35175	8.19813	0.318	21.2
2020-05-27T01:51	82.35252	8.20023	0.294	20.0
2020-05-27T02:01	82.35335	8.20203	0.310	16.1
2020-05-27T02:11	82.35413	8.20410	0.298	19.4
2020-05-27T02:21	82.35492	8.20606	0.300	18.3
2020-05-27T02:31	82.35559	8.20806	0.261	21.5
2020-05-27T02:41	82.35620	8.21031	0.245	26.2
2020-05-27T02:51	82.35701	8.21347	0.326	27.6
2020-05-27T03:01	82.35810	8.21765	0.441	27.0
2020-05-27T03:11	82.35932	8.22059	0.461	17.8
2020-05-27T03:21	82.36050	8.22404	0.457	21.2
2020-05-27T03:31	82.36165	8.22807	0.458	24.9
2020-05-27T03:41	82.36301	8.23113	0.508	16.8
2020-05-27T03:51	82.36432	8.23417	0.493	17.1
2020-05-27T04:01	82.36561	8.23737	0.490	18.2
2020-05-27T04:11	82.36687	8.24075	0.481	19.6
2020-05-27T04:21	82.36810	8.24416	0.472	20.2
2020-05-27T04:31	82.36929	8.24768	0.463	21.3
2020-05-27T04:41	82.37046	8.25136	0.457	22.7
2020-05-27T04:51	82.37160	8.25511	0.445	23.7
2020-05-27T05:01	82.37270	8.25903	0.441	25.2
2020-05-27T05:11	82.37378	8.26299	0.431	26.0
2020-05-27T05:21	82.37484	8.26700	0.426	26.7
2020-05-27T05:31	82.37586	8.27099	0.414	27.3
2020-05-27T05:41	82.37683	8.27503	0.401	28.8
2020-05-27T05:51	82.37778	8.27939	0.400	31.4
2020-05-27T06:01	82.37870	8.28379	0.390	32.6
2020-05-27T06:11	82.37957	8.28824	0.381	33.9
2020-05-27T06:21	82.38041	8.29264	0.369	34.7
2020-05-27T06:31	82.38123	8.29708	0.361	35.9
2020-05-27T06:41	82.38201	8.30123	0.344	35.1
2020-05-27T06:51	82.38276	8.30515	0.329	34.7
2020-05-27T07:01	82.38347	8.30875	0.309	33.8
2020-05-27T07:11	82.38415	8.31208	0.291	33.1
2020-05-27T07:21	82.38480	8.31525	0.277	33.0
2020-05-27T07:31	82.38541	8.31818	0.263	32.1
2020-05-27T07:41	82.38600	8.32101	0.250	32.7
2020-05-27T07:51	82.38655	8.32369	0.236	32.8
2020-05-27T08:01	82.38706	8.32615	0.218	32.6
2020-05-27T08:11	82.38754	8.32835	0.202	31.4
2020-05-27T08:21	82.38798	8.33030	0.186	30.0
2020-05-27T08:31	82.38840	8.33207	0.172	29.2
2020-05-27T08:41	82.38879	8.33369	0.161	28.7
2020-05-27T08:51	82.38915	8.33522	0.149	29.3
2020-05-27T09:01	82.38949	8.33667	0.138	29.9
2020-05-27T09:11	82.38981	8.33795	0.131	27.8
2020-05-27T09:21	82.39010	8.33903	0.116	26.4
2020-05-27T09:31	82.39036	8.33991	0.104	23.7
2020-05-27T09:41	82.39062	8.34055	0.097	18.3
2020-05-27T09:51	82.39089	8.34099	0.099	12.1
2020-05-27T10:01	82.39116	8.34118	0.098	5.3
2020-05-27T10:11	82.39144	8.34119	0.100	0.3
2020-05-27T10:21	82.39172	8.34101	0.102	355.3
2020-05-27T10:31	82.39199	8.34079	0.099	354.0
2020-05-27T10:41	82.39223	8.34065	0.087	355.5
2020-05-27T10:51	82.39243	8.34056	0.073	356.6
2020-05-27T11:01	82.39257	8.34056	0.047	0.1
2020-05-27T11:11	82.39269	8.34056	0.044	359.9
2020-05-27T11:21	82.39280	8.34059	0.042	1.9
2020-05-27T11:31	82.39292	8.34068	0.041	6.0
2020-05-27T11:41	82.39302	8.34076	0.037	6.3
2020-05-27T11:51	82.39313	8.34080	0.038	3.0
2020-05-27T12:01	82.39322	8.34085	0.033	4.2
2020-05-27T12:11	82.39330	8.34088	0.032	1.9
2020-05-27T12:21	82.39339	8.34091	0.031	2.5
2020-05-27T12:31	82.39347	8.34092	0.029	1.6
2020-05-27T12:41	82.39355	8.34094	0.029	1.6
2020-05-27T12:51	82.39362	8.34100	0.026	6.1
2020-05-27T13:01	82.39369	8.34110	0.022	12.1
2020-05-27T13:11	82.39375	8.34120	0.022	12.8
2020-05-27T13:21	82.39380	8.34113	0.020	350.8
2020-05-27T13:31	82.39386	8.34094	0.024	336.9
2020-05-27T13:41	82.39393	8.34064	0.028	329.9
2020-05-27T13:51	82.39398	8.34032	0.025	323.2
2020-05-27T14:01	82.39404	8.34004	0.025	327.3
2020-05-27T14:11	82.39409	8.33991	0.017	338.6
2020-05-27T14:21	82.39416	8.33969	0.029	338.2
2020-05-27T14:31	82.39422	8.33954	0.023	343.1
2020-05-27T14:41	82.39427	8.33942	0.018	341.2
2020-05-27T14:51	82.39430	8.33931	0.012	333.5
2020-05-27T15:01	82.39432	8.33929	0.008	350.9
2020-05-27T15:11	82.39435	8.33955	0.017	48.7
2020-05-27T15:21	82.39439	8.34002	0.026	59.8
2020-05-27T15:31	82.39441	8.34053	0.026	71.4
2020-05-27T15:41	82.39442	8.34060	0.005	49.3
2020-05-27T15:51	82.39441	8.34057	0.002	235.8
2020-05-27T16:01	82.39440	8.34046	0.008	219.4
2020-05-27T16:11	82.39436	8.34021	0.018	223.1
2020-05-27T16:21	82.39432	8.33997	0.019	217.5
2020-05-27T16:31	82.39428	8.33973	0.018	218.3
2020-05-27T16:41	82.39426	8.33956	0.011	228.6
2020-05-27T16:51	82.39423	8.33931	0.016	227.9
2020-05-27T17:01	82.39417	8.33894	0.028	220.3
2020-05-27T17:11	82.39411	8.33844	0.033	225.7
2020-05-27T17:21	82.39407	8.33778	0.034	244.9
2020-05-27T17:31	82.39404	8.33723	0.028	251.1
2020-05-27T17:41	82.39401	8.33676	0.025	245.1
2020-05-27T17:51	82.39396	8.33599	0.042	241.2
2020-05-27T18:01	82.39390	8.33542	0.033	235.4
2020-05-27T18:11	82.39381	8.33464	0.050	227.8
2020-05-27T18:21	82.39371	8.33390	0.052	223.5
2020-05-27T18:31	82.39361	8.33274	0.066	237.4
2020-05-27T18:41	82.39353	8.33108	0.085	249.0
2020-05-27T18:51	82.39345	8.32925	0.092	252.0
2020-05-27T19:01	82.39337	8.32730	0.097	253.8
2020-05-27T19:11	82.39325	8.32592	0.079	237.0
2020-05-27T19:21	82.39317	8.32435	0.080	249.4
2020-05-27T19:31	82.39310	8.32322	0.060	243.6
2020-05-27T19:41	82.39302	8.32223	0.055	239.0
2020-05-27T19:51	82.39294	8.32118	0.058	239.6
2020-05-27T20:01	82.39286	8.32014	0.058	239.1
2020-05-27T20:11	82.39276	8.31908	0.061	236.2
2020-05-27T20:21	82.39266	8.31789	0.067	237.1
2020-05-27T20:31	82.39255	8.31668	0.070	235.0
2020-05-27T20:41	82.39244	8.31514	0.083	242.0
2020-05-27T20:51	82.39239	8.31281	0.113	261.5
2020-05-27T21:01	82.39231	8.31090	0.096	250.5
2020-05-27T21:11	82.39219	8.30944	0.081	239.2
2020-05-27T21:21	82.39208	8.30797	0.081	239.9
2020-05-27T21:31	82.39197	8.30646	0.082	241.2
2020-05-27T21:41	82.39186	8.30501	0.079	240.9
2020-05-27T21:51	82.39176	8.30354	0.079	242.1
2020-05-27T22:01	82.39165	8.30210	0.079	240.8
2020-05-27T22:11	82.39154	8.30062	0.080	241.6
2020-05-27T22:21	82.39144	8.29908	0.083	241.7
2020-05-27T22:31	82.39134	8.29744	0.086	246.3
2020-05-27T22:41	82.39129	8.29564	0.087	258.6
2020-05-27T22:51	82.39125	8.29379	0.090	260.7
2020-05-27T23:01	82.39120	8.29202	0.087	256.8
2020-05-27T23:11	82.39109	8.29063	0.076	241.0
2020-05-27T23:21	82.39099	8.28922	0.078	240.0
2020-05-27T23:31	82.39088	8.28805	0.068	235.1
2020-05-27T23:41	82.39077	8.28681	0.070	237.4
2020-05-27T23:51	82.39067	8.28564	0.067	236.8
2020-05-28T00:01	82.39056	8.28459	0.064	231.8
2020-05-28T00:11	82.39046	8.28363	0.059	231.0
2020-05-28T00:21	82.39035	8.28276	0.057	226.8
2020-05-28T00:31	82.39025	8.28204	0.050	223.8
2020-05-28T00:41	82.39015	8.28132	0.051	222.1
2020-05-28T00:51	82.39006	8.28080	0.040	217.8
2020-05-28T01:01	82.38998	8.28036	0.036	215.3
2020-05-28T01:11	82.38990	8.27999	0.031	213.9
2020-05-28T01:21	82.38983	8.27973	0.029	206.4
2020-05-28T01:31	82.38978	8.27970	0.018	184.5
2020-05-28T01:41	82.38972	8.27972	0.024	177.2
2020-05-28T01:51	82.38967	8.27984	0.019	161.7
2020-05-28T02:01	82.38963	8.28009	0.019	140.1
2020-05-28T02:11	82.38957	8.28043	0.025	140.9
2020-05-28T02:21	82.38953	8.28091	0.027	124.3
2020-05-28T02:31	82.38951	8.28142	0.025	105.9
2020-05-28T02:41	82.38948	8.28206	0.032	108.3
2020-05-28T02:51	82.38945	8.28275	0.035	109.2
2020-05-28T03:01	82.38941	8.28359	0.042	108.8
2020-05-28T03:11	82.38937	8.28441	0.042	109.4
2020-05-28T03:21	82.38933	8.28533	0.047	109.7
2020-05-28T03:31	82.38929	8.28630	0.048	107.6
2020-05-28T03:41	82.38925	8.28720	0.046	109.7
2020-05-28T03:51	82.38920	8.28816	0.049	110.7
2020-05-28T04:01	82.38916	8.28888	0.037	109.8
2020-05-28T04:11	82.38912	8.28981	0.047	109.4
2020-05-28T04:21	82.38908	8.29086	0.053	108.0
2020-05-28T04:31	82.38904	8.29176	0.045	108.7
2020-05-28T04:41	82.38898	8.29289	0.057	110.5
2020-05-28T04:51	82.38894	8.29385	0.047	105.2
2020-05-28T05:01	82.38892	8.29475	0.044	102.6
2020-05-28T05:11	82.38889	8.29560	0.042	103.9
2020-05-28T05:21	82.38886	8.29647	0.043	104.8
2020-05-28T05:31	82.38882	8.29727	0.041	110.1
2020-05-28T05:41	82.38877	8.29816	0.046	113.2
2020-05-28T05:51	82.38872	8.29899	0.044	116.8
2020-05-28T06:01	82.38864	8.29985	0.049	122.4
2020-05-28T06:11	82.38858	8.30044	0.037	130.5
2020-05-28T06:21	82.38849	8.30105	0.042	136.0
2020-05-28T06:31	82.38840	8.30164	0.043	140.1
2020-05-28T06:41	82.38831	8.30208	0.040	148.2
2020-05-28T06:51	82.38820	8.30252	0.044	151.6
2020-05-28T07:01	82.38808	8.30282	0.043	160.2
2020-05-28T07:11	82.38795	8.30309	0.050	164.9
2020-05-28T07:21	82.38782	8.30331	0.049	168.0
2020-05-28T07:31	82.38768	8.30341	0.050	174.4
2020-05-28T07:41	82.38753	8.30351	0.053	174.7
2020-05-28T07:51	82.38738	8.30350	0.056	180.4
2020-05-28T08:01	82.38721	8.30336	0.062	186.4
2020-05-28T08:11	82.38704	8.30315	0.062	189.1
2020-05-28T08:21	82.38686	8.30284	0.065	193.2
2020-05-28T08:31	82.38667	8.30254	0.070	191.9
2020-05-28T08:41	82.38647	8.30217	0.074	193.7
2020-05-28T08:51	82.38637	8.30327	0.065	125.8
2020-05-28T09:01	82.38569	8.29667	0.398	232.3
2020-05-28T09:11	82.38579	8.30066	0.194	79.3
2020-05-28T09:21	82.38552	8.29925	0.118	214.9
2020-05-28T09:31	82.38533	8.29898	0.069	190.8
2020-05-28T09:41	82.38522	8.30363	0.226	100.8
2020-05-28T09:51	82.38494	8.30252	0.113	207.8
2020-05-28T10:01	82.38464	8.30259	0.107	178.3
2020-05-28T10:11	82.38432	8.29673	0.302	247.9
2020-05-28T10:21	82.38400	8.29461	0.154	221.0
2020-05-28T10:31	82.38377	8.29681	0.135	129.1
2020-05-28T10:41	82.38366	8.29966	0.142	106.1
2020-05-28T10:51	82.38332	8.29748	0.161	220.4
2020-05-28T11:01	82.38318	8.29944	0.106	118.4
2020-05-28T11:11	82.38320	8.30640	0.332	88.7
2020-05-28T11:21	82.38010	8.35113	2.408	117.5
2020-05-28T11:31	82.37734	8.35778	1.046	162.3
2020-05-28T11:41	82.37729	8.35576	0.098	259.2
2020-05-28T11:51	82.37576	8.35724	0.555	172.7
2020-05-28T12:01	82.37585	8.35423	0.147	282.7
2020-05-28T12:11	82.37488	8.35485	0.349	175.1
2020-05-28T12:21	82.37408	8.35559	0.292	173.1
2020-05-28T12:31	82.37114	8.37331	1.355	141.3
2020-05-28T12:41	82.36860	8.37993	0.966	160.9
2020-05-28T12:51	82.36719	8.38085	0.512	175.1
2020-05-28T13:01	82.36435	8.38047	1.023	181.0
2020-05-28T13:11	82.36088	8.39299	1.384	154.3
2020-05-28T13:21	82.35540	8.49849	5.422	111.3
2020-05-28T13:31	82.35350	8.58508	4.204	99.3
2020-05-28T13:41	82.35135	8.64683	3.059	104.7
2020-05-28T13:51	82.34929	8.65769	0.903	144.8
2020-05-28T14:01	82.34681	8.67253	1.142	141.5
2020-05-28T14:11	82.34765	8.66132	0.616	299.4
2020-05-28T14:21	82.34452	8.67544	1.315	149.0
2020-05-28T14:31	82.34287	8.67860	0.613	165.7
2020-05-28T14:41	82.33837	8.68854	1.689	163.6
2020-05-28T14:51	82.33485	8.70346	1.457	150.5
2020-05-28T15:01	82.33379	8.70629	0.405	160.4
2020-05-28T15:11	82.33334	8.70303	0.224	224.4
2020-05-28T15:21	82.33268	8.70195	0.244	192.3
2020-05-28T15:31	82.33214	8.70572	0.267	137.2
2020-05-28T15:41	82.33227	8.71883	0.632	85.7
2020-05-28T15:51	82.33187	8.71860	0.144	184.4
2020-05-28T16:01	82.33139	8.71645	0.203	210.5
2020-05-28T16:11	82.33091	8.71455	0.193	208.1
2020-05-28T16:21	82.33030	8.70977	0.318	226.4
2020-05-28T16:31	82.32776	8.74890	2.092	116.0
2020-05-28T16:41	82.32305	8.77664	2.157	141.8
2020-05-28T16:51	82.31938	8.80182	1.792	137.5
2020-05-28T17:01	82.31558	8.82164	1.670	145.1
2020-05-28T17:11	82.31291	8.83818	1.247	140.3
2020-05-28T17:21	82.31036	8.85687	1.286	135.6
2020-05-28T17:31	82.31043	8.90492	2.315	89.4
2020-05-28T17:41	82.30767	8.93296	1.677	126.3
2020-05-28T17:51	82.30651	8.94247	0.620	132.3
2020-05-28T18:01	82.30619	8.94296	0.118	168.4
2020-05-28T18:11	82.30690	8.96625	1.151	77.2
2020-05-28T18:21	82.30326	9.01212	2.570	120.6
2020-05-28T18:31	82.30037	9.03525	1.526	133.0
2020-05-28T18:41	82.29936	9.04506	0.596	127.4
2020-05-28T18:51	82.29893	9.04443	0.158	191.2
2020-05-28T19:01	82.29870	9.03826	0.309	254.4
2020-05-28T19:11	82.29732	9.04911	0.721	133.4
2020-05-28T19:21	82.29422	9.05541	1.158	164.8
2020-05-28T19:31	82.29415	9.05187	0.173	262.1
2020-05-28T19:41	82.29193	9.05353	0.803	174.3
2020-05-28T19:51	82.29181	9.04977	0.187	256.5
2020-05-28T20:01	82.29197	9.04460	0.255	282.5
2020-05-28T20:11	82.29166	9.04196	0.168	229.5
2020-05-28T20:21	82.29010	9.06225	1.130	119.9
2020-05-28T20:31	82.29028	9.07297	0.522	82.8
2020-05-28T20:41	82.29029	9.07123	0.084	273.2
2020-05-28T20:51	82.29026	9.07194	0.037	111.6
2020-05-28T21:01	82.29002	9.06424	0.382	256.9
2020-05-28T21:11	82.28983	9.06417	0.067	182.8
2020-05-28T21:21	82.29063	9.07563	0.624	62.5
2020-05-28T21:31	82.29099	9.09837	1.106	83.2
2020-05-28T21:41	82.29048	9.10042	0.210	151.8
2020-05-28T21:51	82.29072	9.09237	0.399	282.6
2020-05-28T22:01	82.28971	9.09672	0.420	150.0
2020-05-28T22:11	82.28958	9.09286	0.192	256.3
2020-05-28T22:21	82.28925	9.09077	0.156	220.0
2020-05-28T22:31	82.28901	9.08883	0.128	227.0
2020-05-28T22:41	82.28937	9.08176	0.366	290.9
2020-05-28T22:51	82.28850	9.08448	0.341	157.3
2020-05-28T23:01	82.28748	9.08863	0.416	151.2
2020-05-28T23:11	82.28700	9.09054	0.198	152.3
2020-05-28T23:21	82.28646	9.09190	0.203	161.0
2020-05-28T23:31	82.28665	9.08603	0.292	283.5
2020-05-28T23:41	82.28493	9.09557	0.774	143.4
2020-05-28T23:51	82.28446	9.09422	0.181	201.2
2020-05-29T00:01	82.28367	9.09528	0.287	169.8
2020-05-29T00:11	82.28270	9.09832	0.378	157.1
2020-05-29T00:21	82.28302	9.09225	0.314	290.9
2020-05-29T00:31	82.28268	9.09158	0.124	194.9
2020-05-29T00:41	82.28269	9.08986	0.083	271.4
2020-05-29T00:51	82.28176	9.09224	0.354	161.0
2020-05-29T01:01	82.28201	9.08808	0.220	293.9
2020-05-29T01:11	82.28114	9.08998	0.325	163.5
2020-05-29T01:21	82.27887	9.10130	0.985	146.2
2020-05-29T01:31	82.27420	9.12674	2.084	143.8
2020-05-29T01:41	82.27295	9.13007	0.478	160.3
2020-05-29T01:51	82.27263	9.12913	0.122	201.9
2020-05-29T02:01	82.26991	9.12976	0.982	178.2
2020-05-29T02:11	82.26961	9.12908	0.112	197.3
2020-05-29T02:21	82.26751	9.12949	0.757	178.5
2020-05-29T02:31	82.26757	9.12837	0.059	292.3
2020-05-29T02:41	82.26684	9.12831	0.264	180.6
2020-05-29T02:51	82.26433	9.13749	1.005	153.7
2020-05-29T03:01	82.26387	9.14076	0.231	136.7
2020-05-29T03:11	82.26386	9.13914	0.079	269.1
2020-05-29T03:21	82.26290	9.15098	0.670	121.0
2020-05-29T03:31	82.26286	9.14910	0.092	261.5
2020-05-29T03:41	82.26281	9.14721	0.094	258.4
2020-05-29T03:51	82.26241	9.15651	0.474	107.9
2020-05-29T04:01	82.26233	9.16581	0.451	93.4
2020-05-29T04:11	82.26223	9.16973	0.194	101.3
2020-05-29T04:21	82.26229	9.17084	0.059	65.3
2020-05-29T04:31	82.26185	9.16508	0.321	240.3
2020-05-29T04:41	82.26179	9.15857	0.316	266.1
2020-05-29T04:51	82.26199	9.17646	0.870	85.3
2020-05-29T05:01	82.26190	9.17672	0.037	159.8
2020-05-29T05:11	82.26157	9.15521	1.049	263.6
2020-05-29T05:21	82.26152	9.16905	0.671	91.7
2020-05-29T05:31	82.26179	9.18195	0.633	81.0
2020-05-29T05:41	82.26168	9.18436	0.125	110.0
2020-05-29T05:51	82.26155	9.18610	0.096	118.8
2020-05-29T06:01	82.26172	9.21156	1.236	87.2
2020-05-29T06:11	82.25899	9.27886	3.407	106.7
2020-05-29T06:21	82.25577	9.27707	1.163	184.3
2020-05-29T06:31	82.25459	9.27477	0.441	194.7
2020-05-29T06:41	82.25363	9.27134	0.384	205.7
2020-05-29T06:51	82.25121	9.25865	1.065	215.3
2020-05-29T07:01	82.24943	9.25026	0.761	212.4
2020-05-29T07:11	82.24849	9.24821	0.352	196.4
2020-05-29T07:21	82.24875	9.25073	0.155	52.2
2020-05-29T07:31	82.24741	9.24348	0.596	216.2
2020-05-29T07:41	82.24799	9.24856	0.323	49.9
2020-05-29T07:51	82.24691	9.24248	0.489	217.1
2020-05-29T08:01	82.24666	9.24219	0.091	188.9
2020-05-29T08:11	82.24587	9.23879	0.327	210.3
2020-05-29T08:21	82.24601	9.24008	0.080	51.7
2020-05-29T08:31	82.24330	9.23654	0.990	190.0
2020-05-29T08:41	82.23593	9.21387	2.875	202.6
2020-05-29T08:51	82.23558	9.21325	0.127	193.6
2020-05-29T09:01	82.23498	9.21197	0.226	195.9
2020-05-29T09:11	82.23366	9.20960	0.488	193.7
2020-05-29T09:21	82.23336	9.20948	0.110	183.1
2020-05-29T09:31	82.23213	9.21027	0.446	175.0
2020-05-29T09:41	82.23044	9.21622	0.672	154.5
2020-05-29T09:51	82.22920	9.21927	0.471	161.6
2020-05-29T10:01	82.22690	9.22165	0.836	172.1
2020-05-29T10:11	82.22562	9.22250	0.463	174.8
2020-05-29T10:21	82.22517	9.22140	0.170	198.3
2020-05-29T10:31	82.22274	9.22176	0.876	178.9
2020-05-29T10:41	82.21689	9.20986	2.183	195.4
2020-05-29T10:51	82.21549	9.20676	0.526	196.7
2020-05-29T11:01	82.21313	9.19625	0.992	211.1
2020-05-29T11:11	82.21295	9.19657	0.067	166.8
2020-05-29T11:21	82.21142	9.18759	0.703	218.5
2020-05-29T11:31	82.21007	9.18034	0.603	215.9
2020-05-29T11:41	82.20693	9.15694	1.607	225.3
2020-05-29T11:51	82.20497	9.13976	1.095	230.0
2020-05-29T12:01	82.20239	9.12796	1.093	211.8
2020-05-29T12:11	82.19984	9.12293	0.953	194.9
2020-05-29T12:21	82.19703	9.11815	1.035	193.0
2020-05-29T12:31	82.19405	9.11826	1.075	179.7
2020-05-29T12:41	82.19367	9.11613	0.173	217.1
2020-05-29T12:51	82.19304	9.11441	0.242	200.3
2020-05-29T13:01	82.19187	9.11361	0.422	185.3
2020-05-29T13:11	82.19020	9.12048	0.690	150.9
2020-05-29T13:21	82.18334	9.15669	3.040	144.3
2020-05-29T13:31	82.16906	9.17837	5.250	168.3
2020-05-29T13:41	82.16456	9.18289	1.633	172.2
2020-05-29T13:51	82.16324	9.18088	0.485	191.7
2020-05-29T14:01	82.16241	9.17858	0.320	200.6
2020-05-29T14:11	82.15907	9.17368	1.228	191.3
2020-05-29T14:21	82.15501	9.16634	1.504	193.9
2020-05-29T14:31	82.15338	9.16405	0.598	190.8
2020-05-29T14:41	82.15364	9.16098	0.178	301.9
2020-05-29T14:51	82.15242	9.15884	0.451	193.5
2020-05-29T15:01	82.15079	9.16260	0.616	162.6
2020-05-29T15:11	82.14942	9.18481	1.198	114.2
2020-05-29T15:21	82.14672	9.20306	1.325	137.3
2020-05-29T15:31	82.14585	9.20336	0.314	177.4
2020-05-29T15:41	82.14516	9.19987	0.300	214.9
2020-05-29T15:51	82.14370	9.20563	0.598	151.7
2020-05-29T16:01	82.14323	9.20061	0.300	235.4
2020-05-29T16:11	82.14259	9.19753	0.273	213.7
2020-05-29T16:21	82.14172	9.19552	0.331	197.4
2020-05-29T16:31	82.14053	9.19319	0.441	195.0
2020-05-29T16:41	82.13867	9.19024	0.686	192.2
2020-05-29T16:51	82.13798	9.18770	0.279	206.7
2020-05-29T17:01	82.13639	9.18428	0.597	196.4
2020-05-29T17:11	82.13555	9.18133	0.335	205.8
2020-05-29T17:21	82.13529	9.17899	0.148	231.3
2020-05-29T17:31	82.13398	9.17553	0.501	199.9
2020-05-29T17:41	82.12744	9.16943	2.375	187.3
2020-05-29T17:51	82.12209	9.15011	2.148	206.3
2020-05-29T18:01	82.11653	9.15440	2.014	174.0
2020-05-29T18:11	82.11296	9.16550	1.396	156.9
2020-05-29T18:21	82.11227	9.16256	0.288	210.3
2020-05-29T18:31	82.11042	9.16550	0.682	167.7
2020-05-29T18:41	82.10662	9.18124	1.574	150.4
2020-05-29T18:51	82.10534	9.18099	0.462	181.5
2020-05-29T19:01	82.10119	9.17114	1.572	198.1
2020-05-29T19:11	82.09887	9.15839	1.047	217.1
2020-05-29T19:21	82.09648	9.13767	1.340	229.9
2020-05-29T19:31	82.09624	9.13705	0.091	199.6
2020-05-29T19:41	82.09530	9.12824	0.552	232.2
2020-05-29T19:51	82.08821	9.13486	2.573	172.7
2020-05-29T20:01	82.08369	9.13404	1.627	181.4
2020-05-29T20:11	82.08078	9.13631	1.053	173.9
2020-05-29T20:21	82.07984	9.13373	0.363	200.6
2020-05-29T20:31	82.07729	9.12697	0.978	200.1
2020-05-29T20:41	82.07467	9.12470	0.949	186.8
2020-05-29T20:51	82.06989	9.12974	1.741	171.7
2020-05-29T21:01	82.06281	9.09448	3.091	214.6
2020-05-29T21:11	82.06024	9.10111	0.982	160.4
2020-05-29T21:21	82.04998	9.11852	3.797	166.8
2020-05-29T21:31	82.04746	9.12628	0.985	156.9
2020-05-29T21:41	82.04658	9.13375	0.490	130.5
2020-05-29T21:51	82.04560	9.13986	0.465	139.0
2020-05-29T22:01	82.04491	9.14227	0.278	154.4
2020-05-29T22:11	82.04491	9.14052	0.087	270.9
2020-05-29T22:21	82.04169	9.15009	1.252	157.6
2020-05-29T22:31	82.04118	9.14808	0.210	208.5
2020-05-29T22:41	82.04207	9.14842	0.320	3.0
2020-05-29T22:51	82.04150	9.14789	0.206	187.4
2020-05-29T23:01	82.04064	9.14581	0.328	198.4
2020-05-29T23:11	82.03992	9.14097	0.353	223.1
2020-05-29T23:21	82.03983	9.14134	0.038	151.2
2020-05-29T23:31	82.03999	9.14159	0.059	12.4
2020-05-29T23:41	82.03989	9.14049	0.066	236.7
2020-05-29T23:51	82.03949	9.13575	0.277	238.6
2020-05-30T00:01	82.03961	9.13770	0.107	65.7
2020-05-30T00:11	82.03932	9.13593	0.136	220.3
2020-05-30T00:21	82.03939	9.13727	0.071	70.3
2020-05-30T00:31	82.03946	9.13843	0.064	65.4
2020-05-30T00:41	82.03911	9.13669	0.153	214.5
2020-05-30T00:51	82.03863	9.13480	0.197	208.6
2020-05-30T01:01	82.02928	9.16422	3.672	156.4
2020-05-30T01:11	82.02501	9.19454	2.158	135.4
2020-05-30T01:21	82.02131	9.21346	1.634	144.6
2020-05-30T01:31	82.02127	9.21415	0.037	111.2
2020-05-30T01:41	82.02090	9.21644	0.176	139.6
2020-05-30T01:51	82.01680	9.21532	1.476	182.2
2020-05-30T02:01	82.01340	9.22180	1.268	165.2
2020-05-30T02:11	82.01076	9.24781	1.611	126.1
2020-05-30T02:21	82.00749	9.28459	2.186	122.6
2020-05-30T02:31	81.99960	9.28518	2.841	179.4
2020-05-30T02:41	81.99610	9.28863	1.273	172.2
2020-05-30T02:51	81.99114	9.30651	1.999	153.3
2020-05-30T03:01	81.98795	9.33982	2.027	124.5
2020-05-30T03:11	81.98544	9.35623	1.223	137.7
2020-05-30T03:21	81.98608	9.35614	0.231	358.9
2020-05-30T03:31	81.98423	9.36261	0.742	154.1
2020-05-30T03:41	81.98509	9.36367	0.316	9.7
2020-05-30T03:51	81.98512	9.36552	0.094	83.4
2020-05-30T04:01	81.98433	9.36992	0.360	142.2
2020-05-30T04:11	81.98213	9.34874	1.327	233.3
2020-05-30T04:21	81.98170	9.34194	0.374	245.7
2020-05-30T04:31	81.98049	9.32968	0.756	234.5
2020-05-30T04:41	81.97988	9.32910	0.221	187.5
2020-05-30T04:51	81.97864	9.32955	0.445	177.1
2020-05-30T05:01	81.97738	9.32951	0.453	180.3
2020-05-30T05:11	81.97695	9.33192	0.197	142.1
2020-05-30T05:21	81.97528	9.32757	0.641	200.0
2020-05-30T05:31	81.97266	9.32042	1.008	200.9
2020-05-30T05:41	81.97117	9.32117	0.540	176.0
2020-05-30T05:51	81.96708	9.32017	1.474	181.9
2020-05-30T06:01	81.96625	9.32344	0.339	151.0
2020-05-30T06:11	81.96631	9.32672	0.166	83.2
2020-05-30T06:21	81.96432	9.32774	0.716	175.9
2020-05-30T06:31	81.96318	9.32939	0.420	168.5
2020-05-30T06:41	81.95382	9.30982	3.512	196.3
2020-05-30T06:51	81.94188	9.33004	4.417	166.6
2020-05-30T07:01	81.94549	9.33548	1.327	11.9
2020-05-30T07:11	81.94602	9.34765	0.644	72.6
2020-05-30T07:21	81.94595	9.35183	0.213	96.8
2020-05-30T07:31	81.94577	9.35572	0.206	108.4
2020-05-30T07:41	81.94557	9.35959	0.208	110.0
2020-05-30T07:51	81.94537	9.36348	0.209	110.3
2020-05-30T08:01	81.94515	9.36733	0.210	111.9
2020-05-30T08:11	81.94493	9.37121	0.212	112.8
2020-05-30T08:21	81.94468	9.37508	0.214	114.3
2020-05-30T08:31	81.94443	9.37897	0.215	114.4
2020-05-30T08:41	81.94418	9.38285	0.216	114.6
2020-05-30T08:51	81.94393	9.38671	0.215	114.9
2020-05-30T09:01	81.94366	9.39055	0.217	116.8
2020-05-30T09:11	81.94338	9.39431	0.215	118.0
2020-05-30T09:21	81.94309	9.39808	0.217	118.6
2020-05-30T09:31	81.94279	9.40175	0.215	120.4
2020-05-30T09:41	81.94248	9.40553	0.221	120.3
2020-05-30T09:51	81.94217	9.40907	0.212	122.5
2020-05-30T10:01	81.94184	9.41257	0.211	123.3
2020-05-30T10:11	81.94151	9.41603	0.211	124.3
2020-05-30T10:21	81.94116	9.41951	0.217	125.7
2020-05-30T10:31	81.94081	9.42132	0.156	144.1
2020-05-30T10:41	81.94031	9.42406	0.228	142.7
2020-05-30T10:51	81.93999	9.42711	0.191	126.1
2020-05-30T11:01	81.93938	9.43093	0.294	139.0
2020-05-30T11:11	81.93871	9.43306	0.263	155.8
2020-05-30T11:21	81.93828	9.43681	0.246	129.5
2020-05-30T11:31	81.93760	9.43833	0.255	162.5
2020-05-30T11:41	81.93721	9.44219	0.240	125.8
2020-05-30T11:51	81.93691	9.44534	0.193	124.6
2020-05-30T12:01	81.93645	9.44805	0.214	140.1
2020-05-30T12:11	81.93599	9.45077	0.217	140.6
2020-05-30T12:21	81.93551	9.45341	0.216	142.0
2020-05-30T12:31	81.93503	9.45605	0.218	142.3
2020-05-30T12:41	81.93452	9.45857	0.223	145.2
2020-05-30T12:51	81.93401	9.46107	0.225	145.8
2020-05-30T13:01	81.93347	9.46350	0.231	147.8
2020-05-30T13:11	81.93310	9.46584	0.178	138.4
2020-05-30T13:21	81.93294	9.46859	0.150	112.0
2020-05-30T13:31	81.93187	9.47024	0.395	167.9
2020-05-30T13:41	81.93108	9.47186	0.297	164.0
2020-05-30T13:51	81.93076	9.47394	0.156	137.7
2020-05-30T14:01	81.93087	9.47620	0.121	70.3
2020-05-30T14:11	81.93045	9.47748	0.165	156.9
2020-05-30T14:21	81.92981	9.47898	0.242	161.8
2020-05-30T14:31	81.92914	9.48041	0.252	163.3
2020-05-30T14:41	81.92849	9.48166	0.242	164.9
2020-05-30T14:51	81.92783	9.48265	0.241	168.0
2020-05-30T15:01	81.92716	9.48337	0.245	171.4
2020-05-30T15:11	81.92648	9.48392	0.248	173.6
2020-05-30T15:21	81.92580	9.48428	0.245	175.8
2020-05-30T15:31	81.92511	9.48448	0.247	177.7
2020-05-30T15:41	81.92444	9.48451	0.242	179.7
2020-05-30T15:51	81.92376	9.48436	0.245	181.7
2020-05-30T16:01	81.92308	9.48404	0.247	183.8
2020-05-30T16:11	81.92240	9.48365	0.244	184.6
2020-05-30T16:21	81.92174	9.48316	0.241	185.9
2020-05-30T16:31	81.92107	9.48258	0.243	187.0
2020-05-30T16:41	81.92041	9.48202	0.237	186.9
2020-05-30T16:51	81.91977	9.48142	0.232	187.5
2020-05-30T17:01	81.91916	9.48084	0.224	187.5
2020-05-30T17:11	81.91854	9.48024	0.222	187.9
2020-05-30T17:21	81.91796	9.47927	0.216	193.1
2020-05-30T17:31	81.91610	9.47238	0.755	207.5
2020-05-30T17:41	81.92578	9.48924	3.587	13.8
2020-05-30T17:51	81.92538	9.48973	0.144	170.2
2020-05-30T18:01	81.92886	9.53139	2.451	59.3
2020-05-30T18:11	81.92877	9.53476	0.173	100.8
2020-05-30T18:21	81.92844	9.53393	0.126	199.5
2020-05-30T18:31	81.92817	9.53313	0.104	203.0
2020-05-30T18:41	81.92795	9.53243	0.086	204.5
2020-05-30T18:51	81.92780	9.53184	0.064	207.7
2020-05-30T19:01	81.92767	9.53115	0.059	216.3
2020-05-30T19:11	81.92761	9.53078	0.026	225.0
2020-05-30T19:21	81.92759	9.53040	0.021	244.6
2020-05-30T19:31	81.92761	9.53003	0.020	291.2
2020-05-30T19:41	81.92771	9.52972	0.040	336.9
2020-05-30T19:51	81.92788	9.52962	0.061	355.0
2020-05-30T20:01	81.92808	9.52957	0.074	358.3
2020-05-30T20:11	81.93038	9.56412	1.931	64.7
2020-05-30T20:21	81.92969	9.56924	0.358	133.8
2020-05-30T20:31	81.92775	9.57298	0.724	164.8
2020-05-30T20:41	81.92677	9.57625	0.387	154.8
2020-05-30T20:51	81.91864	9.62665	3.883	138.9
2020-05-30T21:01	81.91460	9.60494	1.822	217.1
2020-05-30T21:11	81.91114	9.62051	1.474	147.7
2020-05-30T21:21	81.90989	9.63571	0.892	120.3
2020-05-30T21:31	81.90933	9.64255	0.402	120.4
2020-05-30T21:41	81.90741	9.65727	1.018	132.9
2020-05-30T21:51	81.90714	9.66507	0.406	103.6
2020-05-30T22:01	81.90248	9.69228	2.171	140.5
2020-05-30T22:11	81.89701	9.70421	2.060	162.9
2020-05-30T22:21	81.89245	9.70887	1.660	171.8
2020-05-30T22:31	81.88703	9.70798	1.951	181.3
2020-05-30T22:41	81.88211	9.71681	1.828	165.8
2020-05-30T22:51	81.87571	9.73885	2.564	154.1
2020-05-30T23:01	81.86858	9.75893	2.763	158.3
2020-05-30T23:11	81.85897	9.75395	3.469	184.2
2020-05-30T23:21	81.85188	9.77665	2.803	155.6
2020-05-30T23:31	81.84931	9.78069	0.948	167.5
2020-05-30T23:41	81.84922	9.78379	0.161	100.7
2020-05-30T23:51	81.84467	9.79332	1.709	163.4
2020-05-31T00:01	81.84377	9.79413	0.329	172.8
2020-05-31T00:11	81.84209	9.79504	0.604	175.6
2020-05-31T00:21	81.83751	9.79467	1.649	180.7
2020-05-31T00:31	81.83747	9.79873	0.208	94.0
2020-05-31T00:41	81.83866	9.79985	0.432	7.6
2020-05-31T00:51	81.83733	9.80528	0.555	150.0
2020-05-31T01:01	81.83668	9.80890	0.298	141.6
2020-05-31T01:11	81.83619	9.81195	0.237	138.8
2020-05-31T01:21	81.83518	9.81526	0.400	155.0
2020-05-31T01:31	81.83400	9.81565	0.424	177.3
2020-05-31T01:41	81.83157	9.80817	0.954	203.6
2020-05-31T01:51	81.83214	9.81113	0.254	36.5
2020-05-31T02:01	81.82745	9.80973	1.689	182.4
2020-05-31T02:11	81.82613	9.82570	0.946	120.2
2020-05-31T02:21	81.82284	9.84962	1.704	134.1
2020-05-31T02:31	81.81698	9.85950	2.168	166.5
2020-05-31T02:41	81.80770	9.86161	3.343	178.1
2020-05-31T02:51	81.80869	9.86429	0.382	21.1
2020-05-31T03:01	81.80841	9.86500	0.108	160.4
2020-05-31T03:11	81.80801	9.86496	0.145	180.8
2020-05-31T03:21	81.80902	9.86710	0.381	16.8
2020-05-31T03:31	81.80832	9.86810	0.258	168.5
2020-05-31T03:41	81.80923	9.87041	0.351	19.8
2020-05-31T03:51	81.80946	9.87163	0.103	37.1
2020-05-31T04:01	81.80883	9.87062	0.233	192.8
2020-05-31T04:11	81.80876	9.87119	0.040	132.1
2020-05-31T04:21	81.80863	9.87182	0.055	144.5
2020-05-31T04:31	81.80993	9.87725	0.545	30.8
2020-05-31T04:41	81.80953	9.87311	0.257	235.8
2020-05-31T04:51	81.80956	9.86742	0.292	271.8
2020-05-31T05:01	81.80912	9.86218	0.311	239.8
2020-05-31T05:11	81.80870	9.85876	0.232	229.2
2020-05-31T05:21	81.80845	9.85497	0.214	245.2
2020-05-31T05:31	81.80886	9.85802	0.214	47.0
2020-05-31T05:41	81.80915	9.85947	0.129	35.2
2020-05-31T05:51	81.80862	9.85293	0.386	240.5
2020-05-31T06:01	81.80878	9.85335	0.059	21.3
2020-05-31T06:11	81.80707	9.84414	0.775	217.5
2020-05-31T06:21	81.80604	9.84018	0.423	208.7
2020-05-31T06:31	81.80300	9.84909	1.187	157.3
2020-05-31T06:41	81.80077	9.85501	0.859	159.2
2020-05-31T06:51	81.80101	9.85550	0.090	16.2
2020-05-31T07:01	81.80116	9.85556	0.053	3.3
2020-05-31T07:11	81.80133	9.85561	0.065	2.1
2020-05-31T07:21	81.80169	9.85565	0.128	0.9
2020-05-31T07:31	81.80260	9.85607	0.329	3.8
2020-05-31T07:41	81.80138	9.85520	0.442	185.8
2020-05-31T07:51	81.79928	9.85703	0.763	172.9
2020-05-31T08:01	81.79962	9.85706	0.123	0.6
2020-05-31T08:11	81.79878	9.85836	0.309	167.5
2020-05-31T08:21	81.79865	9.85891	0.055	149.4
2020-05-31T08:31	81.79781	9.86057	0.315	164.3
2020-05-31T08:41	81.79630	9.86366	0.565	163.7
2020-05-31T08:51	81.79538	9.86528	0.343	165.9
2020-05-31T09:01	81.79329	9.86835	0.767	168.1
2020-05-31T09:11	81.79040	9.88118	1.233	147.7
2020-05-31T09:21	81.78983	9.88833	0.420	119.0
2020-05-31T09:31	81.78655	9.91059	1.646	135.9
2020-05-31T09:41	81.78201	9.89595	1.800	204.7
2020-05-31T09:51	81.77931	9.88714	1.073	205.0
2020-05-31T10:01	81.77892	9.88482	0.182	221.0
2020-05-31T10:11	81.76543	9.89911	4.914	171.4
2020-05-31T10:21	81.75386	9.87918	4.291	193.9
2020-05-31T10:31	81.75289	9.87854	0.352	185.4
2020-05-31T10:41	81.75221	9.87741	0.251	193.5
2020-05-31T10:51	81.74166	9.89539	3.912	166.2
2020-05-31T11:01	81.73637	9.89661	1.903	178.1
2020-05-31T11:11	81.73666	9.89424	0.161	310.2
2020-05-31T11:21	81.72912	9.91921	3.006	154.5
2020-05-31T11:31	81.72757	9.92117	0.570	169.8
2020-05-31T11:41	81.72684	9.92010	0.266	192.0
2020-05-31T11:51	81.72542	9.91884	0.517	187.3
2020-05-31T12:01	81.72478	9.91659	0.259	206.8
2020-05-31T12:11	81.72467	9.91447	0.116	250.8
2020-05-31T12:21	81.72313	9.90933	0.616	205.6
2020-05-31T12:31	81.72217	9.90477	0.419	214.4
2020-05-31T12:41	81.72009	9.89680	0.854	208.9
2020-05-31T12:51	81.71751	9.88793	1.037	206.3
2020-05-31T13:01	81.71630	9.87871	0.645	227.9
2020-05-31T13:11	81.71393	9.85833	1.360	231.0
2020-05-31T13:21	81.71109	9.83333	1.652	231.8
2020-05-31T13:31	81.70758	9.81040	1.735	223.3
2020-05-31T13:41	81.70454	9.79104	1.487	222.6
2020-05-31T13:51	81.70186	9.77967	1.132	211.5
2020-05-31T14:01	81.70018	9.77350	0.685	207.9
2020-05-31T14:11	81.69943	9.76929	0.348	219.0
2020-05-31T14:21	81.69633	9.76036	1.207	202.6
2020-05-31T14:31	81.69503	9.75472	0.553	212.1
2020-05-31T14:41	81.69383	9.74938	0.513	212.8
2020-05-31T14:51	81.69510	9.74826	0.459	352.7
2020-05-31T15:01	81.69269	9.74504	0.883	190.9
2020-05-31T15:11	81.69261	9.74005	0.261	263.6
2020-05-31T15:21	81.69055	9.74605	0.807	157.2
2020-05-31T15:31	81.68835	9.76706	1.350	125.9
2020-05-31T15:41	81.67990	9.76191	3.051	185.0
2020-05-31T15:51	81.67717	9.75546	1.039	198.9
2020-05-31T16:01	81.67507	9.74704	0.877	210.1
2020-05-31T16:11	81.67360	9.74025	0.634	213.9
2020-05-31T16:21	81.66517	9.71635	3.281	202.3
2020-05-31T16:31	81.66113	9.70095	1.664	208.9
2020-05-31T16:41	81.65991	9.69791	0.465	199.9
2020-05-31T16:51	81.65731	9.69399	0.957	192.3
2020-05-31T17:01	81.65484	9.69173	0.900	187.6
2020-05-31T17:11	81.65458	9.68703	0.262	249.2
2020-05-31T17:21	81.64490	9.69476	3.508	173.4
2020-05-31T17:31	81.64208	9.68951	1.053	195.1
2020-05-31T17:41	81.64192	9.68515	0.235	256.1
2020-05-31T17:51	81.63804	9.69423	1.474	161.2
2020-05-31T18:01	81.63459	9.70215	1.310	161.5
2020-05-31T18:11	81.62904	9.72385	2.300	150.4
2020-05-31T18:21	81.62248	9.77766	3.679	129.9
2020-05-31T18:31	81.60973	9.83436	5.472	147.0
2020-05-31T18:41	81.60291	9.82792	2.480	187.8
2020-05-31T18:51	81.59616	9.83488	2.457	171.4
2020-05-31T19:01	81.58515	9.82046	4.037	190.8
2020-05-31T19:11	81.57434	9.80299	3.999	193.3
2020-05-31T19:21	81.56839	9.79484	2.187	191.3
2020-05-31T19:31	81.56382	9.80550	1.736	161.1
2020-05-31T19:41	81.56037	9.81965	1.449	149.0
2020-05-31T19:51	81.55966	9.82328	0.320	143.2
2020-05-31T20:01	81.55067	9.83904	3.344	165.6
2020-05-31T20:11	81.53518	9.86782	5.780	164.7
2020-05-31T20:21	81.53163	9.87684	1.366	159.5
2020-05-31T20:31	81.52721	9.88079	1.604	172.5
2020-05-31T20:41	81.52378	9.87503	1.272	193.9
2020-05-31T20:51	81.52403	9.87400	0.103	328.1
2020-05-31T21:01	81.50959	9.86663	5.214	184.3
2020-05-31T21:11	81.49838	9.85047	4.125	192.0
2020-05-31T21:21	81.48236	9.84400	5.780	183.4
2020-05-31T21:31	81.47827	9.83664	1.525	194.9
2020-05-31T21:41	81.47871	9.83747	0.165	15.5
2020-05-31T21:51	81.47889	9.83015	0.396	279.6
2020-05-31T22:01	81.47950	9.80780	1.212	280.5
2020-05-31T22:11	81.48382	9.77364	2.396	310.5
2020-05-31T22:21	81.48440	9.76803	0.363	304.6
2020-05-31T22:31	81.48331	9.74491	1.293	252.3
2020-05-31T22:41	81.47139	9.74142	4.294	182.5
2020-05-31T22:51	81.46475	9.72791	2.499	196.8
2020-05-31T23:01	81.45918	9.71944	2.055	192.7
2020-05-31T23:11	81.44137	9.74609	6.570	167.4
2020-05-31T23:21	81.42794	9.78646	5.297	155.9
2020-05-31T23:31	81.42195	9.81491	2.640	144.6
2020-05-31T23:41	81.41218	9.84074	3.785	158.5
2020-05-31T23:51	81.40127	9.86522	4.142	161.4
2020-06-01T00:01	81.39513	9.87978	2.345	160.5
2020-06-01T00:11	81.39212	9.89607	1.396	141.0
2020-06-01T00:21	81.39221	9.89826	0.122	74.9
2020-06-01T00:31	81.39211	9.90126	0.166	102.4
2020-06-01T00:41	81.39290	9.90256	0.294	13.7
2020-06-01T00:51	81.39197	9.89973	0.367	204.6
2020-06-01T01:01	81.39253	9.89049	0.537	292.0
2020-06-01T01:11	81.39243	9.86484	1.383	268.5
2020-06-01T01:21	81.39112	9.83999	1.421	250.5
2020-06-01T01:31	81.38745	9.82860	1.456	205.0
2020-06-01T01:41	81.38299	9.82566	1.613	185.7
2020-06-01T01:51	81.37562	9.85285	3.034	151.1
2020-06-01T02:01	81.37446	9.85674	0.466	153.2
2020-06-01T02:11	81.37247	9.85918	0.728	169.5
2020-06-01T02:21	81.37124	9.85736	0.454	192.5
2020-06-01T02:31	81.37160	9.85965	0.178	44.2
2020-06-01T02:41	81.36940	9.84952	0.963	214.7
2020-06-01T02:51	81.36961	9.85159	0.136	55.7
2020-06-01T03:01	81.36824	9.84744	0.543	204.4
2020-06-01T03:11	81.36741	9.84463	0.334	207.0
2020-06-01T03:21	81.36280	9.82783	1.893	208.7
2020-06-01T03:31	81.35965	9.84085	1.332	148.1
2020-06-01T03:41	81.35920	9.84390	0.231	134.5
2020-06-01T03:51	81.35949	9.84490	0.116	27.7
2020-06-01T04:01	81.35922	9.84861	0.222	115.4
2020-06-01T04:11	81.35783	9.86054	0.817	127.9
2020-06-01T04:21	81.35787	9.86143	0.050	73.7
2020-06-01T04:31	81.35795	9.86253	0.065	64.7
2020-06-01T04:41	81.35801	9.86365	0.065	69.8
2020-06-01T04:51	81.35807	9.86449	0.050	65.1
2020-06-01T05:01	81.35810	9.86523	0.042	75.6
2020-06-01T05:11	81.35826	9.86572	0.064	24.2
2020-06-01T05:21	81.35837	9.86646	0.057	44.4
2020-06-01T05:31	81.35844	9.86752	0.063	67.2
2020-06-01T05:41	81.35851	9.86853	0.060	65.0
2020-06-01T05:51	81.35859	9.86968	0.068	65.2
2020-06-01T06:01	81.35868	9.87088	0.072	64.7
2020-06-01T06:11	81.35876	9.87206	0.070	65.8
2020-06-01T06:21	81.35882	9.87326	0.068	71.6
2020-06-01T06:31	81.35887	9.87450	0.070	74.0
2020-06-01T06:41	81.35893	9.87577	0.071	73.6
2020-06-01T06:51	81.35897	9.87697	0.067	75.1
2020-06-01T07:01	81.35902	9.87818	0.067	76.9
2020-06-01T07:11	81.35907	9.87942	0.070	74.6
2020-06-01T07:21	81.35911	9.88067	0.069	77.3
2020-06-01T07:31	81.35915	9.88191	0.069	78.4
2020-06-01T07:41	81.35918	9.88327	0.075	80.8
2020-06-01T07:51	81.35921	9.88479	0.083	83.1
2020-06-01T08:01	81.35924	9.88654	0.095	83.0
2020-06-01T08:11	81.35927	9.88839	0.101	84.9
2020-06-01T08:21	81.35927	9.89021	0.098	88.3
2020-06-01T08:31	81.35927	9.89193	0.093	91.3
2020-06-01T08:41	81.35925	9.89356	0.089	93.9
2020-06-01T08:51	81.35922	9.89514	0.086	97.0
2020-06-01T09:01	81.35918	9.89666	0.084	101.2
2020-06-01T09:11	81.35912	9.89822	0.087	103.9
2020-06-01T09:21	81.35905	9.89963	0.080	108.5
2020-06-01T09:31	81.35896	9.90098	0.079	113.5
2020-06-01T09:41	81.35887	9.90223	0.075	115.6
2020-06-01T09:51	81.35877	9.90340	0.072	118.8
2020-06-01T10:01	81.35866	9.90453	0.073	123.1
2020-06-01T10:11	81.35853	9.90558	0.073	129.2
2020-06-01T10:21	81.35838	9.90657	0.077	135.9
2020-06-01T10:31	81.35823	9.90745	0.073	139.2
2020-06-01T10:41	81.35806	9.90826	0.076	144.5
2020-06-01T10:51	81.35789	9.90897	0.073	148.0
2020-06-01T11:01	81.35770	9.90962	0.077	152.9
2020-06-01T11:11	81.35751	9.91015	0.072	156.3
2020-06-01T11:21	81.35732	9.91055	0.074	162.8
2020-06-01T11:31	81.35711	9.91085	0.076	167.6
2020-06-01T11:41	81.35689	9.91105	0.080	172.3
2020-06-01T11:51	81.35666	9.91111	0.084	178.0
2020-06-01T12:01	81.35642	9.91102	0.087	183.0
2020-06-01T12:11	81.35617	9.91083	0.092	186.7
2020-06-01T12:21	81.35589	9.91046	0.100	191.3
2020-06-01T12:31	81.35553	9.91045	0.132	180.3
2020-06-01T12:41	81.35516	9.91048	0.133	179.3
2020-06-01T12:51	81.35490	9.90931	0.112	214.3
2020-06-01T13:01	81.35488	9.90637	0.159	267.5
2020-06-01T13:11	81.35415	9.90850	0.289	156.5
2020-06-01T13:21	81.35416	9.90448	0.217	271.1
2020-06-01T13:31	81.35329	9.90750	0.351	152.3
2020-06-01T13:41	81.34597	9.94042	3.183	145.9
2020-06-01T13:51	81.34500	9.93934	0.355	189.5
2020-06-01T14:01	81.34372	9.94350	0.514	154.0
2020-06-01T14:11	81.34292	9.94386	0.288	176.1
2020-06-01T14:21	81.34219	9.94484	0.268	168.6
2020-06-01T14:31	81.34075	9.95041	0.599	149.7
2020-06-01T14:41	81.33919	9.95174	0.567	172.7
2020-06-01T14:51	81.33633	9.94765	1.052	192.2
2020-06-01T15:01	81.33429	9.94075	0.827	206.9
2020-06-01T15:11	81.33121	9.93608	1.136	192.9
2020-06-01T15:21	81.32538	9.93665	2.099	179.2
2020-06-01T15:31	81.31489	9.90916	4.062	201.6
2020-06-01T15:41	81.31355	9.90169	0.632	220.0
2020-06-01T15:51	81.30935	9.88071	1.894	217.1
2020-06-01T16:01	81.30972	9.87910	0.159	326.7
2020-06-01T16:11	81.30891	9.87445	0.387	220.8
2020-06-01T16:21	81.30708	9.86757	0.755	209.7
2020-06-01T16:31	81.30629	9.86318	0.372	220.0
2020-06-01T16:41	81.30489	9.85705	0.606	213.4
2020-06-01T16:51	81.30453	9.85342	0.235	237.3
2020-06-01T17:01	81.30372	9.84810	0.412	224.6
2020-06-01T17:11	81.30308	9.84321	0.351	229.3
2020-06-01T17:21	81.30066	9.83149	1.080	216.2
2020-06-01T17:31	81.29903	9.82389	0.719	215.2
2020-06-01T17:41	81.29583	9.81471	1.257	203.4
2020-06-01T17:51	81.29384	9.80839	0.793	205.7
2020-06-01T18:01	81.29242	9.80311	0.587	209.4
2020-06-01T18:11	81.28764	9.79718	1.749	190.7
2020-06-01T18:21	81.28593	9.79411	0.639	195.2
2020-06-01T18:31	81.28543	9.78977	0.297	232.8
2020-06-01T18:41	81.28501	9.78525	0.290	238.2
2020-06-01T18:51	81.28385	9.78172	0.461	204.8
2020-06-01T19:01	81.28295	9.77910	0.354	203.8
2020-06-01T19:11	81.28218	9.77846	0.277	187.2
2020-06-01T19:21	81.28145	9.78603	0.491	122.7
2020-06-01T19:31	81.28100	9.78848	0.210	140.6
2020-06-01T19:41	81.28063	9.78665	0.166	216.7
2020-06-01T19:51	81.28033	9.78351	0.203	237.9
2020-06-01T20:01	81.27983	9.78471	0.192	160.0
2020-06-01T20:11	81.27987	9.77632	0.458	271.9
2020-06-01T20:21	81.27897	9.78415	0.537	127.3
2020-06-01T20:31	81.27846	9.78653	0.225	144.7
2020-06-01T20:41	81.27744	9.78994	0.411	153.1
2020-06-01T20:51	81.27353	9.78606	1.423	188.6
2020-06-01T21:01	81.27015	9.76499	1.675	223.4
2020-06-01T21:11	81.26957	9.75574	0.547	247.5
2020-06-01T21:21	81.26495	9.73475	2.021	214.6
2020-06-01T21:31	81.26355	9.72833	0.613	214.9
2020-06-01T21:41	81.25789	9.70884	2.300	207.6
2020-06-01T21:51	81.25215	9.68840	2.350	208.5
2020-06-01T22:01	81.24774	9.67824	1.684	199.3
2020-06-01T22:11	81.24579	9.67338	0.749	200.8
2020-06-01T22:21	81.24520	9.66942	0.305	225.4
2020-06-01T22:31	81.24326	9.66494	0.740	199.4
2020-06-01T22:41	81.24215	9.66212	0.430	201.1
2020-06-01T22:51	81.23417	9.68764	3.195	154.0
2020-06-01T23:01	81.23132	9.68842	1.029	177.6
2020-06-01T23:11	81.22506	9.68923	2.252	178.9
2020-06-01T23:21	81.22505	9.68621	0.166	268.9
2020-06-01T23:31	81.22504	9.68341	0.154	268.8
2020-06-01T23:41	81.22351	9.68344	0.551	179.8
2020-06-01T23:51	81.21338	9.68129	3.649	181.9
2020-06-02T00:01	81.20832	9.66912	1.942	200.2
2020-06-02T00:11	81.20327	9.67826	1.888	164.5
2020-06-02T00:21	81.20321	9.67465	0.200	264.3
2020-06-02T00:31	81.20029	9.68744	1.266	146.2
2020-06-02T00:41	81.18646	9.70770	5.102	167.3
2020-06-02T00:51	81.16842	9.72275	6.550	172.7
2020-06-02T01:01	81.15597	9.71426	4.507	186.0
2020-06-02T01:11	81.14427	9.73854	4.419	162.3
2020-06-02T01:21	81.13154	9.76308	4.783	163.5
2020-06-02T01:31	81.12400	9.76497	2.717	177.8
2020-06-02T01:41	81.12340	9.76048	0.329	229.3
2020-06-02T01:51	81.12167	9.75446	0.709	208.2
2020-06-02T02:01	81.12207	9.75106	0.239	307.9
2020-06-02T02:11	81.12108	9.74570	0.467	219.7
2020-06-02T02:21	81.12045	9.74083	0.353	230.1
2020-06-02T02:31	81.11899	9.73411	0.646	215.4
2020-06-02T02:41	81.11825	9.72862	0.406	228.8
2020-06-02T02:51	81.11692	9.72154	0.618	219.5
2020-06-02T03:01	81.10734	9.73817	3.571	165.0
2020-06-02T03:11	81.09411	9.70914	5.029	198.8
2020-06-02T03:21	81.08995	9.68673	1.953	219.8
2020-06-02T03:31	81.08904	9.67380	0.792	245.6
2020-06-02T03:41	81.08671	9.65498	1.343	231.4
2020-06-02T03:51	81.08238	9.64195	1.719	205.0
2020-06-02T04:01	81.08291	9.63776	0.301	308.9
2020-06-02T04:11	81.08028	9.63470	0.961	190.3
2020-06-02T04:21	81.07795	9.69860	3.665	103.2
2020-06-02T04:31	81.06741	9.70689	3.824	173.0
2020-06-02T04:41	81.06476	9.70642	0.953	181.6
2020-06-02T04:51	81.05561	9.71562	3.335	171.1
2020-06-02T05:01	81.05442	9.70998	0.533	216.4
2020-06-02T05:11	81.05424	9.70532	0.270	255.8
2020-06-02T05:21	81.05235	9.69834	0.784	209.9
2020-06-02T05:31	81.05111	9.69305	0.536	213.6
2020-06-02T05:41	81.04933	9.68386	0.820	218.9
2020-06-02T05:51	81.04591	9.66357	1.676	222.7
2020-06-02T06:01	81.03855	9.63724	3.034	209.1
2020-06-02T06:11	81.02254	9.61347	5.915	193.0
2020-06-02T06:21	81.01065	9.58863	4.505	198.1
2020-06-02T06:31	81.00415	9.59944	2.417	165.4
2020-06-02T06:41	81.00117	9.60191	1.080	172.6
2020-06-02T06:51	80.99124	9.62577	3.822	159.4
2020-06-02T07:01	80.98517	9.66550	3.129	134.2
2020-06-02T07:11	80.97828	9.68797	2.787	152.9
2020-06-02T07:21	80.97253	9.69384	2.098	170.9
2020-06-02T07:31	80.97064	9.69386	0.680	179.9
2020-06-02T07:41	80.96557	9.71246	2.105	150.0
2020-06-02T07:51	80.96375	9.72002	0.784	146.9
2020-06-02T08:01	80.96001	9.72518	1.376	167.7
2020-06-02T08:11	80.95907	9.72206	0.384	207.4
2020-06-02T08:21	80.95415	9.72829	1.804	168.7
2020-06-02T08:31	80.94883	9.72089	1.960	192.4
2020-06-02T08:41	80.94622	9.71101	1.094	210.8
2020-06-02T08:51	80.93896	9.70013	2.688	193.3
2020-06-02T09:01	80.93171	9.70589	2.630	172.9
2020-06-02T09:11	80.92874	9.70708	1.072	176.4
2020-06-02T09:21	80.92771	9.70562	0.378	192.7
2020-06-02T09:31	80.92551	9.70732	0.800	173.1
2020-06-02T09:41	80.92483	9.70543	0.266	203.7
2020-06-02T09:51	80.92159	9.70769	1.172	173.7
2020-06-02T10:01	80.92066	9.70367	0.408	214.0
2020-06-02T10:11	80.91702	9.69509	1.397	200.4
2020-06-02T10:21	80.91547	9.68687	0.729	219.9
2020-06-02T10:31	80.91227	9.65510	2.141	237.5
2020-06-02T10:41	80.90942	9.63531	1.523	227.6
2020-06-02T10:51	80.90546	9.61221	1.940	222.7
2020-06-02T11:01	80.90358	9.60770	0.724	200.8
2020-06-02T11:11	80.90195	9.60293	0.649	204.8
2020-06-02T11:21	80.90176	9.60137	0.110	233.8
2020-06-02T11:31	80.90105	9.59820	0.315	215.0
2020-06-02T11:41	80.90084	9.59701	0.102	221.5
2020-06-02T11:51	80.89875	9.58905	0.877	211.1
2020-06-02T12:01	80.89718	9.58279	0.669	212.3
2020-06-02T12:11	80.89292	9.56803	1.749	208.7
2020-06-02T12:21	80.89250	9.56663	0.170	208.0
2020-06-02T12:31	80.89160	9.56289	0.388	213.3
2020-06-02T12:41	80.88972	9.55014	0.995	226.9
2020-06-02T12:51	80.88336	9.48650	4.290	237.8
2020-06-02T13:01	80.87657	9.47663	2.510	193.0
2020-06-02T13:11	80.86874	9.48050	2.826	175.5
2020-06-02T13:21	80.86508	9.47564	1.349	191.9
2020-06-02T13:31	80.86366	9.47087	0.579	208.1
2020-06-02T13:41	80.86131	9.46497	0.910	201.8
2020-06-02T13:51	80.85197	9.46073	3.373	184.1
2020-06-02T14:01	80.83931	9.48029	4.691	166.2
2020-06-02T14:11	80.82146	9.46116	6.522	189.7
2020-06-02T14:21	80.80797	9.44790	4.914	188.9
2020-06-02T14:31	80.79464	9.47585	5.063	161.5
2020-06-02T14:41	80.78949	9.46562	1.947	197.6
2020-06-02T14:51	80.78313	9.47731	2.385	163.6
2020-06-02T15:01	80.77025	9.47994	4.641	178.1
2020-06-02T15:11	80.76111	9.48580	3.307	174.1
2020-06-02T15:21	80.75009	9.53038	4.734	147.0
2020-06-02T15:31	80.74433	9.52357	2.110	190.8
2020-06-02T15:41	80.72823	9.52786	5.801	177.5
2020-06-02T15:51	80.71271	9.53285	5.597	177.0
2020-06-02T16:01	80.70305	9.56562	3.966	151.3
2020-06-02T16:11	80.69885	9.56948	1.527	171.5
2020-06-02T16:21	80.69581	9.57417	1.129	166.0
2020-06-02T16:31	80.68357	9.57297	4.408	180.9
2020-06-02T16:41	80.68107	9.56745	0.955	199.7
2020-06-02T16:51	80.67684	9.57066	1.535	173.0
2020-06-02T17:01	80.67492	9.56694	0.725	197.4
2020-06-02T17:11	80.66966	9.57335	1.930	168.8
2020-06-02T17:21	80.66615	9.56670	1.322	197.1
2020-06-02T17:31	80.66271	9.57208	1.278	165.8
2020-06-02T17:41	80.65767	9.58146	1.895	163.2
2020-06-02T17:51	80.65431	9.61216	2.164	123.9
2020-06-02T18:01	80.65247	9.61866	0.765	150.3
2020-06-02T18:11	80.64094	9.63541	4.264	166.7
2020-06-02T18:21	80.62534	9.61827	5.706	190.1
2020-06-02T18:31	80.61718	9.68735	5.006	125.9
2020-06-02T18:41	80.60373	9.75359	6.211	141.2
2020-06-02T18:51	80.58660	9.77163	6.261	170.2
2020-06-02T19:01	80.57347	9.79504	4.921	163.7
2020-06-02T19:11	80.56113	9.83131	4.934	154.3
2020-06-02T19:21	80.54580	9.87009	5.974	157.4
2020-06-02T19:31	80.52930	9.87948	5.967	174.7
2020-06-02T19:41	80.51142	9.90587	6.627	166.3
2020-06-02T19:51	80.50454	9.92697	2.773	153.1
2020-06-02T20:01	80.48929	9.98303	6.425	148.7
2020-06-02T20:11	80.47419	10.01728	5.806	159.4
2020-06-02T20:21	80.46193	10.04693	4.753	158.2
2020-06-02T20:31	80.44598	10.08401	6.157	158.9
2020-06-02T20:41	80.42957	10.12039	6.297	159.8
2020-06-02T20:51	80.41147	10.14028	6.622	169.6
2020-06-02T21:01	80.39899	10.22389	6.736	131.8
2020-06-02T21:11	80.38075	10.29975	7.996	145.2
2020-06-02T21:21	80.35906	10.36618	8.774	152.8
2020-06-02T21:31	80.33670	10.43252	8.993	153.5
2020-06-02T21:41	80.31711	10.49112	7.895	153.3
2020-06-02T21:51	80.29850	10.55398	7.706	150.3
2020-06-02T22:01	80.27986	10.61877	7.779	149.6
2020-06-02T22:11	80.25927	10.61327	7.424	182.6
2020-06-02T22:21	80.24378	10.59524	5.682	191.2
2020-06-02T22:31	80.22703	10.57430	6.165	192.0
2020-06-02T22:41	80.21026	10.55119	6.202	193.2
2020-06-02T22:51	80.19337	10.51181	6.544	201.7
2020-06-02T23:01	80.17757	10.46484	6.375	206.9
2020-06-02T23:11	80.16145	10.41685	6.512	207.0
2020-06-02T23:21	80.14560	10.36861	6.434	207.5
2020-06-02T23:31	80.12951	10.32051	6.509	207.1
2020-06-02T23:41	80.11327	10.27237	6.560	207.0
2020-06-02T23:51	80.09748	10.22537	6.384	207.1
2020-06-03T00:01	80.08170	10.17743	6.412	207.6
2020-06-03T00:11	80.06587	10.13086	6.390	206.9
2020-06-03T00:21	80.05179	10.08880	5.705	207.3
2020-06-03T00:31	80.03754	10.04700	5.752	206.9
2020-06-03T00:41	80.02467	10.00860	5.216	207.3
2020-06-03T00:51	80.01098	9.96775	5.550	207.4
2020-06-03T01:01	79.99602	9.92300	6.069	207.5
2020-06-03T01:11	79.97917	9.87328	6.817	207.2
2020-06-03T01:21	79.96246	9.82512	6.733	206.7
2020-06-03T01:31	79.94602	9.77574	6.682	207.7
2020-06-03T01:41	79.92947	9.72768	6.683	206.9
2020-06-03T01:51	79.91451	9.67198	6.427	213.1
2020-06-03T02:01	79.90069	9.60818	6.402	219.0
2020-06-03T02:11	79.88663	9.54170	6.576	219.7
2020-06-03T02:21	79.87114	9.48572	6.607	212.4
2020-06-03T02:31	79.85331	9.45067	6.793	199.1
2020-06-03T02:41	79.83545	9.41584	6.800	199.0
2020-06-03T02:51	79.81785	9.38192	6.695	198.8
2020-06-03T03:01	79.79999	9.34877	6.768	198.2
2020-06-03T03:11	79.78071	9.34602	6.945	181.4
2020-06-03T03:21	79.76314	9.34367	6.328	181.4
2020-06-03T03:31	79.74604	9.34040	6.158	182.0
2020-06-03T03:41	79.72843	9.33744	6.346	181.7
2020-06-03T03:51	79.71064	9.33455	6.408	181.7
2020-06-03T04:01	79.69293	9.33162	6.378	181.7
2020-06-03T04:11	79.67526	9.32901	6.363	181.5
2020-06-03T04:21	79.65783	9.32530	6.282	182.2
2020-06-03T04:31	79.64045	9.32244	6.260	181.7
2020-06-03T04:41	79.62322	9.32019	6.205	181.3
2020-06-03T04:51	79.60510	9.31674	6.528	182.0
2020-06-03T05:01	79.58664	9.31346	6.649	181.8
2020-06-03T05:11	79.56777	9.31051	6.796	181.6
2020-06-03T05:21	79.54866	9.30710	6.885	181.9
2020-06-03T05:31	79.52957	9.30376	6.878	181.8
2020-06-03T05:41	79.51064	9.30137	6.816	181.3
2020-06-03T05:51	79.49177	9.29784	6.797	182.0
2020-06-03T06:01	79.47377	9.29487	6.484	181.7
2020-06-03T06:11	79.45598	9.29178	6.408	181.8
2020-06-03T06:21	79.43818	9.28855	6.416	181.9
2020-06-03T06:31	79.42208	9.28668	5.797	181.2
2020-06-03T06:41	79.40435	9.28306	6.390	182.1
2020-06-03T06:51	79.38553	9.28039	6.778	181.5
2020-06-03T07:01	79.36965	9.27808	5.720	181.5
2020-06-03T07:11	79.35599	9.27529	4.921	182.2
2020-06-03T07:21	79.34143	9.27310	5.242	181.6
2020-06-03T07:31	79.32484	9.27037	5.976	181.7
2020-06-03T07:41	79.30764	9.26748	6.197	181.8
2020-06-03T07:51	79.29045	9.26481	6.192	181.7
2020-06-03T08:01	79.27340	9.26172	6.143	181.9
2020-06-03T08:11	79.25627	9.25903	6.169	181.7
2020-06-03T08:21	79.23917	9.25644	6.162	181.6
2020-06-03T08:31	79.22209	9.25402	6.150	181.5
2020-06-03T08:41	79.20509	9.25102	6.123	181.9
2020-06-03T08:51	79.18817	9.24856	6.096	181.6
2020-06-03T09:01	79.17111	9.24606	6.144	181.6
2020-06-03T09:11	79.15401	9.24274	6.164	182.1
2020-06-03T09:21	79.13681	9.23996	6.192	181.7
2020-06-03T09:31	79.11972	9.23752	6.159	181.5
2020-06-03T09:41	79.10283	9.23433	6.082	182.0
2020-06-03T09:51	79.08590	9.23171	6.099	181.7
2020-06-03T10:01	79.06871	9.22865	6.193	181.9
2020-06-03T10:11	79.05110	9.22621	6.344	181.5
2020-06-03T10:21	79.03351	9.22331	6.336	181.8
2020-06-03T10:31	79.01594	9.22108	6.327	181.4
2020-06-03T10:41	78.99849	9.21755	6.289	182.2
2020-06-03T10:51	78.98078	9.21491	6.380	181.6
2020-06-03T11:01	78.96310	9.21210	6.367	181.7
2020-06-03T11:11	78.94549	9.20939	6.344	181.7
2020-06-03T11:21	78.92806	9.20730	6.276	181.3
2020-06-03T11:31	78.91042	9.20392	6.357	182.1
2020-06-03T11:41	78.89297	9.20129	6.286	181.7
2020-06-03T11:51	78.87615	9.21270	6.104	172.5
2020-06-03T12:01	78.85978	9.24154	6.227	161.2
2020-06-03T12:11	78.84343	9.27111	6.235	160.7
2020-06-03T12:21	78.82717	9.29993	6.191	161.0
2020-06-03T12:31	78.81082	9.32918	6.232	160.9
2020-06-03T12:41	78.79459	9.35790	6.178	161.0
2020-06-03T12:51	78.77773	9.38776	6.419	161.0
2020-06-03T13:01	78.76004	9.41915	6.742	160.9
2020-06-03T13:11	78.74242	9.45052	6.714	160.8
2020-06-03T13:21	78.72468	9.48175	6.756	161.0
2020-06-03T13:31	78.70670	9.51334	6.846	161.0
2020-06-03T13:41	78.68830	9.54575	7.007	160.9
2020-06-03T13:51	78.66999	9.57827	6.982	160.8
2020-06-03T14:01	78.65218	9.60944	6.781	161.0
2020-06-03T14:11	78.63463	9.64001	6.681	161.1
2020-06-03T14:21	78.61720	9.67092	6.648	160.7
2020-06-03T14:31	78.59985	9.70128	6.609	160.9
2020-06-03T14:41	78.58256	9.73125	6.583	161.1
2020-06-03T14:51	78.56569	9.76036	6.419	161.1
2020-06-03T15:01	78.54898	9.78950	6.365	160.9
2020-06-03T15:11	78.53228	9.81836	6.357	161.0
2020-06-03T15:21	78.51548	9.84760	6.402	160.9
2020-06-03T15:31	78.49866	9.87662	6.403	161.0
2020-06-03T15:41	78.48186	9.90609	6.411	160.7
2020-06-03T15:51	78.46497	9.93518	6.431	161.0
2020-06-03T16:01	78.44827	9.96390	6.357	161.0
2020-06-03T16:11	78.43164	9.99267	6.337	160.9
2020-06-03T16:21	78.41498	10.02115	6.343	161.1
2020-06-03T16:31	78.39823	10.04989	6.377	161.0
2020-06-03T16:41	78.38133	10.07880	6.436	161.0
2020-06-03T16:51	78.36420	10.10825	6.528	160.9
2020-06-03T17:01	78.34712	10.13749	6.504	160.9
2020-06-03T17:11	78.33007	10.16653	6.493	161.0
2020-06-03T17:21	78.31321	10.19556	6.428	160.8
2020-06-03T17:31	78.29627	10.22429	6.450	161.0
2020-06-03T17:41	78.27951	10.25285	6.386	160.9
2020-06-03T17:51	78.26281	10.28137	6.364	160.8
2020-06-03T18:01	78.24667	10.30876	6.148	160.9
2020-06-03T18:11	78.23198	10.33357	5.595	161.0
2020-06-03T18:21	78.21722	10.35845	5.619	161.0
2020-06-03T18:31	78.20373	10.38141	5.142	160.8
2020-06-03T18:41	78.19136	10.40205	4.705	161.1
2020-06-03T18:51	78.17886	10.42313	4.761	160.9
2020-06-03T19:01	78.16681	10.44309	4.582	161.2
2020-06-03T19:11	78.15646	10.46063	3.947	160.8
2020-06-03T19:21	78.14642	10.47806	3.836	160.4
2020-06-03T19:31	78.13540	10.49721	4.212	160.3
2020-06-03T19:41	78.13276	10.56938	5.427	100.1
2020-06-03T19:51	78.13219	10.65015	5.984	91.9
2020-06-03T20:01	78.13163	10.73106	5.994	91.9
2020-06-03T20:11	78.13117	10.80934	5.799	91.6
2020-06-03T20:21	78.13070	10.88670	5.731	91.6
2020-06-03T20:31	78.13016	10.96185	5.569	92.0
2020-06-03T20:41	78.12952	11.03700	5.570	92.3
2020-06-03T20:51	78.12879	11.12093	6.222	92.4
2020-06-03T21:01	78.12831	11.19637	5.590	91.8
2020-06-03T21:11	78.12762	11.27245	5.641	92.5
2020-06-03T21:21	78.12713	11.34745	5.558	91.8
2020-06-03T21:31	78.12647	11.42410	5.683	92.4
2020-06-03T21:41	78.12589	11.50062	5.672	92.1
2020-06-03T21:51	78.12522	11.57990	5.879	92.3
2020-06-03T22:01	78.12461	11.65948	5.900	92.1
2020-06-03T22:11	78.12400	11.74038	5.999	92.1
2020-06-03T22:21	78.12335	11.82127	5.998	92.2
2020-06-03T22:31	78.12270	11.90165	5.961	92.2
2020-06-03T22:41	78.12209	11.97966	5.785	92.1
2020-06-03T22:51	78.12128	12.07691	7.213	92.3
2020-06-03T23:01	78.12058	12.17849	7.533	91.9
2020-06-03T23:11	78.11979	12.27074	6.843	92.3
2020-06-03T23:21	78.11930	12.34675	5.637	91.8
2020-06-03T23:31	78.11868	12.41795	5.283	92.4
2020-06-03T23:41	78.11814	12.48855	5.237	92.1
2020-06-03T23:51	78.11751	12.55838	5.182	92.5
2020-06-04T00:01	78.11707	12.62776	5.146	91.8
2020-06-04T00:11	78.11642	12.69880	5.272	92.5
2020-06-04T00:21	78.11583	12.77289	5.497	92.2
2020-06-04T00:31	78.11528	12.84630	5.447	92.0
2020-06-04T00:41	78.11473	12.92018	5.482	92.0
2020-06-04T00:51	78.11414	12.99406	5.483	92.2
2020-06-04T01:01	78.11355	13.06843	5.519	92.2
2020-06-04T01:11	78.11299	13.14306	5.539	92.1
2020-06-04T01:21	78.11241	13.21682	5.474	92.1
2020-06-04T01:31	78.11171	13.28952	5.397	92.6
2020-06-04T01:41	78.11587	13.37112	6.234	76.1
2020-06-04T01:51	78.12284	13.45865	6.957	68.8
2020-06-04T02:01	78.12975	13.54643	6.963	69.0
2020-06-04T02:11	78.13669	13.63601	7.088	69.3
2020-06-04T02:21	78.14399	13.72819	7.309	68.9
2020-06-04T02:31	78.15120	13.82036	7.294	69.1
2020-06-04T02:41	78.15842	13.91150	7.220	68.9
2020-06-04T02:51	78.16548	14.00257	7.191	69.3
2020-06-04T03:01	78.17274	14.09445	7.269	68.9
2020-06-04T03:11	78.17971	14.18555	7.175	69.5
2020-06-04T03:21	78.18676	14.27578	7.121	69.1
2020-06-04T03:31	78.19385	14.36656	7.160	69.1
2020-06-04T03:41	78.20113	14.45883	7.283	68.9
2020-06-04T03:51	78.20846	14.54741	7.033	67.9
2020-06-04T04:01	78.21494	14.63913	7.139	70.9
2020-06-04T04:11	78.22200	14.72601	6.874	68.3
2020-06-04T04:21	78.22866	14.81524	6.981	69.9
2020-06-04T04:31	78.23581	14.90349	6.973	68.3
2020-06-04T04:41	78.24209	14.98455	6.364	69.1
2020-06-04T04:51	78.24809	15.06187	6.069	69.1
2020-06-04T05:01	78.25411	15.13982	6.112	69.2
2020-06-04T05:11	78.26015	15.21731	6.081	69.0
2020-06-04T05:21	78.26606	15.29460	6.048	69.4
2020-06-04T05:31	78.27240	15.37727	6.467	69.3
2020-06-04T05:41	78.26986	15.45953	6.090	98.6
2020-06-04T05:51	78.25696	15.54367	7.716	127.0
2020-06-04T06:01	78.24675	15.60049	5.555	131.4
2020-06-04T06:11	78.23538	15.62563	4.490	155.7
2020-06-04T06:21	78.23478	15.62195	0.345	231.4
2020-06-04T06:29	78.23412	15.62408	0.350	147.0
