/* DATA DESCRIPTION:
Citation:	Rex, Markus (2021): Master tracks in different resolutions of POLARSTERN cruise PS122/4, Longyearbyen - Arctic Ocean, 2020-06-04 - 2020-08-12 [dataset]. Alfred Wegener Institute, Helmholtz Centre for Polar and Marine Research, Bremerhaven, PANGAEA, https://doi.org/10.1594/PANGAEA.926829
Abstract:	Raw data acquired by position sensors on board RV Polarstern during expedition PS122_4 was processed to receive a validated master track which can be used as reference of further expedition data. During PS122_4 two Trimble Marine SPS461 GPS receivers and the iXBlue HYDRINS hydrographic survey inertial navigation system were used as navigation sensors. Data were downloaded from DAVIS SHIP data base (https://dship.o2a-data.de) with a resolution of 1 sec. Processing and evaluation of the data is outlined in the data processing report found at EPIC repository hdl:10013/epic.77923ed6-d30f-4216-b11c-3563af390ac3. Processed data are provided as a master track with 1 sec resolution derived from the position sensors' data selected by priority and a generalized track with a reduced set of the most significant positions of the master track.
Other version:	Rex, Markus (2021): Master track of POLARSTERN cruise PS122/4 in 1 sec resolution (zipped, 36 MB) [dataset]. Alfred Wegener Institute, Helmholtz Centre for Polar and Marine Research, Bremerhaven, PANGAEA, https://doi.org/10.1594/PANGAEA.926830
Further details:	Event list of POLARSTERN cruise PS122/4 (URI: https://www.pangaea.de/expeditions/events/PS122%2F4)
	Generalized master track of POLARSTERN cruise PS122/4 (URI: https://hs.pangaea.de/nav/mastertrack/ps/PS122_4_mastertrack_generalized.zip)
	Trackline map and processing report for navigation sensors from POLARSTERN cruise PS122/4 (URI: hdl:10013/epic.77923ed6-d30f-4216-b11c-3563af390ac3)
Project(s):	Multidisciplinary drifting Observatory for the Study of Arctic Climate (MOSAiC) (URI: https://mosaic-expedition.org/)
Funding:	Alfred Wegener Institute, Helmholtz Centre for Polar and Marine Research, Bremerhaven (AWI) (URI: https://www.awi.de/), grant/award no. AFMOSAiC-1_00: Multidisciplinary drifting Observatory for the Study of Arctic Climate
	Alfred Wegener Institute, Helmholtz Centre for Polar and Marine Research, Bremerhaven (AWI) (URI: https://www.awi.de/), grant/award no. AWI_PS122_00: Multidisciplinary drifting Observatory for the Study of Arctic Climate / MOSAiC
Coverage:	MEDIAN LATITUDE: 80.737864 * MEDIAN LONGITUDE: 3.817784 * SOUTH-BOUND LATITUDE: 78.112093 * WEST-BOUND LONGITUDE: -7.364310 * NORTH-BOUND LATITUDE: 82.230469 * EAST-BOUND LONGITUDE: 15.631829
	DATE/TIME START: 2020-06-04T06:50:00 * DATE/TIME END: 2020-08-12T09:59:59
Event(s):	PS122/4-track * LATITUDE START: 78.234388 * LONGITUDE START: 15.622460 * LATITUDE END: 80.062920 * LONGITUDE END: -6.126250 * DATE/TIME START: 2020-06-04T06:50:00 * DATE/TIME END: 2020-08-12T10:00:00 * LOCATION: Arctic Ocean * CAMPAIGN: PS122/4 (MOSAiC20192020) * BASIS: Polarstern (URI: https://doi.org/10.17815/jlsrf-3-163) * METHOD/DEVICE: Underway cruise track measurements (CT) * COMMENT: Longyearbyen - Arctic Ocean
Comment:	This dataset contains the master track in 10 min resolution, for other resolutions please see "Further details" and Other version" references.
Parameter(s):	DATE/TIME (Date/Time) * GEOCODE
	LATITUDE (Latitude) * GEOCODE
	LONGITUDE (Longitude) * GEOCODE
	Speed [kn] (Speed) * METHOD/DEVICE: Calculated * COMMENT: 10-min average
	Course [deg] (Course) * METHOD/DEVICE: Calculated * COMMENT: 10-min average
License:	Creative Commons Attribution 4.0 International (CC-BY-4.0) (URI: https://creativecommons.org/licenses/by/4.0/)
Size:	19912 data points
*/
Date/Time	Latitude	Longitude	Speed [kn]	Course [deg]
2020-06-04T06:50	78.23439	15.62246	0.044	332.4
2020-06-04T07:00	78.23395	15.62482	0.234	132.4
2020-06-04T07:10	78.23381	15.62645	0.130	112.6
2020-06-04T07:20	78.23416	15.62514	0.158	322.5
2020-06-04T07:30	78.23437	15.62311	0.167	297.0
2020-06-04T07:40	78.23444	15.62231	0.063	292.2
2020-06-04T07:50	78.23448	15.62272	0.034	61.2
2020-06-04T08:00	78.23453	15.62285	0.021	27.9
2020-06-04T08:10	78.23457	15.62312	0.023	58.1
2020-06-04T08:20	78.23458	15.62325	0.010	68.3
2020-06-04T08:30	78.23459	15.62308	0.012	282.6
2020-06-04T08:40	78.23455	15.62304	0.015	192.3
2020-06-04T08:50	78.23453	15.62297	0.007	230.6
2020-06-04T09:00	78.23448	15.62313	0.023	149.7
2020-06-04T09:10	78.23445	15.62324	0.013	143.3
2020-06-04T09:20	78.23441	15.62341	0.019	137.3
2020-06-04T09:30	78.23427	15.62383	0.060	149.0
2020-06-04T09:40	78.23418	15.62400	0.034	157.5
2020-06-04T09:50	78.23415	15.62415	0.017	140.0
2020-06-04T10:00	78.23410	15.62440	0.024	132.2
2020-06-04T10:10	78.23405	15.62446	0.019	165.5
2020-06-04T10:20	78.23394	15.62462	0.042	164.4
2020-06-04T10:30	78.23385	15.62499	0.041	138.1
2020-06-04T10:40	78.23382	15.62566	0.051	104.0
2020-06-04T10:50	78.23381	15.62620	0.040	93.0
2020-06-04T11:00	78.23382	15.62650	0.023	78.9
2020-06-04T11:10	78.23385	15.62698	0.036	73.1
2020-06-04T11:20	78.23389	15.62724	0.023	57.8
2020-06-04T11:30	78.23382	15.62763	0.038	130.8
2020-06-04T11:40	78.23373	15.62797	0.042	143.1
2020-06-04T11:50	78.23373	15.62807	0.008	67.6
2020-06-04T12:00	78.23377	15.62812	0.013	14.0
2020-06-04T12:10	78.23381	15.62830	0.020	42.8
2020-06-04T12:20	78.23384	15.62835	0.011	17.0
2020-06-04T12:30	78.23380	15.62831	0.016	188.2
2020-06-04T12:40	78.23383	15.62833	0.011	5.0
2020-06-04T12:50	78.23384	15.62838	0.006	38.3
2020-06-04T13:00	78.23381	15.62836	0.011	188.4
2020-06-04T13:10	78.23376	15.62798	0.033	236.8
2020-06-04T13:20	78.23376	15.62829	0.023	91.5
2020-06-04T13:30	78.23373	15.62848	0.017	124.8
2020-06-04T13:40	78.23352	15.62919	0.094	146.2
2020-06-04T13:50	78.23327	15.63018	0.116	141.2
2020-06-04T14:00	78.23327	15.63020	0.002	59.9
2020-06-04T14:10	78.23328	15.63040	0.016	67.6
2020-06-04T14:20	78.23333	15.63039	0.016	356.2
2020-06-04T14:30	78.23333	15.63041	0.002	88.7
2020-06-04T14:40	78.23335	15.63052	0.012	42.3
2020-06-04T14:50	78.23334	15.63037	0.012	249.4
2020-06-04T15:00	78.23335	15.63025	0.009	286.6
2020-06-04T15:10	78.23336	15.63045	0.016	72.6
2020-06-04T15:20	78.23339	15.63048	0.009	14.5
2020-06-04T15:30	78.23338	15.63029	0.014	257.5
2020-06-04T15:40	78.23337	15.63017	0.010	247.9
2020-06-04T15:50	78.23335	15.63014	0.008	195.5
2020-06-04T16:00	78.23331	15.62997	0.017	227.3
2020-06-04T16:10	78.23330	15.62994	0.007	198.5
2020-06-04T16:20	78.23328	15.62972	0.017	253.2
2020-06-04T16:30	78.23331	15.62935	0.030	291.6
2020-06-04T16:40	78.23345	15.62977	0.059	31.8
2020-06-04T16:50	78.23358	15.63041	0.065	46.2
2020-06-04T17:00	78.23406	15.63009	0.176	352.4
2020-06-04T17:10	78.23384	15.62762	0.198	246.5
2020-06-04T17:20	78.23364	15.63017	0.200	111.4
2020-06-04T17:30	78.23338	15.62974	0.098	198.8
2020-06-04T17:40	78.23315	15.62835	0.132	230.9
2020-06-04T17:50	78.23305	15.62827	0.036	188.8
2020-06-04T18:00	78.23307	15.62834	0.007	45.6
2020-06-04T18:10	78.23308	15.62752	0.061	274.8
2020-06-04T18:20	78.23314	15.62779	0.029	44.1
2020-06-04T18:30	78.23312	15.62853	0.054	98.3
2020-06-04T18:40	78.23322	15.62835	0.041	341.7
2020-06-04T18:50	78.23317	15.62856	0.026	144.3
2020-06-04T19:00	78.23317	15.62869	0.010	90.4
2020-06-04T19:10	78.23316	15.62854	0.011	262.1
2020-06-04T19:20	78.23320	15.62867	0.018	32.6
2020-06-04T19:30	78.23326	15.62905	0.035	51.3
2020-06-04T19:40	78.23325	15.62915	0.010	133.2
2020-06-04T19:50	78.23320	15.62867	0.038	246.5
2020-06-04T20:00	78.23310	15.62810	0.055	229.1
2020-06-04T20:10	78.23318	15.62772	0.040	315.6
2020-06-04T20:20	78.23304	15.62757	0.053	191.9
2020-06-04T20:30	78.23316	15.62783	0.048	23.5
2020-06-04T20:40	78.23312	15.62818	0.030	122.4
2020-06-04T20:50	78.23311	15.62841	0.017	92.3
2020-06-04T21:00	78.23319	15.62901	0.052	58.0
2020-06-04T21:10	78.23315	15.62874	0.025	233.1
2020-06-04T21:20	78.23324	15.62826	0.048	311.7
2020-06-04T21:30	78.23310	15.62864	0.056	149.4
2020-06-04T21:40	78.23319	15.62862	0.032	357.6
2020-06-04T21:50	78.23315	15.62794	0.053	251.3
2020-06-04T22:00	78.23311	15.62816	0.020	125.7
2020-06-04T22:10	78.23313	15.62769	0.034	277.8
2020-06-04T22:20	78.23317	15.62713	0.045	291.9
2020-06-04T22:30	78.23305	15.62725	0.047	169.4
2020-06-04T22:40	78.23312	15.62662	0.054	301.4
2020-06-04T22:50	78.23315	15.62680	0.016	53.9
2020-06-04T23:00	78.23314	15.62706	0.020	104.7
2020-06-04T23:10	78.23314	15.62697	0.007	294.7
2020-06-04T23:20	78.23313	15.62696	0.004	199.9
2020-06-04T23:30	78.23315	15.62713	0.014	67.4
2020-06-04T23:40	78.23311	15.62737	0.022	128.3
2020-06-04T23:50	78.23310	15.62714	0.017	256.6
2020-06-05T00:00	78.23315	15.62757	0.038	58.7
2020-06-05T00:10	78.23328	15.62737	0.046	341.4
2020-06-05T00:20	78.23312	15.62667	0.077	221.7
2020-06-05T00:30	78.23313	15.62637	0.023	285.4
2020-06-05T00:40	78.23330	15.62730	0.090	49.7
2020-06-05T00:50	78.23328	15.62735	0.008	150.9
2020-06-05T01:00	78.23305	15.62680	0.090	206.8
2020-06-05T01:10	78.23317	15.62675	0.044	355.6
2020-06-05T01:20	78.23323	15.62719	0.038	57.7
2020-06-05T01:30	78.23317	15.62713	0.021	192.1
2020-06-05T01:40	78.23313	15.62700	0.019	208.9
2020-06-05T01:50	78.23324	15.62733	0.049	29.7
2020-06-05T02:00	78.23333	15.62780	0.046	48.5
2020-06-05T02:10	78.23329	15.62868	0.067	102.1
2020-06-05T02:20	78.23333	15.62928	0.046	72.9
2020-06-05T02:30	78.23350	15.62925	0.063	358.0
2020-06-05T02:40	78.23361	15.62950	0.043	25.7
2020-06-05T02:50	78.23370	15.63002	0.049	50.2
2020-06-05T03:00	78.23379	15.62977	0.039	331.5
2020-06-05T03:10	78.23376	15.62925	0.040	251.7
2020-06-05T03:20	78.23366	15.62945	0.038	157.5
2020-06-05T03:30	78.23365	15.62943	0.006	190.4
2020-06-05T03:40	78.23375	15.63028	0.073	57.7
2020-06-05T03:50	78.23391	15.63052	0.058	17.7
2020-06-05T04:00	78.23405	15.62987	0.070	317.3
2020-06-05T04:10	78.23412	15.62974	0.025	338.1
2020-06-05T04:20	78.23404	15.62931	0.041	230.2
2020-06-05T04:30	78.23401	15.62902	0.025	240.7
2020-06-05T04:40	78.23397	15.62898	0.014	191.6
2020-06-05T04:50	78.23402	15.62897	0.016	357.1
2020-06-05T05:00	78.23415	15.62846	0.060	321.4
2020-06-05T05:10	78.23422	15.62813	0.036	317.8
2020-06-05T05:20	78.23424	15.62726	0.064	276.0
2020-06-05T05:30	78.23403	15.62587	0.127	234.1
2020-06-05T05:40	78.23395	15.62494	0.074	247.0
2020-06-05T05:50	78.23408	15.62439	0.062	319.4
2020-06-05T06:00	78.23446	15.62368	0.147	339.2
2020-06-05T06:10	78.23446	15.62381	0.010	92.6
2020-06-05T06:20	78.23452	15.62420	0.036	53.0
2020-06-05T06:30	78.23452	15.62462	0.030	90.2
2020-06-05T06:40	78.23457	15.62469	0.020	15.6
2020-06-05T06:50	78.23451	15.62392	0.061	246.3
2020-06-05T07:00	78.23463	15.62392	0.046	359.8
2020-06-05T07:10	78.23465	15.62401	0.009	46.5
2020-06-05T07:20	78.23454	15.62336	0.062	229.9
2020-06-05T07:30	78.23445	15.62308	0.037	213.2
2020-06-05T07:40	78.23442	15.62285	0.020	237.1
2020-06-05T07:50	78.23442	15.62281	0.004	242.6
2020-06-05T08:00	78.23442	15.62281	0.001	160.0
2020-06-05T08:10	78.23442	15.62282	0.001	113.0
2020-06-05T08:20	78.23441	15.62288	0.005	115.6
2020-06-05T08:30	78.23441	15.62298	0.007	103.3
2020-06-05T08:40	78.23437	15.62305	0.014	159.2
2020-06-05T08:50	78.23428	15.62312	0.032	170.2
2020-06-05T09:00	78.23425	15.62308	0.012	192.9
2020-06-05T09:10	78.23426	15.62302	0.006	311.8
2020-06-05T09:20	78.23428	15.62302	0.009	358.5
2020-06-05T09:30	78.23426	15.62308	0.011	155.2
2020-06-05T09:40	78.23421	15.62314	0.018	165.2
2020-06-05T09:50	78.23420	15.62285	0.021	258.7
2020-06-05T10:00	78.23421	15.62285	0.006	357.9
2020-06-05T10:10	78.23424	15.62290	0.010	19.9
2020-06-05T10:20	78.23421	15.62299	0.012	144.8
2020-06-05T10:30	78.23419	15.62310	0.011	136.0
2020-06-05T10:40	78.23413	15.62298	0.022	203.1
2020-06-05T10:50	78.23404	15.62308	0.034	167.4
2020-06-05T11:00	78.23396	15.62318	0.031	166.5
2020-06-05T11:10	78.23391	15.62323	0.018	168.4
2020-06-05T11:20	78.23388	15.62349	0.021	116.8
2020-06-05T11:30	78.23387	15.62381	0.024	97.4
2020-06-05T11:40	78.23387	15.62412	0.023	97.6
2020-06-05T11:50	78.23385	15.62427	0.012	109.4
2020-06-05T12:00	78.23384	15.62428	0.005	179.2
2020-06-05T12:10	78.23380	15.62434	0.014	159.8
2020-06-05T12:20	78.23381	15.62444	0.008	60.4
2020-06-05T12:30	78.23384	15.62452	0.011	33.3
2020-06-05T12:40	78.23393	15.62525	0.062	59.4
2020-06-05T12:50	78.23393	15.62541	0.011	88.5
2020-06-05T13:00	78.23384	15.62536	0.030	186.5
2020-06-05T13:10	78.23379	15.62556	0.023	140.6
2020-06-05T13:20	78.23384	15.62572	0.021	35.7
2020-06-05T13:30	78.23384	15.62578	0.005	112.5
2020-06-05T13:40	78.23379	15.62608	0.027	125.6
2020-06-05T13:50	78.23377	15.62636	0.022	108.4
2020-06-05T14:00	78.23373	15.62693	0.046	112.5
2020-06-05T14:10	78.23359	15.62743	0.062	143.8
2020-06-05T14:20	78.23351	15.62756	0.031	161.7
2020-06-05T14:30	78.23347	15.62768	0.017	149.2
2020-06-05T14:40	78.23347	15.62748	0.015	274.0
2020-06-05T14:50	78.23348	15.62743	0.007	323.9
2020-06-05T15:00	78.23354	15.62730	0.022	334.0
2020-06-05T15:10	78.23353	15.62742	0.010	109.6
2020-06-05T15:20	78.23351	15.62759	0.014	115.8
2020-06-05T15:30	78.23353	15.62771	0.012	48.1
2020-06-05T15:40	78.23355	15.62772	0.005	10.8
2020-06-05T15:50	78.23359	15.62775	0.015	6.0
2020-06-05T16:00	78.23366	15.62769	0.026	351.4
2020-06-05T16:10	78.23371	15.62757	0.018	329.3
2020-06-05T16:20	78.23371	15.62745	0.009	289.6
2020-06-05T16:30	78.23371	15.62724	0.015	264.3
2020-06-05T16:40	78.23375	15.62710	0.017	320.9
2020-06-05T16:50	78.23373	15.62662	0.035	260.2
2020-06-05T17:00	78.23370	15.62595	0.050	259.4
2020-06-05T17:10	78.23372	15.62528	0.050	278.3
2020-06-05T17:20	78.23378	15.62484	0.038	300.7
2020-06-05T17:30	78.23391	15.62541	0.065	40.6
2020-06-05T17:40	78.23399	15.62558	0.031	23.3
2020-06-05T17:50	78.23410	15.62516	0.049	321.1
2020-06-05T18:00	78.23424	15.62508	0.051	352.9
2020-06-05T18:10	78.23433	15.62536	0.038	33.3
2020-06-05T18:20	78.23435	15.62572	0.027	76.1
2020-06-05T18:30	78.23430	15.62600	0.027	127.9
2020-06-05T18:40	78.23426	15.62610	0.015	150.2
2020-06-05T18:50	78.23439	15.62625	0.047	13.2
2020-06-05T19:00	78.23455	15.62668	0.064	29.5
2020-06-05T19:10	78.23456	15.62694	0.019	75.8
2020-06-05T19:20	78.23443	15.62666	0.050	203.7
2020-06-05T19:30	78.23435	15.62654	0.030	197.4
2020-06-05T19:40	78.23432	15.62663	0.014	149.1
2020-06-05T19:50	78.23433	15.62699	0.027	81.5
2020-06-05T20:00	78.23435	15.62734	0.027	70.9
2020-06-05T20:10	78.23442	15.62752	0.026	30.7
2020-06-05T20:20	78.23448	15.62751	0.022	357.9
2020-06-05T20:30	78.23448	15.62724	0.020	274.1
2020-06-05T20:40	78.23444	15.62677	0.038	245.0
2020-06-05T20:50	78.23440	15.62625	0.040	253.7
2020-06-05T21:00	78.23435	15.62544	0.063	251.1
2020-06-05T21:10	78.23434	15.62469	0.055	265.9
2020-06-05T21:20	78.23430	15.62402	0.051	255.7
2020-06-05T21:30	78.23430	15.62359	0.031	268.2
2020-06-05T21:40	78.23433	15.62297	0.047	282.7
2020-06-05T21:50	78.23434	15.62281	0.013	286.5
2020-06-05T22:00	78.23432	15.62272	0.009	226.0
2020-06-05T22:10	78.23428	15.62272	0.016	181.0
2020-06-05T22:20	78.23443	15.62259	0.057	350.8
2020-06-05T22:30	78.23448	15.62305	0.037	65.8
2020-06-05T22:40	78.23452	15.62300	0.015	345.5
2020-06-05T22:50	78.23453	15.62278	0.017	287.4
2020-06-05T23:00	78.23443	15.62255	0.040	205.3
2020-06-05T23:10	78.23439	15.62266	0.017	152.5
2020-06-05T23:20	78.23448	15.62257	0.033	348.5
2020-06-05T23:30	78.23452	15.62273	0.019	38.2
2020-06-05T23:40	78.23450	15.62250	0.018	248.7
2020-06-05T23:50	78.23448	15.62242	0.008	220.6
2020-06-06T00:00	78.23450	15.62257	0.012	57.5
2020-06-06T00:10	78.23453	15.62259	0.010	10.5
2020-06-06T00:20	78.23451	15.62244	0.013	239.3
2020-06-06T00:30	78.23449	15.62232	0.012	229.7
2020-06-06T00:40	78.23455	15.62244	0.023	23.2
2020-06-06T00:50	78.23458	15.62236	0.013	331.8
2020-06-06T01:00	78.23457	15.62232	0.004	223.5
2020-06-06T01:10	78.23460	15.62237	0.012	17.6
2020-06-06T01:20	78.23462	15.62242	0.008	30.4
2020-06-06T01:30	78.23461	15.62224	0.014	251.0
2020-06-06T01:40	78.23461	15.62232	0.006	88.7
2020-06-06T01:50	78.23463	15.62239	0.009	33.4
2020-06-06T02:00	78.23463	15.62245	0.004	80.9
2020-06-06T02:10	78.23462	15.62240	0.006	220.7
2020-06-06T02:20	78.23457	15.62245	0.019	168.3
2020-06-06T02:30	78.23456	15.62220	0.019	263.2
2020-06-06T02:40	78.23457	15.62223	0.004	47.7
2020-06-06T02:50	78.23461	15.62232	0.014	29.0
2020-06-06T03:00	78.23459	15.62232	0.005	187.6
2020-06-06T03:10	78.23460	15.62225	0.006	301.9
2020-06-06T03:20	78.23461	15.62233	0.007	56.6
2020-06-06T03:30	78.23460	15.62232	0.003	192.5
2020-06-06T03:40	78.23464	15.62239	0.015	19.4
2020-06-06T03:50	78.23462	15.62239	0.006	179.0
2020-06-06T04:00	78.23462	15.62237	0.002	221.4
2020-06-06T04:10	78.23462	15.62239	0.002	46.3
2020-06-06T04:20	78.23465	15.62246	0.011	27.3
2020-06-06T04:30	78.23478	15.62284	0.053	32.3
2020-06-06T04:40	78.23471	15.62281	0.024	186.1
2020-06-06T04:50	78.23473	15.62282	0.007	7.2
2020-06-06T05:00	78.23479	15.62299	0.027	26.8
2020-06-06T05:10	78.23484	15.62309	0.019	23.2
2020-06-06T05:20	78.23488	15.62333	0.023	50.9
2020-06-06T05:30	78.23490	15.62348	0.013	67.0
2020-06-06T05:40	78.23490	15.62363	0.011	74.2
2020-06-06T05:50	78.23489	15.62367	0.006	152.8
2020-06-06T06:00	78.23488	15.62370	0.003	134.2
2020-06-06T06:10	78.23487	15.62363	0.007	235.2
2020-06-06T06:20	78.23472	15.62322	0.061	209.1
2020-06-06T06:30	78.23489	15.62194	0.112	303.3
2020-06-06T06:40	78.23478	15.62154	0.051	215.6
2020-06-06T06:50	78.23473	15.62186	0.029	126.0
2020-06-06T07:00	78.23484	15.62200	0.040	14.9
2020-06-06T07:10	78.23485	15.62206	0.006	45.3
2020-06-06T07:20	78.23485	15.62190	0.012	270.7
2020-06-06T07:30	78.23481	15.62180	0.016	206.6
2020-06-06T07:40	78.23482	15.62174	0.006	311.8
2020-06-06T07:50	78.23498	15.62222	0.068	31.9
2020-06-06T08:00	78.23499	15.62238	0.013	67.9
2020-06-06T08:10	78.23494	15.62226	0.021	206.4
2020-06-06T08:20	78.23497	15.62222	0.008	339.6
2020-06-06T08:30	78.23486	15.62187	0.047	213.2
2020-06-06T08:40	78.23488	15.62171	0.015	313.6
2020-06-06T08:50	78.23477	15.62143	0.047	206.4
2020-06-06T09:00	78.23488	15.62176	0.047	31.4
2020-06-06T09:10	78.23469	15.62104	0.086	217.8
2020-06-06T09:20	78.23438	15.62077	0.113	190.4
2020-06-06T09:30	78.23447	15.62046	0.038	323.3
2020-06-06T09:40	78.23440	15.62012	0.034	226.5
2020-06-06T09:50	78.23463	15.62071	0.094	27.4
2020-06-06T10:00	78.23437	15.62052	0.097	188.2
2020-06-06T10:10	78.23456	15.62076	0.072	13.9
2020-06-06T10:20	78.23478	15.62112	0.085	18.3
2020-06-06T10:30	78.23468	15.62063	0.053	223.2
2020-06-06T10:40	78.23497	15.62189	0.142	40.9
2020-06-06T10:50	78.23468	15.62116	0.120	206.7
2020-06-06T11:00	78.23457	15.62039	0.068	235.8
2020-06-06T11:10	78.23493	15.62180	0.166	38.9
2020-06-06T11:20	78.23406	15.62018	0.334	200.9
2020-06-06T11:30	78.23454	15.62068	0.175	12.1
2020-06-06T11:40	78.23418	15.62013	0.134	197.5
2020-06-06T11:50	78.23393	15.61948	0.101	208.2
2020-06-06T12:00	78.23476	15.62046	0.304	13.6
2020-06-06T12:10	78.23373	15.62002	0.371	184.9
2020-06-06T12:20	78.23469	15.62099	0.352	11.6
2020-06-06T12:30	78.23389	15.62024	0.290	190.8
2020-06-06T12:40	78.23444	15.62028	0.196	0.8
2020-06-06T12:50	78.23453	15.62051	0.038	25.8
2020-06-06T13:00	78.23414	15.61993	0.148	196.7
2020-06-06T13:10	78.23451	15.62068	0.144	22.7
2020-06-06T13:20	78.23446	15.62024	0.037	242.6
2020-06-06T13:30	78.23449	15.62038	0.013	49.9
2020-06-06T13:40	78.23457	15.62058	0.035	25.5
2020-06-06T13:50	78.23462	15.62022	0.031	300.7
2020-06-06T14:00	78.23432	15.61995	0.109	190.4
2020-06-06T14:10	78.23462	15.62046	0.116	18.7
2020-06-06T14:20	78.23419	15.61994	0.160	193.6
2020-06-06T14:30	78.23470	15.62078	0.193	18.4
2020-06-06T14:40	78.23427	15.62013	0.161	197.2
2020-06-06T14:50	78.23453	15.62055	0.098	18.5
2020-06-06T15:00	78.23470	15.62040	0.063	349.8
2020-06-06T15:10	78.23440	15.61978	0.120	202.2
2020-06-06T15:20	78.23491	15.62091	0.204	24.0
2020-06-06T15:30	78.23436	15.61973	0.218	203.4
2020-06-06T15:40	78.23507	15.62130	0.282	24.2
2020-06-06T15:50	78.23440	15.61969	0.269	206.2
2020-06-06T16:00	78.23486	15.62083	0.184	27.0
2020-06-06T16:10	78.23407	15.61964	0.297	197.1
2020-06-06T16:20	78.23502	15.62126	0.362	19.1
2020-06-06T16:30	78.23414	15.61918	0.352	205.7
2020-06-06T16:40	78.23499	15.62060	0.324	18.8
2020-06-06T16:50	78.23398	15.61889	0.384	199.0
2020-06-06T17:00	78.23490	15.62060	0.354	20.8
2020-06-06T17:10	78.23396	15.61877	0.362	201.8
2020-06-06T17:20	78.23508	15.62089	0.429	21.2
2020-06-06T17:30	78.23416	15.61896	0.360	203.2
2020-06-06T17:40	78.23493	15.62059	0.305	23.2
2020-06-06T17:50	78.23425	15.61961	0.256	196.3
2020-06-06T18:00	78.23487	15.62112	0.248	26.4
2020-06-06T18:10	78.23487	15.62084	0.021	275.4
2020-06-06T18:20	78.23449	15.61981	0.157	208.7
2020-06-06T18:30	78.23495	15.62103	0.187	28.5
2020-06-06T18:40	78.23475	15.61996	0.107	227.1
2020-06-06T18:50	78.23457	15.61960	0.071	202.6
2020-06-06T19:00	78.23503	15.62126	0.207	36.3
2020-06-06T19:10	78.23473	15.62030	0.127	213.7
2020-06-06T19:20	78.23480	15.62019	0.026	341.9
2020-06-06T19:30	78.23490	15.62073	0.053	48.9
2020-06-06T19:40	78.23458	15.61913	0.165	225.4
2020-06-06T19:50	78.23508	15.62074	0.216	33.1
2020-06-06T20:00	78.23453	15.61962	0.214	202.6
2020-06-06T20:10	78.23524	15.62219	0.317	36.6
2020-06-06T20:20	78.23463	15.62016	0.264	214.4
2020-06-06T20:30	78.23522	15.62187	0.246	30.8
2020-06-06T20:40	78.23466	15.62032	0.230	209.6
2020-06-06T20:50	78.23521	15.62131	0.211	20.0
2020-06-06T21:00	78.23477	15.61989	0.190	213.3
2020-06-06T21:10	78.23521	15.62151	0.199	36.7
2020-06-06T21:20	78.23486	15.62064	0.142	206.4
2020-06-06T21:30	78.23521	15.62156	0.142	28.0
2020-06-06T21:40	78.23508	15.62082	0.072	228.6
2020-06-06T21:50	78.23535	15.62210	0.136	43.4
2020-06-06T22:00	78.23446	15.61975	0.365	208.2
2020-06-06T22:10	78.23536	15.62230	0.375	30.0
2020-06-06T22:20	78.23476	15.62015	0.267	216.2
2020-06-06T22:30	78.23512	15.62161	0.167	39.8
2020-06-06T22:40	78.23469	15.61968	0.209	222.8
2020-06-06T22:50	78.23469	15.61968	0.001	175.2
2020-06-06T23:00	78.23496	15.62070	0.121	38.0
2020-06-06T23:10	78.23519	15.62188	0.122	45.3
2020-06-06T23:20	78.23503	15.62132	0.072	214.3
2020-06-06T23:30	78.23542	15.62329	0.203	45.3
2020-06-06T23:40	78.23522	15.62193	0.123	234.1
2020-06-06T23:50	78.23537	15.62290	0.089	52.9
2020-06-07T00:00	78.23540	15.62319	0.023	64.7
2020-06-07T00:10	78.23533	15.62200	0.092	252.9
2020-06-07T00:20	78.23550	15.62345	0.124	59.5
2020-06-07T00:30	78.23519	15.62099	0.213	238.3
2020-06-07T00:40	78.23561	15.62409	0.274	56.5
2020-06-07T00:50	78.23527	15.62162	0.220	235.7
2020-06-07T01:00	78.23567	15.62556	0.324	63.4
2020-06-07T01:10	78.23529	15.62170	0.314	244.5
2020-06-07T01:20	78.23561	15.62479	0.254	63.4
2020-06-07T01:30	78.23509	15.62097	0.337	236.4
2020-06-07T01:40	78.23562	15.62492	0.346	56.9
2020-06-07T01:50	78.23505	15.62104	0.351	234.4
2020-06-07T02:00	78.23557	15.62436	0.308	52.3
2020-06-07T02:10	78.23501	15.62086	0.326	231.9
2020-06-07T02:20	78.23548	15.62368	0.265	51.1
2020-06-07T02:30	78.23503	15.62111	0.247	229.8
2020-06-07T02:40	78.23546	15.62374	0.247	51.5
2020-06-07T02:50	78.23484	15.62055	0.324	226.2
2020-06-07T03:00	78.23549	15.62335	0.311	41.3
2020-06-07T03:10	78.23494	15.62042	0.291	227.5
2020-06-07T03:20	78.23554	15.62369	0.322	48.1
2020-06-07T03:30	78.23483	15.61981	0.383	228.0
2020-06-07T03:40	78.23564	15.62352	0.401	42.8
2020-06-07T03:50	78.23490	15.61958	0.395	227.2
2020-06-07T04:00	78.23571	15.62315	0.394	41.7
2020-06-07T04:10	78.23503	15.61936	0.371	228.5
2020-06-07T04:20	78.23566	15.62219	0.308	42.5
2020-06-07T04:30	78.23520	15.61990	0.238	225.1
2020-06-07T04:40	78.23540	15.62085	0.102	43.2
2020-06-07T04:50	78.23532	15.62029	0.051	233.2
2020-06-07T05:00	78.23523	15.62069	0.042	134.8
2020-06-07T05:10	78.23550	15.62134	0.108	26.0
2020-06-07T05:20	78.23547	15.62115	0.018	229.6
2020-06-07T05:30	78.23571	15.62283	0.150	54.8
2020-06-07T05:40	78.23519	15.62022	0.269	225.3
2020-06-07T05:50	78.23526	15.62155	0.101	74.4
2020-06-07T06:00	78.23497	15.61899	0.216	240.5
2020-06-07T06:10	78.23589	15.62443	0.519	50.4
2020-06-07T06:20	78.23493	15.62019	0.465	222.0
2020-06-07T06:30	78.23534	15.62056	0.151	10.5
2020-06-07T06:40	78.23500	15.61949	0.143	213.3
2020-06-07T06:50	78.23528	15.61957	0.098	3.4
2020-06-07T07:00	78.23522	15.61944	0.023	205.0
2020-06-07T07:10	78.23550	15.62057	0.132	38.9
2020-06-07T07:20	78.23508	15.61827	0.227	227.9
2020-06-07T07:30	78.23540	15.61927	0.136	32.7
2020-06-07T07:40	78.23573	15.61976	0.124	16.6
2020-06-07T07:50	78.23565	15.61795	0.136	257.6
2020-06-07T08:00	78.23553	15.61649	0.115	248.5
2020-06-07T08:10	78.23605	15.61895	0.260	43.9
2020-06-07T08:20	78.23584	15.61758	0.127	232.4
2020-06-07T08:30	78.23595	15.61856	0.083	61.0
2020-06-07T08:40	78.23564	15.61714	0.152	223.3
2020-06-07T08:50	78.23580	15.61788	0.079	43.1
2020-06-07T09:00	78.23535	15.61582	0.223	222.8
2020-06-07T09:10	78.23590	15.61807	0.258	39.7
2020-06-07T09:20	78.23562	15.61779	0.102	191.6
2020-06-07T09:30	78.23561	15.61748	0.023	257.4
2020-06-07T09:40	78.23574	15.61844	0.086	54.9
2020-06-07T09:50	78.23579	15.61795	0.040	295.2
2020-06-07T10:00	78.23594	15.61889	0.087	52.9
2020-06-07T10:10	78.23599	15.61798	0.070	286.2
2020-06-07T10:20	78.23631	15.62112	0.258	63.2
2020-06-07T10:30	78.23586	15.61726	0.326	240.2
2020-06-07T10:40	78.23586	15.61774	0.035	94.8
2020-06-07T10:50	78.23593	15.61733	0.039	309.5
2020-06-07T11:00	78.23613	15.61864	0.122	52.4
2020-06-07T11:10	78.23631	15.62038	0.142	63.5
2020-06-07T11:20	78.23604	15.61853	0.167	234.5
2020-06-07T11:30	78.23636	15.61998	0.156	43.2
2020-06-07T11:40	78.23608	15.61843	0.151	229.2
2020-06-07T11:50	78.23634	15.62018	0.158	54.2
2020-06-07T12:00	78.23590	15.61790	0.231	226.5
2020-06-07T12:10	78.23632	15.61993	0.212	44.8
2020-06-07T12:20	78.23576	15.61725	0.280	224.7
2020-06-07T12:30	78.23623	15.61900	0.212	37.4
2020-06-07T12:40	78.23605	15.61872	0.066	198.0
2020-06-07T12:50	78.23626	15.61945	0.091	36.4
2020-06-07T13:00	78.23644	15.62200	0.198	70.4
2020-06-07T13:10	78.23591	15.61819	0.340	235.5
2020-06-07T13:20	78.23642	15.62232	0.354	58.9
2020-06-07T13:30	78.23616	15.61950	0.227	245.7
2020-06-07T13:40	78.23635	15.62097	0.129	57.2
2020-06-07T13:50	78.23623	15.62128	0.049	152.7
2020-06-07T14:00	78.23612	15.62006	0.098	245.8
2020-06-07T14:10	78.23634	15.62079	0.095	34.2
2020-06-07T14:20	78.23603	15.61883	0.181	232.7
2020-06-07T14:30	78.23631	15.62063	0.165	53.0
2020-06-07T14:40	78.23612	15.61944	0.111	231.9
2020-06-07T14:50	78.23586	15.61703	0.200	242.4
2020-06-07T15:00	78.23626	15.61944	0.227	51.2
2020-06-07T15:10	78.23573	15.61693	0.264	224.1
2020-06-07T15:20	78.23637	15.62064	0.357	49.6
2020-06-07T15:30	78.23585	15.61760	0.293	229.6
2020-06-07T15:40	78.23628	15.61982	0.227	45.9
2020-06-07T15:50	78.23591	15.61792	0.193	226.3
2020-06-07T16:00	78.23600	15.61796	0.030	5.6
2020-06-07T16:10	78.23602	15.61817	0.017	61.9
2020-06-07T16:20	78.23604	15.61848	0.024	73.5
2020-06-07T16:30	78.23614	15.61816	0.042	326.2
2020-06-07T16:40	78.23611	15.61861	0.034	106.4
2020-06-07T16:50	78.23626	15.61974	0.099	57.0
2020-06-07T17:00	78.23618	15.61957	0.031	203.0
2020-06-07T17:10	78.23638	15.62097	0.126	54.5
2020-06-07T17:20	78.23639	15.62170	0.053	87.8
2020-06-07T17:30	78.23639	15.62056	0.084	270.9
2020-06-07T17:40	78.23607	15.61788	0.229	239.3
2020-06-07T17:50	78.23636	15.61974	0.172	52.3
2020-06-07T18:00	78.23561	15.61621	0.375	223.6
2020-06-07T18:10	78.23644	15.61955	0.387	39.2
2020-06-07T18:20	78.23536	15.61526	0.500	219.0
2020-06-07T18:30	78.23648	15.61971	0.520	39.0
2020-06-07T18:40	78.23535	15.61554	0.511	216.9
2020-06-07T18:50	78.23653	15.61969	0.523	35.6
2020-06-07T19:00	78.23591	15.61645	0.327	226.8
2020-06-07T19:10	78.23623	15.61818	0.171	47.9
2020-06-07T19:20	78.23617	15.61814	0.022	188.2
2020-06-07T19:30	78.23609	15.61755	0.051	238.2
2020-06-07T19:40	78.23644	15.61903	0.166	40.7
2020-06-07T19:50	78.23564	15.61697	0.324	207.7
2020-06-07T20:00	78.23655	15.62059	0.420	39.2
2020-06-07T20:10	78.23544	15.61648	0.499	217.2
2020-06-07T20:20	78.23660	15.62078	0.522	37.2
2020-06-07T20:30	78.23561	15.61631	0.485	222.6
2020-06-07T20:40	78.23649	15.61924	0.384	34.1
2020-06-07T20:50	78.23582	15.61622	0.326	222.8
2020-06-07T21:00	78.23638	15.61893	0.282	44.8
2020-06-07T21:10	78.23587	15.61646	0.258	224.4
2020-06-07T21:20	78.23625	15.61776	0.167	34.7
2020-06-07T21:30	78.23638	15.61864	0.079	54.2
2020-06-07T21:40	78.23594	15.62039	0.203	140.7
2020-06-07T21:50	78.23661	15.62170	0.260	21.6
2020-06-07T22:00	78.23626	15.61842	0.272	242.1
2020-06-07T22:10	78.23658	15.62137	0.245	62.1
2020-06-07T22:20	78.23643	15.61945	0.151	249.1
2020-06-07T22:30	78.23630	15.61745	0.154	253.1
2020-06-07T22:40	78.23669	15.62183	0.351	66.3
2020-06-07T22:50	78.23588	15.61601	0.517	235.6
2020-06-07T23:00	78.23663	15.62087	0.447	53.0
2020-06-07T23:10	78.23576	15.61593	0.481	229.0
2020-06-07T23:20	78.23653	15.61934	0.374	41.9
2020-06-07T23:30	78.23580	15.61608	0.355	222.5
2020-06-07T23:40	78.23615	15.61666	0.131	19.2
2020-06-07T23:50	78.23643	15.61841	0.165	51.3
2020-06-08T00:00	78.23567	15.61639	0.311	208.6
2020-06-08T00:10	78.23650	15.61969	0.385	39.0
2020-06-08T00:20	78.23561	15.61610	0.416	219.3
2020-06-08T00:30	78.23618	15.61724	0.223	22.0
2020-06-08T00:40	78.23622	15.61725	0.015	3.5
2020-06-08T00:50	78.23539	15.61579	0.319	199.7
2020-06-08T01:00	78.23629	15.61846	0.379	31.2
2020-06-08T01:10	78.23581	15.61642	0.228	221.2
2020-06-08T01:20	78.23565	15.61709	0.077	140.9
2020-06-08T01:30	78.23624	15.61851	0.237	26.2
2020-06-08T01:40	78.23549	15.61593	0.329	215.0
2020-06-08T01:50	78.23590	15.61885	0.261	55.4
2020-06-08T02:00	78.23594	15.62050	0.121	82.9
2020-06-08T02:10	78.23630	15.62000	0.133	344.0
2020-06-08T02:20	78.23617	15.61872	0.105	243.6
2020-06-08T02:30	78.23588	15.61811	0.115	202.8
2020-06-08T02:40	78.23578	15.61948	0.106	109.2
2020-06-08T02:50	78.23576	15.61991	0.032	103.6
2020-06-08T03:00	78.23575	15.61922	0.051	266.5
2020-06-08T03:10	78.23569	15.61918	0.020	187.5
2020-06-08T03:20	78.23566	15.61961	0.034	110.2
2020-06-08T03:30	78.23563	15.61915	0.035	252.9
2020-06-08T03:40	78.23559	15.61906	0.017	203.4
2020-06-08T03:50	78.23545	15.61879	0.053	201.6
2020-06-08T04:00	78.23532	15.61819	0.066	222.6
2020-06-08T04:10	78.23528	15.61797	0.022	227.9
2020-06-08T04:20	78.23521	15.61855	0.050	120.5
2020-06-08T04:30	78.23509	15.61876	0.047	160.5
2020-06-08T04:40	78.23497	15.61877	0.042	179.3
2020-06-08T04:50	78.23496	15.61892	0.011	103.0
2020-06-08T05:00	78.23502	15.61991	0.076	73.0
2020-06-08T05:10	78.23504	15.62035	0.033	79.5
2020-06-08T05:20	78.23505	15.62057	0.016	78.7
2020-06-08T05:30	78.23505	15.62079	0.016	86.2
2020-06-08T05:40	78.23506	15.62091	0.010	63.6
2020-06-08T05:50	78.23504	15.62155	0.047	98.9
2020-06-08T06:00	78.23499	15.62194	0.034	120.9
2020-06-08T06:10	78.23493	15.62193	0.023	183.1
2020-06-08T06:20	78.23499	15.62165	0.030	318.5
2020-06-08T06:30	78.23502	15.62154	0.013	319.2
2020-06-08T06:40	78.23508	15.62213	0.048	64.3
2020-06-08T06:50	78.23521	15.62240	0.052	23.0
2020-06-08T07:00	78.23530	15.62243	0.034	2.8
2020-06-08T07:10	78.23529	15.62242	0.006	182.1
2020-06-08T07:20	78.23515	15.62298	0.064	139.8
2020-06-08T07:30	78.23515	15.62338	0.029	88.0
2020-06-08T07:40	78.23492	15.62204	0.130	228.7
2020-06-08T07:50	78.23435	15.62152	0.209	190.5
2020-06-08T08:00	78.23444	15.62159	0.034	8.2
2020-06-08T08:10	78.23449	15.62085	0.057	289.0
2020-06-08T08:20	78.23444	15.62123	0.034	125.0
2020-06-08T08:30	78.23444	15.62128	0.004	91.1
2020-06-08T08:40	78.23443	15.62054	0.054	266.0
2020-06-08T08:50	78.23439	15.62072	0.018	133.8
2020-06-08T09:00	78.23434	15.62059	0.021	206.3
2020-06-08T09:10	78.23436	15.62070	0.011	45.3
2020-06-08T09:20	78.23437	15.62074	0.003	52.7
2020-06-08T09:30	78.23471	15.62434	0.292	64.7
2020-06-08T09:40	78.23532	15.62638	0.264	34.6
2020-06-08T09:50	78.23561	15.62741	0.130	36.0
2020-06-08T10:00	78.23557	15.62753	0.016	146.0
2020-06-08T10:10	78.23568	15.62721	0.047	329.3
2020-06-08T10:20	78.23572	15.62727	0.013	20.9
2020-06-08T10:30	78.23584	15.62801	0.069	51.8
2020-06-08T10:40	78.23592	15.62798	0.031	355.8
2020-06-08T10:50	78.23595	15.62765	0.026	289.6
2020-06-08T11:00	78.23603	15.62802	0.040	43.1
2020-06-08T11:10	78.23596	15.62804	0.025	176.9
2020-06-08T11:20	78.23620	15.62677	0.127	312.6
2020-06-08T11:30	78.23625	15.62758	0.062	73.5
2020-06-08T11:40	78.23620	15.62830	0.055	108.1
2020-06-08T11:50	78.23618	15.62866	0.027	100.8
2020-06-08T12:00	78.23629	15.62748	0.095	292.8
2020-06-08T12:10	78.23618	15.62934	0.143	106.3
2020-06-08T12:20	78.23631	15.62787	0.119	295.0
2020-06-08T12:30	78.23588	15.63076	0.264	126.7
2020-06-08T12:40	78.23633	15.62804	0.257	309.1
2020-06-08T12:50	78.23625	15.62945	0.107	104.9
2020-06-08T13:00	78.23456	15.63011	0.609	175.4
2020-06-08T13:10	78.23596	15.63068	0.506	4.7
2020-06-08T13:20	78.23618	15.62993	0.096	325.3
2020-06-08T13:30	78.23592	15.63062	0.106	151.6
2020-06-08T13:40	78.23612	15.62991	0.088	323.8
2020-06-08T13:50	78.23559	15.63183	0.237	143.4
2020-06-08T14:00	78.23622	15.62927	0.292	320.0
2020-06-08T14:10	78.23549	15.63014	0.270	166.3
2020-06-08T14:20	78.23509	15.62664	0.295	240.5
2020-06-08T14:30	78.23520	15.63124	0.340	83.1
2020-06-08T14:40	78.24980	15.58224	6.368	325.7
2020-06-08T14:50	78.26584	15.47954	9.487	307.6
2020-06-08T15:00	78.26724	15.34230	10.061	272.9
2020-06-08T15:10	78.25596	15.20313	10.972	248.4
2020-06-08T15:20	78.24258	15.06562	11.175	244.5
2020-06-08T15:30	78.22935	14.92636	11.277	245.1
2020-06-08T15:40	78.21792	14.79093	10.769	247.6
2020-06-08T15:50	78.20749	14.65627	10.592	249.3
2020-06-08T16:00	78.20075	14.51427	10.730	257.0
2020-06-08T16:10	78.19417	14.37137	10.788	257.4
2020-06-08T16:20	78.18351	14.23037	11.077	249.8
2020-06-08T16:30	78.17231	14.08897	11.183	248.9
2020-06-08T16:40	78.16190	13.95244	10.754	249.7
2020-06-08T16:50	78.15139	13.82121	10.411	248.7
2020-06-08T17:00	78.14085	13.68658	10.655	249.2
2020-06-08T17:10	78.13026	13.55118	10.725	249.2
2020-06-08T17:20	78.11965	13.41509	10.781	249.3
2020-06-08T17:30	78.11209	13.27753	10.556	255.1
2020-06-08T17:40	78.11313	13.13040	10.919	272.0
2020-06-08T17:50	78.11435	12.98062	11.116	272.3
2020-06-08T18:00	78.11554	12.82943	11.219	272.3
2020-06-08T18:10	78.11670	12.67912	11.152	272.2
2020-06-08T18:20	78.11791	12.52928	11.117	272.3
2020-06-08T18:30	78.11907	12.37690	11.303	272.2
2020-06-08T18:40	78.12035	12.22213	11.482	272.4
2020-06-08T18:50	78.12160	12.06933	11.334	272.3
2020-06-08T19:00	78.12277	11.91832	11.199	272.2
2020-06-08T19:10	78.12390	11.76786	11.157	272.1
2020-06-08T19:20	78.12511	11.61435	11.382	272.3
2020-06-08T19:30	78.12634	11.45958	11.475	272.3
2020-06-08T19:40	78.12759	11.30479	11.475	272.3
2020-06-08T19:50	78.12870	11.15118	11.385	272.1
2020-06-08T20:00	78.12998	10.99931	11.257	272.4
2020-06-08T20:10	78.13070	10.87782	9.001	271.7
2020-06-08T20:20	78.13176	10.74601	9.768	272.3
2020-06-08T20:30	78.13260	10.60899	10.150	271.8
2020-06-08T20:40	78.14172	10.49076	9.346	290.6
2020-06-08T20:50	78.16772	10.44227	10.025	339.1
2020-06-08T21:00	78.19406	10.39798	10.031	341.0
2020-06-08T21:10	78.22028	10.35357	9.990	340.9
2020-06-08T21:20	78.24736	10.30820	10.303	341.2
2020-06-08T21:30	78.27454	10.26171	10.362	340.8
2020-06-08T21:40	78.30239	10.21486	10.595	341.2
2020-06-08T21:50	78.32933	10.16810	10.281	340.7
2020-06-08T22:00	78.35596	10.12327	10.130	341.2
2020-06-08T22:10	78.38262	10.07736	10.160	340.9
2020-06-08T22:20	78.41000	10.03049	10.424	341.0
2020-06-08T22:30	78.43714	9.98350	10.348	340.9
2020-06-08T22:40	78.46434	9.93695	10.351	341.1
2020-06-08T22:50	78.49185	9.88910	10.484	340.9
2020-06-08T23:00	78.51955	9.84128	10.547	341.0
2020-06-08T23:10	78.54732	9.79272	10.586	340.9
2020-06-08T23:20	78.57552	9.74388	10.736	341.1
2020-06-08T23:30	78.60374	9.69471	10.749	341.0
2020-06-08T23:40	78.63177	9.64591	10.668	341.1
2020-06-08T23:50	78.65913	9.59762	10.431	340.9
2020-06-09T00:00	78.68680	9.54899	10.537	341.0
2020-06-09T00:10	78.71478	9.49954	10.663	340.9
2020-06-09T00:20	78.74261	9.45083	10.588	341.1
2020-06-09T00:30	78.77009	9.40193	10.476	340.9
2020-06-09T00:40	78.79791	9.35269	10.592	341.0
2020-06-09T00:50	78.82580	9.30307	10.624	341.0
2020-06-09T01:00	78.85383	9.25331	10.671	341.1
2020-06-09T01:10	78.88186	9.20298	10.680	340.9
2020-06-09T01:20	78.91148	9.19809	10.668	358.2
2020-06-09T01:30	78.94091	9.19536	10.598	359.0
2020-06-09T01:40	78.97034	9.19303	10.599	359.1
2020-06-09T01:50	78.99950	9.19026	10.502	359.0
2020-06-09T02:00	79.02826	9.18805	10.355	359.2
2020-06-09T02:10	79.05729	9.18513	10.453	358.9
2020-06-09T02:20	79.08687	9.18283	10.652	359.2
2020-06-09T02:30	79.11691	9.17994	10.818	359.0
2020-06-09T02:40	79.14716	9.17748	10.894	359.1
2020-06-09T02:50	79.17804	9.17466	11.118	359.0
2020-06-09T03:00	79.20867	9.17187	11.031	359.0
2020-06-09T03:10	79.23954	9.16914	11.118	359.1
2020-06-09T03:20	79.27029	9.16643	11.072	359.1
2020-06-09T03:30	79.30061	9.16387	10.916	359.1
2020-06-09T03:40	79.33098	9.16095	10.938	359.0
2020-06-09T03:50	79.36129	9.15860	10.914	359.2
2020-06-09T04:00	79.39128	9.15596	10.798	359.1
2020-06-09T04:10	79.42147	9.15349	10.874	359.1
2020-06-09T04:20	79.45172	9.15027	10.891	358.9
2020-06-09T04:30	79.48223	9.14772	10.986	359.1
2020-06-09T04:40	79.51274	9.14513	10.987	359.1
2020-06-09T04:50	79.54258	9.14220	10.745	359.0
2020-06-09T05:00	79.57215	9.13937	10.651	359.0
2020-06-09T05:10	79.60136	9.13679	10.519	359.1
2020-06-09T05:20	79.63043	9.13397	10.466	359.0
2020-06-09T05:30	79.65929	9.13117	10.393	359.0
2020-06-09T05:40	79.68814	9.12938	10.387	359.4
2020-06-09T05:50	79.71693	9.12636	10.369	358.9
2020-06-09T06:00	79.74576	9.12365	10.382	359.0
2020-06-09T06:10	79.77458	9.12046	10.377	358.9
2020-06-09T06:20	79.80337	9.11817	10.369	359.2
2020-06-09T06:30	79.83225	9.11548	10.399	359.1
2020-06-09T06:40	79.86141	9.11276	10.502	359.1
2020-06-09T06:50	79.89028	9.11001	10.394	359.0
2020-06-09T07:00	79.91884	9.10720	10.285	359.0
2020-06-09T07:10	79.94749	9.10463	10.315	359.1
2020-06-09T07:20	79.97642	9.10170	10.419	359.0
2020-06-09T07:30	80.00547	9.09873	10.460	359.0
2020-06-09T07:40	80.03438	9.09618	10.413	359.1
2020-06-09T07:50	80.06344	9.09345	10.465	359.1
2020-06-09T08:00	80.09201	9.09073	10.287	359.1
2020-06-09T08:10	80.12092	9.08789	10.412	359.0
2020-06-09T08:20	80.15023	9.08504	10.551	359.0
2020-06-09T08:30	80.18021	9.08181	10.797	358.9
2020-06-09T08:40	80.21038	9.07870	10.866	359.0
2020-06-09T08:50	80.24051	9.07561	10.851	359.0
2020-06-09T09:00	80.27077	9.07207	10.894	358.9
2020-06-09T09:10	80.30032	9.06935	10.642	359.1
2020-06-09T09:20	80.32744	9.09315	9.873	8.4
2020-06-09T09:30	80.33694	9.24657	9.887	69.7
2020-06-09T09:40	80.33946	9.39930	9.273	84.3
2020-06-09T09:50	80.34266	9.50423	6.443	79.6
2020-06-09T10:00	80.35251	9.56891	5.274	47.7
2020-06-09T10:10	80.35496	9.64564	4.712	79.2
2020-06-09T10:20	80.35669	9.71913	4.477	82.0
2020-06-09T10:30	80.36036	9.79149	4.560	73.1
2020-06-09T10:40	80.36420	9.86967	4.911	73.6
2020-06-09T10:50	80.36816	9.95164	5.140	73.9
2020-06-09T11:00	80.37199	10.03115	4.984	73.9
2020-06-09T11:10	80.37901	10.10729	5.234	61.1
2020-06-09T11:20	80.39115	10.16166	5.456	36.8
2020-06-09T11:30	80.40357	10.24476	6.702	48.1
2020-06-09T11:40	80.41138	10.33528	6.117	62.6
2020-06-09T11:50	80.41747	10.42830	5.993	68.5
2020-06-09T12:00	80.42868	10.49871	5.836	46.2
2020-06-09T12:10	80.44095	10.57456	6.335	45.7
2020-06-09T12:20	80.45364	10.65077	6.451	44.9
2020-06-09T12:30	80.46269	10.72050	5.284	51.9
2020-06-09T12:40	80.47249	10.80195	6.004	53.9
2020-06-09T12:50	80.47927	10.86632	4.545	57.5
2020-06-09T13:00	80.49199	10.85575	4.626	352.2
2020-06-09T13:10	80.50109	10.88011	3.579	23.8
2020-06-09T13:20	80.51659	10.87938	5.584	359.6
2020-06-09T13:30	80.52908	10.86698	4.555	350.7
2020-06-09T13:40	80.53956	10.84172	4.059	338.4
2020-06-09T13:50	80.54822	10.80494	3.803	325.1
2020-06-09T14:00	80.55873	10.76699	4.398	329.4
2020-06-09T14:10	80.56961	10.76819	3.918	1.0
2020-06-09T14:20	80.57474	10.75101	2.105	331.2
2020-06-09T14:30	80.58815	10.74721	4.835	357.4
2020-06-09T14:40	80.59662	10.74106	3.069	353.2
2020-06-09T14:50	80.60585	10.77175	3.782	28.5
2020-06-09T15:00	80.61413	10.72136	4.202	315.2
2020-06-09T15:10	80.62170	10.70834	2.830	344.3
2020-06-09T15:20	80.62150	10.73231	1.408	92.8
2020-06-09T15:30	80.63033	10.74808	3.308	16.2
2020-06-09T15:40	80.64051	10.74856	3.667	0.4
2020-06-09T15:50	80.64129	10.73953	0.599	298.1
2020-06-09T16:00	80.63934	10.73637	0.727	194.7
2020-06-09T16:10	80.63872	10.73030	0.419	238.1
2020-06-09T16:20	80.64102	10.71897	1.060	321.3
2020-06-09T16:30	80.64443	10.71099	1.313	339.1
2020-06-09T16:40	80.65103	10.74437	3.076	39.4
2020-06-09T16:50	80.66080	10.77220	3.877	24.8
2020-06-09T17:00	80.66949	10.83415	4.783	49.1
2020-06-09T17:10	80.68014	10.83787	3.839	3.2
2020-06-09T17:20	80.68326	10.85499	1.502	41.6
2020-06-09T17:30	80.68438	10.85364	0.411	349.0
2020-06-09T17:40	80.68435	10.84824	0.315	267.9
2020-06-09T17:50	80.68667	10.82957	1.373	307.6
2020-06-09T18:00	80.69262	10.79120	3.096	313.8
2020-06-09T18:10	80.69606	10.78517	1.286	344.2
2020-06-09T18:20	80.70359	10.76819	2.887	340.0
2020-06-09T18:30	80.70970	10.75310	2.368	338.3
2020-06-09T18:40	80.71576	10.77235	2.451	27.1
2020-06-09T18:50	80.71543	10.77016	0.175	226.6
2020-06-09T19:00	80.71436	10.76932	0.387	187.2
2020-06-09T19:10	80.71213	10.83522	3.912	101.8
2020-06-09T19:20	80.71265	10.83709	0.216	30.2
2020-06-09T19:30	80.71489	10.88422	2.854	73.6
2020-06-09T19:40	80.72559	10.90833	4.100	19.9
2020-06-09T19:50	80.73946	10.94132	5.347	20.9
2020-06-09T20:00	80.74624	10.95848	2.637	22.1
2020-06-09T20:10	80.75407	10.96928	2.887	12.5
2020-06-09T20:20	80.76424	10.99835	4.028	24.6
2020-06-09T20:30	80.77432	10.97992	3.782	343.7
2020-06-09T20:40	80.77868	10.97179	1.640	343.4
2020-06-09T20:50	80.78989	10.96084	4.085	351.1
2020-06-09T21:00	80.78975	10.95227	0.497	264.3
2020-06-09T21:10	80.78953	10.94193	0.601	262.2
2020-06-09T21:20	80.79165	10.91925	1.514	300.3
2020-06-09T21:30	80.79211	10.90308	0.947	280.1
2020-06-09T21:40	80.79225	10.88772	0.887	273.3
2020-06-09T21:50	80.80076	10.85841	3.495	331.1
2020-06-09T22:00	80.80342	10.88831	1.970	60.8
2020-06-09T22:10	80.80824	10.94843	3.870	63.3
2020-06-09T22:20	80.81431	10.96498	2.381	23.5
2020-06-09T22:30	80.82266	10.95086	3.115	344.9
2020-06-09T22:40	80.83456	10.93036	4.443	344.7
2020-06-09T22:50	80.84637	10.91066	4.399	345.1
2020-06-09T23:00	80.85673	10.92894	3.874	15.7
2020-06-09T23:10	80.86267	10.95256	2.530	32.3
2020-06-09T23:20	80.87514	10.94194	4.531	352.3
2020-06-09T23:30	80.87711	10.93854	0.735	344.7
2020-06-09T23:40	80.88280	10.93140	2.088	348.8
2020-06-09T23:50	80.88632	10.91575	1.551	324.9
2020-06-10T00:00	80.90057	10.90333	5.181	352.2
2020-06-10T00:10	80.91177	10.91119	4.059	6.3
2020-06-10T00:20	80.91584	10.91861	1.523	16.1
2020-06-10T00:30	80.92184	10.91360	2.178	352.5
2020-06-10T00:40	80.92719	10.93723	2.349	34.8
2020-06-10T00:50	80.93196	10.96347	2.273	40.9
2020-06-10T01:00	80.93662	10.95682	1.719	347.3
2020-06-10T01:10	80.93632	10.95346	0.219	240.7
2020-06-10T01:20	80.93540	10.95155	0.350	198.0
2020-06-10T01:30	80.93525	10.94779	0.220	255.9
2020-06-10T01:40	80.93430	10.94557	0.367	200.0
2020-06-10T01:50	80.93392	10.94299	0.199	227.6
2020-06-10T02:00	80.93487	10.93735	0.469	317.0
2020-06-10T02:10	80.93300	10.93829	0.677	175.4
2020-06-10T02:20	80.93429	10.92733	0.775	306.7
2020-06-10T02:30	80.93622	10.90781	1.308	302.1
2020-06-10T02:40	80.94177	10.93151	2.410	33.9
2020-06-10T02:50	80.94012	10.92135	0.829	224.0
2020-06-10T03:00	80.94073	10.92801	0.437	59.7
2020-06-10T03:10	80.94347	10.95875	2.002	60.5
2020-06-10T03:20	80.95209	10.99889	3.849	36.2
2020-06-10T03:30	80.95136	10.99720	0.279	200.0
2020-06-10T03:40	80.95124	11.01892	1.231	92.1
2020-06-10T03:50	80.95191	11.03053	0.701	69.8
2020-06-10T04:00	80.95450	11.03317	0.945	9.1
2020-06-10T04:10	80.95889	11.01654	1.839	329.2
2020-06-10T04:20	80.95968	10.98535	1.788	279.2
2020-06-10T04:30	80.95919	10.97720	0.493	249.1
2020-06-10T04:40	80.96252	10.95050	1.929	308.4
2020-06-10T04:50	80.96713	10.94641	1.676	352.1
2020-06-10T05:00	80.96960	10.94110	0.936	341.3
2020-06-10T05:10	80.96911	10.94081	0.175	185.5
2020-06-10T05:20	80.97385	10.92332	1.972	329.9
2020-06-10T05:30	80.98000	10.91781	2.235	352.0
2020-06-10T05:40	80.97943	10.91581	0.233	208.9
2020-06-10T05:50	80.98133	10.92238	0.776	28.5
2020-06-10T06:00	80.98084	10.92038	0.210	212.4
2020-06-10T06:10	80.98131	10.92259	0.213	35.9
2020-06-10T06:20	80.98137	10.92343	0.051	66.6
2020-06-10T06:30	80.98115	10.92256	0.095	211.2
2020-06-10T06:40	80.98050	10.91930	0.296	218.5
2020-06-10T06:50	80.98157	10.92796	0.622	51.8
2020-06-10T07:00	80.98054	10.92113	0.536	226.0
2020-06-10T07:10	80.98022	10.92036	0.122	200.6
2020-06-10T07:20	80.97969	10.91816	0.226	213.2
2020-06-10T07:30	80.97935	10.91752	0.129	196.4
2020-06-10T07:40	80.97997	10.92146	0.315	44.9
2020-06-10T07:50	80.97920	10.91806	0.336	214.9
2020-06-10T08:00	80.97953	10.91817	0.119	3.2
2020-06-10T08:10	80.97882	10.91729	0.263	191.0
2020-06-10T08:20	80.98041	10.91386	0.607	341.4
2020-06-10T08:30	80.98150	10.91294	0.394	352.4
2020-06-10T08:40	80.98780	10.95198	3.162	44.2
2020-06-10T08:50	80.98842	10.96519	0.778	73.1
2020-06-10T09:00	80.98870	10.98874	1.332	85.6
2020-06-10T09:10	80.99573	10.98223	2.557	351.7
2020-06-10T09:20	81.00412	10.95471	3.393	332.8
2020-06-10T09:30	81.00678	10.94994	0.995	344.4
2020-06-10T09:40	81.00915	10.94156	0.976	331.1
2020-06-10T09:50	81.01112	10.93475	0.806	331.6
2020-06-10T10:00	81.01186	10.93151	0.324	325.7
2020-06-10T10:10	81.01915	10.93235	2.625	1.0
2020-06-10T10:20	81.03471	10.91272	5.708	348.9
2020-06-10T10:30	81.03785	10.90066	1.320	329.2
2020-06-10T10:40	81.03800	10.89761	0.179	286.9
2020-06-10T10:50	81.04759	10.92649	3.813	25.1
2020-06-10T11:00	81.05840	10.97991	4.910	37.5
2020-06-10T11:10	81.05767	10.97723	0.305	209.5
2020-06-10T11:20	81.05714	10.97501	0.225	213.5
2020-06-10T11:30	81.05661	10.97283	0.227	212.6
2020-06-10T11:40	81.05607	10.97065	0.231	212.0
2020-06-10T11:50	81.05550	10.96836	0.243	211.8
2020-06-10T12:00	81.05492	10.96601	0.245	212.6
2020-06-10T12:10	81.05430	10.96357	0.264	211.1
2020-06-10T12:20	81.05374	10.96141	0.235	211.0
2020-06-10T12:30	81.05314	10.95923	0.246	209.7
2020-06-10T12:40	81.05252	10.95691	0.259	210.1
2020-06-10T12:50	81.05192	10.95462	0.253	210.5
2020-06-10T13:00	81.05127	10.95230	0.266	209.3
2020-06-10T13:10	81.05063	10.95003	0.265	208.7
2020-06-10T13:20	81.04998	10.94770	0.267	209.2
2020-06-10T13:30	81.04932	10.94528	0.272	209.7
2020-06-10T13:40	81.04869	10.94303	0.259	209.1
2020-06-10T13:50	81.05451	10.95383	2.182	16.1
2020-06-10T14:00	81.06450	10.97522	3.789	18.4
2020-06-10T14:10	81.07758	11.00345	4.968	18.5
2020-06-10T14:20	81.07841	10.98045	1.319	283.2
2020-06-10T14:30	81.08102	10.94005	2.442	292.6
2020-06-10T14:40	81.08040	10.93790	0.252	208.5
2020-06-10T14:50	81.07979	10.93572	0.251	208.9
2020-06-10T15:00	81.08302	10.89451	2.578	296.9
2020-06-10T15:10	81.09299	10.84231	4.622	321.0
2020-06-10T15:20	81.09256	10.83986	0.205	221.6
2020-06-10T15:30	81.09200	10.83771	0.237	210.5
2020-06-10T15:40	81.09267	10.83125	0.433	303.8
2020-06-10T15:50	81.10064	10.78035	4.037	315.4
2020-06-10T16:00	81.11089	10.73893	4.350	328.0
2020-06-10T16:10	81.11492	10.73151	1.509	344.1
2020-06-10T16:20	81.12920	10.70937	5.288	346.6
2020-06-10T16:30	81.13967	10.69493	3.852	348.0
2020-06-10T16:40	81.14999	10.63159	5.112	316.7
2020-06-10T16:50	81.16260	10.56485	5.855	320.9
2020-06-10T17:00	81.16665	10.54054	1.982	317.3
2020-06-10T17:10	81.18058	10.53119	5.044	354.1
2020-06-10T17:20	81.19241	10.57662	4.941	30.5
2020-06-10T17:30	81.19886	10.60314	2.744	32.2
2020-06-10T17:40	81.19938	10.61218	0.532	69.4
2020-06-10T17:50	81.19843	10.60168	0.672	239.3
2020-06-10T18:00	81.19813	10.59745	0.257	245.3
2020-06-10T18:10	81.19815	10.59821	0.043	79.5
2020-06-10T18:20	81.19819	10.59832	0.014	24.0
2020-06-10T18:30	81.19777	10.59321	0.319	241.8
2020-06-10T18:40	81.19756	10.59033	0.176	244.4
2020-06-10T18:50	81.19767	10.59147	0.075	57.0
2020-06-10T19:00	81.19768	10.59015	0.073	272.0
2020-06-10T19:10	81.19721	10.58285	0.436	247.5
2020-06-10T19:20	81.19729	10.58182	0.062	294.4
2020-06-10T19:30	81.19733	10.57971	0.118	277.5
2020-06-10T19:40	81.19827	10.58929	0.627	57.4
2020-06-10T19:50	81.19828	10.58711	0.120	272.1
2020-06-10T20:00	81.19833	10.58487	0.125	278.8
2020-06-10T20:10	81.19736	10.57242	0.770	243.0
2020-06-10T20:20	81.20216	10.59663	2.182	37.7
2020-06-10T20:30	81.20848	10.59854	2.280	2.6
2020-06-10T20:40	81.21394	10.60088	1.968	3.7
2020-06-10T20:50	81.21709	10.56094	2.472	297.4
2020-06-10T21:00	81.21738	10.56061	0.106	350.3
2020-06-10T21:10	81.21870	10.54753	0.860	303.3
2020-06-10T21:20	81.21858	10.55031	0.159	105.7
2020-06-10T21:30	81.21990	10.54657	0.520	336.7
2020-06-10T21:40	81.23197	10.55511	4.371	6.2
2020-06-10T21:50	81.24298	10.50199	4.920	323.7
2020-06-10T22:00	81.24641	10.48072	1.696	316.6
2020-06-10T22:10	81.24824	10.46464	1.101	306.9
2020-06-10T22:20	81.24840	10.46485	0.057	11.3
2020-06-10T22:30	81.24961	10.45485	0.700	308.5
2020-06-10T22:40	81.25494	10.42354	2.574	318.3
2020-06-10T22:50	81.26481	10.38444	4.149	329.0
2020-06-10T23:00	81.26394	10.36876	0.914	249.8
2020-06-10T23:10	81.27139	10.30683	4.321	308.4
2020-06-10T23:20	81.28690	10.28490	5.711	347.9
2020-06-10T23:30	81.29932	10.25513	4.757	340.1
2020-06-10T23:40	81.30854	10.22098	3.804	330.8
2020-06-10T23:50	81.31646	10.15360	4.642	307.9
2020-06-11T00:00	81.33049	10.15473	5.053	0.7
2020-06-11T00:10	81.34370	10.16117	4.768	4.2
2020-06-11T00:20	81.34707	10.07718	4.709	285.0
2020-06-11T00:30	81.35367	10.04275	3.022	321.9
2020-06-11T00:40	81.36496	10.01230	4.385	338.0
2020-06-11T00:50	81.37816	9.99048	4.895	346.1
2020-06-11T01:00	81.38301	10.00005	1.821	16.5
2020-06-11T01:10	81.38856	10.01082	2.082	16.2
2020-06-11T01:20	81.39163	9.99256	1.480	318.3
2020-06-11T01:30	81.40065	9.95179	3.920	326.0
2020-06-11T01:40	81.40811	9.87104	5.107	301.7
2020-06-11T01:50	81.41346	9.79750	4.400	296.0
2020-06-11T02:00	81.41651	9.76331	2.140	300.8
2020-06-11T02:10	81.42630	9.76083	3.530	357.8
2020-06-11T02:20	81.42708	9.75900	0.296	340.7
2020-06-11T02:30	81.42891	9.74965	0.827	322.6
2020-06-11T02:40	81.43114	9.73359	1.180	313.1
2020-06-11T02:50	81.43654	9.68497	3.251	306.7
2020-06-11T03:00	81.44117	9.65428	2.343	315.4
2020-06-11T03:10	81.44931	9.60687	3.876	319.1
2020-06-11T03:20	81.46432	9.56085	5.941	335.5
2020-06-11T03:30	81.47849	9.53082	5.346	342.6
2020-06-11T03:40	81.48872	9.53571	3.694	4.0
2020-06-11T03:50	81.49295	9.51799	1.790	328.2
2020-06-11T04:00	81.50625	9.50197	4.865	349.9
2020-06-11T04:10	81.50792	9.47308	1.649	291.4
2020-06-11T04:20	81.50821	9.47967	0.365	73.5
2020-06-11T04:30	81.50889	9.49282	0.741	70.6
2020-06-11T04:40	81.50875	9.48640	0.345	261.9
2020-06-11T04:50	81.50952	9.50610	1.083	75.2
2020-06-11T05:00	81.50950	9.49645	0.513	269.1
2020-06-11T05:10	81.51797	9.41555	5.269	305.4
2020-06-11T05:20	81.52599	9.39248	3.137	337.0
2020-06-11T05:30	81.52723	9.39921	0.573	38.5
2020-06-11T05:40	81.53800	9.38070	4.000	345.8
2020-06-11T05:50	81.54483	9.36095	2.670	336.9
2020-06-11T06:00	81.54559	9.36966	0.537	59.1
2020-06-11T06:10	81.54576	9.37692	0.389	81.1
2020-06-11T06:20	81.55495	9.38779	3.358	9.9
2020-06-11T06:30	81.55979	9.37709	1.833	342.0
2020-06-11T06:40	81.56162	9.38288	0.727	24.9
2020-06-11T06:50	81.56245	9.38814	0.407	43.0
2020-06-11T07:00	81.56306	9.39250	0.319	46.2
2020-06-11T07:10	81.56358	9.39552	0.246	40.6
2020-06-11T07:20	81.56803	9.36352	2.328	313.5
2020-06-11T07:30	81.57724	9.31793	4.097	324.1
2020-06-11T07:40	81.58542	9.28661	3.377	330.8
2020-06-11T07:50	81.58958	9.29475	1.557	16.0
2020-06-11T08:00	81.59841	9.28682	3.209	352.5
2020-06-11T08:10	81.60042	9.27969	0.814	332.6
2020-06-11T08:20	81.60304	9.27713	0.953	351.9
2020-06-11T08:30	81.60836	9.27863	1.919	2.4
2020-06-11T08:40	81.60842	9.28064	0.108	79.4
2020-06-11T08:50	81.60899	9.29461	0.762	74.4
2020-06-11T09:00	81.61012	9.31076	0.941	64.4
2020-06-11T09:10	81.61092	9.32340	0.724	66.5
2020-06-11T09:20	81.61071	9.37730	2.832	91.5
2020-06-11T09:30	81.60965	9.41595	2.066	100.6
2020-06-11T09:40	81.61342	9.47453	3.362	66.2
2020-06-11T09:50	81.62527	9.49643	4.420	15.1
2020-06-11T10:00	81.63621	9.45895	4.401	333.5
2020-06-11T10:10	81.64053	9.42017	2.558	307.5
2020-06-11T10:20	81.64083	9.42170	0.135	36.6
2020-06-11T10:30	81.64108	9.41482	0.372	284.3
2020-06-11T10:40	81.64080	9.41195	0.182	236.0
2020-06-11T10:50	81.64012	9.39449	0.946	254.9
2020-06-11T11:00	81.63987	9.39879	0.241	111.2
2020-06-11T11:10	81.63876	9.36269	1.932	258.1
2020-06-11T11:20	81.63978	9.30261	3.166	276.6
2020-06-11T11:30	81.64650	9.23834	4.144	305.8
2020-06-11T11:40	81.64870	9.17102	3.609	282.7
2020-06-11T11:50	81.65650	9.09137	5.020	304.0
2020-06-11T12:00	81.66611	9.00969	5.493	309.1
2020-06-11T12:10	81.66648	9.00170	0.438	287.7
2020-06-11T12:20	81.66599	9.00346	0.199	152.4
2020-06-11T12:30	81.66548	9.00482	0.198	159.1
2020-06-11T12:40	81.66495	9.00598	0.199	162.2
2020-06-11T12:50	81.66438	9.00700	0.213	165.6
2020-06-11T13:00	81.67075	8.95366	3.608	309.6
2020-06-11T13:10	81.68070	8.87722	5.358	312.0
2020-06-11T13:20	81.68193	8.85924	1.036	295.3
2020-06-11T13:30	81.68964	8.85805	2.777	358.7
2020-06-11T13:40	81.68982	8.87187	0.722	84.9
2020-06-11T13:50	81.69323	8.91437	2.529	60.9
2020-06-11T14:00	81.69869	8.92157	1.999	10.8
2020-06-11T14:10	81.69992	8.93985	1.049	64.9
2020-06-11T14:20	81.69928	8.93873	0.239	194.1
2020-06-11T14:30	81.69861	8.93754	0.249	194.3
2020-06-11T14:40	81.69795	8.93611	0.248	197.5
2020-06-11T14:50	81.69884	8.94459	0.544	54.1
2020-06-11T15:00	81.70457	8.93754	2.097	349.9
2020-06-11T15:10	81.70755	8.92279	1.316	324.4
2020-06-11T15:20	81.71112	8.89652	1.875	313.3
2020-06-11T15:30	81.71482	8.91230	1.564	31.6
2020-06-11T15:40	81.72825	8.91637	4.842	2.5
2020-06-11T15:50	81.72849	8.91797	0.118	44.6
2020-06-11T16:00	81.73053	8.93524	1.158	50.6
2020-06-11T16:10	81.73617	8.94406	2.082	12.7
2020-06-11T16:20	81.73677	8.94245	0.232	339.0
2020-06-11T16:30	81.74187	8.97776	2.590	44.8
2020-06-11T16:40	81.74388	8.99606	1.192	52.5
2020-06-11T16:50	81.75273	9.01428	3.320	16.5
2020-06-11T17:00	81.75263	9.00879	0.286	263.4
2020-06-11T17:10	81.75304	8.99588	0.682	282.5
2020-06-11T17:20	81.75857	8.95461	2.915	313.1
2020-06-11T17:30	81.76585	8.86896	5.139	300.7
2020-06-11T17:40	81.76575	8.85851	0.540	265.8
2020-06-11T17:50	81.76317	8.82856	1.802	239.0
2020-06-11T18:00	81.76368	8.79872	1.550	276.8
2020-06-11T18:10	81.76705	8.74456	3.046	293.6
2020-06-11T18:20	81.77463	8.67610	4.460	307.7
2020-06-11T18:30	81.78434	8.65578	3.649	343.4
2020-06-11T18:40	81.78586	8.64835	0.667	325.0
2020-06-11T18:50	81.78729	8.68349	1.880	74.1
2020-06-11T19:00	81.78366	8.74250	3.306	113.3
2020-06-11T19:10	81.78602	8.75875	1.194	44.4
2020-06-11T19:20	81.78547	8.75182	0.408	240.8
2020-06-11T19:30	81.78574	8.75013	0.130	317.7
2020-06-11T19:40	81.78669	8.75072	0.344	5.1
2020-06-11T19:50	81.79138	8.75687	1.720	10.6
2020-06-11T20:00	81.79721	8.76298	2.121	8.5
2020-06-11T20:10	81.79995	8.75664	1.038	341.7
2020-06-11T20:20	81.80729	8.72319	3.153	327.0
2020-06-11T20:30	81.81601	8.69461	3.464	335.0
2020-06-11T20:40	81.82012	8.66775	2.020	317.1
2020-06-11T20:50	81.82238	8.65835	0.948	329.4
2020-06-11T21:00	81.82917	8.62913	2.865	328.5
2020-06-11T21:10	81.83022	8.62730	0.390	346.0
2020-06-11T21:20	81.83883	8.60302	3.340	338.2
2020-06-11T21:30	81.84662	8.55082	3.870	316.5
2020-06-11T21:40	81.84872	8.51682	1.894	293.6
2020-06-11T21:50	81.84937	8.51236	0.325	315.6
2020-06-11T22:00	81.85144	8.49665	1.094	312.9
2020-06-11T22:10	81.85106	8.49942	0.197	134.1
2020-06-11T22:20	81.85187	8.49769	0.306	343.3
2020-06-11T22:30	81.85294	8.49887	0.390	8.9
2020-06-11T22:40	81.85524	8.50537	0.890	21.8
2020-06-11T22:50	81.85534	8.50553	0.036	13.1
2020-06-11T23:00	81.86240	8.54273	3.173	36.7
2020-06-11T23:10	81.86717	8.56719	2.120	36.0
2020-06-11T23:20	81.86940	8.59437	1.601	59.8
2020-06-11T23:30	81.87194	8.60040	0.964	18.6
2020-06-11T23:40	81.87495	8.56770	1.988	303.2
2020-06-11T23:50	81.87538	8.56756	0.154	357.2
2020-06-12T00:00	81.88270	8.56257	2.646	354.5
2020-06-12T00:10	81.89450	8.53574	4.464	342.2
2020-06-12T00:20	81.89936	8.51736	1.981	331.9
2020-06-12T00:30	81.90225	8.50913	1.122	338.2
2020-06-12T00:40	81.91370	8.48211	4.345	341.6
2020-06-12T00:50	81.92492	8.43058	4.808	327.2
2020-06-12T01:00	81.93453	8.42772	3.466	357.6
2020-06-12T01:10	81.93508	8.42433	0.261	319.1
2020-06-12T01:20	81.93648	8.42231	0.512	348.5
2020-06-12T01:30	81.93904	8.42126	0.924	356.7
2020-06-12T01:40	81.94519	8.40872	2.303	344.1
2020-06-12T01:50	81.94879	8.40664	1.299	355.4
2020-06-12T02:00	81.95928	8.33874	5.097	317.9
2020-06-12T02:10	81.96145	8.32869	0.933	327.2
2020-06-12T02:20	81.96731	8.30271	2.481	328.2
2020-06-12T02:30	81.97446	8.26722	3.133	325.3
2020-06-12T02:40	81.97679	8.27763	0.989	31.9
2020-06-12T02:50	81.97982	8.28454	1.143	17.7
2020-06-12T03:00	81.98306	8.28436	1.166	359.6
2020-06-12T03:10	81.98488	8.24539	2.064	288.5
2020-06-12T03:20	81.98665	8.23880	0.718	332.6
2020-06-12T03:30	81.99127	8.23632	1.671	355.7
2020-06-12T03:40	81.99567	8.26568	2.161	42.9
2020-06-12T03:50	81.99912	8.27584	1.341	22.3
2020-06-12T04:00	82.00206	8.27386	1.064	354.6
2020-06-12T04:10	82.00245	8.27379	0.141	358.5
2020-06-12T04:20	82.00437	8.24013	1.822	292.3
2020-06-12T04:30	82.00775	8.22255	1.502	324.1
2020-06-12T04:40	82.00906	8.22612	0.506	20.7
2020-06-12T04:50	82.01416	8.23992	1.962	20.6
2020-06-12T05:00	82.01915	8.25844	2.020	27.3
2020-06-12T05:10	82.02352	8.25368	1.591	351.4
2020-06-12T05:20	82.02860	8.24573	1.871	347.7
2020-06-12T05:30	82.03210	8.25047	1.283	10.6
2020-06-12T05:40	82.03429	8.25492	0.818	15.7
2020-06-12T05:50	82.03540	8.26055	0.490	35.0
2020-06-12T06:00	82.03750	8.27117	0.924	35.0
2020-06-12T06:10	82.03764	8.27328	0.116	65.3
2020-06-12T06:20	82.03788	8.27574	0.151	54.3
2020-06-12T06:30	82.03812	8.27807	0.144	53.8
2020-06-12T06:40	82.03835	8.28033	0.139	54.1
2020-06-12T06:50	82.03847	8.28218	0.102	65.0
2020-06-12T07:00	82.04122	8.28934	1.054	19.8
2020-06-12T07:10	82.04139	8.29115	0.108	56.3
2020-06-12T07:20	82.04212	8.29173	0.266	6.3
2020-06-12T07:30	82.04617	8.26799	1.878	321.0
2020-06-12T07:40	82.05454	8.26185	3.030	354.2
2020-06-12T07:50	82.06731	8.23820	4.744	345.7
2020-06-12T08:00	82.07005	8.24914	1.126	28.9
2020-06-12T08:10	82.07751	8.27740	3.032	27.6
2020-06-12T08:20	82.08028	8.28961	1.167	31.2
2020-06-12T08:30	82.08167	8.29662	0.608	34.9
2020-06-12T08:40	82.08578	8.31481	1.732	31.4
2020-06-12T08:50	82.08609	8.31767	0.182	51.0
2020-06-12T09:00	82.08910	8.32284	1.113	13.3
2020-06-12T09:10	82.08924	8.32397	0.075	48.4
2020-06-12T09:20	82.09117	8.32465	0.695	2.8
2020-06-12T09:30	82.09144	8.32508	0.101	11.9
2020-06-12T09:40	82.09102	8.32555	0.153	171.1
2020-06-12T09:50	82.09180	8.32305	0.306	336.1
2020-06-12T10:00	82.09252	8.31810	0.355	316.4
2020-06-12T10:10	82.09293	8.31432	0.238	308.1
2020-06-12T10:20	82.09232	8.31938	0.332	130.9
2020-06-12T10:30	82.09381	8.30362	0.947	304.4
2020-06-12T10:40	82.09405	8.29716	0.331	285.3
2020-06-12T10:50	82.09415	8.29226	0.245	278.2
2020-06-12T11:00	82.09637	8.27335	1.227	310.5
2020-06-12T11:10	82.09878	8.25235	1.355	309.9
2020-06-12T11:20	82.10068	8.23378	1.145	306.6
2020-06-12T11:30	82.10705	8.18252	3.421	312.2
2020-06-12T11:40	82.11106	8.17878	1.453	352.7
2020-06-12T11:50	82.11934	8.15338	3.234	337.2
2020-06-12T12:00	82.12407	8.10780	2.822	307.2
2020-06-12T12:10	82.12434	8.08626	1.067	275.2
2020-06-12T12:20	82.12746	8.03589	2.726	294.3
2020-06-12T12:30	82.13279	7.98986	2.974	310.3
2020-06-12T12:40	82.13700	7.92745	3.428	296.3
2020-06-12T12:50	82.14088	7.91639	1.500	338.7
2020-06-12T13:00	82.14197	7.91573	0.390	355.2
2020-06-12T13:10	82.14833	7.91171	2.301	355.1
2020-06-12T13:20	82.15200	7.90287	1.391	341.8
2020-06-12T13:30	82.15564	7.89864	1.328	351.0
2020-06-12T13:40	82.16212	7.90752	2.371	10.6
2020-06-12T13:50	82.17680	7.87612	5.507	343.8
2020-06-12T14:00	82.18306	7.83005	3.190	315.0
2020-06-12T14:10	82.18275	7.82614	0.222	239.4
2020-06-12T14:20	82.18336	7.82040	0.357	308.1
2020-06-12T14:30	82.18432	7.81573	0.414	326.5
2020-06-12T14:40	82.18546	7.81334	0.426	344.1
2020-06-12T14:50	82.18616	7.81182	0.265	343.6
2020-06-12T15:00	82.18732	7.81054	0.423	351.5
2020-06-12T15:10	82.18628	7.80686	0.415	205.7
2020-06-12T15:20	82.18571	7.80357	0.262	217.9
2020-06-12T15:30	82.18537	7.80017	0.206	233.7
2020-06-12T15:40	82.18703	7.80152	0.600	6.3
2020-06-12T15:50	82.19170	7.79060	1.764	342.4
2020-06-12T16:00	82.19199	7.78833	0.154	314.1
2020-06-12T16:10	82.19679	7.80121	1.837	20.0
2020-06-12T16:20	82.20267	7.77134	2.570	325.4
2020-06-12T16:30	82.20268	7.76755	0.185	271.7
2020-06-12T16:40	82.20348	7.77614	0.508	55.7
2020-06-12T16:50	82.20559	7.79904	1.353	55.8
2020-06-12T17:00	82.20572	7.79390	0.255	280.8
2020-06-12T17:10	82.20884	7.77631	1.412	322.6
2020-06-12T17:20	82.21020	7.76771	0.647	319.6
2020-06-12T17:30	82.20954	7.76285	0.337	224.7
2020-06-12T17:40	82.20987	7.75936	0.208	305.1
2020-06-12T17:50	82.20920	7.75476	0.331	222.8
2020-06-12T18:00	82.20814	7.74886	0.477	217.1
2020-06-12T18:10	82.20825	7.74609	0.141	286.2
2020-06-12T18:20	82.20728	7.74010	0.455	220.0
2020-06-12T18:30	82.20673	7.73602	0.280	225.4
2020-06-12T18:40	82.20648	7.73333	0.160	235.1
2020-06-12T18:50	82.20620	7.73012	0.187	236.8
2020-06-12T19:00	82.20588	7.72764	0.166	226.9
2020-06-12T19:10	82.20525	7.72206	0.354	230.3
2020-06-12T19:20	82.20450	7.71468	0.451	233.1
2020-06-12T19:30	82.20426	7.71232	0.145	232.6
2020-06-12T19:40	82.20433	7.71813	0.285	84.5
2020-06-12T19:50	82.20376	7.71392	0.290	225.1
2020-06-12T20:00	82.20316	7.71073	0.267	215.8
2020-06-12T20:10	82.20243	7.70459	0.399	228.9
2020-06-12T20:20	82.20227	7.71126	0.331	100.3
2020-06-12T20:30	82.20172	7.71077	0.201	186.8
2020-06-12T20:40	82.20055	7.73437	1.227	110.0
2020-06-12T20:50	82.20222	7.75957	1.371	63.9
2020-06-12T21:00	82.20447	7.73205	1.570	301.1
2020-06-12T21:10	82.20407	7.72769	0.259	235.4
2020-06-12T21:20	82.20362	7.72046	0.387	245.8
2020-06-12T21:30	82.20317	7.71056	0.510	251.4
2020-06-12T21:40	82.20267	7.70454	0.345	238.4
2020-06-12T21:50	82.20509	7.68194	1.406	308.3
2020-06-12T22:00	82.20586	7.67421	0.468	306.2
2020-06-12T22:10	82.20946	7.66808	1.332	347.0
2020-06-12T22:20	82.21741	7.62314	3.604	322.6
2020-06-12T22:30	82.21861	7.61116	0.726	306.4
2020-06-12T22:40	82.21837	7.60636	0.249	249.9
2020-06-12T22:50	82.21843	7.60281	0.175	277.7
2020-06-12T23:00	82.21964	7.59989	0.457	341.9
2020-06-12T23:10	82.21988	7.59604	0.206	294.4
2020-06-12T23:20	82.21997	7.59257	0.173	281.7
2020-06-12T23:30	82.22078	7.58869	0.348	327.1
2020-06-12T23:40	82.22014	7.58497	0.296	217.8
2020-06-12T23:50	82.21994	7.58119	0.197	249.4
2020-06-13T00:00	82.21809	7.57768	0.688	194.4
2020-06-13T00:10	82.21880	7.57419	0.306	326.3
2020-06-13T00:20	82.21799	7.57111	0.327	207.4
2020-06-13T00:30	82.21617	7.56826	0.671	191.9
2020-06-13T00:40	82.21533	7.56491	0.345	208.2
2020-06-13T00:50	82.21705	7.56301	0.627	351.5
2020-06-13T01:00	82.21750	7.56073	0.196	325.4
2020-06-13T01:10	82.21671	7.55800	0.314	205.1
2020-06-13T01:20	82.21586	7.55548	0.330	201.9
2020-06-13T01:30	82.21501	7.55288	0.330	202.6
2020-06-13T01:40	82.21414	7.55046	0.335	200.6
2020-06-13T01:50	82.21324	7.54841	0.339	197.2
2020-06-13T02:00	82.21235	7.54659	0.334	195.5
2020-06-13T02:10	82.21146	7.54485	0.331	194.9
2020-06-13T02:20	82.21060	7.54323	0.319	194.3
2020-06-13T02:30	82.20977	7.54155	0.311	195.3
2020-06-13T02:40	82.20896	7.53998	0.302	194.6
2020-06-13T02:50	82.20815	7.53843	0.299	194.7
2020-06-13T03:00	82.20736	7.53702	0.296	193.5
2020-06-13T03:10	82.20659	7.53558	0.286	194.3
2020-06-13T03:20	82.20581	7.53411	0.288	194.4
2020-06-13T03:30	82.20494	7.53331	0.316	187.1
2020-06-13T03:40	82.20400	7.53280	0.339	184.2
2020-06-13T03:50	82.20297	7.53284	0.373	179.7
2020-06-13T04:00	82.20193	7.53306	0.373	178.3
2020-06-13T04:10	82.20088	7.53342	0.380	177.4
2020-06-13T04:20	82.19983	7.53401	0.376	175.6
2020-06-13T04:30	82.19881	7.53501	0.371	172.5
2020-06-13T04:40	82.19779	7.53617	0.371	171.2
2020-06-13T04:50	82.19678	7.53745	0.371	170.3
2020-06-13T05:00	82.19582	7.53854	0.351	171.3
2020-06-13T05:10	82.19492	7.53908	0.325	175.3
2020-06-13T05:20	82.19402	7.53984	0.324	173.5
2020-06-13T05:30	82.19312	7.54107	0.330	169.4
2020-06-13T05:40	82.19217	7.54299	0.354	164.6
2020-06-13T05:50	82.19120	7.54568	0.375	159.5
2020-06-13T06:00	82.19024	7.54845	0.370	158.6
2020-06-13T06:10	82.18932	7.55119	0.357	157.9
2020-06-13T06:20	82.18837	7.55417	0.371	156.8
2020-06-13T06:30	82.18745	7.55728	0.367	155.5
2020-06-13T06:40	82.18655	7.56022	0.353	156.0
2020-06-13T06:50	82.18564	7.56346	0.363	154.1
2020-06-13T07:00	82.18473	7.56688	0.367	152.8
2020-06-13T07:10	82.18383	7.57044	0.369	151.8
2020-06-13T07:20	82.18293	7.57416	0.372	150.7
2020-06-13T07:30	82.18204	7.57799	0.371	149.6
2020-06-13T07:40	82.18115	7.58193	0.373	148.9
2020-06-13T07:50	82.18027	7.58590	0.372	148.5
2020-06-13T08:00	82.17940	7.58994	0.372	147.9
2020-06-13T08:10	82.17852	7.59408	0.374	147.2
2020-06-13T08:20	82.17766	7.59832	0.375	146.4
2020-06-13T08:30	82.17678	7.60256	0.379	146.7
2020-06-13T08:40	82.17589	7.60680	0.381	147.0
2020-06-13T08:50	82.17500	7.61104	0.382	147.1
2020-06-13T09:00	82.17412	7.61527	0.379	146.8
2020-06-13T09:10	82.17323	7.61954	0.383	146.9
2020-06-13T09:20	82.17233	7.62381	0.385	147.1
2020-06-13T09:30	82.17142	7.62809	0.388	147.3
2020-06-13T09:40	82.17050	7.63234	0.392	147.8
2020-06-13T09:50	82.16956	7.63664	0.400	148.2
2020-06-13T10:00	82.16861	7.64090	0.400	148.5
2020-06-13T10:10	82.16764	7.64514	0.407	149.3
2020-06-13T10:20	82.16666	7.64924	0.406	150.3
2020-06-13T10:30	82.16566	7.65327	0.413	151.4
2020-06-13T10:40	82.16464	7.65724	0.415	152.0
2020-06-13T10:50	82.16359	7.66104	0.422	153.8
2020-06-13T11:00	82.16251	7.66463	0.427	155.6
2020-06-13T11:10	82.16140	7.66812	0.432	156.6
2020-06-13T11:20	82.16026	7.67142	0.441	158.5
2020-06-13T11:30	82.15911	7.67455	0.445	159.8
2020-06-13T11:40	82.15792	7.67751	0.449	161.1
2020-06-13T11:50	82.15673	7.68036	0.453	162.0
2020-06-13T12:00	82.15551	7.68307	0.458	163.1
2020-06-13T12:10	82.15428	7.68558	0.460	164.4
2020-06-13T12:20	82.15304	7.68797	0.462	165.3
2020-06-13T12:30	82.15179	7.69020	0.464	166.3
2020-06-13T12:40	82.15052	7.69239	0.470	166.8
2020-06-13T12:50	82.14922	7.69443	0.477	167.8
2020-06-13T13:00	82.14790	7.69634	0.484	168.8
2020-06-13T13:10	82.14657	7.69808	0.489	169.9
2020-06-13T13:20	82.14520	7.69962	0.497	171.2
2020-06-13T13:30	82.14382	7.70095	0.501	172.5
2020-06-13T13:40	82.14243	7.70205	0.505	173.9
2020-06-13T13:50	82.14101	7.70289	0.511	175.3
2020-06-13T14:00	82.13958	7.70344	0.517	177.0
2020-06-13T14:10	82.13813	7.70380	0.520	178.1
2020-06-13T14:20	82.13669	7.70401	0.520	178.9
2020-06-13T14:30	82.13523	7.70405	0.525	179.8
2020-06-13T14:40	82.13375	7.70385	0.532	181.0
2020-06-13T14:50	82.13226	7.70346	0.539	182.0
2020-06-13T15:00	82.13075	7.70278	0.542	183.6
2020-06-13T15:10	82.12921	7.70178	0.557	185.0
2020-06-13T15:20	82.12773	7.70068	0.537	185.8
2020-06-13T15:30	82.12622	7.69929	0.549	187.2
2020-06-13T15:40	82.12470	7.69768	0.550	188.3
2020-06-13T15:50	82.12318	7.69580	0.558	189.6
2020-06-13T16:00	82.12169	7.69381	0.543	190.4
2020-06-13T16:10	82.12019	7.69157	0.551	191.6
2020-06-13T16:20	82.11875	7.68924	0.531	192.5
2020-06-13T16:30	82.11731	7.68674	0.533	193.4
2020-06-13T16:40	82.11591	7.68398	0.523	195.1
2020-06-13T16:50	82.11457	7.68105	0.505	196.7
2020-06-13T17:00	82.11327	7.67802	0.491	197.7
2020-06-13T17:10	82.11200	7.67480	0.483	199.2
2020-06-13T17:20	82.11076	7.67146	0.475	200.3
2020-06-13T17:30	82.10958	7.66801	0.460	201.8
2020-06-13T17:40	82.10843	7.66425	0.453	204.3
2020-06-13T17:50	82.10732	7.66031	0.446	205.9
2020-06-13T18:00	82.10622	7.65684	0.432	203.4
2020-06-13T18:10	82.10511	7.65364	0.428	201.7
2020-06-13T18:20	82.10407	7.65043	0.408	202.9
2020-06-13T18:30	82.10305	7.64710	0.402	204.2
2020-06-13T18:40	82.10206	7.64393	0.388	203.8
2020-06-13T18:50	82.10110	7.64087	0.379	203.6
2020-06-13T19:00	82.10018	7.63781	0.365	204.4
2020-06-13T19:10	82.09931	7.63474	0.348	205.9
2020-06-13T19:20	82.09845	7.63192	0.337	204.5
2020-06-13T19:30	82.09764	7.62936	0.320	203.4
2020-06-13T19:40	82.09686	7.62710	0.303	201.6
2020-06-13T19:50	82.09610	7.62504	0.290	200.6
2020-06-13T20:00	82.09537	7.62320	0.277	199.1
2020-06-13T20:10	82.09469	7.62154	0.259	198.6
2020-06-13T20:20	82.09407	7.62011	0.235	197.5
2020-06-13T20:30	82.09347	7.61891	0.224	195.3
2020-06-13T20:40	82.09291	7.61787	0.208	194.3
2020-06-13T20:50	82.09236	7.61697	0.203	192.8
2020-06-13T21:00	82.09183	7.61623	0.193	191.0
2020-06-13T21:10	82.09134	7.61587	0.176	185.8
2020-06-13T21:20	82.09088	7.61566	0.169	183.5
2020-06-13T21:30	82.09042	7.61588	0.163	176.2
2020-06-13T21:40	82.08996	7.61642	0.168	170.8
2020-06-13T21:50	82.08951	7.61740	0.172	163.5
2020-06-13T22:00	82.08906	7.61886	0.177	156.0
2020-06-13T22:10	82.08862	7.62063	0.179	150.7
2020-06-13T22:20	82.08820	7.62252	0.181	148.8
2020-06-13T22:30	82.08777	7.62458	0.183	146.0
2020-06-13T22:40	82.08738	7.62685	0.182	141.8
2020-06-13T22:50	82.08698	7.62941	0.192	138.5
2020-06-13T23:00	82.08658	7.63217	0.198	136.4
2020-06-13T23:10	82.08617	7.63532	0.214	133.3
2020-06-13T23:20	82.08577	7.63848	0.213	132.6
2020-06-13T23:30	82.08537	7.64175	0.218	131.9
2020-06-13T23:40	82.08497	7.64511	0.220	130.8
2020-06-13T23:50	82.08457	7.64869	0.229	129.1
2020-06-14T00:00	82.08418	7.65222	0.224	128.7
2020-06-14T00:10	82.08378	7.65568	0.223	129.8
2020-06-14T00:20	82.08333	7.65944	0.246	130.8
2020-06-14T00:30	82.08289	7.66313	0.242	130.9
2020-06-14T00:40	82.08245	7.66687	0.244	130.7
2020-06-14T00:50	82.08199	7.67072	0.253	130.8
2020-06-14T01:00	82.08150	7.67475	0.266	131.3
2020-06-14T01:10	82.08101	7.67883	0.269	131.3
2020-06-14T01:20	82.08053	7.68295	0.268	130.3
2020-06-14T01:30	82.08004	7.68726	0.277	129.6
2020-06-14T01:40	82.07953	7.69159	0.282	130.2
2020-06-14T01:50	82.07903	7.69599	0.284	129.7
2020-06-14T02:00	82.07850	7.70046	0.291	130.4
2020-06-14T02:10	82.07797	7.70493	0.294	131.1
2020-06-14T02:20	82.07745	7.70937	0.289	130.4
2020-06-14T02:30	82.07692	7.71381	0.290	130.6
2020-06-14T02:40	82.07638	7.71827	0.294	131.1
2020-06-14T02:50	82.07585	7.72264	0.289	131.4
2020-06-14T03:00	82.07531	7.72706	0.294	131.7
2020-06-14T03:10	82.07477	7.73144	0.293	132.1
2020-06-14T03:20	82.07422	7.73572	0.289	132.8
2020-06-14T03:30	82.07368	7.74000	0.289	132.7
2020-06-14T03:40	82.07313	7.74418	0.286	133.4
2020-06-14T03:50	82.07261	7.74834	0.279	132.3
2020-06-14T04:00	82.07208	7.75247	0.279	132.6
2020-06-14T04:10	82.07154	7.75665	0.286	133.4
2020-06-14T04:20	82.07099	7.76072	0.283	134.5
2020-06-14T04:30	82.07044	7.76467	0.278	135.2
2020-06-14T04:40	82.06989	7.76854	0.275	135.7
2020-06-14T04:50	82.06934	7.77236	0.275	136.3
2020-06-14T05:00	82.06877	7.77611	0.276	137.7
2020-06-14T05:10	82.06820	7.77978	0.275	138.4
2020-06-14T05:20	82.06765	7.78346	0.270	137.4
2020-06-14T05:30	82.06711	7.78710	0.266	137.0
2020-06-14T05:40	82.06659	7.79066	0.257	136.5
2020-06-14T05:50	82.06609	7.79411	0.249	136.4
2020-06-14T06:00	82.06561	7.79735	0.237	137.2
2020-06-14T06:10	82.06513	7.80047	0.233	138.1
2020-06-14T06:20	82.06460	7.80370	0.248	139.7
2020-06-14T06:30	82.06410	7.80641	0.226	143.3
2020-06-14T06:40	82.06366	7.80861	0.191	145.0
2020-06-14T06:50	82.06324	7.81048	0.178	148.4
2020-06-14T07:00	82.06282	7.81224	0.177	150.4
2020-06-14T07:10	82.06236	7.81382	0.183	154.6
2020-06-14T07:20	82.06187	7.81510	0.187	160.1
2020-06-14T07:30	82.06134	7.81610	0.196	165.3
2020-06-14T07:40	82.06079	7.81691	0.205	168.5
2020-06-14T07:50	82.06018	7.81799	0.226	166.3
2020-06-14T08:00	82.05958	7.81893	0.222	167.8
2020-06-14T08:10	82.05904	7.81940	0.196	173.1
2020-06-14T08:20	82.05851	7.81972	0.191	175.2
2020-06-14T08:30	82.05799	7.81994	0.188	176.6
2020-06-14T08:40	82.05747	7.82001	0.185	178.9
2020-06-14T08:50	82.05696	7.81997	0.185	180.7
2020-06-14T09:00	82.05645	7.81976	0.185	183.2
2020-06-14T09:10	82.05593	7.81938	0.186	185.9
2020-06-14T09:20	82.05538	7.81892	0.200	186.5
2020-06-14T09:30	82.05476	7.81883	0.225	181.2
2020-06-14T09:40	82.05412	7.81904	0.229	177.4
2020-06-14T09:50	82.05347	7.81920	0.234	178.0
2020-06-14T10:00	82.05281	7.81955	0.237	175.7
2020-06-14T10:10	82.05214	7.81993	0.242	175.6
2020-06-14T10:20	82.05145	7.82032	0.251	175.5
2020-06-14T10:30	82.05073	7.82059	0.258	177.1
2020-06-14T10:40	82.05003	7.82047	0.255	181.3
2020-06-14T10:50	82.04931	7.82012	0.258	183.8
2020-06-14T11:00	82.04858	7.81971	0.264	184.5
2020-06-14T11:10	82.04783	7.81934	0.271	183.9
2020-06-14T11:20	82.04703	7.81902	0.287	183.2
2020-06-14T11:30	82.04620	7.81865	0.301	183.6
2020-06-14T11:40	82.04535	7.81821	0.306	184.1
2020-06-14T11:50	82.04449	7.81761	0.311	185.5
2020-06-14T12:00	82.04361	7.81682	0.321	187.0
2020-06-14T12:10	82.04269	7.81597	0.332	187.3
2020-06-14T12:20	82.04176	7.81503	0.339	187.9
2020-06-14T12:30	82.04080	7.81400	0.349	188.5
2020-06-14T12:40	82.03981	7.81285	0.359	189.1
2020-06-14T12:50	82.03880	7.81160	0.371	189.7
2020-06-14T13:00	82.03776	7.81020	0.381	190.6
2020-06-14T13:10	82.03669	7.80869	0.391	191.1
2020-06-14T13:20	82.03559	7.80713	0.403	191.1
2020-06-14T13:30	82.03446	7.80540	0.417	192.0
2020-06-14T13:40	82.03330	7.80356	0.426	192.4
2020-06-14T13:50	82.03212	7.80150	0.437	193.7
2020-06-14T14:00	82.03091	7.79916	0.452	195.0
2020-06-14T14:10	82.02968	7.79666	0.461	195.6
2020-06-14T14:20	82.02842	7.79387	0.475	197.1
2020-06-14T14:30	82.02713	7.79072	0.489	198.8
2020-06-14T14:40	82.02583	7.78711	0.504	200.9
2020-06-14T14:50	82.02452	7.78335	0.507	201.7
2020-06-14T15:00	82.02321	7.77938	0.512	202.8
2020-06-14T15:10	82.02190	7.77506	0.519	204.6
2020-06-14T15:20	82.02059	7.77046	0.524	206.0
2020-06-14T15:30	82.01929	7.76564	0.525	207.4
2020-06-14T15:40	82.01800	7.76073	0.527	207.7
2020-06-14T15:50	82.01597	7.75594	0.768	198.2
2020-06-14T16:00	82.01483	7.75117	0.477	210.1
2020-06-14T16:10	82.01548	7.74517	0.382	308.3
2020-06-14T16:20	82.01360	7.74092	0.711	197.4
2020-06-14T16:30	82.01406	7.73718	0.249	311.4
2020-06-14T16:40	82.01590	7.73975	0.677	10.9
2020-06-14T16:50	82.01982	7.75647	1.640	30.6
2020-06-14T17:00	82.02285	7.76821	1.237	28.3
2020-06-14T17:10	82.02461	7.77153	0.655	14.6
2020-06-14T17:20	82.02368	7.76700	0.402	214.2
2020-06-14T17:30	82.02268	7.76225	0.433	213.3
2020-06-14T17:40	82.02174	7.75768	0.408	214.0
2020-06-14T17:50	82.02071	7.75276	0.444	213.7
2020-06-14T18:00	82.02018	7.74759	0.322	233.4
2020-06-14T18:10	82.01915	7.74255	0.448	214.3
2020-06-14T18:20	82.01813	7.73767	0.443	213.5
2020-06-14T18:30	82.01951	7.73376	0.537	338.7
2020-06-14T18:40	82.01804	7.72882	0.586	204.9
2020-06-14T18:50	82.01683	7.72408	0.496	208.6
2020-06-14T19:00	82.01637	7.71984	0.269	232.2
2020-06-14T19:10	82.01556	7.71561	0.361	216.0
2020-06-14T19:20	82.01570	7.71415	0.088	303.7
2020-06-14T19:30	82.01497	7.71075	0.312	213.0
2020-06-14T19:40	82.01404	7.70669	0.391	211.3
2020-06-14T19:50	82.01243	7.70124	0.639	205.2
2020-06-14T20:00	82.01184	7.69831	0.257	214.7
2020-06-14T20:10	82.01198	7.69692	0.084	304.4
2020-06-14T20:20	82.01071	7.69184	0.523	209.0
2020-06-14T20:30	82.01024	7.68890	0.223	221.5
2020-06-14T20:40	82.00986	7.68638	0.186	222.4
2020-06-14T20:50	82.00920	7.68214	0.319	221.8
2020-06-14T21:00	82.00953	7.68577	0.216	57.3
2020-06-14T21:10	82.00877	7.68107	0.359	220.9
2020-06-14T21:20	82.00880	7.68842	0.368	88.4
2020-06-14T21:30	82.00849	7.70008	0.594	100.9
2020-06-14T21:40	82.01011	7.73029	1.621	68.9
2020-06-14T21:50	82.01035	7.73278	0.150	55.9
2020-06-14T22:00	82.01104	7.73765	0.349	44.4
2020-06-14T22:10	82.01039	7.73559	0.256	203.8
2020-06-14T22:20	82.01058	7.73989	0.226	72.3
2020-06-14T22:30	82.01125	7.74837	0.488	60.5
2020-06-14T22:40	82.01121	7.75093	0.129	96.8
2020-06-14T22:50	82.01120	7.75493	0.200	90.6
2020-06-14T23:00	82.01117	7.75878	0.193	92.7
2020-06-14T23:10	82.01095	7.76094	0.136	126.9
2020-06-14T23:20	82.01112	7.76716	0.318	78.5
2020-06-14T23:30	82.01159	7.78522	0.919	79.5
2020-06-14T23:40	82.01143	7.79463	0.474	96.7
2020-06-14T23:50	82.01099	7.80596	0.589	105.8
2020-06-15T00:00	82.01063	7.83180	1.299	95.8
2020-06-15T00:10	82.01039	7.84263	0.549	99.0
2020-06-15T00:20	82.01011	7.85230	0.494	101.5
2020-06-15T00:30	82.00972	7.85653	0.254	123.8
2020-06-15T00:40	82.00918	7.85543	0.200	195.9
2020-06-15T00:50	82.00851	7.88128	1.316	100.6
2020-06-15T01:00	82.00734	7.91132	1.563	105.7
2020-06-15T01:10	82.00638	7.92819	0.913	112.3
2020-06-15T01:20	82.00518	7.94752	1.058	113.9
2020-06-15T01:30	82.00478	7.94741	0.146	182.2
2020-06-15T01:40	82.00397	7.95703	0.562	121.0
2020-06-15T01:50	82.00336	7.96284	0.365	127.2
2020-06-15T02:00	82.00279	7.96599	0.259	142.5
2020-06-15T02:10	82.00212	7.96984	0.309	141.3
2020-06-15T02:20	82.00118	7.97880	0.562	126.9
2020-06-15T02:30	82.00094	7.97477	0.221	246.3
2020-06-15T02:40	81.99959	7.99447	1.100	116.1
2020-06-15T02:50	81.99907	7.99092	0.258	223.7
2020-06-15T03:00	81.99827	8.00584	0.802	111.2
2020-06-15T03:10	81.99771	7.99654	0.508	246.7
2020-06-15T03:20	81.99689	8.00811	0.651	117.0
2020-06-15T03:30	81.99645	8.01601	0.426	111.7
2020-06-15T03:40	81.99559	8.01803	0.325	161.9
2020-06-15T03:50	81.99517	8.02574	0.416	111.5
2020-06-15T04:00	81.99479	8.03273	0.375	111.1
2020-06-15T04:10	81.99471	8.04037	0.384	94.4
2020-06-15T04:20	81.99461	8.04588	0.279	97.6
2020-06-15T04:30	81.99473	8.04993	0.208	78.0
2020-06-15T04:40	81.99362	8.05208	0.413	164.9
2020-06-15T04:50	81.99404	8.05369	0.170	28.4
2020-06-15T05:00	81.99406	8.05409	0.022	65.2
2020-06-15T05:10	81.99258	8.05893	0.587	155.6
2020-06-15T05:20	81.99475	8.05105	0.876	333.2
2020-06-15T05:30	81.99653	8.02286	1.552	294.4
2020-06-15T05:40	81.99618	8.02227	0.129	193.4
2020-06-15T05:50	81.99506	8.02787	0.491	145.1
2020-06-15T06:00	81.99392	8.03313	0.488	147.3
2020-06-15T06:10	81.99346	8.03421	0.177	162.0
2020-06-15T06:20	81.99273	8.03658	0.287	155.6
2020-06-15T06:30	81.99239	8.03632	0.123	186.1
2020-06-15T06:40	81.99705	8.01857	1.898	332.1
2020-06-15T06:50	81.99630	8.02158	0.310	150.9
2020-06-15T07:00	81.99616	8.01929	0.124	247.5
2020-06-15T07:10	81.99589	8.01797	0.119	213.8
2020-06-15T07:20	81.99593	8.01504	0.147	275.8
2020-06-15T07:30	81.99532	8.01727	0.246	153.1
2020-06-15T07:40	81.99547	8.01749	0.057	11.1
2020-06-15T07:50	81.99452	8.02142	0.396	150.1
2020-06-15T08:00	81.99385	8.02480	0.294	144.8
2020-06-15T08:10	81.99293	8.02859	0.383	150.3
2020-06-15T08:20	81.99296	8.03105	0.124	84.5
2020-06-15T08:30	81.99499	8.04087	0.882	33.9
2020-06-15T08:40	81.99796	8.06814	1.735	52.0
2020-06-15T08:50	81.99691	8.07190	0.423	153.5
2020-06-15T09:00	81.99855	8.08617	0.927	50.5
2020-06-15T09:10	81.99869	8.09525	0.458	83.6
2020-06-15T09:20	81.99985	8.12005	1.311	71.4
2020-06-15T09:30	82.00118	8.15066	1.607	72.6
2020-06-15T09:40	82.00303	8.15954	0.802	33.7
2020-06-15T09:50	82.00163	8.16217	0.522	165.4
2020-06-15T10:00	82.00088	8.16423	0.288	159.0
2020-06-15T10:10	82.00072	8.16830	0.212	105.9
2020-06-15T10:20	82.00084	8.17196	0.189	76.6
2020-06-15T10:30	82.00073	8.17435	0.126	108.4
2020-06-15T10:40	81.99985	8.17675	0.340	159.3
2020-06-15T10:50	82.00052	8.17523	0.254	342.6
2020-06-15T11:00	81.99949	8.17744	0.388	163.4
2020-06-15T11:10	81.99923	8.17779	0.095	169.6
2020-06-15T11:20	81.99778	8.18075	0.544	164.1
2020-06-15T11:30	81.99829	8.17784	0.234	321.6
2020-06-15T11:40	82.00450	8.18008	2.240	2.9
2020-06-15T11:50	82.01017	8.21221	2.600	38.2
2020-06-15T12:00	82.01327	8.22999	1.426	38.6
2020-06-15T12:10	82.01188	8.23126	0.502	172.7
2020-06-15T12:20	82.01607	8.25132	1.810	33.6
2020-06-15T12:30	82.02664	8.24486	3.819	355.2
2020-06-15T12:40	82.03769	8.22059	4.160	343.1
2020-06-15T12:50	82.04980	8.19760	4.506	345.3
2020-06-15T13:00	82.06309	8.17993	4.866	349.6
2020-06-15T13:10	82.07453	8.17956	4.121	359.7
2020-06-15T13:20	82.08409	8.17529	3.448	356.5
2020-06-15T13:30	82.09304	8.17069	3.229	356.0
2020-06-15T13:40	82.10107	8.14716	3.118	338.1
2020-06-15T13:50	82.09893	8.14665	0.772	181.9
2020-06-15T14:00	82.10283	8.14685	1.403	0.4
2020-06-15T14:10	82.10602	8.19294	2.553	63.2
2020-06-15T14:20	82.10373	8.18816	0.857	196.0
2020-06-15T14:30	82.10157	8.18190	0.838	201.7
2020-06-15T14:40	82.10734	8.20107	2.283	24.5
2020-06-15T14:50	82.11342	8.22418	2.469	27.5
2020-06-15T15:00	82.11849	8.25777	2.466	42.3
2020-06-15T15:10	82.12555	8.34399	4.956	59.1
2020-06-15T15:20	82.13458	8.35191	3.275	6.8
2020-06-15T15:30	82.14268	8.35112	2.917	359.2
2020-06-15T15:40	82.15311	8.38325	4.074	22.8
2020-06-15T15:50	82.16337	8.41671	4.045	24.0
2020-06-15T16:00	82.16809	8.41708	1.698	0.6
2020-06-15T16:10	82.17072	8.41366	0.962	349.9
2020-06-15T16:20	82.17093	8.41175	0.120	308.7
2020-06-15T16:30	82.17083	8.41372	0.103	111.0
2020-06-15T16:40	82.17791	8.45700	3.317	39.7
2020-06-15T16:50	82.17742	8.49457	1.849	95.5
2020-06-15T17:00	82.17867	8.51950	1.303	69.7
2020-06-15T17:10	82.18471	8.54362	2.475	28.5
2020-06-15T17:20	82.18468	8.53901	0.226	267.0
2020-06-15T17:30	82.19072	8.52792	2.242	346.0
2020-06-15T17:40	82.20003	8.47464	4.245	322.2
2020-06-15T17:50	82.19997	8.46707	0.371	266.6
2020-06-15T18:00	82.20635	8.41371	3.474	311.4
2020-06-15T18:10	82.20767	8.39743	0.926	300.9
2020-06-15T18:20	82.20760	8.38158	0.774	268.1
2020-06-15T18:30	82.20997	8.33475	2.440	290.5
2020-06-15T18:40	82.21325	8.29351	2.334	300.5
2020-06-15T18:50	82.21648	8.26095	1.967	306.2
2020-06-15T19:00	82.21986	8.21298	2.637	297.5
2020-06-15T19:10	82.21862	8.21003	0.471	197.8
2020-06-15T19:20	82.21817	8.20063	0.485	250.7
2020-06-15T19:30	82.21720	8.19726	0.387	205.1
2020-06-15T19:40	82.21565	8.19891	0.564	171.8
2020-06-15T19:50	82.21517	8.19271	0.349	240.2
2020-06-15T20:00	82.21443	8.18827	0.342	219.2
2020-06-15T20:10	82.21369	8.18520	0.306	209.3
2020-06-15T20:20	82.21255	8.18427	0.414	186.3
2020-06-15T20:30	82.21097	8.18644	0.576	169.4
2020-06-15T20:40	82.21021	8.18504	0.282	194.0
2020-06-15T20:50	82.20879	8.18643	0.518	172.5
2020-06-15T21:00	82.20841	8.18433	0.168	217.5
2020-06-15T21:10	82.20816	8.18109	0.183	240.1
2020-06-15T21:20	82.20662	8.18344	0.568	168.4
2020-06-15T21:30	82.20728	8.17646	0.417	305.2
2020-06-15T21:40	82.20965	8.19298	1.173	43.5
2020-06-15T21:50	82.20865	8.19902	0.464	140.5
2020-06-15T22:00	82.20766	8.20156	0.378	160.9
2020-06-15T22:10	82.20676	8.20555	0.380	149.1
2020-06-15T22:20	82.20563	8.20457	0.409	186.7
2020-06-15T22:30	82.20469	8.20798	0.376	153.8
2020-06-15T22:40	82.20356	8.20651	0.415	190.0
2020-06-15T22:50	82.20255	8.20838	0.375	165.9
2020-06-15T23:00	82.20166	8.21310	0.394	144.2
2020-06-15T23:10	82.20066	8.21465	0.368	168.1
2020-06-15T23:20	82.19976	8.21946	0.400	144.0
2020-06-15T23:30	82.19875	8.22167	0.379	163.4
2020-06-15T23:40	82.19773	8.22459	0.391	158.6
2020-06-15T23:50	82.19651	8.22097	0.474	201.9
2020-06-16T00:00	82.19567	8.23015	0.541	123.9
2020-06-16T00:10	82.19443	8.22674	0.478	200.4
2020-06-16T00:20	82.19353	8.23437	0.493	130.9
2020-06-16T00:30	82.19230	8.23293	0.450	189.0
2020-06-16T00:40	82.19143	8.24083	0.497	128.9
2020-06-16T00:50	82.19021	8.23982	0.442	186.4
2020-06-16T01:00	82.18919	8.24285	0.396	158.1
2020-06-16T01:10	82.18830	8.24872	0.431	138.2
2020-06-16T01:20	82.18684	8.24421	0.570	202.8
2020-06-16T01:30	82.18609	8.25275	0.498	122.9
2020-06-16T01:40	82.18497	8.25518	0.420	163.5
2020-06-16T01:50	82.18362	8.25244	0.503	195.5
2020-06-16T02:00	82.18236	8.25403	0.459	170.3
2020-06-16T02:10	82.18171	8.26405	0.545	115.7
2020-06-16T02:20	82.18036	8.25873	0.553	208.1
2020-06-16T02:30	82.17940	8.26891	0.607	124.7
2020-06-16T02:40	82.17808	8.27677	0.611	141.0
2020-06-16T02:50	82.17690	8.28094	0.472	154.3
2020-06-16T03:00	82.17558	8.30463	1.254	112.2
2020-06-16T03:10	82.17489	8.31631	0.624	113.5
2020-06-16T03:20	82.17457	8.32448	0.416	105.6
2020-06-16T03:30	82.17485	8.32046	0.220	296.4
2020-06-16T03:40	82.17678	8.31911	0.701	354.6
2020-06-16T03:50	82.18544	8.30219	3.224	345.1
2020-06-16T04:00	82.19562	8.24731	4.544	323.8
2020-06-16T04:10	82.19965	8.23808	1.521	342.8
2020-06-16T04:20	82.20686	8.21911	2.754	340.3
2020-06-16T04:30	82.21398	8.17540	3.335	320.3
2020-06-16T04:40	82.22119	8.17350	2.600	358.0
2020-06-16T04:50	82.21889	8.17667	0.843	169.4
2020-06-16T05:00	82.22065	8.18002	0.653	14.5
2020-06-16T05:10	82.22056	8.18575	0.281	96.6
2020-06-16T05:20	82.22303	8.20399	1.258	44.9
2020-06-16T05:30	82.22129	8.20194	0.637	189.0
2020-06-16T05:40	82.22088	8.20819	0.338	115.9
2020-06-16T05:50	82.22661	8.25576	3.103	48.3
2020-06-16T06:00	82.22656	8.29430	1.877	90.5
2020-06-16T06:10	82.22748	8.30588	0.653	59.7
2020-06-16T06:20	82.23047	8.27290	1.934	303.9
2020-06-16T06:30	82.22965	8.27449	0.306	165.4
2020-06-16T06:40	82.22845	8.27866	0.477	154.8
2020-06-16T06:50	82.22861	8.28365	0.250	76.6
2020-06-16T07:00	82.22730	8.28823	0.522	154.7
2020-06-16T07:10	82.22641	8.28998	0.333	165.2
2020-06-16T07:20	82.22527	8.29300	0.435	160.2
2020-06-16T07:30	82.22411	8.29515	0.432	165.9
2020-06-16T07:40	82.22262	8.29641	0.539	173.5
2020-06-16T07:50	82.22165	8.29911	0.371	159.3
2020-06-16T08:00	82.22039	8.30057	0.459	171.0
2020-06-16T08:10	82.21991	8.30191	0.185	159.4
2020-06-16T08:20	82.21914	8.30391	0.294	160.7
2020-06-16T08:30	82.21809	8.30486	0.381	173.1
2020-06-16T08:40	82.21716	8.30649	0.345	166.7
2020-06-16T08:50	82.21617	8.30880	0.374	162.4
2020-06-16T09:00	82.21501	8.31136	0.433	163.3
2020-06-16T09:10	82.21436	8.31104	0.237	183.8
2020-06-16T09:20	82.21325	8.31415	0.427	159.2
2020-06-16T09:30	82.21152	8.31697	0.636	167.5
2020-06-16T09:40	82.21046	8.31558	0.386	190.1
2020-06-16T09:50	82.20928	8.31791	0.440	165.0
2020-06-16T10:00	82.20843	8.31972	0.320	164.0
2020-06-16T10:10	82.20774	8.31920	0.250	185.8
2020-06-16T10:20	82.20655	8.31871	0.431	183.2
2020-06-16T10:30	82.20526	8.31734	0.467	188.3
2020-06-16T10:40	82.20381	8.31970	0.536	167.6
2020-06-16T10:50	82.20285	8.31628	0.385	205.7
2020-06-16T11:00	82.20165	8.31755	0.434	171.8
2020-06-16T11:10	82.20055	8.31642	0.399	187.9
2020-06-16T11:20	82.19939	8.31665	0.419	178.5
2020-06-16T11:30	82.19814	8.31719	0.452	176.7
2020-06-16T11:40	82.19720	8.31417	0.368	203.7
2020-06-16T11:50	82.19543	8.31677	0.651	168.7
2020-06-16T12:00	82.19438	8.31394	0.401	200.2
2020-06-16T12:10	82.19304	8.31455	0.486	176.5
2020-06-16T12:20	82.19202	8.31212	0.385	198.0
2020-06-16T12:30	82.19114	8.31256	0.316	176.0
2020-06-16T12:40	82.18979	8.31151	0.490	186.1
2020-06-16T12:50	82.18854	8.31079	0.452	184.5
2020-06-16T13:00	82.18663	8.30678	0.716	195.9
2020-06-16T13:10	82.18498	8.30633	0.592	182.1
2020-06-16T13:20	82.18403	8.30552	0.347	186.6
2020-06-16T13:30	82.18293	8.31035	0.460	149.1
2020-06-16T13:40	82.18445	8.30416	0.624	330.9
2020-06-16T13:50	82.18647	8.29167	0.952	320.0
2020-06-16T14:00	82.18570	8.28788	0.334	213.7
2020-06-16T14:10	82.18324	8.29703	0.993	153.2
2020-06-16T14:20	82.18556	8.30393	0.900	22.0
2020-06-16T14:30	82.19389	8.35639	3.948	40.5
2020-06-16T14:40	82.19282	8.35355	0.409	199.8
2020-06-16T14:50	82.19177	8.35077	0.404	199.6
2020-06-16T15:00	82.19069	8.34731	0.423	203.6
2020-06-16T15:10	82.18964	8.34401	0.409	203.2
2020-06-16T15:20	82.18860	8.34052	0.414	204.4
2020-06-16T15:30	82.18757	8.33676	0.415	206.3
2020-06-16T15:40	82.18657	8.33278	0.407	208.6
2020-06-16T15:50	82.18561	8.32871	0.400	209.8
2020-06-16T16:00	82.18464	8.32463	0.401	209.9
2020-06-16T16:10	82.18368	8.32033	0.405	211.3
2020-06-16T16:20	82.18274	8.31591	0.401	212.7
2020-06-16T16:30	82.18182	8.31130	0.403	214.1
2020-06-16T16:40	82.18092	8.30665	0.395	215.2
2020-06-16T16:50	82.18005	8.30186	0.390	216.9
2020-06-16T17:00	82.17918	8.29716	0.388	216.4
2020-06-16T17:10	82.17826	8.29307	0.390	211.0
2020-06-16T17:20	82.17736	8.28892	0.381	212.2
2020-06-16T17:30	82.17652	8.28467	0.366	214.7
2020-06-16T17:40	82.17575	8.28036	0.351	217.0
2020-06-16T17:50	82.17495	8.27623	0.351	215.2
2020-06-16T18:00	82.17417	8.27228	0.341	214.7
2020-06-16T18:10	82.17340	8.26840	0.335	214.5
2020-06-16T18:20	82.17265	8.26452	0.333	214.9
2020-06-16T18:30	82.17190	8.26075	0.325	214.7
2020-06-16T18:40	82.17107	8.25672	0.358	213.5
2020-06-16T18:50	82.17033	8.25282	0.329	215.5
2020-06-16T19:00	82.16972	8.24867	0.301	222.6
2020-06-16T19:10	82.16915	8.24480	0.278	223.2
2020-06-16T19:20	82.16863	8.24121	0.259	222.8
2020-06-16T19:30	82.16813	8.23806	0.235	221.2
2020-06-16T19:40	82.16767	8.23517	0.218	220.5
2020-06-16T19:50	82.16721	8.23284	0.203	214.4
2020-06-16T20:00	82.16675	8.23117	0.185	206.2
2020-06-16T20:10	82.16630	8.22979	0.173	203.0
2020-06-16T20:20	82.16590	8.22870	0.155	200.2
2020-06-16T20:30	82.16553	8.22788	0.139	196.9
2020-06-16T20:40	82.16517	8.22726	0.132	193.2
2020-06-16T20:50	82.16484	8.22695	0.122	187.2
2020-06-16T21:00	82.16454	8.22707	0.108	177.0
2020-06-16T21:10	82.16425	8.22753	0.108	167.8
2020-06-16T21:20	82.16399	8.22834	0.102	157.1
2020-06-16T21:30	82.16373	8.22947	0.106	148.4
2020-06-16T21:40	82.16348	8.23091	0.115	142.1
2020-06-16T21:50	82.16328	8.23218	0.096	139.4
2020-06-16T22:00	82.16311	8.23349	0.089	133.7
2020-06-16T22:10	82.16290	8.23528	0.116	130.8
2020-06-16T22:20	82.16272	8.23731	0.118	122.8
2020-06-16T22:30	82.16257	8.23972	0.130	114.5
2020-06-16T22:40	82.16241	8.24228	0.138	114.5
2020-06-16T22:50	82.16228	8.24488	0.137	110.8
2020-06-16T23:00	82.16214	8.24768	0.146	109.5
2020-06-16T23:10	82.16201	8.25060	0.151	108.2
2020-06-16T23:20	82.16188	8.25368	0.159	107.6
2020-06-16T23:30	82.16175	8.25690	0.165	106.4
2020-06-16T23:40	82.16162	8.26022	0.170	106.3
2020-06-16T23:50	82.16148	8.26364	0.175	106.8
2020-06-17T00:00	82.16134	8.26715	0.179	105.8
2020-06-17T00:10	82.16120	8.27078	0.185	105.4
2020-06-17T00:20	82.16106	8.27434	0.182	106.6
2020-06-17T00:30	82.16090	8.27807	0.192	107.7
2020-06-17T00:40	82.16072	8.28187	0.197	108.5
2020-06-17T00:50	82.16053	8.28574	0.202	109.9
2020-06-17T01:00	82.16033	8.28966	0.206	110.7
2020-06-17T01:10	82.16012	8.29363	0.209	111.2
2020-06-17T01:20	82.15989	8.29766	0.214	112.4
2020-06-17T01:30	82.15966	8.30174	0.218	113.0
2020-06-17T01:40	82.15941	8.30591	0.223	113.6
2020-06-17T01:50	82.15915	8.31019	0.231	114.3
2020-06-17T02:00	82.15887	8.31458	0.237	114.6
2020-06-17T02:10	82.15859	8.31906	0.243	114.8
2020-06-17T02:20	82.15829	8.32359	0.248	116.0
2020-06-17T02:30	82.15797	8.32812	0.251	117.5
2020-06-17T02:40	82.15764	8.33273	0.255	117.5
2020-06-17T02:50	82.15730	8.33749	0.264	117.5
2020-06-17T03:00	82.15695	8.34226	0.266	118.6
2020-06-17T03:10	82.15656	8.34692	0.268	121.1
2020-06-17T03:20	82.15616	8.35167	0.275	122.0
2020-06-17T03:30	82.15574	8.35646	0.279	122.6
2020-06-17T03:40	82.15527	8.36141	0.296	124.7
2020-06-17T03:50	82.15482	8.36667	0.305	122.1
2020-06-17T04:00	82.15438	8.37211	0.311	120.6
2020-06-17T04:10	82.15392	8.37781	0.325	120.6
2020-06-17T04:20	82.15344	8.38352	0.331	121.8
2020-06-17T04:30	82.15298	8.38923	0.326	120.6
2020-06-17T04:40	82.15248	8.39501	0.337	122.5
2020-06-17T04:50	82.15197	8.40067	0.333	123.2
2020-06-17T05:00	82.15143	8.40608	0.330	126.4
2020-06-17T05:10	82.16022	8.41621	3.206	8.9
2020-06-17T05:20	82.16304	8.34132	3.814	285.4
2020-06-17T05:30	82.17150	8.35902	3.169	15.9
2020-06-17T05:40	82.17217	8.37916	1.017	76.3
2020-06-17T05:50	82.17151	8.38525	0.381	128.6
2020-06-17T06:00	82.17188	8.40254	0.858	81.1
2020-06-17T06:10	82.17192	8.41182	0.455	87.9
2020-06-17T06:20	82.17125	8.41781	0.380	129.3
2020-06-17T06:30	82.17054	8.42354	0.382	132.6
2020-06-17T06:40	82.16979	8.42928	0.389	133.6
2020-06-17T06:50	82.16906	8.43488	0.381	133.8
2020-06-17T07:00	82.16829	8.44033	0.384	135.8
2020-06-17T07:10	82.16751	8.44554	0.381	137.9
2020-06-17T07:20	82.16673	8.45063	0.377	138.5
2020-06-17T07:30	82.16593	8.45559	0.375	139.6
2020-06-17T07:40	82.16514	8.46044	0.372	140.2
2020-06-17T07:50	82.16435	8.46518	0.366	140.6
2020-06-17T08:00	82.16357	8.46970	0.360	141.8
2020-06-17T08:10	82.16275	8.47404	0.361	143.9
2020-06-17T08:20	82.16193	8.47824	0.361	145.2
2020-06-17T08:30	82.16111	8.48227	0.356	146.1
2020-06-17T08:40	82.16030	8.48610	0.346	147.1
2020-06-17T08:50	82.15951	8.48970	0.337	148.3
2020-06-17T09:00	82.15873	8.49314	0.327	148.8
2020-06-17T09:10	82.15797	8.49643	0.318	149.5
2020-06-17T09:20	82.15721	8.49947	0.311	151.3
2020-06-17T09:30	82.15647	8.50238	0.305	152.0
2020-06-17T09:40	82.15570	8.50508	0.306	154.3
2020-06-17T09:50	82.15490	8.50759	0.311	156.7
2020-06-17T10:00	82.15412	8.50986	0.304	158.5
2020-06-17T10:10	82.15332	8.51195	0.305	160.3
2020-06-17T10:20	82.15254	8.51386	0.296	161.5
2020-06-17T10:30	82.15176	8.51553	0.295	163.8
2020-06-17T10:40	82.15098	8.51702	0.291	165.4
2020-06-17T10:50	82.15019	8.51828	0.289	167.7
2020-06-17T11:00	82.14939	8.51926	0.293	170.5
2020-06-17T11:10	82.14857	8.51996	0.298	173.4
2020-06-17T11:20	82.14775	8.52055	0.296	174.4
2020-06-17T11:30	82.14693	8.52089	0.297	176.7
2020-06-17T11:40	82.14610	8.52106	0.299	178.4
2020-06-17T11:50	82.14523	8.52124	0.310	178.4
2020-06-17T12:00	82.14436	8.52103	0.315	181.9
2020-06-17T12:10	82.14348	8.52062	0.319	183.7
2020-06-17T12:20	82.14260	8.52000	0.316	185.5
2020-06-17T12:30	82.14173	8.51941	0.315	185.2
2020-06-17T12:40	82.14084	8.51842	0.323	188.7
2020-06-17T12:50	82.13997	8.51732	0.321	189.8
2020-06-17T13:00	82.13911	8.51600	0.315	191.9
2020-06-17T13:10	82.13832	8.51458	0.295	193.7
2020-06-17T13:20	82.13751	8.51300	0.301	195.0
2020-06-17T13:30	82.13673	8.51129	0.291	196.8
2020-06-17T13:40	82.13596	8.50937	0.293	198.9
2020-06-17T13:50	82.13519	8.50746	0.294	198.7
2020-06-17T14:00	82.13446	8.50554	0.278	199.8
2020-06-17T14:10	82.13372	8.50355	0.286	200.1
2020-06-17T14:20	82.13294	8.50135	0.301	201.1
2020-06-17T14:30	82.13217	8.49887	0.303	203.7
2020-06-17T14:40	82.13142	8.49576	0.311	209.6
2020-06-17T14:50	82.13067	8.49266	0.310	209.6
2020-06-17T15:00	82.12988	8.48933	0.329	209.9
2020-06-17T15:10	82.12917	8.48594	0.305	213.3
2020-06-17T15:20	82.12844	8.48244	0.314	213.3
2020-06-17T15:30	82.12776	8.47909	0.293	214.3
2020-06-17T15:40	82.12703	8.47557	0.315	213.4
2020-06-17T15:50	82.12633	8.47196	0.310	215.2
2020-06-17T16:00	82.12565	8.46843	0.300	215.4
2020-06-17T16:10	82.12507	8.46518	0.265	217.2
2020-06-17T16:20	82.12453	8.46210	0.245	218.5
2020-06-17T16:30	82.12399	8.45914	0.243	216.9
2020-06-17T16:40	82.12345	8.45569	0.259	221.0
2020-06-17T16:50	82.12293	8.45211	0.257	223.3
2020-06-17T17:00	82.12249	8.44858	0.234	228.0
2020-06-17T17:10	82.12206	8.44474	0.246	230.4
2020-06-17T17:20	82.12157	8.44114	0.249	225.5
2020-06-17T17:30	82.12107	8.43768	0.249	223.3
2020-06-17T17:40	82.12062	8.43396	0.245	228.4
2020-06-17T17:50	82.12019	8.43018	0.241	230.7
2020-06-17T18:00	82.11980	8.42688	0.216	228.7
2020-06-17T18:10	82.11940	8.42412	0.198	223.6
2020-06-17T18:20	82.11899	8.42148	0.197	221.5
2020-06-17T18:30	82.11857	8.41861	0.207	223.2
2020-06-17T18:40	82.11817	8.41602	0.193	221.6
2020-06-17T18:50	82.11776	8.41353	0.192	219.9
2020-06-17T19:00	82.11734	8.41114	0.190	218.2
2020-06-17T19:10	82.11690	8.40927	0.186	209.8
2020-06-17T19:20	82.11650	8.40741	0.170	212.5
2020-06-17T19:30	82.11612	8.40568	0.160	212.1
2020-06-17T19:40	82.11576	8.40416	0.151	209.9
2020-06-17T19:50	82.11538	8.40299	0.147	203.2
2020-06-17T20:00	82.11499	8.40197	0.148	199.8
2020-06-17T20:10	82.11464	8.40127	0.132	195.3
2020-06-17T20:20	82.11430	8.40062	0.127	194.5
2020-06-17T20:30	82.11398	8.40015	0.117	191.5
2020-06-17T20:40	82.11371	8.39993	0.097	186.6
2020-06-17T20:50	82.11344	8.39980	0.098	183.5
2020-06-17T21:00	82.11325	8.39973	0.068	183.0
2020-06-17T21:10	82.11306	8.39969	0.070	181.7
2020-06-17T21:20	82.11286	8.40001	0.075	167.7
2020-06-17T21:30	82.11263	8.40075	0.089	156.0
2020-06-17T21:40	82.11243	8.40156	0.081	150.5
2020-06-17T21:50	82.11225	8.40256	0.082	142.6
2020-06-17T22:00	82.11211	8.40358	0.071	135.1
2020-06-17T22:10	82.11201	8.40455	0.060	127.5
2020-06-17T22:20	82.11184	8.40608	0.097	128.7
2020-06-17T22:30	82.11167	8.40778	0.103	126.1
2020-06-17T22:40	82.11155	8.40960	0.100	115.7
2020-06-17T22:50	82.11144	8.41161	0.106	111.0
2020-06-17T23:00	82.11133	8.41379	0.115	110.1
2020-06-17T23:10	82.11123	8.41612	0.121	108.0
2020-06-17T23:20	82.11113	8.41856	0.125	106.3
2020-06-17T23:30	82.11104	8.42111	0.131	104.7
2020-06-17T23:40	82.11095	8.42372	0.133	104.5
2020-06-17T23:50	82.11086	8.42638	0.135	103.9
2020-06-18T00:00	82.11076	8.42932	0.150	103.5
2020-06-18T00:10	82.11067	8.43201	0.137	104.5
2020-06-18T00:20	82.11056	8.43495	0.151	105.2
2020-06-18T00:30	82.11044	8.43808	0.161	105.6
2020-06-18T00:40	82.11031	8.44131	0.166	105.8
2020-06-18T00:50	82.11018	8.44458	0.169	106.6
2020-06-18T01:00	82.11004	8.44784	0.169	107.6
2020-06-18T01:10	82.10989	8.45116	0.172	107.9
2020-06-18T01:20	82.10973	8.45463	0.181	108.8
2020-06-18T01:30	82.10955	8.45822	0.189	109.6
2020-06-18T01:40	82.10936	8.46190	0.194	110.4
2020-06-18T01:50	82.10917	8.46562	0.197	110.8
2020-06-18T02:00	82.10895	8.46939	0.202	112.5
2020-06-18T02:10	82.10873	8.47318	0.204	113.3
2020-06-18T02:20	82.10849	8.47700	0.208	114.9
2020-06-18T02:30	82.10823	8.48074	0.207	116.6
2020-06-18T02:40	82.10795	8.48448	0.210	118.1
2020-06-18T02:50	82.10765	8.48823	0.215	120.5
2020-06-18T03:00	82.10732	8.49198	0.221	123.0
2020-06-18T03:10	82.10695	8.49567	0.226	126.2
2020-06-18T03:20	82.10654	8.49928	0.230	129.2
2020-06-18T03:30	82.10611	8.50283	0.234	131.4
2020-06-18T03:40	82.10564	8.50625	0.239	134.9
2020-06-18T03:50	82.10515	8.50958	0.243	137.3
2020-06-18T04:00	82.10462	8.51265	0.243	141.5
2020-06-18T04:10	82.10406	8.51564	0.248	143.4
2020-06-18T04:20	82.10348	8.51847	0.252	146.3
2020-06-18T04:30	82.10288	8.52113	0.253	148.7
2020-06-18T04:40	82.10225	8.52347	0.254	152.8
2020-06-18T04:50	82.10166	8.52542	0.236	156.0
2020-06-18T05:00	82.10105	8.52716	0.236	158.6
2020-06-18T05:10	82.10045	8.52859	0.225	161.7
2020-06-18T05:20	82.09984	8.52977	0.228	165.1
2020-06-18T05:30	82.09920	8.53069	0.234	168.8
2020-06-18T05:40	82.09855	8.53145	0.237	170.8
2020-06-18T05:50	82.09791	8.53213	0.233	171.7
2020-06-18T06:00	82.09725	8.53276	0.240	172.5
2020-06-18T06:10	82.09657	8.53343	0.246	172.3
2020-06-18T06:20	82.09597	8.53429	0.223	169.0
2020-06-18T06:30	82.09518	8.53469	0.284	176.0
2020-06-18T06:40	82.09449	8.53515	0.249	174.8
2020-06-18T06:50	82.09381	8.53541	0.246	176.9
2020-06-18T07:00	82.09312	8.53555	0.248	178.4
2020-06-18T07:10	82.09243	8.53573	0.247	177.9
2020-06-18T07:20	82.09175	8.53591	0.247	178.0
2020-06-18T07:30	82.09107	8.53607	0.244	178.1
2020-06-18T07:40	82.09038	8.53624	0.248	178.1
2020-06-18T07:50	82.08970	8.53641	0.247	178.1
2020-06-18T08:00	82.08901	8.53651	0.247	178.8
2020-06-18T08:10	82.08834	8.53655	0.240	179.5
2020-06-18T08:20	82.08768	8.53652	0.241	180.4
2020-06-18T08:30	82.08699	8.53659	0.248	179.2
2020-06-18T08:40	82.08630	8.53671	0.245	178.6
2020-06-18T08:50	82.08561	8.53691	0.250	177.8
2020-06-18T09:00	82.08491	8.53706	0.253	178.3
2020-06-18T09:10	82.08421	8.53728	0.252	177.5
2020-06-18T09:20	82.08351	8.53748	0.251	177.8
2020-06-18T09:30	82.08282	8.53770	0.248	177.4
2020-06-18T09:40	82.08211	8.53784	0.257	178.4
2020-06-18T09:50	82.08141	8.53799	0.251	178.3
2020-06-18T10:00	82.08072	8.53817	0.250	178.0
2020-06-18T10:10	82.08004	8.53837	0.246	177.7
2020-06-18T10:20	82.07935	8.53863	0.248	176.9
2020-06-18T10:30	82.07866	8.53892	0.249	176.8
2020-06-18T10:40	82.07797	8.53917	0.247	177.1
2020-06-18T10:50	82.07729	8.53937	0.247	177.7
2020-06-18T11:00	82.07658	8.53957	0.253	177.7
2020-06-18T11:10	82.07587	8.53980	0.258	177.4
2020-06-18T11:20	82.07514	8.54002	0.262	177.7
2020-06-18T11:30	82.07439	8.54003	0.269	179.8
2020-06-18T11:40	82.07361	8.53991	0.281	181.2
2020-06-18T11:50	82.07284	8.53971	0.280	182.1
2020-06-18T12:00	82.07207	8.53938	0.275	183.4
2020-06-18T12:10	82.07129	8.53898	0.281	184.0
2020-06-18T12:20	82.07049	8.53841	0.292	185.6
2020-06-18T12:30	82.06966	8.53763	0.300	187.5
2020-06-18T12:40	82.06883	8.53650	0.306	190.5
2020-06-18T12:50	82.06796	8.53500	0.320	193.5
2020-06-18T13:00	82.06710	8.53331	0.321	195.2
2020-06-18T13:10	82.06623	8.53159	0.325	195.2
2020-06-18T13:20	82.06535	8.52974	0.331	196.2
2020-06-18T13:30	82.06443	8.52761	0.346	197.8
2020-06-18T13:40	82.06352	8.52523	0.351	199.7
2020-06-18T13:50	82.06262	8.52269	0.348	201.3
2020-06-18T14:00	82.06170	8.51999	0.356	202.1
2020-06-18T14:10	82.06079	8.51717	0.358	203.0
2020-06-18T14:20	82.05986	8.51396	0.369	205.6
2020-06-18T14:30	82.05893	8.51056	0.377	206.7
2020-06-18T14:40	82.05799	8.50700	0.381	207.6
2020-06-18T14:50	82.05703	8.50314	0.394	209.2
2020-06-18T15:00	82.05608	8.49909	0.397	210.5
2020-06-18T15:10	82.05515	8.49491	0.394	211.8
2020-06-18T15:20	82.05423	8.49046	0.400	213.6
2020-06-18T15:30	82.05333	8.48580	0.399	215.6
2020-06-18T15:40	82.05267	8.48108	0.333	225.0
2020-06-18T15:50	82.05387	8.47710	0.473	335.3
2020-06-18T16:00	82.05149	8.43212	2.397	249.1
2020-06-18T16:10	82.03761	8.43722	5.005	177.1
2020-06-18T16:20	82.03488	8.51229	3.872	104.7
2020-06-18T16:30	82.04083	8.57866	3.943	57.1
2020-06-18T16:40	82.04301	8.57659	0.793	352.5
2020-06-18T16:50	82.04247	8.55037	1.321	261.5
2020-06-18T17:00	82.04447	8.50652	2.300	288.2
2020-06-18T17:10	82.04398	8.49887	0.420	245.2
2020-06-18T17:20	82.04338	8.49401	0.324	228.4
2020-06-18T17:30	82.04280	8.48945	0.309	227.4
2020-06-18T17:40	82.04228	8.48507	0.287	229.5
2020-06-18T17:50	82.04177	8.48076	0.283	229.4
2020-06-18T18:00	82.04129	8.47642	0.277	231.5
2020-06-18T18:10	82.04079	8.47260	0.262	226.8
2020-06-18T18:20	82.04034	8.46944	0.228	223.7
2020-06-18T18:30	82.03988	8.46625	0.228	224.0
2020-06-18T18:40	82.03947	8.46329	0.209	224.8
2020-06-18T18:50	82.03909	8.46040	0.197	227.1
2020-06-18T19:00	82.03876	8.45755	0.187	229.5
2020-06-18T19:10	82.03844	8.45484	0.177	229.9
2020-06-18T19:20	82.03811	8.45247	0.168	224.6
2020-06-18T19:30	82.03781	8.45018	0.156	227.0
2020-06-18T19:40	82.03758	8.44791	0.141	233.2
2020-06-18T19:50	82.03736	8.44592	0.127	231.1
2020-06-18T20:00	82.03715	8.44417	0.115	229.5
2020-06-18T20:10	82.03691	8.44309	0.102	211.9
2020-06-18T20:20	82.03665	8.44244	0.101	198.8
2020-06-18T20:30	82.03640	8.44198	0.092	194.5
2020-06-18T20:40	82.03618	8.44144	0.083	199.2
2020-06-18T20:50	82.03598	8.44125	0.072	187.6
2020-06-18T21:00	82.03581	8.44134	0.062	175.5
2020-06-18T21:10	82.03563	8.44202	0.075	153.4
2020-06-18T21:20	82.03544	8.44295	0.082	145.9
2020-06-18T21:30	82.03529	8.44397	0.074	136.0
2020-06-18T21:40	82.03517	8.44518	0.075	126.6
2020-06-18T21:50	82.03507	8.44651	0.075	117.4
2020-06-18T22:00	82.03500	8.44797	0.077	109.6
2020-06-18T22:10	82.03495	8.44963	0.084	101.1
2020-06-18T22:20	82.03493	8.45141	0.089	94.5
2020-06-18T22:30	82.03493	8.45333	0.096	89.7
2020-06-18T22:40	82.03496	8.45542	0.105	84.2
2020-06-18T22:50	82.03502	8.45767	0.114	79.9
2020-06-18T23:00	82.03510	8.46007	0.123	76.9
2020-06-18T23:10	82.03519	8.46262	0.131	75.7
2020-06-18T23:20	82.03529	8.46534	0.141	74.5
2020-06-18T23:30	82.03541	8.46822	0.150	72.9
2020-06-18T23:40	82.03555	8.47124	0.158	72.2
2020-06-18T23:50	82.03569	8.47438	0.165	72.0
2020-06-19T00:00	82.03584	8.47763	0.171	71.0
2020-06-19T00:10	82.03601	8.48097	0.177	70.8
2020-06-19T00:20	82.03617	8.48440	0.182	70.6
2020-06-19T00:30	82.03634	8.48792	0.186	71.1
2020-06-19T00:40	82.03651	8.49153	0.190	70.9
2020-06-19T00:50	82.03669	8.49523	0.195	71.1
2020-06-19T01:00	82.03686	8.49903	0.200	71.6
2020-06-19T01:10	82.03704	8.50293	0.204	72.3
2020-06-19T01:20	82.03721	8.50686	0.205	72.8
2020-06-19T01:30	82.03736	8.51085	0.206	74.4
2020-06-19T01:40	82.03751	8.51485	0.208	74.4
2020-06-19T01:50	82.03767	8.51890	0.209	74.9
2020-06-19T02:00	82.03781	8.52295	0.208	75.8
2020-06-19T02:10	82.03794	8.52702	0.208	77.3
2020-06-19T02:20	82.03805	8.53114	0.210	78.3
2020-06-19T02:30	82.03815	8.53530	0.211	80.1
2020-06-19T02:40	82.03824	8.53958	0.216	81.3
2020-06-19T02:50	82.03833	8.54401	0.223	82.2
2020-06-19T03:00	82.03840	8.54853	0.227	83.3
2020-06-19T03:10	82.03846	8.55316	0.232	85.0
2020-06-19T03:20	82.03850	8.55784	0.234	86.4
2020-06-19T03:30	82.03852	8.56255	0.235	88.5
2020-06-19T03:40	82.03851	8.56731	0.237	90.2
2020-06-19T03:50	82.03849	8.57204	0.236	92.0
2020-06-19T04:00	82.03844	8.57676	0.236	94.7
2020-06-19T04:10	82.03836	8.58157	0.241	96.4
2020-06-19T04:20	82.03827	8.58657	0.252	97.6
2020-06-19T04:30	82.03816	8.59147	0.247	98.8
2020-06-19T04:40	82.03805	8.59650	0.254	99.3
2020-06-19T04:50	82.03792	8.60158	0.258	100.5
2020-06-19T05:00	82.03779	8.60654	0.252	100.5
2020-06-19T05:10	82.03764	8.61158	0.257	102.3
2020-06-19T05:20	82.03746	8.61670	0.263	104.1
2020-06-19T05:30	82.03726	8.62182	0.266	105.8
2020-06-19T05:40	82.03705	8.62700	0.269	106.2
2020-06-19T05:50	82.03683	8.63217	0.270	107.3
2020-06-19T06:00	82.03654	8.63786	0.302	109.7
2020-06-19T06:10	82.03626	8.64290	0.271	111.9
2020-06-19T06:20	82.03596	8.64776	0.265	114.0
2020-06-19T06:30	82.03565	8.65254	0.263	114.9
2020-06-19T06:40	82.03532	8.65744	0.273	116.5
2020-06-19T06:50	82.03491	8.66297	0.311	117.8
2020-06-19T07:00	82.03460	8.66525	0.161	134.8
2020-06-19T07:10	82.03412	8.66689	0.191	154.6
2020-06-19T07:20	82.03311	8.66329	0.404	206.5
2020-06-19T07:30	82.03247	8.66294	0.234	184.2
2020-06-19T07:40	82.03215	8.66664	0.218	122.0
2020-06-19T07:50	82.03176	8.67001	0.219	129.8
2020-06-19T08:00	82.03135	8.67322	0.218	132.7
2020-06-19T08:10	82.03093	8.67630	0.215	134.3
2020-06-19T08:20	82.03050	8.67909	0.208	137.9
2020-06-19T08:30	82.03007	8.68170	0.203	140.2
2020-06-19T08:40	82.02965	8.68403	0.191	142.5
2020-06-19T08:50	82.02922	8.68625	0.188	143.8
2020-06-19T09:00	82.02881	8.68827	0.179	145.7
2020-06-19T09:10	82.02843	8.69017	0.168	145.4
2020-06-19T09:20	82.02808	8.69213	0.159	142.3
2020-06-19T09:30	82.02780	8.69403	0.140	136.9
2020-06-19T09:40	82.02753	8.69574	0.128	138.3
2020-06-19T09:50	82.02733	8.69775	0.123	125.4
2020-06-19T10:00	82.02713	8.70004	0.136	122.7
2020-06-19T10:10	82.02701	8.70233	0.122	110.4
2020-06-19T10:20	82.02700	8.70516	0.142	91.2
2020-06-19T10:30	82.02706	8.70815	0.150	82.6
2020-06-19T10:40	82.02711	8.71137	0.162	83.2
2020-06-19T10:50	82.02718	8.71473	0.170	82.0
2020-06-19T11:00	82.02725	8.71822	0.176	81.6
2020-06-19T11:10	82.02732	8.72186	0.184	81.4
2020-06-19T11:20	82.02741	8.72562	0.190	80.9
2020-06-19T11:30	82.02748	8.72967	0.204	82.3
2020-06-19T11:40	82.02756	8.73389	0.212	82.5
2020-06-19T11:50	82.02763	8.73820	0.216	83.3
2020-06-19T12:00	82.02769	8.74251	0.217	84.5
2020-06-19T12:10	82.02774	8.74684	0.217	85.0
2020-06-19T12:20	82.02779	8.75114	0.215	85.7
2020-06-19T12:30	82.02781	8.75542	0.214	88.1
2020-06-19T12:40	82.02781	8.75958	0.208	89.3
2020-06-19T12:50	82.02781	8.76369	0.205	90.0
2020-06-19T13:00	82.02782	8.76767	0.199	88.9
2020-06-19T13:10	82.02784	8.77125	0.179	88.2
2020-06-19T13:20	82.02785	8.77483	0.179	89.1
2020-06-19T13:30	82.02783	8.77837	0.177	91.4
2020-06-19T13:40	82.02780	8.78188	0.176	93.7
2020-06-19T13:50	82.02775	8.78544	0.179	95.7
2020-06-19T14:00	82.02769	8.78863	0.161	98.8
2020-06-19T14:10	82.02759	8.79174	0.159	102.2
2020-06-19T14:20	82.02750	8.79489	0.161	101.9
2020-06-19T14:30	82.02741	8.79790	0.154	102.0
2020-06-19T14:40	82.02732	8.80067	0.143	103.8
2020-06-19T14:50	82.02722	8.80320	0.131	105.0
2020-06-19T15:00	82.02711	8.80535	0.114	109.8
2020-06-19T15:10	82.02701	8.80713	0.096	112.2
2020-06-19T15:20	82.02693	8.80865	0.081	111.0
2020-06-19T15:30	82.02689	8.81003	0.071	103.6
2020-06-19T15:40	82.02686	8.81117	0.058	100.9
2020-06-19T15:50	82.02684	8.81182	0.033	97.2
2020-06-19T16:00	82.02684	8.81222	0.020	95.0
2020-06-19T16:10	82.02684	8.81249	0.014	91.5
2020-06-19T16:20	82.02684	8.81252	0.002	51.7
2020-06-19T16:30	82.02686	8.81244	0.007	322.7
2020-06-19T16:40	82.02688	8.81219	0.014	298.9
2020-06-19T16:50	82.02690	8.81181	0.022	298.1
2020-06-19T17:00	82.02695	8.81135	0.028	304.7
2020-06-19T17:10	82.02701	8.81081	0.034	307.4
2020-06-19T17:20	82.02708	8.81020	0.040	310.9
2020-06-19T17:30	82.02715	8.80953	0.043	308.5
2020-06-19T17:40	82.02723	8.80883	0.044	307.3
2020-06-19T17:50	82.02729	8.80815	0.040	303.1
2020-06-19T18:00	82.02738	8.80741	0.050	312.4
2020-06-19T18:10	82.02750	8.80662	0.057	316.5
2020-06-19T18:20	82.02759	8.80593	0.049	315.0
2020-06-19T18:30	82.02771	8.80521	0.055	319.5
2020-06-19T18:40	82.02784	8.80459	0.057	327.0
2020-06-19T18:50	82.02801	8.80407	0.065	336.6
2020-06-19T19:00	82.02818	8.80375	0.064	345.6
2020-06-19T19:10	82.02832	8.80367	0.048	355.3
2020-06-19T19:20	82.02846	8.80384	0.052	9.7
2020-06-19T19:30	82.02861	8.80428	0.060	20.9
2020-06-19T19:40	82.02877	8.80496	0.067	30.8
2020-06-19T19:50	82.02896	8.80582	0.078	33.3
2020-06-19T20:00	82.02915	8.80683	0.087	35.7
2020-06-19T20:10	82.02937	8.80813	0.102	39.5
2020-06-19T20:20	82.02959	8.80953	0.106	41.0
2020-06-19T20:30	82.02984	8.81116	0.122	42.0
2020-06-19T20:40	82.03011	8.81304	0.134	44.4
2020-06-19T20:50	82.03032	8.81556	0.148	58.6
2020-06-19T21:00	82.03057	8.81841	0.168	58.0
2020-06-19T21:10	82.03084	8.82144	0.180	57.3
2020-06-19T21:20	82.03107	8.82537	0.213	66.8
2020-06-19T21:30	82.03133	8.82947	0.224	65.9
2020-06-19T21:40	82.03160	8.83368	0.232	65.1
2020-06-19T21:50	82.03190	8.83797	0.240	63.1
2020-06-19T22:00	82.03222	8.84240	0.250	62.1
2020-06-19T22:10	82.03255	8.84695	0.256	62.6
2020-06-19T22:20	82.03289	8.85153	0.259	62.1
2020-06-19T22:30	82.03323	8.85619	0.263	62.2
2020-06-19T22:40	82.03358	8.86092	0.268	61.4
2020-06-19T22:50	82.03395	8.86577	0.276	61.4
2020-06-19T23:00	82.03433	8.87077	0.284	61.4
2020-06-19T23:10	82.03471	8.87588	0.289	61.7
2020-06-19T23:20	82.03510	8.88111	0.297	61.5
2020-06-19T23:30	82.03549	8.88643	0.301	62.0
2020-06-19T23:40	82.03590	8.89191	0.309	62.0
2020-06-19T23:50	82.03630	8.89749	0.314	62.4
2020-06-20T00:00	82.03671	8.90317	0.319	62.7
2020-06-20T00:10	82.03711	8.90897	0.323	63.4
2020-06-20T00:20	82.03751	8.91489	0.328	64.3
2020-06-20T00:30	82.03791	8.92080	0.329	63.9
2020-06-20T00:40	82.03829	8.92688	0.333	65.3
2020-06-20T00:50	82.03868	8.93296	0.334	65.3
2020-06-20T01:00	82.03906	8.93901	0.331	65.6
2020-06-20T01:10	82.03943	8.94515	0.334	66.4
2020-06-20T01:20	82.03979	8.95130	0.332	67.4
2020-06-20T01:30	82.04013	8.95741	0.329	67.7
2020-06-20T01:40	82.04046	8.96354	0.328	68.8
2020-06-20T01:50	82.04078	8.96959	0.323	69.3
2020-06-20T02:00	82.04108	8.97561	0.319	70.2
2020-06-20T02:10	82.04137	8.98162	0.317	71.1
2020-06-20T02:20	82.04163	8.98758	0.312	72.2
2020-06-20T02:30	82.04189	8.99350	0.310	72.3
2020-06-20T02:40	82.04215	8.99940	0.308	72.6
2020-06-20T02:50	82.04240	9.00522	0.304	72.7
2020-06-20T03:00	82.04264	9.01090	0.297	72.7
2020-06-20T03:10	82.04287	9.01647	0.289	73.8
2020-06-20T03:20	82.04304	9.02201	0.283	77.3
2020-06-20T03:30	82.04320	9.02751	0.280	78.4
2020-06-20T03:40	82.04337	9.03281	0.271	76.8
2020-06-20T03:50	82.04352	9.03789	0.260	77.5
2020-06-20T04:00	82.04366	9.04293	0.255	79.2
2020-06-20T04:10	82.04377	9.04801	0.256	81.2
2020-06-20T04:20	82.04383	9.05298	0.249	84.7
2020-06-20T04:30	82.04387	9.05783	0.242	86.9
2020-06-20T04:40	82.04388	9.06265	0.240	88.7
2020-06-20T04:50	82.04389	9.06752	0.243	89.8
2020-06-20T05:00	82.04387	9.07243	0.245	91.1
2020-06-20T05:10	82.04383	9.07712	0.234	93.4
2020-06-20T05:20	82.04377	9.08179	0.234	95.2
2020-06-20T05:30	82.04371	9.08632	0.227	96.3
2020-06-20T05:40	82.04361	9.09068	0.220	99.2
2020-06-20T05:50	82.04348	9.09490	0.216	102.6
2020-06-20T06:00	82.04334	9.09912	0.216	103.7
2020-06-20T06:10	82.04318	9.10315	0.208	105.2
2020-06-20T06:20	82.04301	9.10699	0.202	108.4
2020-06-20T06:30	82.04279	9.11060	0.196	113.8
2020-06-20T06:40	82.04257	9.11412	0.192	113.8
2020-06-20T06:50	82.04233	9.11747	0.189	117.9
2020-06-20T07:00	82.04206	9.12068	0.187	121.1
2020-06-20T07:10	82.04177	9.12373	0.184	124.3
2020-06-20T07:20	82.04147	9.12656	0.178	127.5
2020-06-20T07:30	82.04116	9.12932	0.177	129.2
2020-06-20T07:40	82.04082	9.13196	0.179	132.4
2020-06-20T07:50	82.04047	9.13442	0.178	136.4
2020-06-20T08:00	82.04006	9.13663	0.182	142.8
2020-06-20T08:10	82.03965	9.13869	0.181	145.3
2020-06-20T08:20	82.03921	9.14066	0.185	148.1
2020-06-20T08:30	82.03878	9.14255	0.183	148.9
2020-06-20T08:40	82.03831	9.14426	0.189	153.2
2020-06-20T08:50	82.03784	9.14584	0.188	155.2
2020-06-20T09:00	82.03734	9.14737	0.195	157.0
2020-06-20T09:10	82.03683	9.14875	0.196	159.4
2020-06-20T09:20	82.03632	9.15002	0.195	161.0
2020-06-20T09:30	82.03579	9.15125	0.200	162.3
2020-06-20T09:40	82.03525	9.15233	0.201	164.5
2020-06-20T09:50	82.03468	9.15335	0.211	166.0
2020-06-20T10:00	82.03407	9.15427	0.224	168.2
2020-06-20T10:10	82.03345	9.15507	0.228	169.9
2020-06-20T10:20	82.03281	9.15566	0.232	172.6
2020-06-20T10:30	82.03218	9.15596	0.226	176.2
2020-06-20T10:40	82.03161	9.15601	0.207	179.4
2020-06-20T10:50	82.03104	9.15577	0.205	183.4
2020-06-20T11:00	82.03044	9.15564	0.216	181.6
2020-06-20T11:10	82.02980	9.15563	0.229	180.2
2020-06-20T11:20	82.02917	9.15527	0.226	184.5
2020-06-20T11:30	82.02855	9.15475	0.226	186.6
2020-06-20T11:40	82.02800	9.15380	0.203	193.4
2020-06-20T11:50	82.02746	9.15259	0.205	197.1
2020-06-20T12:00	82.02692	9.15124	0.205	199.4
2020-06-20T12:10	82.02638	9.14963	0.210	202.4
2020-06-20T12:20	82.02584	9.14795	0.214	203.2
2020-06-20T12:30	82.02529	9.14618	0.217	204.0
2020-06-20T12:40	82.02473	9.14429	0.222	205.3
2020-06-20T12:50	82.02417	9.14230	0.223	206.4
2020-06-20T13:00	82.02362	9.14016	0.226	208.2
2020-06-20T13:10	82.02307	9.13789	0.228	209.9
2020-06-20T13:20	82.02252	9.13538	0.235	212.3
2020-06-20T13:30	82.02197	9.13274	0.239	213.6
2020-06-20T13:40	82.02141	9.12993	0.247	214.7
2020-06-20T13:50	82.02085	9.12693	0.250	216.8
2020-06-20T14:00	82.02029	9.12375	0.256	218.4
2020-06-20T14:10	82.01973	9.12034	0.265	220.1
2020-06-20T14:20	82.01918	9.11679	0.267	221.6
2020-06-20T14:30	82.01864	9.11304	0.270	223.9
2020-06-20T14:40	82.01810	9.10917	0.273	225.1
2020-06-20T14:50	82.01758	9.10503	0.279	228.0
2020-06-20T15:00	82.01707	9.10072	0.284	229.4
2020-06-20T15:10	82.01657	9.09623	0.288	231.3
2020-06-20T15:20	82.01606	9.09155	0.297	232.0
2020-06-20T15:30	82.01556	9.08655	0.308	234.3
2020-06-20T15:40	82.01509	9.08139	0.309	236.6
2020-06-20T15:50	82.01463	9.07608	0.313	238.0
2020-06-20T16:00	82.01419	9.07061	0.317	239.7
2020-06-20T16:10	82.01377	9.06497	0.320	241.8
2020-06-20T16:20	82.01336	9.05910	0.327	243.8
2020-06-20T16:30	82.01299	9.05330	0.321	244.9
2020-06-20T16:40	82.01263	9.04753	0.316	246.1
2020-06-20T16:50	82.01229	9.04176	0.313	246.9
2020-06-20T17:00	82.01197	9.03609	0.306	248.3
2020-06-20T17:10	82.01170	9.03047	0.299	250.4
2020-06-20T17:20	82.01143	9.02482	0.299	251.1
2020-06-20T17:30	82.01119	9.01945	0.282	252.2
2020-06-20T17:40	82.01097	9.01437	0.266	252.7
2020-06-20T17:50	82.01077	9.00967	0.245	253.2
2020-06-20T18:00	82.01060	9.00503	0.241	254.7
2020-06-20T18:10	82.01044	9.00056	0.230	256.2
2020-06-20T18:20	82.01031	8.99625	0.221	257.2
2020-06-20T18:30	82.01018	8.99204	0.215	258.1
2020-06-20T18:40	82.01008	8.98803	0.204	259.6
2020-06-20T18:50	82.00999	8.98405	0.202	261.0
2020-06-20T19:00	82.00992	8.98028	0.191	261.6
2020-06-20T19:10	82.00985	8.97674	0.179	261.9
2020-06-20T19:20	82.00978	8.97347	0.165	261.7
2020-06-20T19:30	82.00972	8.97053	0.149	261.6
2020-06-20T19:40	82.00968	8.96785	0.135	263.6
2020-06-20T19:50	82.00964	8.96548	0.119	264.2
2020-06-20T20:00	82.00961	8.96347	0.101	263.6
2020-06-20T20:10	82.00960	8.96176	0.086	266.4
2020-06-20T20:20	82.00958	8.96030	0.074	265.9
2020-06-20T20:30	82.00958	8.95915	0.058	270.4
2020-06-20T20:40	82.00960	8.95826	0.044	276.0
2020-06-20T20:50	82.00962	8.95767	0.031	286.3
2020-06-20T21:00	82.00965	8.95739	0.018	309.4
2020-06-20T21:10	82.00971	8.95748	0.022	11.6
2020-06-20T21:20	82.00977	8.95799	0.032	53.6
2020-06-20T21:30	82.00981	8.95887	0.046	72.4
2020-06-20T21:40	82.00988	8.96006	0.066	64.6
2020-06-20T21:50	82.00996	8.96165	0.084	71.7
2020-06-20T22:00	82.01004	8.96359	0.102	72.7
2020-06-20T22:10	82.01014	8.96575	0.114	72.1
2020-06-20T22:20	82.01025	8.96806	0.122	71.5
2020-06-20T22:30	82.01036	8.97053	0.130	71.3
2020-06-20T22:40	82.01048	8.97314	0.138	71.6
2020-06-20T22:50	82.01061	8.97586	0.144	71.2
2020-06-20T23:00	82.01075	8.97873	0.152	71.0
2020-06-20T23:10	82.01089	8.98177	0.161	71.1
2020-06-20T23:20	82.01104	8.98507	0.173	72.7
2020-06-20T23:30	82.01119	8.98856	0.183	72.5
2020-06-20T23:40	82.01135	8.99208	0.185	72.2
2020-06-20T23:50	82.01152	8.99574	0.194	71.4
2020-06-21T00:00	82.01169	8.99951	0.199	71.3
2020-06-21T00:10	82.01188	9.00342	0.206	71.5
2020-06-21T00:20	82.01204	9.00762	0.219	74.2
2020-06-21T00:30	82.01220	9.01200	0.227	75.2
2020-06-21T00:40	82.01238	9.01648	0.233	74.4
2020-06-21T00:50	82.01255	9.02108	0.239	74.7
2020-06-21T01:00	82.01272	9.02582	0.245	75.4
2020-06-21T01:10	82.01289	9.03054	0.244	75.4
2020-06-21T01:20	82.01307	9.03538	0.250	75.2
2020-06-21T01:30	82.01324	9.04022	0.250	75.5
2020-06-21T01:40	82.01340	9.04509	0.250	76.8
2020-06-21T01:50	82.01355	9.05001	0.252	77.9
2020-06-21T02:00	82.01368	9.05499	0.253	79.2
2020-06-21T02:10	82.01380	9.06004	0.256	80.5
2020-06-21T02:20	82.01391	9.06528	0.265	81.1
2020-06-21T02:30	82.01404	9.07055	0.267	80.5
2020-06-21T02:40	82.01415	9.07588	0.270	81.2
2020-06-21T02:50	82.01424	9.08116	0.266	82.8
2020-06-21T03:00	82.01431	9.08644	0.265	84.5
2020-06-21T03:10	82.01436	9.09167	0.262	86.5
2020-06-21T03:20	82.01438	9.09684	0.259	88.1
2020-06-21T03:30	82.01438	9.10193	0.255	89.7
2020-06-21T03:40	82.01436	9.10696	0.251	92.0
2020-06-21T03:50	82.01432	9.11188	0.247	93.7
2020-06-21T04:00	82.01424	9.11669	0.242	96.8
2020-06-21T04:10	82.01413	9.12144	0.240	98.9
2020-06-21T04:20	82.01401	9.12612	0.239	101.0
2020-06-21T04:30	82.01384	9.13070	0.237	104.8
2020-06-21T04:40	82.01365	9.13520	0.235	107.2
2020-06-21T04:50	82.01343	9.13969	0.238	109.3
2020-06-21T05:00	82.01318	9.14408	0.238	112.3
2020-06-21T05:10	82.01289	9.14836	0.237	115.6
2020-06-21T05:20	82.01256	9.15245	0.236	119.9
2020-06-21T05:30	82.01221	9.15640	0.235	122.9
2020-06-21T05:40	82.01182	9.16020	0.236	126.2
2020-06-21T05:50	82.01139	9.16389	0.241	129.9
2020-06-21T06:00	82.01094	9.16743	0.241	132.8
2020-06-21T06:10	82.01045	9.17083	0.245	136.1
2020-06-21T06:20	82.00992	9.17408	0.251	139.6
2020-06-21T06:30	82.00936	9.17718	0.255	142.6
2020-06-21T06:40	82.00876	9.18011	0.261	145.7
2020-06-21T06:50	82.00813	9.18287	0.266	148.7
2020-06-21T07:00	82.00748	9.18555	0.269	150.2
2020-06-21T07:10	82.00682	9.18808	0.269	151.9
2020-06-21T07:20	82.00615	9.19041	0.268	154.2
2020-06-21T07:30	82.00544	9.19258	0.278	157.0
2020-06-21T07:40	82.00471	9.19457	0.282	159.2
2020-06-21T07:50	82.00394	9.19637	0.288	161.9
2020-06-21T08:00	82.00318	9.19791	0.286	164.3
2020-06-21T08:10	82.00240	9.19938	0.291	165.4
2020-06-21T08:20	82.00162	9.20076	0.290	166.2
2020-06-21T08:30	82.00081	9.20198	0.296	168.1
2020-06-21T08:40	81.99998	9.20303	0.304	170.1
2020-06-21T08:50	81.99916	9.20392	0.299	171.4
2020-06-21T09:00	81.99834	9.20467	0.297	172.8
2020-06-21T09:10	81.99751	9.20531	0.300	173.9
2020-06-21T09:20	81.99669	9.20578	0.297	175.4
2020-06-21T09:30	81.99581	9.20605	0.318	177.6
2020-06-21T09:40	81.99491	9.20599	0.324	180.5
2020-06-21T09:50	81.99402	9.20587	0.320	181.0
2020-06-21T10:00	81.99314	9.20572	0.317	181.4
2020-06-21T10:10	81.99226	9.20540	0.318	182.9
2020-06-21T10:20	81.99133	9.20498	0.335	183.7
2020-06-21T10:30	81.99037	9.20443	0.346	184.6
2020-06-21T10:40	81.98940	9.20373	0.353	185.7
2020-06-21T10:50	81.98842	9.20294	0.352	186.5
2020-06-21T11:00	81.98748	9.20190	0.345	188.7
2020-06-21T11:10	81.98650	9.20022	0.361	193.5
2020-06-21T11:20	81.98554	9.19864	0.354	193.0
2020-06-21T11:30	81.98460	9.19652	0.355	197.4
2020-06-21T11:40	81.98367	9.19398	0.359	200.9
2020-06-21T11:50	81.98281	9.19102	0.345	205.5
2020-06-21T12:00	81.98196	9.18758	0.351	209.5
2020-06-21T12:10	81.98115	9.18390	0.347	212.2
2020-06-21T12:20	81.98036	9.17992	0.348	215.2
2020-06-21T12:30	81.97959	9.17577	0.346	217.1
2020-06-21T12:40	81.97883	9.17146	0.348	218.5
2020-06-21T12:50	81.97812	9.16709	0.339	220.3
2020-06-21T13:00	81.97743	9.16276	0.329	221.5
2020-06-21T13:10	81.97678	9.15836	0.323	223.1
2020-06-21T13:20	81.97613	9.15393	0.322	223.8
2020-06-21T13:30	81.97550	9.14946	0.320	224.7
2020-06-21T13:40	81.97490	9.14498	0.312	226.1
2020-06-21T13:50	81.97431	9.14049	0.308	227.0
2020-06-21T14:00	81.97374	9.13592	0.309	228.1
2020-06-21T14:10	81.97320	9.13150	0.295	228.8
2020-06-21T14:20	81.97268	9.12701	0.293	230.4
2020-06-21T14:30	81.97220	9.12249	0.287	232.4
2020-06-21T14:40	81.97175	9.11803	0.276	234.3
2020-06-21T14:50	81.97132	9.11360	0.271	235.2
2020-06-21T15:00	81.97093	9.10918	0.263	237.7
2020-06-21T15:10	81.97056	9.10484	0.255	238.7
2020-06-21T15:20	81.97021	9.10054	0.250	240.0
2020-06-21T15:30	81.96991	9.09635	0.237	242.5
2020-06-21T15:40	81.96963	9.09220	0.232	244.5
2020-06-21T15:50	81.96939	9.08805	0.226	247.1
2020-06-21T16:00	81.96916	9.08393	0.223	248.7
2020-06-21T16:10	81.96896	9.07971	0.224	251.4
2020-06-21T16:20	81.96879	9.07541	0.225	253.8
2020-06-21T16:30	81.96865	9.07124	0.216	256.5
2020-06-21T16:40	81.96854	9.06711	0.211	259.7
2020-06-21T16:50	81.96847	9.06310	0.203	262.0
2020-06-21T17:00	81.96843	9.05925	0.194	265.7
2020-06-21T17:10	81.96841	9.05554	0.187	268.1
2020-06-21T17:20	81.96840	9.05200	0.178	268.9
2020-06-21T17:30	81.96840	9.04847	0.177	270.3
2020-06-21T17:40	81.96842	9.04512	0.169	272.1
2020-06-21T17:50	81.96846	9.04184	0.165	274.7
2020-06-21T18:00	81.96848	9.03885	0.151	272.7
2020-06-21T18:10	81.96852	9.03595	0.147	276.7
2020-06-21T18:20	81.96860	9.03343	0.130	282.3
2020-06-21T18:30	81.96869	9.03126	0.113	285.7
2020-06-21T18:40	81.96876	9.02928	0.103	285.4
2020-06-21T18:50	81.96884	9.02731	0.103	285.0
2020-06-21T19:00	81.96891	9.02552	0.094	287.1
2020-06-21T19:10	81.96899	9.02372	0.094	286.8
2020-06-21T19:20	81.96906	9.02208	0.086	287.0
2020-06-21T19:30	81.96913	9.02061	0.079	289.3
2020-06-21T19:40	81.96920	9.01934	0.068	290.4
2020-06-21T19:50	81.96926	9.01852	0.047	297.9
2020-06-21T20:00	81.96931	9.01786	0.038	298.7
2020-06-21T20:10	81.96936	9.01737	0.032	308.5
2020-06-21T20:20	81.96943	9.01699	0.030	320.8
2020-06-21T20:30	81.96951	9.01680	0.030	342.1
2020-06-21T20:40	81.96958	9.01678	0.028	358.0
2020-06-21T20:50	81.96969	9.01695	0.039	12.6
2020-06-21T21:00	81.96979	9.01723	0.038	21.6
2020-06-21T21:10	81.96990	9.01778	0.050	34.0
2020-06-21T21:20	81.97002	9.01851	0.056	41.3
2020-06-21T21:30	81.97015	9.01943	0.066	44.3
2020-06-21T21:40	81.97030	9.02059	0.078	48.6
2020-06-21T21:50	81.97045	9.02205	0.092	52.9
2020-06-21T22:00	81.97061	9.02372	0.102	55.5
2020-06-21T22:10	81.97078	9.02573	0.118	59.2
2020-06-21T22:20	81.97097	9.02805	0.135	59.7
2020-06-21T22:30	81.97116	9.03062	0.148	61.0
2020-06-21T22:40	81.97138	9.03350	0.164	61.7
2020-06-21T22:50	81.97161	9.03679	0.185	63.6
2020-06-21T23:00	81.97185	9.04047	0.204	64.8
2020-06-21T23:10	81.97211	9.04441	0.219	64.8
2020-06-21T23:20	81.97239	9.04845	0.227	63.6
2020-06-21T23:30	81.97268	9.05263	0.235	63.3
2020-06-21T23:40	81.97300	9.05703	0.249	62.6
2020-06-21T23:50	81.97333	9.06151	0.254	62.2
2020-06-22T00:00	81.97366	9.06608	0.258	63.0
2020-06-22T00:10	81.97398	9.07077	0.263	63.5
2020-06-22T00:20	81.97432	9.07556	0.269	63.4
2020-06-22T00:30	81.97468	9.08044	0.279	61.7
2020-06-22T00:40	81.97507	9.08530	0.281	60.4
2020-06-22T00:50	81.97548	9.09026	0.289	59.6
2020-06-22T01:00	81.97591	9.09520	0.293	58.0
2020-06-22T01:10	81.97636	9.10027	0.302	57.5
2020-06-22T01:20	81.97682	9.10548	0.310	57.7
2020-06-22T01:30	81.97727	9.11073	0.311	58.1
2020-06-22T01:40	81.97772	9.11616	0.317	59.5
2020-06-22T01:50	81.97816	9.12181	0.325	61.0
2020-06-22T02:00	81.97859	9.12775	0.337	62.2
2020-06-22T02:10	81.97904	9.13378	0.343	62.2
2020-06-22T02:20	81.97950	9.13979	0.345	61.1
2020-06-22T02:30	81.97998	9.14590	0.352	60.6
2020-06-22T02:40	81.98046	9.15206	0.355	60.8
2020-06-22T02:50	81.98092	9.15829	0.353	62.3
2020-06-22T03:00	81.98136	9.16455	0.353	63.1
2020-06-22T03:10	81.98181	9.17082	0.354	62.8
2020-06-22T03:20	81.98227	9.17716	0.358	62.8
2020-06-22T03:30	81.98271	9.18353	0.358	63.4
2020-06-22T03:40	81.98313	9.18983	0.350	64.5
2020-06-22T03:50	81.98354	9.19603	0.344	64.8
2020-06-22T04:00	81.98392	9.20249	0.353	66.7
2020-06-22T04:10	81.98427	9.20869	0.335	68.2
2020-06-22T04:20	81.98461	9.21500	0.340	68.6
2020-06-22T04:30	81.98495	9.22150	0.349	69.4
2020-06-22T04:40	81.98528	9.22802	0.348	70.2
2020-06-22T04:50	81.98560	9.23462	0.351	70.7
2020-06-22T05:00	81.98589	9.24120	0.346	72.7
2020-06-22T05:10	81.98612	9.24762	0.333	75.3
2020-06-22T05:20	81.98631	9.25390	0.322	78.1
2020-06-22T05:30	81.98646	9.26009	0.316	79.9
2020-06-22T05:40	81.98660	9.26615	0.308	80.7
2020-06-22T05:50	81.98671	9.27231	0.312	82.6
2020-06-22T06:00	81.98674	9.27855	0.314	88.0
2020-06-22T06:10	81.98670	9.28459	0.303	92.6
2020-06-22T06:20	81.98660	9.29038	0.293	96.9
2020-06-22T06:30	81.98648	9.29593	0.282	99.0
2020-06-22T06:40	81.98632	9.30132	0.277	101.8
2020-06-22T06:50	81.98614	9.30660	0.273	103.9
2020-06-22T07:00	81.98594	9.31163	0.263	105.9
2020-06-22T07:10	81.98569	9.31646	0.259	110.6
2020-06-22T07:20	81.98538	9.32093	0.251	116.2
2020-06-22T07:30	81.98507	9.32509	0.237	118.3
2020-06-22T07:40	81.98472	9.32895	0.231	123.2
2020-06-22T07:50	81.98434	9.33267	0.231	125.8
2020-06-22T08:00	81.98393	9.33592	0.220	132.3
2020-06-22T08:10	81.98352	9.33882	0.209	135.7
2020-06-22T08:20	81.98304	9.34143	0.216	142.6
2020-06-22T08:30	81.98247	9.34383	0.238	149.6
2020-06-22T08:40	81.98189	9.34581	0.233	154.7
2020-06-22T08:50	81.98126	9.34765	0.243	157.6
2020-06-22T09:00	81.98063	9.34921	0.241	161.1
2020-06-22T09:10	81.97996	9.35052	0.248	164.6
2020-06-22T09:20	81.97927	9.35158	0.257	168.0
2020-06-22T09:30	81.97856	9.35236	0.257	171.3
2020-06-22T09:40	81.97782	9.35265	0.266	176.9
2020-06-22T09:50	81.97701	9.35308	0.295	175.7
2020-06-22T10:00	81.97619	9.35284	0.295	182.3
2020-06-22T10:10	81.97541	9.35196	0.282	189.1
2020-06-22T10:20	81.97464	9.35083	0.283	191.6
2020-06-22T10:30	81.97390	9.34946	0.278	194.4
2020-06-22T10:40	81.97311	9.34794	0.294	195.0
2020-06-22T10:50	81.97241	9.34589	0.271	202.5
2020-06-22T11:00	81.97170	9.34350	0.283	205.0
2020-06-22T11:10	81.97096	9.34063	0.301	208.7
2020-06-22T11:20	81.97025	9.33763	0.297	210.5
2020-06-22T11:30	81.96951	9.33512	0.295	205.3
2020-06-22T11:40	81.96883	9.33216	0.287	211.3
2020-06-22T11:50	81.96825	9.32877	0.269	219.3
2020-06-22T12:00	81.96777	9.32557	0.237	222.7
2020-06-22T12:10	81.96729	9.32228	0.239	223.8
2020-06-22T12:20	81.96677	9.31880	0.255	223.4
2020-06-22T12:30	81.96632	9.31515	0.245	228.4
2020-06-22T12:40	81.96586	9.31131	0.255	229.4
2020-06-22T12:50	81.96542	9.30759	0.246	229.7
2020-06-22T13:00	81.96500	9.30385	0.241	231.4
2020-06-22T13:10	81.96462	9.30000	0.236	235.0
2020-06-22T13:20	81.96428	9.29591	0.240	239.1
2020-06-22T13:30	81.96398	9.29194	0.227	241.6
2020-06-22T13:40	81.96371	9.28814	0.215	242.8
2020-06-22T13:50	81.96345	9.28432	0.213	244.4
2020-06-22T14:00	81.96321	9.28034	0.219	246.5
2020-06-22T14:10	81.96301	9.27633	0.214	250.3
2020-06-22T14:20	81.96285	9.27226	0.212	254.9
2020-06-22T14:30	81.96277	9.26833	0.200	261.2
2020-06-22T14:40	81.96271	9.26425	0.207	263.7
2020-06-22T14:50	81.96269	9.26014	0.207	268.1
2020-06-22T15:00	81.96270	9.25622	0.198	271.7
2020-06-22T15:10	81.96276	9.25229	0.199	275.5
2020-06-22T15:20	81.96285	9.24821	0.208	278.8
2020-06-22T15:30	81.96298	9.24451	0.192	284.1
2020-06-22T15:40	81.96313	9.24082	0.194	286.4
2020-06-22T15:50	81.96330	9.23744	0.182	290.4
2020-06-22T16:00	81.96350	9.23422	0.177	293.8
2020-06-22T16:10	81.96373	9.23113	0.177	298.4
2020-06-22T16:20	81.96399	9.22821	0.174	302.2
2020-06-22T16:30	81.96428	9.22550	0.171	307.1
2020-06-22T16:40	81.96458	9.22294	0.168	309.8
2020-06-22T16:50	81.96489	9.22045	0.168	312.0
2020-06-22T17:00	81.96521	9.21804	0.168	313.9
2020-06-22T17:10	81.96555	9.21571	0.169	315.9
2020-06-22T17:20	81.96589	9.21322	0.175	314.3
2020-06-22T17:30	81.96622	9.21053	0.180	311.3
2020-06-22T17:40	81.96654	9.20792	0.176	311.4
2020-06-22T17:50	81.96688	9.20562	0.168	316.7
2020-06-22T18:00	81.96730	9.20398	0.172	331.4
2020-06-22T18:10	81.96771	9.20183	0.183	323.8
2020-06-22T18:20	81.96814	9.19934	0.200	321.1
2020-06-22T18:30	81.96858	9.19697	0.197	322.8
2020-06-22T18:40	81.96902	9.19494	0.187	326.9
2020-06-22T18:50	81.96948	9.19332	0.187	334.3
2020-06-22T19:00	81.96998	9.19243	0.184	345.8
2020-06-22T19:10	81.97050	9.19199	0.187	353.3
2020-06-22T19:20	81.97101	9.19172	0.187	355.7
2020-06-22T19:30	81.97153	9.19162	0.188	358.5
2020-06-22T19:40	81.97205	9.19168	0.186	1.0
2020-06-22T19:50	81.97257	9.19194	0.186	4.0
2020-06-22T20:00	81.97309	9.19237	0.187	6.7
2020-06-22T20:10	81.97361	9.19298	0.190	9.3
2020-06-22T20:20	81.97414	9.19386	0.197	12.9
2020-06-22T20:30	81.97469	9.19500	0.206	16.3
2020-06-22T20:40	81.97524	9.19642	0.212	19.7
2020-06-22T20:50	81.97579	9.19810	0.214	23.2
2020-06-22T21:00	81.97632	9.19997	0.214	26.1
2020-06-22T21:10	81.97686	9.20208	0.221	28.6
2020-06-22T21:20	81.97741	9.20443	0.230	30.9
2020-06-22T21:30	81.97796	9.20707	0.239	33.7
2020-06-22T21:40	81.97852	9.20998	0.249	36.0
2020-06-22T21:50	81.97910	9.21320	0.263	38.0
2020-06-22T22:00	81.97968	9.21660	0.271	39.2
2020-06-22T22:10	81.98028	9.22029	0.285	40.6
2020-06-22T22:20	81.98090	9.22422	0.297	41.5
2020-06-22T22:30	81.98153	9.22839	0.310	42.5
2020-06-22T22:40	81.98217	9.23274	0.316	43.6
2020-06-22T22:50	81.98282	9.23728	0.325	44.5
2020-06-22T23:00	81.98347	9.24204	0.336	45.3
2020-06-22T23:10	81.98415	9.24707	0.350	46.1
2020-06-22T23:20	81.98484	9.25233	0.362	46.8
2020-06-22T23:30	81.98555	9.25783	0.377	47.1
2020-06-22T23:40	81.98628	9.26353	0.390	47.2
2020-06-22T23:50	81.98703	9.26946	0.402	47.8
2020-06-23T00:00	81.98781	9.27566	0.418	48.0
2020-06-23T00:10	81.98861	9.28211	0.434	48.3
2020-06-23T00:20	81.98943	9.28894	0.451	49.4
2020-06-23T00:30	81.99025	9.29605	0.466	50.1
2020-06-23T00:40	81.99109	9.30349	0.480	51.1
2020-06-23T00:50	81.99195	9.31127	0.497	51.7
2020-06-23T01:00	81.99282	9.31930	0.510	52.2
2020-06-23T01:10	81.99368	9.32746	0.514	52.7
2020-06-23T01:20	81.99454	9.33571	0.516	53.2
2020-06-23T01:30	81.99540	9.34419	0.526	54.0
2020-06-23T01:40	81.99626	9.35299	0.539	54.9
2020-06-23T01:50	81.99710	9.36172	0.532	55.4
2020-06-23T02:00	81.99793	9.37055	0.534	56.0
2020-06-23T02:10	81.99876	9.37959	0.542	56.7
2020-06-23T02:20	81.99959	9.38897	0.558	57.5
2020-06-23T02:30	82.00041	9.39841	0.557	58.1
2020-06-23T02:40	82.00122	9.40818	0.571	59.0
2020-06-23T02:50	82.00204	9.41798	0.572	59.2
2020-06-23T03:00	82.00282	9.42796	0.575	60.4
2020-06-23T03:10	82.00359	9.43784	0.567	60.8
2020-06-23T03:20	82.00432	9.44765	0.557	61.9
2020-06-23T03:30	82.00504	9.45749	0.555	62.5
2020-06-23T03:40	82.00574	9.46729	0.552	62.9
2020-06-23T03:50	82.00639	9.47661	0.523	63.2
2020-06-23T04:00	82.00700	9.48617	0.526	65.4
2020-06-23T04:10	82.00761	9.49604	0.541	66.0
2020-06-23T04:20	82.00817	9.50542	0.511	66.6
2020-06-23T04:30	82.00875	9.51485	0.516	66.2
2020-06-23T04:40	82.00931	9.52417	0.508	66.6
2020-06-23T04:50	82.00981	9.53327	0.490	68.4
2020-06-23T05:00	82.01027	9.54226	0.480	69.8
2020-06-23T05:10	82.01069	9.55106	0.465	71.1
2020-06-23T05:20	82.01113	9.55973	0.461	70.2
2020-06-23T05:30	82.01152	9.56809	0.441	71.4
2020-06-23T05:40	82.01185	9.57629	0.427	73.9
2020-06-23T05:50	82.01215	9.58423	0.412	74.4
2020-06-23T06:00	82.01241	9.59206	0.403	76.6
2020-06-23T06:10	82.01263	9.59975	0.392	78.6
2020-06-23T06:20	82.01277	9.60706	0.369	82.2
2020-06-23T06:30	82.01284	9.61413	0.355	85.9
2020-06-23T06:40	82.01289	9.62112	0.350	87.0
2020-06-23T06:50	82.01291	9.62797	0.342	88.5
2020-06-23T07:00	82.01291	9.63449	0.326	90.2
2020-06-23T07:10	82.01285	9.64059	0.306	94.3
2020-06-23T07:20	82.01275	9.64644	0.295	96.9
2020-06-23T07:30	82.01260	9.65189	0.278	101.4
2020-06-23T07:40	82.01234	9.65718	0.280	109.1
2020-06-23T07:50	82.01205	9.66221	0.272	112.7
2020-06-23T08:00	82.01173	9.66693	0.262	115.6
2020-06-23T08:10	82.01142	9.67140	0.251	117.1
2020-06-23T08:20	82.01108	9.67558	0.243	120.3
2020-06-23T08:30	82.01071	9.67957	0.240	123.8
2020-06-23T08:40	82.01033	9.68316	0.225	127.1
2020-06-23T08:50	82.00993	9.68615	0.207	133.9
2020-06-23T09:00	82.00950	9.68887	0.207	138.8
2020-06-23T09:10	82.00903	9.69142	0.211	142.6
2020-06-23T09:20	82.00852	9.69368	0.217	148.5
2020-06-23T09:30	82.00795	9.69561	0.227	154.9
2020-06-23T09:40	82.00735	9.69741	0.234	157.2
2020-06-23T09:50	82.00680	9.69874	0.210	161.5
2020-06-23T10:00	82.00620	9.69982	0.222	166.0
2020-06-23T10:10	82.00559	9.70068	0.222	168.8
2020-06-23T10:20	82.00500	9.70127	0.214	172.1
2020-06-23T10:30	82.00440	9.70168	0.220	174.6
2020-06-23T10:40	82.00376	9.70162	0.227	180.7
2020-06-23T10:50	82.00313	9.70144	0.227	182.3
2020-06-23T11:00	82.00249	9.70105	0.233	184.8
2020-06-23T11:10	82.00186	9.70050	0.226	187.0
2020-06-23T11:20	82.00126	9.69996	0.218	187.2
2020-06-23T11:30	82.00061	9.69925	0.238	188.6
2020-06-23T11:40	81.99992	9.69846	0.251	189.1
2020-06-23T11:50	81.99927	9.69755	0.238	191.0
2020-06-23T12:00	81.99867	9.69658	0.223	192.6
2020-06-23T12:10	81.99812	9.69552	0.206	194.9
2020-06-23T12:20	81.99763	9.69435	0.184	198.5
2020-06-23T12:30	81.99716	9.69325	0.180	197.9
2020-06-23T12:40	81.99671	9.69216	0.170	198.8
2020-06-23T12:50	81.99631	9.69116	0.151	199.4
2020-06-23T13:00	81.99595	9.68995	0.146	204.6
2020-06-23T13:10	81.99561	9.68876	0.134	206.3
2020-06-23T13:20	81.99533	9.68752	0.118	211.7
2020-06-23T13:30	81.99510	9.68630	0.104	216.1
2020-06-23T13:40	81.99486	9.68503	0.108	216.1
2020-06-23T13:50	81.99465	9.68381	0.097	219.3
2020-06-23T14:00	81.99445	9.68256	0.096	220.5
2020-06-23T14:10	81.99426	9.68146	0.088	219.2
2020-06-23T14:20	81.99410	9.68027	0.083	225.6
2020-06-23T14:30	81.99394	9.67877	0.095	233.1
2020-06-23T14:40	81.99380	9.67716	0.095	238.4
2020-06-23T14:50	81.99367	9.67551	0.095	240.7
2020-06-23T15:00	81.99359	9.67361	0.099	253.7
2020-06-23T15:10	81.99352	9.67152	0.108	256.6
2020-06-23T15:20	81.99346	9.66920	0.118	258.5
2020-06-23T15:30	81.99343	9.66684	0.119	264.6
2020-06-23T15:40	81.99346	9.66416	0.135	274.7
2020-06-23T15:50	81.99355	9.66154	0.135	283.9
2020-06-23T16:00	81.99367	9.65876	0.146	287.2
2020-06-23T16:10	81.99380	9.65579	0.156	287.1
2020-06-23T16:20	81.99395	9.65260	0.170	289.4
2020-06-23T16:30	81.99409	9.64910	0.183	286.1
2020-06-23T16:40	81.99427	9.64545	0.194	289.4
2020-06-23T16:50	81.99452	9.64165	0.210	295.1
2020-06-23T17:00	81.99479	9.63757	0.227	295.6
2020-06-23T17:10	81.99511	9.63372	0.224	300.5
2020-06-23T17:20	81.99546	9.62998	0.226	304.1
2020-06-23T17:30	81.99590	9.62649	0.236	312.0
2020-06-23T17:40	81.99641	9.62312	0.250	317.4
2020-06-23T17:50	81.99685	9.61921	0.252	308.8
2020-06-23T18:00	81.99733	9.61518	0.268	311.0
2020-06-23T18:10	81.99786	9.61148	0.266	315.8
2020-06-23T18:20	81.99841	9.60808	0.260	319.0
2020-06-23T18:30	81.99897	9.60527	0.246	325.1
2020-06-23T18:40	81.99957	9.60277	0.251	330.1
2020-06-23T18:50	82.00022	9.60063	0.257	335.3
2020-06-23T19:00	82.00089	9.59869	0.258	337.9
2020-06-23T19:10	82.00158	9.59681	0.265	339.1
2020-06-23T19:20	82.00230	9.59508	0.275	341.7
2020-06-23T19:30	82.00304	9.59364	0.275	344.9
2020-06-23T19:40	82.00380	9.59230	0.280	346.1
2020-06-23T19:50	82.00457	9.59113	0.283	348.1
2020-06-23T20:00	82.00535	9.59015	0.286	350.1
2020-06-23T20:10	82.00614	9.58939	0.289	352.4
2020-06-23T20:20	82.00695	9.58872	0.294	353.4
2020-06-23T20:30	82.00777	9.58816	0.296	354.6
2020-06-23T20:40	82.00860	9.58775	0.299	356.1
2020-06-23T20:50	82.00944	9.58754	0.303	358.1
2020-06-23T21:00	82.01028	9.58754	0.303	359.9
2020-06-23T21:10	82.01114	9.58777	0.308	2.2
2020-06-23T21:20	82.01200	9.58827	0.313	4.5
2020-06-23T21:30	82.01289	9.58896	0.319	6.3
2020-06-23T21:40	82.01376	9.58982	0.318	7.7
2020-06-23T21:50	82.01463	9.59089	0.319	9.6
2020-06-23T22:00	82.01551	9.59218	0.323	11.6
2020-06-23T22:10	82.01639	9.59368	0.323	13.4
2020-06-23T22:20	82.01726	9.59547	0.326	15.9
2020-06-23T22:30	82.01811	9.59757	0.325	18.9
2020-06-23T22:40	82.01896	9.60009	0.331	22.3
2020-06-23T22:50	82.01982	9.60302	0.341	25.5
2020-06-23T23:00	82.02067	9.60623	0.346	27.6
2020-06-23T23:10	82.02151	9.60965	0.348	29.5
2020-06-23T23:20	82.02234	9.61336	0.352	31.8
2020-06-23T23:30	82.02319	9.61730	0.363	32.9
2020-06-23T23:40	82.02408	9.62133	0.379	32.2
2020-06-23T23:50	82.02495	9.62569	0.384	34.6
2020-06-24T00:00	82.02580	9.63025	0.381	36.7
2020-06-24T00:10	82.02663	9.63569	0.402	42.4
2020-06-24T00:20	82.02750	9.64157	0.430	43.2
2020-06-24T00:30	82.02838	9.64766	0.440	43.6
2020-06-24T00:40	82.02930	9.65402	0.458	43.9
2020-06-24T00:50	82.03021	9.66071	0.469	45.4
2020-06-24T01:00	82.03115	9.66778	0.488	46.3
2020-06-24T01:10	82.03208	9.67504	0.494	47.2
2020-06-24T01:20	82.03298	9.68267	0.499	49.6
2020-06-24T01:30	82.03386	9.69065	0.509	51.5
2020-06-24T01:40	82.03473	9.69888	0.517	52.6
2020-06-24T01:50	82.03563	9.70743	0.535	52.8
2020-06-24T02:00	82.03650	9.71577	0.522	52.9
2020-06-24T02:10	82.03743	9.72450	0.548	52.6
2020-06-24T02:20	82.03832	9.73317	0.539	53.4
2020-06-24T02:30	82.03918	9.74160	0.522	53.6
2020-06-24T02:40	82.04003	9.75054	0.540	55.7
2020-06-24T02:50	82.04086	9.75992	0.555	57.4
2020-06-24T03:00	82.04167	9.76939	0.555	58.4
2020-06-24T03:10	82.04245	9.77892	0.552	59.3
2020-06-24T03:20	82.04321	9.78861	0.555	60.4
2020-06-24T03:30	82.04396	9.79828	0.552	60.8
2020-06-24T03:40	82.04468	9.80785	0.544	61.3
2020-06-24T03:50	82.04537	9.81716	0.525	62.0
2020-06-24T04:00	82.04604	9.82666	0.531	63.1
2020-06-24T04:10	82.04667	9.83616	0.525	64.2
2020-06-24T04:20	82.04727	9.84565	0.520	65.5
2020-06-24T04:30	82.04784	9.85506	0.512	66.3
2020-06-24T04:40	82.04835	9.86438	0.499	68.4
2020-06-24T04:50	82.04882	9.87353	0.486	69.6
2020-06-24T05:00	82.04924	9.88240	0.467	71.1
2020-06-24T05:10	82.04959	9.89096	0.444	73.8
2020-06-24T05:20	82.04990	9.89915	0.423	74.5
2020-06-24T05:30	82.05019	9.90710	0.409	75.1
2020-06-24T05:40	82.05045	9.91479	0.394	76.2
2020-06-24T05:50	82.05069	9.92228	0.383	77.1
2020-06-24T06:00	82.05090	9.92948	0.367	78.0
2020-06-24T06:10	82.05107	9.93644	0.352	80.1
2020-06-24T06:20	82.05119	9.94305	0.332	82.4
2020-06-24T06:30	82.05127	9.94919	0.307	84.7
2020-06-24T06:40	82.05133	9.95479	0.280	85.8
2020-06-24T06:50	82.05136	9.96016	0.267	87.4
2020-06-24T07:00	82.05133	9.96522	0.252	92.4
2020-06-24T07:10	82.05126	9.96986	0.233	96.9
2020-06-24T07:20	82.05108	9.97436	0.234	106.2
2020-06-24T07:30	82.05087	9.97876	0.231	108.7
2020-06-24T07:40	82.05062	9.98243	0.205	116.5
2020-06-24T07:50	82.05026	9.98559	0.202	128.9
2020-06-24T08:00	82.04989	9.98858	0.200	131.8
2020-06-24T08:10	82.04957	9.99166	0.193	127.5
2020-06-24T08:20	82.04924	9.99449	0.183	129.6
2020-06-24T08:30	82.04886	9.99714	0.192	136.6
2020-06-24T08:40	82.04847	9.99921	0.172	143.3
2020-06-24T08:50	82.04805	10.00088	0.174	151.3
2020-06-24T09:00	82.04759	10.00232	0.180	156.7
2020-06-24T09:10	82.04703	10.00311	0.204	168.8
2020-06-24T09:20	82.04643	10.00369	0.220	172.5
2020-06-24T09:30	82.04583	10.00434	0.218	171.4
2020-06-24T09:40	82.04532	10.00484	0.186	172.3
2020-06-24T09:50	82.04474	10.00497	0.207	178.2
2020-06-24T10:00	82.04415	10.00489	0.215	181.2
2020-06-24T10:10	82.04344	10.00500	0.256	178.8
2020-06-24T10:20	82.04281	10.00486	0.225	181.8
2020-06-24T10:30	82.04216	10.00444	0.237	185.1
2020-06-24T10:40	82.04150	10.00369	0.238	189.0
2020-06-24T10:50	82.04082	10.00242	0.253	194.5
2020-06-24T11:00	82.04019	10.00114	0.237	195.6
2020-06-24T11:10	82.03956	9.99965	0.239	198.1
2020-06-24T11:20	82.03891	9.99798	0.246	199.7
2020-06-24T11:30	82.03827	9.99618	0.247	201.4
2020-06-24T11:40	82.03762	9.99422	0.255	202.5
2020-06-24T11:50	82.03697	9.99215	0.257	203.8
2020-06-24T12:00	82.03634	9.99008	0.247	204.7
2020-06-24T12:10	82.03572	9.98786	0.250	206.4
2020-06-24T12:20	82.03505	9.98548	0.270	206.0
2020-06-24T12:30	82.03439	9.98283	0.272	209.1
2020-06-24T12:40	82.03379	9.97995	0.260	213.5
2020-06-24T12:50	82.03322	9.97707	0.249	215.2
2020-06-24T13:00	82.03264	9.97404	0.260	215.7
2020-06-24T13:10	82.03203	9.97109	0.262	214.2
2020-06-24T13:20	82.03145	9.96804	0.260	215.9
2020-06-24T13:30	82.03090	9.96490	0.253	218.3
2020-06-24T13:40	82.03036	9.96157	0.254	220.8
2020-06-24T13:50	82.02985	9.95811	0.254	222.9
2020-06-24T14:00	82.02934	9.95480	0.247	222.1
2020-06-24T14:10	82.02886	9.95139	0.243	224.5
2020-06-24T14:20	82.02842	9.94775	0.241	229.0
2020-06-24T14:30	82.02801	9.94407	0.235	231.5
2020-06-24T14:40	82.02765	9.94044	0.224	234.1
2020-06-24T14:50	82.02733	9.93660	0.223	239.2
2020-06-24T15:00	82.02706	9.93245	0.229	244.8
2020-06-24T15:10	82.02680	9.92790	0.246	247.6
2020-06-24T15:20	82.02653	9.92314	0.257	247.7
2020-06-24T15:30	82.02627	9.91860	0.245	247.8
2020-06-24T15:40	82.02607	9.91392	0.245	252.9
2020-06-24T15:50	82.02591	9.90934	0.236	256.0
2020-06-24T16:00	82.02576	9.90448	0.249	257.3
2020-06-24T16:10	82.02564	9.89951	0.252	260.2
2020-06-24T16:20	82.02560	9.89447	0.252	266.7
2020-06-24T16:30	82.02559	9.88923	0.262	269.2
2020-06-24T16:40	82.02557	9.88394	0.264	268.3
2020-06-24T16:50	82.02557	9.87860	0.267	270.2
2020-06-24T17:00	82.02563	9.87321	0.270	274.3
2020-06-24T17:10	82.02581	9.86808	0.264	283.9
2020-06-24T17:20	82.02595	9.86249	0.284	280.7
2020-06-24T17:30	82.02611	9.85689	0.286	281.6
2020-06-24T17:40	82.02631	9.85161	0.273	285.1
2020-06-24T17:50	82.02653	9.84656	0.265	287.4
2020-06-24T18:00	82.02679	9.84170	0.260	290.9
2020-06-24T18:10	82.02707	9.83721	0.247	294.9
2020-06-24T18:20	82.02740	9.83279	0.250	297.7
2020-06-24T18:30	82.02770	9.82845	0.242	296.6
2020-06-24T18:40	82.02808	9.82464	0.234	305.6
2020-06-24T18:50	82.02842	9.82060	0.236	301.2
2020-06-24T19:00	82.02881	9.81689	0.232	307.1
2020-06-24T19:10	82.02920	9.81388	0.206	313.2
2020-06-24T19:20	82.02967	9.81156	0.205	325.6
2020-06-24T19:30	82.03015	9.80921	0.211	326.2
2020-06-24T19:40	82.03066	9.80616	0.237	320.0
2020-06-24T19:50	82.03117	9.80343	0.230	323.7
2020-06-24T20:00	82.03171	9.80093	0.232	327.4
2020-06-24T20:10	82.03230	9.79888	0.234	334.1
2020-06-24T20:20	82.03290	9.79717	0.233	338.5
2020-06-24T20:30	82.03353	9.79569	0.236	341.8
2020-06-24T20:40	82.03416	9.79439	0.238	344.2
2020-06-24T20:50	82.03480	9.79327	0.236	346.2
2020-06-24T21:00	82.03546	9.79230	0.242	348.5
2020-06-24T21:10	82.03612	9.79148	0.244	350.4
2020-06-24T21:20	82.03680	9.79102	0.246	354.6
2020-06-24T21:30	82.03749	9.79079	0.247	357.3
2020-06-24T21:40	82.03817	9.79077	0.246	359.8
2020-06-24T21:50	82.03886	9.79098	0.246	2.4
2020-06-24T22:00	82.03954	9.79149	0.246	5.9
2020-06-24T22:10	82.04021	9.79229	0.247	9.3
2020-06-24T22:20	82.04089	9.79338	0.250	12.6
2020-06-24T22:30	82.04158	9.79491	0.260	17.0
2020-06-24T22:40	82.04229	9.79686	0.272	20.9
2020-06-24T22:50	82.04299	9.79918	0.279	24.5
2020-06-24T23:00	82.04369	9.80192	0.287	28.5
2020-06-24T23:10	82.04440	9.80507	0.300	31.6
2020-06-24T23:20	82.04513	9.80861	0.315	34.1
2020-06-24T23:30	82.04584	9.81252	0.323	37.1
2020-06-24T23:40	82.04657	9.81665	0.333	38.2
2020-06-24T23:50	82.04728	9.82118	0.341	41.6
2020-06-25T00:00	82.04800	9.82611	0.357	43.5
2020-06-25T00:10	82.04873	9.83134	0.371	44.6
2020-06-25T00:20	82.04948	9.83681	0.384	45.2
2020-06-25T00:30	82.05025	9.84252	0.397	45.6
2020-06-25T00:40	82.05103	9.84847	0.407	46.8
2020-06-25T00:50	82.05180	9.85471	0.418	48.1
2020-06-25T01:00	82.05258	9.86124	0.430	49.1
2020-06-25T01:10	82.05337	9.86804	0.441	50.1
2020-06-25T01:20	82.05414	9.87517	0.450	52.1
2020-06-25T01:30	82.05489	9.88257	0.457	53.7
2020-06-25T01:40	82.05561	9.89036	0.466	56.2
2020-06-25T01:50	82.05634	9.89856	0.485	57.2
2020-06-25T02:00	82.05699	9.90683	0.474	60.2
2020-06-25T02:10	82.05766	9.91536	0.488	60.5
2020-06-25T02:20	82.05832	9.92390	0.487	60.8
2020-06-25T02:30	82.05896	9.93275	0.497	62.4
2020-06-25T02:40	82.05959	9.94178	0.503	63.3
2020-06-25T02:50	82.06020	9.95103	0.511	64.2
2020-06-25T03:00	82.06080	9.96033	0.510	65.1
2020-06-25T03:10	82.06138	9.96959	0.505	65.7
2020-06-25T03:20	82.06193	9.97884	0.501	66.7
2020-06-25T03:30	82.06245	9.98807	0.496	67.7
2020-06-25T03:40	82.06295	9.99728	0.492	68.7
2020-06-25T03:50	82.06341	10.00652	0.489	70.0
2020-06-25T04:00	82.06385	10.01582	0.488	71.0
2020-06-25T04:10	82.06426	10.02507	0.483	72.4
2020-06-25T04:20	82.06465	10.03420	0.475	72.8
2020-06-25T04:30	82.06500	10.04325	0.468	74.1
2020-06-25T04:40	82.06532	10.05225	0.461	75.8
2020-06-25T04:50	82.06562	10.06118	0.457	76.1
2020-06-25T05:00	82.06590	10.07004	0.452	77.3
2020-06-25T05:10	82.06612	10.07865	0.435	79.6
2020-06-25T05:20	82.06628	10.08705	0.421	82.0
2020-06-25T05:30	82.06641	10.09527	0.411	83.6
2020-06-25T05:40	82.06649	10.10343	0.407	85.6
2020-06-25T05:50	82.06655	10.11112	0.382	87.2
2020-06-25T06:00	82.06667	10.11853	0.371	83.3
2020-06-25T06:10	82.06669	10.12560	0.351	88.7
2020-06-25T06:20	82.06669	10.13267	0.351	89.6
2020-06-25T06:30	82.06671	10.13942	0.336	89.0
2020-06-25T06:40	82.06670	10.14590	0.322	90.6
2020-06-25T06:50	82.06667	10.15197	0.302	92.0
2020-06-25T07:00	82.06662	10.15770	0.285	93.7
2020-06-25T07:10	82.06651	10.16328	0.280	98.4
2020-06-25T07:20	82.06641	10.16855	0.264	97.6
2020-06-25T07:30	82.06621	10.17320	0.242	107.0
2020-06-25T07:40	82.06604	10.17736	0.216	107.1
2020-06-25T07:50	82.06586	10.18120	0.201	108.2
2020-06-25T08:00	82.06562	10.18483	0.199	115.3
2020-06-25T08:10	82.06533	10.18819	0.198	122.5
2020-06-25T08:20	82.06503	10.19102	0.178	127.8
2020-06-25T08:30	82.06474	10.19331	0.153	131.9
2020-06-25T08:40	82.06443	10.19528	0.150	139.4
2020-06-25T08:50	82.06408	10.19685	0.147	147.8
2020-06-25T09:00	82.06363	10.19837	0.177	154.9
2020-06-25T09:10	82.06308	10.19939	0.205	165.5
2020-06-25T09:20	82.06254	10.20051	0.205	164.3
2020-06-25T09:30	82.06208	10.20093	0.166	172.6
2020-06-25T09:40	82.06161	10.20123	0.171	175.0
2020-06-25T09:50	82.06112	10.20124	0.174	179.9
2020-06-25T10:00	82.06064	10.20119	0.174	180.9
2020-06-25T10:10	82.06003	10.20059	0.222	187.6
2020-06-25T10:20	82.05938	10.20012	0.235	185.7
2020-06-25T10:30	82.05874	10.19946	0.235	188.2
2020-06-25T10:40	82.05816	10.19818	0.215	197.2
2020-06-25T10:50	82.05757	10.19661	0.228	200.0
2020-06-25T11:00	82.05696	10.19480	0.237	202.3
2020-06-25T11:10	82.05637	10.19279	0.235	205.0
2020-06-25T11:20	82.05575	10.19051	0.251	207.0
2020-06-25T11:30	82.05510	10.18822	0.260	206.0
2020-06-25T11:40	82.05442	10.18575	0.274	206.6
2020-06-25T11:50	82.05370	10.18307	0.290	207.4
2020-06-25T12:00	82.05297	10.18020	0.299	208.6
2020-06-25T12:10	82.05223	10.17713	0.308	209.8
2020-06-25T12:20	82.05145	10.17375	0.329	210.8
2020-06-25T12:30	82.05067	10.17032	0.329	211.2
2020-06-25T12:40	82.04988	10.16677	0.334	212.0
2020-06-25T12:50	82.04910	10.16317	0.332	212.6
2020-06-25T13:00	82.04832	10.15942	0.338	213.6
2020-06-25T13:10	82.04752	10.15557	0.347	213.6
2020-06-25T13:20	82.04671	10.15164	0.352	213.7
2020-06-25T13:30	82.04590	10.14783	0.346	213.3
2020-06-25T13:40	82.04514	10.14397	0.335	215.1
2020-06-25T13:50	82.04439	10.13992	0.338	216.7
2020-06-25T14:00	82.04366	10.13569	0.338	218.6
2020-06-25T14:10	82.04296	10.13142	0.330	220.1
2020-06-25T14:20	82.04228	10.12698	0.328	222.4
2020-06-25T14:30	82.04161	10.12245	0.330	223.1
2020-06-25T14:40	82.04095	10.11791	0.328	223.6
2020-06-25T14:50	82.04032	10.11313	0.329	226.3
2020-06-25T15:00	82.03969	10.10815	0.336	227.7
2020-06-25T15:10	82.03908	10.10314	0.335	228.3
2020-06-25T15:20	82.03848	10.09808	0.331	229.6
2020-06-25T15:30	82.03788	10.09278	0.342	230.7
2020-06-25T15:40	82.03725	10.08738	0.352	230.0
2020-06-25T15:50	82.03664	10.08207	0.344	230.4
2020-06-25T16:00	82.03606	10.07690	0.333	230.7
2020-06-25T16:10	82.03547	10.07165	0.337	231.1
2020-06-25T16:20	82.03490	10.06653	0.326	231.5
2020-06-25T16:30	82.03439	10.06128	0.320	234.9
2020-06-25T16:40	82.03396	10.05610	0.302	238.7
2020-06-25T16:50	82.03347	10.05077	0.318	236.6
2020-06-25T17:00	82.03309	10.04520	0.310	243.6
2020-06-25T17:10	82.03272	10.03905	0.334	247.0
2020-06-25T17:20	82.03238	10.03298	0.327	247.9
2020-06-25T17:30	82.03205	10.02686	0.328	248.6
2020-06-25T17:40	82.03180	10.02049	0.330	254.3
2020-06-25T17:50	82.03162	10.01393	0.334	258.6
2020-06-25T18:00	82.03142	10.00722	0.343	258.0
2020-06-25T18:10	82.03129	10.00026	0.351	262.4
2020-06-25T18:20	82.03117	9.99347	0.342	262.4
2020-06-25T18:30	82.03105	9.98686	0.332	262.8
2020-06-25T18:40	82.03096	9.98034	0.328	264.0
2020-06-25T18:50	82.03088	9.97387	0.324	265.2
2020-06-25T19:00	82.03079	9.96685	0.352	264.3
2020-06-25T19:10	82.03075	9.96048	0.318	267.8
2020-06-25T19:20	82.03077	9.95433	0.307	271.6
2020-06-25T19:30	82.03088	9.94762	0.337	276.7
2020-06-25T19:40	82.03113	9.94213	0.289	288.2
2020-06-25T19:50	82.03133	9.93638	0.295	283.7
2020-06-25T20:00	82.03151	9.93068	0.292	283.1
2020-06-25T20:10	82.03176	9.92517	0.289	288.0
2020-06-25T20:20	82.03208	9.92003	0.280	293.9
2020-06-25T20:30	82.03243	9.91524	0.270	297.8
2020-06-25T20:40	82.03279	9.91074	0.261	300.5
2020-06-25T20:50	82.03316	9.90611	0.265	299.4
2020-06-25T21:00	82.03360	9.90183	0.267	307.1
2020-06-25T21:10	82.03401	9.89809	0.237	308.2
2020-06-25T21:20	82.03448	9.89460	0.242	313.9
2020-06-25T21:30	82.03497	9.89157	0.233	319.8
2020-06-25T21:40	82.03545	9.88839	0.234	317.4
2020-06-25T21:50	82.03596	9.88512	0.245	318.2
2020-06-25T22:00	82.03649	9.88217	0.243	322.7
2020-06-25T22:10	82.03708	9.87961	0.248	329.0
2020-06-25T22:20	82.03763	9.87761	0.221	333.1
2020-06-25T22:30	82.03817	9.87607	0.208	338.4
2020-06-25T22:40	82.03871	9.87501	0.201	344.7
2020-06-25T22:50	82.03924	9.87441	0.193	351.1
2020-06-25T23:00	82.03977	9.87412	0.192	355.7
2020-06-25T23:10	82.04031	9.87416	0.194	0.6
2020-06-25T23:20	82.04088	9.87448	0.207	4.4
2020-06-25T23:30	82.04147	9.87502	0.213	7.3
2020-06-25T23:40	82.04207	9.87598	0.220	12.5
2020-06-25T23:50	82.04267	9.87735	0.227	17.5
2020-06-26T00:00	82.04326	9.87904	0.230	21.5
2020-06-26T00:10	82.04387	9.88106	0.239	24.9
2020-06-26T00:20	82.04448	9.88333	0.247	27.3
2020-06-26T00:30	82.04508	9.88591	0.252	30.6
2020-06-26T00:40	82.04567	9.88896	0.260	35.7
2020-06-26T00:50	82.04626	9.89225	0.269	37.5
2020-06-26T01:00	82.04685	9.89566	0.272	38.7
2020-06-26T01:10	82.04743	9.89935	0.280	41.1
2020-06-26T01:20	82.04801	9.90331	0.285	43.8
2020-06-26T01:30	82.04856	9.90765	0.293	47.5
2020-06-26T01:40	82.04911	9.91233	0.307	49.5
2020-06-26T01:50	82.04967	9.91739	0.323	51.3
2020-06-26T02:00	82.05018	9.92268	0.321	55.1
2020-06-26T02:10	82.05067	9.92823	0.327	57.7
2020-06-26T02:20	82.05112	9.93410	0.335	60.7
2020-06-26T02:30	82.05156	9.94009	0.337	62.1
2020-06-26T02:40	82.05196	9.94624	0.339	64.5
2020-06-26T02:50	82.05236	9.95256	0.345	65.6
2020-06-26T03:00	82.05273	9.95909	0.352	67.4
2020-06-26T03:10	82.05309	9.96591	0.363	69.4
2020-06-26T03:20	82.05341	9.97281	0.362	71.5
2020-06-26T03:30	82.05371	9.97991	0.370	72.7
2020-06-26T03:40	82.05400	9.98729	0.381	74.5
2020-06-26T03:50	82.05422	9.99486	0.385	78.0
2020-06-26T04:00	82.05440	10.00263	0.392	80.2
2020-06-26T04:10	82.05455	10.01067	0.404	82.7
2020-06-26T04:20	82.05466	10.01903	0.418	84.6
2020-06-26T04:30	82.05468	10.02770	0.431	88.7
2020-06-26T04:40	82.05463	10.03622	0.425	92.6
2020-06-26T04:50	82.05458	10.04487	0.431	92.6
2020-06-26T05:00	82.05448	10.05363	0.437	94.8
2020-06-26T05:10	82.05434	10.06219	0.429	96.3
2020-06-26T05:20	82.05419	10.07067	0.426	97.3
2020-06-26T05:30	82.05401	10.07902	0.421	99.1
2020-06-26T05:40	82.05380	10.08723	0.416	100.5
2020-06-26T05:50	82.05357	10.09522	0.406	101.9
2020-06-26T06:00	82.05331	10.10307	0.402	103.4
2020-06-26T06:10	82.05300	10.11085	0.402	105.8
2020-06-26T06:20	82.05266	10.11843	0.397	108.2
2020-06-26T06:30	82.05227	10.12579	0.392	110.8
2020-06-26T06:40	82.05187	10.13294	0.384	112.2
2020-06-26T06:50	82.05142	10.13996	0.384	114.6
2020-06-26T07:00	82.05094	10.14670	0.379	117.7
2020-06-26T07:10	82.05044	10.15315	0.368	119.2
2020-06-26T07:20	82.04990	10.15938	0.365	121.8
2020-06-26T07:30	82.04929	10.16519	0.363	127.1
2020-06-26T07:40	82.04869	10.17073	0.351	128.1
2020-06-26T07:50	82.04807	10.17648	0.363	127.9
2020-06-26T08:00	82.04742	10.18218	0.367	129.3
2020-06-26T08:10	82.04676	10.18735	0.351	132.8
2020-06-26T08:20	82.04610	10.19227	0.342	134.1
2020-06-26T08:30	82.04536	10.19689	0.353	139.2
2020-06-26T08:40	82.04463	10.20107	0.336	141.7
2020-06-26T08:50	82.04393	10.20492	0.315	142.4
2020-06-26T09:00	82.04325	10.20833	0.300	145.5
2020-06-26T09:10	82.04248	10.21137	0.316	151.4
2020-06-26T09:20	82.04169	10.21400	0.312	155.1
2020-06-26T09:30	82.04090	10.21620	0.303	158.8
2020-06-26T09:40	82.04009	10.21823	0.311	161.0
2020-06-26T09:50	82.03926	10.21974	0.306	165.7
2020-06-26T10:00	82.03838	10.22085	0.323	170.1
2020-06-26T10:10	82.03750	10.22168	0.318	172.5
2020-06-26T10:20	82.03663	10.22218	0.314	175.5
2020-06-26T10:30	82.03572	10.22243	0.328	177.8
2020-06-26T10:40	82.03476	10.22245	0.346	179.8
2020-06-26T10:50	82.03372	10.22215	0.376	182.3
2020-06-26T11:00	82.03266	10.22177	0.384	182.9
2020-06-26T11:10	82.03152	10.22124	0.408	183.7
2020-06-26T11:20	82.03047	10.22041	0.380	186.2
2020-06-26T11:30	82.02942	10.21913	0.384	189.6
2020-06-26T11:40	82.02834	10.21755	0.397	191.5
2020-06-26T11:50	82.02729	10.21588	0.388	192.4
2020-06-26T12:00	82.02612	10.21354	0.438	195.5
2020-06-26T12:10	82.02497	10.21094	0.432	197.5
2020-06-26T12:20	82.02383	10.20786	0.440	200.5
2020-06-26T12:30	82.02267	10.20460	0.449	201.3
2020-06-26T12:40	82.02152	10.20085	0.453	204.4
2020-06-26T12:50	82.02033	10.19648	0.480	207.1
2020-06-26T13:00	82.01919	10.19174	0.476	209.8
2020-06-26T13:10	82.01806	10.18684	0.474	211.1
2020-06-26T13:20	82.01692	10.18178	0.482	211.6
2020-06-26T13:30	82.01576	10.17646	0.493	212.6
2020-06-26T13:40	82.01460	10.17105	0.500	212.8
2020-06-26T13:50	82.01341	10.16573	0.504	211.8
2020-06-26T14:00	82.01221	10.16040	0.507	211.8
2020-06-26T14:10	82.01103	10.15502	0.504	212.3
2020-06-26T14:20	82.00986	10.14949	0.502	213.4
2020-06-26T14:30	82.00870	10.14383	0.506	214.1
2020-06-26T14:40	82.00754	10.13811	0.507	214.4
2020-06-26T14:50	82.00637	10.13221	0.514	215.1
2020-06-26T15:00	82.00521	10.12634	0.510	215.2
2020-06-26T15:10	82.00406	10.12054	0.508	214.9
2020-06-26T15:20	82.00289	10.11475	0.512	214.5
2020-06-26T15:30	82.00166	10.10846	0.541	215.6
2020-06-26T15:40	82.00042	10.10227	0.544	214.8
2020-06-26T15:50	81.99921	10.09596	0.539	215.9
2020-06-26T16:00	81.99800	10.08944	0.544	216.9
2020-06-26T16:10	81.99678	10.08266	0.556	217.7
2020-06-26T16:20	81.99560	10.07559	0.554	219.8
2020-06-26T16:30	81.99445	10.06849	0.544	220.9
2020-06-26T16:40	81.99336	10.06154	0.527	221.4
2020-06-26T16:50	81.99227	10.05441	0.530	222.5
2020-06-26T17:00	81.99123	10.04740	0.513	223.2
2020-06-26T17:10	81.99014	10.04006	0.540	223.0
2020-06-26T17:20	81.98915	10.03259	0.517	226.5
2020-06-26T17:30	81.98819	10.02502	0.514	227.6
2020-06-26T17:40	81.98726	10.01743	0.507	228.8
2020-06-26T17:50	81.98641	10.01014	0.476	230.1
2020-06-26T18:00	81.98550	10.00235	0.511	230.1
2020-06-26T18:10	81.98461	9.99439	0.513	231.2
2020-06-26T18:20	81.98378	9.98665	0.490	232.5
2020-06-26T18:30	81.98299	9.97888	0.483	233.9
2020-06-26T18:40	81.98217	9.97102	0.492	233.2
2020-06-26T18:50	81.98145	9.96390	0.442	234.0
2020-06-26T19:00	81.98081	9.95649	0.438	238.2
2020-06-26T19:10	81.98023	9.94897	0.432	241.0
2020-06-26T19:20	81.97967	9.94218	0.396	239.5
2020-06-26T19:30	81.97917	9.93497	0.404	243.7
2020-06-26T19:40	81.97871	9.92809	0.383	244.6
2020-06-26T19:50	81.97825	9.92134	0.378	243.7
2020-06-26T20:00	81.97777	9.91413	0.401	244.5
2020-06-26T20:10	81.97737	9.90684	0.393	248.8
2020-06-26T20:20	81.97698	9.89921	0.408	249.9
2020-06-26T20:30	81.97661	9.89141	0.414	251.1
2020-06-26T20:40	81.97630	9.88402	0.388	253.4
2020-06-26T20:50	81.97608	9.87679	0.372	257.8
2020-06-26T21:00	81.97589	9.86969	0.363	258.9
2020-06-26T21:10	81.97574	9.86294	0.344	260.9
2020-06-26T21:20	81.97564	9.85626	0.338	264.1
2020-06-26T21:30	81.97554	9.84972	0.331	263.7
2020-06-26T21:40	81.97549	9.84334	0.321	266.7
2020-06-26T21:50	81.97553	9.83748	0.295	272.7
2020-06-26T22:00	81.97556	9.83174	0.288	272.5
2020-06-26T22:10	81.97560	9.82642	0.268	272.9
2020-06-26T22:20	81.97568	9.82145	0.252	276.5
2020-06-26T22:30	81.97583	9.81670	0.245	282.9
2020-06-26T22:40	81.97601	9.81225	0.233	286.3
2020-06-26T22:50	81.97618	9.80824	0.211	286.9
2020-06-26T23:00	81.97634	9.80454	0.195	287.5
2020-06-26T23:10	81.97651	9.80126	0.176	290.4
2020-06-26T23:20	81.97673	9.79826	0.169	296.7
2020-06-26T23:30	81.97698	9.79569	0.159	305.7
2020-06-26T23:40	81.97721	9.79347	0.139	306.7
2020-06-26T23:50	81.97741	9.79159	0.119	307.2
2020-06-27T00:00	81.97756	9.78997	0.097	303.4
2020-06-27T00:10	81.97771	9.78863	0.085	308.2
2020-06-27T00:20	81.97780	9.78729	0.075	296.5
2020-06-27T00:30	81.97794	9.78645	0.066	320.2
2020-06-27T00:40	81.97811	9.78589	0.066	334.6
2020-06-27T00:50	81.97828	9.78564	0.062	348.2
2020-06-27T01:00	81.97844	9.78555	0.061	355.8
2020-06-27T01:10	81.97860	9.78580	0.058	12.5
2020-06-27T01:20	81.97876	9.78642	0.066	28.2
2020-06-27T01:30	81.97892	9.78733	0.071	40.0
2020-06-27T01:40	81.97908	9.78847	0.082	44.1
2020-06-27T01:50	81.97929	9.78980	0.101	41.5
2020-06-27T02:00	81.97952	9.79128	0.113	41.3
2020-06-27T02:10	81.97968	9.79282	0.095	54.6
2020-06-27T02:20	81.97982	9.79468	0.108	60.4
2020-06-27T02:30	81.97995	9.79679	0.115	67.4
2020-06-27T02:40	81.98007	9.79922	0.130	69.6
2020-06-27T02:50	81.98017	9.80193	0.141	75.6
2020-06-27T03:00	81.98025	9.80494	0.154	79.3
2020-06-27T03:10	81.98033	9.80831	0.172	80.9
2020-06-27T03:20	81.98037	9.81172	0.172	84.6
2020-06-27T03:30	81.98037	9.81512	0.171	90.4
2020-06-27T03:40	81.98029	9.81851	0.173	99.1
2020-06-27T03:50	81.98021	9.82211	0.183	99.1
2020-06-27T04:00	81.98008	9.82581	0.192	104.2
2020-06-27T04:10	81.97991	9.82971	0.205	107.3
2020-06-27T04:20	81.97970	9.83370	0.214	110.5
2020-06-27T04:30	81.97944	9.83774	0.224	114.8
2020-06-27T04:40	81.97917	9.84185	0.228	115.3
2020-06-27T04:50	81.97890	9.84601	0.231	115.4
2020-06-27T05:00	81.97864	9.85028	0.234	113.3
2020-06-27T05:10	81.97837	9.85443	0.229	114.8
2020-06-27T05:20	81.97810	9.85849	0.226	115.5
2020-06-27T05:30	81.97778	9.86243	0.230	120.6
2020-06-27T05:40	81.97744	9.86627	0.229	122.3
2020-06-27T05:50	81.97707	9.87003	0.231	125.3
2020-06-27T06:00	81.97666	9.87371	0.235	128.0
2020-06-27T06:10	81.97622	9.87732	0.243	131.7
2020-06-27T06:20	81.97571	9.88102	0.262	134.7
2020-06-27T06:30	81.97545	9.88679	0.305	107.8
2020-06-27T06:40	81.97477	9.88980	0.286	148.1
2020-06-27T06:50	81.97440	9.89518	0.301	116.2
2020-06-27T07:00	81.97372	9.89773	0.276	152.3
2020-06-27T07:10	81.97276	9.89852	0.348	173.4
2020-06-27T07:20	81.97210	9.90046	0.258	157.8
2020-06-27T07:30	81.97130	9.90188	0.295	166.1
2020-06-27T07:40	81.97056	9.90402	0.287	158.0
2020-06-27T07:50	81.96983	9.90614	0.283	157.8
2020-06-27T08:00	81.96903	9.90776	0.299	164.2
2020-06-27T08:10	81.96821	9.90891	0.301	168.9
2020-06-27T08:20	81.96740	9.90992	0.298	170.2
2020-06-27T08:30	81.96656	9.91075	0.304	172.1
2020-06-27T08:40	81.96570	9.91129	0.313	175.0
2020-06-27T08:50	81.96484	9.91164	0.307	176.7
2020-06-27T09:00	81.96397	9.91179	0.314	178.6
2020-06-27T09:10	81.96308	9.91172	0.323	180.6
2020-06-27T09:20	81.96218	9.91148	0.323	182.1
2020-06-27T09:30	81.96126	9.91105	0.333	183.8
2020-06-27T09:40	81.96035	9.91053	0.328	184.6
2020-06-27T09:50	81.95947	9.90985	0.320	186.2
2020-06-27T10:00	81.95856	9.90885	0.329	188.7
2020-06-27T10:10	81.95767	9.90761	0.327	191.0
2020-06-27T10:20	81.95679	9.90607	0.325	193.8
2020-06-27T10:30	81.95591	9.90435	0.328	195.4
2020-06-27T10:40	81.95503	9.90239	0.335	197.1
2020-06-27T10:50	81.95417	9.90027	0.328	199.0
2020-06-27T11:00	81.95331	9.89785	0.332	201.6
2020-06-27T11:10	81.95243	9.89537	0.338	201.7
2020-06-27T11:20	81.95155	9.89281	0.343	202.1
2020-06-27T11:30	81.95064	9.89015	0.354	202.3
2020-06-27T11:40	81.94974	9.88740	0.354	203.0
2020-06-27T11:50	81.94880	9.88472	0.363	201.9
2020-06-27T12:00	81.94782	9.88196	0.380	201.5
2020-06-27T12:10	81.94681	9.87902	0.393	202.2
2020-06-27T12:20	81.94581	9.87607	0.390	202.4
2020-06-27T12:30	81.94479	9.87298	0.398	203.1
2020-06-27T12:40	81.94377	9.86982	0.401	203.4
2020-06-27T12:50	81.94275	9.86658	0.402	204.0
2020-06-27T13:00	81.94172	9.86330	0.407	204.0
2020-06-27T13:10	81.94067	9.85998	0.413	203.9
2020-06-27T13:20	81.93960	9.85658	0.421	204.1
2020-06-27T13:30	81.93851	9.85307	0.431	204.3
2020-06-27T13:40	81.93739	9.84948	0.441	204.3
2020-06-27T13:50	81.93627	9.84583	0.444	204.5
2020-06-27T14:00	81.93513	9.84207	0.452	204.9
2020-06-27T14:10	81.93397	9.83817	0.462	205.2
2020-06-27T14:20	81.93280	9.83417	0.468	205.5
2020-06-27T14:30	81.93164	9.83001	0.467	206.8
2020-06-27T14:40	81.93050	9.82577	0.462	207.6
2020-06-27T14:50	81.92938	9.82128	0.465	209.2
2020-06-27T15:00	81.92826	9.81675	0.463	209.7
2020-06-27T15:10	81.92716	9.81211	0.460	210.7
2020-06-27T15:20	81.92607	9.80744	0.460	210.9
2020-06-27T15:30	81.92496	9.80268	0.465	211.2
2020-06-27T15:40	81.92387	9.79769	0.468	212.7
2020-06-27T15:50	81.92278	9.79252	0.469	213.9
2020-06-27T16:00	81.92173	9.78723	0.465	215.2
2020-06-27T16:10	81.92070	9.78192	0.456	216.0
2020-06-27T16:20	81.91970	9.77654	0.452	217.1
2020-06-27T16:30	81.91871	9.77092	0.457	218.4
2020-06-27T16:40	81.91773	9.76527	0.453	219.1
2020-06-27T16:50	81.91678	9.75971	0.443	219.5
2020-06-27T17:00	81.91587	9.75422	0.429	220.3
2020-06-27T17:10	81.91496	9.74826	0.446	222.7
2020-06-27T17:20	81.91408	9.74201	0.449	224.8
2020-06-27T17:30	81.91322	9.73551	0.452	226.7
2020-06-27T17:40	81.91237	9.72870	0.459	228.6
2020-06-27T17:50	81.91157	9.72171	0.456	230.9
2020-06-27T18:00	81.91083	9.71457	0.451	233.3
2020-06-27T18:10	81.91011	9.70725	0.451	235.3
2020-06-27T18:20	81.90945	9.69979	0.447	237.8
2020-06-27T18:30	81.90883	9.69225	0.442	239.8
2020-06-27T18:40	81.90824	9.68467	0.439	240.9
2020-06-27T18:50	81.90768	9.67690	0.443	242.9
2020-06-27T19:00	81.90718	9.66896	0.442	245.8
2020-06-27T19:10	81.90675	9.66127	0.419	248.3
2020-06-27T19:20	81.90638	9.65364	0.408	251.3
2020-06-27T19:30	81.90608	9.64606	0.399	254.2
2020-06-27T19:40	81.90583	9.63862	0.388	256.7
2020-06-27T19:50	81.90561	9.63113	0.388	257.8
2020-06-27T20:00	81.90541	9.62379	0.379	259.3
2020-06-27T20:10	81.90527	9.61648	0.374	262.1
2020-06-27T20:20	81.90515	9.60912	0.376	263.4
2020-06-27T20:30	81.90506	9.60186	0.369	265.0
2020-06-27T20:40	81.90503	9.59471	0.363	268.3
2020-06-27T20:50	81.90501	9.58747	0.367	269.0
2020-06-27T21:00	81.90498	9.58019	0.369	268.6
2020-06-27T21:10	81.90497	9.57312	0.358	269.1
2020-06-27T21:20	81.90499	9.56618	0.352	271.4
2020-06-27T21:30	81.90506	9.55939	0.345	274.2
2020-06-27T21:40	81.90522	9.55291	0.333	279.6
2020-06-27T21:50	81.90539	9.54660	0.326	281.3
2020-06-27T22:00	81.90554	9.54029	0.324	279.5
2020-06-27T22:10	81.90570	9.53424	0.312	280.8
2020-06-27T22:20	81.90587	9.52846	0.299	281.7
2020-06-27T22:30	81.90605	9.52306	0.281	283.4
2020-06-27T22:40	81.90625	9.51784	0.274	285.0
2020-06-27T22:50	81.90644	9.51276	0.266	285.2
2020-06-27T23:00	81.90662	9.50792	0.254	284.7
2020-06-27T23:10	81.90681	9.50357	0.230	286.7
2020-06-27T23:20	81.90702	9.49961	0.214	290.4
2020-06-27T23:30	81.90722	9.49598	0.198	291.7
2020-06-27T23:40	81.90742	9.49259	0.186	292.6
2020-06-27T23:50	81.90760	9.48953	0.168	293.0
2020-06-28T00:00	81.90779	9.48655	0.167	294.7
2020-06-28T00:10	81.90798	9.48400	0.146	297.8
2020-06-28T00:20	81.90815	9.48185	0.125	299.0
2020-06-28T00:30	81.90826	9.47977	0.112	289.8
2020-06-28T00:40	81.90838	9.47819	0.092	299.6
2020-06-28T00:50	81.90851	9.47698	0.077	306.9
2020-06-28T01:00	81.90864	9.47603	0.067	314.7
2020-06-28T01:10	81.90877	9.47534	0.058	322.9
2020-06-28T01:20	81.90888	9.47494	0.045	333.4
2020-06-28T01:30	81.90895	9.47490	0.024	354.2
2020-06-28T01:40	81.90902	9.47522	0.032	30.5
2020-06-28T01:50	81.90905	9.47551	0.017	61.8
2020-06-28T02:00	81.90903	9.47631	0.041	98.3
2020-06-28T02:10	81.90899	9.47721	0.048	109.2
2020-06-28T02:20	81.90893	9.47822	0.055	111.0
2020-06-28T02:30	81.90885	9.47934	0.064	117.9
2020-06-28T02:40	81.90873	9.48061	0.077	123.5
2020-06-28T02:50	81.90857	9.48196	0.088	129.3
2020-06-28T03:00	81.90840	9.48334	0.093	131.3
2020-06-28T03:10	81.90822	9.48466	0.094	134.8
2020-06-28T03:20	81.90801	9.48600	0.102	138.0
2020-06-28T03:30	81.90778	9.48746	0.112	138.6
2020-06-28T03:40	81.90753	9.48888	0.115	141.1
2020-06-28T03:50	81.90729	9.49034	0.114	139.7
2020-06-28T04:00	81.90704	9.49183	0.117	139.7
2020-06-28T04:10	81.90679	9.49338	0.119	138.4
2020-06-28T04:20	81.90654	9.49483	0.118	141.6
2020-06-28T04:30	81.90625	9.49637	0.128	142.5
2020-06-28T04:40	81.90594	9.49809	0.141	141.9
2020-06-28T04:50	81.90561	9.49988	0.152	143.3
2020-06-28T05:00	81.90523	9.50171	0.165	145.7
2020-06-28T05:10	81.90484	9.50351	0.167	147.0
2020-06-28T05:20	81.90441	9.50533	0.181	149.2
2020-06-28T05:30	81.90394	9.50700	0.186	153.1
2020-06-28T05:40	81.90344	9.50873	0.200	154.0
2020-06-28T05:50	81.90291	9.51023	0.208	158.6
2020-06-28T06:00	81.90235	9.51171	0.213	159.4
2020-06-28T06:10	81.90182	9.51291	0.199	162.2
2020-06-28T06:20	81.90131	9.51394	0.194	164.3
2020-06-28T06:30	81.90078	9.51482	0.194	166.7
2020-06-28T06:40	81.90025	9.51553	0.194	169.3
2020-06-28T06:50	81.89971	9.51601	0.197	172.9
2020-06-28T07:00	81.89917	9.51638	0.197	174.5
2020-06-28T07:10	81.89862	9.51656	0.198	177.4
2020-06-28T07:20	81.89806	9.51656	0.200	180.0
2020-06-28T07:30	81.89750	9.51652	0.203	180.5
2020-06-28T07:40	81.89695	9.51641	0.196	181.7
2020-06-28T07:50	81.89639	9.51616	0.201	183.6
2020-06-28T08:00	81.89583	9.51587	0.205	184.0
2020-06-28T08:10	81.89528	9.51560	0.199	184.0
2020-06-28T08:20	81.89470	9.51527	0.206	184.7
2020-06-28T08:30	81.89412	9.51502	0.210	183.4
2020-06-28T08:40	81.89348	9.51457	0.233	185.6
2020-06-28T08:50	81.89279	9.51387	0.251	188.1
2020-06-28T09:00	81.89209	9.51309	0.255	188.9
2020-06-28T09:10	81.89140	9.51235	0.252	188.7
2020-06-28T09:20	81.89066	9.51144	0.271	189.8
2020-06-28T09:30	81.88988	9.51050	0.285	189.7
2020-06-28T09:40	81.88908	9.50945	0.291	190.6
2020-06-28T09:50	81.88824	9.50823	0.308	191.6
2020-06-28T10:00	81.88738	9.50678	0.319	193.3
2020-06-28T10:10	81.88651	9.50519	0.324	194.4
2020-06-28T10:20	81.88561	9.50350	0.336	194.8
2020-06-28T10:30	81.88468	9.50164	0.347	195.9
2020-06-28T10:40	81.88370	9.49973	0.367	195.3
2020-06-28T10:50	81.88269	9.49772	0.378	195.7
2020-06-28T11:00	81.88164	9.49546	0.394	197.0
2020-06-28T11:10	81.88055	9.49311	0.411	196.9
2020-06-28T11:20	81.87952	9.49046	0.393	200.1
2020-06-28T11:30	81.87846	9.48779	0.406	199.5
2020-06-28T11:40	81.87738	9.48493	0.416	200.4
2020-06-28T11:50	81.87629	9.48192	0.420	201.4
2020-06-28T12:00	81.87520	9.47871	0.427	202.5
2020-06-28T12:10	81.87410	9.47540	0.429	203.1
2020-06-28T12:20	81.87298	9.47196	0.439	203.5
2020-06-28T12:30	81.87185	9.46839	0.446	204.1
2020-06-28T12:40	81.87071	9.46472	0.450	204.5
2020-06-28T12:50	81.86956	9.46088	0.459	205.2
2020-06-28T13:00	81.86840	9.45690	0.464	205.9
2020-06-28T13:10	81.86724	9.45278	0.468	206.6
2020-06-28T13:20	81.86607	9.44855	0.473	207.1
2020-06-28T13:30	81.86490	9.44423	0.476	207.6
2020-06-28T13:40	81.86372	9.43977	0.481	208.2
2020-06-28T13:50	81.86253	9.43521	0.488	208.4
2020-06-28T14:00	81.86134	9.43066	0.485	208.6
2020-06-28T14:10	81.86016	9.42597	0.489	209.3
2020-06-28T14:20	81.85897	9.42117	0.493	209.7
2020-06-28T14:30	81.85776	9.41618	0.504	210.3
2020-06-28T14:40	81.85655	9.41120	0.504	210.3
2020-06-28T14:50	81.85534	9.40621	0.506	210.2
2020-06-28T15:00	81.85412	9.40114	0.509	210.6
2020-06-28T15:10	81.85291	9.39600	0.507	211.2
2020-06-28T15:20	81.85170	9.39082	0.511	211.2
2020-06-28T15:30	81.85048	9.38542	0.518	212.2
2020-06-28T15:40	81.84933	9.38025	0.491	212.5
2020-06-28T15:50	81.84817	9.37485	0.503	213.2
2020-06-28T16:00	81.84701	9.36937	0.501	213.9
2020-06-28T16:10	81.84587	9.36390	0.498	214.1
2020-06-28T16:20	81.84474	9.35839	0.493	214.8
2020-06-28T16:30	81.84364	9.35280	0.489	215.7
2020-06-28T16:40	81.84256	9.34711	0.486	216.7
2020-06-28T16:50	81.84149	9.34140	0.483	217.1
2020-06-28T17:00	81.84043	9.33562	0.481	217.9
2020-06-28T17:10	81.83937	9.32972	0.487	218.3
2020-06-28T17:20	81.83838	9.32405	0.459	219.1
2020-06-28T17:30	81.83741	9.31831	0.457	219.9
2020-06-28T17:40	81.83648	9.31258	0.445	221.2
2020-06-28T17:50	81.83558	9.30682	0.436	222.5
2020-06-28T18:00	81.83472	9.30111	0.427	223.2
2020-06-28T18:10	81.83389	9.29521	0.425	225.3
2020-06-28T18:20	81.83310	9.28928	0.416	226.8
2020-06-28T18:30	81.83235	9.28329	0.409	228.5
2020-06-28T18:40	81.83165	9.27738	0.392	230.5
2020-06-28T18:50	81.83100	9.27150	0.381	232.2
2020-06-28T19:00	81.83041	9.26559	0.370	234.7
2020-06-28T19:10	81.82987	9.25975	0.356	237.0
2020-06-28T19:20	81.82940	9.25405	0.338	239.5
2020-06-28T19:30	81.82901	9.24843	0.320	244.0
2020-06-28T19:40	81.82865	9.24280	0.315	246.2
2020-06-28T19:50	81.82837	9.23745	0.293	249.4
2020-06-28T20:00	81.82814	9.23218	0.281	253.3
2020-06-28T20:10	81.82797	9.22698	0.274	256.8
2020-06-28T20:20	81.82783	9.22203	0.258	259.1
2020-06-28T20:30	81.82773	9.21722	0.249	261.2
2020-06-28T20:40	81.82767	9.21244	0.245	264.8
2020-06-28T20:50	81.82763	9.20792	0.232	266.8
2020-06-28T21:00	81.82764	9.20360	0.221	270.5
2020-06-28T21:10	81.82768	9.19949	0.211	274.1
2020-06-28T21:20	81.82773	9.19542	0.210	275.4
2020-06-28T21:30	81.82780	9.19163	0.195	277.1
2020-06-28T21:40	81.82788	9.18803	0.187	278.5
2020-06-28T21:50	81.82798	9.18472	0.174	282.7
2020-06-28T22:00	81.82810	9.18161	0.165	285.1
2020-06-28T22:10	81.82824	9.17865	0.159	287.9
2020-06-28T22:20	81.82840	9.17591	0.153	293.2
2020-06-28T22:30	81.82861	9.17316	0.160	298.2
2020-06-28T22:40	81.82881	9.17035	0.161	296.6
2020-06-28T22:50	81.82903	9.16765	0.158	298.9
2020-06-28T23:00	81.82925	9.16517	0.151	302.4
2020-06-28T23:10	81.82949	9.16293	0.144	307.2
2020-06-28T23:20	81.82976	9.16115	0.134	317.2
2020-06-28T23:30	81.83002	9.15932	0.131	314.4
2020-06-28T23:40	81.83029	9.15771	0.128	319.9
2020-06-28T23:50	81.83057	9.15632	0.122	324.3
2020-06-29T00:00	81.83084	9.15510	0.117	327.6
2020-06-29T00:10	81.83112	9.15407	0.115	332.9
2020-06-29T00:20	81.83142	9.15332	0.112	339.8
2020-06-29T00:30	81.83171	9.15283	0.107	346.5
2020-06-29T00:40	81.83199	9.15244	0.106	349.0
2020-06-29T00:50	81.83227	9.15221	0.101	353.4
2020-06-29T01:00	81.83253	9.15213	0.092	357.5
2020-06-29T01:10	81.83277	9.15216	0.088	1.1
2020-06-29T01:20	81.83301	9.15227	0.084	3.8
2020-06-29T01:30	81.83326	9.15256	0.093	9.1
2020-06-29T01:40	81.83346	9.15289	0.075	12.9
2020-06-29T01:50	81.83362	9.15330	0.060	20.6
2020-06-29T02:00	81.83377	9.15386	0.061	27.6
2020-06-29T02:10	81.83388	9.15441	0.047	37.0
2020-06-29T02:20	81.83394	9.15505	0.041	52.8
2020-06-29T02:30	81.83397	9.15574	0.036	76.2
2020-06-29T02:40	81.83394	9.15662	0.046	103.7
2020-06-29T02:50	81.83387	9.15758	0.055	115.1
2020-06-29T03:00	81.83379	9.15851	0.055	121.0
2020-06-29T03:10	81.83368	9.15951	0.066	128.9
2020-06-29T03:20	81.83354	9.16039	0.067	138.3
2020-06-29T03:30	81.83339	9.16150	0.078	132.9
2020-06-29T03:40	81.83327	9.16291	0.085	122.3
2020-06-29T03:50	81.83317	9.16445	0.087	114.6
2020-06-29T04:00	81.83304	9.16578	0.082	124.3
2020-06-29T04:10	81.83289	9.16701	0.082	130.4
2020-06-29T04:20	81.83273	9.16809	0.079	135.5
2020-06-29T04:30	81.83258	9.16896	0.070	140.3
2020-06-29T04:40	81.83242	9.16996	0.078	139.2
2020-06-29T04:50	81.83225	9.17115	0.085	134.3
2020-06-29T05:00	81.83207	9.17258	0.098	131.9
2020-06-29T05:10	81.83189	9.17414	0.103	129.3
2020-06-29T05:20	81.83172	9.17541	0.090	133.3
2020-06-29T05:30	81.83153	9.17685	0.102	133.6
2020-06-29T05:40	81.83127	9.17810	0.111	144.8
2020-06-29T05:50	81.83105	9.17892	0.090	152.1
2020-06-29T06:00	81.83082	9.17961	0.090	157.1
2020-06-29T06:10	81.83058	9.18024	0.093	159.7
2020-06-29T06:20	81.83033	9.18074	0.094	164.3
2020-06-29T06:30	81.83008	9.18112	0.092	167.8
2020-06-29T06:40	81.82983	9.18136	0.089	172.2
2020-06-29T06:50	81.82960	9.18150	0.084	175.0
2020-06-29T07:00	81.82937	9.18160	0.082	176.6
2020-06-29T07:10	81.82916	9.18158	0.075	180.6
2020-06-29T07:20	81.82896	9.18152	0.074	182.6
2020-06-29T07:30	81.82877	9.18137	0.068	186.5
2020-06-29T07:40	81.82859	9.18115	0.067	189.8
2020-06-29T07:50	81.82840	9.18085	0.069	192.6
2020-06-29T08:00	81.82822	9.18056	0.068	192.8
2020-06-29T08:10	81.82804	9.18016	0.068	197.3
2020-06-29T08:20	81.82785	9.17947	0.075	208.0
2020-06-29T08:30	81.82768	9.17860	0.077	215.6
2020-06-29T08:40	81.82751	9.17758	0.080	220.4
2020-06-29T08:50	81.82735	9.17641	0.084	225.6
2020-06-29T09:00	81.82720	9.17508	0.087	231.8
2020-06-29T09:10	81.82708	9.17369	0.083	238.6
2020-06-29T09:20	81.82696	9.17219	0.087	242.0
2020-06-29T09:30	81.82684	9.17061	0.092	241.8
2020-06-29T09:40	81.82671	9.16909	0.091	239.2
2020-06-29T09:50	81.82656	9.16747	0.099	236.9
2020-06-29T10:00	81.82642	9.16581	0.099	238.6
2020-06-29T10:10	81.82629	9.16415	0.097	241.1
2020-06-29T10:20	81.82614	9.16244	0.102	238.7
2020-06-29T10:30	81.82598	9.16075	0.104	236.6
2020-06-29T10:40	81.82582	9.15908	0.104	235.5
2020-06-29T10:50	81.82563	9.15738	0.110	232.4
2020-06-29T11:00	81.82542	9.15560	0.118	230.2
2020-06-29T11:10	81.82520	9.15381	0.122	228.8
2020-06-29T11:20	81.82498	9.15191	0.127	230.3
2020-06-29T11:30	81.82474	9.14995	0.133	229.2
2020-06-29T11:40	81.82448	9.14790	0.138	229.4
2020-06-29T11:50	81.82421	9.14580	0.145	227.5
2020-06-29T12:00	81.82392	9.14358	0.155	227.4
2020-06-29T12:10	81.82359	9.14120	0.170	225.8
2020-06-29T12:20	81.82323	9.13874	0.180	224.4
2020-06-29T12:30	81.82285	9.13605	0.195	224.9
2020-06-29T12:40	81.82245	9.13337	0.199	223.7
2020-06-29T12:50	81.82201	9.13057	0.214	222.3
2020-06-29T13:00	81.82152	9.12749	0.238	221.4
2020-06-29T13:10	81.82102	9.12445	0.236	221.3
2020-06-29T13:20	81.82051	9.12133	0.246	220.6
2020-06-29T13:30	81.81994	9.11808	0.262	219.4
2020-06-29T13:40	81.81936	9.11480	0.269	218.6
2020-06-29T13:50	81.81880	9.11147	0.265	220.1
2020-06-29T14:00	81.81821	9.10796	0.278	220.2
2020-06-29T14:10	81.81760	9.10446	0.284	219.3
2020-06-29T14:20	81.81697	9.10081	0.294	219.6
2020-06-29T14:30	81.81632	9.09698	0.305	220.1
2020-06-29T14:40	81.81566	9.09311	0.309	219.9
2020-06-29T14:50	81.81498	9.08915	0.317	219.9
2020-06-29T15:00	81.81430	9.08512	0.321	220.0
2020-06-29T15:10	81.81360	9.08095	0.332	220.2
2020-06-29T15:20	81.81291	9.07675	0.329	220.9
2020-06-29T15:30	81.81221	9.07236	0.337	221.8
2020-06-29T15:40	81.81151	9.06794	0.339	222.0
2020-06-29T15:50	81.81080	9.06345	0.345	221.9
2020-06-29T16:00	81.81009	9.05897	0.343	222.0
2020-06-29T16:10	81.80938	9.05440	0.348	222.4
2020-06-29T16:20	81.80867	9.04979	0.348	222.9
2020-06-29T16:30	81.80797	9.04513	0.347	223.5
2020-06-29T16:40	81.80728	9.04033	0.351	224.5
2020-06-29T16:50	81.80659	9.03546	0.350	225.5
2020-06-29T17:00	81.80592	9.03052	0.352	226.2
2020-06-29T17:10	81.80526	9.02548	0.351	227.5
2020-06-29T17:20	81.80460	9.02035	0.355	228.0
2020-06-29T17:30	81.80396	9.01516	0.352	229.1
2020-06-29T17:40	81.80336	9.00985	0.348	231.5
2020-06-29T17:50	81.80280	9.00466	0.335	232.8
2020-06-29T18:00	81.80226	8.99931	0.337	234.7
2020-06-29T18:10	81.80174	8.99404	0.328	235.7
2020-06-29T18:20	81.80128	8.98895	0.310	237.3
2020-06-29T18:30	81.80086	8.98399	0.296	239.2
2020-06-29T18:40	81.80048	8.97909	0.286	241.6
2020-06-29T18:50	81.80014	8.97432	0.274	243.4
2020-06-29T19:00	81.79983	8.96969	0.262	244.9
2020-06-29T19:10	81.79955	8.96510	0.256	246.9
2020-06-29T19:20	81.79930	8.96070	0.243	248.4
2020-06-29T19:30	81.79910	8.95640	0.233	251.5
2020-06-29T19:40	81.79893	8.95221	0.223	254.8
2020-06-29T19:50	81.79882	8.94810	0.216	258.5
2020-06-29T20:00	81.79874	8.94401	0.212	262.1
2020-06-29T20:10	81.79871	8.94005	0.204	267.2
2020-06-29T20:20	81.79872	8.93620	0.197	271.4
2020-06-29T20:30	81.79876	8.93254	0.189	274.1
2020-06-29T20:40	81.79882	8.92900	0.183	277.3
2020-06-29T20:50	81.79892	8.92567	0.174	281.3
2020-06-29T21:00	81.79905	8.92260	0.165	286.6
2020-06-29T21:10	81.79921	8.91984	0.153	292.4
2020-06-29T21:20	81.79940	8.91740	0.142	298.1
2020-06-29T21:30	81.79962	8.91518	0.140	305.3
2020-06-29T21:40	81.79986	8.91307	0.139	308.9
2020-06-29T21:50	81.80013	8.91120	0.135	314.7
2020-06-29T22:00	81.80039	8.90956	0.128	318.8
2020-06-29T22:10	81.80068	8.90813	0.126	324.3
2020-06-29T22:20	81.80100	8.90692	0.130	331.6
2020-06-29T22:30	81.80133	8.90597	0.129	337.7
2020-06-29T22:40	81.80166	8.90532	0.124	344.3
2020-06-29T22:50	81.80201	8.90495	0.129	351.7
2020-06-29T23:00	81.80238	8.90478	0.131	356.0
2020-06-29T23:10	81.80275	8.90478	0.135	0.1
2020-06-29T23:20	81.80310	8.90491	0.128	3.1
2020-06-29T23:30	81.80347	8.90532	0.132	9.2
2020-06-29T23:40	81.80385	8.90595	0.141	13.2
2020-06-29T23:50	81.80422	8.90694	0.144	20.7
2020-06-30T00:00	81.80459	8.90816	0.145	25.4
2020-06-30T00:10	81.80493	8.90954	0.143	29.7
2020-06-30T00:20	81.80526	8.91110	0.142	34.1
2020-06-30T00:30	81.80555	8.91282	0.138	39.8
2020-06-30T00:40	81.80581	8.91478	0.137	47.4
2020-06-30T00:50	81.80604	8.91675	0.131	50.9
2020-06-30T01:00	81.80626	8.91892	0.137	54.7
2020-06-30T01:10	81.80645	8.92114	0.133	58.6
2020-06-30T01:20	81.80662	8.92338	0.130	62.5
2020-06-30T01:30	81.80677	8.92571	0.132	65.2
2020-06-30T01:40	81.80689	8.92802	0.125	70.5
2020-06-30T01:50	81.80699	8.93036	0.126	73.4
2020-06-30T02:00	81.80706	8.93282	0.129	77.4
2020-06-30T02:10	81.80710	8.93542	0.134	85.0
2020-06-30T02:20	81.80710	8.93806	0.135	90.0
2020-06-30T02:30	81.80707	8.94063	0.132	94.4
2020-06-30T02:40	81.80702	8.94317	0.131	97.6
2020-06-30T02:50	81.80692	8.94555	0.127	106.0
2020-06-30T03:00	81.80681	8.94793	0.129	109.0
2020-06-30T03:10	81.80668	8.95023	0.127	111.8
2020-06-30T03:20	81.80654	8.95245	0.125	113.7
2020-06-30T03:30	81.80637	8.95457	0.124	118.7
2020-06-30T03:40	81.80620	8.95659	0.121	121.4
2020-06-30T03:50	81.80600	8.95844	0.119	126.7
2020-06-30T04:00	81.80580	8.96029	0.119	127.2
2020-06-30T04:10	81.80558	8.96212	0.124	130.5
2020-06-30T04:20	81.80531	8.96397	0.134	135.0
2020-06-30T04:30	81.80503	8.96583	0.140	137.1
2020-06-30T04:40	81.80473	8.96761	0.141	139.5
2020-06-30T04:50	81.80439	8.96947	0.156	142.3
2020-06-30T05:00	81.80408	8.97098	0.136	145.0
2020-06-30T05:10	81.80374	8.97254	0.146	146.9
2020-06-30T05:20	81.80337	8.97399	0.152	150.5
2020-06-30T05:30	81.80300	8.97528	0.150	153.8
2020-06-30T05:40	81.80262	8.97640	0.146	156.9
2020-06-30T05:50	81.80226	8.97735	0.138	159.3
2020-06-30T06:00	81.80192	8.97813	0.131	162.2
2020-06-30T06:10	81.80157	8.97882	0.130	164.2
2020-06-30T06:20	81.80122	8.97936	0.128	167.3
2020-06-30T06:30	81.80089	8.97979	0.121	169.6
2020-06-30T06:40	81.80058	8.98010	0.114	172.0
2020-06-30T06:50	81.80028	8.98032	0.108	174.0
2020-06-30T07:00	81.80000	8.98043	0.103	176.8
2020-06-30T07:10	81.79970	8.98053	0.107	177.1
2020-06-30T07:20	81.79940	8.98050	0.107	180.7
2020-06-30T07:30	81.79912	8.98045	0.102	181.5
2020-06-30T07:40	81.79883	8.98043	0.104	180.7
2020-06-30T07:50	81.79857	8.98032	0.095	183.3
2020-06-30T08:00	81.79832	8.98015	0.090	185.5
2020-06-30T08:10	81.79808	8.97996	0.084	186.7
2020-06-30T08:20	81.79787	8.97978	0.077	187.1
2020-06-30T08:30	81.79767	8.97965	0.073	185.2
2020-06-30T08:40	81.79748	8.97957	0.069	183.2
2020-06-30T08:50	81.79729	8.97948	0.070	183.9
2020-06-30T09:00	81.79710	8.97939	0.065	184.4
2020-06-30T09:10	81.79690	8.97930	0.072	183.3
2020-06-30T09:20	81.79669	8.97938	0.078	177.0
2020-06-30T09:30	81.79646	8.97933	0.082	182.1
2020-06-30T09:40	81.79623	8.97927	0.081	182.0
2020-06-30T09:50	81.79601	8.97918	0.079	183.4
2020-06-30T10:00	81.79579	8.97905	0.081	184.5
2020-06-30T10:10	81.79558	8.97890	0.077	186.0
2020-06-30T10:20	81.79535	8.97868	0.082	187.7
2020-06-30T10:30	81.79512	8.97840	0.085	190.0
2020-06-30T10:40	81.79489	8.97809	0.084	190.7
2020-06-30T10:50	81.79466	8.97778	0.085	190.9
2020-06-30T11:00	81.79441	8.97748	0.088	190.1
2020-06-30T11:10	81.79415	8.97719	0.097	188.7
2020-06-30T11:20	81.79386	8.97690	0.104	188.2
2020-06-30T11:30	81.79356	8.97657	0.108	189.0
2020-06-30T11:40	81.79325	8.97619	0.115	189.8
2020-06-30T11:50	81.79292	8.97575	0.121	190.9
2020-06-30T12:00	81.79257	8.97517	0.130	193.2
2020-06-30T12:10	81.79220	8.97452	0.137	194.1
2020-06-30T12:20	81.79182	8.97378	0.144	195.4
2020-06-30T12:30	81.79141	8.97291	0.151	197.1
2020-06-30T12:40	81.79100	8.97196	0.158	198.1
2020-06-30T12:50	81.79056	8.97088	0.165	199.6
2020-06-30T13:00	81.79011	8.96972	0.175	199.9
2020-06-30T13:10	81.78964	8.96845	0.180	201.1
2020-06-30T13:20	81.78914	8.96706	0.192	201.9
2020-06-30T13:30	81.78863	8.96551	0.201	203.3
2020-06-30T13:40	81.78810	8.96385	0.209	204.1
2020-06-30T13:50	81.78756	8.96204	0.215	205.6
2020-06-30T14:00	81.78700	8.96010	0.226	206.3
2020-06-30T14:10	81.78642	8.95800	0.234	207.4
2020-06-30T14:20	81.78583	8.95580	0.240	208.2
2020-06-30T14:30	81.78522	8.95345	0.251	208.7
2020-06-30T14:40	81.78461	8.95101	0.255	209.6
2020-06-30T14:50	81.78397	8.94837	0.266	210.8
2020-06-30T15:00	81.78332	8.94567	0.274	210.5
2020-06-30T15:10	81.78266	8.94281	0.279	211.8
2020-06-30T15:20	81.78200	8.93978	0.285	213.1
2020-06-30T15:30	81.78132	8.93666	0.293	213.3
2020-06-30T15:40	81.78063	8.93347	0.296	213.7
2020-06-30T15:50	81.77994	8.93011	0.303	214.8
2020-06-30T16:00	81.77925	8.92673	0.305	214.8
2020-06-30T16:10	81.77855	8.92324	0.308	215.8
2020-06-30T16:20	81.77788	8.91969	0.303	217.0
2020-06-30T16:30	81.77722	8.91614	0.301	217.3
2020-06-30T16:40	81.77653	8.91230	0.316	218.7
2020-06-30T16:50	81.77588	8.90861	0.301	219.0
2020-06-30T17:00	81.77523	8.90493	0.302	219.0
2020-06-30T17:10	81.77463	8.90132	0.284	220.9
2020-06-30T17:20	81.77403	8.89761	0.289	221.4
2020-06-30T17:30	81.77345	8.89375	0.289	223.5
2020-06-30T17:40	81.77290	8.88987	0.282	225.1
2020-06-30T17:50	81.77234	8.88595	0.284	225.5
2020-06-30T18:00	81.77186	8.88241	0.252	226.3
2020-06-30T18:10	81.77138	8.87865	0.259	228.5
2020-06-30T18:20	81.77092	8.87471	0.261	230.8
2020-06-30T18:30	81.77050	8.87072	0.256	233.4
2020-06-30T18:40	81.77014	8.86694	0.235	236.1
2020-06-30T18:50	81.76979	8.86309	0.234	237.9
2020-06-30T19:00	81.76948	8.85909	0.234	241.7
2020-06-30T19:10	81.76921	8.85518	0.224	244.1
2020-06-30T19:20	81.76898	8.85134	0.215	247.1
2020-06-30T19:30	81.76876	8.84763	0.207	247.3
2020-06-30T19:40	81.76859	8.84405	0.194	251.9
2020-06-30T19:50	81.76847	8.84052	0.187	256.7
2020-06-30T20:00	81.76837	8.83685	0.193	259.7
2020-06-30T20:10	81.76835	8.83357	0.169	266.6
2020-06-30T20:20	81.76835	8.83047	0.160	270.9
2020-06-30T20:30	81.76842	8.82752	0.154	279.7
2020-06-30T20:40	81.76853	8.82458	0.156	283.9
2020-06-30T20:50	81.76865	8.82214	0.133	289.0
2020-06-30T21:00	81.76883	8.81976	0.139	298.1
2020-06-30T21:10	81.76904	8.81767	0.132	305.2
2020-06-30T21:20	81.76928	8.81585	0.127	312.5
2020-06-30T21:30	81.76955	8.81422	0.128	319.1
2020-06-30T21:40	81.76986	8.81282	0.132	326.9
2020-06-30T21:50	81.77021	8.81181	0.136	337.4
2020-06-30T22:00	81.77057	8.81081	0.140	338.5
2020-06-30T22:10	81.77095	8.81000	0.142	343.0
2020-06-30T22:20	81.77131	8.80951	0.134	349.0
2020-06-30T22:30	81.77169	8.80942	0.138	358.2
2020-06-30T22:40	81.77207	8.80954	0.137	2.6
2020-06-30T22:50	81.77245	8.80998	0.137	9.6
2020-06-30T23:00	81.77284	8.81086	0.147	17.8
2020-06-30T23:10	81.77328	8.81200	0.169	20.4
2020-06-30T23:20	81.77368	8.81303	0.154	20.2
2020-06-30T23:30	81.77410	8.81431	0.167	23.2
2020-06-30T23:40	81.77454	8.81597	0.180	28.3
2020-06-30T23:50	81.77496	8.81767	0.173	30.6
2020-07-01T00:00	81.77536	8.81945	0.172	32.2
2020-07-01T00:10	81.77576	8.82129	0.172	33.3
2020-07-01T00:20	81.77613	8.82345	0.173	40.1
2020-07-01T00:30	81.77648	8.82564	0.171	41.3
2020-07-01T00:40	81.77680	8.82793	0.165	45.6
2020-07-01T00:50	81.77709	8.83034	0.162	49.9
2020-07-01T01:00	81.77736	8.83287	0.161	53.8
2020-07-01T01:10	81.77760	8.83546	0.159	57.2
2020-07-01T01:20	81.77782	8.83819	0.161	60.9
2020-07-01T01:30	81.77800	8.84093	0.155	65.3
2020-07-01T01:40	81.77813	8.84375	0.153	71.7
2020-07-01T01:50	81.77826	8.84624	0.136	69.9
2020-07-01T02:00	81.77835	8.84911	0.151	77.7
2020-07-01T02:10	81.77840	8.85176	0.138	82.4
2020-07-01T02:20	81.77842	8.85454	0.143	86.4
2020-07-01T02:30	81.77842	8.85720	0.137	90.9
2020-07-01T02:40	81.77838	8.85984	0.137	95.6
2020-07-01T02:50	81.77831	8.86245	0.137	100.6
2020-07-01T03:00	81.77821	8.86501	0.137	105.5
2020-07-01T03:10	81.77808	8.86749	0.136	110.8
2020-07-01T03:20	81.77791	8.86991	0.138	115.5
2020-07-01T03:30	81.77772	8.87213	0.133	120.8
2020-07-01T03:40	81.77751	8.87427	0.133	124.5
2020-07-01T03:50	81.77728	8.87626	0.132	129.2
2020-07-01T04:00	81.77702	8.87820	0.137	133.2
2020-07-01T04:10	81.77674	8.88008	0.140	136.4
2020-07-01T04:20	81.77644	8.88167	0.134	142.2
2020-07-01T04:30	81.77611	8.88332	0.145	144.4
2020-07-01T04:40	81.77578	8.88480	0.144	147.8
2020-07-01T04:50	81.77542	8.88615	0.146	151.7
2020-07-01T05:00	81.77506	8.88729	0.144	155.7
2020-07-01T05:10	81.77467	8.88833	0.149	158.9
2020-07-01T05:20	81.77426	8.88923	0.155	162.6
2020-07-01T05:30	81.77384	8.88994	0.156	166.5
2020-07-01T05:40	81.77340	8.89055	0.163	168.8
2020-07-01T05:50	81.77295	8.89112	0.162	169.6
2020-07-01T06:00	81.77251	8.89163	0.161	170.6
2020-07-01T06:10	81.77206	8.89184	0.162	176.1
2020-07-01T06:20	81.77162	8.89185	0.161	180.0
2020-07-01T06:30	81.77120	8.89163	0.152	184.2
2020-07-01T06:40	81.77077	8.89126	0.154	187.0
2020-07-01T06:50	81.77039	8.89073	0.141	191.3
2020-07-01T07:00	81.77003	8.89010	0.133	194.0
2020-07-01T07:10	81.76969	8.88958	0.126	192.3
2020-07-01T07:20	81.76936	8.88886	0.125	197.3
2020-07-01T07:30	81.76905	8.88808	0.116	200.2
2020-07-01T07:40	81.76877	8.88718	0.114	204.2
2020-07-01T07:50	81.76850	8.88636	0.104	203.8
2020-07-01T08:00	81.76826	8.88559	0.094	205.0
2020-07-01T08:10	81.76802	8.88481	0.095	204.8
2020-07-01T08:20	81.76781	8.88393	0.088	211.2
2020-07-01T08:30	81.76762	8.88307	0.082	212.8
2020-07-01T08:40	81.76745	8.88221	0.076	215.9
2020-07-01T08:50	81.76730	8.88132	0.072	219.1
2020-07-01T09:00	81.76716	8.88048	0.067	220.6
2020-07-01T09:10	81.76702	8.87966	0.064	221.6
2020-07-01T09:20	81.76691	8.87888	0.057	224.0
2020-07-01T09:30	81.76681	8.87812	0.053	227.6
2020-07-01T09:40	81.76672	8.87740	0.050	227.7
2020-07-01T09:50	81.76663	8.87671	0.047	228.2
2020-07-01T10:00	81.76655	8.87610	0.043	227.6
2020-07-01T10:10	81.76647	8.87548	0.043	228.3
2020-07-01T10:20	81.76639	8.87482	0.043	232.2
2020-07-01T10:30	81.76632	8.87420	0.041	230.8
2020-07-01T10:40	81.76625	8.87353	0.044	231.3
2020-07-01T10:50	81.76617	8.87285	0.044	232.1
2020-07-01T11:00	81.76610	8.87218	0.043	232.9
2020-07-01T11:10	81.76603	8.87154	0.041	233.0
2020-07-01T11:20	81.76596	8.87091	0.041	233.8
2020-07-01T11:30	81.76589	8.87026	0.041	233.1
2020-07-01T11:40	81.76582	8.86960	0.044	231.4
2020-07-01T11:50	81.76572	8.86896	0.048	223.7
2020-07-01T12:00	81.76562	8.86829	0.050	223.4
2020-07-01T12:10	81.76551	8.86769	0.051	217.4
2020-07-01T12:20	81.76538	8.86701	0.058	216.9
2020-07-01T12:30	81.76524	8.86633	0.060	215.5
2020-07-01T12:40	81.76509	8.86561	0.065	215.0
2020-07-01T12:50	81.76493	8.86482	0.072	214.6
2020-07-01T13:00	81.76476	8.86393	0.077	216.4
2020-07-01T13:10	81.76457	8.86299	0.083	215.8
2020-07-01T13:20	81.76437	8.86195	0.089	216.8
2020-07-01T13:30	81.76415	8.86085	0.098	215.0
2020-07-01T13:40	81.76392	8.85977	0.099	214.4
2020-07-01T13:50	81.76367	8.85858	0.109	214.3
2020-07-01T14:00	81.76338	8.85720	0.127	214.1
2020-07-01T14:10	81.76308	8.85564	0.134	216.9
2020-07-01T14:20	81.76277	8.85383	0.146	220.0
2020-07-01T14:30	81.76244	8.85181	0.157	221.5
2020-07-01T14:40	81.76211	8.84962	0.166	222.8
2020-07-01T14:50	81.76175	8.84722	0.178	223.9
2020-07-01T15:00	81.76138	8.84468	0.187	224.5
2020-07-01T15:10	81.76100	8.84200	0.193	225.8
2020-07-01T15:20	81.76062	8.83912	0.203	226.8
2020-07-01T15:30	81.76022	8.83614	0.209	227.4
2020-07-01T15:40	81.75983	8.83303	0.215	228.2
2020-07-01T15:50	81.75942	8.82977	0.222	229.3
2020-07-01T16:00	81.75902	8.82643	0.226	229.8
2020-07-01T16:10	81.75862	8.82300	0.229	230.6
2020-07-01T16:20	81.75820	8.81942	0.237	231.2
2020-07-01T16:30	81.75780	8.81574	0.240	232.4
2020-07-01T16:40	81.75740	8.81197	0.242	233.5
2020-07-01T16:50	81.75699	8.80804	0.250	234.3
2020-07-01T17:00	81.75661	8.80416	0.243	235.6
2020-07-01T17:10	81.75624	8.80013	0.249	236.9
2020-07-01T17:20	81.75587	8.79608	0.247	237.6
2020-07-01T17:30	81.75551	8.79200	0.246	238.8
2020-07-01T17:40	81.75518	8.78791	0.243	240.4
2020-07-01T17:50	81.75487	8.78379	0.241	242.0
2020-07-01T18:00	81.75457	8.77973	0.235	243.1
2020-07-01T18:10	81.75430	8.77569	0.231	244.7
2020-07-01T18:20	81.75405	8.77167	0.226	246.5
2020-07-01T18:30	81.75382	8.76761	0.224	249.0
2020-07-01T18:40	81.75363	8.76379	0.209	250.6
2020-07-01T18:50	81.75346	8.75992	0.209	252.8
2020-07-01T19:00	81.75331	8.75611	0.204	254.9
2020-07-01T19:10	81.75319	8.75241	0.196	257.1
2020-07-01T19:20	81.75310	8.74885	0.187	260.0
2020-07-01T19:30	81.75304	8.74533	0.183	263.2
2020-07-01T19:40	81.75302	8.74186	0.179	267.5
2020-07-01T19:50	81.75303	8.73854	0.171	271.3
2020-07-01T20:00	81.75307	8.73530	0.168	275.7
2020-07-01T20:10	81.75315	8.73222	0.162	280.0
2020-07-01T20:20	81.75326	8.72923	0.159	284.9
2020-07-01T20:30	81.75341	8.72637	0.157	289.0
2020-07-01T20:40	81.75358	8.72367	0.152	293.8
2020-07-01T20:50	81.75377	8.72114	0.148	298.0
2020-07-01T21:00	81.75398	8.71876	0.145	302.1
2020-07-01T21:10	81.75420	8.71652	0.140	304.5
2020-07-01T21:20	81.75444	8.71438	0.139	307.2
2020-07-01T21:30	81.75467	8.71239	0.133	309.6
2020-07-01T21:40	81.75494	8.71059	0.134	315.8
2020-07-01T21:50	81.75521	8.70901	0.128	320.3
2020-07-01T22:00	81.75549	8.70751	0.128	322.7
2020-07-01T22:10	81.75578	8.70610	0.126	324.6
2020-07-01T22:20	81.75606	8.70475	0.124	326.0
2020-07-01T22:30	81.75636	8.70354	0.122	329.2
2020-07-01T22:40	81.75665	8.70238	0.121	330.3
2020-07-01T22:50	81.75694	8.70128	0.121	332.0
2020-07-01T23:00	81.75724	8.70026	0.119	333.5
2020-07-01T23:10	81.75754	8.69929	0.119	335.2
2020-07-01T23:20	81.75784	8.69837	0.120	336.6
2020-07-01T23:30	81.75814	8.69755	0.116	338.5
2020-07-01T23:40	81.75845	8.69687	0.117	342.7
2020-07-01T23:50	81.75877	8.69608	0.119	340.0
2020-07-02T00:00	81.75907	8.69529	0.116	339.5
2020-07-02T00:10	81.75936	8.69452	0.113	339.2
2020-07-02T00:20	81.75964	8.69382	0.108	340.5
2020-07-02T00:30	81.75991	8.69319	0.100	341.3
2020-07-02T00:40	81.76016	8.69267	0.094	343.4
2020-07-02T00:50	81.76039	8.69211	0.088	340.9
2020-07-02T01:00	81.76059	8.69170	0.077	343.8
2020-07-02T01:10	81.76078	8.69134	0.069	344.4
2020-07-02T01:20	81.76093	8.69102	0.057	343.4
2020-07-02T01:30	81.76105	8.69074	0.046	341.6
2020-07-02T01:40	81.76113	8.69047	0.031	333.8
2020-07-02T01:50	81.76119	8.69023	0.026	331.2
2020-07-02T02:00	81.76123	8.68994	0.021	314.3
2020-07-02T02:10	81.76125	8.68955	0.021	284.1
2020-07-02T02:20	81.76124	8.68885	0.036	264.1
2020-07-02T02:30	81.76118	8.68784	0.056	249.8
2020-07-02T02:40	81.76110	8.68675	0.064	241.6
2020-07-02T02:50	81.76098	8.68553	0.076	235.8
2020-07-02T03:00	81.76081	8.68422	0.090	228.4
2020-07-02T03:10	81.76060	8.68274	0.108	225.2
2020-07-02T03:20	81.76034	8.68105	0.128	223.0
2020-07-02T03:30	81.76005	8.67930	0.139	220.6
2020-07-02T03:40	81.75972	8.67736	0.157	219.9
2020-07-02T03:50	81.75935	8.67531	0.168	219.1
2020-07-02T04:00	81.75895	8.67317	0.181	217.4
2020-07-02T04:10	81.75852	8.67088	0.196	217.1
2020-07-02T04:20	81.75805	8.66856	0.209	215.0
2020-07-02T04:30	81.75752	8.66611	0.229	213.5
2020-07-02T04:40	81.75694	8.66347	0.249	213.2
2020-07-02T04:50	81.75633	8.66074	0.260	212.8
2020-07-02T05:00	81.75570	8.65780	0.274	213.8
2020-07-02T05:10	81.75505	8.65476	0.282	213.8
2020-07-02T05:20	81.75438	8.65149	0.293	215.1
2020-07-02T05:30	81.75369	8.64808	0.305	215.4
2020-07-02T05:40	81.75297	8.64440	0.321	216.3
2020-07-02T05:50	81.75223	8.64065	0.331	215.8
2020-07-02T06:00	81.75146	8.63686	0.338	215.4
2020-07-02T06:10	81.75068	8.63290	0.348	216.1
2020-07-02T06:20	81.74990	8.62888	0.350	216.3
2020-07-02T06:30	81.74909	8.62485	0.358	215.5
2020-07-02T06:40	81.74823	8.62079	0.374	214.1
2020-07-02T06:50	81.74733	8.61670	0.386	213.2
2020-07-02T07:00	81.74642	8.61260	0.391	212.8
2020-07-02T07:10	81.74550	8.60866	0.389	211.5
2020-07-02T07:20	81.74456	8.60439	0.402	213.3
2020-07-02T07:30	81.74362	8.59974	0.418	215.2
2020-07-02T07:40	81.74267	8.59499	0.421	215.7
2020-07-02T07:50	81.74171	8.59013	0.427	216.1
2020-07-02T08:00	81.74075	8.58525	0.427	216.2
2020-07-02T08:10	81.73979	8.58030	0.431	216.5
2020-07-02T08:20	81.73882	8.57525	0.436	216.8
2020-07-02T08:30	81.73784	8.57016	0.440	216.8
2020-07-02T08:40	81.73686	8.56499	0.443	217.2
2020-07-02T08:50	81.73589	8.55972	0.442	218.1
2020-07-02T09:00	81.73494	8.55447	0.438	218.4
2020-07-02T09:10	81.73400	8.54909	0.437	219.5
2020-07-02T09:20	81.73310	8.54375	0.427	220.3
2020-07-02T09:30	81.73222	8.53836	0.423	221.3
2020-07-02T09:40	81.73136	8.53284	0.420	222.8
2020-07-02T09:50	81.73052	8.52740	0.414	223.0
2020-07-02T10:00	81.72970	8.52192	0.410	223.9
2020-07-02T10:10	81.72889	8.51640	0.408	224.4
2020-07-02T10:20	81.72808	8.51098	0.404	224.1
2020-07-02T10:30	81.72729	8.50566	0.396	224.1
2020-07-02T10:40	81.72651	8.50037	0.393	224.3
2020-07-02T10:50	81.72573	8.49508	0.392	224.4
2020-07-02T11:00	81.72498	8.48992	0.383	224.4
2020-07-02T11:10	81.72423	8.48487	0.375	224.3
2020-07-02T11:20	81.72347	8.47977	0.381	223.9
2020-07-02T11:30	81.72270	8.47462	0.384	223.9
2020-07-02T11:40	81.72193	8.46959	0.380	223.4
2020-07-02T11:50	81.72118	8.46454	0.375	224.1
2020-07-02T12:00	81.72045	8.45943	0.374	225.2
2020-07-02T12:10	81.71974	8.45427	0.371	226.2
2020-07-02T12:20	81.71904	8.44902	0.371	227.1
2020-07-02T12:30	81.71834	8.44376	0.371	227.3
2020-07-02T12:40	81.71763	8.43845	0.374	227.4
2020-07-02T12:50	81.71691	8.43315	0.378	226.7
2020-07-02T13:00	81.71620	8.42790	0.375	226.6
2020-07-02T13:10	81.71548	8.42261	0.376	226.8
2020-07-02T13:20	81.71475	8.41735	0.378	226.2
2020-07-02T13:30	81.71400	8.41204	0.385	225.6
2020-07-02T13:40	81.71324	8.40661	0.394	225.7
2020-07-02T13:50	81.71247	8.40120	0.395	225.3
2020-07-02T14:00	81.71168	8.39578	0.399	224.9
2020-07-02T14:10	81.71088	8.39037	0.404	224.0
2020-07-02T14:20	81.71006	8.38495	0.408	223.7
2020-07-02T14:30	81.70923	8.37944	0.414	223.7
2020-07-02T14:40	81.70837	8.37394	0.421	222.8
2020-07-02T14:50	81.70752	8.36841	0.420	223.2
2020-07-02T15:00	81.70666	8.36273	0.426	223.7
2020-07-02T15:10	81.70580	8.35697	0.432	223.8
2020-07-02T15:20	81.70491	8.35111	0.441	223.8
2020-07-02T15:30	81.70401	8.34513	0.450	223.6
2020-07-02T15:40	81.70309	8.33907	0.457	223.5
2020-07-02T15:50	81.70215	8.33297	0.462	223.3
2020-07-02T16:00	81.70121	8.32670	0.472	223.7
2020-07-02T16:10	81.70025	8.32035	0.477	223.9
2020-07-02T16:20	81.69930	8.31374	0.485	225.0
2020-07-02T16:30	81.69834	8.30703	0.490	225.4
2020-07-02T16:40	81.69740	8.29990	0.502	227.6
2020-07-02T16:50	81.69648	8.29275	0.498	228.3
2020-07-02T17:00	81.69557	8.28547	0.501	229.1
2020-07-02T17:10	81.69470	8.27805	0.499	230.7
2020-07-02T17:20	81.69384	8.27054	0.497	231.8
2020-07-02T17:30	81.69302	8.26301	0.492	232.8
2020-07-02T17:40	81.69222	8.25538	0.489	234.2
2020-07-02T17:50	81.69145	8.24754	0.493	235.8
2020-07-02T18:00	81.69071	8.23965	0.490	236.9
2020-07-02T18:10	81.69000	8.23174	0.485	238.1
2020-07-02T18:20	81.68933	8.22372	0.482	240.1
2020-07-02T18:30	81.68870	8.21560	0.479	241.9
2020-07-02T18:40	81.68812	8.20741	0.475	243.9
2020-07-02T18:50	81.68758	8.19903	0.478	245.9
2020-07-02T19:00	81.68709	8.19066	0.470	247.9
2020-07-02T19:10	81.68665	8.18227	0.465	250.2
2020-07-02T19:20	81.68624	8.17355	0.478	251.8
2020-07-02T19:30	81.68588	8.16478	0.475	254.3
2020-07-02T19:40	81.68561	8.15621	0.456	257.8
2020-07-02T19:50	81.68541	8.14775	0.446	260.9
2020-07-02T20:00	81.68529	8.13940	0.437	264.2
2020-07-02T20:10	81.68524	8.13130	0.422	267.8
2020-07-02T20:20	81.68527	8.12344	0.409	271.4
2020-07-02T20:30	81.68537	8.11579	0.400	275.0
2020-07-02T20:40	81.68553	8.10838	0.391	278.8
2020-07-02T20:50	81.68576	8.10114	0.386	282.3
2020-07-02T21:00	81.68605	8.09411	0.381	285.9
2020-07-02T21:10	81.68640	8.08737	0.373	289.9
2020-07-02T21:20	81.68682	8.08089	0.369	293.9
2020-07-02T21:30	81.68722	8.07433	0.372	293.2
2020-07-02T21:40	81.68763	8.06778	0.372	293.4
2020-07-02T21:50	81.68807	8.06148	0.365	295.8
2020-07-02T22:00	81.68854	8.05519	0.368	297.1
2020-07-02T22:10	81.68906	8.04914	0.367	300.9
2020-07-02T22:20	81.68965	8.04352	0.361	305.9
2020-07-02T22:30	81.69029	8.03847	0.350	311.3
2020-07-02T22:40	81.69094	8.03376	0.339	313.6
2020-07-02T22:50	81.69160	8.02943	0.327	316.5
2020-07-02T23:00	81.69223	8.02539	0.310	317.2
2020-07-02T23:10	81.69281	8.02153	0.290	316.3
2020-07-02T23:20	81.69339	8.01790	0.281	317.7
2020-07-02T23:30	81.69395	8.01447	0.271	318.8
2020-07-02T23:40	81.69452	8.01129	0.263	321.0
2020-07-02T23:50	81.69506	8.00828	0.248	320.9
2020-07-03T00:00	81.69558	8.00553	0.237	322.9
2020-07-03T00:10	81.69606	8.00291	0.220	321.8
2020-07-03T00:20	81.69653	8.00046	0.210	322.7
2020-07-03T00:30	81.69699	7.99814	0.205	323.9
2020-07-03T00:40	81.69740	7.99606	0.184	323.9
2020-07-03T00:50	81.69772	7.99417	0.152	319.9
2020-07-03T01:00	81.69800	7.99238	0.137	317.3
2020-07-03T01:10	81.69827	7.99045	0.139	313.7
2020-07-03T01:20	81.69851	7.98845	0.136	310.1
2020-07-03T01:30	81.69871	7.98657	0.120	305.5
2020-07-03T01:40	81.69887	7.98473	0.113	302.3
2020-07-03T01:50	81.69905	7.98271	0.123	301.5
2020-07-03T02:00	81.69920	7.98078	0.113	297.7
2020-07-03T02:10	81.69931	7.97874	0.113	290.7
2020-07-03T02:20	81.69939	7.97672	0.109	284.5
2020-07-03T02:30	81.69942	7.97472	0.104	276.2
2020-07-03T02:40	81.69940	7.97257	0.112	266.5
2020-07-03T02:50	81.69936	7.97028	0.120	262.9
2020-07-03T03:00	81.69927	7.96788	0.129	256.1
2020-07-03T03:10	81.69914	7.96545	0.135	249.5
2020-07-03T03:20	81.69896	7.96303	0.142	242.2
2020-07-03T03:30	81.69873	7.96054	0.154	237.3
2020-07-03T03:40	81.69845	7.95792	0.169	234.0
2020-07-03T03:50	81.69812	7.95513	0.186	231.0
2020-07-03T04:00	81.69776	7.95222	0.199	229.4
2020-07-03T04:10	81.69736	7.94910	0.218	228.1
2020-07-03T04:20	81.69690	7.94567	0.243	227.4
2020-07-03T04:30	81.69640	7.94189	0.269	227.0
2020-07-03T04:40	81.69584	7.93773	0.294	227.2
2020-07-03T04:50	81.69524	7.93326	0.317	227.1
2020-07-03T05:00	81.69460	7.92837	0.342	228.0
2020-07-03T05:10	81.69394	7.92311	0.364	228.7
2020-07-03T05:20	81.69324	7.91752	0.384	229.2
2020-07-03T05:30	81.69252	7.91158	0.403	230.0
2020-07-03T05:40	81.69177	7.90533	0.422	230.3
2020-07-03T05:50	81.69100	7.89884	0.438	230.4
2020-07-03T06:00	81.69020	7.89204	0.456	230.9
2020-07-03T06:10	81.68938	7.88496	0.472	231.3
2020-07-03T06:20	81.68854	7.87757	0.488	232.0
2020-07-03T06:30	81.68770	7.86995	0.500	232.5
2020-07-03T06:40	81.68684	7.86203	0.515	233.1
2020-07-03T06:50	81.68597	7.85387	0.528	233.6
2020-07-03T07:00	81.68506	7.84524	0.554	234.2
2020-07-03T07:10	81.68418	7.83658	0.553	234.7
2020-07-03T07:20	81.68328	7.82762	0.566	235.4
2020-07-03T07:30	81.68238	7.81849	0.576	235.7
2020-07-03T07:40	81.68148	7.80908	0.587	236.6
2020-07-03T07:50	81.68062	7.79938	0.594	238.4
2020-07-03T08:00	81.67978	7.78945	0.600	239.6
2020-07-03T08:10	81.67897	7.77915	0.610	241.6
2020-07-03T08:20	81.67819	7.76863	0.616	242.9
2020-07-03T08:30	81.67745	7.75784	0.622	244.7
2020-07-03T08:40	81.67675	7.74665	0.635	246.6
2020-07-03T08:50	81.67614	7.73495	0.649	250.1
2020-07-03T09:00	81.67557	7.72313	0.649	251.6
2020-07-03T09:10	81.67504	7.71133	0.644	252.7
2020-07-03T09:20	81.67452	7.69960	0.640	252.9
2020-07-03T09:30	81.67400	7.68792	0.636	253.2
2020-07-03T09:40	81.67351	7.67624	0.634	253.8
2020-07-03T09:50	81.67305	7.66457	0.631	254.6
2020-07-03T10:00	81.67263	7.65284	0.630	256.2
2020-07-03T10:10	81.67227	7.64096	0.633	258.3
2020-07-03T10:20	81.67196	7.62904	0.632	259.8
2020-07-03T10:30	81.67170	7.61705	0.632	261.5
2020-07-03T10:40	81.67150	7.60517	0.624	263.2
2020-07-03T10:50	81.67133	7.59330	0.622	264.5
2020-07-03T11:00	81.67125	7.58152	0.615	267.1
2020-07-03T11:10	81.67122	7.56992	0.605	269.1
2020-07-03T11:20	81.67124	7.55851	0.595	270.6
2020-07-03T11:30	81.67130	7.54734	0.582	272.0
2020-07-03T11:40	81.67141	7.53637	0.574	273.9
2020-07-03T11:50	81.67152	7.52551	0.568	274.2
2020-07-03T12:00	81.67165	7.51521	0.539	275.0
2020-07-03T12:10	81.67186	7.50500	0.538	278.1
2020-07-03T12:20	81.67212	7.49476	0.542	279.8
2020-07-03T12:30	81.67238	7.48482	0.526	280.2
2020-07-03T12:40	81.67264	7.47482	0.530	280.2
2020-07-03T12:50	81.67288	7.46550	0.494	280.4
2020-07-03T13:00	81.67317	7.45600	0.506	281.8
2020-07-03T13:10	81.67351	7.44656	0.508	284.0
2020-07-03T13:20	81.67382	7.43740	0.490	283.1
2020-07-03T13:30	81.67414	7.42832	0.488	283.8
2020-07-03T13:40	81.67451	7.41938	0.485	286.0
2020-07-03T13:50	81.67501	7.41058	0.492	291.2
2020-07-03T14:00	81.67550	7.40210	0.476	291.7
2020-07-03T14:10	81.67598	7.39408	0.453	292.7
2020-07-03T14:20	81.67644	7.38640	0.433	292.5
2020-07-03T14:30	81.67688	7.37888	0.422	291.9
2020-07-03T14:40	81.67727	7.37156	0.408	290.6
2020-07-03T14:50	81.67765	7.36448	0.393	290.1
2020-07-03T15:00	81.67798	7.35779	0.369	288.9
2020-07-03T15:10	81.67824	7.35120	0.356	285.1
2020-07-03T15:20	81.67842	7.34468	0.346	281.1
2020-07-03T15:30	81.67858	7.33798	0.353	279.1
2020-07-03T15:40	81.67871	7.33095	0.369	277.1
2020-07-03T15:50	81.67882	7.32394	0.368	276.5
2020-07-03T16:00	81.67896	7.31687	0.372	277.8
2020-07-03T16:10	81.67908	7.30968	0.377	276.3
2020-07-03T16:20	81.67919	7.30245	0.379	276.4
2020-07-03T16:30	81.67932	7.29506	0.388	276.9
2020-07-03T16:40	81.67945	7.28761	0.391	277.0
2020-07-03T16:50	81.67959	7.28005	0.397	277.0
2020-07-03T17:00	81.67974	7.27225	0.410	277.8
2020-07-03T17:10	81.67990	7.26441	0.412	278.0
2020-07-03T17:20	81.68006	7.25637	0.423	278.1
2020-07-03T17:30	81.68025	7.24827	0.427	278.8
2020-07-03T17:40	81.68043	7.24021	0.425	279.0
2020-07-03T17:50	81.68062	7.23219	0.423	279.1
2020-07-03T18:00	81.68079	7.22438	0.412	278.6
2020-07-03T18:10	81.68095	7.21670	0.405	278.3
2020-07-03T18:20	81.68112	7.20907	0.402	278.6
2020-07-03T18:30	81.68129	7.20151	0.399	279.1
2020-07-03T18:40	81.68146	7.19409	0.392	279.1
2020-07-03T18:50	81.68166	7.18665	0.394	280.4
2020-07-03T19:00	81.68188	7.17927	0.392	281.7
2020-07-03T19:10	81.68211	7.17210	0.383	282.2
2020-07-03T19:20	81.68233	7.16510	0.373	282.5
2020-07-03T19:30	81.68258	7.15822	0.369	283.8
2020-07-03T19:40	81.68283	7.15143	0.365	284.6
2020-07-03T19:50	81.68311	7.14471	0.364	285.7
2020-07-03T20:00	81.68341	7.13797	0.368	287.4
2020-07-03T20:10	81.68374	7.13121	0.371	288.5
2020-07-03T20:20	81.68411	7.12449	0.374	290.7
2020-07-03T20:30	81.68453	7.11769	0.385	293.1
2020-07-03T20:40	81.68497	7.11092	0.388	294.5
2020-07-03T20:50	81.68545	7.10418	0.391	296.2
2020-07-03T21:00	81.68595	7.09739	0.397	296.9
2020-07-03T21:10	81.68647	7.09051	0.403	297.4
2020-07-03T21:20	81.68703	7.08349	0.417	299.0
2020-07-03T21:30	81.68762	7.07654	0.420	300.5
2020-07-03T21:40	81.68822	7.06972	0.414	301.2
2020-07-03T21:50	81.68884	7.06308	0.413	303.1
2020-07-03T22:00	81.68953	7.05655	0.421	306.2
2020-07-03T22:10	81.69031	7.05018	0.434	310.3
2020-07-03T22:20	81.69111	7.04411	0.428	312.4
2020-07-03T22:30	81.69196	7.03830	0.429	315.2
2020-07-03T22:40	81.69283	7.03271	0.426	317.0
2020-07-03T22:50	81.69370	7.02738	0.418	318.4
2020-07-03T23:00	81.69451	7.02258	0.384	319.4
2020-07-03T23:10	81.69532	7.01806	0.376	321.3
2020-07-03T23:20	81.69618	7.01383	0.380	324.7
2020-07-03T23:30	81.69708	7.00980	0.384	326.9
2020-07-03T23:40	81.69794	7.00615	0.363	328.6
2020-07-03T23:50	81.69880	7.00280	0.357	330.8
2020-07-04T00:00	81.69968	6.99979	0.353	333.6
2020-07-04T00:10	81.70057	6.99691	0.355	335.1
2020-07-04T00:20	81.70147	6.99416	0.354	336.2
2020-07-04T00:30	81.70238	6.99169	0.351	338.5
2020-07-04T00:40	81.70329	6.98951	0.345	340.8
2020-07-04T00:50	81.70418	6.98757	0.337	342.6
2020-07-04T01:00	81.70505	6.98591	0.326	344.7
2020-07-04T01:10	81.70585	6.98446	0.297	345.4
2020-07-04T01:20	81.70653	6.98304	0.254	343.1
2020-07-04T01:30	81.70716	6.98170	0.238	343.0
2020-07-04T01:40	81.70785	6.98059	0.254	346.9
2020-07-04T01:50	81.70847	6.97896	0.241	339.3
2020-07-04T02:00	81.70914	6.97759	0.252	343.7
2020-07-04T02:10	81.70976	6.97656	0.229	346.5
2020-07-04T02:20	81.71015	6.97604	0.143	349.0
2020-07-04T02:30	81.71052	6.97556	0.136	349.6
2020-07-04T02:40	81.71085	6.97511	0.122	348.9
2020-07-04T02:50	81.71116	6.97461	0.114	346.9
2020-07-04T03:00	81.71144	6.97405	0.104	343.7
2020-07-04T03:10	81.71169	6.97348	0.093	341.7
2020-07-04T03:20	81.71190	6.97279	0.085	334.9
2020-07-04T03:30	81.71208	6.97208	0.074	330.3
2020-07-04T03:40	81.71224	6.97129	0.071	324.9
2020-07-04T03:50	81.71238	6.97045	0.065	318.4
2020-07-04T04:00	81.71248	6.96956	0.059	308.6
2020-07-04T04:10	81.71256	6.96858	0.059	299.9
2020-07-04T04:20	81.71262	6.96747	0.062	289.9
2020-07-04T04:30	81.71264	6.96618	0.067	275.3
2020-07-04T04:40	81.71262	6.96466	0.079	264.6
2020-07-04T04:50	81.71257	6.96301	0.088	258.8
2020-07-04T05:00	81.71248	6.96115	0.102	251.6
2020-07-04T05:10	81.71235	6.95908	0.117	247.0
2020-07-04T05:20	81.71218	6.95670	0.138	243.7
2020-07-04T05:30	81.71197	6.95413	0.154	240.0
2020-07-04T05:40	81.71172	6.95112	0.180	240.2
2020-07-04T05:50	81.71144	6.94785	0.198	239.3
2020-07-04T06:00	81.71112	6.94420	0.221	239.1
2020-07-04T06:10	81.71079	6.94026	0.238	239.2
2020-07-04T06:20	81.71044	6.93599	0.255	240.5
2020-07-04T06:30	81.71007	6.93150	0.268	240.7
2020-07-04T06:40	81.70970	6.92681	0.278	241.0
2020-07-04T06:50	81.70932	6.92195	0.287	241.6
2020-07-04T07:00	81.70894	6.91685	0.298	242.7
2020-07-04T07:10	81.70858	6.91145	0.310	244.9
2020-07-04T07:20	81.70821	6.90558	0.331	246.8
2020-07-04T07:30	81.70789	6.89948	0.338	249.6
2020-07-04T07:40	81.70759	6.89310	0.348	252.0
2020-07-04T07:50	81.70730	6.88649	0.358	253.5
2020-07-04T08:00	81.70703	6.87962	0.371	254.2
2020-07-04T08:10	81.70676	6.87257	0.378	255.3
2020-07-04T08:20	81.70651	6.86538	0.384	256.7
2020-07-04T08:30	81.70629	6.85792	0.396	258.1
2020-07-04T08:40	81.70608	6.85030	0.403	259.6
2020-07-04T08:50	81.70591	6.84252	0.408	261.4
2020-07-04T09:00	81.70576	6.83464	0.413	262.5
2020-07-04T09:10	81.70566	6.82669	0.415	264.6
2020-07-04T09:20	81.70558	6.81861	0.421	266.3
2020-07-04T09:30	81.70553	6.81044	0.425	267.5
2020-07-04T09:40	81.70552	6.80222	0.427	269.5
2020-07-04T09:50	81.70553	6.79397	0.429	270.7
2020-07-04T10:00	81.70558	6.78568	0.431	272.1
2020-07-04T10:10	81.70565	6.77750	0.426	273.3
2020-07-04T10:20	81.70575	6.76955	0.415	275.2
2020-07-04T10:30	81.70588	6.76184	0.403	276.9
2020-07-04T10:40	81.70605	6.75429	0.397	278.7
2020-07-04T10:50	81.70624	6.74697	0.387	280.3
2020-07-04T11:00	81.70646	6.73994	0.373	281.9
2020-07-04T11:10	81.70671	6.73317	0.363	284.4
2020-07-04T11:20	81.70699	6.72673	0.350	287.0
2020-07-04T11:30	81.70731	6.72056	0.341	290.0
2020-07-04T11:40	81.70767	6.71479	0.326	293.0
2020-07-04T11:50	81.70805	6.70946	0.308	296.4
2020-07-04T12:00	81.70845	6.70453	0.295	299.8
2020-07-04T12:10	81.70888	6.70000	0.280	302.8
2020-07-04T12:20	81.70931	6.69587	0.266	306.3
2020-07-04T12:30	81.70975	6.69214	0.249	309.0
2020-07-04T12:40	81.71017	6.68879	0.231	311.2
2020-07-04T12:50	81.71057	6.68573	0.214	311.9
2020-07-04T13:00	81.71095	6.68290	0.201	312.9
2020-07-04T13:10	81.71132	6.68031	0.189	314.6
2020-07-04T13:20	81.71169	6.67783	0.185	315.9
2020-07-04T13:30	81.71205	6.67556	0.177	318.4
2020-07-04T13:40	81.71240	6.67338	0.169	317.8
2020-07-04T13:50	81.71272	6.67138	0.154	317.5
2020-07-04T14:00	81.71300	6.66931	0.148	313.6
2020-07-04T14:10	81.71326	6.66732	0.141	312.6
2020-07-04T14:20	81.71351	6.66542	0.132	311.9
2020-07-04T14:30	81.71375	6.66352	0.132	311.6
2020-07-04T14:40	81.71398	6.66171	0.125	311.6
2020-07-04T14:50	81.71420	6.65984	0.125	309.2
2020-07-04T15:00	81.71442	6.65800	0.123	308.8
2020-07-04T15:10	81.71462	6.65604	0.126	306.3
2020-07-04T15:20	81.71481	6.65405	0.124	303.5
2020-07-04T15:30	81.71499	6.65194	0.127	300.6
2020-07-04T15:40	81.71516	6.64980	0.126	298.7
2020-07-04T15:50	81.71532	6.64750	0.132	295.2
2020-07-04T16:00	81.71546	6.64516	0.131	292.4
2020-07-04T16:10	81.71558	6.64279	0.131	290.1
2020-07-04T16:20	81.71568	6.64031	0.133	285.3
2020-07-04T16:30	81.71576	6.63774	0.137	282.7
2020-07-04T16:40	81.71581	6.63502	0.142	276.8
2020-07-04T16:50	81.71586	6.63229	0.143	277.2
2020-07-04T17:00	81.71590	6.62945	0.148	274.8
2020-07-04T17:10	81.71591	6.62654	0.151	271.8
2020-07-04T17:20	81.71591	6.62351	0.157	269.9
2020-07-04T17:30	81.71589	6.62046	0.158	267.6
2020-07-04T17:40	81.71586	6.61732	0.163	266.9
2020-07-04T17:50	81.71583	6.61411	0.167	265.6
2020-07-04T18:00	81.71579	6.61084	0.170	264.8
2020-07-04T18:10	81.71574	6.60749	0.174	265.1
2020-07-04T18:20	81.71570	6.60410	0.177	265.0
2020-07-04T18:30	81.71567	6.60061	0.181	266.2
2020-07-04T18:40	81.71564	6.59702	0.187	266.8
2020-07-04T18:50	81.71561	6.59338	0.189	266.7
2020-07-04T19:00	81.71558	6.58971	0.191	267.2
2020-07-04T19:10	81.71557	6.58599	0.193	268.5
2020-07-04T19:20	81.71556	6.58224	0.194	269.5
2020-07-04T19:30	81.71558	6.57845	0.197	271.7
2020-07-04T19:40	81.71561	6.57463	0.199	273.4
2020-07-04T19:50	81.71566	6.57091	0.194	275.3
2020-07-04T20:00	81.71573	6.56718	0.195	277.1
2020-07-04T20:10	81.71582	6.56354	0.192	280.0
2020-07-04T20:20	81.71595	6.55995	0.192	283.9
2020-07-04T20:30	81.71611	6.55645	0.191	288.0
2020-07-04T20:40	81.71631	6.55312	0.186	292.0
2020-07-04T20:50	81.71656	6.54983	0.193	297.9
2020-07-04T21:00	81.71686	6.54664	0.198	303.5
2020-07-04T21:10	81.71722	6.54347	0.208	307.7
2020-07-04T21:20	81.71760	6.54040	0.212	311.2
2020-07-04T21:30	81.71802	6.53744	0.215	314.6
2020-07-04T21:40	81.71846	6.53467	0.214	317.8
2020-07-04T21:50	81.71893	6.53216	0.213	322.3
2020-07-04T22:00	81.71941	6.52987	0.209	325.3
2020-07-04T22:10	81.71991	6.52784	0.210	329.9
2020-07-04T22:20	81.72043	6.52614	0.206	334.6
2020-07-04T22:30	81.72097	6.52468	0.208	338.7
2020-07-04T22:40	81.72152	6.52353	0.206	343.1
2020-07-04T22:50	81.72207	6.52268	0.206	347.7
2020-07-04T23:00	81.72264	6.52212	0.204	351.9
2020-07-04T23:10	81.72320	6.52194	0.202	357.3
2020-07-04T23:20	81.72375	6.52205	0.200	1.8
2020-07-04T23:30	81.72431	6.52252	0.201	6.9
2020-07-04T23:40	81.72485	6.52333	0.201	12.0
2020-07-04T23:50	81.72538	6.52444	0.199	16.8
2020-07-05T00:00	81.72590	6.52581	0.200	20.9
2020-07-05T00:10	81.72640	6.52737	0.197	24.1
2020-07-05T00:20	81.72688	6.52908	0.193	27.4
2020-07-05T00:30	81.72733	6.53099	0.192	31.0
2020-07-05T00:40	81.72776	6.53300	0.187	33.8
2020-07-05T00:50	81.72817	6.53514	0.183	37.3
2020-07-05T01:00	81.72854	6.53732	0.176	39.9
2020-07-05T01:10	81.72889	6.53946	0.167	41.8
2020-07-05T01:20	81.72921	6.54159	0.161	43.4
2020-07-05T01:30	81.72951	6.54369	0.152	45.5
2020-07-05T01:40	81.72979	6.54579	0.148	47.6
2020-07-05T01:50	81.73004	6.54785	0.139	49.8
2020-07-05T02:00	81.73026	6.54984	0.130	52.6
2020-07-05T02:10	81.73044	6.55175	0.118	56.4
2020-07-05T02:20	81.73059	6.55358	0.110	59.6
2020-07-05T02:30	81.73071	6.55533	0.100	65.3
2020-07-05T02:40	81.73079	6.55697	0.090	70.5
2020-07-05T02:50	81.73084	6.55846	0.079	77.1
2020-07-05T03:00	81.73085	6.55981	0.070	87.0
2020-07-05T03:10	81.73082	6.56099	0.062	100.6
2020-07-05T03:20	81.73074	6.56197	0.058	119.3
2020-07-05T03:30	81.73060	6.56268	0.062	143.6
2020-07-05T03:40	81.73041	6.56306	0.071	163.8
2020-07-05T03:50	81.73017	6.56306	0.087	180.1
2020-07-05T04:00	81.72988	6.56271	0.106	190.0
2020-07-05T04:10	81.72955	6.56193	0.125	198.8
2020-07-05T04:20	81.72916	6.56075	0.153	203.4
2020-07-05T04:30	81.72873	6.55917	0.177	207.6
2020-07-05T04:40	81.72825	6.55713	0.201	211.7
2020-07-05T04:50	81.72773	6.55471	0.226	213.5
2020-07-05T05:00	81.72715	6.55188	0.253	215.4
2020-07-05T05:10	81.72655	6.54861	0.275	218.0
2020-07-05T05:20	81.72591	6.54490	0.299	219.9
2020-07-05T05:30	81.72525	6.54077	0.320	222.0
2020-07-05T05:40	81.72456	6.53634	0.338	222.8
2020-07-05T05:50	81.72385	6.53156	0.357	224.0
2020-07-05T06:00	81.72313	6.52642	0.373	225.5
2020-07-05T06:10	81.72237	6.52087	0.396	226.7
2020-07-05T06:20	81.72161	6.51504	0.407	227.9
2020-07-05T06:30	81.72083	6.50874	0.431	229.3
2020-07-05T06:40	81.72005	6.50208	0.446	230.7
2020-07-05T06:50	81.71926	6.49507	0.461	232.0
2020-07-05T07:00	81.71847	6.48782	0.473	232.7
2020-07-05T07:10	81.71766	6.48019	0.490	233.8
2020-07-05T07:20	81.71687	6.47231	0.499	235.0
2020-07-05T07:30	81.71608	6.46418	0.509	236.1
2020-07-05T07:40	81.71529	6.45589	0.516	236.5
2020-07-05T07:50	81.71448	6.44741	0.527	236.6
2020-07-05T08:00	81.71370	6.43904	0.517	237.2
2020-07-05T08:10	81.71296	6.43090	0.501	237.5
2020-07-05T08:20	81.71221	6.42257	0.509	238.3
2020-07-05T08:30	81.71149	6.41413	0.509	239.4
2020-07-05T08:40	81.71079	6.40563	0.509	240.2
2020-07-05T08:50	81.71011	6.39713	0.504	241.1
2020-07-05T09:00	81.70947	6.38873	0.494	241.9
2020-07-05T09:10	81.70886	6.38053	0.479	242.7
2020-07-05T09:20	81.70827	6.37246	0.470	243.1
2020-07-05T09:30	81.70769	6.36457	0.460	243.1
2020-07-05T09:40	81.70712	6.35677	0.454	243.1
2020-07-05T09:50	81.70655	6.34903	0.452	242.9
2020-07-05T10:00	81.70596	6.34132	0.454	241.9
2020-07-05T10:10	81.70536	6.33366	0.452	241.6
2020-07-05T10:20	81.70474	6.32605	0.453	240.8
2020-07-05T10:30	81.70413	6.31850	0.451	240.4
2020-07-05T10:40	81.70348	6.31090	0.459	239.3
2020-07-05T10:50	81.70280	6.30324	0.466	238.6
2020-07-05T11:00	81.70211	6.29548	0.475	238.2
2020-07-05T11:10	81.70139	6.28769	0.480	237.5
2020-07-05T11:20	81.70068	6.28002	0.474	237.3
2020-07-05T11:30	81.69996	6.27235	0.475	237.1
2020-07-05T11:40	81.69924	6.26474	0.473	236.8
2020-07-05T11:50	81.69853	6.25720	0.469	236.7
2020-07-05T12:00	81.69782	6.24978	0.462	236.6
2020-07-05T12:10	81.69712	6.24243	0.457	236.7
2020-07-05T12:20	81.69644	6.23521	0.448	236.9
2020-07-05T12:30	81.69577	6.22798	0.448	237.1
2020-07-05T12:40	81.69510	6.22079	0.445	237.1
2020-07-05T12:50	81.69445	6.21369	0.438	237.5
2020-07-05T13:00	81.69381	6.20661	0.434	237.9
2020-07-05T13:10	81.69316	6.19946	0.438	238.2
2020-07-05T13:20	81.69254	6.19221	0.439	239.2
2020-07-05T13:30	81.69192	6.18482	0.444	240.1
2020-07-05T13:40	81.69133	6.17717	0.452	241.6
2020-07-05T13:50	81.69077	6.16960	0.442	243.0
2020-07-05T14:00	81.69024	6.16187	0.445	244.7
2020-07-05T14:10	81.68974	6.15403	0.445	246.2
2020-07-05T14:20	81.68928	6.14614	0.444	247.8
2020-07-05T14:30	81.68883	6.13828	0.440	248.5
2020-07-05T14:40	81.68841	6.13031	0.441	249.9
2020-07-05T14:50	81.68801	6.12231	0.441	250.9
2020-07-05T15:00	81.68763	6.11421	0.443	252.0
2020-07-05T15:10	81.68726	6.10614	0.441	252.4
2020-07-05T15:20	81.68690	6.09799	0.444	253.2
2020-07-05T15:30	81.68656	6.08974	0.447	253.9
2020-07-05T15:40	81.68622	6.08143	0.449	254.3
2020-07-05T15:50	81.68588	6.07305	0.453	254.6
2020-07-05T16:00	81.68556	6.06465	0.452	255.1
2020-07-05T16:10	81.68524	6.05617	0.457	255.4
2020-07-05T16:20	81.68493	6.04762	0.459	255.7
2020-07-05T16:30	81.68462	6.03902	0.461	256.1
2020-07-05T16:40	81.68429	6.03004	0.482	255.8
2020-07-05T16:50	81.68401	6.02142	0.460	257.4
2020-07-05T17:00	81.68372	6.01247	0.478	257.2
2020-07-05T17:10	81.68344	6.00346	0.480	257.9
2020-07-05T17:20	81.68318	5.99435	0.483	258.8
2020-07-05T17:30	81.68293	5.98518	0.486	259.4
2020-07-05T17:40	81.68271	5.97595	0.487	260.7
2020-07-05T17:50	81.68251	5.96662	0.491	261.4
2020-07-05T18:00	81.68232	5.95729	0.491	262.3
2020-07-05T18:10	81.68217	5.94795	0.490	263.4
2020-07-05T18:20	81.68202	5.93867	0.486	263.7
2020-07-05T18:30	81.68188	5.92939	0.486	264.3
2020-07-05T18:40	81.68176	5.92015	0.483	264.9
2020-07-05T18:50	81.68166	5.91084	0.486	265.8
2020-07-05T19:00	81.68161	5.90154	0.485	267.8
2020-07-05T19:10	81.68162	5.89219	0.487	270.1
2020-07-05T19:20	81.68166	5.88288	0.485	271.9
2020-07-05T19:30	81.68174	5.87360	0.484	273.3
2020-07-05T19:40	81.68185	5.86441	0.481	275.0
2020-07-05T19:50	81.68200	5.85535	0.475	276.6
2020-07-05T20:00	81.68217	5.84640	0.470	277.5
2020-07-05T20:10	81.68237	5.83767	0.460	278.7
2020-07-05T20:20	81.68256	5.82909	0.452	279.0
2020-07-05T20:30	81.68277	5.82077	0.440	279.6
2020-07-05T20:40	81.68299	5.81264	0.431	280.6
2020-07-05T20:50	81.68321	5.80475	0.419	281.0
2020-07-05T21:00	81.68345	5.79707	0.410	282.5
2020-07-05T21:10	81.68372	5.78959	0.401	283.7
2020-07-05T21:20	81.68399	5.78245	0.385	284.9
2020-07-05T21:30	81.68429	5.77561	0.371	286.6
2020-07-05T21:40	81.68467	5.76875	0.383	291.3
2020-07-05T21:50	81.68509	5.76222	0.371	293.5
2020-07-05T22:00	81.68558	5.75625	0.358	299.7
2020-07-05T22:10	81.68620	5.75021	0.385	305.3
2020-07-05T22:20	81.68686	5.74438	0.386	308.3
2020-07-05T22:30	81.68753	5.73879	0.379	309.8
2020-07-05T22:40	81.68825	5.73337	0.382	312.4
2020-07-05T22:50	81.68902	5.72809	0.391	315.3
2020-07-05T23:00	81.68979	5.72310	0.381	317.0
2020-07-05T23:10	81.69057	5.71853	0.366	319.4
2020-07-05T23:20	81.69136	5.71435	0.359	322.8
2020-07-05T23:30	81.69217	5.71051	0.353	325.5
2020-07-05T23:40	81.69298	5.70702	0.343	328.0
2020-07-05T23:50	81.69379	5.70381	0.337	330.3
2020-07-06T00:00	81.69459	5.70091	0.324	332.3
2020-07-06T00:10	81.69536	5.69822	0.312	333.4
2020-07-06T00:20	81.69613	5.69582	0.305	335.8
2020-07-06T00:30	81.69689	5.69360	0.297	337.1
2020-07-06T00:40	81.69761	5.69163	0.279	338.5
2020-07-06T00:50	81.69829	5.69004	0.257	341.2
2020-07-06T01:00	81.69894	5.68858	0.247	342.2
2020-07-06T01:10	81.69957	5.68722	0.238	342.6
2020-07-06T01:20	81.70020	5.68615	0.231	346.2
2020-07-06T01:30	81.70080	5.68525	0.222	347.7
2020-07-06T01:40	81.70139	5.68447	0.215	349.2
2020-07-06T01:50	81.70194	5.68400	0.202	353.1
2020-07-06T02:00	81.70248	5.68362	0.193	354.1
2020-07-06T02:10	81.70301	5.68350	0.193	358.2
2020-07-06T02:20	81.70354	5.68351	0.191	0.2
2020-07-06T02:30	81.70403	5.68363	0.176	2.0
2020-07-06T02:40	81.70448	5.68380	0.162	3.1
2020-07-06T02:50	81.70489	5.68392	0.148	2.5
2020-07-06T03:00	81.70527	5.68411	0.137	4.0
2020-07-06T03:10	81.70562	5.68421	0.127	2.2
2020-07-06T03:20	81.70593	5.68427	0.109	1.8
2020-07-06T03:30	81.70619	5.68415	0.096	356.1
2020-07-06T03:40	81.70641	5.68384	0.080	348.3
2020-07-06T03:50	81.70657	5.68340	0.062	338.6
2020-07-06T04:00	81.70669	5.68271	0.056	320.4
2020-07-06T04:10	81.70676	5.68189	0.051	302.8
2020-07-06T04:20	81.70680	5.68091	0.052	284.4
2020-07-06T04:30	81.70680	5.67971	0.062	269.0
2020-07-06T04:40	81.70676	5.67836	0.072	259.1
2020-07-06T04:50	81.70668	5.67679	0.086	251.3
2020-07-06T05:00	81.70656	5.67501	0.102	245.2
2020-07-06T05:10	81.70641	5.67295	0.120	242.5
2020-07-06T05:20	81.70622	5.67067	0.137	240.1
2020-07-06T05:30	81.70599	5.66818	0.154	237.3
2020-07-06T05:40	81.70572	5.66553	0.169	234.3
2020-07-06T05:50	81.70541	5.66274	0.181	233.2
2020-07-06T06:00	81.70508	5.65978	0.196	231.8
2020-07-06T06:10	81.70471	5.65659	0.213	231.1
2020-07-06T06:20	81.70430	5.65323	0.228	230.1
2020-07-06T06:30	81.70385	5.64957	0.249	229.7
2020-07-06T06:40	81.70338	5.64564	0.265	230.4
2020-07-06T06:50	81.70287	5.64139	0.288	229.9
2020-07-06T07:00	81.70232	5.63688	0.307	229.8
2020-07-06T07:10	81.70174	5.63200	0.329	230.4
2020-07-06T07:20	81.70111	5.62681	0.350	230.3
2020-07-06T07:30	81.70047	5.62143	0.363	230.5
2020-07-06T07:40	81.69981	5.61567	0.383	231.3
2020-07-06T07:50	81.69913	5.60970	0.394	231.9
2020-07-06T08:00	81.69844	5.60339	0.411	232.8
2020-07-06T08:10	81.69774	5.59680	0.426	233.6
2020-07-06T08:20	81.69703	5.58995	0.438	234.3
2020-07-06T08:30	81.69631	5.58289	0.449	234.8
2020-07-06T08:40	81.69558	5.57566	0.458	235.1
2020-07-06T08:50	81.69485	5.56828	0.466	235.5
2020-07-06T09:00	81.69411	5.56079	0.471	235.8
2020-07-06T09:10	81.69337	5.55315	0.479	236.1
2020-07-06T09:20	81.69263	5.54546	0.482	236.2
2020-07-06T09:30	81.69188	5.53764	0.488	236.4
2020-07-06T09:40	81.69113	5.52972	0.492	236.8
2020-07-06T09:50	81.69039	5.52170	0.495	237.6
2020-07-06T10:00	81.68965	5.51354	0.501	237.8
2020-07-06T10:10	81.68891	5.50530	0.505	238.3
2020-07-06T10:20	81.68818	5.49692	0.509	239.0
2020-07-06T10:30	81.68746	5.48843	0.512	239.6
2020-07-06T10:40	81.68675	5.47987	0.515	239.9
2020-07-06T10:50	81.68605	5.47124	0.515	240.8
2020-07-06T11:00	81.68536	5.46247	0.519	241.6
2020-07-06T11:10	81.68470	5.45363	0.519	242.4
2020-07-06T11:20	81.68405	5.44476	0.517	243.3
2020-07-06T11:30	81.68342	5.43584	0.517	244.0
2020-07-06T11:40	81.68281	5.42691	0.514	244.8
2020-07-06T11:50	81.68222	5.41794	0.513	245.6
2020-07-06T12:00	81.68166	5.40897	0.509	246.6
2020-07-06T12:10	81.68112	5.39999	0.506	247.5
2020-07-06T12:20	81.68061	5.39097	0.505	248.5
2020-07-06T12:30	81.68012	5.38199	0.500	249.3
2020-07-06T12:40	81.67967	5.37306	0.493	250.7
2020-07-06T12:50	81.67924	5.36426	0.483	251.6
2020-07-06T13:00	81.67886	5.35574	0.465	252.9
2020-07-06T13:10	81.67851	5.34740	0.453	253.5
2020-07-06T13:20	81.67819	5.33919	0.443	254.9
2020-07-06T13:30	81.67789	5.33115	0.433	255.5
2020-07-06T13:40	81.67761	5.32325	0.423	256.7
2020-07-06T13:50	81.67737	5.31550	0.413	257.6
2020-07-06T14:00	81.67714	5.30782	0.409	258.2
2020-07-06T14:10	81.67693	5.30031	0.399	259.1
2020-07-06T14:20	81.67673	5.29292	0.391	259.6
2020-07-06T14:30	81.67654	5.28555	0.390	259.8
2020-07-06T14:40	81.67636	5.27828	0.385	260.2
2020-07-06T14:50	81.67619	5.27113	0.378	260.6
2020-07-06T15:00	81.67602	5.26405	0.374	260.6
2020-07-06T15:10	81.67585	5.25706	0.369	260.7
2020-07-06T15:20	81.67569	5.25014	0.365	261.0
2020-07-06T15:30	81.67554	5.24335	0.358	261.3
2020-07-06T15:40	81.67539	5.23654	0.359	261.4
2020-07-06T15:50	81.67524	5.22971	0.360	261.2
2020-07-06T16:00	81.67506	5.22267	0.372	260.0
2020-07-06T16:10	81.67487	5.21551	0.380	259.5
2020-07-06T16:20	81.67466	5.20834	0.381	258.7
2020-07-06T16:30	81.67444	5.20109	0.386	258.2
2020-07-06T16:40	81.67421	5.19380	0.389	257.6
2020-07-06T16:50	81.67396	5.18648	0.392	257.0
2020-07-06T17:00	81.67371	5.17909	0.396	256.6
2020-07-06T17:10	81.67345	5.17161	0.401	256.5
2020-07-06T17:20	81.67318	5.16404	0.407	256.4
2020-07-06T17:30	81.67291	5.15639	0.410	256.3
2020-07-06T17:40	81.67263	5.14860	0.418	256.0
2020-07-06T17:50	81.67235	5.14074	0.423	256.0
2020-07-06T18:00	81.67206	5.13273	0.430	256.0
2020-07-06T18:10	81.67176	5.12452	0.441	256.3
2020-07-06T18:20	81.67148	5.11631	0.441	256.3
2020-07-06T18:30	81.67118	5.10795	0.448	256.5
2020-07-06T18:40	81.67089	5.09949	0.453	256.7
2020-07-06T18:50	81.67060	5.09094	0.458	256.7
2020-07-06T19:00	81.67032	5.08231	0.462	257.1
2020-07-06T19:10	81.67004	5.07360	0.465	257.7
2020-07-06T19:20	81.66977	5.06482	0.468	258.1
2020-07-06T19:30	81.66952	5.05601	0.468	258.8
2020-07-06T19:40	81.66928	5.04712	0.472	259.6
2020-07-06T19:50	81.66906	5.03830	0.467	260.0
2020-07-06T20:00	81.66884	5.02941	0.470	260.7
2020-07-06T20:10	81.66865	5.02059	0.466	261.4
2020-07-06T20:20	81.66847	5.01173	0.467	262.0
2020-07-06T20:30	81.66831	5.00291	0.464	262.7
2020-07-06T20:40	81.66816	4.99407	0.464	263.4
2020-07-06T20:50	81.66802	4.98532	0.460	263.7
2020-07-06T21:00	81.66788	4.97653	0.461	264.1
2020-07-06T21:10	81.66776	4.96774	0.461	264.3
2020-07-06T21:20	81.66763	4.95895	0.461	264.4
2020-07-06T21:30	81.66754	4.95031	0.452	265.7
2020-07-06T21:40	81.66746	4.94174	0.448	266.4
2020-07-06T21:50	81.66740	4.93343	0.434	267.3
2020-07-06T22:00	81.66737	4.92546	0.416	268.2
2020-07-06T22:10	81.66732	4.91729	0.427	267.8
2020-07-06T22:20	81.66728	4.90922	0.421	268.0
2020-07-06T22:30	81.66727	4.90140	0.408	269.5
2020-07-06T22:40	81.66730	4.89393	0.390	271.7
2020-07-06T22:50	81.66737	4.88668	0.379	274.0
2020-07-06T23:00	81.66747	4.87966	0.368	275.5
2020-07-06T23:10	81.66760	4.87294	0.354	277.5
2020-07-06T23:20	81.66782	4.86668	0.336	283.7
2020-07-06T23:30	81.66810	4.86085	0.320	288.2
2020-07-06T23:40	81.66836	4.85527	0.306	288.0
2020-07-06T23:50	81.66867	4.85001	0.295	291.8
2020-07-07T00:00	81.66903	4.84495	0.294	296.2
2020-07-07T00:10	81.66932	4.84030	0.265	293.6
2020-07-07T00:20	81.66967	4.83519	0.296	295.6
2020-07-07T00:30	81.67003	4.83044	0.279	297.4
2020-07-07T00:40	81.67039	4.82610	0.262	300.0
2020-07-07T00:50	81.67076	4.82167	0.266	299.9
2020-07-07T01:00	81.67115	4.81749	0.260	302.9
2020-07-07T01:10	81.67156	4.81350	0.254	304.9
2020-07-07T01:20	81.67196	4.80978	0.243	307.0
2020-07-07T01:30	81.67237	4.80628	0.235	309.1
2020-07-07T01:40	81.67277	4.80299	0.224	310.0
2020-07-07T01:50	81.67318	4.79980	0.223	311.7
2020-07-07T02:00	81.67358	4.79684	0.210	312.7
2020-07-07T02:10	81.67396	4.79410	0.198	313.9
2020-07-07T02:20	81.67431	4.79165	0.178	314.0
2020-07-07T02:30	81.67463	4.78929	0.169	313.6
2020-07-07T02:40	81.67495	4.78730	0.156	318.3
2020-07-07T02:50	81.67527	4.78559	0.144	321.6
2020-07-07T03:00	81.67557	4.78415	0.132	325.5
2020-07-07T03:10	81.67586	4.78289	0.122	327.6
2020-07-07T03:20	81.67608	4.78194	0.093	328.1
2020-07-07T03:30	81.67629	4.78124	0.083	333.9
2020-07-07T03:40	81.67644	4.78070	0.063	333.2
2020-07-07T03:50	81.67656	4.78032	0.047	335.3
2020-07-07T04:00	81.67664	4.78011	0.030	339.1
2020-07-07T04:10	81.67670	4.77997	0.022	339.9
2020-07-07T04:20	81.67671	4.77990	0.005	315.1
2020-07-07T04:30	81.67668	4.77977	0.012	211.7
2020-07-07T04:40	81.67658	4.77963	0.037	191.3
2020-07-07T04:50	81.67644	4.77953	0.050	186.0
2020-07-07T05:00	81.67623	4.77919	0.079	193.1
2020-07-07T05:10	81.67595	4.77844	0.108	201.1
2020-07-07T05:20	81.67562	4.77733	0.131	206.4
2020-07-07T05:30	81.67526	4.77599	0.149	207.9
2020-07-07T05:40	81.67484	4.77436	0.172	209.5
2020-07-07T05:50	81.67440	4.77257	0.184	210.6
2020-07-07T06:00	81.67392	4.77062	0.201	210.4
2020-07-07T06:10	81.67339	4.76858	0.217	209.3
2020-07-07T06:20	81.67282	4.76645	0.234	208.3
2020-07-07T06:30	81.67219	4.76412	0.257	208.3
2020-07-07T06:40	81.67150	4.76148	0.284	209.0
2020-07-07T06:50	81.67076	4.75851	0.309	210.1
2020-07-07T07:00	81.66996	4.75516	0.338	211.2
2020-07-07T07:10	81.66910	4.75144	0.364	212.2
2020-07-07T07:20	81.66822	4.74741	0.380	213.6
2020-07-07T07:30	81.66731	4.74305	0.400	214.6
2020-07-07T07:40	81.66637	4.73837	0.418	215.8
2020-07-07T07:50	81.66540	4.73325	0.440	217.4
2020-07-07T08:00	81.66439	4.72767	0.465	218.8
2020-07-07T08:10	81.66336	4.72176	0.482	219.8
2020-07-07T08:20	81.66231	4.71551	0.500	220.7
2020-07-07T08:30	81.66124	4.70906	0.510	221.3
2020-07-07T08:40	81.66017	4.70237	0.520	222.3
2020-07-07T08:50	81.65909	4.69538	0.534	223.1
2020-07-07T09:00	81.65797	4.68806	0.555	223.5
2020-07-07T09:10	81.65688	4.68070	0.551	224.3
2020-07-07T09:20	81.65577	4.67315	0.561	224.7
2020-07-07T09:30	81.65465	4.66530	0.576	225.4
2020-07-07T09:40	81.65352	4.65713	0.589	226.5
2020-07-07T09:50	81.65240	4.64873	0.596	227.4
2020-07-07T10:00	81.65129	4.63995	0.610	228.8
2020-07-07T10:10	81.65018	4.63083	0.622	230.0
2020-07-07T10:20	81.64908	4.62134	0.635	231.4
2020-07-07T10:30	81.64800	4.61153	0.643	233.0
2020-07-07T10:40	81.64696	4.60142	0.649	234.6
2020-07-07T10:50	81.64594	4.59106	0.655	235.9
2020-07-07T11:00	81.64495	4.58052	0.656	237.2
2020-07-07T11:10	81.64400	4.56978	0.659	238.6
2020-07-07T11:20	81.64309	4.55890	0.657	240.1
2020-07-07T11:30	81.64222	4.54780	0.660	241.7
2020-07-07T11:40	81.64138	4.53643	0.668	243.1
2020-07-07T11:50	81.64057	4.52498	0.666	244.2
2020-07-07T12:00	81.63980	4.51334	0.669	245.6
2020-07-07T12:10	81.63908	4.50161	0.667	247.0
2020-07-07T12:20	81.63838	4.48980	0.667	248.0
2020-07-07T12:30	81.63772	4.47796	0.664	248.9
2020-07-07T12:40	81.63709	4.46609	0.662	249.8
2020-07-07T12:50	81.63648	4.45419	0.660	250.6
2020-07-07T13:00	81.63590	4.44235	0.654	251.6
2020-07-07T13:10	81.63535	4.43049	0.652	252.3
2020-07-07T13:20	81.63484	4.41881	0.639	253.3
2020-07-07T13:30	81.63436	4.40723	0.631	253.9
2020-07-07T13:40	81.63391	4.39578	0.621	254.9
2020-07-07T13:50	81.63349	4.38440	0.615	255.9
2020-07-07T14:00	81.63311	4.37326	0.600	256.6
2020-07-07T14:10	81.63276	4.36225	0.590	257.7
2020-07-07T14:20	81.63242	4.35149	0.577	258.0
2020-07-07T14:30	81.63212	4.34071	0.575	259.1
2020-07-07T14:40	81.63184	4.33013	0.564	259.5
2020-07-07T14:50	81.63156	4.31965	0.558	259.9
2020-07-07T15:00	81.63130	4.30927	0.552	260.1
2020-07-07T15:10	81.63106	4.29924	0.532	260.8
2020-07-07T15:20	81.63080	4.28910	0.540	259.9
2020-07-07T15:30	81.63054	4.27905	0.535	260.0
2020-07-07T15:40	81.63028	4.26879	0.546	260.1
2020-07-07T15:50	81.63003	4.25900	0.521	260.1
2020-07-07T16:00	81.62976	4.24930	0.518	259.1
2020-07-07T16:10	81.62949	4.23962	0.517	259.1
2020-07-07T16:20	81.62924	4.22992	0.516	260.1
2020-07-07T16:30	81.62898	4.21971	0.543	259.9
2020-07-07T16:40	81.62876	4.20997	0.516	261.5
2020-07-07T16:50	81.62854	4.20015	0.521	261.1
2020-07-07T17:00	81.62830	4.19038	0.519	260.7
2020-07-07T17:10	81.62807	4.18044	0.528	260.7
2020-07-07T17:20	81.62782	4.17092	0.507	260.0
2020-07-07T17:30	81.62755	4.16161	0.498	258.5
2020-07-07T17:40	81.62725	4.15195	0.518	257.9
2020-07-07T17:50	81.62693	4.14211	0.529	257.4
2020-07-07T18:00	81.62659	4.13217	0.535	256.9
2020-07-07T18:10	81.62623	4.12219	0.539	256.1
2020-07-07T18:20	81.62584	4.11221	0.541	255.2
2020-07-07T18:30	81.62542	4.10194	0.559	254.3
2020-07-07T18:40	81.62499	4.09173	0.558	253.7
2020-07-07T18:50	81.62454	4.08149	0.561	253.4
2020-07-07T19:00	81.62409	4.07133	0.557	253.1
2020-07-07T19:10	81.62362	4.06111	0.562	252.4
2020-07-07T19:20	81.62315	4.05087	0.563	252.6
2020-07-07T19:30	81.62269	4.04049	0.569	252.9
2020-07-07T19:40	81.62224	4.02993	0.577	253.8
2020-07-07T19:50	81.62179	4.01937	0.578	253.7
2020-07-07T20:00	81.62136	4.00866	0.583	254.5
2020-07-07T20:10	81.62095	3.99772	0.592	255.6
2020-07-07T20:20	81.62056	3.98659	0.601	256.5
2020-07-07T20:30	81.62018	3.97542	0.601	257.1
2020-07-07T20:40	81.61979	3.96446	0.592	256.2
2020-07-07T20:50	81.61939	3.95372	0.582	255.6
2020-07-07T21:00	81.61902	3.94296	0.580	256.9
2020-07-07T21:10	81.61866	3.93201	0.589	257.3
2020-07-07T21:20	81.61832	3.92111	0.585	257.8
2020-07-07T21:30	81.61801	3.91027	0.580	258.9
2020-07-07T21:40	81.61772	3.89937	0.582	259.4
2020-07-07T21:50	81.61746	3.88832	0.588	260.9
2020-07-07T22:00	81.61723	3.87719	0.590	262.0
2020-07-07T22:10	81.61702	3.86602	0.592	262.7
2020-07-07T22:20	81.61686	3.85478	0.593	264.4
2020-07-07T22:30	81.61672	3.84358	0.590	265.3
2020-07-07T22:40	81.61666	3.83260	0.577	267.6
2020-07-07T22:50	81.61663	3.82182	0.566	268.9
2020-07-07T23:00	81.61664	3.81164	0.535	270.5
2020-07-07T23:10	81.61668	3.80113	0.552	271.5
2020-07-07T23:20	81.61676	3.79077	0.544	273.1
2020-07-07T23:30	81.61688	3.78067	0.532	274.8
2020-07-07T23:40	81.61706	3.77009	0.559	276.3
2020-07-07T23:50	81.61725	3.76000	0.534	277.5
2020-07-08T00:00	81.61746	3.75041	0.509	278.6
2020-07-08T00:10	81.61771	3.74081	0.512	280.1
2020-07-08T00:20	81.61801	3.73128	0.511	282.0
2020-07-08T00:30	81.61834	3.72195	0.504	283.6
2020-07-08T00:40	81.61870	3.71280	0.498	285.2
2020-07-08T00:50	81.61906	3.70389	0.486	285.6
2020-07-08T01:00	81.61944	3.69509	0.481	286.5
2020-07-08T01:10	81.61981	3.68700	0.445	287.5
2020-07-08T01:20	81.62021	3.67892	0.448	288.7
2020-07-08T01:30	81.62059	3.67144	0.416	289.3
2020-07-08T01:40	81.62098	3.66417	0.407	290.3
2020-07-08T01:50	81.62135	3.65738	0.380	290.4
2020-07-08T02:00	81.62170	3.65095	0.360	290.5
2020-07-08T02:10	81.62204	3.64488	0.341	291.2
2020-07-08T02:20	81.62238	3.63907	0.328	291.7
2020-07-08T02:30	81.62272	3.63341	0.321	292.2
2020-07-08T02:40	81.62306	3.62786	0.316	293.0
2020-07-08T02:50	81.62341	3.62239	0.312	293.4
2020-07-08T03:00	81.62371	3.61712	0.297	291.3
2020-07-08T03:10	81.62397	3.61205	0.283	289.6
2020-07-08T03:20	81.62421	3.60711	0.273	288.4
2020-07-08T03:30	81.62441	3.60229	0.263	286.1
2020-07-08T03:40	81.62459	3.59745	0.262	284.3
2020-07-08T03:50	81.62473	3.59270	0.255	281.8
2020-07-08T04:00	81.62483	3.58805	0.246	278.2
2020-07-08T04:10	81.62487	3.58348	0.240	273.0
2020-07-08T04:20	81.62486	3.57890	0.240	269.4
2020-07-08T04:30	81.62482	3.57438	0.238	266.7
2020-07-08T04:40	81.62479	3.56980	0.240	266.9
2020-07-08T04:50	81.62471	3.56519	0.243	263.4
2020-07-08T05:00	81.62462	3.56054	0.246	262.3
2020-07-08T05:10	81.62450	3.55591	0.246	260.4
2020-07-08T05:20	81.62436	3.55118	0.253	258.4
2020-07-08T05:30	81.62419	3.54637	0.259	256.8
2020-07-08T05:40	81.62401	3.54150	0.264	255.6
2020-07-08T05:50	81.62381	3.53661	0.267	253.8
2020-07-08T06:00	81.62357	3.53172	0.271	251.5
2020-07-08T06:10	81.62330	3.52680	0.275	249.4
2020-07-08T06:20	81.62298	3.52174	0.289	247.0
2020-07-08T06:30	81.62263	3.51650	0.303	245.2
2020-07-08T06:40	81.62225	3.51111	0.315	243.9
2020-07-08T06:50	81.62183	3.50557	0.327	242.7
2020-07-08T07:00	81.62138	3.49998	0.335	241.2
2020-07-08T07:10	81.62090	3.49422	0.349	240.0
2020-07-08T07:20	81.62038	3.48846	0.354	238.7
2020-07-08T07:30	81.61984	3.48258	0.366	237.6
2020-07-08T07:40	81.61924	3.47650	0.384	236.1
2020-07-08T07:50	81.61861	3.47028	0.398	235.1
2020-07-08T08:00	81.61794	3.46393	0.412	234.0
2020-07-08T08:10	81.61724	3.45752	0.422	233.0
2020-07-08T08:20	81.61650	3.45089	0.436	232.8
2020-07-08T08:30	81.61573	3.44420	0.448	231.7
2020-07-08T08:40	81.61492	3.43737	0.464	230.6
2020-07-08T08:50	81.61404	3.43036	0.484	229.5
2020-07-08T09:00	81.61313	3.42305	0.505	229.5
2020-07-08T09:10	81.61220	3.41549	0.519	229.9
2020-07-08T09:20	81.61125	3.40762	0.537	230.3
2020-07-08T09:30	81.61027	3.39931	0.563	230.9
2020-07-08T09:40	81.60931	3.39067	0.570	232.7
2020-07-08T09:50	81.60836	3.38176	0.580	233.9
2020-07-08T10:00	81.60739	3.37253	0.596	234.5
2020-07-08T10:10	81.60645	3.36312	0.601	235.4
2020-07-08T10:20	81.60550	3.35331	0.617	236.7
2020-07-08T10:30	81.60455	3.34332	0.627	236.9
2020-07-08T10:40	81.60361	3.33301	0.639	238.0
2020-07-08T10:50	81.60268	3.32249	0.648	238.6
2020-07-08T11:00	81.60173	3.31194	0.650	238.6
2020-07-08T11:10	81.60082	3.30146	0.642	239.1
2020-07-08T11:20	81.59993	3.29117	0.629	239.4
2020-07-08T11:30	81.59904	3.28106	0.620	239.1
2020-07-08T11:40	81.59820	3.27069	0.623	241.1
2020-07-08T11:50	81.59738	3.26054	0.612	240.9
2020-07-08T12:00	81.59656	3.25034	0.612	241.3
2020-07-08T12:10	81.59578	3.24038	0.595	241.8
2020-07-08T12:20	81.59503	3.23035	0.593	243.0
2020-07-08T12:30	81.59433	3.22008	0.597	244.9
2020-07-08T12:40	81.59365	3.20941	0.612	246.6
2020-07-08T12:50	81.59304	3.19877	0.601	248.5
2020-07-08T13:00	81.59247	3.18826	0.591	249.5
2020-07-08T13:10	81.59192	3.17771	0.588	250.6
2020-07-08T13:20	81.59143	3.16737	0.573	251.8
2020-07-08T13:30	81.59096	3.15680	0.581	253.3
2020-07-08T13:40	81.59058	3.14602	0.584	256.4
2020-07-08T13:50	81.59023	3.13558	0.564	257.1
2020-07-08T14:00	81.58990	3.12510	0.564	257.9
2020-07-08T14:10	81.58960	3.11475	0.556	258.8
2020-07-08T14:20	81.58931	3.10446	0.552	259.1
2020-07-08T14:30	81.58906	3.09431	0.542	260.4
2020-07-08T14:40	81.58881	3.08446	0.526	260.1
2020-07-08T14:50	81.58855	3.07478	0.518	259.7
2020-07-08T15:00	81.58824	3.06590	0.480	256.7
2020-07-08T15:10	81.58791	3.05760	0.453	254.9
2020-07-08T15:20	81.58760	3.04964	0.435	254.8
2020-07-08T15:30	81.58732	3.04181	0.424	256.4
2020-07-08T15:40	81.58705	3.03414	0.415	256.6
2020-07-08T15:50	81.58681	3.02624	0.425	258.1
2020-07-08T16:00	81.58657	3.01834	0.425	258.1
2020-07-08T16:10	81.58632	3.01032	0.431	258.3
2020-07-08T16:20	81.58607	3.00255	0.420	257.3
2020-07-08T16:30	81.58580	2.99528	0.395	255.7
2020-07-08T16:40	81.58551	2.98859	0.367	254.0
2020-07-08T16:50	81.58522	2.98216	0.355	252.8
2020-07-08T17:00	81.58491	2.97576	0.355	251.5
2020-07-08T17:10	81.58458	2.96931	0.361	250.5
2020-07-08T17:20	81.58423	2.96276	0.367	250.3
2020-07-08T17:30	81.58385	2.95629	0.367	248.2
2020-07-08T17:40	81.58346	2.94973	0.373	247.9
2020-07-08T17:50	81.58307	2.94295	0.384	248.6
2020-07-08T18:00	81.58268	2.93608	0.388	248.7
2020-07-08T18:10	81.58228	2.92910	0.396	248.4
2020-07-08T18:20	81.58186	2.92224	0.392	247.3
2020-07-08T18:30	81.58142	2.91546	0.391	246.0
2020-07-08T18:40	81.58097	2.90863	0.395	245.9
2020-07-08T18:50	81.58050	2.90174	0.401	245.0
2020-07-08T19:00	81.58000	2.89479	0.408	243.8
2020-07-08T19:10	81.57950	2.88769	0.415	244.5
2020-07-08T19:20	81.57900	2.88040	0.425	244.7
2020-07-08T19:30	81.57836	2.87390	0.412	236.4
2020-07-08T19:40	81.57771	2.86742	0.414	235.7
2020-07-08T19:50	81.57705	2.86078	0.424	235.6
2020-07-08T20:00	81.57636	2.85400	0.435	235.3
2020-07-08T20:10	81.57564	2.84709	0.447	234.6
2020-07-08T20:20	81.57497	2.83984	0.453	237.7
2020-07-08T20:30	81.57429	2.83274	0.447	237.0
2020-07-08T20:40	81.57362	2.82541	0.457	237.8
2020-07-08T20:50	81.57302	2.81721	0.484	243.4
2020-07-08T21:00	81.57237	2.80865	0.508	242.9
2020-07-08T21:10	81.57168	2.80057	0.494	239.7
2020-07-08T21:20	81.57100	2.79227	0.502	240.7
2020-07-08T21:30	81.57035	2.78351	0.518	243.0
2020-07-08T21:40	81.56970	2.77536	0.490	241.4
2020-07-08T21:50	81.56896	2.76776	0.482	236.5
2020-07-08T22:00	81.56837	2.75941	0.490	244.2
2020-07-08T22:10	81.56795	2.75066	0.485	252.2
2020-07-08T22:20	81.56753	2.74220	0.473	250.9
2020-07-08T22:30	81.56704	2.73370	0.482	248.6
2020-07-08T22:40	81.56644	2.72553	0.482	243.3
2020-07-08T22:50	81.56581	2.71749	0.481	241.9
2020-07-08T23:00	81.56521	2.70963	0.468	242.6
2020-07-08T23:10	81.56464	2.70202	0.451	242.9
2020-07-08T23:20	81.56407	2.69476	0.435	242.0
2020-07-08T23:30	81.56352	2.68772	0.421	242.0
2020-07-08T23:40	81.56302	2.68075	0.410	244.0
2020-07-08T23:50	81.56256	2.67397	0.395	245.1
2020-07-09T00:00	81.56213	2.66786	0.358	244.2
2020-07-09T00:10	81.56176	2.66139	0.367	248.7
2020-07-09T00:20	81.56142	2.65522	0.348	249.4
2020-07-09T00:30	81.56109	2.64920	0.339	249.7
2020-07-09T00:40	81.56091	2.64337	0.315	257.9
2020-07-09T00:50	81.56087	2.63738	0.317	267.5
2020-07-09T01:00	81.56078	2.63204	0.284	263.8
2020-07-09T01:10	81.56075	2.62748	0.241	266.7
2020-07-09T01:20	81.56067	2.62323	0.226	262.8
2020-07-09T01:30	81.56063	2.61877	0.236	267.2
2020-07-09T01:40	81.56058	2.61503	0.199	264.7
2020-07-09T01:50	81.56052	2.61185	0.170	261.7
2020-07-09T02:00	81.56044	2.60921	0.142	259.3
2020-07-09T02:10	81.56037	2.60701	0.119	258.0
2020-07-09T02:20	81.56033	2.60521	0.097	260.1
2020-07-09T02:30	81.56030	2.60377	0.077	262.5
2020-07-09T02:40	81.56029	2.60262	0.061	265.8
2020-07-09T02:50	81.56029	2.60173	0.047	272.1
2020-07-09T03:00	81.56031	2.60110	0.034	283.7
2020-07-09T03:10	81.56033	2.60071	0.022	290.1
2020-07-09T03:20	81.56035	2.60051	0.012	301.1
2020-07-09T03:30	81.56037	2.60042	0.008	319.9
2020-07-09T03:40	81.56040	2.60044	0.011	7.1
2020-07-09T03:50	81.56043	2.60056	0.013	27.2
2020-07-09T04:00	81.56046	2.60076	0.015	44.5
2020-07-09T04:10	81.56049	2.60104	0.017	58.0
2020-07-09T04:20	81.56051	2.60133	0.017	65.9
2020-07-09T04:30	81.56052	2.60167	0.019	72.0
2020-07-09T04:40	81.56053	2.60205	0.020	79.6
2020-07-09T04:50	81.56053	2.60236	0.016	90.8
2020-07-09T05:00	81.56052	2.60275	0.021	98.7
2020-07-09T05:10	81.56050	2.60313	0.022	110.8
2020-07-09T05:20	81.56047	2.60351	0.023	119.7
2020-07-09T05:30	81.56042	2.60388	0.026	129.9
2020-07-09T05:40	81.56036	2.60425	0.030	139.0
2020-07-09T05:50	81.56029	2.60461	0.032	143.4
2020-07-09T06:00	81.56020	2.60493	0.037	153.2
2020-07-09T06:10	81.56009	2.60523	0.043	158.3
2020-07-09T06:20	81.55996	2.60550	0.049	163.0
2020-07-09T06:30	81.55980	2.60574	0.058	167.1
2020-07-09T06:40	81.55963	2.60591	0.063	172.0
2020-07-09T06:50	81.55944	2.60605	0.067	173.4
2020-07-09T07:00	81.55923	2.60608	0.078	178.9
2020-07-09T07:10	81.55899	2.60612	0.084	178.6
2020-07-09T07:20	81.55873	2.60608	0.094	181.3
2020-07-09T07:30	81.55845	2.60600	0.102	182.3
2020-07-09T07:40	81.55815	2.60592	0.109	182.3
2020-07-09T07:50	81.55782	2.60581	0.118	182.8
2020-07-09T08:00	81.55747	2.60577	0.127	181.0
2020-07-09T08:10	81.55707	2.60554	0.145	184.8
2020-07-09T08:20	81.55664	2.60531	0.155	184.6
2020-07-09T08:30	81.55618	2.60510	0.165	183.8
2020-07-09T08:40	81.55569	2.60472	0.178	186.5
2020-07-09T08:50	81.55517	2.60421	0.190	188.3
2020-07-09T09:00	81.55462	2.60353	0.200	190.2
2020-07-09T09:10	81.55406	2.60282	0.208	190.4
2020-07-09T09:20	81.55346	2.60206	0.220	190.5
2020-07-09T09:30	81.55283	2.60132	0.227	190.0
2020-07-09T09:40	81.55218	2.60047	0.238	190.9
2020-07-09T09:50	81.55151	2.59959	0.246	190.9
2020-07-09T10:00	81.55082	2.59864	0.256	191.3
2020-07-09T10:10	81.55010	2.59753	0.264	192.9
2020-07-09T10:20	81.54938	2.59641	0.268	192.8
2020-07-09T10:30	81.54865	2.59514	0.271	194.3
2020-07-09T10:40	81.54791	2.59375	0.276	195.5
2020-07-09T10:50	81.54717	2.59237	0.276	195.3
2020-07-09T11:00	81.54644	2.59096	0.273	195.9
2020-07-09T11:10	81.54574	2.58952	0.263	196.8
2020-07-09T11:20	81.54506	2.58814	0.256	196.6
2020-07-09T11:30	81.54440	2.58675	0.248	197.3
2020-07-09T11:40	81.54376	2.58532	0.244	198.0
2020-07-09T11:50	81.54312	2.58390	0.243	198.1
2020-07-09T12:00	81.54248	2.58239	0.242	199.4
2020-07-09T12:10	81.54187	2.58085	0.236	200.1
2020-07-09T12:20	81.54126	2.57945	0.232	198.6
2020-07-09T12:30	81.54067	2.57812	0.224	198.5
2020-07-09T12:40	81.54009	2.57675	0.219	199.3
2020-07-09T12:50	81.53953	2.57536	0.217	199.9
2020-07-09T13:00	81.53897	2.57392	0.215	200.8
2020-07-09T13:10	81.53843	2.57260	0.206	199.9
2020-07-09T13:20	81.53790	2.57130	0.205	199.6
2020-07-09T13:30	81.53738	2.57014	0.197	198.2
2020-07-09T13:40	81.53688	2.56915	0.186	196.5
2020-07-09T13:50	81.53642	2.56815	0.176	197.5
2020-07-09T14:00	81.53595	2.56720	0.176	196.6
2020-07-09T14:10	81.53548	2.56616	0.177	198.1
2020-07-09T14:20	81.53502	2.56508	0.175	199.2
2020-07-09T14:30	81.53456	2.56417	0.173	196.0
2020-07-09T14:40	81.53410	2.56336	0.172	194.5
2020-07-09T14:50	81.53364	2.56240	0.172	197.3
2020-07-09T15:00	81.53318	2.56149	0.173	196.2
2020-07-09T15:10	81.53274	2.56086	0.162	191.9
2020-07-09T15:20	81.53231	2.56035	0.158	189.8
2020-07-09T15:30	81.53188	2.55993	0.155	188.3
2020-07-09T15:40	81.53143	2.55889	0.171	198.8
2020-07-09T15:50	81.53099	2.55803	0.166	196.0
2020-07-09T16:00	81.53054	2.55732	0.165	193.1
2020-07-09T16:10	81.53009	2.55651	0.170	194.8
2020-07-09T16:20	81.52964	2.55558	0.169	196.9
2020-07-09T16:30	81.52921	2.55445	0.166	201.2
2020-07-09T16:40	81.52881	2.55294	0.164	209.2
2020-07-09T16:50	81.52843	2.55105	0.169	216.3
2020-07-09T17:00	81.52805	2.54882	0.181	220.9
2020-07-09T17:10	81.52769	2.54659	0.175	222.6
2020-07-09T17:20	81.52735	2.54414	0.178	226.6
2020-07-09T17:30	81.52702	2.54157	0.181	229.0
2020-07-09T17:40	81.52670	2.53887	0.186	230.6
2020-07-09T17:50	81.52636	2.53627	0.183	228.9
2020-07-09T18:00	81.52603	2.53382	0.177	227.3
2020-07-09T18:10	81.52571	2.53119	0.180	230.8
2020-07-09T18:20	81.52546	2.52792	0.197	242.0
2020-07-09T18:30	81.52527	2.52404	0.216	252.2
2020-07-09T18:40	81.52509	2.52011	0.219	252.3
2020-07-09T18:50	81.52489	2.51616	0.221	251.5
2020-07-09T19:00	81.52469	2.51215	0.225	251.1
2020-07-09T19:10	81.52450	2.50818	0.222	251.6
2020-07-09T19:20	81.52432	2.50410	0.225	253.9
2020-07-09T19:30	81.52416	2.49996	0.227	255.2
2020-07-09T19:40	81.52400	2.49582	0.228	255.0
2020-07-09T19:50	81.52383	2.49167	0.228	254.7
2020-07-09T20:00	81.52366	2.48745	0.232	254.9
2020-07-09T20:10	81.52350	2.48329	0.228	254.9
2020-07-09T20:20	81.52332	2.47909	0.233	253.7
2020-07-09T20:30	81.52312	2.47481	0.237	252.9
2020-07-09T20:40	81.52293	2.47059	0.235	252.6
2020-07-09T20:50	81.52273	2.46643	0.232	252.4
2020-07-09T21:00	81.52254	2.46225	0.232	252.7
2020-07-09T21:10	81.52235	2.45809	0.232	252.3
2020-07-09T21:20	81.52214	2.45409	0.225	250.8
2020-07-09T21:30	81.52194	2.45012	0.223	251.3
2020-07-09T21:40	81.52176	2.44607	0.225	253.0
2020-07-09T21:50	81.52158	2.44201	0.225	253.4
2020-07-09T22:00	81.52140	2.43806	0.220	252.5
2020-07-09T22:10	81.52123	2.43414	0.217	253.8
2020-07-09T22:20	81.52106	2.43021	0.217	254.2
2020-07-09T22:30	81.52091	2.42637	0.211	254.9
2020-07-09T22:40	81.52077	2.42255	0.209	256.0
2020-07-09T22:50	81.52063	2.41883	0.204	255.4
2020-07-09T23:00	81.52050	2.41517	0.200	256.4
2020-07-09T23:10	81.52038	2.41159	0.195	257.4
2020-07-09T23:20	81.52027	2.40812	0.188	258.1
2020-07-09T23:30	81.52017	2.40486	0.177	258.4
2020-07-09T23:40	81.52009	2.40181	0.165	259.9
2020-07-09T23:50	81.52002	2.39893	0.155	260.3
2020-07-10T00:00	81.51997	2.39623	0.144	262.2
2020-07-10T00:10	81.51991	2.39359	0.141	262.6
2020-07-10T00:20	81.51988	2.39124	0.126	264.1
2020-07-10T00:30	81.51986	2.38903	0.118	265.9
2020-07-10T00:40	81.51985	2.38690	0.113	268.3
2020-07-10T00:50	81.51985	2.38503	0.099	271.3
2020-07-10T01:00	81.51988	2.38340	0.087	276.2
2020-07-10T01:10	81.51993	2.38197	0.078	283.3
2020-07-10T01:20	81.52000	2.38076	0.070	292.5
2020-07-10T01:30	81.52009	2.37980	0.059	301.1
2020-07-10T01:40	81.52021	2.37899	0.062	316.2
2020-07-10T01:50	81.52036	2.37840	0.061	329.6
2020-07-10T02:00	81.52051	2.37805	0.059	341.6
2020-07-10T02:10	81.52066	2.37798	0.053	355.5
2020-07-10T02:20	81.52081	2.37801	0.055	2.1
2020-07-10T02:30	81.52099	2.37791	0.066	355.1
2020-07-10T02:40	81.52117	2.37805	0.065	6.7
2020-07-10T02:50	81.52136	2.37850	0.070	19.7
2020-07-10T03:00	81.52153	2.37900	0.069	22.5
2020-07-10T03:10	81.52174	2.37960	0.079	23.8
2020-07-10T03:20	81.52197	2.38043	0.094	27.7
2020-07-10T03:30	81.52220	2.38137	0.098	31.0
2020-07-10T03:40	81.52242	2.38243	0.096	35.5
2020-07-10T03:50	81.52262	2.38356	0.094	39.5
2020-07-10T04:00	81.52280	2.38471	0.089	42.9
2020-07-10T04:10	81.52297	2.38594	0.088	48.0
2020-07-10T04:20	81.52311	2.38721	0.084	53.2
2020-07-10T04:30	81.52323	2.38852	0.083	57.1
2020-07-10T04:40	81.52334	2.38984	0.080	61.7
2020-07-10T04:50	81.52343	2.39120	0.079	66.1
2020-07-10T05:00	81.52349	2.39256	0.076	71.2
2020-07-10T05:10	81.52354	2.39391	0.074	76.0
2020-07-10T05:20	81.52357	2.39525	0.072	81.2
2020-07-10T05:30	81.52358	2.39661	0.072	88.4
2020-07-10T05:40	81.52357	2.39793	0.070	93.5
2020-07-10T05:50	81.52353	2.39925	0.071	100.0
2020-07-10T06:00	81.52348	2.40050	0.069	106.9
2020-07-10T06:10	81.52340	2.40175	0.072	112.7
2020-07-10T06:20	81.52330	2.40290	0.070	119.5
2020-07-10T06:30	81.52318	2.40400	0.074	127.7
2020-07-10T06:40	81.52303	2.40500	0.075	134.7
2020-07-10T06:50	81.52286	2.40592	0.078	141.4
2020-07-10T07:00	81.52266	2.40668	0.082	150.6
2020-07-10T07:10	81.52244	2.40735	0.088	156.1
2020-07-10T07:20	81.52220	2.40792	0.091	160.9
2020-07-10T07:30	81.52193	2.40841	0.099	164.8
2020-07-10T07:40	81.52166	2.40880	0.102	168.3
2020-07-10T07:50	81.52135	2.40910	0.110	171.8
2020-07-10T08:00	81.52103	2.40934	0.118	173.7
2020-07-10T08:10	81.52068	2.40948	0.126	176.7
2020-07-10T08:20	81.52030	2.40949	0.137	179.6
2020-07-10T08:30	81.51988	2.40933	0.149	183.3
2020-07-10T08:40	81.51943	2.40899	0.164	186.3
2020-07-10T08:50	81.51894	2.40847	0.179	189.0
2020-07-10T09:00	81.51841	2.40776	0.194	191.1
2020-07-10T09:10	81.51785	2.40692	0.206	192.5
2020-07-10T09:20	81.51727	2.40593	0.216	194.1
2020-07-10T09:30	81.51666	2.40476	0.228	195.8
2020-07-10T09:40	81.51604	2.40345	0.234	197.2
2020-07-10T09:50	81.51540	2.40193	0.245	199.3
2020-07-10T10:00	81.51474	2.40032	0.252	199.9
2020-07-10T10:10	81.51407	2.39858	0.260	200.7
2020-07-10T10:20	81.51338	2.39665	0.268	202.6
2020-07-10T10:30	81.51269	2.39455	0.273	204.1
2020-07-10T10:40	81.51198	2.39229	0.282	205.2
2020-07-10T10:50	81.51126	2.38988	0.288	206.4
2020-07-10T11:00	81.51054	2.38733	0.292	207.6
2020-07-10T11:10	81.50982	2.38462	0.297	209.0
2020-07-10T11:20	81.50910	2.38175	0.302	210.4
2020-07-10T11:30	81.50839	2.37875	0.302	211.9
2020-07-10T11:40	81.50766	2.37559	0.309	212.9
2020-07-10T11:50	81.50694	2.37230	0.313	214.0
2020-07-10T12:00	81.50622	2.36885	0.319	215.0
2020-07-10T12:10	81.50549	2.36525	0.326	216.0
2020-07-10T12:20	81.50475	2.36159	0.328	216.4
2020-07-10T12:30	81.50402	2.35785	0.329	217.1
2020-07-10T12:40	81.50331	2.35405	0.328	218.2
2020-07-10T12:50	81.50260	2.35020	0.328	218.6
2020-07-10T13:00	81.50191	2.34625	0.326	220.2
2020-07-10T13:10	81.50123	2.34219	0.325	221.7
2020-07-10T13:20	81.50057	2.33807	0.324	222.6
2020-07-10T13:30	81.49991	2.33386	0.326	223.3
2020-07-10T13:40	81.49923	2.32954	0.335	223.4
2020-07-10T13:50	81.49855	2.32510	0.340	224.0
2020-07-10T14:00	81.49786	2.32062	0.345	223.8
2020-07-10T14:10	81.49719	2.31610	0.340	225.0
2020-07-10T14:20	81.49653	2.31167	0.335	224.7
2020-07-10T14:30	81.49588	2.30706	0.339	226.5
2020-07-10T14:40	81.49525	2.30245	0.334	227.2
2020-07-10T14:50	81.49462	2.29788	0.334	226.8
2020-07-10T15:00	81.49401	2.29322	0.330	228.7
2020-07-10T15:10	81.49341	2.28865	0.326	228.3
2020-07-10T15:20	81.49282	2.28400	0.326	229.4
2020-07-10T15:30	81.49224	2.27939	0.323	229.5
2020-07-10T15:40	81.49167	2.27486	0.317	229.5
2020-07-10T15:50	81.49111	2.27035	0.314	230.1
2020-07-10T16:00	81.49056	2.26579	0.312	231.1
2020-07-10T16:10	81.49003	2.26141	0.302	230.6
2020-07-10T16:20	81.48951	2.25690	0.306	231.9
2020-07-10T16:30	81.48901	2.25234	0.302	233.5
2020-07-10T16:40	81.48850	2.24767	0.309	233.7
2020-07-10T16:50	81.48801	2.24292	0.308	235.1
2020-07-10T17:00	81.48753	2.23803	0.312	236.7
2020-07-10T17:10	81.48708	2.23294	0.317	238.9
2020-07-10T17:20	81.48665	2.22761	0.323	241.4
2020-07-10T17:30	81.48623	2.22204	0.333	243.2
2020-07-10T17:40	81.48584	2.21607	0.348	246.3
2020-07-10T17:50	81.48548	2.20979	0.360	248.4
2020-07-10T18:00	81.48511	2.20346	0.362	248.9
2020-07-10T18:10	81.48477	2.19725	0.354	249.3
2020-07-10T18:20	81.48442	2.19110	0.351	249.2
2020-07-10T18:30	81.48409	2.18496	0.349	249.8
2020-07-10T18:40	81.48377	2.17883	0.347	250.6
2020-07-10T18:50	81.48347	2.17288	0.335	251.4
2020-07-10T19:00	81.48319	2.16693	0.332	252.5
2020-07-10T19:10	81.48294	2.16087	0.336	254.1
2020-07-10T19:20	81.48270	2.15472	0.339	255.5
2020-07-10T19:30	81.48246	2.14847	0.344	255.4
2020-07-10T19:40	81.48219	2.14200	0.358	254.4
2020-07-10T19:50	81.48190	2.13548	0.363	253.4
2020-07-10T20:00	81.48160	2.12905	0.360	252.4
2020-07-10T20:10	81.48129	2.12265	0.359	251.9
2020-07-10T20:20	81.48099	2.11636	0.353	251.8
2020-07-10T20:30	81.48067	2.11016	0.350	251.2
2020-07-10T20:40	81.48036	2.10400	0.347	251.1
2020-07-10T20:50	81.48004	2.09776	0.352	250.9
2020-07-10T21:00	81.47972	2.09130	0.363	251.7
2020-07-10T21:10	81.47941	2.08417	0.397	253.4
2020-07-10T21:20	81.47911	2.07671	0.412	255.1
2020-07-10T21:30	81.47882	2.06913	0.418	255.2
2020-07-10T21:40	81.47852	2.06150	0.421	255.4
2020-07-10T21:50	81.47821	2.05375	0.429	254.5
2020-07-10T22:00	81.47790	2.04580	0.438	255.3
2020-07-10T22:10	81.47759	2.03782	0.440	255.3
2020-07-10T22:20	81.47728	2.02981	0.441	255.7
2020-07-10T22:30	81.47697	2.02191	0.436	255.2
2020-07-10T22:40	81.47666	2.01413	0.430	254.8
2020-07-10T22:50	81.47634	2.00639	0.428	254.6
2020-07-10T23:00	81.47604	1.99890	0.415	254.7
2020-07-10T23:10	81.47575	1.99160	0.404	254.9
2020-07-10T23:20	81.47548	1.98435	0.399	255.8
2020-07-10T23:30	81.47522	1.97712	0.396	256.7
2020-07-10T23:40	81.47495	1.97015	0.384	255.4
2020-07-10T23:50	81.47469	1.96329	0.379	255.3
2020-07-11T00:00	81.47443	1.95652	0.373	255.4
2020-07-11T00:10	81.47417	1.94984	0.368	255.3
2020-07-11T00:20	81.47391	1.94321	0.366	255.2
2020-07-11T00:30	81.47365	1.93629	0.381	255.9
2020-07-11T00:40	81.47339	1.92932	0.383	256.1
2020-07-11T00:50	81.47313	1.92250	0.376	255.5
2020-07-11T01:00	81.47285	1.91563	0.380	254.6
2020-07-11T01:10	81.47256	1.90958	0.340	251.8
2020-07-11T01:20	81.47225	1.90379	0.328	250.5
2020-07-11T01:30	81.47195	1.89808	0.323	250.6
2020-07-11T01:40	81.47165	1.89235	0.325	250.4
2020-07-11T01:50	81.47134	1.88675	0.319	249.3
2020-07-11T02:00	81.47099	1.88150	0.307	246.0
2020-07-11T02:10	81.47064	1.87638	0.301	245.4
2020-07-11T02:20	81.47029	1.87134	0.297	244.7
2020-07-11T02:30	81.46995	1.86632	0.294	245.6
2020-07-11T02:40	81.46963	1.86144	0.285	246.2
2020-07-11T02:50	81.46932	1.85660	0.282	246.5
2020-07-11T03:00	81.46901	1.85193	0.273	246.2
2020-07-11T03:10	81.46871	1.84739	0.266	245.8
2020-07-11T03:20	81.46842	1.84299	0.258	245.6
2020-07-11T03:30	81.46812	1.83869	0.253	245.1
2020-07-11T03:40	81.46783	1.83444	0.249	245.6
2020-07-11T03:50	81.46757	1.83024	0.244	246.8
2020-07-11T04:00	81.46728	1.82596	0.250	245.9
2020-07-11T04:10	81.46703	1.82215	0.224	245.6
2020-07-11T04:20	81.46675	1.81829	0.229	244.3
2020-07-11T04:30	81.46647	1.81458	0.223	243.2
2020-07-11T04:40	81.46618	1.81094	0.220	241.8
2020-07-11T04:50	81.46589	1.80737	0.218	240.8
2020-07-11T05:00	81.46558	1.80380	0.221	239.8
2020-07-11T05:10	81.46526	1.80020	0.225	238.8
2020-07-11T05:20	81.46491	1.79660	0.229	237.3
2020-07-11T05:30	81.46454	1.79294	0.236	235.9
2020-07-11T05:40	81.46416	1.78922	0.243	234.9
2020-07-11T05:50	81.46375	1.78542	0.250	234.4
2020-07-11T06:00	81.46333	1.78153	0.257	233.9
2020-07-11T06:10	81.46290	1.77754	0.265	233.7
2020-07-11T06:20	81.46245	1.77340	0.274	233.9
2020-07-11T06:30	81.46198	1.76920	0.281	233.2
2020-07-11T06:40	81.46150	1.76481	0.290	233.8
2020-07-11T06:50	81.46102	1.76026	0.300	234.2
2020-07-11T07:00	81.46051	1.75548	0.314	234.6
2020-07-11T07:10	81.46000	1.75057	0.320	235.0
2020-07-11T07:20	81.45948	1.74546	0.332	235.4
2020-07-11T07:30	81.45894	1.74015	0.344	235.6
2020-07-11T07:40	81.45839	1.73468	0.353	235.9
2020-07-11T07:50	81.45783	1.72908	0.361	236.0
2020-07-11T08:00	81.45726	1.72329	0.373	236.2
2020-07-11T08:10	81.45667	1.71739	0.379	236.3
2020-07-11T08:20	81.45608	1.71132	0.388	236.7
2020-07-11T08:30	81.45548	1.70509	0.397	237.1
2020-07-11T08:40	81.45487	1.69871	0.406	237.4
2020-07-11T08:50	81.45425	1.69212	0.417	237.6
2020-07-11T09:00	81.45363	1.68542	0.422	238.1
2020-07-11T09:10	81.45302	1.67857	0.429	238.8
2020-07-11T09:20	81.45239	1.67152	0.439	239.1
2020-07-11T09:30	81.45176	1.66420	0.452	240.1
2020-07-11T09:40	81.45114	1.65659	0.466	241.1
2020-07-11T09:50	81.45052	1.64891	0.467	241.6
2020-07-11T10:00	81.44993	1.64100	0.475	243.1
2020-07-11T10:10	81.44935	1.63279	0.485	244.8
2020-07-11T10:20	81.44882	1.62446	0.486	246.8
2020-07-11T10:30	81.44833	1.61596	0.488	248.8
2020-07-11T10:40	81.44788	1.60734	0.489	250.7
2020-07-11T10:50	81.44747	1.59858	0.491	252.6
2020-07-11T11:00	81.44711	1.58982	0.488	254.3
2020-07-11T11:10	81.44679	1.58101	0.485	256.2
2020-07-11T11:20	81.44651	1.57220	0.482	258.1
2020-07-11T11:30	81.44627	1.56335	0.482	259.8
2020-07-11T11:40	81.44608	1.55451	0.478	261.8
2020-07-11T11:50	81.44593	1.54563	0.479	263.2
2020-07-11T12:00	81.44580	1.53678	0.476	264.7
2020-07-11T12:10	81.44570	1.52789	0.477	265.5
2020-07-11T12:20	81.44561	1.51900	0.477	266.2
2020-07-11T12:30	81.44554	1.51010	0.477	266.9
2020-07-11T12:40	81.44548	1.50119	0.478	267.4
2020-07-11T12:50	81.44542	1.49216	0.484	267.4
2020-07-11T13:00	81.44538	1.48300	0.491	268.1
2020-07-11T13:10	81.44532	1.47374	0.496	267.9
2020-07-11T13:20	81.44528	1.46435	0.503	268.3
2020-07-11T13:30	81.44523	1.45489	0.507	268.1
2020-07-11T13:40	81.44520	1.44527	0.516	268.5
2020-07-11T13:50	81.44517	1.43556	0.520	269.1
2020-07-11T14:00	81.44516	1.42580	0.523	269.7
2020-07-11T14:10	81.44516	1.41574	0.539	269.9
2020-07-11T14:20	81.44519	1.40610	0.516	271.1
2020-07-11T14:30	81.44525	1.39639	0.520	272.2
2020-07-11T14:40	81.44535	1.38683	0.513	274.0
2020-07-11T14:50	81.44547	1.37729	0.513	274.9
2020-07-11T15:00	81.44561	1.36778	0.512	275.8
2020-07-11T15:10	81.44577	1.35814	0.519	276.4
2020-07-11T15:20	81.44595	1.34841	0.525	277.1
2020-07-11T15:30	81.44616	1.33850	0.536	278.3
2020-07-11T15:40	81.44640	1.32911	0.510	279.6
2020-07-11T15:50	81.44666	1.31960	0.518	280.5
2020-07-11T16:00	81.44693	1.31022	0.512	281.1
2020-07-11T16:10	81.44721	1.30108	0.499	281.4
2020-07-11T16:20	81.44751	1.29210	0.493	282.6
2020-07-11T16:30	81.44781	1.28317	0.491	283.0
2020-07-11T16:40	81.44814	1.27424	0.492	283.7
2020-07-11T16:50	81.44844	1.26519	0.497	282.8
2020-07-11T17:00	81.44873	1.25630	0.488	282.4
2020-07-11T17:10	81.44901	1.24812	0.449	282.9
2020-07-11T17:20	81.44928	1.24003	0.444	282.6
2020-07-11T17:30	81.44960	1.23208	0.441	285.1
2020-07-11T17:40	81.44991	1.22402	0.445	284.3
2020-07-11T17:50	81.45020	1.21599	0.443	284.0
2020-07-11T18:00	81.45049	1.20795	0.442	283.3
2020-07-11T18:10	81.45072	1.20009	0.430	281.5
2020-07-11T18:20	81.45091	1.19245	0.414	279.5
2020-07-11T18:30	81.45109	1.18528	0.389	279.2
2020-07-11T18:40	81.45121	1.17804	0.390	276.4
2020-07-11T18:50	81.45127	1.17063	0.397	273.6
2020-07-11T19:00	81.45131	1.16300	0.409	271.8
2020-07-11T19:10	81.45134	1.15527	0.414	271.7
2020-07-11T19:20	81.45139	1.14688	0.449	272.3
2020-07-11T19:30	81.45145	1.13775	0.489	272.5
2020-07-11T19:40	81.45144	1.12917	0.459	269.5
2020-07-11T19:50	81.45142	1.12048	0.465	269.2
2020-07-11T20:00	81.45140	1.11146	0.483	269.0
2020-07-11T20:10	81.45135	1.10302	0.452	267.6
2020-07-11T20:20	81.45127	1.09458	0.453	266.6
2020-07-11T20:30	81.45120	1.08610	0.455	266.5
2020-07-11T20:40	81.45112	1.07705	0.485	266.5
2020-07-11T20:50	81.45101	1.06761	0.507	265.6
2020-07-11T21:00	81.45086	1.05784	0.526	264.1
2020-07-11T21:10	81.45067	1.04747	0.559	263.0
2020-07-11T21:20	81.45045	1.03716	0.557	262.0
2020-07-11T21:30	81.45023	1.02672	0.565	261.7
2020-07-11T21:40	81.44998	1.01621	0.569	261.1
2020-07-11T21:50	81.44982	1.00587	0.556	264.1
2020-07-11T22:00	81.44946	0.99493	0.600	257.4
2020-07-11T22:10	81.44898	0.98379	0.620	254.0
2020-07-11T22:20	81.44865	0.97275	0.603	258.5
2020-07-11T22:30	81.44823	0.96178	0.606	255.6
2020-07-11T22:40	81.44789	0.95011	0.637	258.9
2020-07-11T22:50	81.44749	0.93753	0.689	257.8
2020-07-11T23:00	81.44711	0.92512	0.678	258.7
2020-07-11T23:10	81.44677	0.91238	0.693	259.7
2020-07-11T23:20	81.44644	0.89944	0.703	260.4
2020-07-11T23:30	81.44616	0.88629	0.712	261.6
2020-07-11T23:40	81.44588	0.87305	0.716	262.1
2020-07-11T23:50	81.44563	0.85976	0.717	262.8
2020-07-12T00:00	81.44543	0.84645	0.716	264.3
2020-07-12T00:10	81.44529	0.83320	0.712	265.7
2020-07-12T00:20	81.44496	0.81916	0.761	261.0
2020-07-12T00:30	81.44499	0.80686	0.659	271.1
2020-07-12T00:40	81.44491	0.79406	0.686	267.7
2020-07-12T00:50	81.44487	0.78173	0.661	268.7
2020-07-12T01:00	81.44491	0.76967	0.646	271.1
2020-07-12T01:10	81.44501	0.75808	0.622	273.4
2020-07-12T01:20	81.44515	0.74690	0.601	274.7
2020-07-12T01:30	81.44532	0.73605	0.585	276.2
2020-07-12T01:40	81.44553	0.72550	0.570	277.6
2020-07-12T01:50	81.44577	0.71545	0.545	279.2
2020-07-12T02:00	81.44606	0.70556	0.540	281.0
2020-07-12T02:10	81.44638	0.69608	0.520	282.7
2020-07-12T02:20	81.44673	0.68705	0.500	284.6
2020-07-12T02:30	81.44711	0.67848	0.479	286.7
2020-07-12T02:40	81.44751	0.67042	0.455	288.6
2020-07-12T02:50	81.44794	0.66282	0.435	290.6
2020-07-12T03:00	81.44837	0.65578	0.407	292.4
2020-07-12T03:10	81.44882	0.64927	0.384	294.9
2020-07-12T03:20	81.44927	0.64328	0.361	297.1
2020-07-12T03:30	81.44973	0.63780	0.336	299.2
2020-07-12T03:40	81.45018	0.63286	0.311	301.6
2020-07-12T03:50	81.45062	0.62849	0.283	304.4
2020-07-12T04:00	81.45106	0.62457	0.261	306.4
2020-07-12T04:10	81.45146	0.62105	0.239	308.1
2020-07-12T04:20	81.45185	0.61795	0.217	310.1
2020-07-12T04:30	81.45222	0.61521	0.197	311.9
2020-07-12T04:40	81.45255	0.61278	0.177	312.7
2020-07-12T04:50	81.45286	0.61071	0.157	315.2
2020-07-12T05:00	81.45315	0.60899	0.139	318.4
2020-07-12T05:10	81.45341	0.60753	0.121	319.7
2020-07-12T05:20	81.45363	0.60632	0.103	321.2
2020-07-12T05:30	81.45382	0.60529	0.087	320.7
2020-07-12T05:40	81.45397	0.60440	0.073	319.3
2020-07-12T05:50	81.45410	0.60357	0.064	316.4
2020-07-12T06:00	81.45420	0.60281	0.054	311.4
2020-07-12T06:10	81.45427	0.60206	0.048	303.5
2020-07-12T06:20	81.45431	0.60126	0.045	288.3
2020-07-12T06:30	81.45432	0.60044	0.044	274.0
2020-07-12T06:40	81.45429	0.59951	0.051	259.1
2020-07-12T06:50	81.45423	0.59852	0.058	245.4
2020-07-12T07:00	81.45412	0.59753	0.065	234.7
2020-07-12T07:10	81.45398	0.59644	0.078	228.6
2020-07-12T07:20	81.45378	0.59520	0.097	223.3
2020-07-12T07:30	81.45358	0.59401	0.099	220.2
2020-07-12T07:40	81.45332	0.59260	0.120	219.3
2020-07-12T07:50	81.45303	0.59103	0.132	219.3
2020-07-12T08:00	81.45272	0.58924	0.148	220.3
2020-07-12T08:10	81.45238	0.58727	0.161	220.9
2020-07-12T08:20	81.45202	0.58509	0.174	222.1
2020-07-12T08:30	81.45165	0.58271	0.186	223.1
2020-07-12T08:40	81.45125	0.58009	0.200	224.6
2020-07-12T08:50	81.45083	0.57721	0.215	225.7
2020-07-12T09:00	81.45041	0.57417	0.222	227.3
2020-07-12T09:10	81.44999	0.57088	0.234	228.7
2020-07-12T09:20	81.44955	0.56735	0.246	230.3
2020-07-12T09:30	81.44911	0.56356	0.257	232.0
2020-07-12T09:40	81.44867	0.55954	0.268	233.5
2020-07-12T09:50	81.44822	0.55536	0.275	234.5
2020-07-12T10:00	81.44779	0.55097	0.282	236.4
2020-07-12T10:10	81.44736	0.54640	0.289	237.9
2020-07-12T10:20	81.44695	0.54169	0.293	239.4
2020-07-12T10:30	81.44655	0.53686	0.296	240.7
2020-07-12T10:40	81.44615	0.53195	0.299	241.8
2020-07-12T10:50	81.44578	0.52697	0.299	243.2
2020-07-12T11:00	81.44535	0.52165	0.324	241.8
2020-07-12T11:10	81.44502	0.51653	0.299	246.2
2020-07-12T11:20	81.44470	0.51137	0.300	247.2
2020-07-12T11:30	81.44440	0.50617	0.298	248.9
2020-07-12T11:40	81.44413	0.50100	0.294	250.5
2020-07-12T11:50	81.44388	0.49583	0.291	252.1
2020-07-12T12:00	81.44365	0.49066	0.289	253.6
2020-07-12T12:10	81.44344	0.48551	0.285	254.9
2020-07-12T12:20	81.44326	0.48051	0.276	256.4
2020-07-12T12:30	81.44310	0.47558	0.270	257.8
2020-07-12T12:40	81.44296	0.47079	0.262	258.5
2020-07-12T12:50	81.44283	0.46616	0.252	259.3
2020-07-12T13:00	81.44272	0.46171	0.241	260.8
2020-07-12T13:10	81.44263	0.45744	0.232	261.3
2020-07-12T13:20	81.44254	0.45329	0.225	262.1
2020-07-12T13:30	81.44246	0.44934	0.213	262.7
2020-07-12T13:40	81.44240	0.44561	0.201	264.0
2020-07-12T13:50	81.44235	0.44209	0.190	263.7
2020-07-12T14:00	81.44048	0.43197	0.865	218.9
2020-07-12T14:10	81.44031	0.42893	0.173	250.2
2020-07-12T14:20	81.43998	0.42832	0.125	195.2
2020-07-12T14:30	81.43995	0.42578	0.137	265.8
2020-07-12T14:40	81.44126	0.45089	1.425	70.7
2020-07-12T14:50	81.44480	0.45505	1.294	9.9
2020-07-12T15:00	81.44466	0.45236	0.153	250.4
2020-07-12T15:10	81.44377	0.43523	0.972	250.7
2020-07-12T15:20	81.44346	0.42990	0.306	248.9
2020-07-12T15:30	81.44332	0.42577	0.226	257.6
2020-07-12T15:40	81.44353	0.42626	0.078	19.6
2020-07-12T15:50	81.44290	0.41987	0.410	236.6
2020-07-12T16:00	81.44323	0.42250	0.184	50.0
2020-07-12T16:10	81.44324	0.42085	0.089	272.7
2020-07-12T16:20	81.44304	0.41823	0.159	242.2
2020-07-12T16:30	81.44300	0.41708	0.063	258.1
2020-07-12T16:40	81.44301	0.41617	0.049	274.0
2020-07-12T16:50	81.44297	0.41439	0.097	261.7
2020-07-12T17:00	81.44283	0.41302	0.090	234.7
2020-07-12T17:10	81.44283	0.41325	0.012	85.2
2020-07-12T17:20	81.44282	0.41309	0.009	252.5
2020-07-12T17:30	81.44283	0.41336	0.014	83.6
2020-07-12T17:40	81.44271	0.41288	0.050	211.5
2020-07-12T17:50	81.44254	0.41086	0.124	240.3
2020-07-12T18:00	81.44247	0.41040	0.034	227.0
2020-07-12T18:10	81.44235	0.40969	0.060	219.8
2020-07-12T18:20	81.44223	0.40925	0.048	209.2
2020-07-12T18:30	81.44212	0.40872	0.049	215.3
2020-07-12T18:40	81.44198	0.40810	0.061	213.5
2020-07-12T18:50	81.44182	0.40741	0.069	212.0
2020-07-12T19:00	81.44164	0.40669	0.073	212.3
2020-07-12T19:10	81.44144	0.40576	0.088	214.5
2020-07-12T19:20	81.44122	0.40457	0.104	217.9
2020-07-12T19:30	81.44096	0.40322	0.118	217.8
2020-07-12T19:40	81.44065	0.40157	0.143	218.4
2020-07-12T19:50	81.44027	0.39932	0.181	221.8
2020-07-12T20:00	81.43996	0.39732	0.155	223.7
2020-07-12T20:10	81.43964	0.39527	0.159	223.6
2020-07-12T20:20	81.43934	0.39303	0.162	227.8
2020-07-12T20:30	81.43903	0.39067	0.168	228.6
2020-07-12T20:40	81.43870	0.38811	0.181	229.6
2020-07-12T20:50	81.43836	0.38551	0.186	228.3
2020-07-12T21:00	81.43802	0.38289	0.186	229.0
2020-07-12T21:10	81.43766	0.38014	0.197	228.5
2020-07-12T21:20	81.43726	0.37718	0.215	227.5
2020-07-12T21:30	81.43671	0.37345	0.280	225.4
2020-07-12T21:40	81.43629	0.36941	0.264	235.2
2020-07-12T21:50	81.43595	0.36554	0.241	239.5
2020-07-12T22:00	81.43560	0.36248	0.208	232.4
2020-07-12T22:10	81.43525	0.35911	0.221	234.9
2020-07-12T22:20	81.43492	0.35548	0.227	238.9
2020-07-12T22:30	81.43464	0.35226	0.201	239.2
2020-07-12T22:40	81.43430	0.34796	0.260	242.4
2020-07-12T22:50	81.43396	0.34461	0.217	235.9
2020-07-12T23:00	81.43364	0.34138	0.208	236.3
2020-07-12T23:10	81.43332	0.33796	0.217	237.7
2020-07-12T23:20	81.43301	0.33483	0.200	236.8
2020-07-12T23:30	81.43269	0.33145	0.216	237.3
2020-07-12T23:40	81.43241	0.32804	0.208	241.2
2020-07-12T23:50	81.43215	0.32470	0.202	242.5
2020-07-13T00:00	81.43190	0.32163	0.188	241.3
2020-07-13T00:10	81.43167	0.31846	0.190	243.2
2020-07-13T00:20	81.43143	0.31529	0.190	244.0
2020-07-13T00:30	81.43121	0.31217	0.185	244.7
2020-07-13T00:40	81.43102	0.30927	0.171	245.3
2020-07-13T00:50	81.43081	0.30639	0.171	244.9
2020-07-13T01:00	81.43062	0.30360	0.165	245.1
2020-07-13T01:10	81.43044	0.30093	0.158	245.3
2020-07-13T01:20	81.43027	0.29832	0.153	245.9
2020-07-13T01:30	81.43010	0.29585	0.145	246.4
2020-07-13T01:40	81.42995	0.29353	0.136	246.3
2020-07-13T01:50	81.42980	0.29133	0.129	245.7
2020-07-13T02:00	81.42967	0.28930	0.119	246.7
2020-07-13T02:10	81.42956	0.28740	0.111	247.2
2020-07-13T02:20	81.42945	0.28571	0.099	246.8
2020-07-13T02:30	81.42935	0.28423	0.087	246.4
2020-07-13T02:40	81.42927	0.28295	0.074	247.3
2020-07-13T02:50	81.42920	0.28184	0.065	245.9
2020-07-13T03:00	81.42913	0.28098	0.052	244.1
2020-07-13T03:10	81.42907	0.28029	0.043	239.5
2020-07-13T03:20	81.42902	0.27986	0.030	230.7
2020-07-13T03:30	81.42897	0.27964	0.021	213.8
2020-07-13T03:40	81.42893	0.27963	0.017	182.1
2020-07-13T03:50	81.42887	0.27985	0.024	151.1
2020-07-13T04:00	81.42881	0.28035	0.034	128.2
2020-07-13T04:10	81.42875	0.28116	0.049	117.4
2020-07-13T04:20	81.42869	0.28208	0.054	112.8
2020-07-13T04:30	81.42863	0.28326	0.067	109.0
2020-07-13T04:40	81.42856	0.28455	0.073	108.3
2020-07-13T04:50	81.42849	0.28602	0.083	107.9
2020-07-13T05:00	81.42842	0.28762	0.090	107.3
2020-07-13T05:10	81.42833	0.28933	0.097	108.6
2020-07-13T05:20	81.42824	0.29112	0.101	109.3
2020-07-13T05:30	81.42813	0.29303	0.110	110.5
2020-07-13T05:40	81.42800	0.29504	0.118	113.8
2020-07-13T05:50	81.42786	0.29705	0.120	115.6
2020-07-13T06:00	81.42770	0.29911	0.124	117.7
2020-07-13T06:10	81.42752	0.30116	0.127	120.0
2020-07-13T06:20	81.42732	0.30322	0.132	123.1
2020-07-13T06:30	81.42711	0.30528	0.134	124.6
2020-07-13T06:40	81.42688	0.30722	0.133	128.3
2020-07-13T06:50	81.42663	0.30903	0.132	132.6
2020-07-13T07:00	81.42636	0.31076	0.135	136.2
2020-07-13T07:10	81.42607	0.31239	0.136	140.0
2020-07-13T07:20	81.42577	0.31389	0.135	143.5
2020-07-13T07:30	81.42545	0.31523	0.136	148.0
2020-07-13T07:40	81.42512	0.31641	0.136	152.1
2020-07-13T07:50	81.42477	0.31743	0.137	156.3
2020-07-13T08:00	81.42442	0.31828	0.136	160.4
2020-07-13T08:10	81.42404	0.31896	0.140	164.8
2020-07-13T08:20	81.42367	0.31944	0.136	169.2
2020-07-13T08:30	81.42329	0.31977	0.139	172.7
2020-07-13T08:40	81.42290	0.31992	0.140	176.5
2020-07-13T08:50	81.42250	0.31990	0.142	180.6
2020-07-13T09:00	81.42211	0.31970	0.142	184.3
2020-07-13T09:10	81.42172	0.31934	0.142	187.6
2020-07-13T09:20	81.42133	0.31889	0.143	189.8
2020-07-13T09:30	81.42094	0.31826	0.142	193.8
2020-07-13T09:40	81.42056	0.31753	0.145	195.7
2020-07-13T09:50	81.42017	0.31669	0.145	198.1
2020-07-13T10:00	81.41980	0.31570	0.146	201.4
2020-07-13T10:10	81.41943	0.31465	0.145	203.1
2020-07-13T10:20	81.41906	0.31345	0.146	206.2
2020-07-13T10:30	81.41870	0.31221	0.145	207.2
2020-07-13T10:40	81.41835	0.31087	0.145	209.8
2020-07-13T10:50	81.41801	0.30949	0.144	211.1
2020-07-13T11:00	81.41768	0.30804	0.143	212.8
2020-07-13T11:10	81.41735	0.30652	0.143	214.9
2020-07-13T11:20	81.41704	0.30500	0.140	215.7
2020-07-13T11:30	81.41673	0.30344	0.139	217.2
2020-07-13T11:40	81.41643	0.30191	0.135	217.7
2020-07-13T11:50	81.41615	0.30034	0.133	219.3
2020-07-13T12:00	81.41587	0.29880	0.130	219.6
2020-07-13T12:10	81.41560	0.29724	0.129	220.5
2020-07-13T12:20	81.41534	0.29572	0.124	221.2
2020-07-13T12:30	81.41509	0.29424	0.120	221.4
2020-07-13T12:40	81.41485	0.29277	0.117	222.4
2020-07-13T12:50	81.41462	0.29139	0.110	222.6
2020-07-13T13:00	81.41441	0.28999	0.108	223.8
2020-07-13T13:10	81.41420	0.28864	0.104	224.3
2020-07-13T13:20	81.41400	0.28741	0.098	222.8
2020-07-13T13:30	81.41381	0.28620	0.096	222.6
2020-07-13T13:40	81.41362	0.28502	0.092	223.9
2020-07-13T13:50	81.41344	0.28393	0.087	221.8
2020-07-13T14:00	81.41326	0.28291	0.084	220.5
2020-07-13T14:10	81.41311	0.28200	0.075	221.1
2020-07-13T14:20	81.41295	0.28113	0.073	219.9
2020-07-13T14:30	81.41280	0.28038	0.068	217.0
2020-07-13T14:40	81.41265	0.27971	0.065	213.5
2020-07-13T14:50	81.41250	0.27916	0.062	208.8
2020-07-13T15:00	81.41236	0.27870	0.057	206.0
2020-07-13T15:10	81.41222	0.27833	0.054	201.5
2020-07-13T15:20	81.41209	0.27802	0.051	198.8
2020-07-13T15:30	81.41195	0.27778	0.051	195.1
2020-07-13T15:40	81.41182	0.27763	0.046	189.9
2020-07-13T15:50	81.41169	0.27750	0.048	188.4
2020-07-13T16:00	81.41155	0.27745	0.052	183.0
2020-07-13T16:10	81.41144	0.27746	0.039	179.6
2020-07-13T16:20	81.41132	0.27747	0.043	179.0
2020-07-13T16:30	81.41120	0.27754	0.044	175.3
2020-07-13T16:40	81.41108	0.27762	0.044	173.9
2020-07-13T16:50	81.41095	0.27772	0.046	173.6
2020-07-13T17:00	81.41082	0.27779	0.048	175.3
2020-07-13T17:10	81.41068	0.27786	0.048	175.7
2020-07-13T17:20	81.41054	0.27791	0.051	176.9
2020-07-13T17:30	81.41040	0.27795	0.050	177.7
2020-07-13T17:40	81.41026	0.27793	0.051	181.0
2020-07-13T17:50	81.41011	0.27789	0.054	182.1
2020-07-13T18:00	81.40995	0.27782	0.058	183.8
2020-07-13T18:10	81.40979	0.27764	0.057	189.9
2020-07-13T18:20	81.40963	0.27739	0.061	192.6
2020-07-13T18:30	81.40947	0.27710	0.058	195.7
2020-07-13T18:40	81.40931	0.27678	0.062	196.0
2020-07-13T18:50	81.40914	0.27645	0.061	197.1
2020-07-13T19:00	81.40898	0.27596	0.063	204.3
2020-07-13T19:10	81.40879	0.27522	0.081	209.6
2020-07-13T19:20	81.40859	0.27423	0.088	217.3
2020-07-13T19:30	81.40839	0.27302	0.098	221.9
2020-07-13T19:40	81.40819	0.27167	0.103	224.6
2020-07-13T19:50	81.40799	0.27036	0.101	224.1
2020-07-13T20:00	81.40779	0.26886	0.107	229.4
2020-07-13T20:10	81.40761	0.26740	0.102	229.7
2020-07-13T20:20	81.40742	0.26571	0.113	233.7
2020-07-13T20:30	81.40724	0.26420	0.104	231.1
2020-07-13T20:40	81.40708	0.26228	0.120	240.1
2020-07-13T20:50	81.40687	0.26010	0.139	237.4
2020-07-13T21:00	81.40669	0.25835	0.114	235.8
2020-07-13T21:10	81.40653	0.25646	0.117	239.8
2020-07-13T21:20	81.40636	0.25421	0.135	243.3
2020-07-13T21:30	81.40621	0.25201	0.129	246.1
2020-07-13T21:40	81.40608	0.25003	0.117	246.3
2020-07-13T21:50	81.40595	0.24808	0.116	244.8
2020-07-13T22:00	81.40581	0.24616	0.114	245.3
2020-07-13T22:10	81.40569	0.24437	0.106	245.7
2020-07-13T22:20	81.40557	0.24244	0.113	246.1
2020-07-13T22:30	81.40543	0.24040	0.120	246.6
2020-07-13T22:40	81.40530	0.23856	0.110	244.2
2020-07-13T22:50	81.40518	0.23670	0.109	247.1
2020-07-13T23:00	81.40506	0.23473	0.114	248.3
2020-07-13T23:10	81.40495	0.23287	0.108	247.9
2020-07-13T23:20	81.40484	0.23092	0.113	248.5
2020-07-13T23:30	81.40472	0.22907	0.108	247.1
2020-07-13T23:40	81.40461	0.22725	0.105	248.2
2020-07-13T23:50	81.40448	0.22542	0.110	243.8
2020-07-14T00:00	81.40436	0.22363	0.105	247.1
2020-07-14T00:10	81.40420	0.22177	0.117	239.0
2020-07-14T00:20	81.40407	0.21995	0.109	244.0
2020-07-14T00:30	81.40388	0.21748	0.149	243.7
2020-07-14T00:40	81.40369	0.21484	0.158	243.9
2020-07-14T00:50	81.40351	0.21239	0.146	244.4
2020-07-14T01:00	81.40336	0.21056	0.112	241.3
2020-07-14T01:10	81.40323	0.20955	0.072	229.3
2020-07-14T01:20	81.40309	0.20838	0.082	229.7
2020-07-14T01:30	81.40293	0.20670	0.107	237.7
2020-07-14T01:40	81.40278	0.20519	0.096	237.4
2020-07-14T01:50	81.40264	0.20391	0.086	233.5
2020-07-14T02:00	81.40252	0.20298	0.067	228.1
2020-07-14T02:10	81.40237	0.20196	0.077	225.7
2020-07-14T02:20	81.40222	0.20114	0.068	220.7
2020-07-14T02:30	81.40213	0.20114	0.035	180.4
2020-07-14T02:40	81.40201	0.20105	0.042	186.3
2020-07-14T02:50	81.40187	0.20129	0.052	165.6
2020-07-14T03:00	81.40174	0.20194	0.060	144.7
2020-07-14T03:10	81.40159	0.20274	0.069	140.7
2020-07-14T03:20	81.40145	0.20359	0.068	138.2
2020-07-14T03:30	81.40128	0.20454	0.079	139.8
2020-07-14T03:40	81.40110	0.20559	0.086	138.7
2020-07-14T03:50	81.40090	0.20681	0.097	137.6
2020-07-14T04:00	81.40068	0.20822	0.110	136.2
2020-07-14T04:10	81.40045	0.20973	0.117	136.2
2020-07-14T04:20	81.40020	0.21132	0.123	136.2
2020-07-14T04:30	81.39993	0.21303	0.133	135.8
2020-07-14T04:40	81.39965	0.21482	0.140	136.5
2020-07-14T04:50	81.39936	0.21667	0.146	136.8
2020-07-14T05:00	81.39905	0.21858	0.152	137.1
2020-07-14T05:10	81.39872	0.22055	0.159	138.2
2020-07-14T05:20	81.39837	0.22254	0.166	139.7
2020-07-14T05:30	81.39801	0.22453	0.168	140.4
2020-07-14T05:40	81.39762	0.22657	0.179	142.0
2020-07-14T05:50	81.39722	0.22855	0.178	143.3
2020-07-14T06:00	81.39680	0.23060	0.187	143.8
2020-07-14T06:10	81.39636	0.23264	0.193	145.3
2020-07-14T06:20	81.39593	0.23456	0.188	146.7
2020-07-14T06:30	81.39550	0.23676	0.194	142.5
2020-07-14T06:40	81.39504	0.23875	0.198	147.1
2020-07-14T06:50	81.39445	0.23966	0.218	166.9
2020-07-14T07:00	81.39390	0.24095	0.208	160.4
2020-07-14T07:10	81.39341	0.24241	0.194	156.2
2020-07-14T07:20	81.39290	0.24390	0.200	156.3
2020-07-14T07:30	81.39238	0.24527	0.202	158.6
2020-07-14T07:40	81.39185	0.24655	0.203	160.2
2020-07-14T07:50	81.39132	0.24767	0.199	162.3
2020-07-14T08:00	81.39079	0.24873	0.201	163.5
2020-07-14T08:10	81.39025	0.24970	0.200	164.9
2020-07-14T08:20	81.38971	0.25053	0.199	167.0
2020-07-14T08:30	81.38917	0.25127	0.200	168.4
2020-07-14T08:40	81.38862	0.25190	0.200	170.3
2020-07-14T08:50	81.38808	0.25246	0.197	171.3
2020-07-14T09:00	81.38754	0.25294	0.198	172.4
2020-07-14T09:10	81.38699	0.25329	0.197	174.5
2020-07-14T09:20	81.38645	0.25359	0.197	175.4
2020-07-14T09:30	81.38591	0.25380	0.193	176.5
2020-07-14T09:40	81.38535	0.25400	0.201	176.9
2020-07-14T09:50	81.38482	0.25420	0.193	176.9
2020-07-14T10:00	81.38427	0.25430	0.196	178.4
2020-07-14T10:10	81.38374	0.25434	0.193	179.3
2020-07-14T10:20	81.38320	0.25438	0.195	179.5
2020-07-14T10:30	81.38265	0.25437	0.195	180.2
2020-07-14T10:40	81.38211	0.25432	0.195	180.7
2020-07-14T10:50	81.38156	0.25424	0.197	181.3
2020-07-14T11:00	81.38101	0.25415	0.198	181.5
2020-07-14T11:10	81.38046	0.25405	0.198	181.6
2020-07-14T11:20	81.37990	0.25393	0.203	181.8
2020-07-14T11:30	81.37934	0.25382	0.201	181.7
2020-07-14T11:40	81.37878	0.25375	0.203	181.1
2020-07-14T11:50	81.37821	0.25370	0.203	180.8
2020-07-14T12:00	81.37765	0.25372	0.204	179.7
2020-07-14T12:10	81.37708	0.25374	0.205	179.6
2020-07-14T12:20	81.37651	0.25382	0.204	178.9
2020-07-14T12:30	81.37595	0.25400	0.202	177.2
2020-07-14T12:40	81.37538	0.25414	0.207	177.8
2020-07-14T12:50	81.37481	0.25444	0.204	175.4
2020-07-14T13:00	81.37425	0.25482	0.205	174.4
2020-07-14T13:10	81.37369	0.25524	0.204	173.5
2020-07-14T13:20	81.37312	0.25574	0.205	172.5
2020-07-14T13:30	81.37255	0.25624	0.206	172.5
2020-07-14T13:40	81.37197	0.25688	0.211	170.5
2020-07-14T13:50	81.37141	0.25754	0.207	170.1
2020-07-14T14:00	81.37082	0.25821	0.216	170.3
2020-07-14T14:10	81.37023	0.25898	0.214	168.8
2020-07-14T14:20	81.36964	0.25980	0.218	168.3
2020-07-14T14:30	81.36904	0.26069	0.222	167.5
2020-07-14T14:40	81.36843	0.26167	0.225	166.3
2020-07-14T14:50	81.36781	0.26275	0.231	165.4
2020-07-14T15:00	81.36719	0.26386	0.231	165.0
2020-07-14T15:10	81.36657	0.26506	0.235	163.9
2020-07-14T15:20	81.36594	0.26630	0.236	163.5
2020-07-14T15:30	81.36531	0.26765	0.238	162.2
2020-07-14T15:40	81.36468	0.26909	0.238	161.0
2020-07-14T15:50	81.36406	0.27054	0.239	160.8
2020-07-14T16:00	81.36341	0.27202	0.245	161.0
2020-07-14T16:10	81.36279	0.27357	0.238	159.4
2020-07-14T16:20	81.36218	0.27520	0.239	158.3
2020-07-14T16:30	81.36154	0.27681	0.247	159.4
2020-07-14T16:40	81.36090	0.27840	0.245	159.4
2020-07-14T16:50	81.36025	0.27998	0.248	159.8
2020-07-14T17:00	81.35960	0.28152	0.249	160.4
2020-07-14T17:10	81.35895	0.28300	0.249	161.3
2020-07-14T17:20	81.35828	0.28446	0.252	161.7
2020-07-14T17:30	81.35762	0.28583	0.249	162.6
2020-07-14T17:40	81.35697	0.28716	0.247	163.1
2020-07-14T17:50	81.35630	0.28832	0.248	165.3
2020-07-14T18:00	81.35564	0.28944	0.247	165.8
2020-07-14T18:10	81.35496	0.29043	0.248	167.5
2020-07-14T18:20	81.35429	0.29127	0.246	169.3
2020-07-14T18:30	81.35361	0.29196	0.250	171.4
2020-07-14T18:40	81.35292	0.29249	0.247	173.3
2020-07-14T18:50	81.35223	0.29283	0.250	175.7
2020-07-14T19:00	81.35153	0.29308	0.252	177.0
2020-07-14T19:10	81.35085	0.29328	0.246	177.5
2020-07-14T19:20	81.35017	0.29330	0.245	179.7
2020-07-14T19:30	81.34953	0.29320	0.231	181.4
2020-07-14T19:40	81.34888	0.29291	0.234	183.8
2020-07-14T19:50	81.34823	0.29253	0.234	185.1
2020-07-14T20:00	81.34758	0.29201	0.238	186.8
2020-07-14T20:10	81.34693	0.29121	0.237	190.5
2020-07-14T20:20	81.34630	0.29032	0.231	191.9
2020-07-14T20:30	81.34570	0.28931	0.224	194.1
2020-07-14T20:40	81.34512	0.28822	0.218	195.8
2020-07-14T20:50	81.34455	0.28707	0.215	196.8
2020-07-14T21:00	81.34399	0.28595	0.209	196.8
2020-07-14T21:10	81.34346	0.28475	0.201	199.0
2020-07-14T21:20	81.34296	0.28348	0.194	200.7
2020-07-14T21:30	81.34252	0.28237	0.171	200.7
2020-07-14T21:40	81.34207	0.28161	0.165	194.5
2020-07-14T21:50	81.34163	0.28071	0.165	197.2
2020-07-14T22:00	81.34120	0.27959	0.167	201.3
2020-07-14T22:10	81.34079	0.27857	0.158	200.6
2020-07-14T22:20	81.34039	0.27747	0.159	202.0
2020-07-14T22:30	81.33998	0.27640	0.155	201.9
2020-07-14T22:40	81.33962	0.27586	0.133	192.9
2020-07-14T22:50	81.33928	0.27549	0.124	189.1
2020-07-14T23:00	81.33895	0.27518	0.120	188.2
2020-07-14T23:10	81.33862	0.27490	0.120	187.1
2020-07-14T23:20	81.33829	0.27463	0.119	187.2
2020-07-14T23:30	81.33796	0.27449	0.119	183.7
2020-07-14T23:40	81.33763	0.27440	0.119	182.2
2020-07-14T23:50	81.33730	0.27439	0.119	180.3
2020-07-15T00:00	81.33697	0.27449	0.121	177.4
2020-07-15T00:10	81.33662	0.27470	0.123	174.6
2020-07-15T00:20	81.33628	0.27504	0.127	171.8
2020-07-15T00:30	81.33594	0.27547	0.125	169.2
2020-07-15T00:40	81.33559	0.27604	0.129	166.0
2020-07-15T00:50	81.33525	0.27674	0.129	163.0
2020-07-15T01:00	81.33490	0.27759	0.133	159.6
2020-07-15T01:10	81.33455	0.27854	0.134	157.6
2020-07-15T01:20	81.33420	0.27966	0.141	154.2
2020-07-15T01:30	81.33384	0.28092	0.148	152.7
2020-07-15T01:40	81.33346	0.28230	0.153	150.7
2020-07-15T01:50	81.33308	0.28375	0.159	150.3
2020-07-15T02:00	81.33268	0.28536	0.168	148.6
2020-07-15T02:10	81.33226	0.28699	0.176	149.7
2020-07-15T02:20	81.33183	0.28873	0.181	148.7
2020-07-15T02:30	81.33139	0.29057	0.189	148.2
2020-07-15T02:40	81.33092	0.29244	0.195	148.7
2020-07-15T02:50	81.33044	0.29441	0.205	148.4
2020-07-15T03:00	81.32994	0.29643	0.211	148.6
2020-07-15T03:10	81.32942	0.29850	0.219	149.1
2020-07-15T03:20	81.32888	0.30056	0.224	150.1
2020-07-15T03:30	81.32832	0.30267	0.232	150.5
2020-07-15T03:40	81.32773	0.30479	0.240	151.4
2020-07-15T03:50	81.32713	0.30692	0.246	152.0
2020-07-15T04:00	81.32650	0.30898	0.250	153.5
2020-07-15T04:10	81.32585	0.31109	0.260	153.9
2020-07-15T04:20	81.32519	0.31313	0.264	155.1
2020-07-15T04:30	81.32451	0.31516	0.270	155.8
2020-07-15T04:40	81.32381	0.31712	0.273	157.0
2020-07-15T04:50	81.32310	0.31901	0.277	158.3
2020-07-15T05:00	81.32236	0.32085	0.283	159.3
2020-07-15T05:10	81.32162	0.32263	0.285	160.2
2020-07-15T05:20	81.32086	0.32431	0.288	161.5
2020-07-15T05:30	81.32009	0.32590	0.291	162.7
2020-07-15T05:40	81.31931	0.32739	0.293	163.9
2020-07-15T05:50	81.31852	0.32878	0.291	164.9
2020-07-15T06:00	81.31774	0.33008	0.292	166.0
2020-07-15T06:10	81.31695	0.33126	0.290	167.2
2020-07-15T06:20	81.31616	0.33236	0.290	168.1
2020-07-15T06:30	81.31538	0.33336	0.289	169.2
2020-07-15T06:40	81.31458	0.33418	0.288	171.1
2020-07-15T06:50	81.31381	0.33494	0.283	171.6
2020-07-15T07:00	81.31303	0.33557	0.282	173.0
2020-07-15T07:10	81.31225	0.33616	0.281	173.5
2020-07-15T07:20	81.31149	0.33662	0.276	174.8
2020-07-15T07:30	81.31074	0.33697	0.272	176.0
2020-07-15T07:40	81.31000	0.33723	0.266	177.0
2020-07-15T07:50	81.30927	0.33736	0.262	178.4
2020-07-15T08:00	81.30856	0.33741	0.256	179.5
2020-07-15T08:10	81.30786	0.33741	0.251	180.0
2020-07-15T08:20	81.30718	0.33732	0.245	181.1
2020-07-15T08:30	81.30652	0.33713	0.238	182.5
2020-07-15T08:40	81.30589	0.33687	0.227	183.5
2020-07-15T08:50	81.30529	0.33653	0.217	184.9
2020-07-15T09:00	81.30471	0.33611	0.210	186.2
2020-07-15T09:10	81.30415	0.33562	0.205	187.5
2020-07-15T09:20	81.30361	0.33502	0.197	189.5
2020-07-15T09:30	81.30308	0.33438	0.194	190.4
2020-07-15T09:40	81.30256	0.33365	0.190	192.0
2020-07-15T09:50	81.30206	0.33282	0.185	194.1
2020-07-15T10:00	81.30158	0.33202	0.180	194.1
2020-07-15T10:10	81.30112	0.33111	0.173	196.5
2020-07-15T10:20	81.30069	0.33015	0.163	198.6
2020-07-15T10:30	81.30030	0.32918	0.151	200.6
2020-07-15T10:40	81.29992	0.32820	0.144	201.6
2020-07-15T10:50	81.29956	0.32717	0.141	203.4
2020-07-15T11:00	81.29922	0.32609	0.138	205.2
2020-07-15T11:10	81.29889	0.32504	0.132	205.8
2020-07-15T11:20	81.29857	0.32399	0.127	206.8
2020-07-15T11:30	81.29827	0.32299	0.122	206.4
2020-07-15T11:40	81.29798	0.32208	0.116	205.3
2020-07-15T11:50	81.29771	0.32116	0.108	207.7
2020-07-15T12:00	81.29746	0.32034	0.100	206.5
2020-07-15T12:10	81.29720	0.31952	0.105	205.2
2020-07-15T12:20	81.29694	0.31885	0.102	201.0
2020-07-15T12:30	81.29667	0.31821	0.103	199.9
2020-07-15T12:40	81.29643	0.31761	0.092	200.7
2020-07-15T12:50	81.29620	0.31700	0.090	202.0
2020-07-15T13:00	81.29596	0.31646	0.091	198.7
2020-07-15T13:10	81.29573	0.31600	0.085	197.3
2020-07-15T13:20	81.29551	0.31560	0.085	194.7
2020-07-15T13:30	81.29525	0.31526	0.094	191.4
2020-07-15T13:40	81.29502	0.31500	0.086	189.7
2020-07-15T13:50	81.29474	0.31483	0.100	185.4
2020-07-15T14:00	81.29446	0.31479	0.101	181.0
2020-07-15T14:10	81.29418	0.31482	0.102	179.1
2020-07-15T14:20	81.29387	0.31495	0.111	176.3
2020-07-15T14:30	81.29357	0.31512	0.109	175.2
2020-07-15T14:40	81.29326	0.31534	0.113	174.1
2020-07-15T14:50	81.29291	0.31567	0.125	171.7
2020-07-15T15:00	81.29257	0.31604	0.124	170.7
2020-07-15T15:10	81.29221	0.31648	0.131	169.5
2020-07-15T15:20	81.29183	0.31691	0.141	170.5
2020-07-15T15:30	81.29141	0.31737	0.151	170.4
2020-07-15T15:40	81.29099	0.31796	0.156	168.1
2020-07-15T15:50	81.29054	0.31859	0.164	167.8
2020-07-15T16:00	81.29009	0.31921	0.166	168.4
2020-07-15T16:10	81.28963	0.31989	0.168	167.1
2020-07-15T16:20	81.28916	0.32055	0.174	168.0
2020-07-15T16:30	81.28868	0.32126	0.178	167.4
2020-07-15T16:40	81.28817	0.32198	0.186	167.9
2020-07-15T16:50	81.28766	0.32269	0.187	168.0
2020-07-15T17:00	81.28713	0.32352	0.198	166.8
2020-07-15T17:10	81.28662	0.32430	0.190	167.0
2020-07-15T17:20	81.28606	0.32507	0.203	168.1
2020-07-15T17:30	81.28550	0.32590	0.207	167.4
2020-07-15T17:40	81.28494	0.32671	0.207	167.6
2020-07-15T17:50	81.28438	0.32748	0.208	168.4
2020-07-15T18:00	81.28380	0.32825	0.213	168.6
2020-07-15T18:10	81.28319	0.32903	0.224	168.9
2020-07-15T18:20	81.28262	0.32968	0.206	170.2
2020-07-15T18:30	81.28201	0.33031	0.222	171.1
2020-07-15T18:40	81.28141	0.33081	0.220	172.8
2020-07-15T18:50	81.28081	0.33124	0.218	173.8
2020-07-15T19:00	81.28018	0.33165	0.226	174.3
2020-07-15T19:10	81.27960	0.33195	0.211	175.4
2020-07-15T19:20	81.27901	0.33207	0.211	178.3
2020-07-15T19:30	81.27840	0.33202	0.221	180.7
2020-07-15T19:40	81.27781	0.33202	0.212	180.1
2020-07-15T19:50	81.27722	0.33182	0.211	182.9
2020-07-15T20:00	81.27665	0.33155	0.206	184.1
2020-07-15T20:10	81.27609	0.33115	0.204	186.2
2020-07-15T20:20	81.27554	0.33067	0.199	187.5
2020-07-15T20:30	81.27501	0.33011	0.192	189.3
2020-07-15T20:40	81.27450	0.32945	0.190	191.0
2020-07-15T20:50	81.27400	0.32874	0.182	192.2
2020-07-15T21:00	81.27352	0.32793	0.178	194.5
2020-07-15T21:10	81.27305	0.32704	0.177	195.9
2020-07-15T21:20	81.27259	0.32616	0.173	196.3
2020-07-15T21:30	81.27217	0.32526	0.161	197.8
2020-07-15T21:40	81.27174	0.32430	0.164	198.6
2020-07-15T21:50	81.27133	0.32331	0.155	200.6
2020-07-15T22:00	81.27095	0.32227	0.148	202.5
2020-07-15T22:10	81.27058	0.32120	0.145	203.8
2020-07-15T22:20	81.27023	0.32014	0.141	204.2
2020-07-15T22:30	81.26990	0.31898	0.135	207.9
2020-07-15T22:40	81.26956	0.31781	0.137	208.0
2020-07-15T22:50	81.26924	0.31663	0.131	209.4
2020-07-15T23:00	81.26894	0.31547	0.127	210.3
2020-07-15T23:10	81.26865	0.31434	0.121	210.5
2020-07-15T23:20	81.26837	0.31322	0.117	211.4
2020-07-15T23:30	81.26810	0.31213	0.116	211.0
2020-07-15T23:40	81.26783	0.31111	0.110	210.5
2020-07-15T23:50	81.26757	0.31008	0.110	210.8
2020-07-16T00:00	81.26729	0.30904	0.115	209.5
2020-07-16T00:10	81.26703	0.30814	0.106	207.8
2020-07-16T00:20	81.26677	0.30725	0.107	207.0
2020-07-16T00:30	81.26648	0.30629	0.117	206.8
2020-07-16T00:40	81.26620	0.30551	0.110	202.8
2020-07-16T00:50	81.26592	0.30482	0.104	201.1
2020-07-16T01:00	81.26562	0.30417	0.117	197.6
2020-07-16T01:10	81.26529	0.30360	0.121	195.1
2020-07-16T01:20	81.26496	0.30311	0.120	192.8
2020-07-16T01:30	81.26463	0.30271	0.124	190.2
2020-07-16T01:40	81.26426	0.30242	0.132	186.8
2020-07-16T01:50	81.26389	0.30220	0.135	185.2
2020-07-16T02:00	81.26350	0.30208	0.140	182.7
2020-07-16T02:10	81.26309	0.30197	0.147	182.5
2020-07-16T02:20	81.26267	0.30197	0.152	179.9
2020-07-16T02:30	81.26222	0.30202	0.162	179.1
2020-07-16T02:40	81.26174	0.30214	0.174	177.7
2020-07-16T02:50	81.26129	0.30234	0.161	176.3
2020-07-16T03:00	81.26079	0.30258	0.182	175.7
2020-07-16T03:10	81.26027	0.30286	0.188	175.5
2020-07-16T03:20	81.25973	0.30322	0.193	174.0
2020-07-16T03:30	81.25918	0.30356	0.199	174.6
2020-07-16T03:40	81.25861	0.30394	0.207	174.3
2020-07-16T03:50	81.25803	0.30430	0.210	174.6
2020-07-16T04:00	81.25742	0.30471	0.220	174.1
2020-07-16T04:10	81.25682	0.30512	0.218	174.1
2020-07-16T04:20	81.25620	0.30552	0.224	174.5
2020-07-16T04:30	81.25556	0.30594	0.229	174.3
2020-07-16T04:40	81.25491	0.30637	0.236	174.3
2020-07-16T04:50	81.25425	0.30674	0.238	175.0
2020-07-16T05:00	81.25358	0.30714	0.245	174.9
2020-07-16T05:10	81.25291	0.30748	0.241	175.5
2020-07-16T05:20	81.25222	0.30785	0.250	175.3
2020-07-16T05:30	81.25151	0.30821	0.256	175.6
2020-07-16T05:40	81.25081	0.30851	0.253	176.3
2020-07-16T05:50	81.25009	0.30887	0.258	175.6
2020-07-16T06:00	81.24939	0.30920	0.252	175.8
2020-07-16T06:10	81.24868	0.30953	0.259	176.0
2020-07-16T06:20	81.24796	0.30982	0.260	176.5
2020-07-16T06:30	81.24723	0.31009	0.261	176.7
2020-07-16T06:40	81.24651	0.31032	0.262	177.3
2020-07-16T06:50	81.24579	0.31061	0.259	176.5
2020-07-16T07:00	81.24506	0.31084	0.261	177.3
2020-07-16T07:10	81.24433	0.31100	0.265	178.1
2020-07-16T07:20	81.24361	0.31107	0.259	179.2
2020-07-16T07:30	81.24289	0.31108	0.260	179.8
2020-07-16T07:40	81.24217	0.31104	0.258	180.6
2020-07-16T07:50	81.24146	0.31093	0.254	181.3
2020-07-16T08:00	81.24075	0.31074	0.257	182.3
2020-07-16T08:10	81.24005	0.31050	0.253	183.0
2020-07-16T08:20	81.23935	0.31019	0.252	183.9
2020-07-16T08:30	81.23865	0.30984	0.253	184.3
2020-07-16T08:40	81.23801	0.30937	0.230	186.5
2020-07-16T08:50	81.23736	0.30893	0.236	185.9
2020-07-16T09:00	81.23670	0.30827	0.241	188.6
2020-07-16T09:10	81.23606	0.30751	0.233	190.3
2020-07-16T09:20	81.23544	0.30676	0.227	190.4
2020-07-16T09:30	81.23484	0.30600	0.223	190.8
2020-07-16T09:40	81.23426	0.30508	0.213	193.7
2020-07-16T09:50	81.23370	0.30415	0.209	194.2
2020-07-16T10:00	81.23315	0.30318	0.205	195.0
2020-07-16T10:10	81.23265	0.30213	0.187	197.9
2020-07-16T10:20	81.23215	0.30100	0.191	198.9
2020-07-16T10:30	81.23166	0.29978	0.190	200.7
2020-07-16T10:40	81.23117	0.29858	0.188	200.6
2020-07-16T10:50	81.23069	0.29742	0.183	200.2
2020-07-16T11:00	81.23022	0.29623	0.183	201.0
2020-07-16T11:10	81.22976	0.29493	0.180	203.3
2020-07-16T11:20	81.22930	0.29368	0.178	202.8
2020-07-16T11:30	81.22885	0.29236	0.177	204.0
2020-07-16T11:40	81.22841	0.29112	0.175	202.9
2020-07-16T11:50	81.22796	0.28988	0.175	202.8
2020-07-16T12:00	81.22752	0.28859	0.173	204.2
2020-07-16T12:10	81.22708	0.28729	0.174	204.2
2020-07-16T12:20	81.22664	0.28607	0.171	203.1
2020-07-16T12:30	81.22620	0.28493	0.171	201.6
2020-07-16T12:40	81.22576	0.28381	0.170	201.0
2020-07-16T12:50	81.22533	0.28287	0.164	198.5
2020-07-16T13:00	81.22488	0.28197	0.168	196.9
2020-07-16T13:10	81.22444	0.28113	0.164	196.4
2020-07-16T13:20	81.22400	0.28030	0.165	196.0
2020-07-16T13:30	81.22357	0.27947	0.162	196.3
2020-07-16T13:40	81.22312	0.27876	0.165	193.7
2020-07-16T13:50	81.22272	0.27815	0.148	193.0
2020-07-16T14:00	81.22228	0.27753	0.162	192.1
2020-07-16T14:10	81.22182	0.27703	0.166	189.6
2020-07-16T14:20	81.22135	0.27656	0.174	188.5
2020-07-16T14:30	81.22083	0.27618	0.188	186.4
2020-07-16T14:40	81.22030	0.27598	0.192	183.3
2020-07-16T14:50	81.21975	0.27576	0.197	183.5
2020-07-16T15:00	81.21919	0.27560	0.200	182.5
2020-07-16T15:10	81.21863	0.27561	0.203	179.8
2020-07-16T15:20	81.21806	0.27563	0.207	179.7
2020-07-16T15:30	81.21748	0.27573	0.207	178.5
2020-07-16T15:40	81.21689	0.27596	0.212	176.5
2020-07-16T15:50	81.21628	0.27613	0.221	177.6
2020-07-16T16:00	81.21565	0.27638	0.226	176.5
2020-07-16T16:10	81.21499	0.27668	0.238	176.0
2020-07-16T16:20	81.21436	0.27705	0.229	174.9
2020-07-16T16:30	81.21367	0.27748	0.249	174.5
2020-07-16T16:40	81.21299	0.27801	0.249	173.3
2020-07-16T16:50	81.21228	0.27855	0.255	173.2
2020-07-16T17:00	81.21157	0.27915	0.261	172.8
2020-07-16T17:10	81.21083	0.27978	0.266	172.5
2020-07-16T17:20	81.21011	0.28046	0.264	171.9
2020-07-16T17:30	81.20937	0.28112	0.267	172.2
2020-07-16T17:40	81.20863	0.28179	0.269	172.1
2020-07-16T17:50	81.20788	0.28247	0.272	172.1
2020-07-16T18:00	81.20713	0.28306	0.273	173.2
2020-07-16T18:10	81.20638	0.28361	0.273	173.6
2020-07-16T18:20	81.20562	0.28409	0.275	174.5
2020-07-16T18:30	81.20488	0.28456	0.267	174.4
2020-07-16T18:40	81.20412	0.28506	0.274	174.2
2020-07-16T18:50	81.20337	0.28557	0.274	174.2
2020-07-16T19:00	81.20262	0.28581	0.268	177.2
2020-07-16T19:10	81.20187	0.28609	0.271	176.7
2020-07-16T19:20	81.20112	0.28630	0.269	177.6
2020-07-16T19:30	81.20040	0.28638	0.261	179.0
2020-07-16T19:40	81.19968	0.28650	0.258	178.6
2020-07-16T19:50	81.19898	0.28668	0.252	177.8
2020-07-16T20:00	81.19830	0.28664	0.247	180.4
2020-07-16T20:10	81.19764	0.28670	0.237	179.2
2020-07-16T20:20	81.19700	0.28680	0.230	178.6
2020-07-16T20:30	81.19637	0.28680	0.228	180.0
2020-07-16T20:40	81.19575	0.28675	0.221	180.7
2020-07-16T20:50	81.19516	0.28659	0.215	182.4
2020-07-16T21:00	81.19458	0.28654	0.209	180.7
2020-07-16T21:10	81.19401	0.28639	0.204	182.3
2020-07-16T21:20	81.19350	0.28620	0.183	183.3
2020-07-16T21:30	81.19299	0.28611	0.187	181.5
2020-07-16T21:40	81.19248	0.28609	0.184	180.4
2020-07-16T21:50	81.19199	0.28611	0.174	179.6
2020-07-16T22:00	81.19154	0.28608	0.165	180.5
2020-07-16T22:10	81.19110	0.28605	0.158	180.8
2020-07-16T22:20	81.19067	0.28619	0.155	177.1
2020-07-16T22:30	81.19027	0.28620	0.142	179.7
2020-07-16T22:40	81.18990	0.28625	0.134	178.9
2020-07-16T22:50	81.18953	0.28642	0.132	175.8
2020-07-16T23:00	81.18921	0.28665	0.119	174.1
2020-07-16T23:10	81.18888	0.28695	0.117	171.8
2020-07-16T23:20	81.18859	0.28733	0.107	168.7
2020-07-16T23:30	81.18830	0.28775	0.109	167.7
2020-07-16T23:40	81.18803	0.28836	0.102	160.7
2020-07-16T23:50	81.18775	0.28896	0.105	162.0
2020-07-17T00:00	81.18747	0.28951	0.105	163.0
2020-07-17T00:10	81.18718	0.29030	0.113	157.3
2020-07-17T00:20	81.18689	0.29084	0.110	164.2
2020-07-17T00:30	81.18668	0.29175	0.092	146.8
2020-07-17T00:40	81.18643	0.29272	0.105	149.4
2020-07-17T00:50	81.18618	0.29380	0.106	145.8
2020-07-17T01:00	81.18591	0.29486	0.116	149.7
2020-07-17T01:10	81.18568	0.29616	0.108	137.9
2020-07-17T01:20	81.18544	0.29756	0.117	139.1
2020-07-17T01:30	81.18512	0.29886	0.135	147.7
2020-07-17T01:40	81.18485	0.30038	0.128	138.9
2020-07-17T01:50	81.18456	0.30216	0.145	137.4
2020-07-17T02:00	81.18427	0.30415	0.151	133.5
2020-07-17T02:10	81.18396	0.30610	0.155	136.1
2020-07-17T02:20	81.18357	0.30801	0.175	142.8
2020-07-17T02:30	81.18317	0.30995	0.179	143.2
2020-07-17T02:40	81.18276	0.31189	0.185	144.6
2020-07-17T02:50	81.18232	0.31403	0.195	142.9
2020-07-17T03:00	81.18187	0.31623	0.205	143.5
2020-07-17T03:10	81.18138	0.31841	0.213	145.5
2020-07-17T03:20	81.18085	0.32063	0.227	147.4
2020-07-17T03:30	81.18033	0.32297	0.227	145.3
2020-07-17T03:40	81.17979	0.32535	0.235	146.1
2020-07-17T03:50	81.17923	0.32793	0.245	144.5
2020-07-17T04:00	81.17866	0.33050	0.250	145.3
2020-07-17T04:10	81.17806	0.33296	0.256	148.0
2020-07-17T04:20	81.17746	0.33538	0.254	148.3
2020-07-17T04:30	81.17683	0.33749	0.255	152.8
2020-07-17T04:40	81.17617	0.33920	0.256	158.5
2020-07-17T04:50	81.17550	0.34098	0.260	157.8
2020-07-17T05:00	81.17481	0.34253	0.262	160.9
2020-07-17T05:10	81.17410	0.34411	0.270	161.1
2020-07-17T05:20	81.17337	0.34579	0.278	160.4
2020-07-17T05:30	81.17265	0.34759	0.278	159.1
2020-07-17T05:40	81.17193	0.34946	0.281	158.6
2020-07-17T05:50	81.17118	0.35118	0.285	160.5
2020-07-17T06:00	81.17042	0.35274	0.286	162.4
2020-07-17T06:10	81.16961	0.35421	0.302	164.4
2020-07-17T06:20	81.16879	0.35510	0.301	170.6
2020-07-17T06:30	81.16790	0.35558	0.320	175.3
2020-07-17T06:40	81.16696	0.35599	0.340	176.1
2020-07-17T06:50	81.16612	0.35690	0.304	170.6
2020-07-17T07:00	81.16526	0.35769	0.316	172.0
2020-07-17T07:10	81.16443	0.35862	0.300	170.2
2020-07-17T07:20	81.16364	0.35942	0.289	171.2
2020-07-17T07:30	81.16293	0.36046	0.264	167.3
2020-07-17T07:40	81.16225	0.36152	0.252	166.6
2020-07-17T07:50	81.16152	0.36259	0.267	167.1
2020-07-17T08:00	81.16082	0.36346	0.258	169.3
2020-07-17T08:10	81.16009	0.36409	0.266	172.4
2020-07-17T08:20	81.15934	0.36455	0.271	174.6
2020-07-17T08:30	81.15859	0.36486	0.272	176.4
2020-07-17T08:40	81.15783	0.36512	0.271	177.0
2020-07-17T08:50	81.15710	0.36514	0.265	179.7
2020-07-17T09:00	81.15645	0.36523	0.234	178.8
2020-07-17T09:10	81.15584	0.36538	0.218	177.9
2020-07-17T09:20	81.15511	0.36514	0.264	182.8
2020-07-17T09:30	81.15439	0.36429	0.262	190.4
2020-07-17T09:40	81.15366	0.36364	0.264	187.8
2020-07-17T09:50	81.15297	0.36289	0.254	189.4
2020-07-17T10:00	81.15225	0.36214	0.260	189.2
2020-07-17T10:10	81.15168	0.36204	0.205	181.7
2020-07-17T10:20	81.15107	0.36147	0.222	188.1
2020-07-17T10:30	81.15047	0.36083	0.221	189.2
2020-07-17T10:40	81.14989	0.36012	0.211	190.7
2020-07-17T10:50	81.14940	0.35980	0.177	185.9
2020-07-17T11:00	81.14896	0.35971	0.158	181.8
2020-07-17T11:10	81.14848	0.35969	0.174	180.3
2020-07-17T11:20	81.14799	0.35911	0.178	190.5
2020-07-17T11:30	81.14745	0.35849	0.198	190.0
2020-07-17T11:40	81.14697	0.35795	0.174	189.9
2020-07-17T11:50	81.14653	0.35737	0.164	191.2
2020-07-17T12:00	81.14603	0.35671	0.182	191.7
2020-07-17T12:10	81.14558	0.35626	0.166	188.6
2020-07-17T12:20	81.14514	0.35584	0.160	188.3
2020-07-17T12:30	81.14473	0.35560	0.146	185.3
2020-07-17T12:40	81.14436	0.35552	0.135	181.8
2020-07-17T12:50	81.14399	0.35519	0.135	187.7
2020-07-17T13:00	81.14359	0.35460	0.147	192.9
2020-07-17T13:10	81.14322	0.35399	0.137	194.5
2020-07-17T13:20	81.14288	0.35357	0.125	190.7
2020-07-17T13:30	81.14250	0.35315	0.140	189.5
2020-07-17T13:40	81.14214	0.35284	0.128	187.6
2020-07-17T13:50	81.14177	0.35272	0.135	183.0
2020-07-17T14:00	81.14138	0.35262	0.142	182.0
2020-07-17T14:10	81.14098	0.35265	0.142	179.5
2020-07-17T14:20	81.14059	0.35280	0.139	176.4
2020-07-17T14:30	81.14018	0.35319	0.150	171.9
2020-07-17T14:40	81.13976	0.35349	0.152	173.6
2020-07-17T14:50	81.13934	0.35400	0.157	169.7
2020-07-17T15:00	81.13889	0.35465	0.164	167.3
2020-07-17T15:10	81.13838	0.35521	0.188	170.4
2020-07-17T15:20	81.13784	0.35582	0.197	170.2
2020-07-17T15:30	81.13726	0.35639	0.209	171.3
2020-07-17T15:40	81.13664	0.35700	0.226	171.4
2020-07-17T15:50	81.13600	0.35772	0.235	170.2
2020-07-17T16:00	81.13538	0.35818	0.224	173.5
2020-07-17T16:10	81.13473	0.35867	0.236	173.4
2020-07-17T16:20	81.13413	0.35918	0.219	172.4
2020-07-17T16:30	81.13345	0.35987	0.247	171.1
2020-07-17T16:40	81.13273	0.36061	0.263	171.0
2020-07-17T16:50	81.13196	0.36142	0.279	170.8
2020-07-17T17:00	81.13116	0.36232	0.294	170.1
2020-07-17T17:10	81.13034	0.36327	0.298	169.9
2020-07-17T17:20	81.12955	0.36418	0.290	170.0
2020-07-17T17:30	81.12876	0.36479	0.285	173.2
2020-07-17T17:40	81.12798	0.36553	0.286	171.6
2020-07-17T17:50	81.12718	0.36633	0.293	171.3
2020-07-17T18:00	81.12634	0.36705	0.303	172.5
2020-07-17T18:10	81.12558	0.36763	0.276	173.3
2020-07-17T18:20	81.12476	0.36801	0.296	175.9
2020-07-17T18:30	81.12396	0.36831	0.289	176.7
2020-07-17T18:40	81.12315	0.36866	0.290	176.1
2020-07-17T18:50	81.12240	0.36894	0.270	176.7
2020-07-17T19:00	81.12167	0.36936	0.266	174.9
2020-07-17T19:10	81.12092	0.36975	0.270	175.4
2020-07-17T19:20	81.12019	0.36998	0.264	177.2
2020-07-17T19:30	81.11947	0.36996	0.259	180.3
2020-07-17T19:40	81.11881	0.37007	0.237	178.6
2020-07-17T19:50	81.11816	0.37015	0.233	178.8
2020-07-17T20:00	81.11750	0.36985	0.236	184.0
2020-07-17T20:10	81.11683	0.36952	0.244	184.3
2020-07-17T20:20	81.11621	0.36945	0.224	181.1
2020-07-17T20:30	81.11560	0.36953	0.218	178.8
2020-07-17T20:40	81.11503	0.36949	0.206	180.5
2020-07-17T20:50	81.11449	0.36950	0.194	180.0
2020-07-17T21:00	81.11395	0.36957	0.195	178.8
2020-07-17T21:10	81.11342	0.36961	0.191	179.3
2020-07-17T21:20	81.11290	0.36977	0.186	177.3
2020-07-17T21:30	81.11234	0.37017	0.205	173.8
2020-07-17T21:40	81.11187	0.37038	0.167	175.9
2020-07-17T21:50	81.11137	0.37077	0.181	173.2
2020-07-17T22:00	81.11099	0.37114	0.141	171.6
2020-07-17T22:10	81.11056	0.37165	0.155	169.5
2020-07-17T22:20	81.11019	0.37208	0.136	169.9
2020-07-17T22:30	81.10976	0.37255	0.159	170.4
2020-07-17T22:40	81.10936	0.37301	0.145	169.8
2020-07-17T22:50	81.10901	0.37344	0.126	169.2
2020-07-17T23:00	81.10863	0.37388	0.139	169.8
2020-07-17T23:10	81.10827	0.37454	0.135	164.4
2020-07-17T23:20	81.10793	0.37517	0.130	164.2
2020-07-17T23:30	81.10758	0.37623	0.139	154.9
2020-07-17T23:40	81.10723	0.37746	0.143	151.5
2020-07-17T23:50	81.10691	0.37882	0.136	146.1
2020-07-18T00:00	81.10660	0.38055	0.148	139.2
2020-07-18T00:10	81.10634	0.38240	0.140	132.8
2020-07-18T00:20	81.10612	0.38423	0.129	128.0
2020-07-18T00:30	81.10586	0.38631	0.148	128.5
2020-07-18T00:40	81.10564	0.38798	0.122	130.0
2020-07-18T00:50	81.10540	0.38980	0.134	131.0
2020-07-18T01:00	81.10516	0.39174	0.138	128.4
2020-07-18T01:10	81.10490	0.39391	0.153	128.1
2020-07-18T01:20	81.10460	0.39606	0.162	132.2
2020-07-18T01:30	81.10426	0.39798	0.163	139.3
2020-07-18T01:40	81.10386	0.39991	0.178	142.9
2020-07-18T01:50	81.10344	0.40184	0.186	144.9
2020-07-18T02:00	81.10300	0.40366	0.188	147.2
2020-07-18T02:10	81.10254	0.40537	0.190	149.9
2020-07-18T02:20	81.10206	0.40711	0.200	151.1
2020-07-18T02:30	81.10153	0.40879	0.211	153.7
2020-07-18T02:40	81.10097	0.41055	0.224	154.0
2020-07-18T02:50	81.10040	0.41230	0.227	154.7
2020-07-18T03:00	81.09982	0.41414	0.232	153.7
2020-07-18T03:10	81.09923	0.41589	0.233	155.2
2020-07-18T03:20	81.09863	0.41761	0.239	156.4
2020-07-18T03:30	81.09799	0.41926	0.246	158.0
2020-07-18T03:40	81.09733	0.42089	0.255	159.2
2020-07-18T03:50	81.09661	0.42262	0.276	159.5
2020-07-18T04:00	81.09585	0.42442	0.293	160.0
2020-07-18T04:10	81.09504	0.42680	0.320	155.5
2020-07-18T04:20	81.09419	0.42910	0.334	157.3
2020-07-18T04:30	81.09335	0.43101	0.320	160.6
2020-07-18T04:40	81.09248	0.43273	0.327	163.0
2020-07-18T04:50	81.09156	0.43447	0.346	163.7
2020-07-18T05:00	81.09058	0.43610	0.362	165.5
2020-07-18T05:10	81.08957	0.43748	0.373	168.1
2020-07-18T05:20	81.08852	0.43857	0.384	170.9
2020-07-18T05:30	81.08743	0.43959	0.394	171.7
2020-07-18T05:40	81.08629	0.44029	0.414	174.6
2020-07-18T05:50	81.08518	0.44103	0.401	174.0
2020-07-18T06:00	81.08408	0.44155	0.400	175.8
2020-07-18T06:10	81.08298	0.44190	0.397	177.2
2020-07-18T06:20	81.08187	0.44211	0.399	178.3
2020-07-18T06:30	81.08075	0.44220	0.401	179.3
2020-07-18T06:40	81.07966	0.44224	0.394	179.7
2020-07-18T06:50	81.07855	0.44229	0.401	179.6
2020-07-18T07:00	81.07741	0.44224	0.411	180.4
2020-07-18T07:10	81.07626	0.44208	0.414	181.2
2020-07-18T07:20	81.07508	0.44178	0.422	182.3
2020-07-18T07:30	81.07393	0.44149	0.417	182.2
2020-07-18T07:40	81.07274	0.44109	0.426	183.0
2020-07-18T07:50	81.07156	0.44076	0.427	182.5
2020-07-18T08:00	81.07039	0.44050	0.422	182.0
2020-07-18T08:10	81.06923	0.44017	0.417	182.5
2020-07-18T08:20	81.06807	0.43981	0.420	182.8
2020-07-18T08:30	81.06688	0.43947	0.426	182.6
2020-07-18T08:40	81.06569	0.43903	0.432	183.2
2020-07-18T08:50	81.06452	0.43866	0.419	182.9
2020-07-18T09:00	81.06339	0.43834	0.409	182.5
2020-07-18T09:10	81.06225	0.43798	0.411	182.8
2020-07-18T09:20	81.06112	0.43754	0.407	183.4
2020-07-18T09:30	81.06000	0.43748	0.403	180.5
2020-07-18T09:40	81.05882	0.43732	0.425	181.2
2020-07-18T09:50	81.05756	0.43683	0.455	183.4
2020-07-18T10:00	81.05629	0.43628	0.459	183.9
2020-07-18T10:10	81.05500	0.43573	0.463	183.8
2020-07-18T10:20	81.05372	0.43530	0.462	183.0
2020-07-18T10:30	81.05246	0.43522	0.455	180.6
2020-07-18T10:40	81.05122	0.43517	0.444	180.4
2020-07-18T10:50	81.05000	0.43510	0.441	180.5
2020-07-18T11:00	81.04877	0.43494	0.442	181.1
2020-07-18T11:10	81.04753	0.43460	0.446	182.5
2020-07-18T11:20	81.04627	0.43401	0.455	184.1
2020-07-18T11:30	81.04501	0.43322	0.458	185.6
2020-07-18T11:40	81.04374	0.43237	0.459	185.9
2020-07-18T11:50	81.04247	0.43142	0.461	186.6
2020-07-18T12:00	81.04119	0.43045	0.463	186.8
2020-07-18T12:10	81.03991	0.42951	0.464	186.5
2020-07-18T12:20	81.03863	0.42827	0.463	188.7
2020-07-18T12:30	81.03739	0.42678	0.456	190.5
2020-07-18T12:40	81.03613	0.42515	0.461	191.4
2020-07-18T12:50	81.03489	0.42327	0.461	193.2
2020-07-18T13:00	81.03365	0.42152	0.458	192.4
2020-07-18T13:10	81.03242	0.41988	0.451	191.8
2020-07-18T13:20	81.03119	0.41768	0.459	195.7
2020-07-18T13:30	81.02984	0.41482	0.513	198.2
2020-07-18T13:40	81.02843	0.41160	0.539	199.6
2020-07-18T13:50	81.02704	0.40787	0.542	202.7
2020-07-18T14:00	81.02565	0.40379	0.551	204.6
2020-07-18T14:10	81.02428	0.39955	0.547	205.8
2020-07-18T14:20	81.02293	0.39559	0.536	204.5
2020-07-18T14:30	81.02149	0.39189	0.557	201.9
2020-07-18T14:40	81.02009	0.38801	0.550	203.4
2020-07-18T14:50	81.01865	0.38402	0.567	203.3
2020-07-18T15:00	81.01714	0.37978	0.591	203.8
2020-07-18T15:10	81.01562	0.37526	0.605	204.9
2020-07-18T15:20	81.01408	0.37068	0.610	204.9
2020-07-18T15:30	81.01252	0.36608	0.618	204.8
2020-07-18T15:40	81.01098	0.36146	0.613	205.1
2020-07-18T15:50	81.00945	0.35675	0.610	205.7
2020-07-18T16:00	81.00794	0.35202	0.607	206.0
2020-07-18T16:10	81.00643	0.34714	0.609	206.8
2020-07-18T16:20	81.00493	0.34215	0.608	207.5
2020-07-18T16:30	81.00346	0.33718	0.598	208.0
2020-07-18T16:40	81.00199	0.33248	0.592	206.6
2020-07-18T16:50	81.00053	0.32806	0.583	205.3
2020-07-18T17:00	80.99908	0.32365	0.577	205.5
2020-07-18T17:10	80.99766	0.31937	0.566	205.2
2020-07-18T17:20	80.99625	0.31516	0.560	205.1
2020-07-18T17:30	80.99486	0.31092	0.557	205.4
2020-07-18T17:40	80.99347	0.30668	0.552	205.6
2020-07-18T17:50	80.99213	0.30267	0.533	205.1
2020-07-18T18:00	80.99078	0.29869	0.535	204.8
2020-07-18T18:10	80.98946	0.29455	0.529	206.2
2020-07-18T18:20	80.98821	0.29031	0.512	207.8
2020-07-18T18:30	80.98701	0.28584	0.498	210.5
2020-07-18T18:40	80.98583	0.28127	0.497	211.3
2020-07-18T18:50	80.98467	0.27698	0.483	210.1
2020-07-18T19:00	80.98355	0.27288	0.465	209.8
2020-07-18T19:10	80.98245	0.26891	0.456	209.4
2020-07-18T19:20	80.98134	0.26505	0.456	208.5
2020-07-18T19:30	80.98026	0.26152	0.435	207.2
2020-07-18T19:40	80.97919	0.25820	0.427	206.0
2020-07-18T19:50	80.97811	0.25480	0.436	206.2
2020-07-18T20:00	80.97701	0.25124	0.443	206.9
2020-07-18T20:10	80.97591	0.24754	0.449	207.8
2020-07-18T20:20	80.97480	0.24392	0.447	207.2
2020-07-18T20:30	80.97370	0.24042	0.442	206.6
2020-07-18T20:40	80.97260	0.23705	0.442	205.5
2020-07-18T20:50	80.97150	0.23381	0.436	204.8
2020-07-18T21:00	80.97043	0.23055	0.427	205.6
2020-07-18T21:10	80.96939	0.22732	0.417	206.0
2020-07-18T21:20	80.96834	0.22406	0.420	206.0
2020-07-18T21:30	80.96727	0.22103	0.419	204.1
2020-07-18T21:40	80.96623	0.21840	0.405	201.6
2020-07-18T21:50	80.96517	0.21572	0.409	201.7
2020-07-18T22:00	80.96414	0.21323	0.397	200.8
2020-07-18T22:10	80.96310	0.21091	0.397	199.2
2020-07-18T22:20	80.96206	0.20829	0.403	201.6
2020-07-18T22:30	80.96105	0.20537	0.401	204.3
2020-07-18T22:40	80.96003	0.20258	0.398	203.4
2020-07-18T22:50	80.95901	0.19986	0.400	202.6
2020-07-18T23:00	80.95800	0.19722	0.393	202.4
2020-07-18T23:10	80.95700	0.19456	0.389	202.7
2020-07-18T23:20	80.95602	0.19166	0.391	204.8
2020-07-18T23:30	80.95506	0.18871	0.384	205.8
2020-07-18T23:40	80.95413	0.18568	0.374	207.3
2020-07-18T23:50	80.95323	0.18255	0.369	208.7
2020-07-19T00:00	80.95233	0.17916	0.380	210.4
2020-07-19T00:10	80.95148	0.17568	0.362	213.0
2020-07-19T00:20	80.95063	0.17200	0.371	214.2
2020-07-19T00:30	80.94980	0.16822	0.368	215.6
2020-07-19T00:40	80.94899	0.16442	0.361	216.5
2020-07-19T00:50	80.94814	0.16038	0.381	216.9
2020-07-19T01:00	80.94735	0.15632	0.368	218.7
2020-07-19T01:10	80.94656	0.15210	0.370	220.2
2020-07-19T01:20	80.94580	0.14779	0.368	221.6
2020-07-19T01:30	80.94506	0.14334	0.366	223.4
2020-07-19T01:40	80.94433	0.13882	0.367	224.3
2020-07-19T01:50	80.94362	0.13428	0.364	225.1
2020-07-19T02:00	80.94291	0.12955	0.368	226.6
2020-07-19T02:10	80.94223	0.12485	0.363	227.2
2020-07-19T02:20	80.94156	0.12015	0.358	228.2
2020-07-19T02:30	80.94092	0.11544	0.353	229.1
2020-07-19T02:40	80.94027	0.11060	0.360	229.6
2020-07-19T02:50	80.93963	0.10583	0.356	229.3
2020-07-19T03:00	80.93899	0.10104	0.356	229.9
2020-07-19T03:10	80.93836	0.09631	0.351	229.7
2020-07-19T03:20	80.93773	0.09165	0.349	229.2
2020-07-19T03:30	80.93710	0.08707	0.343	229.1
2020-07-19T03:40	80.93649	0.08257	0.338	229.0
2020-07-19T03:50	80.93585	0.07812	0.340	227.9
2020-07-19T04:00	80.93521	0.07372	0.340	227.4
2020-07-19T04:10	80.93455	0.06923	0.348	227.0
2020-07-19T04:20	80.93386	0.06468	0.359	225.8
2020-07-19T04:30	80.93313	0.06002	0.374	225.2
2020-07-19T04:40	80.93236	0.05537	0.381	223.8
2020-07-19T04:50	80.93159	0.05077	0.381	223.1
2020-07-19T05:00	80.93078	0.04602	0.396	222.9
2020-07-19T05:10	80.92994	0.04113	0.410	222.5
2020-07-19T05:20	80.92908	0.03621	0.418	221.9
2020-07-19T05:30	80.92819	0.03126	0.425	221.4
2020-07-19T05:40	80.92728	0.02632	0.433	220.4
2020-07-19T05:50	80.92634	0.02140	0.439	219.6
2020-07-19T06:00	80.92538	0.01675	0.434	217.4
2020-07-19T06:10	80.92439	0.01233	0.437	215.0
2020-07-19T06:20	80.92339	0.00789	0.439	215.1
2020-07-19T06:30	80.92238	0.00341	0.444	215.0
2020-07-19T06:40	80.92139	-0.00101	0.435	215.3
2020-07-19T06:50	80.92038	-0.00547	0.443	214.9
2020-07-19T07:00	80.91941	-0.01026	0.445	217.7
2020-07-19T07:10	80.91843	-0.01511	0.447	218.0
2020-07-19T07:20	80.91743	-0.02002	0.455	217.9
2020-07-19T07:30	80.91643	-0.02473	0.449	216.6
2020-07-19T07:40	80.91540	-0.02946	0.458	216.0
2020-07-19T07:50	80.91433	-0.03440	0.475	216.2
2020-07-19T08:00	80.91322	-0.03946	0.494	215.6
2020-07-19T08:10	80.91211	-0.04475	0.500	217.0
2020-07-19T08:20	80.91098	-0.05000	0.504	216.3
2020-07-19T08:30	80.90984	-0.05516	0.505	215.5
2020-07-19T08:40	80.90871	-0.06034	0.503	215.9
2020-07-19T08:50	80.90755	-0.06552	0.511	215.3
2020-07-19T09:00	80.90641	-0.07045	0.496	214.5
2020-07-19T09:10	80.90525	-0.07555	0.511	214.6
2020-07-19T09:20	80.90411	-0.08063	0.499	215.3
2020-07-19T09:30	80.90301	-0.08554	0.485	215.2
2020-07-19T09:40	80.90188	-0.09095	0.512	216.9
2020-07-19T09:50	80.90083	-0.09567	0.462	215.6
2020-07-19T10:00	80.89972	-0.10079	0.495	216.1
2020-07-19T10:10	80.89858	-0.10592	0.503	215.6
2020-07-19T10:20	80.89749	-0.11135	0.500	218.1
2020-07-19T10:30	80.89647	-0.11678	0.482	220.0
2020-07-19T10:40	80.89551	-0.12226	0.463	222.4
2020-07-19T10:50	80.89457	-0.12815	0.477	224.7
2020-07-19T11:00	80.89349	-0.13452	0.532	223.0
2020-07-19T11:10	80.89247	-0.14068	0.508	223.7
2020-07-19T11:20	80.89146	-0.14698	0.511	224.6
2020-07-19T11:30	80.89040	-0.15364	0.539	224.8
2020-07-19T11:40	80.88938	-0.16018	0.522	225.6
2020-07-19T11:50	80.88833	-0.16702	0.543	225.9
2020-07-19T12:00	80.88729	-0.17386	0.540	226.2
2020-07-19T12:10	80.88627	-0.18057	0.531	226.1
2020-07-19T12:20	80.88528	-0.18707	0.514	226.1
2020-07-19T12:30	80.88423	-0.19345	0.525	223.8
2020-07-19T12:40	80.88323	-0.19933	0.493	222.8
2020-07-19T12:50	80.88225	-0.20477	0.468	221.6
2020-07-19T13:00	80.88126	-0.21037	0.480	221.8
2020-07-19T13:10	80.88027	-0.21589	0.474	221.6
2020-07-19T13:20	80.87935	-0.22128	0.454	222.7
2020-07-19T13:30	80.87846	-0.22672	0.447	224.0
2020-07-19T13:40	80.87759	-0.23194	0.430	223.8
2020-07-19T13:50	80.87681	-0.23707	0.406	226.1
2020-07-19T14:00	80.87600	-0.24221	0.414	225.2
2020-07-19T14:10	80.87521	-0.24735	0.408	225.9
2020-07-19T14:20	80.87451	-0.25219	0.375	227.4
2020-07-19T14:30	80.87384	-0.25692	0.362	228.4
2020-07-19T14:40	80.87313	-0.26164	0.372	226.5
2020-07-19T14:50	80.87243	-0.26628	0.365	226.5
2020-07-19T15:00	80.87173	-0.27088	0.365	226.1
2020-07-19T15:10	80.87105	-0.27526	0.349	225.7
2020-07-19T15:20	80.87039	-0.27929	0.332	223.9
2020-07-19T15:30	80.86971	-0.28330	0.335	223.2
2020-07-19T15:40	80.86899	-0.28717	0.340	220.6
2020-07-19T15:50	80.86827	-0.29094	0.337	219.7
2020-07-19T16:00	80.86755	-0.29458	0.334	218.5
2020-07-19T16:10	80.86682	-0.29802	0.327	216.9
2020-07-19T16:20	80.86608	-0.30128	0.324	215.1
2020-07-19T16:30	80.86531	-0.30428	0.326	211.6
2020-07-19T16:40	80.86447	-0.30719	0.346	208.8
2020-07-19T16:50	80.86365	-0.30987	0.331	207.5
2020-07-19T17:00	80.86276	-0.31250	0.357	204.9
2020-07-19T17:10	80.86183	-0.31500	0.362	203.3
2020-07-19T17:20	80.86087	-0.31757	0.376	203.0
2020-07-19T17:30	80.85988	-0.32013	0.387	202.2
2020-07-19T17:40	80.85885	-0.32258	0.393	200.9
2020-07-19T17:50	80.85781	-0.32495	0.400	199.8
2020-07-19T18:00	80.85673	-0.32728	0.412	198.9
2020-07-19T18:10	80.85561	-0.32959	0.424	198.1
2020-07-19T18:20	80.85445	-0.33194	0.439	197.8
2020-07-19T18:30	80.85326	-0.33425	0.448	197.2
2020-07-19T18:40	80.85202	-0.33663	0.467	197.0
2020-07-19T18:50	80.85081	-0.33884	0.453	196.2
2020-07-19T19:00	80.84953	-0.34112	0.478	195.9
2020-07-19T19:10	80.84823	-0.34350	0.489	196.3
2020-07-19T19:20	80.84693	-0.34563	0.483	194.6
2020-07-19T19:30	80.84561	-0.34777	0.492	194.4
2020-07-19T19:40	80.84427	-0.34991	0.495	194.3
2020-07-19T19:50	80.84290	-0.35196	0.507	193.4
2020-07-19T20:00	80.84156	-0.35410	0.500	194.2
2020-07-19T20:10	80.84020	-0.35616	0.503	193.6
2020-07-19T20:20	80.83884	-0.35817	0.503	193.3
2020-07-19T20:30	80.83748	-0.36015	0.504	193.0
2020-07-19T20:40	80.83613	-0.36209	0.499	192.9
2020-07-19T20:50	80.83478	-0.36399	0.496	192.7
2020-07-19T21:00	80.83343	-0.36589	0.498	192.7
2020-07-19T21:10	80.83210	-0.36779	0.492	192.8
2020-07-19T21:20	80.83078	-0.36960	0.486	192.3
2020-07-19T21:30	80.82947	-0.37150	0.483	193.0
2020-07-19T21:40	80.82818	-0.37339	0.478	193.1
2020-07-19T21:50	80.82692	-0.37528	0.468	193.4
2020-07-19T22:00	80.82566	-0.37715	0.465	193.3
2020-07-19T22:10	80.82447	-0.37896	0.441	193.6
2020-07-19T22:20	80.82326	-0.38088	0.448	194.2
2020-07-19T22:30	80.82208	-0.38280	0.440	194.6
2020-07-19T22:40	80.82095	-0.38465	0.419	194.7
2020-07-19T22:50	80.81983	-0.38654	0.419	195.0
2020-07-19T23:00	80.81874	-0.38842	0.406	195.4
2020-07-19T23:10	80.81767	-0.39029	0.401	195.5
2020-07-19T23:20	80.81664	-0.39210	0.385	195.7
2020-07-19T23:30	80.81565	-0.39393	0.372	196.5
2020-07-19T23:40	80.81469	-0.39578	0.359	197.2
2020-07-19T23:50	80.81378	-0.39756	0.343	197.4
2020-07-20T00:00	80.81291	-0.39933	0.331	197.9
2020-07-20T00:10	80.81211	-0.40097	0.303	198.1
2020-07-20T00:20	80.81133	-0.40260	0.295	198.6
2020-07-20T00:30	80.81058	-0.40420	0.287	198.6
2020-07-20T00:40	80.80984	-0.40580	0.282	199.1
2020-07-20T00:50	80.80913	-0.40736	0.269	199.5
2020-07-20T01:00	80.80845	-0.40889	0.260	199.7
2020-07-20T01:10	80.80780	-0.41043	0.252	200.7
2020-07-20T01:20	80.80718	-0.41200	0.241	201.9
2020-07-20T01:30	80.80658	-0.41348	0.231	201.6
2020-07-20T01:40	80.80605	-0.41481	0.206	201.7
2020-07-20T01:50	80.80554	-0.41618	0.200	203.3
2020-07-20T02:00	80.80504	-0.41760	0.196	204.5
2020-07-20T02:10	80.80457	-0.41893	0.186	204.3
2020-07-20T02:20	80.80411	-0.42022	0.181	204.4
2020-07-20T02:30	80.80367	-0.42146	0.175	203.9
2020-07-20T02:40	80.80323	-0.42263	0.172	203.2
2020-07-20T02:50	80.80277	-0.42391	0.181	203.9
2020-07-20T03:00	80.80235	-0.42499	0.164	202.3
2020-07-20T03:10	80.80186	-0.42607	0.185	199.7
2020-07-20T03:20	80.80142	-0.42694	0.169	197.2
2020-07-20T03:30	80.80093	-0.42761	0.178	192.5
2020-07-20T03:40	80.80042	-0.42831	0.187	192.4
2020-07-20T03:50	80.79990	-0.42891	0.193	190.2
2020-07-20T04:00	80.79935	-0.42944	0.201	188.8
2020-07-20T04:10	80.79878	-0.42995	0.206	188.1
2020-07-20T04:20	80.79819	-0.43037	0.212	186.7
2020-07-20T04:30	80.79758	-0.43079	0.222	186.2
2020-07-20T04:40	80.79696	-0.43120	0.225	186.0
2020-07-20T04:50	80.79631	-0.43161	0.235	185.7
2020-07-20T05:00	80.79564	-0.43190	0.243	183.9
2020-07-20T05:10	80.79492	-0.43220	0.260	183.9
2020-07-20T05:20	80.79420	-0.43247	0.259	183.4
2020-07-20T05:30	80.79344	-0.43268	0.274	182.6
2020-07-20T05:40	80.79265	-0.43293	0.286	182.8
2020-07-20T05:50	80.79185	-0.43323	0.289	183.5
2020-07-20T06:00	80.79102	-0.43366	0.297	184.7
2020-07-20T06:10	80.79017	-0.43414	0.307	185.2
2020-07-20T06:20	80.78930	-0.43465	0.316	185.3
2020-07-20T06:30	80.78840	-0.43525	0.325	186.2
2020-07-20T06:40	80.78746	-0.43598	0.343	187.0
2020-07-20T06:50	80.78650	-0.43674	0.350	187.2
2020-07-20T07:00	80.78550	-0.43755	0.361	187.4
2020-07-20T07:10	80.78449	-0.43848	0.368	188.5
2020-07-20T07:20	80.78344	-0.43948	0.382	188.6
2020-07-20T07:30	80.78237	-0.44064	0.391	189.9
2020-07-20T07:40	80.78128	-0.44190	0.398	190.5
2020-07-20T07:50	80.78017	-0.44328	0.407	191.3
2020-07-20T08:00	80.77905	-0.44478	0.413	192.1
2020-07-20T08:10	80.77793	-0.44641	0.415	193.1
2020-07-20T08:20	80.77680	-0.44817	0.420	194.0
2020-07-20T08:30	80.77567	-0.45003	0.421	194.7
2020-07-20T08:40	80.77452	-0.45201	0.428	195.5
2020-07-20T08:50	80.77339	-0.45404	0.424	196.0
2020-07-20T09:00	80.77225	-0.45618	0.429	196.8
2020-07-20T09:10	80.77109	-0.45833	0.433	196.6
2020-07-20T09:20	80.76995	-0.46064	0.431	198.0
2020-07-20T09:30	80.76883	-0.46305	0.429	199.0
2020-07-20T09:40	80.76771	-0.46554	0.428	199.6
2020-07-20T09:50	80.76660	-0.46819	0.427	201.1
2020-07-20T10:00	80.76551	-0.47077	0.420	200.8
2020-07-20T10:10	80.76444	-0.47339	0.415	201.4
2020-07-20T10:20	80.76338	-0.47608	0.412	202.2
2020-07-20T10:30	80.76233	-0.47879	0.411	202.4
2020-07-20T10:40	80.76129	-0.48154	0.406	203.0
2020-07-20T10:50	80.76026	-0.48430	0.401	203.4
2020-07-20T11:00	80.75926	-0.48709	0.398	203.9
2020-07-20T11:10	80.75825	-0.48992	0.397	204.4
2020-07-20T11:20	80.75729	-0.49268	0.383	204.7
2020-07-20T11:30	80.75635	-0.49541	0.374	205.0
2020-07-20T11:40	80.75542	-0.49817	0.369	205.6
2020-07-20T11:50	80.75452	-0.50085	0.359	205.6
2020-07-20T12:00	80.75365	-0.50360	0.353	206.8
2020-07-20T12:10	80.75280	-0.50630	0.342	207.2
2020-07-20T12:20	80.75198	-0.50890	0.332	206.9
2020-07-20T12:30	80.75117	-0.51155	0.328	207.9
2020-07-20T12:40	80.75042	-0.51412	0.310	208.7
2020-07-20T12:50	80.74967	-0.51671	0.310	208.9
2020-07-20T13:00	80.74894	-0.51920	0.299	208.8
2020-07-20T13:10	80.74822	-0.52160	0.292	208.4
2020-07-20T13:20	80.74754	-0.52399	0.282	209.4
2020-07-20T13:30	80.74686	-0.52631	0.279	208.8
2020-07-20T13:40	80.74620	-0.52855	0.271	208.6
2020-07-20T13:50	80.74556	-0.53063	0.261	207.4
2020-07-20T14:00	80.74491	-0.53273	0.265	207.3
2020-07-20T14:10	80.74427	-0.53483	0.258	208.1
2020-07-20T14:20	80.74366	-0.53681	0.248	207.5
2020-07-20T14:30	80.74303	-0.53870	0.252	205.8
2020-07-20T14:40	80.74240	-0.54048	0.251	204.2
2020-07-20T14:50	80.74176	-0.54209	0.247	202.1
2020-07-20T15:00	80.74110	-0.54360	0.253	200.1
2020-07-20T15:10	80.74043	-0.54489	0.252	197.3
2020-07-20T15:20	80.73975	-0.54609	0.254	195.9
2020-07-20T15:30	80.73903	-0.54739	0.272	196.1
2020-07-20T15:40	80.73833	-0.54840	0.258	193.0
2020-07-20T15:50	80.73759	-0.54914	0.270	189.2
2020-07-20T16:00	80.73684	-0.54966	0.270	186.4
2020-07-20T16:10	80.73603	-0.55014	0.292	185.5
2020-07-20T16:20	80.73519	-0.55057	0.304	184.7
2020-07-20T16:30	80.73434	-0.55078	0.305	182.2
2020-07-20T16:40	80.73346	-0.55092	0.320	181.5
2020-07-20T16:50	80.73254	-0.55101	0.329	180.9
2020-07-20T17:00	80.73160	-0.55103	0.339	180.2
2020-07-20T17:10	80.73063	-0.55107	0.351	180.3
2020-07-20T17:20	80.72961	-0.55102	0.367	179.6
2020-07-20T17:30	80.72856	-0.55087	0.379	178.7
2020-07-20T17:40	80.72746	-0.55065	0.394	178.1
2020-07-20T17:50	80.72631	-0.55040	0.414	178.0
2020-07-20T18:00	80.72514	-0.55010	0.422	177.6
2020-07-20T18:10	80.72393	-0.54975	0.437	177.4
2020-07-20T18:20	80.72269	-0.54932	0.448	176.8
2020-07-20T18:30	80.72138	-0.54885	0.470	176.7
2020-07-20T18:40	80.72010	-0.54846	0.461	177.2
2020-07-20T18:50	80.71879	-0.54774	0.476	175.0
2020-07-20T19:00	80.71742	-0.54712	0.494	175.8
2020-07-20T19:10	80.71605	-0.54669	0.495	177.1
2020-07-20T19:20	80.71464	-0.54604	0.508	175.7
2020-07-20T19:30	80.71322	-0.54541	0.512	175.9
2020-07-20T19:40	80.71178	-0.54474	0.521	175.7
2020-07-20T19:50	80.71033	-0.54403	0.524	175.5
2020-07-20T20:00	80.70886	-0.54325	0.531	175.1
2020-07-20T20:10	80.70737	-0.54246	0.536	175.1
2020-07-20T20:20	80.70590	-0.54164	0.534	174.9
2020-07-20T20:30	80.70443	-0.54080	0.531	174.7
2020-07-20T20:40	80.70295	-0.53996	0.534	174.7
2020-07-20T20:50	80.70144	-0.53906	0.547	174.5
2020-07-20T21:00	80.70002	-0.53820	0.514	174.4
2020-07-20T21:10	80.69857	-0.53723	0.524	173.9
2020-07-20T21:20	80.69713	-0.53620	0.521	173.4
2020-07-20T21:30	80.69570	-0.53513	0.520	173.1
2020-07-20T21:40	80.69429	-0.53398	0.513	172.5
2020-07-20T21:50	80.69289	-0.53284	0.507	172.5
2020-07-20T22:00	80.69151	-0.53166	0.501	172.1
2020-07-20T22:10	80.69016	-0.53053	0.492	172.3
2020-07-20T22:20	80.68880	-0.52956	0.492	173.4
2020-07-20T22:30	80.68746	-0.52860	0.485	173.4
2020-07-20T22:40	80.68614	-0.52769	0.479	173.7
2020-07-20T22:50	80.68485	-0.52692	0.468	174.5
2020-07-20T23:00	80.68354	-0.52632	0.470	175.7
2020-07-20T23:10	80.68228	-0.52577	0.456	176.0
2020-07-20T23:20	80.68106	-0.52518	0.442	175.6
2020-07-20T23:30	80.67987	-0.52470	0.428	176.3
2020-07-20T23:40	80.67868	-0.52445	0.430	178.0
2020-07-20T23:50	80.67749	-0.52431	0.428	178.9
2020-07-21T00:00	80.67636	-0.52428	0.406	179.7
2020-07-21T00:10	80.67524	-0.52439	0.403	181.0
2020-07-21T00:20	80.67420	-0.52449	0.376	180.8
2020-07-21T00:30	80.67319	-0.52458	0.364	180.9
2020-07-21T00:40	80.67216	-0.52468	0.369	180.9
2020-07-21T00:50	80.67116	-0.52464	0.361	179.6
2020-07-21T01:00	80.67019	-0.52444	0.351	178.2
2020-07-21T01:10	80.66924	-0.52433	0.340	178.9
2020-07-21T01:20	80.66828	-0.52431	0.345	179.8
2020-07-21T01:30	80.66733	-0.52434	0.343	180.2
2020-07-21T01:40	80.66641	-0.52428	0.331	179.4
2020-07-21T01:50	80.66551	-0.52414	0.324	178.5
2020-07-21T02:00	80.66466	-0.52405	0.308	179.0
2020-07-21T02:10	80.66377	-0.52411	0.318	180.6
2020-07-21T02:20	80.66288	-0.52417	0.323	180.6
2020-07-21T02:30	80.66203	-0.52430	0.304	181.5
2020-07-21T02:40	80.66116	-0.52442	0.313	181.2
2020-07-21T02:50	80.66030	-0.52457	0.310	181.6
2020-07-21T03:00	80.65949	-0.52459	0.294	180.2
2020-07-21T03:10	80.65870	-0.52458	0.284	179.9
2020-07-21T03:20	80.65792	-0.52465	0.280	180.8
2020-07-21T03:30	80.65715	-0.52455	0.276	178.8
2020-07-21T03:40	80.65638	-0.52446	0.278	178.9
2020-07-21T03:50	80.65562	-0.52441	0.275	179.4
2020-07-21T04:00	80.65485	-0.52447	0.276	180.7
2020-07-21T04:10	80.65410	-0.52459	0.272	181.6
2020-07-21T04:20	80.65331	-0.52480	0.283	182.5
2020-07-21T04:30	80.65247	-0.52532	0.305	185.7
2020-07-21T04:40	80.65163	-0.52581	0.304	185.4
2020-07-21T04:50	80.65084	-0.52592	0.284	181.3
2020-07-21T05:00	80.65001	-0.52615	0.299	182.5
2020-07-21T05:10	80.64918	-0.52636	0.299	182.3
2020-07-21T05:20	80.64835	-0.52635	0.298	180.0
2020-07-21T05:30	80.64758	-0.52612	0.280	177.2
2020-07-21T05:40	80.64677	-0.52602	0.291	178.9
2020-07-21T05:50	80.64591	-0.52627	0.309	182.7
2020-07-21T06:00	80.64504	-0.52680	0.315	185.6
2020-07-21T06:10	80.64417	-0.52722	0.313	184.5
2020-07-21T06:20	80.64331	-0.52764	0.311	184.5
2020-07-21T06:30	80.64240	-0.52810	0.327	184.8
2020-07-21T06:40	80.64141	-0.52858	0.361	184.5
2020-07-21T06:50	80.64047	-0.52926	0.341	186.7
2020-07-21T07:00	80.63953	-0.52962	0.338	183.6
2020-07-21T07:10	80.63858	-0.52997	0.343	183.5
2020-07-21T07:20	80.63761	-0.53032	0.350	183.4
2020-07-21T07:30	80.63663	-0.53057	0.352	182.4
2020-07-21T07:40	80.63564	-0.53079	0.356	182.0
2020-07-21T07:50	80.63462	-0.53099	0.368	181.8
2020-07-21T08:00	80.63361	-0.53103	0.365	180.3
2020-07-21T08:10	80.63254	-0.53109	0.385	180.5
2020-07-21T08:20	80.63143	-0.53143	0.402	182.9
2020-07-21T08:30	80.63029	-0.53191	0.411	183.9
2020-07-21T08:40	80.62913	-0.53269	0.420	186.2
2020-07-21T08:50	80.62794	-0.53349	0.429	186.3
2020-07-21T09:00	80.62674	-0.53440	0.437	187.0
2020-07-21T09:10	80.62551	-0.53531	0.445	186.9
2020-07-21T09:20	80.62425	-0.53631	0.456	187.3
2020-07-21T09:30	80.62298	-0.53745	0.465	188.3
2020-07-21T09:40	80.62168	-0.53887	0.473	190.1
2020-07-21T09:50	80.62042	-0.54018	0.462	189.6
2020-07-21T10:00	80.61916	-0.54163	0.460	190.6
2020-07-21T10:10	80.61786	-0.54338	0.480	192.4
2020-07-21T10:20	80.61653	-0.54539	0.491	193.9
2020-07-21T10:30	80.61522	-0.54749	0.489	194.6
2020-07-21T10:40	80.61390	-0.54978	0.491	195.9
2020-07-21T10:50	80.61262	-0.55235	0.486	198.1
2020-07-21T11:00	80.61140	-0.55498	0.465	199.4
2020-07-21T11:10	80.61025	-0.55767	0.443	201.0
2020-07-21T11:20	80.60916	-0.56057	0.430	203.3
2020-07-21T11:30	80.60816	-0.56340	0.396	204.9
2020-07-21T11:40	80.60727	-0.56628	0.361	208.0
2020-07-21T11:50	80.60637	-0.56954	0.376	210.6
2020-07-21T12:00	80.60545	-0.57297	0.388	211.3
2020-07-21T12:10	80.60453	-0.57650	0.392	211.9
2020-07-21T12:20	80.60368	-0.57996	0.369	213.5
2020-07-21T12:30	80.60291	-0.58351	0.347	217.1
2020-07-21T12:40	80.60215	-0.58714	0.347	217.9
2020-07-21T12:50	80.60141	-0.59067	0.336	218.2
2020-07-21T13:00	80.60068	-0.59411	0.332	217.4
2020-07-21T13:10	80.59996	-0.59729	0.320	215.7
2020-07-21T13:20	80.59924	-0.60032	0.315	214.5
2020-07-21T13:30	80.59854	-0.60304	0.298	212.6
2020-07-21T13:40	80.59784	-0.60559	0.292	210.8
2020-07-21T13:50	80.59707	-0.60782	0.308	205.3
2020-07-21T14:00	80.59619	-0.61000	0.344	201.9
2020-07-21T14:10	80.59544	-0.61215	0.296	205.3
2020-07-21T14:20	80.59464	-0.61422	0.314	202.9
2020-07-21T14:30	80.59378	-0.61613	0.327	200.0
2020-07-21T14:40	80.59295	-0.61784	0.317	198.5
2020-07-21T14:50	80.59211	-0.61941	0.316	197.0
2020-07-21T15:00	80.59124	-0.62104	0.327	197.1
2020-07-21T15:10	80.59034	-0.62244	0.333	194.3
2020-07-21T15:20	80.58952	-0.62367	0.305	193.8
2020-07-21T15:30	80.58866	-0.62460	0.317	190.0
2020-07-21T15:40	80.58777	-0.62562	0.326	190.6
2020-07-21T15:50	80.58682	-0.62659	0.346	189.5
2020-07-21T16:00	80.58588	-0.62733	0.340	187.4
2020-07-21T16:10	80.58501	-0.62758	0.313	182.7
2020-07-21T16:20	80.58422	-0.62711	0.286	174.4
2020-07-21T16:30	80.58332	-0.62621	0.328	170.8
2020-07-21T16:40	80.58237	-0.62508	0.349	168.9
2020-07-21T16:50	80.58133	-0.62364	0.382	167.2
2020-07-21T17:00	80.58033	-0.62186	0.378	163.9
2020-07-21T17:10	80.57935	-0.61977	0.373	160.7
2020-07-21T17:20	80.57836	-0.61747	0.381	159.2
2020-07-21T17:30	80.57731	-0.61520	0.400	160.5
2020-07-21T17:40	80.57622	-0.61274	0.418	159.7
2020-07-21T17:50	80.57511	-0.61008	0.431	158.7
2020-07-21T18:00	80.57393	-0.60744	0.453	159.9
2020-07-21T18:10	80.57271	-0.60488	0.462	160.9
2020-07-21T18:20	80.57145	-0.60256	0.474	163.2
2020-07-21T18:30	80.57016	-0.60022	0.486	163.5
2020-07-21T18:40	80.56882	-0.59792	0.502	164.3
2020-07-21T18:50	80.56740	-0.59560	0.526	164.9
2020-07-21T19:00	80.56597	-0.59346	0.530	166.2
2020-07-21T19:10	80.56452	-0.59152	0.537	167.7
2020-07-21T19:20	80.56301	-0.58971	0.552	168.8
2020-07-21T19:30	80.56150	-0.58804	0.553	169.7
2020-07-21T19:40	80.55997	-0.58644	0.558	170.2
2020-07-21T19:50	80.55843	-0.58502	0.563	171.5
2020-07-21T20:00	80.55683	-0.58390	0.580	173.4
2020-07-21T20:10	80.55526	-0.58289	0.567	174.0
2020-07-21T20:20	80.55363	-0.58187	0.589	174.1
2020-07-21T20:30	80.55208	-0.58096	0.561	174.5
2020-07-21T20:40	80.55054	-0.58058	0.555	177.7
2020-07-21T20:50	80.54904	-0.58040	0.543	178.9
2020-07-21T21:00	80.54749	-0.58039	0.557	179.9
2020-07-21T21:10	80.54594	-0.58053	0.557	180.9
2020-07-21T21:20	80.54444	-0.58060	0.540	180.5
2020-07-21T21:30	80.54295	-0.58076	0.535	181.0
2020-07-21T21:40	80.54138	-0.58107	0.567	181.8
2020-07-21T21:50	80.53982	-0.58165	0.564	183.5
2020-07-21T22:00	80.53827	-0.58243	0.558	184.7
2020-07-21T22:10	80.53683	-0.58307	0.521	184.2
2020-07-21T22:20	80.53554	-0.58322	0.463	181.1
2020-07-21T22:30	80.53429	-0.58330	0.450	180.6
2020-07-21T22:40	80.53309	-0.58348	0.432	181.4
2020-07-21T22:50	80.53193	-0.58371	0.419	181.9
2020-07-21T23:00	80.53078	-0.58384	0.414	181.0
2020-07-21T23:10	80.52963	-0.58383	0.414	179.9
2020-07-21T23:20	80.52851	-0.58376	0.405	179.4
2020-07-21T23:30	80.52738	-0.58368	0.407	179.4
2020-07-21T23:40	80.52630	-0.58373	0.389	180.4
2020-07-21T23:50	80.52529	-0.58375	0.364	180.1
2020-07-22T00:00	80.52435	-0.58389	0.335	181.4
2020-07-22T00:10	80.52354	-0.58389	0.294	180.0
2020-07-22T00:20	80.52277	-0.58389	0.278	179.9
2020-07-22T00:30	80.52204	-0.58382	0.260	179.1
2020-07-22T00:40	80.52135	-0.58371	0.251	178.5
2020-07-22T00:50	80.52080	-0.58361	0.195	178.3
2020-07-22T01:00	80.52034	-0.58327	0.168	173.1
2020-07-22T01:10	80.51993	-0.58263	0.152	165.6
2020-07-22T01:20	80.51951	-0.58179	0.161	162.0
2020-07-22T01:30	80.51907	-0.58104	0.165	164.3
2020-07-22T01:40	80.51869	-0.58014	0.147	158.6
2020-07-22T01:50	80.51842	-0.57898	0.117	144.2
2020-07-22T02:00	80.51820	-0.57774	0.110	137.8
2020-07-22T02:10	80.51802	-0.57622	0.112	125.9
2020-07-22T02:20	80.51795	-0.57450	0.105	103.6
2020-07-22T02:30	80.51791	-0.57254	0.117	97.2
2020-07-22T02:40	80.51787	-0.57053	0.120	97.3
2020-07-22T02:50	80.51783	-0.56848	0.122	96.2
2020-07-22T03:00	80.51781	-0.56635	0.126	93.3
2020-07-22T03:10	80.51778	-0.56420	0.128	95.1
2020-07-22T03:20	80.51777	-0.56199	0.131	91.6
2020-07-22T03:30	80.51777	-0.55963	0.140	89.8
2020-07-22T03:40	80.51778	-0.55728	0.140	88.7
2020-07-22T03:50	80.51778	-0.55488	0.142	89.1
2020-07-22T04:00	80.51777	-0.55247	0.143	91.3
2020-07-22T04:10	80.51776	-0.55006	0.143	92.0
2020-07-22T04:20	80.51774	-0.54772	0.139	92.7
2020-07-22T04:30	80.51770	-0.54543	0.137	96.9
2020-07-22T04:40	80.51763	-0.54323	0.132	100.4
2020-07-22T04:50	80.51749	-0.54096	0.144	110.5
2020-07-22T05:00	80.51730	-0.53870	0.151	117.4
2020-07-22T05:10	80.51706	-0.53662	0.150	124.6
2020-07-22T05:20	80.51676	-0.53459	0.162	132.2
2020-07-22T05:30	80.51642	-0.53248	0.174	133.9
2020-07-22T05:40	80.51604	-0.53043	0.184	138.7
2020-07-22T05:50	80.51560	-0.52842	0.197	142.8
2020-07-22T06:00	80.51511	-0.52648	0.211	146.7
2020-07-22T06:10	80.51458	-0.52462	0.222	150.3
2020-07-22T06:20	80.51400	-0.52288	0.233	153.7
2020-07-22T06:30	80.51331	-0.52121	0.266	158.1
2020-07-22T06:40	80.51263	-0.51979	0.259	161.0
2020-07-22T06:50	80.51184	-0.51831	0.298	162.9
2020-07-22T07:00	80.51106	-0.51707	0.291	165.3
2020-07-22T07:10	80.51020	-0.51592	0.318	167.6
2020-07-22T07:20	80.50926	-0.51479	0.343	168.7
2020-07-22T07:30	80.50835	-0.51396	0.332	171.5
2020-07-22T07:40	80.50735	-0.51328	0.361	173.5
2020-07-22T07:50	80.50634	-0.51286	0.366	176.2
2020-07-22T08:00	80.50527	-0.51269	0.384	178.5
2020-07-22T08:10	80.50416	-0.51275	0.399	180.5
2020-07-22T08:20	80.50303	-0.51311	0.409	183.0
2020-07-22T08:30	80.50183	-0.51367	0.432	184.4
2020-07-22T08:40	80.50066	-0.51459	0.428	187.4
2020-07-22T08:50	80.49943	-0.51575	0.449	188.8
2020-07-22T09:00	80.49817	-0.51720	0.459	190.8
2020-07-22T09:10	80.49689	-0.51881	0.471	191.8
2020-07-22T09:20	80.49563	-0.52065	0.469	193.5
2020-07-22T09:30	80.49437	-0.52265	0.468	194.7
2020-07-22T09:40	80.49313	-0.52474	0.463	195.6
2020-07-22T09:50	80.49188	-0.52684	0.469	195.4
2020-07-22T10:00	80.49061	-0.52910	0.474	196.4
2020-07-22T10:10	80.48935	-0.53145	0.475	197.2
2020-07-22T10:20	80.48810	-0.53408	0.478	199.1
2020-07-22T10:30	80.48689	-0.53661	0.459	199.1
2020-07-22T10:40	80.48574	-0.53904	0.440	199.2
2020-07-22T10:50	80.48464	-0.54147	0.422	200.1
2020-07-22T11:00	80.48357	-0.54372	0.406	199.3
2020-07-22T11:10	80.48256	-0.54598	0.390	200.1
2020-07-22T11:20	80.48158	-0.54819	0.375	200.6
2020-07-22T11:30	80.48065	-0.55039	0.359	201.4
2020-07-22T11:40	80.47974	-0.55261	0.354	202.0
2020-07-22T11:50	80.47886	-0.55475	0.343	201.8
2020-07-22T12:00	80.47801	-0.55678	0.328	201.6
2020-07-22T12:10	80.47720	-0.55874	0.315	201.7
2020-07-22T12:20	80.47639	-0.56064	0.312	201.4
2020-07-22T12:30	80.47564	-0.56258	0.294	203.1
2020-07-22T12:40	80.47490	-0.56438	0.288	201.9
2020-07-22T12:50	80.47418	-0.56595	0.274	199.9
2020-07-22T13:00	80.47349	-0.56745	0.264	199.8
2020-07-22T13:10	80.47283	-0.56868	0.250	197.1
2020-07-22T13:20	80.47219	-0.56989	0.240	197.5
2020-07-22T13:30	80.47157	-0.57122	0.237	199.5
2020-07-22T13:40	80.47099	-0.57225	0.219	196.3
2020-07-22T13:50	80.47043	-0.57303	0.208	192.9
2020-07-22T14:00	80.46990	-0.57372	0.195	192.2
2020-07-22T14:10	80.46946	-0.57421	0.161	190.4
2020-07-22T14:20	80.46903	-0.57410	0.155	177.4
2020-07-22T14:30	80.46861	-0.57367	0.150	170.2
2020-07-22T14:40	80.46816	-0.57312	0.167	168.7
2020-07-22T14:50	80.46772	-0.57240	0.163	164.7
2020-07-22T15:00	80.46727	-0.57146	0.171	161.0
2020-07-22T15:10	80.46684	-0.57032	0.169	156.2
2020-07-22T15:20	80.46641	-0.56914	0.170	155.6
2020-07-22T15:30	80.46597	-0.56778	0.178	152.9
2020-07-22T15:40	80.46551	-0.56600	0.198	147.6
2020-07-22T15:50	80.46501	-0.56413	0.213	148.4
2020-07-22T16:00	80.46450	-0.56217	0.215	147.1
2020-07-22T16:10	80.46396	-0.55961	0.249	142.2
2020-07-22T16:20	80.46340	-0.55688	0.258	140.7
2020-07-22T16:30	80.46282	-0.55382	0.277	138.9
2020-07-22T16:40	80.46220	-0.55050	0.299	138.6
2020-07-22T16:50	80.46151	-0.54728	0.314	142.3
2020-07-22T17:00	80.46076	-0.54401	0.331	143.8
2020-07-22T17:10	80.45998	-0.54067	0.347	145.0
2020-07-22T17:20	80.45913	-0.53713	0.370	145.2
2020-07-22T17:30	80.45822	-0.53361	0.389	147.3
2020-07-22T17:40	80.45724	-0.53022	0.409	150.3
2020-07-22T17:50	80.45617	-0.52686	0.433	152.4
2020-07-22T18:00	80.45504	-0.52365	0.452	154.9
2020-07-22T18:10	80.45384	-0.52048	0.471	156.3
2020-07-22T18:20	80.45257	-0.51733	0.494	157.6
2020-07-22T18:30	80.45125	-0.51431	0.507	159.1
2020-07-22T18:40	80.44988	-0.51154	0.520	161.5
2020-07-22T18:50	80.44846	-0.50858	0.541	160.9
2020-07-22T19:00	80.44699	-0.50603	0.552	164.0
2020-07-22T19:10	80.44546	-0.50349	0.571	164.5
2020-07-22T19:20	80.44389	-0.50101	0.587	165.4
2020-07-22T19:30	80.44226	-0.49874	0.599	166.9
2020-07-22T19:40	80.44059	-0.49668	0.614	168.4
2020-07-22T19:50	80.43889	-0.49482	0.624	169.7
2020-07-22T20:00	80.43715	-0.49314	0.635	170.9
2020-07-22T20:10	80.43537	-0.49160	0.646	171.8
2020-07-22T20:20	80.43358	-0.49021	0.651	172.7
2020-07-22T20:30	80.43175	-0.48898	0.663	173.6
2020-07-22T20:40	80.42988	-0.48796	0.676	174.8
2020-07-22T20:50	80.42802	-0.48708	0.670	175.5
2020-07-22T21:00	80.42614	-0.48643	0.680	176.7
2020-07-22T21:10	80.42425	-0.48599	0.681	177.8
2020-07-22T21:20	80.42235	-0.48584	0.684	179.3
2020-07-22T21:30	80.42045	-0.48589	0.683	180.2
2020-07-22T21:40	80.41857	-0.48620	0.677	181.6
2020-07-22T21:50	80.41672	-0.48667	0.666	182.4
2020-07-22T22:00	80.41492	-0.48754	0.651	184.6
2020-07-22T22:10	80.41316	-0.48863	0.636	185.9
2020-07-22T22:20	80.41147	-0.49003	0.614	187.9
2020-07-22T22:30	80.40986	-0.49151	0.586	188.7
2020-07-22T22:40	80.40829	-0.49312	0.574	189.7
2020-07-22T22:50	80.40678	-0.49497	0.556	191.5
2020-07-22T23:00	80.40534	-0.49695	0.534	192.8
2020-07-22T23:10	80.40391	-0.49887	0.527	192.7
2020-07-22T23:20	80.40252	-0.50082	0.513	193.1
2020-07-22T23:30	80.40117	-0.50280	0.499	193.8
2020-07-22T23:40	80.39988	-0.50502	0.483	196.0
2020-07-22T23:50	80.39866	-0.50751	0.466	198.7
2020-07-23T00:00	80.39749	-0.51012	0.447	200.5
2020-07-23T00:10	80.39644	-0.51269	0.410	202.2
2020-07-23T00:20	80.39545	-0.51534	0.391	203.9
2020-07-23T00:30	80.39452	-0.51804	0.371	205.9
2020-07-23T00:40	80.39363	-0.52074	0.358	207.0
2020-07-23T00:50	80.39283	-0.52365	0.339	211.1
2020-07-23T01:00	80.39213	-0.52660	0.308	215.1
2020-07-23T01:10	80.39148	-0.52935	0.285	215.4
2020-07-23T01:20	80.39091	-0.53207	0.262	218.6
2020-07-23T01:30	80.39041	-0.53485	0.247	222.6
2020-07-23T01:40	80.39001	-0.53782	0.229	231.3
2020-07-23T01:50	80.38966	-0.54096	0.227	236.1
2020-07-23T02:00	80.38937	-0.54400	0.212	240.0
2020-07-23T02:10	80.38916	-0.54706	0.198	248.3
2020-07-23T02:20	80.38905	-0.54997	0.180	256.4
2020-07-23T02:30	80.38900	-0.55275	0.168	264.3
2020-07-23T02:40	80.38902	-0.55544	0.161	272.0
2020-07-23T02:50	80.38907	-0.55789	0.149	277.4
2020-07-23T03:00	80.38914	-0.55996	0.127	282.1
2020-07-23T03:10	80.38921	-0.56173	0.109	283.1
2020-07-23T03:20	80.38929	-0.56327	0.096	286.2
2020-07-23T03:30	80.38941	-0.56474	0.099	296.8
2020-07-23T03:40	80.38958	-0.56604	0.098	307.3
2020-07-23T03:50	80.38976	-0.56706	0.089	316.8
2020-07-23T04:00	80.38993	-0.56790	0.081	321.7
2020-07-23T04:10	80.39010	-0.56840	0.067	333.3
2020-07-23T04:20	80.39027	-0.56861	0.062	347.8
2020-07-23T04:30	80.39046	-0.56803	0.078	26.9
2020-07-23T04:40	80.39059	-0.56744	0.060	36.2
2020-07-23T04:50	80.39069	-0.56668	0.058	52.8
2020-07-23T05:00	80.39076	-0.56547	0.077	70.0
2020-07-23T05:10	80.39079	-0.56434	0.069	81.4
2020-07-23T05:20	80.39081	-0.56304	0.078	84.8
2020-07-23T05:30	80.39074	-0.56194	0.072	112.1
2020-07-23T05:40	80.39060	-0.56066	0.091	122.7
2020-07-23T05:50	80.39048	-0.55893	0.113	113.3
2020-07-23T06:00	80.39018	-0.55734	0.143	138.3
2020-07-23T06:10	80.38984	-0.55584	0.153	143.7
2020-07-23T06:20	80.38947	-0.55471	0.149	153.1
2020-07-23T06:30	80.38899	-0.55363	0.183	159.3
2020-07-23T06:40	80.38847	-0.55257	0.197	161.1
2020-07-23T06:50	80.38787	-0.55152	0.225	163.7
2020-07-23T07:00	80.38719	-0.55051	0.254	166.2
2020-07-23T07:10	80.38641	-0.54962	0.284	169.1
2020-07-23T07:20	80.38554	-0.54889	0.318	172.0
2020-07-23T07:30	80.38458	-0.54834	0.348	174.6
2020-07-23T07:40	80.38354	-0.54800	0.373	176.9
2020-07-23T07:50	80.38245	-0.54783	0.394	178.5
2020-07-23T08:00	80.38132	-0.54779	0.407	179.6
2020-07-23T08:10	80.38012	-0.54785	0.430	180.5
2020-07-23T08:20	80.37879	-0.54833	0.478	183.5
2020-07-23T08:30	80.37744	-0.54940	0.493	187.5
2020-07-23T08:40	80.37602	-0.55092	0.520	190.2
2020-07-23T08:50	80.37451	-0.55275	0.551	191.5
2020-07-23T09:00	80.37301	-0.55490	0.558	193.5
2020-07-23T09:10	80.37147	-0.55753	0.576	195.9
2020-07-23T09:20	80.36992	-0.56052	0.587	197.9
2020-07-23T09:30	80.36838	-0.56378	0.586	199.6
2020-07-23T09:40	80.36683	-0.56727	0.599	200.5
2020-07-23T09:50	80.36529	-0.57088	0.593	201.6
2020-07-23T10:00	80.36371	-0.57532	0.630	205.1
2020-07-23T10:10	80.36215	-0.57975	0.622	205.4
2020-07-23T10:20	80.36066	-0.58429	0.601	207.1
2020-07-23T10:30	80.35916	-0.58932	0.618	209.3
2020-07-23T10:40	80.35763	-0.59473	0.640	210.7
2020-07-23T10:50	80.35609	-0.60040	0.652	211.6
2020-07-23T11:00	80.35457	-0.60625	0.651	212.8
2020-07-23T11:10	80.35307	-0.61202	0.645	212.7
2020-07-23T11:20	80.35162	-0.61774	0.623	213.6
2020-07-23T11:30	80.35019	-0.62362	0.625	214.6
2020-07-23T11:40	80.34889	-0.62965	0.594	217.8
2020-07-23T11:50	80.34760	-0.63617	0.609	220.2
2020-07-23T12:00	80.34638	-0.64287	0.598	222.6
2020-07-23T12:10	80.34524	-0.64956	0.577	224.4
2020-07-23T12:20	80.34411	-0.65637	0.577	225.5
2020-07-23T12:30	80.34312	-0.66320	0.547	229.0
2020-07-23T12:40	80.34222	-0.66986	0.515	231.4
2020-07-23T12:50	80.34135	-0.67649	0.509	231.8
2020-07-23T13:00	80.34055	-0.68285	0.481	233.0
2020-07-23T13:10	80.33982	-0.68896	0.453	234.6
2020-07-23T13:20	80.33916	-0.69453	0.412	234.8
2020-07-23T13:30	80.33862	-0.69980	0.373	238.5
2020-07-23T13:40	80.33812	-0.70457	0.338	238.5
2020-07-23T13:50	80.33768	-0.70905	0.314	239.5
2020-07-23T14:00	80.33727	-0.71334	0.298	240.6
2020-07-23T14:10	80.33693	-0.71734	0.272	242.9
2020-07-23T14:20	80.33665	-0.72109	0.248	246.2
2020-07-23T14:30	80.33639	-0.72468	0.236	246.7
2020-07-23T14:40	80.33618	-0.72784	0.205	248.5
2020-07-23T14:50	80.33598	-0.73070	0.187	247.2
2020-07-23T15:00	80.33582	-0.73333	0.170	249.4
2020-07-23T15:10	80.33567	-0.73564	0.149	248.9
2020-07-23T15:20	80.33550	-0.73755	0.130	242.7
2020-07-23T15:30	80.33535	-0.73920	0.114	240.5
2020-07-23T15:40	80.33516	-0.74038	0.097	227.2
2020-07-23T15:50	80.33500	-0.74075	0.061	201.7
2020-07-23T16:00	80.33485	-0.74108	0.060	199.3
2020-07-23T16:10	80.33464	-0.74103	0.074	177.7
2020-07-23T16:20	80.33442	-0.74016	0.097	147.2
2020-07-23T16:30	80.33419	-0.73880	0.117	135.3
2020-07-23T16:40	80.33393	-0.73742	0.125	138.0
2020-07-23T16:50	80.33362	-0.73532	0.168	130.9
2020-07-23T17:00	80.33329	-0.73288	0.191	129.4
2020-07-23T17:10	80.33289	-0.73021	0.216	131.6
2020-07-23T17:20	80.33245	-0.72679	0.261	127.6
2020-07-23T17:30	80.33197	-0.72311	0.280	127.5
2020-07-23T17:40	80.33143	-0.71962	0.288	132.8
2020-07-23T17:50	80.33087	-0.71628	0.283	134.7
2020-07-23T18:00	80.33025	-0.71304	0.298	138.9
2020-07-23T18:10	80.32954	-0.70986	0.320	143.0
2020-07-23T18:20	80.32877	-0.70717	0.322	149.6
2020-07-23T18:30	80.32792	-0.70481	0.337	155.0
2020-07-23T18:40	80.32699	-0.70249	0.362	157.1
2020-07-23T18:50	80.32598	-0.70023	0.391	159.5
2020-07-23T19:00	80.32489	-0.69807	0.411	161.5
2020-07-23T19:10	80.32375	-0.69560	0.439	160.1
2020-07-23T19:20	80.32248	-0.69325	0.477	162.6
2020-07-23T19:30	80.32114	-0.69104	0.502	164.6
2020-07-23T19:40	80.31971	-0.68899	0.531	166.5
2020-07-23T19:50	80.31818	-0.68718	0.560	168.7
2020-07-23T20:00	80.31661	-0.68559	0.574	170.4
2020-07-23T20:10	80.31496	-0.68411	0.598	171.4
2020-07-23T20:20	80.31327	-0.68275	0.616	172.3
2020-07-23T20:30	80.31150	-0.68165	0.640	174.0
2020-07-23T20:40	80.30966	-0.68084	0.664	175.8
2020-07-23T20:50	80.30786	-0.68005	0.650	175.8
2020-07-23T21:00	80.30601	-0.67940	0.667	176.6
2020-07-23T21:10	80.30414	-0.67897	0.675	177.8
2020-07-23T21:20	80.30224	-0.67883	0.681	179.3
2020-07-23T21:30	80.30036	-0.67899	0.678	180.8
2020-07-23T21:40	80.29847	-0.67944	0.681	182.3
2020-07-23T21:50	80.29658	-0.67994	0.680	182.6
2020-07-23T22:00	80.29469	-0.68084	0.685	184.6
2020-07-23T22:10	80.29279	-0.68209	0.686	186.3
2020-07-23T22:20	80.29090	-0.68349	0.686	187.1
2020-07-23T22:30	80.28902	-0.68510	0.687	188.2
2020-07-23T22:40	80.28717	-0.68692	0.674	189.4
2020-07-23T22:50	80.28536	-0.68894	0.664	190.7
2020-07-23T23:00	80.28357	-0.69119	0.657	192.0
2020-07-23T23:10	80.28183	-0.69352	0.644	192.7
2020-07-23T23:20	80.28009	-0.69599	0.642	193.6
2020-07-23T23:30	80.27839	-0.69858	0.634	194.3
2020-07-23T23:40	80.27675	-0.70131	0.614	195.7
2020-07-23T23:50	80.27517	-0.70425	0.594	197.5
2020-07-24T00:00	80.27369	-0.70705	0.562	197.7
2020-07-24T00:10	80.27227	-0.70992	0.538	198.9
2020-07-24T00:20	80.27098	-0.71264	0.495	199.5
2020-07-24T00:30	80.26972	-0.71536	0.481	200.1
2020-07-24T00:40	80.26858	-0.71802	0.444	201.4
2020-07-24T00:50	80.26752	-0.72063	0.412	202.7
2020-07-24T01:00	80.26659	-0.72318	0.368	204.9
2020-07-24T01:10	80.26576	-0.72539	0.330	204.0
2020-07-24T01:20	80.26502	-0.72758	0.297	206.7
2020-07-24T01:30	80.26438	-0.72950	0.258	206.9
2020-07-24T01:40	80.26381	-0.73110	0.226	205.5
2020-07-24T01:50	80.26331	-0.73228	0.196	201.4
2020-07-24T02:00	80.26285	-0.73307	0.171	196.3
2020-07-24T02:10	80.26245	-0.73339	0.147	187.7
2020-07-24T02:20	80.26206	-0.73328	0.138	177.3
2020-07-24T02:30	80.26172	-0.73279	0.129	166.5
2020-07-24T02:40	80.26138	-0.73202	0.129	158.7
2020-07-24T02:50	80.26106	-0.73093	0.134	150.2
2020-07-24T03:00	80.26077	-0.72956	0.133	141.1
2020-07-24T03:10	80.26050	-0.72794	0.139	134.6
2020-07-24T03:20	80.26025	-0.72609	0.144	128.4
2020-07-24T03:30	80.26002	-0.72375	0.166	120.9
2020-07-24T03:40	80.25978	-0.72108	0.183	117.2
2020-07-24T03:50	80.25958	-0.71815	0.194	112.7
2020-07-24T04:00	80.25938	-0.71495	0.207	109.7
2020-07-24T04:10	80.25917	-0.71153	0.221	110.0
2020-07-24T04:20	80.25895	-0.70788	0.236	109.7
2020-07-24T04:30	80.25873	-0.70401	0.249	108.4
2020-07-24T04:40	80.25854	-0.69979	0.266	105.3
2020-07-24T04:50	80.25832	-0.69540	0.279	106.1
2020-07-24T05:00	80.25807	-0.69067	0.302	107.4
2020-07-24T05:10	80.25776	-0.68587	0.314	111.4
2020-07-24T05:20	80.25738	-0.68081	0.337	113.7
2020-07-24T05:30	80.25693	-0.67562	0.355	117.2
2020-07-24T05:40	80.25642	-0.67022	0.376	118.9
2020-07-24T05:50	80.25584	-0.66482	0.390	122.5
2020-07-24T06:00	80.25518	-0.65950	0.402	126.2
2020-07-24T06:10	80.25448	-0.65405	0.418	127.5
2020-07-24T06:20	80.25383	-0.64819	0.427	123.2
2020-07-24T06:30	80.25300	-0.64261	0.452	131.2
2020-07-24T06:40	80.25210	-0.63711	0.467	134.1
2020-07-24T06:50	80.25110	-0.63172	0.488	137.7
2020-07-24T07:00	80.24998	-0.62651	0.513	141.7
2020-07-24T07:10	80.24877	-0.62147	0.532	144.7
2020-07-24T07:20	80.24747	-0.61652	0.559	147.3
2020-07-24T07:30	80.24611	-0.61188	0.565	149.9
2020-07-24T07:40	80.24470	-0.60756	0.573	152.6
2020-07-24T07:50	80.24322	-0.60340	0.589	154.5
2020-07-24T08:00	80.24165	-0.59957	0.611	157.5
2020-07-24T08:10	80.24003	-0.59558	0.633	157.4
2020-07-24T08:20	80.23833	-0.59130	0.665	156.9
2020-07-24T08:30	80.23654	-0.58718	0.691	158.7
2020-07-24T08:40	80.23465	-0.58349	0.717	161.7
2020-07-24T08:50	80.23269	-0.58051	0.727	165.5
2020-07-24T09:00	80.23069	-0.57791	0.739	167.6
2020-07-24T09:10	80.22865	-0.57589	0.746	170.5
2020-07-24T09:20	80.22658	-0.57430	0.752	172.6
2020-07-24T09:30	80.22447	-0.57302	0.760	174.1
2020-07-24T09:40	80.22235	-0.57180	0.769	174.5
2020-07-24T09:50	80.22020	-0.57055	0.779	174.4
2020-07-24T10:00	80.21803	-0.56973	0.783	176.3
2020-07-24T10:10	80.21586	-0.56917	0.782	177.5
2020-07-24T10:20	80.21369	-0.56884	0.782	178.5
2020-07-24T10:30	80.21152	-0.56894	0.781	180.4
2020-07-24T10:40	80.20937	-0.56933	0.774	181.8
2020-07-24T10:50	80.20725	-0.56995	0.765	182.9
2020-07-24T11:00	80.20514	-0.57077	0.760	183.8
2020-07-24T11:10	80.20306	-0.57189	0.755	185.2
2020-07-24T11:20	80.20099	-0.57330	0.749	186.6
2020-07-24T11:30	80.19895	-0.57494	0.742	187.8
2020-07-24T11:40	80.19694	-0.57700	0.735	189.9
2020-07-24T11:50	80.19491	-0.57923	0.744	190.6
2020-07-24T12:00	80.19291	-0.58180	0.737	192.4
2020-07-24T12:10	80.19095	-0.58465	0.726	193.9
2020-07-24T12:20	80.18905	-0.58771	0.708	195.4
2020-07-24T12:30	80.18725	-0.59092	0.679	196.9
2020-07-24T12:40	80.18554	-0.59415	0.648	197.8
2020-07-24T12:50	80.18390	-0.59702	0.617	196.6
2020-07-24T13:00	80.18235	-0.59965	0.581	196.1
2020-07-24T13:10	80.18090	-0.60192	0.540	195.0
2020-07-24T13:20	80.17958	-0.60430	0.498	197.1
2020-07-24T13:30	80.17830	-0.60659	0.481	197.1
2020-07-24T13:40	80.17711	-0.60886	0.451	198.0
2020-07-24T13:50	80.17601	-0.61102	0.416	198.6
2020-07-24T14:00	80.17497	-0.61301	0.396	198.0
2020-07-24T14:10	80.17398	-0.61498	0.377	198.7
2020-07-24T14:20	80.17304	-0.61685	0.358	198.8
2020-07-24T14:30	80.17213	-0.61852	0.342	197.4
2020-07-24T14:40	80.17126	-0.61986	0.325	194.7
2020-07-24T14:50	80.17043	-0.62093	0.304	192.5
2020-07-24T15:00	80.16965	-0.62161	0.286	188.4
2020-07-24T15:10	80.16889	-0.62185	0.274	183.0
2020-07-24T15:20	80.16815	-0.62155	0.265	176.0
2020-07-24T15:30	80.16742	-0.62077	0.269	169.7
2020-07-24T15:40	80.16675	-0.61965	0.252	164.2
2020-07-24T15:50	80.16610	-0.61817	0.250	158.5
2020-07-24T16:00	80.16545	-0.61610	0.267	151.6
2020-07-24T16:10	80.16485	-0.61370	0.260	145.3
2020-07-24T16:20	80.16426	-0.61058	0.287	138.0
2020-07-24T16:30	80.16365	-0.60671	0.324	132.6
2020-07-24T16:40	80.16302	-0.60210	0.362	128.6
2020-07-24T16:50	80.16238	-0.59704	0.389	126.7
2020-07-24T17:00	80.16169	-0.59132	0.430	125.2
2020-07-24T17:10	80.16096	-0.58482	0.479	123.4
2020-07-24T17:20	80.16016	-0.57745	0.537	122.3
2020-07-24T17:30	80.15930	-0.56961	0.573	122.7
2020-07-24T17:40	80.15837	-0.56134	0.609	123.3
2020-07-24T17:50	80.15733	-0.55271	0.649	125.1
2020-07-24T18:00	80.15621	-0.54376	0.684	126.3
2020-07-24T18:10	80.15499	-0.53437	0.726	127.3
2020-07-24T18:20	80.15360	-0.52458	0.782	129.6
2020-07-24T18:30	80.15205	-0.51460	0.831	132.3
2020-07-24T18:40	80.15038	-0.50461	0.860	134.3
2020-07-24T18:50	80.14861	-0.49489	0.874	136.7
2020-07-24T19:00	80.14672	-0.48530	0.901	139.0
2020-07-24T19:10	80.14469	-0.47637	0.917	143.1
2020-07-24T19:20	80.14251	-0.46768	0.948	145.6
2020-07-24T19:30	80.14022	-0.45917	0.979	147.6
2020-07-24T19:40	80.13780	-0.45097	1.005	149.8
2020-07-24T19:50	80.13534	-0.44323	1.009	151.7
2020-07-24T20:00	80.13278	-0.43586	1.025	153.7
2020-07-24T20:10	80.13018	-0.42871	1.036	154.8
2020-07-24T20:20	80.12752	-0.42176	1.048	155.8
2020-07-24T20:30	80.12478	-0.41504	1.070	157.2
2020-07-24T20:40	80.12192	-0.40862	1.105	159.0
2020-07-24T20:50	80.11890	-0.40241	1.152	160.5
2020-07-24T21:00	80.11574	-0.39693	1.189	163.4
2020-07-24T21:10	80.11237	-0.39196	1.250	165.8
2020-07-24T21:20	80.10895	-0.38717	1.267	166.5
2020-07-24T21:30	80.10551	-0.38255	1.270	167.0
2020-07-24T21:40	80.10200	-0.37829	1.290	168.2
2020-07-24T21:50	80.09838	-0.37439	1.326	169.5
2020-07-24T22:00	80.09468	-0.37127	1.349	171.7
2020-07-24T22:10	80.09092	-0.36872	1.360	173.4
2020-07-24T22:20	80.08708	-0.36677	1.387	175.0
2020-07-24T22:30	80.08328	-0.36592	1.371	177.8
2020-07-24T22:40	80.07954	-0.36614	1.347	180.6
2020-07-24T22:50	80.07582	-0.36727	1.342	183.0
2020-07-24T23:00	80.07210	-0.36935	1.344	185.5
2020-07-24T23:10	80.06840	-0.37231	1.343	187.9
2020-07-24T23:20	80.06475	-0.37597	1.334	189.8
2020-07-24T23:30	80.06116	-0.38049	1.325	192.2
2020-07-24T23:40	80.05767	-0.38562	1.296	194.3
2020-07-24T23:50	80.05423	-0.39158	1.291	196.7
2020-07-25T00:00	80.05084	-0.39820	1.289	198.6
2020-07-25T00:10	80.04752	-0.40545	1.278	200.7
2020-07-25T00:20	80.04440	-0.41306	1.219	202.9
2020-07-25T00:30	80.04149	-0.42094	1.158	205.1
2020-07-25T00:40	80.03875	-0.42916	1.111	207.4
2020-07-25T00:50	80.03611	-0.43756	1.083	208.9
2020-07-25T01:00	80.03364	-0.44605	1.037	210.7
2020-07-25T01:10	80.03132	-0.45449	0.985	212.3
2020-07-25T01:20	80.02916	-0.46302	0.943	214.3
2020-07-25T01:30	80.02710	-0.47179	0.922	216.3
2020-07-25T01:40	80.02510	-0.48065	0.908	217.5
2020-07-25T01:50	80.02315	-0.48960	0.897	218.5
2020-07-25T02:00	80.02130	-0.49857	0.868	220.1
2020-07-25T02:10	80.01958	-0.50753	0.837	222.0
2020-07-25T02:20	80.01796	-0.51662	0.812	224.3
2020-07-25T02:30	80.01644	-0.52586	0.796	226.4
2020-07-25T02:40	80.01501	-0.53511	0.772	228.4
2020-07-25T02:50	80.01371	-0.54401	0.727	229.9
2020-07-25T03:00	80.01256	-0.55247	0.671	231.9
2020-07-25T03:10	80.01154	-0.56037	0.616	233.2
2020-07-25T03:20	80.01067	-0.56729	0.532	234.3
2020-07-25T03:30	80.00990	-0.57391	0.500	235.9
2020-07-25T03:40	80.00915	-0.58011	0.470	235.5
2020-07-25T03:50	80.00849	-0.58587	0.433	236.2
2020-07-25T04:00	80.00789	-0.59110	0.392	236.6
2020-07-25T04:10	80.00735	-0.59616	0.371	238.6
2020-07-25T04:20	80.00686	-0.60079	0.339	238.5
2020-07-25T04:30	80.00639	-0.60490	0.306	236.9
2020-07-25T04:40	80.00596	-0.60847	0.273	234.8
2020-07-25T04:50	80.00553	-0.61180	0.259	233.6
2020-07-25T05:00	80.00510	-0.61491	0.249	231.3
2020-07-25T05:10	80.00465	-0.61787	0.245	229.0
2020-07-25T05:20	80.00419	-0.62075	0.246	227.1
2020-07-25T05:30	80.00368	-0.62345	0.248	222.9
2020-07-25T05:40	80.00316	-0.62617	0.254	222.0
2020-07-25T05:50	80.00259	-0.62882	0.264	218.9
2020-07-25T06:00	80.00198	-0.63143	0.272	216.8
2020-07-25T06:10	80.00134	-0.63405	0.285	215.1
2020-07-25T06:20	80.00061	-0.63685	0.315	213.7
2020-07-25T06:30	79.99987	-0.63935	0.308	210.5
2020-07-25T06:40	79.99909	-0.64134	0.310	203.7
2020-07-25T06:50	79.99817	-0.64337	0.354	201.1
2020-07-25T07:00	79.99719	-0.64554	0.377	201.1
2020-07-25T07:10	79.99613	-0.64760	0.403	198.6
2020-07-25T07:20	79.99500	-0.64958	0.426	197.0
2020-07-25T07:30	79.99378	-0.65171	0.459	196.8
2020-07-25T07:40	79.99248	-0.65415	0.491	198.1
2020-07-25T07:50	79.99108	-0.65682	0.533	198.3
2020-07-25T08:00	79.98965	-0.65966	0.546	199.0
2020-07-25T08:10	79.98817	-0.66257	0.563	198.9
2020-07-25T08:20	79.98667	-0.66556	0.572	199.1
2020-07-25T08:30	79.98513	-0.66832	0.581	197.3
2020-07-25T08:40	79.98356	-0.67093	0.586	196.2
2020-07-25T08:50	79.98196	-0.67327	0.594	194.3
2020-07-25T09:00	79.98037	-0.67588	0.597	195.9
2020-07-25T09:10	79.97873	-0.67885	0.617	197.5
2020-07-25T09:20	79.97700	-0.68202	0.654	197.7
2020-07-25T09:30	79.97522	-0.68520	0.672	197.3
2020-07-25T09:40	79.97336	-0.68874	0.705	198.4
2020-07-25T09:50	79.97143	-0.69274	0.738	199.8
2020-07-25T10:00	79.96945	-0.69694	0.762	200.2
2020-07-25T10:10	79.96739	-0.70122	0.788	199.9
2020-07-25T10:20	79.96528	-0.70567	0.810	200.1
2020-07-25T10:30	79.96307	-0.71045	0.849	200.7
2020-07-25T10:40	79.96081	-0.71558	0.877	201.6
2020-07-25T10:50	79.95852	-0.72112	0.894	202.9
2020-07-25T11:00	79.95622	-0.72723	0.913	204.9
2020-07-25T11:10	79.95389	-0.73394	0.939	206.7
2020-07-25T11:20	79.95146	-0.74158	0.998	208.8
2020-07-25T11:30	79.94896	-0.75052	1.061	211.9
2020-07-25T11:40	79.94652	-0.75939	1.039	212.4
2020-07-25T11:50	79.94415	-0.76814	1.015	212.9
2020-07-25T12:00	79.94176	-0.77771	1.051	214.9
2020-07-25T12:10	79.93937	-0.78781	1.068	216.5
2020-07-25T12:20	79.93702	-0.79802	1.063	217.2
2020-07-25T12:30	79.93471	-0.80835	1.056	218.0
2020-07-25T12:40	79.93247	-0.81867	1.034	218.9
2020-07-25T12:50	79.93029	-0.82910	1.024	219.9
2020-07-25T13:00	79.92817	-0.83960	1.010	220.9
2020-07-25T13:10	79.92610	-0.85046	1.011	222.6
2020-07-25T13:20	79.92409	-0.86139	0.999	223.6
2020-07-25T13:30	79.92216	-0.87241	0.981	225.0
2020-07-25T13:40	79.92029	-0.88377	0.983	226.8
2020-07-25T13:50	79.91849	-0.89533	0.975	228.3
2020-07-25T14:00	79.91678	-0.90704	0.961	230.3
2020-07-25T14:10	79.91518	-0.91892	0.946	232.3
2020-07-25T14:20	79.91367	-0.93072	0.921	233.9
2020-07-25T14:30	79.91224	-0.94230	0.895	234.7
2020-07-25T14:40	79.91086	-0.95369	0.872	235.5
2020-07-25T14:50	79.90960	-0.96504	0.849	237.5
2020-07-25T15:00	79.90839	-0.97620	0.826	238.4
2020-07-25T15:10	79.90722	-0.98709	0.806	238.5
2020-07-25T15:20	79.90613	-0.99799	0.792	240.2
2020-07-25T15:30	79.90511	-1.00883	0.777	241.7
2020-07-25T15:40	79.90415	-1.01958	0.761	243.0
2020-07-25T15:50	79.90325	-1.03005	0.736	243.9
2020-07-25T16:00	79.90238	-1.04044	0.727	244.5
2020-07-25T16:10	79.90165	-1.05054	0.689	247.7
2020-07-25T16:20	79.90097	-1.06020	0.657	248.2
2020-07-25T16:30	79.90032	-1.06940	0.627	247.9
2020-07-25T16:40	79.89972	-1.07802	0.584	248.6
2020-07-25T16:50	79.89917	-1.08613	0.549	248.9
2020-07-25T17:00	79.89863	-1.09339	0.498	247.1
2020-07-25T17:10	79.89802	-1.09960	0.451	240.4
2020-07-25T17:20	79.89737	-1.10560	0.445	238.4
2020-07-25T17:30	79.89668	-1.11156	0.451	236.7
2020-07-25T17:40	79.89594	-1.11728	0.449	233.5
2020-07-25T17:50	79.89517	-1.12276	0.442	231.5
2020-07-25T18:00	79.89437	-1.12741	0.412	225.5
2020-07-25T18:10	79.89352	-1.13164	0.407	221.1
2020-07-25T18:20	79.89260	-1.13568	0.418	217.6
2020-07-25T18:30	79.89161	-1.13968	0.436	215.4
2020-07-25T18:40	79.89058	-1.14367	0.449	214.2
2020-07-25T18:50	79.88949	-1.14789	0.474	214.2
2020-07-25T19:00	79.88837	-1.15190	0.476	212.1
2020-07-25T19:10	79.88720	-1.15593	0.495	211.0
2020-07-25T19:20	79.88596	-1.15999	0.514	209.9
2020-07-25T19:30	79.88462	-1.16440	0.557	210.1
2020-07-25T19:40	79.88323	-1.16869	0.569	208.5
2020-07-25T19:50	79.88181	-1.17282	0.574	207.0
2020-07-25T20:00	79.88037	-1.17701	0.583	207.1
2020-07-25T20:10	79.87891	-1.18149	0.597	208.3
2020-07-25T20:20	79.87741	-1.18620	0.615	209.0
2020-07-25T20:30	79.87589	-1.19100	0.626	209.0
2020-07-25T20:40	79.87434	-1.19575	0.633	208.4
2020-07-25T20:50	79.87281	-1.20061	0.634	209.0
2020-07-25T21:00	79.87125	-1.20569	0.646	209.9
2020-07-25T21:10	79.86967	-1.21115	0.664	211.4
2020-07-25T21:20	79.86811	-1.21700	0.675	213.3
2020-07-25T21:30	79.86652	-1.22292	0.682	213.3
2020-07-25T21:40	79.86489	-1.22881	0.695	212.5
2020-07-25T21:50	79.86323	-1.23498	0.714	213.2
2020-07-25T22:00	79.86151	-1.24154	0.749	213.8
2020-07-25T22:10	79.85974	-1.24855	0.775	215.0
2020-07-25T22:20	79.85797	-1.25606	0.796	216.7
2020-07-25T22:30	79.85618	-1.26388	0.813	217.6
2020-07-25T22:40	79.85437	-1.27240	0.845	219.7
2020-07-25T22:50	79.85259	-1.28128	0.855	221.2
2020-07-25T23:00	79.85084	-1.29033	0.851	222.4
2020-07-25T23:10	79.84913	-1.29942	0.843	223.2
2020-07-25T23:20	79.84749	-1.30878	0.839	225.1
2020-07-25T23:30	79.84591	-1.31851	0.839	227.4
2020-07-25T23:40	79.84440	-1.32835	0.828	229.0
2020-07-25T23:50	79.84295	-1.33807	0.809	229.8
2020-07-26T00:00	79.84157	-1.34795	0.800	231.6
2020-07-26T00:10	79.84025	-1.35808	0.800	233.5
2020-07-26T00:20	79.83899	-1.36840	0.797	235.2
2020-07-26T00:30	79.83773	-1.37893	0.807	236.0
2020-07-26T00:40	79.83653	-1.38944	0.797	236.9
2020-07-26T00:50	79.83538	-1.39997	0.786	238.3
2020-07-26T01:00	79.83432	-1.41052	0.771	240.4
2020-07-26T01:10	79.83336	-1.42100	0.751	242.4
2020-07-26T01:20	79.83248	-1.43131	0.727	244.3
2020-07-26T01:30	79.83168	-1.44163	0.717	246.2
2020-07-26T01:40	79.83095	-1.45198	0.708	248.3
2020-07-26T01:50	79.83031	-1.46256	0.711	251.0
2020-07-26T02:00	79.82971	-1.47330	0.716	252.6
2020-07-26T02:10	79.82924	-1.48403	0.703	256.0
2020-07-26T02:20	79.82885	-1.49468	0.691	258.4
2020-07-26T02:30	79.82855	-1.50507	0.669	260.8
2020-07-26T02:40	79.82834	-1.51530	0.655	263.2
2020-07-26T02:50	79.82819	-1.52533	0.640	265.3
2020-07-26T03:00	79.82812	-1.53529	0.634	267.6
2020-07-26T03:10	79.82811	-1.54513	0.626	269.6
2020-07-26T03:20	79.82812	-1.55479	0.614	270.4
2020-07-26T03:30	79.82817	-1.56407	0.591	271.7
2020-07-26T03:40	79.82824	-1.57312	0.576	272.5
2020-07-26T03:50	79.82833	-1.58199	0.565	273.3
2020-07-26T04:00	79.82848	-1.58993	0.508	275.9
2020-07-26T04:10	79.82866	-1.59754	0.488	277.8
2020-07-26T04:20	79.82890	-1.60448	0.449	280.9
2020-07-26T04:30	79.82917	-1.61080	0.414	284.0
2020-07-26T04:40	79.82947	-1.61627	0.364	287.1
2020-07-26T04:50	79.82981	-1.62146	0.352	290.1
2020-07-26T05:00	79.83016	-1.62617	0.325	292.9
2020-07-26T05:10	79.83048	-1.63054	0.302	292.9
2020-07-26T05:20	79.83078	-1.63483	0.292	291.3
2020-07-26T05:30	79.83102	-1.63891	0.274	288.8
2020-07-26T05:40	79.83125	-1.64255	0.245	289.5
2020-07-26T05:50	79.83147	-1.64598	0.232	289.8
2020-07-26T06:00	79.83165	-1.64881	0.191	289.9
2020-07-26T06:10	79.83183	-1.65147	0.182	291.3
2020-07-26T06:20	79.83196	-1.65382	0.156	286.9
2020-07-26T06:30	79.83204	-1.65610	0.148	281.3
2020-07-26T06:40	79.83205	-1.65805	0.124	271.2
2020-07-26T06:50	79.83190	-1.65990	0.129	245.3
2020-07-26T07:00	79.83163	-1.66167	0.149	229.4
2020-07-26T07:10	79.83131	-1.66346	0.162	224.8
2020-07-26T07:20	79.83093	-1.66524	0.178	219.4
2020-07-26T07:30	79.83049	-1.66695	0.193	214.4
2020-07-26T07:40	79.82999	-1.66847	0.204	208.4
2020-07-26T07:50	79.82943	-1.66979	0.218	202.6
2020-07-26T08:00	79.82877	-1.67101	0.250	198.0
2020-07-26T08:10	79.82800	-1.67226	0.290	195.9
2020-07-26T08:20	79.82713	-1.67366	0.324	196.0
2020-07-26T08:30	79.82618	-1.67517	0.354	195.7
2020-07-26T08:40	79.82515	-1.67664	0.383	194.1
2020-07-26T08:50	79.82403	-1.67829	0.418	194.6
2020-07-26T09:00	79.82282	-1.68019	0.452	195.5
2020-07-26T09:10	79.82154	-1.68233	0.480	196.5
2020-07-26T09:20	79.82019	-1.68472	0.510	197.3
2020-07-26T09:30	79.81874	-1.68750	0.553	198.7
2020-07-26T09:40	79.81722	-1.69049	0.576	199.3
2020-07-26T09:50	79.81563	-1.69372	0.609	199.7
2020-07-26T10:00	79.81397	-1.69734	0.641	201.1
2020-07-26T10:10	79.81224	-1.70104	0.668	200.6
2020-07-26T10:20	79.81044	-1.70495	0.693	201.1
2020-07-26T10:30	79.80861	-1.70876	0.704	200.2
2020-07-26T10:40	79.80674	-1.71302	0.723	202.1
2020-07-26T10:50	79.80487	-1.71772	0.739	203.9
2020-07-26T11:00	79.80296	-1.72295	0.764	205.8
2020-07-26T11:10	79.80103	-1.72863	0.784	207.5
2020-07-26T11:20	79.79909	-1.73471	0.798	209.1
2020-07-26T11:30	79.79714	-1.74109	0.810	210.2
2020-07-26T11:40	79.79520	-1.74772	0.818	211.1
2020-07-26T11:50	79.79324	-1.75429	0.822	210.7
2020-07-26T12:00	79.79126	-1.76097	0.827	211.0
2020-07-26T12:10	79.78933	-1.76803	0.831	212.8
2020-07-26T12:20	79.78741	-1.77543	0.837	214.4
2020-07-26T12:30	79.78552	-1.78319	0.840	216.1
2020-07-26T12:40	79.78369	-1.79114	0.832	217.6
2020-07-26T12:50	79.78193	-1.79925	0.819	219.3
2020-07-26T13:00	79.78022	-1.80764	0.816	221.0
2020-07-26T13:10	79.77859	-1.81597	0.791	222.2
2020-07-26T13:20	79.77704	-1.82364	0.743	221.3
2020-07-26T13:30	79.77555	-1.83139	0.730	222.7
2020-07-26T13:40	79.77414	-1.83895	0.702	223.5
2020-07-26T13:50	79.77280	-1.84644	0.679	224.8
2020-07-26T14:00	79.77152	-1.85369	0.653	225.2
2020-07-26T14:10	79.77027	-1.86089	0.644	225.6
2020-07-26T14:20	79.76907	-1.86799	0.628	226.3
2020-07-26T14:30	79.76787	-1.87516	0.630	226.7
2020-07-26T14:40	79.76669	-1.88225	0.621	227.0
2020-07-26T14:50	79.76556	-1.88895	0.592	226.3
2020-07-26T15:00	79.76446	-1.89528	0.564	225.9
2020-07-26T15:10	79.76339	-1.90148	0.554	225.8
2020-07-26T15:20	79.76232	-1.90783	0.560	226.5
2020-07-26T15:30	79.76130	-1.91388	0.533	226.6
2020-07-26T15:40	79.76031	-1.91978	0.521	226.5
2020-07-26T15:50	79.75936	-1.92562	0.507	227.6
2020-07-26T16:00	79.75844	-1.93139	0.497	228.0
2020-07-26T16:10	79.75751	-1.93684	0.481	226.5
2020-07-26T16:20	79.75662	-1.94203	0.464	225.8
2020-07-26T16:30	79.75576	-1.94674	0.431	224.3
2020-07-26T16:40	79.75494	-1.95093	0.400	222.1
2020-07-26T16:50	79.75413	-1.95489	0.386	221.0
2020-07-26T17:00	79.75331	-1.95857	0.376	218.9
2020-07-26T17:10	79.75251	-1.96183	0.356	215.8
2020-07-26T17:20	79.75173	-1.96474	0.337	213.6
2020-07-26T17:30	79.75097	-1.96728	0.319	210.6
2020-07-26T17:40	79.75020	-1.96959	0.315	208.0
2020-07-26T17:50	79.74943	-1.97139	0.300	202.6
2020-07-26T18:00	79.74866	-1.97266	0.288	196.4
2020-07-26T18:10	79.74786	-1.97357	0.296	191.4
2020-07-26T18:20	79.74704	-1.97434	0.299	189.5
2020-07-26T18:30	79.74620	-1.97462	0.300	183.4
2020-07-26T18:40	79.74533	-1.97478	0.313	181.8
2020-07-26T18:50	79.74443	-1.97492	0.324	181.7
2020-07-26T19:00	79.74347	-1.97512	0.346	182.1
2020-07-26T19:10	79.74247	-1.97525	0.362	181.3
2020-07-26T19:20	79.74143	-1.97518	0.374	179.4
2020-07-26T19:30	79.74040	-1.97496	0.373	177.8
2020-07-26T19:40	79.73927	-1.97471	0.406	177.7
2020-07-26T19:50	79.73803	-1.97434	0.446	177.0
2020-07-26T20:00	79.73671	-1.97402	0.474	177.5
2020-07-26T20:10	79.73535	-1.97375	0.493	178.0
2020-07-26T20:20	79.73394	-1.97354	0.506	178.5
2020-07-26T20:30	79.73250	-1.97343	0.521	179.2
2020-07-26T20:40	79.73101	-1.97342	0.537	179.9
2020-07-26T20:50	79.72944	-1.97346	0.563	180.2
2020-07-26T21:00	79.72785	-1.97358	0.574	180.8
2020-07-26T21:10	79.72621	-1.97389	0.590	181.9
2020-07-26T21:20	79.72454	-1.97446	0.604	183.5
2020-07-26T21:30	79.72285	-1.97526	0.611	184.8
2020-07-26T21:40	79.72113	-1.97630	0.623	186.1
2020-07-26T21:50	79.71935	-1.97753	0.646	187.1
2020-07-26T22:00	79.71754	-1.97938	0.661	190.3
2020-07-26T22:10	79.71567	-1.98174	0.689	192.8
2020-07-26T22:20	79.71378	-1.98464	0.707	195.3
2020-07-26T22:30	79.71185	-1.98774	0.722	196.0
2020-07-26T22:40	79.70989	-1.99111	0.740	197.0
2020-07-26T22:50	79.70787	-1.99491	0.766	198.6
2020-07-26T23:00	79.70584	-1.99906	0.776	200.1
2020-07-26T23:10	79.70381	-2.00361	0.788	201.8
2020-07-26T23:20	79.70176	-2.00841	0.800	202.7
2020-07-26T23:30	79.69972	-2.01333	0.801	203.3
2020-07-26T23:40	79.69767	-2.01838	0.806	203.8
2020-07-26T23:50	79.69562	-2.02363	0.813	204.6
2020-07-27T00:00	79.69355	-2.02920	0.827	205.7
2020-07-27T00:10	79.69150	-2.03495	0.824	206.7
2020-07-27T00:20	79.68944	-2.04108	0.843	208.0
2020-07-27T00:30	79.68737	-2.04750	0.850	209.1
2020-07-27T00:40	79.68535	-2.05404	0.841	210.1
2020-07-27T00:50	79.68336	-2.06085	0.842	211.4
2020-07-27T01:00	79.68141	-2.06794	0.838	213.1
2020-07-27T01:10	79.67950	-2.07525	0.833	214.5
2020-07-27T01:20	79.67767	-2.08245	0.806	215.2
2020-07-27T01:30	79.67586	-2.08961	0.798	215.3
2020-07-27T01:40	79.67411	-2.09675	0.781	216.1
2020-07-27T01:50	79.67242	-2.10384	0.762	217.0
2020-07-27T02:00	79.67079	-2.11091	0.742	218.0
2020-07-27T02:10	79.66922	-2.11787	0.724	218.4
2020-07-27T02:20	79.66769	-2.12479	0.707	219.2
2020-07-27T02:30	79.66622	-2.13167	0.692	220.0
2020-07-27T02:40	79.66479	-2.13843	0.675	220.4
2020-07-27T02:50	79.66343	-2.14495	0.648	220.5
2020-07-27T03:00	79.66213	-2.15129	0.622	221.3
2020-07-27T03:10	79.66087	-2.15763	0.610	222.1
2020-07-27T03:20	79.65967	-2.16367	0.582	222.1
2020-07-27T03:30	79.65852	-2.16949	0.558	222.4
2020-07-27T03:40	79.65744	-2.17504	0.531	222.6
2020-07-27T03:50	79.65638	-2.18055	0.522	223.0
2020-07-27T04:00	79.65538	-2.18591	0.500	223.9
2020-07-27T04:10	79.65442	-2.19100	0.477	223.6
2020-07-27T04:20	79.65349	-2.19596	0.463	223.8
2020-07-27T04:30	79.65261	-2.20071	0.442	224.1
2020-07-27T04:40	79.65175	-2.20528	0.426	223.8
2020-07-27T04:50	79.65091	-2.20955	0.410	222.4
2020-07-27T05:00	79.65011	-2.21357	0.388	222.1
2020-07-27T05:10	79.64935	-2.21733	0.367	221.5
2020-07-27T05:20	79.64859	-2.22089	0.357	220.2
2020-07-27T05:30	79.64784	-2.22418	0.345	218.1
2020-07-27T05:40	79.64711	-2.22730	0.332	217.5
2020-07-27T05:50	79.64638	-2.23031	0.327	216.6
2020-07-27T06:00	79.64565	-2.23330	0.327	216.3
2020-07-27T06:10	79.64490	-2.23607	0.325	213.5
2020-07-27T06:20	79.64410	-2.23859	0.329	209.6
2020-07-27T06:30	79.64329	-2.24090	0.329	207.1
2020-07-27T06:40	79.64244	-2.24301	0.334	204.2
2020-07-27T06:50	79.64153	-2.24461	0.345	197.4
2020-07-27T07:00	79.64058	-2.24571	0.349	191.7
2020-07-27T07:10	79.63957	-2.24629	0.363	186.0
2020-07-27T07:20	79.63852	-2.24687	0.380	185.6
2020-07-27T07:30	79.63745	-2.24727	0.388	183.8
2020-07-27T07:40	79.63631	-2.24746	0.409	181.8
2020-07-27T07:50	79.63513	-2.24759	0.428	181.1
2020-07-27T08:00	79.63388	-2.24773	0.447	181.2
2020-07-27T08:10	79.63260	-2.24783	0.463	180.8
2020-07-27T08:20	79.63125	-2.24813	0.486	182.3
2020-07-27T08:30	79.62983	-2.24863	0.512	183.7
2020-07-27T08:40	79.62844	-2.24907	0.502	183.2
2020-07-27T08:50	79.62702	-2.24956	0.513	183.6
2020-07-27T09:00	79.62553	-2.25013	0.536	184.0
2020-07-27T09:10	79.62394	-2.25058	0.575	182.9
2020-07-27T09:20	79.62229	-2.25115	0.595	183.6
2020-07-27T09:30	79.62057	-2.25191	0.619	184.6
2020-07-27T09:40	79.61880	-2.25276	0.641	184.9
2020-07-27T09:50	79.61697	-2.25398	0.664	186.8
2020-07-27T10:00	79.61507	-2.25545	0.689	188.0
2020-07-27T10:10	79.61313	-2.25724	0.709	189.4
2020-07-27T10:20	79.61115	-2.25939	0.728	191.0
2020-07-27T10:30	79.60910	-2.26167	0.750	191.4
2020-07-27T10:40	79.60701	-2.26429	0.773	192.7
2020-07-27T10:50	79.60486	-2.26715	0.796	193.5
2020-07-27T11:00	79.60266	-2.27027	0.816	194.4
2020-07-27T11:10	79.60044	-2.27368	0.831	195.5
2020-07-27T11:20	79.59819	-2.27736	0.845	196.4
2020-07-27T11:30	79.59590	-2.28134	0.864	197.5
2020-07-27T11:40	79.59358	-2.28564	0.879	198.5
2020-07-27T11:50	79.59124	-2.29015	0.891	199.2
2020-07-27T12:00	79.58890	-2.29499	0.899	200.5
2020-07-27T12:10	79.58656	-2.30022	0.910	201.9
2020-07-27T12:20	79.58424	-2.30580	0.912	203.5
2020-07-27T12:30	79.58193	-2.31174	0.918	204.9
2020-07-27T12:40	79.57959	-2.31800	0.934	205.9
2020-07-27T12:50	79.57728	-2.32437	0.930	206.5
2020-07-27T13:00	79.57499	-2.33124	0.939	208.5
2020-07-27T13:10	79.57276	-2.33836	0.928	210.0
2020-07-27T13:20	79.57054	-2.34591	0.937	211.7
2020-07-27T13:30	79.56837	-2.35387	0.939	213.5
2020-07-27T13:40	79.56625	-2.36204	0.930	215.0
2020-07-27T13:50	79.56417	-2.37038	0.925	216.0
2020-07-27T14:00	79.56214	-2.37885	0.915	217.2
2020-07-27T14:10	79.56018	-2.38755	0.907	218.7
2020-07-27T14:20	79.55829	-2.39625	0.887	219.8
2020-07-27T14:30	79.55648	-2.40489	0.861	220.9
2020-07-27T14:40	79.55473	-2.41351	0.844	221.8
2020-07-27T14:50	79.55302	-2.42213	0.833	222.5
2020-07-27T15:00	79.55138	-2.43069	0.814	223.4
2020-07-27T15:10	79.54978	-2.43909	0.795	223.6
2020-07-27T15:20	79.54825	-2.44755	0.782	225.0
2020-07-27T15:30	79.54678	-2.45609	0.768	226.5
2020-07-27T15:40	79.54536	-2.46441	0.745	226.8
2020-07-27T15:50	79.54400	-2.47252	0.721	227.3
2020-07-27T16:00	79.54272	-2.48041	0.692	228.1
2020-07-27T16:10	79.54152	-2.48781	0.649	228.2
2020-07-27T16:20	79.54037	-2.49490	0.620	228.4
2020-07-27T16:30	79.53932	-2.50134	0.568	227.9
2020-07-27T16:40	79.53829	-2.50692	0.519	224.7
2020-07-27T16:50	79.53724	-2.51222	0.513	222.5
2020-07-27T17:00	79.53619	-2.51742	0.509	221.9
2020-07-27T17:10	79.53518	-2.52205	0.471	220.0
2020-07-27T17:20	79.53423	-2.52613	0.436	217.7
2020-07-27T17:30	79.53330	-2.52977	0.409	215.6
2020-07-27T17:40	79.53239	-2.53300	0.392	212.7
2020-07-27T17:50	79.53144	-2.53607	0.397	210.3
2020-07-27T18:00	79.53047	-2.53884	0.391	207.7
2020-07-27T18:10	79.52954	-2.54147	0.377	207.1
2020-07-27T18:20	79.52854	-2.54389	0.394	203.7
2020-07-27T18:30	79.52754	-2.54608	0.388	201.7
2020-07-27T18:40	79.52649	-2.54809	0.400	199.2
2020-07-27T18:50	79.52544	-2.55007	0.399	198.9
2020-07-27T19:00	79.52439	-2.55183	0.395	197.0
2020-07-27T19:10	79.52336	-2.55310	0.380	192.7
2020-07-27T19:20	79.52227	-2.55412	0.399	189.6
2020-07-27T19:30	79.52118	-2.55473	0.396	185.8
2020-07-27T19:40	79.51999	-2.55504	0.428	182.7
2020-07-27T19:50	79.51877	-2.55510	0.441	180.5
2020-07-27T20:00	79.51751	-2.55495	0.451	178.7
2020-07-27T20:10	79.51623	-2.55464	0.463	177.5
2020-07-27T20:20	79.51490	-2.55419	0.479	176.5
2020-07-27T20:30	79.51354	-2.55356	0.492	175.2
2020-07-27T20:40	79.51212	-2.55279	0.513	174.4
2020-07-27T20:50	79.51064	-2.55197	0.534	174.2
2020-07-27T21:00	79.50909	-2.55109	0.564	174.1
2020-07-27T21:10	79.50749	-2.55023	0.577	174.4
2020-07-27T21:20	79.50584	-2.54948	0.598	175.3
2020-07-27T21:30	79.50413	-2.54868	0.617	175.2
2020-07-27T21:40	79.50235	-2.54816	0.643	176.9
2020-07-27T21:50	79.50051	-2.54783	0.661	178.2
2020-07-27T22:00	79.49866	-2.54768	0.668	179.2
2020-07-27T22:10	79.49675	-2.54765	0.686	179.8
2020-07-27T22:20	79.49481	-2.54785	0.700	181.0
2020-07-27T22:30	79.49281	-2.54824	0.719	182.1
2020-07-27T22:40	79.49075	-2.54866	0.745	182.1
2020-07-27T22:50	79.48863	-2.54935	0.765	183.4
2020-07-27T23:00	79.48647	-2.55024	0.777	184.3
2020-07-27T23:10	79.48428	-2.55147	0.793	185.8
2020-07-27T23:20	79.48204	-2.55292	0.814	186.7
2020-07-27T23:30	79.47975	-2.55482	0.833	188.6
2020-07-27T23:40	79.47745	-2.55681	0.837	189.0
2020-07-27T23:50	79.47515	-2.55900	0.842	189.9
2020-07-28T00:00	79.47282	-2.56155	0.855	191.3
2020-07-28T00:10	79.47047	-2.56441	0.866	192.6
2020-07-28T00:20	79.46810	-2.56759	0.880	193.8
2020-07-28T00:30	79.46572	-2.57109	0.889	195.0
2020-07-28T00:40	79.46333	-2.57497	0.897	196.5
2020-07-28T00:50	79.46097	-2.57909	0.893	197.7
2020-07-28T01:00	79.45864	-2.58346	0.887	198.9
2020-07-28T01:10	79.45634	-2.58806	0.882	200.1
2020-07-28T01:20	79.45407	-2.59296	0.878	201.6
2020-07-28T01:30	79.45184	-2.59809	0.871	202.9
2020-07-28T01:40	79.44966	-2.60344	0.861	204.2
2020-07-28T01:50	79.44750	-2.60904	0.858	205.5
2020-07-28T02:00	79.44539	-2.61493	0.854	207.0
2020-07-28T02:10	79.44333	-2.62097	0.842	208.3
2020-07-28T02:20	79.44133	-2.62730	0.833	210.1
2020-07-28T02:30	79.43940	-2.63369	0.814	211.2
2020-07-28T02:40	79.43748	-2.64008	0.808	211.5
2020-07-28T02:50	79.43557	-2.64675	0.818	212.5
2020-07-28T03:00	79.43369	-2.65316	0.797	212.1
2020-07-28T03:10	79.43188	-2.65944	0.774	212.4
2020-07-28T03:20	79.43012	-2.66555	0.751	212.5
2020-07-28T03:30	79.42842	-2.67147	0.726	212.6
2020-07-28T03:40	79.42676	-2.67727	0.710	212.7
2020-07-28T03:50	79.42518	-2.68304	0.686	213.7
2020-07-28T04:00	79.42369	-2.68868	0.653	214.8
2020-07-28T04:10	79.42229	-2.69432	0.627	216.5
2020-07-28T04:20	79.42097	-2.69981	0.596	217.5
2020-07-28T04:30	79.41979	-2.70489	0.544	218.1
2020-07-28T04:40	79.41862	-2.70962	0.524	216.7
2020-07-28T04:50	79.41751	-2.71393	0.490	215.5
2020-07-28T05:00	79.41644	-2.71789	0.466	214.2
2020-07-28T05:10	79.41541	-2.72145	0.439	212.5
2020-07-28T05:20	79.41444	-2.72478	0.414	212.1
2020-07-28T05:30	79.41351	-2.72769	0.388	209.8
2020-07-28T05:40	79.41259	-2.73036	0.375	208.1
2020-07-28T05:50	79.41169	-2.73263	0.356	205.0
2020-07-28T06:00	79.41081	-2.73465	0.342	202.9
2020-07-28T06:10	79.40993	-2.73633	0.338	199.2
2020-07-28T06:20	79.40908	-2.73751	0.314	194.4
2020-07-28T06:30	79.40826	-2.73842	0.304	191.4
2020-07-28T06:40	79.40744	-2.73897	0.297	187.1
2020-07-28T06:50	79.40660	-2.73932	0.304	184.4
2020-07-28T07:00	79.40575	-2.73935	0.304	180.3
2020-07-28T07:10	79.40487	-2.73917	0.318	177.9
2020-07-28T07:20	79.40396	-2.73879	0.328	175.6
2020-07-28T07:30	79.40303	-2.73822	0.339	173.6
2020-07-28T07:40	79.40207	-2.73756	0.348	172.8
2020-07-28T07:50	79.40110	-2.73659	0.353	169.6
2020-07-28T08:00	79.40014	-2.73513	0.361	164.4
2020-07-28T08:10	79.39911	-2.73350	0.387	163.8
2020-07-28T08:20	79.39804	-2.73151	0.407	161.1
2020-07-28T08:30	79.39691	-2.72932	0.430	160.3
2020-07-28T08:40	79.39572	-2.72698	0.456	160.1
2020-07-28T08:50	79.39447	-2.72453	0.480	160.3
2020-07-28T09:00	79.39314	-2.72195	0.506	160.2
2020-07-28T09:10	79.39176	-2.71927	0.528	160.3
2020-07-28T09:20	79.39028	-2.71661	0.563	161.7
2020-07-28T09:30	79.38878	-2.71407	0.565	162.6
2020-07-28T09:40	79.38725	-2.71154	0.578	163.1
2020-07-28T09:50	79.38563	-2.70931	0.599	165.7
2020-07-28T10:00	79.38395	-2.70720	0.624	167.1
2020-07-28T10:10	79.38217	-2.70513	0.654	167.8
2020-07-28T10:20	79.38033	-2.70317	0.676	168.9
2020-07-28T10:30	79.37845	-2.70133	0.689	169.8
2020-07-28T10:40	79.37653	-2.69956	0.700	170.3
2020-07-28T10:50	79.37459	-2.69780	0.710	170.5
2020-07-28T11:00	79.37260	-2.69615	0.725	171.3
2020-07-28T11:10	79.37059	-2.69447	0.732	171.2
2020-07-28T11:20	79.36854	-2.69307	0.743	172.8
2020-07-28T11:30	79.36644	-2.69180	0.762	173.6
2020-07-28T11:40	79.36428	-2.69069	0.779	174.5
2020-07-28T11:50	79.36209	-2.68964	0.793	175.0
2020-07-28T12:00	79.35989	-2.68859	0.795	174.9
2020-07-28T12:10	79.35763	-2.68784	0.817	176.5
2020-07-28T12:20	79.35537	-2.68741	0.813	178.0
2020-07-28T12:30	79.35313	-2.68728	0.807	179.4
2020-07-28T12:40	79.35090	-2.68728	0.804	180.0
2020-07-28T12:50	79.34869	-2.68740	0.795	180.6
2020-07-28T13:00	79.34647	-2.68786	0.799	182.2
2020-07-28T13:10	79.34424	-2.68851	0.804	183.1
2020-07-28T13:20	79.34197	-2.68955	0.822	184.8
2020-07-28T13:30	79.33966	-2.69080	0.834	185.8
2020-07-28T13:40	79.33735	-2.69238	0.839	187.2
2020-07-28T13:50	79.33505	-2.69408	0.834	187.8
2020-07-28T14:00	79.33277	-2.69583	0.830	188.1
2020-07-28T14:10	79.33050	-2.69769	0.826	188.6
2020-07-28T14:20	79.32827	-2.69953	0.813	188.7
2020-07-28T14:30	79.32607	-2.70148	0.804	189.3
2020-07-28T14:40	79.32387	-2.70362	0.804	190.2
2020-07-28T14:50	79.32172	-2.70578	0.789	190.6
2020-07-28T15:00	79.31966	-2.70774	0.753	190.0
2020-07-28T15:10	79.31765	-2.70956	0.734	189.5
2020-07-28T15:20	79.31566	-2.71126	0.723	189.0
2020-07-28T15:30	79.31371	-2.71293	0.713	189.0
2020-07-28T15:40	79.31181	-2.71487	0.697	190.7
2020-07-28T15:50	79.30996	-2.71696	0.680	191.8
2020-07-28T16:00	79.30819	-2.71894	0.650	191.8
2020-07-28T16:10	79.30647	-2.72093	0.633	192.1
2020-07-28T16:20	79.30482	-2.72292	0.608	192.6
2020-07-28T16:30	79.30322	-2.72476	0.591	192.0
2020-07-28T16:40	79.30165	-2.72655	0.577	192.0
2020-07-28T16:50	79.30011	-2.72810	0.563	190.6
2020-07-28T17:00	79.29863	-2.72948	0.543	189.8
2020-07-28T17:10	79.29718	-2.73067	0.528	188.7
2020-07-28T17:20	79.29577	-2.73168	0.514	187.6
2020-07-28T17:30	79.29440	-2.73260	0.495	187.1
2020-07-28T17:40	79.29307	-2.73319	0.481	184.8
2020-07-28T17:50	79.29178	-2.73353	0.465	182.8
2020-07-28T18:00	79.29053	-2.73372	0.450	181.6
2020-07-28T18:10	79.28933	-2.73373	0.432	180.0
2020-07-28T18:20	79.28818	-2.73334	0.415	176.4
2020-07-28T18:30	79.28708	-2.73278	0.398	174.6
2020-07-28T18:40	79.28604	-2.73215	0.375	173.5
2020-07-28T18:50	79.28501	-2.73118	0.377	170.0
2020-07-28T19:00	79.28401	-2.72997	0.369	167.4
2020-07-28T19:10	79.28301	-2.72849	0.372	164.5
2020-07-28T19:20	79.28200	-2.72685	0.380	163.3
2020-07-28T19:30	79.28102	-2.72490	0.377	159.7
2020-07-28T19:40	79.28007	-2.72268	0.375	156.6
2020-07-28T19:50	79.27909	-2.72020	0.389	154.8
2020-07-28T20:00	79.27810	-2.71747	0.400	152.7
2020-07-28T20:10	79.27711	-2.71463	0.405	152.0
2020-07-28T20:20	79.27608	-2.71174	0.418	152.4
2020-07-28T20:30	79.27503	-2.70877	0.425	152.2
2020-07-28T20:40	79.27398	-2.70574	0.429	151.7
2020-07-28T20:50	79.27290	-2.70258	0.444	151.5
2020-07-28T21:00	79.27179	-2.69932	0.454	151.2
2020-07-28T21:10	79.27066	-2.69600	0.466	151.5
2020-07-28T21:20	79.26949	-2.69271	0.473	152.2
2020-07-28T21:30	79.26831	-2.68922	0.486	151.2
2020-07-28T21:40	79.26710	-2.68565	0.496	151.1
2020-07-28T21:50	79.26588	-2.68199	0.506	151.0
2020-07-28T22:00	79.26464	-2.67829	0.511	150.9
2020-07-28T22:10	79.26335	-2.67463	0.525	152.1
2020-07-28T22:20	79.26203	-2.67099	0.535	152.9
2020-07-28T22:30	79.26063	-2.66727	0.560	153.5
2020-07-28T22:40	79.25923	-2.66347	0.568	153.3
2020-07-28T22:50	79.25779	-2.65990	0.569	155.1
2020-07-28T23:00	79.25632	-2.65656	0.577	157.1
2020-07-28T23:10	79.25479	-2.65320	0.594	157.7
2020-07-28T23:20	79.25320	-2.65001	0.610	159.4
2020-07-28T23:30	79.25157	-2.64710	0.620	161.6
2020-07-28T23:40	79.24990	-2.64449	0.625	163.7
2020-07-28T23:50	79.24822	-2.64200	0.628	164.5
2020-07-29T00:00	79.24658	-2.63988	0.608	166.4
2020-07-29T00:10	79.24492	-2.63805	0.611	168.4
2020-07-29T00:20	79.24321	-2.63651	0.623	170.4
2020-07-29T00:30	79.24150	-2.63517	0.621	171.7
2020-07-29T00:40	79.23981	-2.63406	0.616	173.0
2020-07-29T00:50	79.23810	-2.63348	0.616	176.4
2020-07-29T01:00	79.23639	-2.63310	0.615	177.6
2020-07-29T01:10	79.23473	-2.63319	0.600	180.5
2020-07-29T01:20	79.23311	-2.63353	0.582	182.3
2020-07-29T01:30	79.23151	-2.63424	0.576	184.7
2020-07-29T01:40	79.22993	-2.63525	0.575	186.8
2020-07-29T01:50	79.22839	-2.63647	0.560	188.4
2020-07-29T02:00	79.22690	-2.63796	0.546	190.6
2020-07-29T02:10	79.22547	-2.63972	0.529	192.9
2020-07-29T02:20	79.22408	-2.64170	0.517	194.9
2020-07-29T02:30	79.22275	-2.64367	0.498	195.5
2020-07-29T02:40	79.22147	-2.64579	0.482	197.3
2020-07-29T02:50	79.22024	-2.64795	0.464	198.3
2020-07-29T03:00	79.21908	-2.65010	0.442	199.1
2020-07-29T03:10	79.21798	-2.65217	0.420	199.4
2020-07-29T03:20	79.21695	-2.65406	0.392	199.0
2020-07-29T03:30	79.21598	-2.65596	0.373	200.0
2020-07-29T03:40	79.21507	-2.65783	0.351	201.0
2020-07-29T03:50	79.21422	-2.65947	0.325	199.9
2020-07-29T04:00	79.21342	-2.66088	0.304	198.3
2020-07-29T04:10	79.21266	-2.66218	0.288	197.7
2020-07-29T04:20	79.21195	-2.66342	0.269	198.0
2020-07-29T04:30	79.21130	-2.66444	0.245	196.3
2020-07-29T04:40	79.21070	-2.66520	0.222	193.5
2020-07-29T04:50	79.21014	-2.66582	0.205	191.7
2020-07-29T05:00	79.20961	-2.66618	0.191	187.2
2020-07-29T05:10	79.20911	-2.66628	0.181	182.1
2020-07-29T05:20	79.20862	-2.66622	0.175	178.7
2020-07-29T05:30	79.20815	-2.66594	0.170	173.8
2020-07-29T05:40	79.20770	-2.66539	0.167	167.0
2020-07-29T05:50	79.20725	-2.66464	0.170	162.9
2020-07-29T06:00	79.20681	-2.66376	0.169	159.5
2020-07-29T06:10	79.20638	-2.66259	0.175	153.0
2020-07-29T06:20	79.20597	-2.66111	0.179	146.0
2020-07-29T06:30	79.20558	-2.65952	0.175	142.3
2020-07-29T06:40	79.20518	-2.65776	0.188	140.9
2020-07-29T06:50	79.20479	-2.65584	0.191	137.3
2020-07-29T07:00	79.20439	-2.65365	0.207	134.4
2020-07-29T07:10	79.20396	-2.65126	0.222	133.4
2020-07-29T07:20	79.20353	-2.64873	0.232	132.4
2020-07-29T07:30	79.20309	-2.64619	0.232	132.5
2020-07-29T07:40	79.20263	-2.64364	0.241	134.4
2020-07-29T07:50	79.20213	-2.64098	0.254	135.0
2020-07-29T08:00	79.20162	-2.63822	0.261	134.4
2020-07-29T08:10	79.20110	-2.63536	0.269	134.3
2020-07-29T08:20	79.20054	-2.63223	0.290	133.3
2020-07-29T08:30	79.19996	-2.62911	0.297	134.7
2020-07-29T08:40	79.19938	-2.62600	0.296	134.9
2020-07-29T08:50	79.19880	-2.62281	0.301	134.3
2020-07-29T09:00	79.19820	-2.61975	0.298	136.2
2020-07-29T09:10	79.19759	-2.61681	0.297	138.0
2020-07-29T09:20	79.19695	-2.61379	0.309	138.6
2020-07-29T09:30	79.19626	-2.61085	0.316	141.2
2020-07-29T09:40	79.19557	-2.60787	0.320	141.0
2020-07-29T09:50	79.19486	-2.60514	0.317	144.5
2020-07-29T10:00	79.19411	-2.60254	0.320	146.7
2020-07-29T10:10	79.19337	-2.60034	0.307	151.0
2020-07-29T10:20	79.19263	-2.59841	0.297	154.0
2020-07-29T10:30	79.19191	-2.59651	0.290	153.7
2020-07-29T10:40	79.19121	-2.59481	0.275	155.4
2020-07-29T10:50	79.19055	-2.59341	0.257	158.4
2020-07-29T11:00	79.18988	-2.59217	0.255	160.8
2020-07-29T11:10	79.18922	-2.59122	0.247	165.0
2020-07-29T11:20	79.18858	-2.59061	0.234	169.9
2020-07-29T11:30	79.18796	-2.59022	0.223	173.2
2020-07-29T11:40	79.18735	-2.59003	0.222	176.7
2020-07-29T11:50	79.18676	-2.59011	0.211	181.3
2020-07-29T12:00	79.18616	-2.59049	0.218	186.8
2020-07-29T12:10	79.18555	-2.59132	0.227	194.3
2020-07-29T12:20	79.18497	-2.59216	0.217	195.2
2020-07-29T12:30	79.18443	-2.59325	0.209	200.6
2020-07-29T12:40	79.18390	-2.59457	0.210	205.3
2020-07-29T12:50	79.18335	-2.59602	0.220	206.3
2020-07-29T13:00	79.18286	-2.59733	0.197	206.7
2020-07-29T13:10	79.18236	-2.59859	0.201	205.1
2020-07-29T13:20	79.18187	-2.59990	0.196	207.0
2020-07-29T13:30	79.18141	-2.60131	0.193	209.5
2020-07-29T13:40	79.18088	-2.60225	0.200	198.3
2020-07-29T13:50	79.18042	-2.60293	0.172	195.5
2020-07-29T14:00	79.17992	-2.60339	0.181	189.9
2020-07-29T14:10	79.17946	-2.60405	0.171	195.1
2020-07-29T14:20	79.17902	-2.60487	0.170	198.9
2020-07-29T14:30	79.17860	-2.60597	0.167	206.6
2020-07-29T14:40	79.17821	-2.60718	0.164	209.9
2020-07-29T14:50	79.17782	-2.60826	0.158	207.6
2020-07-29T15:00	79.17745	-2.60942	0.153	210.7
2020-07-29T15:10	79.17713	-2.61066	0.143	216.0
2020-07-29T15:20	79.17684	-2.61192	0.137	218.9
2020-07-29T15:30	79.17660	-2.61303	0.114	221.0
2020-07-29T15:40	79.17638	-2.61436	0.119	228.5
2020-07-29T15:50	79.17621	-2.61518	0.081	223.3
2020-07-29T16:00	79.17609	-2.61591	0.065	228.8
2020-07-29T16:10	79.17603	-2.61622	0.032	222.7
2020-07-29T16:20	79.17601	-2.61633	0.010	223.8
2020-07-29T16:30	79.17604	-2.61648	0.015	317.4
2020-07-29T16:40	79.17612	-2.61626	0.033	26.4
2020-07-29T16:50	79.17625	-2.61607	0.049	15.3
2020-07-29T17:00	79.17639	-2.61561	0.057	32.9
2020-07-29T17:10	79.17650	-2.61475	0.072	54.1
2020-07-29T17:20	79.17662	-2.61379	0.078	57.1
2020-07-29T17:30	79.17668	-2.61302	0.056	67.7
2020-07-29T17:40	79.17670	-2.61224	0.054	80.6
2020-07-29T17:50	79.17673	-2.61104	0.082	84.5
2020-07-29T18:00	79.17671	-2.60969	0.091	93.8
2020-07-29T18:10	79.17670	-2.60815	0.104	92.7
2020-07-29T18:20	79.17662	-2.60654	0.113	104.5
2020-07-29T18:30	79.17633	-2.60387	0.209	120.0
2020-07-29T18:40	79.17588	-2.60126	0.239	132.6
2020-07-29T18:50	79.17536	-2.59882	0.249	138.5
2020-07-29T19:00	79.17481	-2.59583	0.283	134.5
2020-07-29T19:10	79.17428	-2.59224	0.309	128.2
2020-07-29T19:20	79.17386	-2.58839	0.301	120.3
2020-07-29T19:30	79.17355	-2.58505	0.252	116.0
2020-07-29T19:40	79.17321	-2.58175	0.254	118.5
2020-07-29T19:50	79.17273	-2.57838	0.286	127.2
2020-07-29T20:00	79.17218	-2.57478	0.314	129.2
2020-07-29T20:10	79.17161	-2.57102	0.327	128.9
2020-07-29T20:20	79.17100	-2.56725	0.336	130.6
2020-07-29T20:30	79.17032	-2.56335	0.361	133.1
2020-07-29T20:40	79.16960	-2.55922	0.382	132.9
2020-07-29T20:50	79.16887	-2.55522	0.377	134.2
2020-07-29T21:00	79.16814	-2.55132	0.372	134.8
2020-07-29T21:10	79.16738	-2.54706	0.397	133.4
2020-07-29T21:20	79.16655	-2.54274	0.419	135.8
2020-07-29T21:30	79.16570	-2.53866	0.412	137.9
2020-07-29T21:40	79.16476	-2.53450	0.440	140.2
2020-07-29T21:50	79.16375	-2.53045	0.455	143.0
2020-07-29T22:00	79.16269	-2.52641	0.469	144.2
2020-07-29T22:10	79.16162	-2.52263	0.464	146.5
2020-07-29T22:20	79.16052	-2.51911	0.463	149.0
2020-07-29T22:30	79.15936	-2.51589	0.471	152.4
2020-07-29T22:40	79.15810	-2.51280	0.500	155.3
2020-07-29T22:50	79.15681	-2.50983	0.506	156.5
2020-07-29T23:00	79.15550	-2.50698	0.507	157.6
2020-07-29T23:10	79.15423	-2.50446	0.488	159.6
2020-07-29T23:20	79.15298	-2.50225	0.476	161.6
2020-07-29T23:30	79.15170	-2.50031	0.480	164.1
2020-07-29T23:40	79.15042	-2.49864	0.475	166.2
2020-07-29T23:50	79.14914	-2.49730	0.469	168.9
2020-07-30T00:00	79.14784	-2.49613	0.474	170.4
2020-07-30T00:10	79.14657	-2.49530	0.462	173.0
2020-07-30T00:20	79.14512	-2.49440	0.526	173.3
2020-07-30T00:30	79.14371	-2.49386	0.506	175.9
2020-07-30T00:40	79.14228	-2.49352	0.517	177.4
2020-07-30T00:50	79.14080	-2.49336	0.533	178.8
2020-07-30T01:00	79.13935	-2.49353	0.522	181.2
2020-07-30T01:10	79.13786	-2.49384	0.538	182.3
2020-07-30T01:20	79.13644	-2.49464	0.513	186.1
2020-07-30T01:30	79.13504	-2.49581	0.509	189.0
2020-07-30T01:40	79.13371	-2.49719	0.490	191.0
2020-07-30T01:50	79.13243	-2.49881	0.473	193.4
2020-07-30T02:00	79.13123	-2.50063	0.450	195.9
2020-07-30T02:10	79.13008	-2.50264	0.436	198.3
2020-07-30T02:20	79.12896	-2.50476	0.427	199.7
2020-07-30T02:30	79.12787	-2.50699	0.420	201.1
2020-07-30T02:40	79.12681	-2.50936	0.413	202.9
2020-07-30T02:50	79.12583	-2.51187	0.391	205.9
2020-07-30T03:00	79.12492	-2.51443	0.374	207.8
2020-07-30T03:10	79.12409	-2.51719	0.351	212.3
2020-07-30T03:20	79.12332	-2.52028	0.349	217.1
2020-07-30T03:30	79.12261	-2.52324	0.325	218.1
2020-07-30T03:40	79.12200	-2.52621	0.299	222.5
2020-07-30T03:50	79.12141	-2.52922	0.293	224.3
2020-07-30T04:00	79.12084	-2.53162	0.263	218.2
2020-07-30T04:10	79.12030	-2.53399	0.254	219.5
2020-07-30T04:20	79.11982	-2.53626	0.230	222.0
2020-07-30T04:30	79.11938	-2.53846	0.219	223.2
2020-07-30T04:40	79.11898	-2.54025	0.189	220.0
2020-07-30T04:50	79.11861	-2.54161	0.160	215.3
2020-07-30T05:00	79.11829	-2.54273	0.139	213.1
2020-07-30T05:10	79.11800	-2.54360	0.121	209.4
2020-07-30T05:20	79.11769	-2.54417	0.119	199.1
2020-07-30T05:30	79.11743	-2.54454	0.095	195.4
2020-07-30T05:40	79.11716	-2.54462	0.098	183.0
2020-07-30T05:50	79.11693	-2.54434	0.086	167.0
2020-07-30T06:00	79.11674	-2.54364	0.083	145.5
2020-07-30T06:10	79.11656	-2.54259	0.096	132.1
2020-07-30T06:20	79.11644	-2.54146	0.088	118.5
2020-07-30T06:30	79.11628	-2.53967	0.134	115.0
2020-07-30T06:40	79.11609	-2.53725	0.179	113.1
2020-07-30T06:50	79.11592	-2.53459	0.191	108.5
2020-07-30T07:00	79.11578	-2.53162	0.208	104.5
2020-07-30T07:10	79.11565	-2.52837	0.226	101.7
2020-07-30T07:20	79.11553	-2.52484	0.243	100.0
2020-07-30T07:30	79.11544	-2.52122	0.248	97.7
2020-07-30T07:40	79.11533	-2.51739	0.264	98.5
2020-07-30T07:50	79.11521	-2.51335	0.278	99.3
2020-07-30T08:00	79.11505	-2.50906	0.297	100.9
2020-07-30T08:10	79.11483	-2.50499	0.288	106.0
2020-07-30T08:20	79.11455	-2.50051	0.321	108.5
2020-07-30T08:30	79.11420	-2.49614	0.322	112.6
2020-07-30T08:40	79.11380	-2.49171	0.334	115.4
2020-07-30T08:50	79.11337	-2.48742	0.332	118.2
2020-07-30T09:00	79.11290	-2.48348	0.315	122.0
2020-07-30T09:10	79.11241	-2.47995	0.299	126.6
2020-07-30T09:20	79.11188	-2.47625	0.314	126.9
2020-07-30T09:30	79.11135	-2.47244	0.323	126.7
2020-07-30T09:40	79.11078	-2.46857	0.333	127.8
2020-07-30T09:50	79.11020	-2.46473	0.335	128.7
2020-07-30T10:00	79.10956	-2.46090	0.346	131.2
2020-07-30T10:10	79.10880	-2.45723	0.371	137.7
2020-07-30T10:20	79.10803	-2.45368	0.369	139.1
2020-07-30T10:30	79.10722	-2.45039	0.366	142.3
2020-07-30T10:40	79.10637	-2.44734	0.372	146.1
2020-07-30T10:50	79.10546	-2.44456	0.379	149.9
2020-07-30T11:00	79.10449	-2.44209	0.385	154.2
2020-07-30T11:10	79.10348	-2.43991	0.394	157.8
2020-07-30T11:20	79.10242	-2.43792	0.405	160.4
2020-07-30T11:30	79.10135	-2.43626	0.402	163.7
2020-07-30T11:40	79.10028	-2.43495	0.396	166.9
2020-07-30T11:50	79.09920	-2.43397	0.394	170.3
2020-07-30T12:00	79.09809	-2.43348	0.398	175.2
2020-07-30T12:10	79.09699	-2.43349	0.398	180.0
2020-07-30T12:20	79.09590	-2.43386	0.393	183.7
2020-07-30T12:30	79.09481	-2.43469	0.394	188.2
2020-07-30T12:40	79.09375	-2.43594	0.394	192.5
2020-07-30T12:50	79.09271	-2.43762	0.391	197.0
2020-07-30T13:00	79.09169	-2.43966	0.390	200.9
2020-07-30T13:10	79.09072	-2.44202	0.387	204.5
2020-07-30T13:20	79.08977	-2.44467	0.386	207.9
2020-07-30T13:30	79.08886	-2.44757	0.383	211.0
2020-07-30T13:40	79.08798	-2.45064	0.379	213.6
2020-07-30T13:50	79.08712	-2.45389	0.380	215.6
2020-07-30T14:00	79.08623	-2.45740	0.401	216.6
2020-07-30T14:10	79.08535	-2.46118	0.408	219.2
2020-07-30T14:20	79.08451	-2.46516	0.406	222.0
2020-07-30T14:30	79.08373	-2.46929	0.397	225.1
2020-07-30T14:40	79.08299	-2.47374	0.404	228.7
2020-07-30T14:50	79.08235	-2.47799	0.371	231.4
2020-07-30T15:00	79.08173	-2.48243	0.377	233.6
2020-07-30T15:10	79.08113	-2.48699	0.379	235.1
2020-07-30T15:20	79.08058	-2.49138	0.358	236.8
2020-07-30T15:30	79.08009	-2.49578	0.348	239.5
2020-07-30T15:40	79.07966	-2.50019	0.338	242.9
2020-07-30T15:50	79.07927	-2.50458	0.331	244.8
2020-07-30T16:00	79.07893	-2.50894	0.322	247.3
2020-07-30T16:10	79.07861	-2.51330	0.319	248.8
2020-07-30T16:20	79.07831	-2.51768	0.318	250.1
2020-07-30T16:30	79.07804	-2.52197	0.308	251.9
2020-07-30T16:40	79.07783	-2.52607	0.290	254.6
2020-07-30T16:50	79.07766	-2.53007	0.279	257.8
2020-07-30T17:00	79.07754	-2.53399	0.270	260.8
2020-07-30T17:10	79.07746	-2.53780	0.262	262.9
2020-07-30T17:20	79.07739	-2.54153	0.256	264.8
2020-07-30T17:30	79.07735	-2.54508	0.242	266.7
2020-07-30T17:40	79.07736	-2.54834	0.222	271.0
2020-07-30T17:50	79.07741	-2.55131	0.204	275.0
2020-07-30T18:00	79.07751	-2.55415	0.197	280.2
2020-07-30T18:10	79.07764	-2.55692	0.195	283.8
2020-07-30T18:20	79.07778	-2.55947	0.181	286.1
2020-07-30T18:30	79.07792	-2.56149	0.147	290.5
2020-07-30T18:40	79.07808	-2.56337	0.140	293.8
2020-07-30T18:50	79.07825	-2.56507	0.133	298.9
2020-07-30T19:00	79.07846	-2.56647	0.121	307.4
2020-07-30T19:10	79.07869	-2.56760	0.112	316.8
2020-07-30T19:20	79.07892	-2.56845	0.101	324.8
2020-07-30T19:30	79.07913	-2.56907	0.087	331.2
2020-07-30T19:40	79.07932	-2.56946	0.074	339.0
2020-07-30T19:50	79.07950	-2.56951	0.066	357.1
2020-07-30T20:00	79.07972	-2.56915	0.080	17.8
2020-07-30T20:10	79.07993	-2.56832	0.096	36.3
2020-07-30T20:20	79.08013	-2.56716	0.107	47.9
2020-07-30T20:30	79.08031	-2.56578	0.115	54.7
2020-07-30T20:40	79.08043	-2.56412	0.120	70.2
2020-07-30T20:50	79.08046	-2.56225	0.128	84.1
2020-07-30T21:00	79.08048	-2.56025	0.137	87.3
2020-07-30T21:10	79.08047	-2.55815	0.143	91.2
2020-07-30T21:20	79.08045	-2.55601	0.147	93.4
2020-07-30T21:30	79.08037	-2.55406	0.136	101.6
2020-07-30T21:40	79.08026	-2.55228	0.128	109.2
2020-07-30T21:50	79.08011	-2.55065	0.123	114.7
2020-07-30T22:00	79.07993	-2.54922	0.118	124.7
2020-07-30T22:10	79.07970	-2.54807	0.112	135.8
2020-07-30T22:20	79.07940	-2.54700	0.131	146.2
2020-07-30T22:30	79.07912	-2.54610	0.119	148.6
2020-07-30T22:40	79.07881	-2.54554	0.117	161.2
2020-07-30T22:50	79.07850	-2.54519	0.115	167.9
2020-07-30T23:00	79.07816	-2.54501	0.124	174.4
2020-07-30T23:10	79.07776	-2.54506	0.142	181.3
2020-07-30T23:20	79.07735	-2.54538	0.149	188.3
2020-07-30T23:30	79.07695	-2.54603	0.150	197.3
2020-07-30T23:40	79.07652	-2.54704	0.170	203.7
2020-07-30T23:50	79.07607	-2.54841	0.187	210.1
2020-07-31T00:00	79.07561	-2.55016	0.204	215.7
2020-07-31T00:10	79.07514	-2.55229	0.222	221.0
2020-07-31T00:20	79.07470	-2.55477	0.232	226.7
2020-07-31T00:30	79.07428	-2.55760	0.245	231.9
2020-07-31T00:40	79.07382	-2.56085	0.278	233.0
2020-07-31T00:50	79.07336	-2.56447	0.296	236.6
2020-07-31T01:00	79.07293	-2.56845	0.313	240.1
2020-07-31T01:10	79.07250	-2.57296	0.345	243.2
2020-07-31T01:20	79.07209	-2.57776	0.358	246.0
2020-07-31T01:30	79.07170	-2.58280	0.373	247.4
2020-07-31T01:40	79.07130	-2.58819	0.394	248.8
2020-07-31T01:50	79.07090	-2.59388	0.414	249.8
2020-07-31T02:00	79.07056	-2.59975	0.419	253.0
2020-07-31T02:10	79.07026	-2.60585	0.431	255.4
2020-07-31T02:20	79.06995	-2.61211	0.442	255.4
2020-07-31T02:30	79.06971	-2.61868	0.457	258.9
2020-07-31T02:40	79.06953	-2.62583	0.492	262.3
2020-07-31T02:50	79.06938	-2.63275	0.476	263.5
2020-07-31T03:00	79.06925	-2.64006	0.501	264.7
2020-07-31T03:10	79.06914	-2.64775	0.526	266.0
2020-07-31T03:20	79.06909	-2.65540	0.522	267.7
2020-07-31T03:30	79.06904	-2.66279	0.505	268.3
2020-07-31T03:40	79.06895	-2.67032	0.516	266.3
2020-07-31T03:50	79.06886	-2.67762	0.499	266.0
2020-07-31T04:00	79.06876	-2.68503	0.507	266.2
2020-07-31T04:10	79.06865	-2.69235	0.502	265.4
2020-07-31T04:20	79.06862	-2.69983	0.511	268.7
2020-07-31T04:30	79.06864	-2.70736	0.514	270.7
2020-07-31T04:40	79.06869	-2.71497	0.520	272.3
2020-07-31T04:50	79.06879	-2.72233	0.504	273.8
2020-07-31T05:00	79.06886	-2.72965	0.501	273.1
2020-07-31T05:10	79.06892	-2.73679	0.487	272.5
2020-07-31T05:20	79.06896	-2.74430	0.513	271.8
2020-07-31T05:30	79.06900	-2.75210	0.533	271.3
2020-07-31T05:40	79.06896	-2.75988	0.532	268.5
2020-07-31T05:50	79.06879	-2.76848	0.590	264.2
2020-07-31T06:00	79.06893	-2.77540	0.475	275.9
2020-07-31T06:10	79.06918	-2.78278	0.512	280.3
2020-07-31T06:20	79.06935	-2.78846	0.392	279.0
2020-07-31T06:30	79.06954	-2.79311	0.325	281.9
2020-07-31T06:40	79.06974	-2.79779	0.327	282.6
2020-07-31T06:50	79.06994	-2.80241	0.324	282.7
2020-07-31T07:00	79.07010	-2.80759	0.358	279.2
2020-07-31T07:10	79.07026	-2.81231	0.327	280.1
2020-07-31T07:20	79.07037	-2.81531	0.209	281.1
2020-07-31T07:30	79.06916	-2.80842	0.641	132.8
2020-07-31T07:40	79.07220	-2.78794	1.777	51.9
2020-07-31T07:50	79.07741	-2.76131	2.611	44.1
2020-07-31T08:00	79.08153	-2.76069	1.483	1.6
2020-07-31T08:10	79.07419	-2.79883	3.707	224.6
2020-07-31T08:20	79.07192	-2.80904	1.075	220.4
2020-07-31T08:30	79.07185	-2.81692	0.538	267.4
2020-07-31T08:40	79.07174	-2.82039	0.240	260.6
2020-07-31T08:50	79.07161	-2.82209	0.126	247.1
2020-07-31T09:00	79.07148	-2.82461	0.178	255.2
2020-07-31T09:10	79.07128	-2.82673	0.161	243.7
2020-07-31T09:20	79.07100	-2.82826	0.146	225.9
2020-07-31T09:30	79.07071	-2.83015	0.167	230.6
2020-07-31T09:40	79.07037	-2.83198	0.174	226.1
2020-07-31T09:50	79.07000	-2.83387	0.185	224.1
2020-07-31T10:00	79.06960	-2.83597	0.204	224.7
2020-07-31T10:10	79.06917	-2.83847	0.231	227.5
2020-07-31T10:20	79.06868	-2.84125	0.258	227.5
2020-07-31T10:30	79.06816	-2.84436	0.284	228.5
2020-07-31T10:40	79.06761	-2.84791	0.314	230.6
2020-07-31T10:50	79.06705	-2.85179	0.333	232.9
2020-07-31T11:00	79.06647	-2.85603	0.356	234.4
2020-07-31T11:10	79.06590	-2.86072	0.382	236.9
2020-07-31T11:20	79.06533	-2.86634	0.435	242.0
2020-07-31T11:30	79.06912	-2.90240	2.816	299.0
2020-07-31T11:40	79.06879	-2.95796	3.795	268.2
2020-07-31T11:50	79.06280	-3.02049	4.785	243.2
2020-07-31T12:00	79.04947	-3.02375	4.804	182.7
2020-07-31T12:10	79.03123	-3.03049	6.583	184.0
2020-07-31T12:20	79.01383	-2.99897	6.627	160.9
2020-07-31T12:30	78.99751	-2.92767	7.649	140.2
2020-07-31T12:40	78.98309	-2.86069	6.942	138.4
2020-07-31T12:50	78.96943	-2.78087	7.372	131.8
2020-07-31T13:00	78.95748	-2.69734	7.188	126.7
2020-07-31T13:10	78.94639	-2.61922	6.708	126.5
2020-07-31T13:20	78.93237	-2.52052	8.483	126.5
2020-07-31T13:30	78.91487	-2.42952	8.908	135.0
2020-07-31T13:40	78.90271	-2.33056	8.133	122.5
2020-07-31T13:50	78.89237	-2.24692	6.890	122.6
2020-07-31T14:00	78.88380	-2.17909	5.629	123.2
2020-07-31T14:10	78.87337	-2.10255	6.508	125.2
2020-07-31T14:20	78.86459	-2.03876	5.446	125.5
2020-07-31T14:30	78.85656	-1.98781	4.574	129.2
2020-07-31T14:40	78.84856	-1.95170	3.822	138.9
2020-07-31T14:50	78.84430	-1.95620	1.567	191.6
2020-07-31T15:00	78.84665	-1.96963	1.262	312.2
2020-07-31T15:10	78.84655	-1.97202	0.170	257.7
2020-07-31T15:20	78.84702	-1.94500	1.889	84.9
2020-07-31T15:30	78.84980	-1.96148	1.523	311.1
2020-07-31T15:40	78.84793	-1.97585	1.205	236.1
2020-07-31T15:50	78.84741	-1.98252	0.501	248.1
2020-07-31T16:00	78.84247	-1.98798	1.818	192.1
2020-07-31T16:10	78.83919	-2.01730	2.361	239.9
2020-07-31T16:20	78.84233	-2.02362	1.214	338.7
2020-07-31T16:30	78.84447	-2.02568	0.784	349.5
2020-07-31T16:40	78.84501	-2.02731	0.226	329.9
2020-07-31T16:50	78.84495	-2.03115	0.268	265.1
2020-07-31T17:00	78.84549	-2.03535	0.351	303.5
2020-07-31T17:10	78.84638	-2.03719	0.344	338.2
2020-07-31T17:20	78.84757	-2.04003	0.471	335.3
2020-07-31T17:30	78.84804	-2.04953	0.683	284.3
2020-07-31T17:40	78.84767	-2.06121	0.825	260.8
2020-07-31T17:50	78.84780	-2.06741	0.434	276.2
2020-07-31T18:00	78.84871	-2.07397	0.563	305.6
2020-07-31T18:10	78.84978	-2.08074	0.608	309.2
2020-07-31T18:20	78.85084	-2.08836	0.655	305.9
2020-07-31T18:30	78.85166	-2.09543	0.573	300.8
2020-07-31T18:40	78.84243	-2.10638	3.411	192.9
2020-07-31T18:50	78.82658	-2.08414	5.914	164.8
2020-07-31T19:00	78.81305	-2.05705	5.225	158.8
2020-07-31T19:10	78.79875	-2.02777	5.539	158.3
2020-07-31T19:20	78.79229	-2.01507	2.493	159.1
2020-07-31T19:30	78.79178	-2.02049	0.421	244.4
2020-07-31T19:40	78.79244	-2.02891	0.635	291.9
2020-07-31T19:50	78.79320	-2.03795	0.689	293.3
2020-07-31T20:00	78.79440	-2.05051	0.981	296.3
2020-07-31T20:10	78.79558	-2.06176	0.893	298.3
2020-07-31T20:20	78.79731	-2.07419	1.069	305.6
2020-07-31T20:30	78.79857	-2.08557	0.917	299.8
2020-07-31T20:40	78.79966	-2.09387	0.702	304.1
2020-07-31T20:50	78.80075	-2.10145	0.658	306.4
2020-07-31T21:00	78.80210	-2.10988	0.766	309.7
2020-07-31T21:10	78.80375	-2.11813	0.826	315.7
2020-07-31T21:20	78.80467	-2.12334	0.492	312.3
2020-07-31T21:30	78.80510	-2.12808	0.366	295.2
2020-07-31T21:40	78.80641	-2.13255	0.565	326.4
2020-07-31T21:50	78.80714	-2.13724	0.422	309.0
2020-07-31T22:00	78.80789	-2.14155	0.404	311.7
2020-07-31T22:10	78.80864	-2.14587	0.406	312.0
2020-07-31T22:20	78.80945	-2.15088	0.454	309.6
2020-07-31T22:30	78.81048	-2.15657	0.544	313.0
2020-07-31T22:40	78.81169	-2.16242	0.597	316.8
2020-07-31T22:50	78.81327	-2.16527	0.603	340.7
2020-07-31T23:00	78.81471	-2.16721	0.538	345.5
2020-07-31T23:10	78.81526	-2.17072	0.315	308.8
2020-07-31T23:20	78.81583	-2.17224	0.230	332.5
2020-07-31T23:30	78.81563	-2.17508	0.211	250.1
2020-07-31T23:40	78.81633	-2.17757	0.307	325.4
2020-07-31T23:50	78.81715	-2.17996	0.340	330.6
2020-08-01T00:00	78.81785	-2.18182	0.282	332.6
2020-08-01T00:10	78.81769	-2.18276	0.087	228.7
2020-08-01T00:20	78.81785	-2.18462	0.143	294.3
2020-08-01T00:30	78.81832	-2.18657	0.216	321.0
2020-08-01T00:40	78.81860	-2.18803	0.145	315.6
2020-08-01T00:50	78.81886	-2.18847	0.097	341.2
2020-08-01T01:00	78.81897	-2.18496	0.249	80.7
2020-08-01T01:10	78.81911	-2.18418	0.073	47.8
2020-08-01T01:20	78.81928	-2.18651	0.174	290.7
2020-08-01T01:30	78.81967	-2.18962	0.258	302.7
2020-08-01T01:40	78.82016	-2.19291	0.292	307.9
2020-08-01T01:50	78.82076	-2.19584	0.297	316.5
2020-08-01T02:00	78.82138	-2.19849	0.290	320.3
2020-08-01T02:10	78.82200	-2.20073	0.272	325.1
2020-08-01T02:20	78.82261	-2.20272	0.260	327.7
2020-08-01T02:30	78.82324	-2.20468	0.264	328.7
2020-08-01T02:40	78.82381	-2.20650	0.243	328.5
2020-08-01T02:50	78.82440	-2.20825	0.243	329.8
2020-08-01T03:00	78.82497	-2.21036	0.254	324.4
2020-08-01T03:10	78.82548	-2.21237	0.231	322.8
2020-08-01T03:20	78.82597	-2.21438	0.225	321.5
2020-08-01T03:30	78.82648	-2.21661	0.240	319.7
2020-08-01T03:40	78.82697	-2.21895	0.240	317.0
2020-08-01T03:50	78.82744	-2.22143	0.244	314.9
2020-08-01T04:00	78.82788	-2.22410	0.243	309.7
2020-08-01T04:10	78.82824	-2.22662	0.220	306.9
2020-08-01T04:20	78.82858	-2.22919	0.215	303.8
2020-08-01T04:30	78.82893	-2.23197	0.233	303.6
2020-08-01T04:40	78.82931	-2.23497	0.249	302.9
2020-08-01T04:50	78.82968	-2.23820	0.262	300.5
2020-08-01T05:00	78.82999	-2.24109	0.231	299.3
2020-08-01T05:10	78.83038	-2.24418	0.257	302.8
2020-08-01T05:20	78.83084	-2.24755	0.287	305.2
2020-08-01T05:30	78.83131	-2.25099	0.295	305.5
2020-08-01T05:40	78.83176	-2.25412	0.272	306.5
2020-08-01T05:50	78.83223	-2.25698	0.261	310.0
2020-08-01T06:00	78.83270	-2.25982	0.262	310.9
2020-08-01T06:10	78.83321	-2.26272	0.273	312.3
2020-08-01T06:20	78.83380	-2.26580	0.300	314.3
2020-08-01T06:30	78.82688	-2.26106	2.512	172.4
2020-08-01T06:40	78.81944	-2.27059	2.761	194.0
2020-08-01T06:50	78.80895	-2.28027	3.838	190.1
2020-08-01T07:00	78.79482	-2.28947	5.127	187.2
2020-08-01T07:10	78.78945	-2.29617	1.990	193.6
2020-08-01T07:20	78.78805	-2.30201	0.649	219.0
2020-08-01T07:30	78.78867	-2.30748	0.445	300.5
2020-08-01T07:40	78.78781	-2.32304	1.133	254.1
2020-08-01T07:50	78.78871	-2.32526	0.359	334.3
2020-08-01T08:00	78.78906	-2.33342	0.585	282.5
2020-08-01T08:10	78.78987	-2.33859	0.464	308.7
2020-08-01T08:20	78.79010	-2.34713	0.603	278.0
2020-08-01T08:30	78.79156	-2.35027	0.568	337.2
2020-08-01T08:40	78.79323	-2.35732	0.779	320.7
2020-08-01T08:50	78.79483	-2.35886	0.587	349.4
2020-08-01T09:00	78.79654	-2.36389	0.707	330.2
2020-08-01T09:10	78.79795	-2.36841	0.598	328.1
2020-08-01T09:20	78.79735	-2.37383	0.436	240.4
2020-08-01T09:30	78.79779	-2.37832	0.352	296.9
2020-08-01T09:40	78.79938	-2.38193	0.626	336.2
2020-08-01T09:50	78.80091	-2.38771	0.683	323.7
2020-08-01T10:00	78.80245	-2.39397	0.707	321.8
2020-08-01T10:10	78.80372	-2.39964	0.605	319.0
2020-08-01T10:20	78.80453	-2.40418	0.430	312.4
2020-08-01T10:30	78.80583	-2.40848	0.557	327.4
2020-08-01T10:40	78.80703	-2.41173	0.487	332.1
2020-08-01T10:50	78.80841	-2.41426	0.529	340.5
2020-08-01T11:00	78.80981	-2.41592	0.515	347.0
2020-08-01T11:10	78.81114	-2.41750	0.493	347.0
2020-08-01T11:20	78.81248	-2.41907	0.493	347.2
2020-08-01T11:30	78.81369	-2.42059	0.451	346.4
2020-08-01T11:40	78.81485	-2.42241	0.437	343.1
2020-08-01T11:50	78.81634	-2.42332	0.538	353.2
2020-08-01T12:00	78.81819	-2.42344	0.668	359.3
2020-08-01T12:10	78.81955	-2.42444	0.492	351.9
2020-08-01T12:20	78.82128	-2.42557	0.628	352.7
2020-08-01T12:30	78.82204	-2.42498	0.277	8.5
2020-08-01T12:40	78.82294	-2.42246	0.368	28.5
2020-08-01T12:50	78.82371	-2.41759	0.440	50.6
2020-08-01T13:00	78.82442	-2.41175	0.480	58.1
2020-08-01T13:10	78.82541	-2.40976	0.382	21.2
2020-08-01T13:20	78.82678	-2.40862	0.499	9.2
2020-08-01T13:30	78.82782	-2.40695	0.392	17.3
2020-08-01T13:40	78.82885	-2.40461	0.407	23.7
2020-08-01T13:50	78.82977	-2.40395	0.332	8.0
2020-08-01T14:00	78.83086	-2.40274	0.403	12.0
2020-08-01T14:10	78.83182	-2.40073	0.372	22.2
2020-08-01T14:20	78.83237	-2.39668	0.345	54.9
2020-08-01T14:30	78.83290	-2.39156	0.404	62.0
2020-08-01T14:40	78.83292	-2.38708	0.312	88.4
2020-08-01T14:50	78.81871	-2.38769	5.118	180.5
2020-08-01T15:00	78.81106	-2.36664	3.121	151.9
2020-08-01T15:10	78.81292	-2.36693	0.671	358.3
2020-08-01T15:20	78.80846	-2.38482	2.036	217.9
2020-08-01T15:30	78.81500	-2.39723	2.510	339.8
2020-08-01T15:40	78.81170	-2.37364	2.031	125.8
2020-08-01T15:50	78.81395	-2.40086	2.066	293.0
2020-08-01T16:00	78.81718	-2.40406	1.186	349.1
2020-08-01T16:10	78.81424	-2.38519	1.691	128.8
2020-08-01T16:20	78.82279	-2.38228	3.088	3.8
2020-08-01T16:30	78.83393	-2.39681	4.136	345.8
2020-08-01T16:40	78.84536	-2.40964	4.212	347.8
2020-08-01T16:50	78.85633	-2.42100	4.025	348.7
2020-08-01T17:00	78.86836	-2.43352	4.420	348.6
2020-08-01T17:10	78.87983	-2.44598	4.220	348.2
2020-08-01T17:20	78.89073	-2.45915	4.028	346.9
2020-08-01T17:30	78.90232	-2.47215	4.270	347.8
2020-08-01T17:40	78.91385	-2.47188	4.149	0.3
2020-08-01T17:50	78.92239	-2.47207	3.075	359.8
2020-08-01T18:00	78.92293	-2.47354	0.222	332.6
2020-08-01T18:10	78.92269	-2.47392	0.090	196.7
2020-08-01T18:20	78.92367	-2.47594	0.377	338.1
2020-08-01T18:30	78.92508	-2.47907	0.554	337.1
2020-08-01T18:40	78.92654	-2.48216	0.566	337.8
2020-08-01T18:50	78.92800	-2.48563	0.580	335.6
2020-08-01T19:00	78.92933	-2.48855	0.520	337.2
2020-08-01T19:10	78.93070	-2.49120	0.524	339.5
2020-08-01T19:20	78.93206	-2.49358	0.519	341.6
2020-08-01T19:30	78.93348	-2.49598	0.534	341.9
2020-08-01T19:40	78.93485	-2.49816	0.519	343.1
2020-08-01T19:50	78.93635	-2.50031	0.560	344.6
2020-08-01T20:00	78.93777	-2.50223	0.527	345.5
2020-08-01T20:10	78.93927	-2.50422	0.557	345.6
2020-08-01T20:20	78.94080	-2.50618	0.567	346.3
2020-08-01T20:30	78.94236	-2.50826	0.580	345.6
2020-08-01T20:40	78.94409	-2.51025	0.639	347.6
2020-08-01T20:50	78.94588	-2.51213	0.658	348.6
2020-08-01T21:00	78.94782	-2.51429	0.712	347.9
2020-08-01T21:10	78.94988	-2.51660	0.760	347.9
2020-08-01T21:20	78.95215	-2.51928	0.835	347.2
2020-08-01T21:30	78.95453	-2.52180	0.876	348.6
2020-08-01T21:40	78.95683	-2.52419	0.844	348.7
2020-08-01T21:50	78.95887	-2.52608	0.746	349.9
2020-08-01T22:00	78.96111	-2.52823	0.821	349.6
2020-08-01T22:10	78.96371	-2.53081	0.952	349.2
2020-08-01T22:20	78.96632	-2.53362	0.961	348.4
2020-08-01T22:30	78.96895	-2.53664	0.969	347.6
2020-08-01T22:40	78.97089	-2.53827	0.708	350.9
2020-08-01T22:50	78.97279	-2.54018	0.697	349.1
2020-08-01T23:00	78.97496	-2.54214	0.793	350.2
2020-08-01T23:10	78.97695	-2.54368	0.722	351.5
2020-08-01T23:20	78.97849	-2.54395	0.556	358.1
2020-08-01T23:30	78.97996	-2.54425	0.531	357.8
2020-08-01T23:40	78.98137	-2.54442	0.508	358.7
2020-08-01T23:50	78.98273	-2.54441	0.489	0.1
2020-08-02T00:00	78.98410	-2.54447	0.492	359.5
2020-08-02T00:10	78.98549	-2.54460	0.502	358.9
2020-08-02T00:20	78.98687	-2.54488	0.499	357.8
2020-08-02T00:30	78.98843	-2.54567	0.563	354.5
2020-08-02T00:40	78.98999	-2.54673	0.564	352.6
2020-08-02T00:50	78.99145	-2.54776	0.533	352.4
2020-08-02T01:00	78.99314	-2.54907	0.615	351.6
2020-08-02T01:10	78.99471	-2.55031	0.573	351.4
2020-08-02T01:20	78.99625	-2.55140	0.558	352.3
2020-08-02T01:30	78.99775	-2.55225	0.542	353.8
2020-08-02T01:40	78.99918	-2.55314	0.521	353.2
2020-08-02T01:50	79.00074	-2.55475	0.572	348.9
2020-08-02T02:00	79.00227	-2.55663	0.563	346.7
2020-08-02T02:10	79.00358	-2.55825	0.485	346.7
2020-08-02T02:20	79.00484	-2.55999	0.472	345.4
2020-08-02T02:30	79.00606	-2.56157	0.450	346.0
2020-08-02T02:40	79.00718	-2.56308	0.419	345.7
2020-08-02T02:50	79.00836	-2.56507	0.444	342.1
2020-08-02T03:00	79.00952	-2.56713	0.440	341.3
2020-08-02T03:10	79.01043	-2.56878	0.347	341.0
2020-08-02T03:20	79.01131	-2.57073	0.343	337.0
2020-08-02T03:30	79.01217	-2.57290	0.344	334.4
2020-08-02T03:40	79.01304	-2.57524	0.352	332.7
2020-08-02T03:50	79.01385	-2.57779	0.340	329.1
2020-08-02T04:00	79.01470	-2.58053	0.360	328.5
2020-08-02T04:10	79.01560	-2.58359	0.387	327.2
2020-08-02T04:20	79.01642	-2.58669	0.362	324.1
2020-08-02T04:30	79.01713	-2.58958	0.324	322.3
2020-08-02T04:40	79.01787	-2.59270	0.342	321.2
2020-08-02T04:50	79.01855	-2.59548	0.310	322.1
2020-08-02T05:00	79.01929	-2.59841	0.333	322.9
2020-08-02T05:10	79.02017	-2.60177	0.391	324.0
2020-08-02T05:20	79.02104	-2.60526	0.396	322.9
2020-08-02T05:30	79.02190	-2.60891	0.396	320.8
2020-08-02T05:40	79.02295	-2.61303	0.474	323.4
2020-08-02T05:50	79.02371	-2.61644	0.358	319.2
2020-08-02T06:00	79.02435	-2.62009	0.342	313.1
2020-08-02T06:10	79.02567	-2.62514	0.586	323.8
2020-08-02T06:20	79.02732	-2.62767	0.620	343.8
2020-08-02T06:30	79.02755	-2.62410	0.258	71.4
2020-08-02T06:40	79.02749	-2.62850	0.302	265.5
2020-08-02T06:50	79.02781	-2.63345	0.358	288.7
2020-08-02T07:00	79.02877	-2.63761	0.448	320.5
2020-08-02T07:10	79.02988	-2.64110	0.468	329.3
2020-08-02T07:20	79.03278	-2.67935	2.821	291.7
2020-08-02T07:30	79.03205	-2.71772	2.642	264.3
2020-08-02T07:40	79.03139	-2.73497	1.205	258.7
2020-08-02T07:50	79.03260	-2.74474	0.798	303.0
2020-08-02T08:00	79.03394	-2.74597	0.490	350.1
2020-08-02T08:10	79.03459	-2.74547	0.237	8.4
2020-08-02T08:20	79.03513	-2.74535	0.193	2.4
2020-08-02T08:30	79.03585	-2.74526	0.260	1.4
2020-08-02T08:40	79.03617	-2.74444	0.128	26.2
2020-08-02T08:50	79.03615	-2.74358	0.059	95.3
2020-08-02T09:00	79.03603	-2.74312	0.053	143.7
2020-08-02T09:10	79.03602	-2.74230	0.056	95.3
2020-08-02T09:20	79.03601	-2.74135	0.065	92.3
2020-08-02T09:30	79.03595	-2.74007	0.090	103.5
2020-08-02T09:40	79.03596	-2.73838	0.116	88.7
2020-08-02T09:50	79.03613	-2.73656	0.138	64.7
2020-08-02T10:00	79.03636	-2.73445	0.168	59.4
2020-08-02T10:10	79.03641	-2.73224	0.152	83.8
2020-08-02T10:20	79.03652	-2.72962	0.184	77.9
2020-08-02T10:30	79.03651	-2.72703	0.177	90.7
2020-08-02T10:40	79.03648	-2.72462	0.166	93.2
2020-08-02T10:50	79.03656	-2.72306	0.110	74.8
2020-08-02T11:00	79.03691	-2.72308	0.125	359.4
2020-08-02T11:10	79.03743	-2.72297	0.188	2.3
2020-08-02T11:20	79.03799	-2.72247	0.201	9.7
2020-08-02T11:30	79.03846	-2.72206	0.174	9.4
2020-08-02T11:40	79.03893	-2.72189	0.168	3.8
2020-08-02T11:50	79.03942	-2.72184	0.177	1.0
2020-08-02T12:00	79.03978	-2.72149	0.131	10.7
2020-08-02T12:10	79.04853	-2.70466	3.354	20.1
2020-08-02T12:20	79.06403	-2.69576	5.615	6.2
2020-08-02T12:30	79.07632	-2.63992	5.840	40.7
2020-08-02T12:40	79.08943	-2.59204	5.738	34.7
2020-08-02T12:50	79.10100	-2.57581	4.313	14.8
2020-08-02T13:00	79.11452	-2.56210	4.953	10.8
2020-08-02T13:10	79.11627	-2.56477	0.659	344.0
2020-08-02T13:20	79.11659	-2.56457	0.114	7.0
2020-08-02T13:30	79.11575	-2.56512	0.305	187.1
2020-08-02T13:40	79.11508	-2.56566	0.244	188.6
2020-08-02T13:50	79.11442	-2.56635	0.243	191.2
2020-08-02T14:00	79.11377	-2.56734	0.241	196.3
2020-08-02T14:10	79.11324	-2.56838	0.203	200.3
2020-08-02T14:20	79.11279	-2.56930	0.176	200.8
2020-08-02T14:30	79.11247	-2.57022	0.130	208.9
2020-08-02T14:40	79.11210	-2.57106	0.147	202.9
2020-08-02T14:50	79.11182	-2.57191	0.114	210.1
2020-08-02T15:00	79.11128	-2.57594	0.336	234.7
2020-08-02T15:10	79.11138	-2.57823	0.160	282.6
2020-08-02T15:20	79.11137	-2.58106	0.192	269.3
2020-08-02T15:30	79.11203	-2.57972	0.252	21.1
2020-08-02T15:40	79.11113	-2.57939	0.325	176.0
2020-08-02T15:50	79.11071	-2.57937	0.149	179.4
2020-08-02T16:00	79.11054	-2.57944	0.062	184.4
2020-08-02T16:10	79.11046	-2.57954	0.031	192.3
2020-08-02T16:20	79.11095	-2.58089	0.199	332.5
2020-08-02T16:30	79.11406	-2.60265	1.857	307.2
2020-08-02T16:40	79.11345	-2.60429	0.248	206.7
2020-08-02T16:50	79.11291	-2.60527	0.204	199.0
2020-08-02T17:00	79.11304	-2.60776	0.175	285.4
2020-08-02T17:10	79.11138	-2.60960	0.609	191.9
2020-08-02T17:20	79.10189	-2.65911	4.800	224.6
2020-08-02T17:30	79.09509	-2.70913	4.194	234.3
2020-08-02T17:40	79.08746	-2.73445	3.245	212.1
2020-08-02T17:50	79.07887	-2.77913	4.340	224.6
2020-08-02T18:00	79.06559	-2.79886	4.967	195.7
2020-08-02T18:10	79.05443	-2.81657	4.200	196.8
2020-08-02T18:20	79.03959	-2.86268	6.202	210.6
2020-08-02T18:30	79.02475	-2.90591	6.110	209.0
2020-08-02T18:40	79.01065	-2.96262	6.396	217.5
2020-08-02T18:50	78.99791	-3.03151	6.588	225.9
2020-08-02T19:00	78.98507	-3.10684	6.942	228.3
2020-08-02T19:10	78.97277	-3.18409	6.921	230.2
2020-08-02T19:20	78.96060	-3.26198	6.928	230.8
2020-08-02T19:30	78.94810	-3.33877	6.951	229.7
2020-08-02T19:40	78.93570	-3.41034	6.659	228.0
2020-08-02T19:50	78.92359	-3.47777	6.383	226.9
2020-08-02T20:00	78.91197	-3.54779	6.404	229.2
2020-08-02T20:10	78.89990	-3.60925	6.082	224.5
2020-08-02T20:20	78.88879	-3.67162	5.892	227.3
2020-08-02T20:30	78.87771	-3.73425	5.902	227.5
2020-08-02T20:40	78.86593	-3.79788	6.126	226.2
2020-08-02T20:50	78.85311	-3.86522	6.578	225.4
2020-08-02T21:00	78.84157	-3.94307	6.830	232.6
2020-08-02T21:10	78.82912	-4.00448	6.198	223.7
2020-08-02T21:20	78.81888	-4.07304	6.041	232.4
2020-08-02T21:30	78.80542	-4.12008	5.856	214.2
2020-08-02T21:40	78.79478	-4.18266	5.815	228.9
2020-08-02T21:50	78.78278	-4.24618	6.200	225.8
2020-08-02T22:00	78.77283	-4.30275	5.344	227.9
2020-08-02T22:10	78.76369	-4.35963	5.170	230.5
2020-08-02T22:20	78.75320	-4.39886	4.676	216.1
2020-08-02T22:30	78.74207	-4.44378	5.100	218.2
2020-08-02T22:40	78.73099	-4.49739	5.488	223.4
2020-08-02T22:50	78.72224	-4.53951	4.327	223.3
2020-08-02T23:00	78.71689	-4.58972	4.026	241.5
2020-08-02T23:10	78.70854	-4.63085	4.177	224.0
2020-08-02T23:20	78.69796	-4.66851	4.644	214.9
2020-08-02T23:30	78.69003	-4.71240	4.212	227.4
2020-08-02T23:40	78.68254	-4.78309	5.676	241.6
2020-08-02T23:50	78.67683	-4.84357	4.743	244.3
2020-08-03T00:00	78.66631	-4.89339	5.171	223.0
2020-08-03T00:10	78.66437	-4.90418	1.036	227.5
2020-08-03T00:20	78.66406	-4.91094	0.491	257.1
2020-08-03T00:30	78.66442	-4.91836	0.540	283.7
2020-08-03T00:40	78.66441	-4.92372	0.380	269.7
2020-08-03T00:50	78.66390	-4.92902	0.418	243.8
2020-08-03T01:00	78.66348	-4.93452	0.417	248.9
2020-08-03T01:10	78.66303	-4.93995	0.418	246.9
2020-08-03T01:20	78.66267	-4.94561	0.421	251.9
2020-08-03T01:30	78.66207	-4.95072	0.421	239.2
2020-08-03T01:40	78.66157	-4.95610	0.420	245.0
2020-08-03T01:50	78.66136	-4.96185	0.415	259.2
2020-08-03T02:00	78.66125	-4.96744	0.398	264.3
2020-08-03T02:10	78.66126	-4.97287	0.385	270.6
2020-08-03T02:20	78.66122	-4.97856	0.403	268.0
2020-08-03T02:30	78.66117	-4.98426	0.404	267.5
2020-08-03T02:40	78.66087	-4.98886	0.343	251.6
2020-08-03T02:50	78.66055	-4.99330	0.334	249.9
2020-08-03T03:00	78.66025	-4.99760	0.323	250.1
2020-08-03T03:10	78.65992	-5.00182	0.321	248.7
2020-08-03T03:20	78.65959	-5.00606	0.324	248.1
2020-08-03T03:30	78.65924	-5.01035	0.328	247.8
2020-08-03T03:40	78.65884	-5.01465	0.337	244.4
2020-08-03T03:50	78.65844	-5.01888	0.331	244.7
2020-08-03T04:00	78.65804	-5.02302	0.328	243.5
2020-08-03T04:10	78.65760	-5.02712	0.331	241.4
2020-08-03T04:20	78.65717	-5.03124	0.329	242.3
2020-08-03T04:30	78.65670	-5.03534	0.336	239.8
2020-08-03T04:40	78.65625	-5.03924	0.320	239.6
2020-08-03T04:50	78.65576	-5.04331	0.339	238.4
2020-08-03T05:00	78.65524	-5.04746	0.349	237.4
2020-08-03T05:10	78.65470	-5.05166	0.357	236.6
2020-08-03T05:20	78.65411	-5.05594	0.369	235.1
2020-08-03T05:30	78.65354	-5.06039	0.375	237.1
2020-08-03T05:40	78.65302	-5.06483	0.367	239.0
2020-08-03T05:50	78.65249	-5.06952	0.382	240.3
2020-08-03T06:00	78.65196	-5.07407	0.375	239.4
2020-08-03T06:10	78.65143	-5.07861	0.374	239.3
2020-08-03T06:20	78.64834	-5.07744	1.116	175.7
2020-08-03T06:30	78.63799	-5.09029	3.837	193.7
2020-08-03T06:40	78.62892	-5.10565	3.443	198.5
2020-08-03T06:50	78.62518	-5.11896	1.645	215.1
2020-08-03T07:00	78.62437	-5.12954	0.806	248.9
2020-08-03T07:10	78.62348	-5.13716	0.629	239.3
2020-08-03T07:20	78.62312	-5.14222	0.382	250.3
2020-08-03T07:30	78.62188	-5.14422	0.469	197.6
2020-08-03T07:40	78.62085	-5.14758	0.442	212.8
2020-08-03T07:50	78.62032	-5.15282	0.418	242.9
2020-08-03T08:00	78.61974	-5.15866	0.465	243.4
2020-08-03T08:10	78.61946	-5.16414	0.403	255.1
2020-08-03T08:20	78.61909	-5.17059	0.477	254.0
2020-08-03T08:30	78.61862	-5.17616	0.430	246.9
2020-08-03T08:40	78.62226	-5.14424	2.619	60.0
2020-08-03T08:50	78.62939	-5.08984	4.638	56.4
2020-08-03T09:00	78.63588	-5.04118	4.169	55.9
2020-08-03T09:10	78.64146	-4.96791	5.572	68.8
2020-08-03T09:20	78.64703	-4.89368	5.632	69.1
2020-08-03T09:30	78.65155	-4.82733	4.975	70.9
2020-08-03T09:40	78.65466	-4.75778	5.052	77.2
2020-08-03T09:50	78.65717	-4.68545	5.202	80.0
2020-08-03T10:00	78.66008	-4.60366	5.886	79.7
2020-08-03T10:10	78.66133	-4.52910	5.298	85.1
2020-08-03T10:20	78.65943	-4.44851	5.746	96.8
2020-08-03T10:30	78.65707	-4.39044	4.199	101.7
2020-08-03T10:40	78.65650	-4.32977	4.302	92.7
2020-08-03T10:50	78.65309	-4.29723	2.611	118.0
2020-08-03T11:00	78.64448	-4.31060	3.244	197.0
2020-08-03T11:10	78.63569	-4.31427	3.173	184.7
2020-08-03T11:20	78.62655	-4.30636	3.342	170.3
2020-08-03T11:30	78.63420	-4.30818	2.761	357.3
2020-08-03T11:40	78.64190	-4.31070	2.776	356.3
2020-08-03T11:50	78.64270	-4.33523	1.763	279.5
2020-08-03T12:00	78.63636	-4.34209	2.334	192.0
2020-08-03T12:10	78.63302	-4.34414	1.213	186.9
2020-08-03T12:20	78.63003	-4.34878	1.124	197.1
2020-08-03T12:30	78.62989	-4.35652	0.551	264.8
2020-08-03T12:40	78.62813	-4.34499	1.035	127.7
2020-08-03T12:50	78.62478	-4.35435	1.379	208.8
2020-08-03T13:00	78.62275	-4.36064	0.855	211.5
2020-08-03T13:10	78.62137	-4.36270	0.520	196.3
2020-08-03T13:20	78.61957	-4.36497	0.668	194.0
2020-08-03T13:30	78.61779	-4.36898	0.701	204.0
2020-08-03T13:40	78.61618	-4.37307	0.647	206.7
2020-08-03T13:50	78.61470	-4.37645	0.585	204.3
2020-08-03T14:00	78.61325	-4.37836	0.541	194.5
2020-08-03T14:10	78.61170	-4.38082	0.583	197.5
2020-08-03T14:20	78.61018	-4.38348	0.579	199.1
2020-08-03T14:30	78.60882	-4.38603	0.524	200.2
2020-08-03T14:40	78.60748	-4.38773	0.497	194.1
2020-08-03T14:50	78.60636	-4.39029	0.441	204.3
2020-08-03T15:00	78.60534	-4.39358	0.437	212.4
2020-08-03T15:10	78.60438	-4.39663	0.408	212.1
2020-08-03T15:20	78.60338	-4.40012	0.437	214.7
2020-08-03T15:30	78.60238	-4.40376	0.445	215.6
2020-08-03T15:40	78.60135	-4.40770	0.465	217.0
2020-08-03T15:50	78.60019	-4.41142	0.495	212.4
2020-08-03T16:00	78.59896	-4.41473	0.500	208.1
2020-08-03T16:10	78.59944	-4.41941	0.375	297.2
2020-08-03T16:20	78.61141	-4.36441	5.821	42.2
2020-08-03T16:30	78.62577	-4.32469	5.891	28.6
2020-08-03T16:40	78.63921	-4.28286	5.675	31.5
2020-08-03T16:50	78.65545	-4.22686	7.068	34.1
2020-08-03T17:00	78.66999	-4.16761	6.709	38.7
2020-08-03T17:10	78.68588	-4.10330	7.306	38.4
2020-08-03T17:20	78.70220	-4.04058	7.357	37.0
2020-08-03T17:30	78.71868	-3.98362	7.166	34.0
2020-08-03T17:40	78.73508	-3.92732	7.111	33.8
2020-08-03T17:50	78.75114	-3.87210	6.963	33.9
2020-08-03T18:00	78.76745	-3.81612	7.065	33.8
2020-08-03T18:10	78.78333	-3.76031	6.928	34.3
2020-08-03T18:20	78.79844	-3.70745	6.577	34.2
2020-08-03T18:30	78.81355	-3.65528	6.549	33.8
2020-08-03T18:40	78.82886	-3.60149	6.671	34.2
2020-08-03T18:50	78.84493	-3.54584	6.967	33.8
2020-08-03T19:00	78.85987	-3.49374	6.487	34.0
2020-08-03T19:10	78.87347	-3.44621	5.907	34.0
2020-08-03T19:20	78.88777	-3.39566	6.233	34.3
2020-08-03T19:30	78.90245	-3.34451	6.363	33.9
2020-08-03T19:40	78.91666	-3.29503	6.158	33.8
2020-08-03T19:50	78.93153	-3.24177	6.501	34.5
2020-08-03T20:00	78.94694	-3.18763	6.691	34.0
2020-08-03T20:10	78.96234	-3.13349	6.684	33.9
2020-08-03T20:20	78.97752	-3.08079	6.562	33.6
2020-08-03T20:30	78.99289	-3.02532	6.721	34.6
2020-08-03T20:40	79.00851	-2.97034	6.775	33.9
2020-08-03T20:50	79.02186	-2.92195	5.843	34.6
2020-08-03T21:00	79.01770	-2.91103	1.676	153.4
2020-08-03T21:10	79.01500	-2.91957	1.133	211.1
2020-08-03T21:20	79.01467	-2.92634	0.479	255.6
2020-08-03T21:30	79.01512	-2.93225	0.437	291.7
2020-08-03T21:40	79.01612	-2.93745	0.507	315.3
2020-08-03T21:50	79.01703	-2.94252	0.477	313.3
2020-08-03T22:00	79.01801	-2.94765	0.499	315.1
2020-08-03T22:10	79.01905	-2.95277	0.514	316.9
2020-08-03T22:20	79.02008	-2.95790	0.511	316.5
2020-08-03T22:30	79.02123	-2.96317	0.550	318.9
2020-08-03T22:40	79.02232	-2.96859	0.539	316.4
2020-08-03T22:50	79.02348	-2.97403	0.560	318.2
2020-08-03T23:00	79.02458	-2.97953	0.546	316.3
2020-08-03T23:10	79.02483	-2.98648	0.485	280.9
2020-08-03T23:20	79.02525	-2.99323	0.486	288.0
2020-08-03T23:30	79.02611	-2.99959	0.536	305.4
2020-08-03T23:40	79.02701	-3.00634	0.566	305.1
2020-08-03T23:50	79.02791	-3.01316	0.567	304.5
2020-08-04T00:00	79.02851	-3.02111	0.586	291.7
2020-08-04T00:10	79.02883	-3.02959	0.593	281.4
2020-08-04T00:20	79.02918	-3.03824	0.606	281.9
2020-08-04T00:30	79.03000	-3.04686	0.660	296.6
2020-08-04T00:40	79.03110	-3.05593	0.736	302.4
2020-08-04T00:50	79.03187	-3.06526	0.697	293.4
2020-08-04T01:00	79.03246	-3.07505	0.704	287.6
2020-08-04T01:10	79.03276	-3.08570	0.738	278.4
2020-08-04T01:20	79.03300	-3.09636	0.736	276.8
2020-08-04T01:30	79.03323	-3.10714	0.742	276.3
2020-08-04T01:40	79.03357	-3.11799	0.754	279.6
2020-08-04T01:50	79.03420	-3.12882	0.775	287.0
2020-08-04T02:00	79.03524	-3.13930	0.810	297.5
2020-08-04T02:10	79.03649	-3.14956	0.833	302.6
2020-08-04T02:20	79.03752	-3.16017	0.816	297.1
2020-08-04T02:30	79.03815	-3.17118	0.787	286.6
2020-08-04T02:40	79.03851	-3.18269	0.798	279.5
2020-08-04T02:50	79.03891	-3.19423	0.804	280.3
2020-08-04T03:00	79.03956	-3.20530	0.793	287.1
2020-08-04T03:10	79.04058	-3.21611	0.826	296.5
2020-08-04T03:20	79.04178	-3.22623	0.817	302.1
2020-08-04T03:30	79.04270	-3.23640	0.770	295.3
2020-08-04T03:40	79.04373	-3.24640	0.779	298.6
2020-08-04T03:50	79.04461	-3.25612	0.736	295.3
2020-08-04T04:00	79.04535	-3.26578	0.713	291.9
2020-08-04T04:10	79.04606	-3.27519	0.693	291.7
2020-08-04T04:20	79.04652	-3.28438	0.650	284.8
2020-08-04T04:30	79.04687	-3.29360	0.643	281.2
2020-08-04T04:40	79.04711	-3.30284	0.638	278.0
2020-08-04T04:50	79.04724	-3.31182	0.616	274.4
2020-08-04T05:00	79.04727	-3.32057	0.598	271.1
2020-08-04T05:10	79.04717	-3.32909	0.585	266.1
2020-08-04T05:20	79.04704	-3.33746	0.574	265.5
2020-08-04T05:30	79.04689	-3.34573	0.568	264.6
2020-08-04T05:40	79.04668	-3.35380	0.557	262.2
2020-08-04T05:50	79.04641	-3.36183	0.558	259.7
2020-08-04T06:00	79.04616	-3.36978	0.552	260.7
2020-08-04T06:10	79.04288	-3.33788	2.482	118.4
2020-08-04T06:20	79.04015	-3.25412	5.817	99.7
2020-08-04T06:30	79.03926	-3.16775	5.921	93.1
2020-08-04T06:40	79.03892	-3.08716	5.519	91.2
2020-08-04T06:50	79.03926	-3.08869	0.159	319.0
2020-08-04T07:00	79.03965	-3.08919	0.146	346.2
2020-08-04T07:10	79.04085	-3.09236	0.485	333.4
2020-08-04T07:20	79.04214	-3.09561	0.514	334.4
2020-08-04T07:30	79.04213	-3.10054	0.338	269.3
2020-08-04T07:40	79.04161	-3.10754	0.515	248.6
2020-08-04T07:50	79.04111	-3.11441	0.503	249.2
2020-08-04T08:00	79.04067	-3.12068	0.457	249.9
2020-08-04T08:10	79.04003	-3.12686	0.483	241.1
2020-08-04T08:20	79.03928	-3.13323	0.513	238.3
2020-08-04T08:30	79.03837	-3.14009	0.573	235.1
2020-08-04T08:40	79.03708	-3.14686	0.657	224.9
2020-08-04T08:50	79.03565	-3.15347	0.685	221.4
2020-08-04T09:00	79.03431	-3.15994	0.655	222.5
2020-08-04T09:10	79.03314	-3.16692	0.638	228.6
2020-08-04T09:20	79.03178	-3.17400	0.689	224.7
2020-08-04T09:30	79.03033	-3.18085	0.701	222.0
2020-08-04T09:40	79.02886	-3.18740	0.695	220.2
2020-08-04T09:50	79.02720	-3.19347	0.726	214.9
2020-08-04T10:00	79.02863	-3.20230	0.794	310.3
2020-08-04T10:10	79.02665	-3.18129	1.607	116.3
2020-08-04T10:20	79.02411	-3.21136	2.254	246.2
2020-08-04T10:30	79.02835	-3.20683	1.557	11.5
2020-08-04T10:40	79.02841	-3.17554	2.145	89.5
2020-08-04T10:50	79.02211	-3.20259	2.930	219.3
2020-08-04T11:00	79.02509	-3.22544	1.900	304.5
2020-08-04T11:10	79.03210	-3.20555	2.867	28.4
2020-08-04T11:20	79.02882	-3.16701	2.892	114.0
2020-08-04T11:30	79.01930	-3.18965	3.765	204.4
2020-08-04T11:40	79.02453	-3.23823	3.827	299.5
2020-08-04T11:50	79.03182	-3.21882	2.944	26.9
2020-08-04T12:00	79.03181	-3.17541	2.973	90.1
2020-08-04T12:10	79.03105	-3.17380	0.295	158.0
2020-08-04T12:20	79.03021	-3.18336	0.721	245.1
2020-08-04T12:30	79.02454	-3.15813	2.673	139.7
2020-08-04T12:40	79.02109	-3.16451	1.319	199.4
2020-08-04T12:50	79.02006	-3.17536	0.830	243.6
2020-08-04T13:00	79.01929	-3.18657	0.818	250.2
2020-08-04T13:10	79.01867	-3.19862	0.857	254.7
2020-08-04T13:20	79.01791	-3.21442	1.117	255.9
2020-08-04T13:30	79.01761	-3.23024	1.091	264.4
2020-08-04T13:40	79.01726	-3.24516	1.031	263.0
2020-08-04T13:50	79.01695	-3.26021	1.039	263.8
2020-08-04T14:00	79.01672	-3.27478	1.003	265.2
2020-08-04T14:10	79.01658	-3.28901	0.977	267.2
2020-08-04T14:20	79.01645	-3.30287	0.952	267.2
2020-08-04T14:30	79.01641	-3.31669	0.948	269.0
2020-08-04T14:40	79.01643	-3.33039	0.940	270.5
2020-08-04T14:50	79.01649	-3.34385	0.923	271.3
2020-08-04T15:00	79.01656	-3.35676	0.886	271.6
2020-08-04T15:10	79.01666	-3.36905	0.844	272.5
2020-08-04T15:20	79.01679	-3.38072	0.802	273.2
2020-08-04T15:30	79.01705	-3.39208	0.785	277.0
2020-08-04T15:40	79.01736	-3.40217	0.701	279.1
2020-08-04T15:50	79.01760	-3.41088	0.604	278.3
2020-08-04T16:00	79.01779	-3.41973	0.610	276.2
2020-08-04T16:10	79.01799	-3.42782	0.560	277.6
2020-08-04T16:20	79.01820	-3.43570	0.546	277.8
2020-08-04T16:30	79.01839	-3.44348	0.539	277.6
2020-08-04T16:40	79.01861	-3.45064	0.497	279.1
2020-08-04T16:50	79.01870	-3.45753	0.474	274.0
2020-08-04T17:00	79.01868	-3.46477	0.497	269.1
2020-08-04T17:10	79.01859	-3.47223	0.513	266.1
2020-08-04T17:20	79.01844	-3.47930	0.487	263.9
2020-08-04T17:30	79.01825	-3.48493	0.392	260.0
2020-08-04T17:40	79.01802	-3.48982	0.346	256.1
2020-08-04T17:50	79.01765	-3.49546	0.409	251.0
2020-08-04T18:00	79.01716	-3.50194	0.478	248.4
2020-08-04T18:10	79.01653	-3.50916	0.546	245.2
2020-08-04T18:20	79.01576	-3.51597	0.541	239.6
2020-08-04T18:30	79.01497	-3.52223	0.516	236.4
2020-08-04T18:40	79.01408	-3.52895	0.562	235.1
2020-08-04T18:50	79.00944	-3.54246	1.910	209.1
2020-08-04T19:00	79.00312	-3.49982	3.709	127.9
2020-08-04T19:10	78.99579	-3.44725	4.473	126.1
2020-08-04T19:20	78.98809	-3.38963	4.835	124.9
2020-08-04T19:30	78.98117	-3.33405	4.565	123.1
2020-08-04T19:40	78.97406	-3.27458	4.828	122.0
2020-08-04T19:50	78.96624	-3.20337	5.656	119.8
2020-08-04T20:00	78.95865	-3.14243	5.012	123.0
2020-08-04T20:10	78.95096	-3.06770	5.852	118.2
2020-08-04T20:20	78.94237	-2.98377	6.568	118.1
2020-08-04T20:30	78.93350	-2.89370	6.994	117.1
2020-08-04T20:40	78.92447	-2.80327	7.046	117.4
2020-08-04T20:50	78.91536	-2.71303	7.053	117.7
2020-08-04T21:00	78.90600	-2.62324	7.073	118.4
2020-08-04T21:10	78.89670	-2.53435	7.012	118.5
2020-08-04T21:20	78.88739	-2.44502	7.044	118.3
2020-08-04T21:30	78.87815	-2.35486	7.088	117.9
2020-08-04T21:40	78.86918	-2.26678	6.921	117.8
2020-08-04T21:50	78.86102	-2.18589	6.345	117.5
2020-08-04T22:00	78.85430	-2.11510	5.489	116.2
2020-08-04T22:10	78.84862	-2.04901	5.035	113.9
2020-08-04T22:20	78.84104	-1.96802	6.266	115.8
2020-08-04T22:30	78.83373	-1.89199	5.918	116.4
2020-08-04T22:40	78.82616	-1.81298	6.147	116.3
2020-08-04T22:50	78.81791	-1.73251	6.354	117.8
2020-08-04T23:00	78.80927	-1.64990	6.556	118.3
2020-08-04T23:10	78.80022	-1.56709	6.643	119.3
2020-08-04T23:20	78.79098	-1.49582	5.993	123.7
2020-08-04T23:30	78.78099	-1.41802	6.529	123.4
2020-08-04T23:40	78.77311	-1.33698	6.348	116.5
2020-08-04T23:50	78.76438	-1.25064	6.822	117.4
2020-08-05T00:00	78.75770	-1.18350	5.290	117.0
2020-08-05T00:10	78.75360	-1.14699	2.958	119.9
2020-08-05T00:20	78.74741	-1.06252	6.339	110.6
2020-08-05T00:30	78.74609	-1.03875	1.736	105.8
2020-08-05T00:40	78.74468	-1.04377	0.618	214.8
2020-08-05T00:50	78.74320	-1.04838	0.624	211.3
2020-08-05T01:00	78.74173	-1.05302	0.621	211.7
2020-08-05T01:10	78.74025	-1.05864	0.663	216.6
2020-08-05T01:20	78.73867	-1.06321	0.655	209.3
2020-08-05T01:30	78.73708	-1.06807	0.666	210.9
2020-08-05T01:40	78.73556	-1.07314	0.653	213.1
2020-08-05T01:50	78.73416	-1.07856	0.631	217.1
2020-08-05T02:00	78.73286	-1.08410	0.612	219.6
2020-08-05T02:10	78.73162	-1.08977	0.596	222.0
2020-08-05T02:20	78.73035	-1.09526	0.601	220.0
2020-08-05T02:30	78.72905	-1.10072	0.606	219.4
2020-08-05T02:40	78.72771	-1.10618	0.615	218.6
2020-08-05T02:50	78.72631	-1.11137	0.625	215.9
2020-08-05T03:00	78.72488	-1.11637	0.622	214.4
2020-08-05T03:10	78.72353	-1.12142	0.602	216.2
2020-08-05T03:20	78.72228	-1.12633	0.568	217.5
2020-08-05T03:30	78.72106	-1.13134	0.564	218.7
2020-08-05T03:40	78.71984	-1.13624	0.558	218.1
2020-08-05T03:50	78.71865	-1.14107	0.547	218.4
2020-08-05T04:00	78.71742	-1.14561	0.548	215.7
2020-08-05T04:10	78.71621	-1.15006	0.535	215.9
2020-08-05T04:20	78.71504	-1.15455	0.528	216.8
2020-08-05T04:30	78.71382	-1.15903	0.539	215.9
2020-08-05T04:40	78.71259	-1.16345	0.543	215.0
2020-08-05T04:50	78.71131	-1.16747	0.541	211.5
2020-08-05T05:00	78.70999	-1.17107	0.538	208.1
2020-08-05T05:10	78.70874	-1.17441	0.506	207.7
2020-08-05T05:20	78.70737	-1.17780	0.550	205.8
2020-08-05T05:30	78.70604	-1.18145	0.543	208.3
2020-08-05T05:40	78.70478	-1.18495	0.515	208.6
2020-08-05T05:50	78.70353	-1.18854	0.519	209.2
2020-08-05T06:00	78.70226	-1.19223	0.524	209.8
2020-08-05T06:10	78.70102	-1.19563	0.510	208.1
2020-08-05T06:20	78.69978	-1.19907	0.508	208.5
2020-08-05T06:30	78.69844	-1.20248	0.539	206.5
2020-08-05T06:40	78.69713	-1.20578	0.523	206.3
2020-08-05T06:50	78.69578	-1.20931	0.546	207.1
2020-08-05T07:00	78.69440	-1.21241	0.543	203.8
2020-08-05T07:10	78.70322	-1.19969	3.298	15.8
2020-08-05T07:20	78.69835	-1.20136	1.757	183.8
2020-08-05T07:30	78.68588	-1.24498	5.442	214.5
2020-08-05T07:40	78.67355	-1.27713	4.988	207.1
2020-08-05T07:50	78.65870	-1.31971	6.136	209.4
2020-08-05T08:00	78.64495	-1.35438	5.527	206.4
2020-08-05T08:10	78.63059	-1.37335	5.342	194.6
2020-08-05T08:20	78.61751	-1.41011	5.385	209.0
2020-08-05T08:30	78.60627	-1.44626	4.795	212.4
2020-08-05T08:40	78.60317	-1.46246	1.604	225.9
2020-08-05T08:50	78.60116	-1.47075	0.931	219.3
2020-08-05T09:00	78.59999	-1.48087	0.836	239.5
2020-08-05T09:10	78.59933	-1.49393	0.959	255.8
2020-08-05T09:20	78.59807	-1.50336	0.811	235.8
2020-08-05T09:30	78.59660	-1.51171	0.796	228.3
2020-08-05T09:40	78.59420	-1.52292	1.175	222.8
2020-08-05T09:50	78.59383	-1.53092	0.585	256.6
2020-08-05T10:00	78.59299	-1.54131	0.799	247.8
2020-08-05T10:10	78.59228	-1.55169	0.782	251.0
2020-08-05T10:20	78.59167	-1.56241	0.795	253.8
2020-08-05T10:30	78.59109	-1.57136	0.671	251.9
2020-08-05T10:40	78.59047	-1.58093	0.717	252.0
2020-08-05T10:50	78.58941	-1.59058	0.787	240.9
2020-08-05T11:00	78.58849	-1.60206	0.882	248.0
2020-08-05T11:10	78.58683	-1.61410	1.046	235.1
2020-08-05T11:20	78.58457	-1.62482	1.114	223.3
2020-08-05T11:30	78.58350	-1.63271	0.683	235.4
2020-08-05T11:40	78.58247	-1.63623	0.448	214.1
2020-08-05T11:50	78.58246	-1.64336	0.508	269.9
2020-08-05T12:00	78.58140	-1.64933	0.573	228.0
2020-08-05T12:10	78.58001	-1.65379	0.594	212.4
2020-08-05T12:20	78.57854	-1.65714	0.578	204.4
2020-08-05T12:30	78.57679	-1.66287	0.751	213.0
2020-08-05T12:40	78.57491	-1.66894	0.805	212.5
2020-08-05T12:50	78.57302	-1.67540	0.821	214.1
2020-08-05T13:00	78.57156	-1.68060	0.643	215.2
2020-08-05T13:10	78.56989	-1.68660	0.739	215.4
2020-08-05T13:20	78.56750	-1.69179	0.938	203.3
2020-08-05T13:30	78.56612	-1.69894	0.712	225.8
2020-08-05T13:40	78.56428	-1.70198	0.698	198.1
2020-08-05T13:50	78.56281	-1.70952	0.754	225.6
2020-08-05T14:00	78.56182	-1.71454	0.505	225.2
2020-08-05T14:10	78.56055	-1.72265	0.739	231.7
2020-08-05T14:20	78.55671	-1.80762	6.225	257.2
2020-08-05T14:30	78.55440	-1.90453	6.973	263.2
2020-08-05T14:40	78.55191	-1.98738	5.987	261.4
2020-08-05T14:50	78.55079	-2.02513	2.728	261.5
2020-08-05T15:00	78.55004	-2.03768	0.937	253.3
2020-08-05T15:10	78.54785	-2.08387	3.395	256.6
2020-08-05T15:20	78.54711	-2.16493	5.801	267.4
2020-08-05T15:30	78.54460	-2.25673	6.626	262.2
2020-08-05T15:40	78.54239	-2.33917	5.949	262.4
2020-08-05T15:50	78.54022	-2.43104	6.617	263.3
2020-08-05T16:00	78.53821	-2.52150	6.512	263.6
2020-08-05T16:10	78.53650	-2.60550	6.042	264.2
2020-08-05T16:20	78.53440	-2.69663	6.565	263.4
2020-08-05T16:30	78.53159	-2.77974	6.034	260.4
2020-08-05T16:40	78.52865	-2.86469	6.174	260.2
2020-08-05T16:50	78.52496	-2.95874	6.865	258.9
2020-08-05T17:00	78.52121	-3.05068	6.723	258.5
2020-08-05T17:10	78.51853	-3.13764	6.307	261.2
2020-08-05T17:20	78.51551	-3.22899	6.637	260.6
2020-08-05T17:30	78.51263	-3.32468	6.938	261.4
2020-08-05T17:40	78.50981	-3.41434	6.509	261.1
2020-08-05T17:50	78.50692	-3.50874	6.851	261.3
2020-08-05T18:00	78.50411	-3.60424	6.926	261.6
2020-08-05T18:10	78.50109	-3.70068	7.006	261.1
2020-08-05T18:20	78.49828	-3.79709	6.995	261.7
2020-08-05T18:30	78.49532	-3.89268	6.945	261.2
2020-08-05T18:40	78.49264	-3.97897	6.272	261.2
2020-08-05T18:50	78.48923	-4.06528	6.321	258.9
2020-08-05T19:00	78.48738	-4.15177	6.250	263.9
2020-08-05T19:10	78.48479	-4.23463	6.028	261.1
2020-08-05T19:20	78.48169	-4.32615	6.672	260.4
2020-08-05T19:30	78.47924	-4.41742	6.622	262.4
2020-08-05T19:40	78.47767	-4.50440	6.281	264.9
2020-08-05T19:50	78.47406	-4.58401	5.872	257.2
2020-08-05T20:00	78.47161	-4.67241	6.421	262.2
2020-08-05T20:10	78.46901	-4.75758	6.201	261.3
2020-08-05T20:20	78.46646	-4.84495	6.356	261.7
2020-08-05T20:30	78.46368	-4.92459	5.820	260.2
2020-08-05T20:40	78.46111	-5.00718	6.019	261.2
2020-08-05T20:50	78.45591	-5.08466	5.888	251.5
2020-08-05T21:00	78.45275	-5.16169	5.666	258.5
2020-08-05T21:10	78.45058	-5.23948	5.661	262.1
2020-08-05T21:20	78.44760	-5.32376	6.170	260.0
2020-08-05T21:30	78.44437	-5.41195	6.465	259.7
2020-08-05T21:40	78.44127	-5.48243	5.205	257.6
2020-08-05T21:50	78.43919	-5.55159	5.046	261.5
2020-08-05T22:00	78.43589	-5.62906	5.715	258.1
2020-08-05T22:10	78.43295	-5.69993	5.225	258.3
2020-08-05T22:20	78.42945	-5.77766	5.752	257.4
2020-08-05T22:30	78.42632	-5.85470	5.677	258.6
2020-08-05T22:40	78.42426	-5.93933	6.159	263.1
2020-08-05T22:50	78.42173	-6.01770	5.735	260.9
2020-08-05T23:00	78.41824	-6.09160	5.487	256.8
2020-08-05T23:10	78.41535	-6.16803	5.622	259.4
2020-08-05T23:20	78.41317	-6.24778	5.820	262.3
2020-08-05T23:30	78.41174	-6.30040	3.840	262.3
2020-08-05T23:40	78.40920	-6.36300	4.620	258.6
2020-08-05T23:50	78.40684	-6.43235	5.089	260.4
2020-08-06T00:00	78.40399	-6.50759	5.540	259.4
2020-08-06T00:10	78.40272	-6.54565	2.793	260.6
2020-08-06T00:20	78.40133	-6.61734	5.213	264.5
2020-08-06T00:30	78.39875	-6.69237	5.511	260.3
2020-08-06T00:40	78.39620	-6.76774	5.535	260.5
2020-08-06T00:50	78.39357	-6.84353	5.570	260.3
2020-08-06T01:00	78.39066	-6.90519	4.588	256.8
2020-08-06T01:10	78.38792	-6.97505	5.157	259.0
2020-08-06T01:20	78.39000	-6.99366	1.542	299.0
2020-08-06T01:30	78.38979	-6.99677	0.238	251.4
2020-08-06T01:40	78.38955	-6.99985	0.240	248.7
2020-08-06T01:50	78.38930	-7.00291	0.238	248.2
2020-08-06T02:00	78.38924	-7.00586	0.215	264.0
2020-08-06T02:10	78.38888	-7.00927	0.278	242.6
2020-08-06T02:20	78.38865	-7.01173	0.198	244.3
2020-08-06T02:30	78.38845	-7.01417	0.191	248.0
2020-08-06T02:40	78.38829	-7.01653	0.181	251.1
2020-08-06T02:50	78.38811	-7.01895	0.186	249.8
2020-08-06T03:00	78.38794	-7.02132	0.182	250.9
2020-08-06T03:10	78.38777	-7.02356	0.174	249.7
2020-08-06T03:20	78.38760	-7.02631	0.209	252.2
2020-08-06T03:30	78.38743	-7.02832	0.157	247.9
2020-08-06T03:40	78.38725	-7.03032	0.159	245.8
2020-08-06T03:50	78.38706	-7.03226	0.156	244.0
2020-08-06T04:00	78.38686	-7.03414	0.155	241.5
2020-08-06T04:10	78.38663	-7.03591	0.153	237.2
2020-08-06T04:20	78.38636	-7.03773	0.162	234.3
2020-08-06T04:30	78.38611	-7.03952	0.159	234.7
2020-08-06T04:40	78.38584	-7.04126	0.158	232.7
2020-08-06T04:50	78.38555	-7.04294	0.162	229.0
2020-08-06T05:00	78.38525	-7.04462	0.163	228.4
2020-08-06T05:10	78.38494	-7.04619	0.159	225.7
2020-08-06T05:20	78.38460	-7.04778	0.168	223.1
2020-08-06T05:30	78.38421	-7.04928	0.177	218.2
2020-08-06T05:40	78.38378	-7.05067	0.185	212.9
2020-08-06T05:50	78.38146	-7.09010	2.979	253.7
2020-08-06T06:00	78.37519	-7.13608	4.028	235.9
2020-08-06T06:10	78.37114	-7.16186	2.372	232.1
2020-08-06T06:20	78.36866	-7.17640	1.382	229.8
2020-08-06T06:30	78.36797	-7.17843	0.289	210.5
2020-08-06T06:40	78.36688	-7.18819	0.810	241.1
2020-08-06T06:50	78.36562	-7.19376	0.607	221.8
2020-08-06T07:00	78.36490	-7.19618	0.315	214.0
2020-08-06T07:10	78.36424	-7.19852	0.291	215.8
2020-08-06T07:20	78.36352	-7.20080	0.308	212.5
2020-08-06T07:30	78.36276	-7.20312	0.321	211.8
2020-08-06T07:40	78.36186	-7.20589	0.381	211.8
2020-08-06T07:50	78.36114	-7.20851	0.324	216.0
2020-08-06T08:00	78.36024	-7.21134	0.382	212.4
2020-08-06T08:10	78.35932	-7.21414	0.389	211.6
2020-08-06T08:20	78.35832	-7.21727	0.428	212.2
2020-08-06T08:30	78.35749	-7.22024	0.368	215.8
2020-08-06T08:40	78.35663	-7.22327	0.380	215.5
2020-08-06T08:50	78.35576	-7.22632	0.384	215.3
2020-08-06T09:00	78.35564	-7.22882	0.186	257.0
2020-08-06T09:10	78.35353	-7.23758	0.991	220.0
2020-08-06T09:20	78.35202	-7.24145	0.613	207.3
2020-08-06T09:30	78.35130	-7.24637	0.441	234.2
2020-08-06T09:40	78.34982	-7.23992	0.711	138.7
2020-08-06T09:50	78.35007	-7.24364	0.286	288.7
2020-08-06T10:00	78.34969	-7.24767	0.323	245.0
2020-08-06T10:10	78.34883	-7.25110	0.397	218.8
2020-08-06T10:20	78.34792	-7.25502	0.437	220.8
2020-08-06T10:30	78.35444	-7.24295	2.506	20.5
2020-08-06T10:40	78.35633	-7.24169	0.686	7.7
2020-08-06T10:50	78.35559	-7.24565	0.392	227.2
2020-08-06T11:00	78.35483	-7.24925	0.377	223.9
2020-08-06T11:10	78.35515	-7.24575	0.278	65.9
2020-08-06T11:20	78.35439	-7.24841	0.332	215.5
2020-08-06T11:30	78.35362	-7.25202	0.384	223.1
2020-08-06T11:40	78.35283	-7.25589	0.399	224.7
2020-08-06T11:50	78.35206	-7.26001	0.408	227.3
2020-08-06T12:00	78.35134	-7.26415	0.397	229.2
2020-08-06T12:10	78.35064	-7.26808	0.379	228.9
2020-08-06T12:20	78.34996	-7.27197	0.374	229.0
2020-08-06T12:30	78.34931	-7.27580	0.365	229.7
2020-08-06T12:40	78.34867	-7.27964	0.361	230.8
2020-08-06T12:50	78.34807	-7.28348	0.354	232.1
2020-08-06T13:00	78.34751	-7.28721	0.338	233.3
2020-08-06T13:10	78.34693	-7.29127	0.362	234.7
2020-08-06T13:20	78.34635	-7.29538	0.364	235.4
2020-08-06T13:30	78.34578	-7.29949	0.363	235.2
2020-08-06T13:40	78.34518	-7.30375	0.377	235.3
2020-08-06T13:50	78.34468	-7.30775	0.342	238.3
2020-08-06T14:00	78.34420	-7.31163	0.330	238.6
2020-08-06T14:10	78.34387	-7.31525	0.290	245.2
2020-08-06T14:20	78.34344	-7.31860	0.287	238.1
2020-08-06T14:30	78.34295	-7.32229	0.322	236.6
2020-08-06T14:40	78.34244	-7.32589	0.321	234.7
2020-08-06T14:50	78.34190	-7.32945	0.324	233.1
2020-08-06T15:00	78.34133	-7.33288	0.322	230.8
2020-08-06T15:10	78.34079	-7.33611	0.306	230.1
2020-08-06T15:20	78.34028	-7.33919	0.288	231.2
2020-08-06T15:30	78.33999	-7.34266	0.273	247.5
2020-08-06T15:40	78.33967	-7.34565	0.248	241.6
2020-08-06T15:50	78.33937	-7.34854	0.235	243.2
2020-08-06T16:00	78.33910	-7.35159	0.242	246.5
2020-08-06T16:10	78.33881	-7.35408	0.210	239.8
2020-08-06T16:20	78.33855	-7.35669	0.211	244.0
2020-08-06T16:30	78.33832	-7.35918	0.199	245.6
2020-08-06T16:40	78.34089	-7.36431	0.997	338.0
2020-08-06T16:50	78.35266	-7.34239	4.527	20.6
2020-08-06T17:00	78.36076	-7.32971	3.060	17.5
2020-08-06T17:10	78.36094	-7.33064	0.092	313.0
2020-08-06T17:20	78.36077	-7.33189	0.108	236.9
2020-08-06T17:30	78.36112	-7.33447	0.226	304.0
2020-08-06T17:40	78.37209	-7.31652	4.157	18.3
2020-08-06T17:50	78.38527	-7.29081	5.098	21.4
2020-08-06T18:00	78.39885	-7.26432	5.254	21.4
2020-08-06T18:10	78.41189	-7.24104	4.988	19.7
2020-08-06T18:20	78.42279	-7.21587	4.326	24.9
2020-08-06T18:30	78.43423	-7.20075	4.260	14.8
2020-08-06T18:40	78.44728	-7.18075	4.917	17.1
2020-08-06T18:50	78.46181	-7.15959	5.449	16.2
2020-08-06T19:00	78.47617	-7.13851	5.387	16.4
2020-08-06T19:10	78.49052	-7.11724	5.390	16.5
2020-08-06T19:20	78.50459	-7.09630	5.284	16.5
2020-08-06T19:30	78.52017	-7.06812	5.961	19.8
2020-08-06T19:40	78.53772	-7.04848	6.474	12.5
2020-08-06T19:50	78.55289	-7.02325	5.752	18.3
2020-08-06T20:00	78.56624	-6.97405	5.955	36.1
2020-08-06T20:10	78.57478	-6.91689	5.106	53.0
2020-08-06T20:20	78.59128	-6.89232	6.196	16.4
2020-08-06T20:30	78.60464	-6.84222	5.987	36.5
2020-08-06T20:40	78.61866	-6.80060	5.851	30.4
2020-08-06T20:50	78.63609	-6.78200	6.412	11.9
2020-08-06T21:00	78.65347	-6.75987	6.454	14.1
2020-08-06T21:10	78.67135	-6.73496	6.675	15.3
2020-08-06T21:20	78.68873	-6.71013	6.497	15.7
2020-08-06T21:30	78.70609	-6.68894	6.426	13.4
2020-08-06T21:40	78.72368	-6.66597	6.539	14.3
2020-08-06T21:50	78.74077	-6.64864	6.270	11.2
2020-08-06T22:00	78.75754	-6.64997	6.040	359.1
2020-08-06T22:10	78.77341	-6.62258	6.028	18.6
2020-08-06T22:20	78.79114	-6.59554	6.661	16.5
2020-08-06T22:30	78.80528	-6.58874	5.113	5.3
2020-08-06T22:40	78.82105	-6.56318	5.950	17.5
2020-08-06T22:50	78.83958	-6.53220	7.014	17.9
2020-08-06T23:00	78.85652	-6.51493	6.217	11.1
2020-08-06T23:10	78.87230	-6.50148	5.760	9.3
2020-08-06T23:20	78.88909	-6.47605	6.297	16.3
2020-08-06T23:30	78.90788	-6.44937	7.013	15.3
2020-08-06T23:40	78.92616	-6.42689	6.763	13.3
2020-08-06T23:50	78.94516	-6.40381	7.024	13.1
2020-08-07T00:00	78.96261	-6.37648	6.559	16.7
2020-08-07T00:10	78.98026	-6.34879	6.634	16.7
2020-08-07T00:20	78.99720	-6.32033	6.407	17.8
2020-08-07T00:30	79.01601	-6.30061	6.906	11.3
2020-08-07T00:40	79.03437	-6.27121	6.913	16.9
2020-08-07T00:50	79.05365	-6.25283	7.053	10.3
2020-08-07T01:00	79.07125	-6.23588	6.442	10.3
2020-08-07T01:10	79.09016	-6.20272	7.172	18.4
2020-08-07T01:20	79.10739	-6.16763	6.649	21.0
2020-08-07T01:30	79.12551	-6.14200	6.752	14.9
2020-08-07T01:40	79.14290	-6.11023	6.624	19.0
2020-08-07T01:50	79.16093	-6.07458	6.925	20.4
2020-08-07T02:00	79.17571	-6.03387	5.993	27.3
2020-08-07T02:10	79.19267	-5.99492	6.650	23.3
2020-08-07T02:20	79.21017	-5.97147	6.494	14.1
2020-08-07T02:30	79.22668	-5.96836	5.950	2.0
2020-08-07T02:40	79.24495	-5.97293	6.584	357.3
2020-08-07T02:50	79.26301	-5.95853	6.574	8.4
2020-08-07T03:00	79.27889	-5.94585	5.779	8.5
2020-08-07T03:10	79.29523	-5.95238	5.901	355.8
2020-08-07T03:20	79.31194	-5.95116	6.017	0.8
2020-08-07T03:30	79.32873	-5.95614	6.054	356.9
2020-08-07T03:40	79.34043	-5.89396	5.910	44.5
2020-08-07T03:50	79.34244	-5.87094	1.694	64.8
2020-08-07T04:00	79.35166	-5.83022	4.287	39.2
2020-08-07T04:10	79.36919	-5.79921	6.639	18.1
2020-08-07T04:20	79.38379	-5.78160	5.387	12.5
2020-08-07T04:30	79.39866	-5.75827	5.570	16.1
2020-08-07T04:40	79.41537	-5.72275	6.463	21.3
2020-08-07T04:50	79.42776	-5.65976	6.101	43.0
2020-08-07T05:00	79.44549	-5.63544	6.584	14.1
2020-08-07T05:10	79.46285	-5.60635	6.538	17.0
2020-08-07T05:20	79.48224	-5.59144	7.048	8.0
2020-08-07T05:30	79.49882	-5.56145	6.285	18.2
2020-08-07T05:40	79.51409	-5.53655	5.735	16.5
2020-08-07T05:50	79.52811	-5.50087	5.562	24.8
2020-08-07T06:00	79.53948	-5.44681	5.412	40.8
2020-08-07T06:10	79.55583	-5.41724	6.193	18.2
2020-08-07T06:20	79.55894	-5.40588	1.343	33.5
2020-08-07T06:30	79.55980	-5.39733	0.639	60.9
2020-08-07T06:40	79.56054	-5.38886	0.614	64.1
2020-08-07T06:50	79.56108	-5.38070	0.566	70.0
2020-08-07T07:00	79.56145	-5.37293	0.524	75.4
2020-08-07T07:10	79.56175	-5.36518	0.517	78.0
2020-08-07T07:20	79.56196	-5.35821	0.461	80.6
2020-08-07T07:30	79.56556	-5.31043	3.376	67.4
2020-08-07T07:40	79.56572	-5.30399	0.424	81.9
2020-08-07T07:50	79.56827	-5.27202	2.277	66.3
2020-08-07T08:00	79.58304	-5.25719	5.404	10.3
2020-08-07T08:10	79.59863	-5.22746	5.939	19.0
2020-08-07T08:20	79.60120	-5.22639	0.928	4.3
2020-08-07T08:30	79.60166	-5.22309	0.270	52.8
2020-08-07T08:40	79.60553	-5.22326	1.397	359.5
2020-08-07T08:50	79.62058	-5.17605	6.224	29.5
2020-08-07T09:00	79.63848	-5.14811	6.695	15.7
2020-08-07T09:10	79.65472	-5.14668	5.849	0.9
2020-08-07T09:20	79.66828	-5.10975	5.434	26.0
2020-08-07T09:30	79.67933	-5.09822	4.045	10.6
2020-08-07T09:40	79.69216	-5.14092	5.378	329.2
2020-08-07T09:50	79.70204	-5.19580	5.016	315.2
2020-08-07T10:00	79.71412	-5.25282	5.689	319.9
2020-08-07T10:10	79.72852	-5.29802	5.943	330.8
2020-08-07T10:20	79.74076	-5.23697	5.895	41.6
2020-08-07T10:30	79.75084	-5.17995	5.151	45.2
2020-08-07T10:40	79.75306	-5.14020	2.669	72.5
2020-08-07T10:50	79.75299	-5.14353	0.215	262.9
2020-08-07T11:00	79.75254	-5.14646	0.248	229.2
2020-08-07T11:10	79.75224	-5.14897	0.193	236.4
2020-08-07T11:20	79.76043	-5.08970	4.807	52.1
2020-08-07T11:30	79.76280	-4.99653	6.023	81.8
2020-08-07T11:40	79.76234	-4.99178	0.345	118.2
2020-08-07T11:50	79.76213	-4.99352	0.135	235.6
2020-08-07T12:00	79.76036	-4.95555	2.512	104.7
2020-08-07T12:10	79.75968	-4.95044	0.409	126.9
2020-08-07T12:20	79.75955	-4.95073	0.050	201.4
2020-08-07T12:30	79.75947	-4.95202	0.088	250.7
2020-08-07T12:40	79.75943	-4.95334	0.086	260.0
2020-08-07T12:50	79.75942	-4.95454	0.077	266.8
2020-08-07T13:00	79.75943	-4.95563	0.070	275.4
2020-08-07T13:10	79.75950	-4.95675	0.075	286.9
2020-08-07T13:20	79.75960	-4.95774	0.073	300.4
2020-08-07T13:30	79.75974	-4.95861	0.077	313.3
2020-08-07T13:40	79.75994	-4.95931	0.084	327.4
2020-08-07T13:50	79.76018	-4.95988	0.092	336.9
2020-08-07T14:00	79.76045	-4.96022	0.100	347.4
2020-08-07T14:10	79.76075	-4.96043	0.109	352.8
2020-08-07T14:20	79.76109	-4.96044	0.123	359.6
2020-08-07T14:30	79.76148	-4.96031	0.140	3.4
2020-08-07T14:40	79.76187	-4.96009	0.141	5.8
2020-08-07T14:50	79.76230	-4.95973	0.159	8.3
2020-08-07T15:00	79.76277	-4.95923	0.172	10.9
2020-08-07T15:10	79.76320	-4.95278	0.441	69.5
2020-08-07T15:20	79.76901	-4.93232	2.466	32.0
2020-08-07T15:30	79.78112	-4.92861	4.368	3.1
2020-08-07T15:40	79.78211	-4.87541	3.416	84.0
2020-08-07T15:50	79.78216	-4.84048	2.231	89.5
2020-08-07T16:00	79.77858	-4.78479	3.785	109.9
2020-08-07T16:10	79.76764	-4.75840	4.286	156.8
2020-08-07T16:20	79.76600	-4.71902	2.587	103.1
2020-08-07T16:30	79.77350	-4.66727	4.269	50.8
2020-08-07T16:40	79.78740	-4.58484	7.265	46.4
2020-08-07T16:50	79.79904	-4.51114	6.299	48.3
2020-08-07T17:00	79.80931	-4.43685	6.008	52.0
2020-08-07T17:10	79.82336	-4.40456	5.460	22.1
2020-08-07T17:20	79.83545	-4.31365	7.237	53.0
2020-08-07T17:30	79.84606	-4.27463	4.552	33.0
2020-08-07T17:40	79.85877	-4.21768	5.831	38.3
2020-08-07T17:50	79.86225	-4.17798	2.811	63.5
2020-08-07T18:00	79.87357	-4.11467	5.717	44.5
2020-08-07T18:10	79.88772	-4.03783	7.041	43.6
2020-08-07T18:20	79.90520	-3.99678	6.807	22.4
2020-08-07T18:30	79.91179	-3.92242	5.257	63.1
2020-08-07T18:40	79.92013	-3.84765	5.589	57.5
2020-08-07T18:50	79.93090	-3.80720	4.641	33.3
2020-08-07T19:00	79.93583	-3.71697	5.949	72.6
2020-08-07T19:10	79.93316	-3.61734	6.343	98.7
2020-08-07T19:20	79.93467	-3.58230	2.271	76.1
2020-08-07T19:30	79.93795	-3.58425	1.186	354.1
2020-08-07T19:40	79.93800	-3.58270	0.099	80.0
2020-08-07T19:50	79.93630	-3.57782	0.682	153.2
2020-08-07T20:00	79.92539	-3.60021	4.175	199.7
2020-08-07T20:10	79.92004	-3.59486	1.957	170.1
2020-08-07T20:20	79.91865	-3.59015	0.582	149.3
2020-08-07T20:30	79.91767	-3.58656	0.419	147.3
2020-08-07T20:40	79.91711	-3.58414	0.251	142.8
2020-08-07T20:50	79.91686	-3.58265	0.130	133.8
2020-08-07T21:00	79.91686	-3.58158	0.068	90.6
2020-08-07T21:10	79.91640	-3.57944	0.212	140.7
2020-08-07T21:20	79.91507	-3.57544	0.541	152.2
2020-08-07T21:30	79.91358	-3.57151	0.591	155.2
2020-08-07T21:40	79.91230	-3.56837	0.501	156.7
2020-08-07T21:50	79.91104	-3.56553	0.489	158.5
2020-08-07T22:00	79.90973	-3.56309	0.496	161.9
2020-08-07T22:10	79.90844	-3.56082	0.486	162.9
2020-08-07T22:20	79.90714	-3.55863	0.488	163.5
2020-08-07T22:30	79.90600	-3.55671	0.429	163.6
2020-08-07T22:40	79.90506	-3.55560	0.345	168.3
2020-08-07T22:50	79.90422	-3.55542	0.301	177.8
2020-08-07T23:00	79.90357	-3.55552	0.236	181.5
2020-08-07T23:10	79.90322	-3.55609	0.131	196.1
2020-08-07T23:20	79.90311	-3.55713	0.076	239.3
2020-08-07T23:30	79.90296	-3.55824	0.089	232.2
2020-08-07T23:40	79.90285	-3.55944	0.085	243.3
2020-08-07T23:50	79.90217	-3.55961	0.246	182.5
2020-08-08T00:00	79.90080	-3.55788	0.505	167.5
2020-08-08T00:10	79.89944	-3.55643	0.499	169.4
2020-08-08T00:20	79.89805	-3.55507	0.507	170.3
2020-08-08T00:30	79.89662	-3.55378	0.522	171.0
2020-08-08T00:40	79.89513	-3.55267	0.539	172.5
2020-08-08T00:50	79.89364	-3.55139	0.543	171.4
2020-08-08T01:00	79.89216	-3.55024	0.539	172.3
2020-08-08T01:10	79.89085	-3.54959	0.473	175.0
2020-08-08T01:20	79.88960	-3.54923	0.450	177.1
2020-08-08T01:30	79.88844	-3.54894	0.421	177.5
2020-08-08T01:40	79.88733	-3.54897	0.398	180.2
2020-08-08T01:50	79.88625	-3.54877	0.389	178.2
2020-08-08T02:00	79.88535	-3.54893	0.325	181.8
2020-08-08T02:10	79.88473	-3.54955	0.224	190.0
2020-08-08T02:20	79.88434	-3.54997	0.145	190.7
2020-08-08T02:30	79.88404	-3.55019	0.107	187.4
2020-08-08T02:40	79.88382	-3.55026	0.082	183.0
2020-08-08T02:50	79.88372	-3.55031	0.034	185.9
2020-08-08T03:00	79.88382	-3.55051	0.037	340.4
2020-08-08T03:10	79.88412	-3.55063	0.108	355.9
2020-08-08T03:20	79.88455	-3.55041	0.157	5.1
2020-08-08T03:30	79.88437	-3.55013	0.070	165.3
2020-08-08T03:40	79.88334	-3.54683	0.425	150.6
2020-08-08T03:50	79.88321	-3.54503	0.122	111.2
2020-08-08T04:00	79.88321	-3.54303	0.127	90.6
2020-08-08T04:10	79.88333	-3.54109	0.130	71.1
2020-08-08T04:20	79.88340	-3.53955	0.101	74.6
2020-08-08T04:30	79.88171	-3.53362	0.717	148.4
2020-08-08T04:40	79.88126	-3.53081	0.240	132.2
2020-08-08T04:50	79.88135	-3.52886	0.128	74.9
2020-08-08T05:00	79.88156	-3.52638	0.175	63.9
2020-08-08T05:10	79.88180	-3.52366	0.191	63.9
2020-08-08T05:20	79.88207	-3.52104	0.192	59.7
2020-08-08T05:30	79.88245	-3.51867	0.203	47.6
2020-08-08T05:40	79.88310	-3.51679	0.263	26.9
2020-08-08T05:50	79.88393	-3.51553	0.310	14.9
2020-08-08T06:00	79.88478	-3.51459	0.310	11.1
2020-08-08T06:10	79.88552	-3.51341	0.277	15.7
2020-08-08T06:20	79.88574	-3.51089	0.178	63.4
2020-08-08T06:30	79.88598	-3.50836	0.182	61.4
2020-08-08T06:40	79.88618	-3.50568	0.184	66.9
2020-08-08T06:50	79.88637	-3.50295	0.186	68.4
2020-08-08T07:00	79.88653	-3.50006	0.192	72.2
2020-08-08T07:10	79.88679	-3.49725	0.200	62.6
2020-08-08T07:20	79.88702	-3.49419	0.211	66.6
2020-08-08T07:30	79.88740	-3.49126	0.230	53.5
2020-08-08T07:40	79.88759	-3.48773	0.233	73.3
2020-08-08T07:50	79.88762	-3.48346	0.270	87.6
2020-08-08T08:00	79.88736	-3.47822	0.344	105.5
2020-08-08T08:10	79.88430	-3.47828	1.102	180.2
2020-08-08T08:20	79.88509	-3.56249	5.332	273.1
2020-08-08T08:30	79.89195	-3.64683	5.877	294.9
2020-08-08T08:40	79.89512	-3.73830	5.890	281.2
2020-08-08T08:50	79.90288	-3.79833	4.710	306.5
2020-08-08T09:00	79.90425	-3.78052	1.227	66.3
2020-08-08T09:10	79.90287	-3.77619	0.569	151.3
2020-08-08T09:20	79.90179	-3.77291	0.438	151.8
2020-08-08T09:30	79.90105	-3.77091	0.298	154.8
2020-08-08T09:40	79.90065	-3.76900	0.186	139.7
2020-08-08T09:50	79.90052	-3.76830	0.064	136.3
2020-08-08T10:00	79.90033	-3.76804	0.071	166.8
2020-08-08T10:10	79.90014	-3.76828	0.069	192.6
2020-08-08T10:20	79.90006	-3.76922	0.066	243.8
2020-08-08T10:30	79.90010	-3.77103	0.115	276.9
2020-08-08T10:40	79.89995	-3.77252	0.110	239.0
2020-08-08T10:50	79.89942	-3.77250	0.190	179.5
2020-08-08T11:00	79.89637	-3.77190	1.099	178.1
2020-08-08T11:10	79.89463	-3.77153	0.625	177.8
2020-08-08T11:20	79.89342	-3.77072	0.441	173.3
2020-08-08T11:30	79.89246	-3.77058	0.344	178.6
2020-08-08T11:40	79.89087	-3.76894	0.580	169.7
2020-08-08T11:50	79.88918	-3.76593	0.639	162.6
2020-08-08T12:00	79.88789	-3.76286	0.502	157.3
2020-08-08T12:10	79.88604	-3.75708	0.762	151.3
2020-08-08T12:20	79.88418	-3.75237	0.732	156.0
2020-08-08T12:30	79.88264	-3.74977	0.579	163.5
2020-08-08T12:40	79.88147	-3.74511	0.514	145.0
2020-08-08T12:50	79.88002	-3.74166	0.566	157.3
2020-08-08T13:00	79.87853	-3.73621	0.637	147.2
2020-08-08T13:10	79.87681	-3.73103	0.702	152.2
2020-08-08T13:20	79.87538	-3.73166	0.516	184.4
2020-08-08T13:30	79.87725	-3.74037	0.871	320.7
2020-08-08T13:40	79.88155	-3.78128	3.015	300.9
2020-08-08T13:50	79.88678	-3.82065	3.122	307.1
2020-08-08T14:00	79.89455	-3.83473	2.936	342.4
2020-08-08T14:10	79.89363	-3.82981	0.452	136.6
2020-08-08T14:20	79.89263	-3.82783	0.383	160.9
2020-08-08T14:30	79.89172	-3.82650	0.336	165.6
2020-08-08T14:40	79.89106	-3.82642	0.239	178.8
2020-08-08T14:50	79.89060	-3.82732	0.174	199.2
2020-08-08T15:00	79.89029	-3.82885	0.150	220.0
2020-08-08T15:10	79.89039	-3.83360	0.303	277.0
2020-08-08T15:20	79.89059	-3.83921	0.362	281.7
2020-08-08T15:30	79.89068	-3.84376	0.289	276.2
2020-08-08T15:40	79.89081	-3.84803	0.274	280.2
2020-08-08T15:50	79.89106	-3.85259	0.301	286.9
2020-08-08T16:00	79.89130	-3.85688	0.285	288.1
2020-08-08T16:10	79.89151	-3.86101	0.272	285.7
2020-08-08T16:20	79.89170	-3.86520	0.274	284.9
2020-08-08T16:30	79.89184	-3.86914	0.254	281.4
2020-08-08T16:40	79.89189	-3.87281	0.233	274.7
2020-08-08T16:50	79.89203	-3.87674	0.253	280.9
2020-08-08T17:00	79.89217	-3.88016	0.222	283.2
2020-08-08T17:10	79.89225	-3.88293	0.178	279.9
2020-08-08T17:20	79.89246	-3.88593	0.204	291.6
2020-08-08T17:30	79.89272	-3.88856	0.190	299.0
2020-08-08T17:40	79.89304	-3.89074	0.179	309.9
2020-08-08T17:50	79.89342	-3.89259	0.183	320.0
2020-08-08T18:00	79.89285	-3.88850	0.331	128.6
2020-08-08T18:10	79.89220	-3.88394	0.372	129.2
2020-08-08T18:20	79.89154	-3.87954	0.365	130.4
2020-08-08T18:30	79.89088	-3.87526	0.359	131.1
2020-08-08T18:40	79.89020	-3.87098	0.365	132.2
2020-08-08T18:50	79.89059	-3.83620	2.203	86.4
2020-08-08T19:00	79.90682	-3.86780	6.176	341.2
2020-08-08T19:10	79.92280	-3.92606	6.824	327.5
2020-08-08T19:20	79.93332	-4.00633	6.318	306.9
2020-08-08T19:30	79.93088	-4.00959	0.903	193.1
2020-08-08T19:40	79.92992	-4.00807	0.357	164.4
2020-08-08T19:50	79.92942	-4.01002	0.221	213.9
2020-08-08T20:00	79.92908	-4.01348	0.249	241.1
2020-08-08T20:10	79.92868	-4.01756	0.294	240.7
2020-08-08T20:20	79.92823	-4.02135	0.289	235.8
2020-08-08T20:30	79.92788	-4.02586	0.311	245.9
2020-08-08T20:40	79.92728	-4.02866	0.278	219.4
2020-08-08T20:50	79.92662	-4.03085	0.275	210.0
2020-08-08T21:00	79.92583	-4.03414	0.351	216.2
2020-08-08T21:10	79.92510	-4.03990	0.449	233.9
2020-08-08T21:20	79.92419	-4.04567	0.489	228.0
2020-08-08T21:30	79.92322	-4.05021	0.452	219.3
2020-08-08T21:40	79.92211	-4.05293	0.432	203.3
2020-08-08T21:50	79.92073	-4.05182	0.504	172.1
2020-08-08T22:00	79.91931	-4.05010	0.521	168.0
2020-08-08T22:10	79.91818	-4.05205	0.423	196.8
2020-08-08T22:20	79.91728	-4.05785	0.491	228.1
2020-08-08T22:30	79.91628	-4.06309	0.488	222.6
2020-08-08T22:40	79.91523	-4.06661	0.437	210.6
2020-08-08T22:50	79.91415	-4.06861	0.410	197.9
2020-08-08T23:00	79.91287	-4.06944	0.461	186.5
2020-08-08T23:10	79.91159	-4.07052	0.469	188.4
2020-08-08T23:20	79.91025	-4.07170	0.487	188.7
2020-08-08T23:30	79.90887	-4.07350	0.509	192.9
2020-08-08T23:40	79.90761	-4.07727	0.511	207.7
2020-08-08T23:50	79.90645	-4.08078	0.474	207.9
2020-08-09T00:00	79.90526	-4.08395	0.472	205.1
2020-08-09T00:10	79.90400	-4.08707	0.495	203.5
2020-08-09T00:20	79.90278	-4.08957	0.467	199.7
2020-08-09T00:30	79.90154	-4.09229	0.479	201.0
2020-08-09T00:40	79.90032	-4.09539	0.479	204.2
2020-08-09T00:50	79.89895	-4.09759	0.514	195.7
2020-08-09T01:00	79.89753	-4.09913	0.518	190.8
2020-08-09T01:10	79.89610	-4.10053	0.523	189.8
2020-08-09T01:20	79.89475	-4.10202	0.494	191.0
2020-08-09T01:30	79.89349	-4.10397	0.473	195.1
2020-08-09T01:40	79.89228	-4.10582	0.449	195.1
2020-08-09T01:50	79.89116	-4.10815	0.432	200.0
2020-08-09T02:00	79.89010	-4.11126	0.427	207.4
2020-08-09T02:10	79.88917	-4.11388	0.375	206.2
2020-08-09T02:20	79.88815	-4.11491	0.373	190.0
2020-08-09T02:30	79.88705	-4.11487	0.395	179.7
2020-08-09T02:40	79.88610	-4.11737	0.376	204.8
2020-08-09T02:50	79.88562	-4.12411	0.460	248.0
2020-08-09T03:00	79.88534	-4.13423	0.648	261.0
2020-08-09T03:10	79.88420	-4.14514	0.804	239.1
2020-08-09T03:20	79.88335	-4.15111	0.486	230.9
2020-08-09T03:30	79.88447	-4.16262	0.833	299.0
2020-08-09T03:40	79.88437	-4.16089	0.115	107.8
2020-08-09T03:50	79.88416	-4.16459	0.246	251.7
2020-08-09T04:00	79.88407	-4.17215	0.479	266.1
2020-08-09T04:10	79.88383	-4.17461	0.177	241.8
2020-08-09T04:20	79.88352	-4.17374	0.126	154.2
2020-08-09T04:30	79.88321	-4.17052	0.232	118.6
2020-08-09T04:40	79.88295	-4.16684	0.251	112.1
2020-08-09T04:50	79.88283	-4.16911	0.150	253.2
2020-08-09T05:00	79.88294	-4.17600	0.437	275.2
2020-08-09T05:10	79.88312	-4.18455	0.545	277.0
2020-08-09T05:20	79.88323	-4.19148	0.440	275.0
2020-08-09T05:30	79.88332	-4.19938	0.501	273.9
2020-08-09T05:40	79.88338	-4.20674	0.466	272.5
2020-08-09T05:50	79.88327	-4.21067	0.252	261.2
2020-08-09T06:00	79.88329	-4.21742	0.427	270.9
2020-08-09T06:10	79.88326	-4.22407	0.420	268.2
2020-08-09T06:20	79.88316	-4.23049	0.408	265.2
2020-08-09T06:30	79.88289	-4.23214	0.144	226.4
2020-08-09T06:40	79.88242	-4.22888	0.266	129.2
2020-08-09T06:50	79.88192	-4.22646	0.235	139.3
2020-08-09T07:00	79.88150	-4.23112	0.331	242.8
2020-08-09T07:10	79.88173	-4.23126	0.083	353.7
2020-08-09T07:20	79.88200	-4.22972	0.136	45.8
2020-08-09T07:30	79.88169	-4.23436	0.313	249.6
2020-08-09T07:40	79.88109	-4.23956	0.394	236.6
2020-08-09T07:50	79.88048	-4.24330	0.322	227.2
2020-08-09T08:00	79.88059	-4.26688	1.493	271.5
2020-08-09T08:10	79.88685	-4.36745	6.748	289.6
2020-08-09T08:20	79.89311	-4.47051	6.893	289.1
2020-08-09T08:30	79.89340	-4.55845	5.557	271.1
2020-08-09T08:40	79.88922	-4.57436	1.812	213.7
2020-08-09T08:50	79.88839	-4.57899	0.416	224.6
2020-08-09T09:00	79.88763	-4.58717	0.585	242.1
2020-08-09T09:10	79.88734	-4.59216	0.333	251.2
2020-08-09T09:20	79.88689	-4.59853	0.434	248.0
2020-08-09T09:30	79.88648	-4.60490	0.429	250.1
2020-08-09T09:40	79.88597	-4.61100	0.427	244.4
2020-08-09T09:50	79.88560	-4.61755	0.434	252.6
2020-08-09T10:00	79.88509	-4.62229	0.352	238.3
2020-08-09T10:10	79.88437	-4.62547	0.329	217.6
2020-08-09T10:20	79.88340	-4.62831	0.393	207.2
2020-08-09T10:30	79.88246	-4.63346	0.467	224.1
2020-08-09T10:40	79.88180	-4.63819	0.382	231.6
2020-08-09T10:50	79.88144	-4.63906	0.141	202.9
2020-08-09T11:00	79.88145	-4.63561	0.218	88.7
2020-08-09T11:10	79.88146	-4.63610	0.031	276.6
2020-08-09T11:20	79.88121	-4.64151	0.354	255.2
2020-08-09T11:30	79.88118	-4.64403	0.160	265.2
2020-08-09T11:40	79.88085	-4.64600	0.171	226.7
2020-08-09T11:50	79.88043	-4.65080	0.339	243.5
2020-08-09T12:00	79.88058	-4.65754	0.430	277.1
2020-08-09T12:10	79.88080	-4.66329	0.372	282.4
2020-08-09T12:20	79.88121	-4.66801	0.334	296.4
2020-08-09T12:30	79.88231	-4.68630	1.223	288.9
2020-08-09T12:40	79.88303	-4.70941	1.485	280.1
2020-08-09T12:50	79.88326	-4.71765	0.527	279.0
2020-08-09T13:00	79.88337	-4.72597	0.528	274.2
2020-08-09T13:10	79.88322	-4.72945	0.227	255.9
2020-08-09T13:20	79.88323	-4.73447	0.317	271.0
2020-08-09T13:30	79.88302	-4.74222	0.496	261.1
2020-08-09T13:40	79.88214	-4.74458	0.352	205.2
2020-08-09T13:50	79.88136	-4.74847	0.373	221.3
2020-08-09T14:00	79.88118	-4.75696	0.541	263.0
2020-08-09T14:10	79.88118	-4.76742	0.662	270.0
2020-08-09T14:20	79.88115	-4.77677	0.591	269.0
2020-08-09T14:30	79.88108	-4.78636	0.607	267.6
2020-08-09T14:40	79.88105	-4.79599	0.609	269.0
2020-08-09T14:50	79.88091	-4.80152	0.353	262.3
2020-08-09T15:00	79.88069	-4.80366	0.158	239.1
2020-08-09T15:10	79.88017	-4.80176	0.222	147.1
2020-08-09T15:20	79.87970	-4.80142	0.172	172.8
2020-08-09T15:30	79.87938	-4.80515	0.262	244.1
2020-08-09T15:40	79.87936	-4.81326	0.514	269.1
2020-08-09T15:50	79.87940	-4.82505	0.746	271.1
2020-08-09T16:00	79.87937	-4.83428	0.584	269.0
2020-08-09T16:10	79.87940	-4.84326	0.568	271.4
2020-08-09T16:20	79.87913	-4.85107	0.504	258.8
2020-08-09T16:30	79.87901	-4.85662	0.354	262.5
2020-08-09T16:40	79.87892	-4.86678	0.643	267.4
2020-08-09T16:50	79.87878	-4.87242	0.360	261.6
2020-08-09T17:00	79.87848	-4.87306	0.113	200.9
2020-08-09T17:10	79.87798	-4.87095	0.225	143.6
2020-08-09T17:20	79.87753	-4.86759	0.267	127.2
2020-08-09T17:30	79.87734	-4.87009	0.173	246.1
2020-08-09T17:40	79.87747	-4.87754	0.474	275.6
2020-08-09T17:50	79.87767	-4.89052	0.824	275.2
2020-08-09T18:00	79.87792	-4.90363	0.835	276.1
2020-08-09T18:10	79.87814	-4.91230	0.554	278.1
2020-08-09T18:20	79.87843	-4.91795	0.373	286.1
2020-08-09T18:30	79.87765	-4.92048	0.322	209.8
2020-08-09T18:40	79.87691	-4.92945	0.627	244.8
2020-08-09T18:50	79.87688	-4.94975	1.285	269.6
2020-08-09T19:00	79.87665	-4.96623	1.046	265.5
2020-08-09T19:10	79.87648	-4.97888	0.803	265.5
2020-08-09T19:20	79.87645	-4.99612	1.091	269.6
2020-08-09T19:30	79.87646	-5.02019	1.523	270.2
2020-08-09T19:40	79.87667	-5.04426	1.525	272.8
2020-08-09T19:50	79.87736	-5.05681	0.832	287.3
2020-08-09T20:00	79.87798	-5.06252	0.425	301.9
2020-08-09T20:10	79.87833	-5.07787	0.979	277.4
2020-08-09T20:20	79.87843	-5.09197	0.893	272.4
2020-08-09T20:30	79.87881	-5.09536	0.254	302.2
2020-08-09T20:40	79.87868	-5.10270	0.467	264.4
2020-08-09T20:50	79.87842	-5.10871	0.393	255.9
2020-08-09T21:00	79.87846	-5.11753	0.558	271.5
2020-08-09T21:10	79.87880	-5.12817	0.684	280.5
2020-08-09T21:20	79.87898	-5.13998	0.750	274.9
2020-08-09T21:30	79.87870	-5.15448	0.923	263.7
2020-08-09T21:40	79.87853	-5.17440	1.262	267.2
2020-08-09T21:50	79.87896	-5.19200	1.124	278.0
2020-08-09T22:00	79.87918	-5.20453	0.797	275.6
2020-08-09T22:10	79.87927	-5.21492	0.659	272.8
2020-08-09T22:20	79.87926	-5.22558	0.674	269.6
2020-08-09T22:30	79.87924	-5.23657	0.696	269.4
2020-08-09T22:40	79.87914	-5.24684	0.651	267.1
2020-08-09T22:50	79.87886	-5.25774	0.697	261.4
2020-08-09T23:00	79.87867	-5.26789	0.646	264.0
2020-08-09T23:10	79.87844	-5.27802	0.646	262.8
2020-08-09T23:20	79.87836	-5.28377	0.365	265.3
2020-08-09T23:30	79.87863	-5.28239	0.131	41.9
2020-08-09T23:40	79.87941	-5.27967	0.328	31.6
2020-08-09T23:50	79.88037	-5.27898	0.348	7.2
2020-08-10T00:00	79.88121	-5.27934	0.304	355.7
2020-08-10T00:10	79.88180	-5.28109	0.240	332.5
2020-08-10T00:20	79.88244	-5.28232	0.244	341.5
2020-08-10T00:30	79.88337	-5.28281	0.334	354.7
2020-08-10T00:40	79.88426	-5.28262	0.324	2.2
2020-08-10T00:50	79.88510	-5.28191	0.303	8.5
2020-08-10T01:00	79.88564	-5.28676	0.364	302.5
2020-08-10T01:10	79.88614	-5.28948	0.248	316.1
2020-08-10T01:20	79.88695	-5.29091	0.307	342.9
2020-08-10T01:30	79.88786	-5.29279	0.348	340.0
2020-08-10T01:40	79.88905	-5.29469	0.446	344.3
2020-08-10T01:50	79.89076	-5.29741	0.640	344.4
2020-08-10T02:00	79.89228	-5.29923	0.559	348.1
2020-08-10T02:10	79.89415	-5.30164	0.690	347.3
2020-08-10T02:20	79.89592	-5.30331	0.644	350.6
2020-08-10T02:30	79.89775	-5.30477	0.665	352.0
2020-08-10T02:40	79.89947	-5.30589	0.625	353.5
2020-08-10T02:50	79.90117	-5.30663	0.613	355.6
2020-08-10T03:00	79.90288	-5.30717	0.619	356.9
2020-08-10T03:10	79.90450	-5.30730	0.583	359.2
2020-08-10T03:20	79.90533	-5.30659	0.300	8.5
2020-08-10T03:30	79.90593	-5.30589	0.220	11.6
2020-08-10T03:40	79.90626	-5.30431	0.156	39.6
2020-08-10T03:50	79.90648	-5.30358	0.092	30.1
2020-08-10T04:00	79.90694	-5.30386	0.167	354.0
2020-08-10T04:10	79.90744	-5.30495	0.191	338.9
2020-08-10T04:20	79.90784	-5.30610	0.162	333.4
2020-08-10T04:30	79.90817	-5.30700	0.134	334.7
2020-08-10T04:40	79.90847	-5.30789	0.119	331.9
2020-08-10T04:50	79.90859	-5.30833	0.052	327.9
2020-08-10T05:00	79.90862	-5.30865	0.024	302.8
2020-08-10T05:10	79.90862	-5.30905	0.025	269.1
2020-08-10T05:20	79.90856	-5.30949	0.035	231.6
2020-08-10T05:30	79.90840	-5.30965	0.061	189.9
2020-08-10T05:40	79.90805	-5.30949	0.126	175.5
2020-08-10T05:50	79.90772	-5.30943	0.116	178.0
2020-08-10T06:00	79.90733	-5.30960	0.142	184.4
2020-08-10T06:10	79.90685	-5.30928	0.173	173.2
2020-08-10T06:20	79.90639	-5.30867	0.172	167.0
2020-08-10T06:30	79.90595	-5.30855	0.157	177.2
2020-08-10T06:40	79.90552	-5.30946	0.165	200.4
2020-08-10T06:50	79.90530	-5.31143	0.148	237.3
2020-08-10T07:00	79.90508	-5.31383	0.172	242.2
2020-08-10T07:10	79.90582	-5.29589	1.163	76.8
2020-08-10T07:20	79.90973	-5.31175	1.729	324.7
2020-08-10T07:30	79.91132	-5.34918	2.429	283.6
2020-08-10T07:40	79.90980	-5.40529	3.581	261.2
2020-08-10T07:50	79.90391	-5.42818	2.565	214.3
2020-08-10T08:00	79.90176	-5.41641	1.075	136.2
2020-08-10T08:10	79.90220	-5.41744	0.172	337.6
2020-08-10T08:20	79.90215	-5.42265	0.329	267.2
2020-08-10T08:30	79.90235	-5.42594	0.220	289.2
2020-08-10T08:40	79.90236	-5.42875	0.178	270.4
2020-08-10T08:50	79.90204	-5.43289	0.285	246.5
2020-08-10T09:00	79.90183	-5.43774	0.315	256.2
2020-08-10T09:10	79.90173	-5.44271	0.316	263.0
2020-08-10T09:20	79.90161	-5.44765	0.315	262.0
2020-08-10T09:30	79.90144	-5.45327	0.360	260.5
2020-08-10T09:40	79.90122	-5.45798	0.308	254.9
2020-08-10T09:50	79.90120	-5.46140	0.216	268.4
2020-08-10T10:00	79.90130	-5.46415	0.177	281.2
2020-08-10T10:10	79.90147	-5.46822	0.264	283.5
2020-08-10T10:20	79.90170	-5.47267	0.294	286.9
2020-08-10T10:30	79.90193	-5.47603	0.227	290.7
2020-08-10T10:40	79.90214	-5.48023	0.276	286.2
2020-08-10T10:50	79.90233	-5.48552	0.341	281.5
2020-08-10T11:00	79.90253	-5.48980	0.279	284.8
2020-08-10T11:10	79.90283	-5.49273	0.215	300.6
2020-08-10T11:20	79.90314	-5.49561	0.213	301.4
2020-08-10T11:30	79.90336	-5.49863	0.207	293.0
2020-08-10T11:40	79.90371	-5.50200	0.247	300.7
2020-08-10T11:50	79.90431	-5.50654	0.359	306.9
2020-08-10T12:00	79.90477	-5.51050	0.299	303.2
2020-08-10T12:10	79.90537	-5.51331	0.280	320.7
2020-08-10T12:20	79.90607	-5.51625	0.313	323.6
2020-08-10T12:30	79.90663	-5.51920	0.273	317.1
2020-08-10T12:40	79.90714	-5.52136	0.231	323.9
2020-08-10T12:50	79.90756	-5.52331	0.194	320.6
2020-08-10T13:00	79.90792	-5.52519	0.176	317.6
2020-08-10T13:10	79.90827	-5.52708	0.174	316.7
2020-08-10T13:20	79.90860	-5.52920	0.178	311.5
2020-08-10T13:30	79.90900	-5.53139	0.199	316.1
2020-08-10T13:40	79.90944	-5.53333	0.200	322.3
2020-08-10T13:50	79.90986	-5.53499	0.182	324.9
2020-08-10T14:00	79.91026	-5.53603	0.159	335.7
2020-08-10T14:10	79.91064	-5.53643	0.140	349.6
2020-08-10T14:20	79.91106	-5.53601	0.154	9.8
2020-08-10T14:30	79.91149	-5.53538	0.160	14.5
2020-08-10T14:40	79.91196	-5.53513	0.169	5.4
2020-08-10T14:50	79.91240	-5.53714	0.202	321.1
2020-08-10T15:00	79.91290	-5.53912	0.218	325.3
2020-08-10T15:10	79.91353	-5.53965	0.229	351.6
2020-08-10T15:20	79.91416	-5.53985	0.230	356.8
2020-08-10T15:30	79.91471	-5.54042	0.200	349.6
2020-08-10T15:40	79.91534	-5.54018	0.229	3.8
2020-08-10T15:50	79.91607	-5.53993	0.263	3.5
2020-08-10T16:00	79.91682	-5.54026	0.269	355.6
2020-08-10T16:10	79.91752	-5.54090	0.258	351.1
2020-08-10T16:20	79.91822	-5.54205	0.262	343.8
2020-08-10T16:30	79.91885	-5.54196	0.227	1.6
2020-08-10T16:40	79.91943	-5.54108	0.214	15.0
2020-08-10T16:50	79.91985	-5.53951	0.180	33.4
2020-08-10T17:00	79.92011	-5.53692	0.188	60.2
2020-08-10T17:10	79.92029	-5.53360	0.219	72.8
2020-08-10T17:20	79.92045	-5.52986	0.243	75.9
2020-08-10T17:30	79.92051	-5.52801	0.118	79.8
2020-08-10T17:40	79.92047	-5.52683	0.076	101.2
2020-08-10T17:50	79.92020	-5.52569	0.119	142.9
2020-08-10T18:00	79.91998	-5.52471	0.103	143.1
2020-08-10T18:10	79.91982	-5.52388	0.076	136.2
2020-08-10T18:20	79.91968	-5.52331	0.062	144.7
2020-08-10T18:30	79.91958	-5.52271	0.052	134.1
2020-08-10T18:40	79.91947	-5.52258	0.041	168.1
2020-08-10T18:50	79.91932	-5.52288	0.056	200.1
2020-08-10T19:00	79.91924	-5.52256	0.038	147.4
2020-08-10T19:10	79.91937	-5.52269	0.050	350.6
2020-08-10T19:20	79.91954	-5.52318	0.066	332.3
2020-08-10T19:30	79.91971	-5.52262	0.073	29.0
2020-08-10T19:40	79.91978	-5.52024	0.152	80.8
2020-08-10T19:50	79.91964	-5.51777	0.164	108.1
2020-08-10T20:00	79.91947	-5.51653	0.099	128.1
2020-08-10T20:10	79.91931	-5.51676	0.061	193.2
2020-08-10T20:20	79.91923	-5.51778	0.070	248.3
2020-08-10T20:30	79.91931	-5.51985	0.132	281.3
2020-08-10T20:40	79.91938	-5.52198	0.137	281.3
2020-08-10T20:50	79.91947	-5.52340	0.095	290.8
2020-08-10T21:00	79.91954	-5.52436	0.065	291.5
2020-08-10T21:10	79.91953	-5.52516	0.051	266.2
2020-08-10T21:20	79.91944	-5.52627	0.077	245.9
2020-08-10T21:30	79.91948	-5.52699	0.047	284.1
2020-08-10T21:40	79.91984	-5.52786	0.143	337.4
2020-08-10T21:50	79.92010	-5.52977	0.153	308.1
2020-08-10T22:00	79.92036	-5.53225	0.182	300.8
2020-08-10T22:10	79.92070	-5.53449	0.185	310.6
2020-08-10T22:20	79.92105	-5.53704	0.204	308.1
2020-08-10T22:30	79.92140	-5.53947	0.199	309.8
2020-08-10T22:40	79.92170	-5.54139	0.161	311.3
2020-08-10T22:50	79.92192	-5.54290	0.124	310.0
2020-08-10T23:00	79.92217	-5.54455	0.138	310.8
2020-08-10T23:10	79.92241	-5.54653	0.151	304.8
2020-08-10T23:20	79.92272	-5.54928	0.207	303.0
2020-08-10T23:30	79.92314	-5.55289	0.273	303.6
2020-08-10T23:40	79.92359	-5.55704	0.308	301.8
2020-08-10T23:50	79.92408	-5.56096	0.303	305.4
2020-08-11T00:00	79.92466	-5.56442	0.303	314.0
2020-08-11T00:10	79.92519	-5.56726	0.260	316.5
2020-08-11T00:20	79.92562	-5.56985	0.226	313.9
2020-08-11T00:30	79.92597	-5.57240	0.204	308.1
2020-08-11T00:40	79.92633	-5.57528	0.223	305.7
2020-08-11T00:50	79.92671	-5.57789	0.213	309.4
2020-08-11T01:00	79.92718	-5.58095	0.257	311.6
2020-08-11T01:10	79.92774	-5.58409	0.283	315.6
2020-08-11T01:20	79.92842	-5.58763	0.330	317.5
2020-08-11T01:30	79.92910	-5.59134	0.338	316.3
2020-08-11T01:40	79.92969	-5.59550	0.337	309.1
2020-08-11T01:50	79.93038	-5.60006	0.381	311.0
2020-08-11T02:00	79.93112	-5.60444	0.383	314.0
2020-08-11T02:10	79.93194	-5.60886	0.407	316.9
2020-08-11T02:20	79.93281	-5.61297	0.406	320.4
2020-08-11T02:30	79.93369	-5.61690	0.401	321.9
2020-08-11T02:40	79.93465	-5.62034	0.408	327.9
2020-08-11T02:50	79.93571	-5.62314	0.422	335.3
2020-08-11T03:00	79.93692	-5.62478	0.446	346.6
2020-08-11T03:10	79.93816	-5.62483	0.446	359.6
2020-08-11T03:20	79.93938	-5.62440	0.440	3.5
2020-08-11T03:30	79.94039	-5.62517	0.367	352.4
2020-08-11T03:40	79.94138	-5.62690	0.372	342.9
2020-08-11T03:50	79.94231	-5.62874	0.355	341.1
2020-08-11T04:00	79.94318	-5.63039	0.329	341.6
2020-08-11T04:10	79.94402	-5.63205	0.320	341.0
2020-08-11T04:20	79.94476	-5.63326	0.280	344.2
2020-08-11T04:30	79.94535	-5.63423	0.221	343.9
2020-08-11T04:40	79.94593	-5.63550	0.222	338.9
2020-08-11T04:50	79.94653	-5.63665	0.227	341.5
2020-08-11T05:00	79.94715	-5.63773	0.235	343.1
2020-08-11T05:10	79.94782	-5.63906	0.257	341.0
2020-08-11T05:20	79.94848	-5.64078	0.261	335.6
2020-08-11T05:30	79.94911	-5.64244	0.248	335.1
2020-08-11T05:40	79.94966	-5.64403	0.221	333.1
2020-08-11T05:50	79.95022	-5.64553	0.225	335.2
2020-08-11T06:00	79.95079	-5.64690	0.221	337.2
2020-08-11T06:10	79.95133	-5.64845	0.218	333.5
2020-08-11T06:20	79.95183	-5.65035	0.216	326.4
2020-08-11T06:30	79.95228	-5.65232	0.203	322.5
2020-08-11T06:40	79.95270	-5.65406	0.188	324.4
2020-08-11T06:50	79.95308	-5.65562	0.167	324.2
2020-08-11T07:00	79.95344	-5.65701	0.157	326.3
2020-08-11T07:10	79.95372	-5.65834	0.131	320.3
2020-08-11T07:20	79.95401	-5.65974	0.135	319.7
2020-08-11T07:30	79.95426	-5.66094	0.118	320.1
2020-08-11T07:40	79.95450	-5.66187	0.103	325.6
2020-08-11T07:50	79.95468	-5.66262	0.083	324.9
2020-08-11T08:00	79.95485	-5.66326	0.073	327.0
2020-08-11T08:10	79.95501	-5.66409	0.076	316.7
2020-08-11T08:20	79.95509	-5.66530	0.081	290.1
2020-08-11T08:30	79.95516	-5.66709	0.116	283.4
2020-08-11T08:40	79.95527	-5.66955	0.160	284.7
2020-08-11T08:50	79.95527	-5.67304	0.219	270.1
2020-08-11T09:00	79.95506	-5.67763	0.298	255.4
2020-08-11T09:10	79.95488	-5.68306	0.348	258.9
2020-08-11T09:20	79.95475	-5.68961	0.414	263.7
2020-08-11T09:30	79.95474	-5.69699	0.463	269.4
2020-08-11T09:40	79.95476	-5.70420	0.453	270.9
2020-08-11T09:50	79.95478	-5.71174	0.474	270.8
2020-08-11T10:00	79.95482	-5.71878	0.443	272.0
2020-08-11T10:10	79.95480	-5.72566	0.432	269.2
2020-08-11T10:20	79.95485	-5.73252	0.431	272.0
2020-08-11T10:30	79.95494	-5.73953	0.441	274.3
2020-08-11T10:40	79.95518	-5.74690	0.471	280.6
2020-08-11T10:50	79.95557	-5.75478	0.515	285.9
2020-08-11T11:00	79.95608	-5.76325	0.563	289.2
2020-08-11T11:10	79.95663	-5.77234	0.604	289.0
2020-08-11T11:20	79.95720	-5.78122	0.594	290.1
2020-08-11T11:30	79.95778	-5.78836	0.495	295.0
2020-08-11T11:40	79.95850	-5.79481	0.481	302.7
2020-08-11T11:50	79.95929	-5.80127	0.495	304.9
2020-08-11T12:00	79.96011	-5.80783	0.508	305.9
2020-08-11T12:10	79.96093	-5.81414	0.493	306.5
2020-08-11T12:20	79.96178	-5.82027	0.491	308.4
2020-08-11T12:30	79.96265	-5.82621	0.488	310.2
2020-08-11T12:40	79.96359	-5.83223	0.508	311.9
2020-08-11T12:50	79.96457	-5.83786	0.498	314.9
2020-08-11T13:00	79.96563	-5.84352	0.521	317.0
2020-08-11T13:10	79.96680	-5.84950	0.567	318.5
2020-08-11T13:20	79.96813	-5.85531	0.601	322.7
2020-08-11T13:30	79.96942	-5.86140	0.600	320.4
2020-08-11T13:40	79.97055	-5.86761	0.565	316.5
2020-08-11T13:50	79.97156	-5.87335	0.511	315.2
2020-08-11T14:00	79.97255	-5.87833	0.473	318.7
2020-08-11T14:10	79.97365	-5.88252	0.477	326.5
2020-08-11T14:20	79.97486	-5.88629	0.494	331.5
2020-08-11T14:30	79.97610	-5.88904	0.478	338.8
2020-08-11T14:40	79.97725	-5.89120	0.437	342.0
2020-08-11T14:50	79.97838	-5.89292	0.420	345.1
2020-08-11T15:00	79.97950	-5.89427	0.412	348.2
2020-08-11T15:10	79.98056	-5.89519	0.388	351.5
2020-08-11T15:20	79.98150	-5.89607	0.342	350.7
2020-08-11T15:30	79.98243	-5.89623	0.333	358.3
2020-08-11T15:40	79.98338	-5.89592	0.343	3.2
2020-08-11T15:50	79.98438	-5.89497	0.366	9.3
2020-08-11T16:00	79.98533	-5.89410	0.347	9.1
2020-08-11T16:10	79.98626	-5.89366	0.333	4.7
2020-08-11T16:20	79.98715	-5.89273	0.325	10.4
2020-08-11T16:30	79.98799	-5.89110	0.322	18.5
2020-08-11T16:40	79.98876	-5.88935	0.297	21.6
2020-08-11T16:50	79.98949	-5.88780	0.279	20.3
2020-08-11T17:00	79.99022	-5.88588	0.289	24.6
2020-08-11T17:10	79.99090	-5.88392	0.276	26.4
2020-08-11T17:20	79.99153	-5.88181	0.262	30.2
2020-08-11T17:30	79.99215	-5.87916	0.278	36.5
2020-08-11T17:40	79.99266	-5.87674	0.238	39.5
2020-08-11T17:50	79.99310	-5.87494	0.193	35.6
2020-08-11T18:00	79.99351	-5.87405	0.159	20.6
2020-08-11T18:10	79.99382	-5.87397	0.111	2.5
2020-08-11T18:20	79.99403	-5.87429	0.076	345.0
2020-08-11T18:30	79.99428	-5.87464	0.095	346.3
2020-08-11T18:40	79.99462	-5.87547	0.131	336.9
2020-08-11T18:50	79.99490	-5.87635	0.114	331.3
2020-08-11T19:00	79.99506	-5.87644	0.060	354.5
2020-08-11T19:10	79.99543	-5.87652	0.134	357.8
2020-08-11T19:20	79.99600	-5.87669	0.203	356.9
2020-08-11T19:30	79.99638	-5.87603	0.144	16.7
2020-08-11T19:40	79.99661	-5.87473	0.116	44.8
2020-08-11T19:50	79.99667	-5.87417	0.041	58.8
2020-08-11T20:00	79.99674	-5.87542	0.083	289.0
2020-08-11T20:10	79.99684	-5.87756	0.138	284.3
2020-08-11T20:20	79.99695	-5.88109	0.225	280.6
2020-08-11T20:30	79.99707	-5.88581	0.298	278.0
2020-08-11T20:40	79.99704	-5.89103	0.327	268.4
2020-08-11T20:50	79.99707	-5.89579	0.298	271.8
2020-08-11T21:00	79.99726	-5.90080	0.321	282.4
2020-08-11T21:10	79.99763	-5.90549	0.322	294.2
2020-08-11T21:20	79.99805	-5.90951	0.294	301.1
2020-08-11T21:30	79.99834	-5.91449	0.329	288.9
2020-08-11T21:40	79.99870	-5.91963	0.346	291.9
2020-08-11T21:50	79.99906	-5.92457	0.335	292.8
2020-08-11T22:00	79.99951	-5.92947	0.346	297.7
2020-08-11T22:10	80.00005	-5.93419	0.352	303.3
2020-08-11T22:20	80.00066	-5.93911	0.379	305.7
2020-08-11T22:30	80.00141	-5.94409	0.412	310.9
2020-08-11T22:40	80.00217	-5.94955	0.438	308.7
2020-08-11T22:50	80.00299	-5.95509	0.454	310.4
2020-08-11T23:00	80.00382	-5.96091	0.472	309.5
2020-08-11T23:10	80.00473	-5.96652	0.479	313.0
2020-08-11T23:20	80.00571	-5.97213	0.496	315.0
2020-08-11T23:30	80.00668	-5.97782	0.500	314.7
2020-08-11T23:40	80.00759	-5.98388	0.499	310.7
2020-08-11T23:50	80.00841	-5.99016	0.492	307.2
2020-08-12T00:00	80.00922	-5.99646	0.489	306.4
2020-08-12T00:10	80.01026	-6.00201	0.509	317.1
2020-08-12T00:20	80.01150	-6.00728	0.557	323.7
2020-08-12T00:30	80.01265	-6.01180	0.500	325.6
2020-08-12T00:40	80.01376	-6.01610	0.481	326.0
2020-08-12T00:50	80.01487	-6.02066	0.492	324.6
2020-08-12T01:00	80.01592	-6.02572	0.492	320.1
2020-08-12T01:10	80.01699	-6.03033	0.481	323.2
2020-08-12T01:20	80.01823	-6.03410	0.507	332.4
2020-08-12T01:30	80.01955	-6.03668	0.501	341.2
2020-08-12T01:40	80.02085	-6.03848	0.482	346.6
2020-08-12T01:50	80.02168	-6.03974	0.309	345.3
2020-08-12T02:00	80.02228	-6.04056	0.222	346.6
2020-08-12T02:10	80.02283	-6.04084	0.197	354.8
2020-08-12T02:20	80.02335	-6.04068	0.189	3.1
2020-08-12T02:30	80.02383	-6.04035	0.176	6.8
2020-08-12T02:40	80.02433	-6.03988	0.179	9.3
2020-08-12T02:50	80.02477	-6.03947	0.161	9.0
2020-08-12T03:00	80.02525	-6.03916	0.175	6.4
2020-08-12T03:10	80.02575	-6.03904	0.180	2.3
2020-08-12T03:20	80.02631	-6.03887	0.201	3.0
2020-08-12T03:30	80.02689	-6.03870	0.211	3.0
2020-08-12T03:40	80.02748	-6.03865	0.213	0.8
2020-08-12T03:50	80.02806	-6.03877	0.207	357.8
2020-08-12T04:00	80.02860	-6.03920	0.198	352.2
2020-08-12T04:10	80.02911	-6.03998	0.190	345.3
2020-08-12T04:20	80.02964	-6.04077	0.195	345.4
2020-08-12T04:30	80.03019	-6.04216	0.216	336.4
2020-08-12T04:40	80.03077	-6.04422	0.245	328.4
2020-08-12T04:50	80.03131	-6.04566	0.214	335.2
2020-08-12T05:00	80.03186	-6.04674	0.211	341.5
2020-08-12T05:10	80.03242	-6.04758	0.205	345.3
2020-08-12T05:20	80.03299	-6.04835	0.211	346.8
2020-08-12T05:30	80.03357	-6.04939	0.221	342.9
2020-08-12T05:40	80.03428	-6.05034	0.261	346.9
2020-08-12T05:50	80.03498	-6.05145	0.261	344.7
2020-08-12T06:00	80.03570	-6.05255	0.268	345.1
2020-08-12T06:10	80.03633	-6.05452	0.260	331.8
2020-08-12T06:20	80.03703	-6.05713	0.298	326.9
2020-08-12T06:30	80.03763	-6.05966	0.269	324.2
2020-08-12T06:40	80.03828	-6.06259	0.295	321.8
2020-08-12T06:50	80.03887	-6.06585	0.295	316.4
2020-08-12T07:00	80.03948	-6.06815	0.264	327.1
2020-08-12T07:10	80.04042	-6.07237	0.427	322.0
2020-08-12T07:20	80.04142	-6.07755	0.483	318.2
2020-08-12T07:30	80.04249	-6.08211	0.479	323.7
2020-08-12T07:40	80.04371	-6.08652	0.518	328.0
2020-08-12T07:50	80.04497	-6.09243	0.584	321.0
2020-08-12T08:00	80.04608	-6.09824	0.538	317.7
2020-08-12T08:10	80.04716	-6.10259	0.476	325.4
2020-08-12T08:20	80.04836	-6.10650	0.495	330.5
2020-08-12T08:30	80.04962	-6.11011	0.506	333.6
2020-08-12T08:40	80.05088	-6.11393	0.513	332.4
2020-08-12T08:50	80.05220	-6.11580	0.490	346.3
2020-08-12T09:00	80.05359	-6.11685	0.503	352.6
2020-08-12T09:10	80.05505	-6.11785	0.529	353.2
2020-08-12T09:20	80.05647	-6.11907	0.516	351.6
2020-08-12T09:30	80.05820	-6.12053	0.630	351.7
2020-08-12T09:40	80.06013	-6.12153	0.698	354.9
2020-08-12T09:50	80.06159	-6.12291	0.532	350.7
2020-08-12T09:59	80.06292	-6.12625	0.537	336.7
